date,gold_close,mm_net_percentile_52w,mm_net_percentile_104w,mm_net_percentile_156w,mm_net_percentile_260w,mm_net_percentile_full_history,producer_net_percentile_52w,producer_net_percentile_104w,producer_net_percentile_156w,producer_net_percentile_260w,producer_net_percentile_full_history,oi_percentile_52w,oi_percentile_104w,oi_percentile_156w,oi_percentile_260w,oi_percentile_full_history,mm_net_zscore_52w,mm_net_zscore_104w,mm_net_zscore_156w,mm_net_zscore_260w,producer_net_zscore_52w,producer_net_zscore_104w,producer_net_zscore_156w,producer_net_zscore_260w,oi_zscore_52w,oi_zscore_104w,oi_zscore_156w,oi_zscore_260w,gold_return_1w,gold_return_2w,gold_return_4w,gold_return_8w
2009-09-01,954.7000122070312,,,,,0.7025171624713958,,,,,0.2929061784897025,,,,,0.05606407322654462,,,,,,,,,,,,,0.045249828904017075,0.05268669440643192,0.04022202041260603,0.08379589184240555
2009-09-08,997.9000244140624,,,,,0.8421052631578947,,,,,0.05148741418764302,,,,,0.3718535469107552,,,,,,,,,,,,,0.007114916737382071,0.016334289401926494,0.04078559993599851,0.08658184417301129
2009-09-15,1005.0,,,,,0.897025171624714,,,,,0.03775743707093822,,,,,0.45423340961098396,,,,,,,,,,,,,0.009154241002021113,-0.011840820312499889,0.05890542405161692,0.09532343166977619
2009-09-22,1014.2000122070312,,,,,0.9016018306636155,,,,,0.05835240274599542,,,,,0.4496567505720824,,,,,,,,,,,,,-0.02080461089245822,0.024058334732030673,0.042989584003469306,0.1228554872031089
2009-09-29,993.0999755859376,,,,,0.8672768878718535,,,,,0.08810068649885583,,,,,0.38558352402745993,,,,,,,,,,,,,0.04581613243234095,0.07159397576662685,0.04188901078302121,0.17359785384381343
2009-10-06,1038.5999755859375,,,,,0.9187643020594966,,,,,0.06292906178489703,,,,,0.5423340961098398,,,,,,,,,,,,,0.024648542449170474,0.01848649498701893,0.04400161208978015,0.15453495452804367
2009-10-13,1064.199951171875,,,,,0.9679633867276888,,,,,0.016018306636155607,,,,,0.6556064073226545,,,,,,,,,,,,,-0.006013815671296108,-0.027720354588923968,0.03439212491594912,0.07385839246628145
2009-10-20,1057.800048828125,,,,,0.9691075514874142,,,,,0.019450800915331808,,,,,0.6922196796338673,,,,,,,,,,,,,-0.02183786782940811,0.025051993549591645,0.0765740180195067,0.06107011968613918
2009-10-27,1034.699951171875,,,,,0.9256292906178489,,,,,0.05491990846681922,,,,,0.6155606407322655,,,,,,,,,,,,,0.04793669662405442,0.0638833485798338,0.1264135063309746,0.04957963781676411
2009-11-03,1084.300048828125,,,,,0.948512585812357,,,,,0.034324942791762014,,,,,0.5926773455377574,,,,,,,,,,,,,0.01521719012909073,0.050262840123360464,0.10587468559268665,0.011712580097732905
2009-11-09,1100.800048828125,,,,,0.9416475972540046,,,,,0.03318077803203661,,,,,0.7814645308924485,,,,,,,,,,,,,0.03452034730599207,0.05877538908247004,0.03815406807504407,0.015715775790734687
2009-11-17,1138.800048828125,,,,,0.9382151029748284,,,,,0.02745995423340961,,,,,0.7940503432494279,,,,,,,,,,,,,0.023445688467743198,0.052950407597772475,-0.014401144811100774,-0.008693382498753843
2009-11-24,1165.5,,,,,0.959954233409611,,,,,0.013729977116704805,,,,,0.7391304347826086,,,,,,,,,,,,,0.028828807881542184,-0.01947657758204635,-0.06821106821106826,-0.02213646403099523
2009-12-01,1199.0999755859375,,,,,0.9462242562929062,,,,,0.043478260869565216,,,,,0.7414187643020596,,,,,,,,,,,,,-0.04695182045208668,-0.06396460072847199,-0.08514717510193137,-0.08439659180413528
2009-12-08,1142.800048828125,,,,,0.9130434782608695,,,,,0.03546910755148741,,,,,0.6636155606407322,,,,,,,,,,,,,-0.017850913145288638,-0.04970252572737477,-0.02161364384567188,-0.02222613171928789
2009-12-15,1122.4000244140625,,,,,0.9153318077803204,,,,,0.02631578947368421,,,,,0.6567505720823799,,,,,,,,,,,,,-0.032430527104687745,-0.022630099662838465,0.0057911616701837865,-0.040716386536114646
2009-12-22,1086.0,,,,,0.8993135011441648,,,,,0.04004576659038902,,,,,0.6235697940503433,,,,,,,,,,,,,0.01012891344383049,0.029557988569003157,0.049447468850713605,0.030663028386855418
2009-12-29,1097.0,,,,,0.8752860411899314,,,,,0.07551487414187644,,,,,0.5778032036613272,,,,,,,,,,,,,0.019234253040963933,0.029079329456757064,0.000820441580731579,0.0051959445504785595
2010-01-05,1118.0999755859375,,,,,0.8546910755148741,,,,,0.06979405034324943,,,,,0.6773455377574371,,,,,,,,,,,,,0.009659287240808112,0.01931846530505288,-0.0006260184126273272,0.016814282477980447
2010-01-12,1128.9000244140625,,,,,0.851258581235698,,,,,0.02288329519450801,,,,,0.7505720823798627,,,,,,,,,,,,,0.009566769885949844,-0.027460359048260274,-0.04623976624438564,-0.006112166059739299
2010-01-19,1139.699951171875,,,,,0.8592677345537757,,,,,0.04233409610983982,,,,,0.7734553775743707,,,,,,,,,,,,,-0.03667625563625976,-0.0195664891754036,-0.017899362303889,-0.015354918618717073
2010-01-26,1097.9000244140625,,,,,0.7906178489702517,,,,,0.12356979405034325,,,,,0.6739130434782609,,,,,,,,,,,,,0.017761180040420266,-0.01930965731920964,0.004371916068017345,0.005100624338656212
2010-02-02,1117.4000244140625,,,,,0.8146453089244852,,,,,0.16018306636155608,,,,,0.522883295194508,,,,,,,,,,,,,-0.036423905810749946,0.0017003976844003343,0.017451225679205873,-0.011544678836772904
2010-02-09,1076.699951171875,,,,,0.717391304347826,,,,,0.2391304347826087,,,,,0.4473684210526316,,,,,,,,,,,,,0.039565431028286246,0.024147860294506218,0.04207304809368728,0.05423983195178961
2010-02-16,1119.300048828125,,,,,0.7356979405034325,,,,,0.2894736842105263,,,,,0.4416475972540046,,,,,,,,,,,,,-0.014830784358161875,0.015724090787241796,0.002590817669297918,0.02992941886768752
2010-02-23,1102.699951171875,,,,,0.7574370709382151,,,,,0.19221967963386727,,,,,0.4439359267734554,,,,,,,,,,,,,0.031014849693102864,0.017502538934198952,0.0007255362868880955,0.03255647592612143
2010-03-02,1136.9000244140625,,,,,0.8043478260869565,,,,,0.16933638443935928,,,,,0.534324942791762,,,,,,,,,,,,,-0.01310583524856701,-0.01292996123363055,-0.0284985695472747,0.02181363904059541
2010-03-09,1122.0,,,,,0.7917620137299771,,,,,0.17620137299771166,,,,,0.5915331807780321,,,,,,,,,,,,,0.00017820960060155322,-0.01648841354723707,0.011675557563224137,0.0415329550676804
2010-03-16,1122.199951171875,,,,,0.7803203661327232,,,,,0.2471395881006865,,,,,0.6064073226544623,,,,,,,,,,,,,-0.016663653524799482,-0.015772546731437243,0.027267954899031555,0.08706119897809894
2010-03-23,1103.5,,,,,0.7231121281464531,,,,,0.3169336384439359,,,,,0.5995423340961098,,,,,,,,,,,,,0.0009062075215224841,0.02863613555590172,0.03180786188123008,0.10040783763309924
2010-03-30,1104.5,,,,,0.6876430205949656,,,,,0.33752860411899316,,,,,0.4450800915331808,,,,,,,,,,,,,0.027704821716557193,0.04373023886656857,0.05178809522125394,0.08447265625
2010-04-06,1135.0999755859375,,,,,0.7940503432494279,,,,,0.2036613272311213,,,,,0.6132723112128147,,,,,,,,,,,,,0.01559340465411485,0.0030834288391146103,0.029512818888668635,0.07902394077304464
2010-04-13,1152.800048828125,,,,,0.8821510297482837,,,,,0.12700228832951946,,,,,0.7723112128146453,,,,,,,,,,,,,-0.012317897849347337,0.00772024806279048,0.058206083226790106,0.07911168225971532
2010-04-20,1138.5999755859375,,,,,0.8569794050343249,,,,,0.11670480549199085,,,,,0.7402745995423341,,,,,,,,,,,,,0.020288052065037032,0.02634814741196667,0.06648522296272774,0.08308447006355779
2010-04-27,1161.699951171875,,,,,0.9050343249427918,,,,,0.10983981693363844,,,,,0.8066361556064073,,,,,,,,,,,,,0.005939592583353415,0.05009905800846215,0.03107523385865152,0.06731520747960995
2010-05-04,1168.5999755859375,,,,,0.9118993135011442,,,,,0.06521739130434782,,,,,0.834096109839817,,,,,,,,,,,,,0.04389872488436697,0.039106686802105495,0.048091797378319034,0.06281022244353518
2010-05-11,1219.9000244140625,,,,,0.9473684210526315,,,,,0.004576659038901602,,,,,0.9176201372997712,,,,,,,,,,,,,-0.004590520103175844,-0.01811621866025659,0.019755697273236006,-0.020575436579725825
2010-05-18,1214.300048828125,,,,,0.9565217391304348,,,,,0.003432494279176201,,,,,0.9061784897025171,,,,,,,,,,,,,-0.01358807488801761,0.008646956746920287,0.015564441722611733,-0.0008235196901829056
2010-05-25,1197.800048828125,,,,,0.9038901601830663,,,,,0.011441647597254004,,,,,0.9233409610983981,,,,,,,,,,,,,0.022541324845007038,0.038570670636618454,0.0351477490981289,-0.0052596832286729844
2010-06-01,1224.800048828125,,,,,0.9073226544622426,,,,,0.010297482837528604,,,,,0.8375286041189931,,,,,,,,,,,,,0.015675988248241346,0.006858182567666349,0.014043068652986879,-0.054539554347698305
2010-06-08,1244.0,,,,,0.9221967963386728,,,,,0.006864988558352402,,,,,0.8707093821510298,,,,,,,,,,,,,-0.008681711276627868,-0.0032958003102391276,-0.0395497999773915,-0.04726692027984325
2010-06-15,1233.199951171875,,,,,0.9302059496567505,,,,,0.002288329519450801,,,,,0.8764302059496567,,,,,,,,,,,,,0.005433079393021956,0.007135946461693132,-0.016136801112292987,-0.03000324478187011
2010-06-22,1239.9000244140625,,,,,0.9530892448512586,,,,,0.0011441647597254005,,,,,0.9405034324942791,,,,,,,,,,,,,0.001693665250897869,-0.036373880714495765,-0.0390354250028625,-0.010726710675249995
2010-06-29,1242.0,,,,,0.9399313501144165,,,,,0.012585812356979404,,,,,0.9382151029748284,,,,,,,,,,,,,-0.038003181297806,-0.023107851185084516,-0.06763285024154586,-0.008212521072363144
2010-07-06,1194.800048828125,,,,,0.8272311212814645,,,,,0.09839816933638444,,,,,0.902745995423341,,,,,,,,,,,,,0.015483762340104512,-0.0027620092846177835,-0.0080348989487119,0.04477736676732946
2010-07-13,1213.300048828125,,,,,0.8237986270022883,,,,,0.09610983981693363,,,,,0.8741418764302059,,,,,,,,,,,,,-0.017967566101378396,-0.04557821363440717,-0.014093873706480298,0.0362647310881572
2010-07-20,1191.5,,,,,0.6933638443935927,,,,,0.19794050343249428,,,,,0.8558352402745996,,,,,,,,,,,,,-0.02811582039446081,-0.005287493770981921,0.029458645057438115,0.06563151588071747
2010-07-27,1158.0,,,,,0.7196796338672768,,,,,0.15217391304347827,,,,,0.8581235697940504,,,,,,,,,,,,,0.0234887315819301,0.03298786802407161,0.06373061211409747,0.09879104008122841
2010-08-03,1185.199951171875,,,,,0.7334096109839817,,,,,0.19908466819221968,,,,,0.7276887871853547,,,,,,,,,,,,,0.009281134368191335,0.03493083540302866,0.053240044090332006,0.10242999444442047
2010-08-10,1196.199951171875,,,,,0.7437070938215103,,,,,0.18649885583524028,,,,,0.7494279176201373,,,,,,,,,,,,,0.02541383184665791,0.029760992400454267,0.051078498704495434,0.1192944984677431
2010-08-17,1226.5999755859375,,,,,0.8077803203661327,,,,,0.14073226544622425,,,,,0.8180778032036613,,,,,,,,,,,,,0.004239420630758994,0.01769123893209068,0.03513776002265856,0.09709765038030782
2010-08-24,1231.800048828125,0.5192307692307693,0.5192307692307693,0.5192307692307693,0.5192307692307693,0.8810068649885584,0.6346153846153846,0.6346153846153846,0.6346153846153846,0.6346153846153846,0.11212814645308924,0.7884615384615384,0.7884615384615384,0.7884615384615384,0.7884615384615384,0.8455377574370709,0.1858866320092361,0.1858866320092361,0.1858866320092361,0.1858866320092361,0.18928728819783364,0.18928728819783364,0.18928728819783364,0.18928728819783364,0.8944855725018515,0.8944855725018515,0.8944855725018515,0.8944855725018515,0.013395031130009505,0.020701411746378406,0.03295987496068231,0.08386095361506696
2010-08-31,1248.300048828125,0.7115384615384616,0.7169811320754716,0.7169811320754716,0.7169811320754716,0.9176201372997712,0.5576923076923077,0.5471698113207547,0.5471698113207547,0.5471698113207547,0.08009153318077804,0.8846153846153846,0.8867924528301887,0.8867924528301887,0.8867924528301887,0.8981693363844394,0.7145515302625107,0.7328919021924193,0.7328919021924193,0.7328919021924193,-0.12660439925483866,-0.15895583820832632,-0.15895583820832632,-0.15895583820832632,1.39519001168893,1.3343643125549267,1.3343643125549267,1.3343643125549267,0.0072098050532394264,0.017143236006310847,0.046703456282440436,0.07185768458159014
2010-09-07,1257.300048828125,0.7692307692307693,0.7777777777777778,0.7777777777777778,0.7777777777777778,0.9279176201372997,0.5,0.5,0.5,0.5,0.06750572082379863,0.9423076923076923,0.9444444444444444,0.9444444444444444,0.9444444444444444,0.9187643020594966,0.770471954303023,0.7985942814204293,0.7985942814204293,0.7985942814204293,-0.22573351132393896,-0.2510073905532575,-0.2510073905532575,-0.2510073905532575,1.5436567370960412,1.4745193247832684,1.4745193247832684,1.4745193247832684,0.009862325508781522,0.012009842519302705,0.06490095634848125,0.07881967051405447
2010-09-14,1269.699951171875,0.9038461538461539,0.9090909090909091,0.9090909090909091,0.9090909090909091,0.9496567505720824,0.5192307692307693,0.5272727272727272,0.5272727272727272,0.5272727272727272,0.07437070938215103,0.9615384615384616,0.9636363636363636,0.9636363636363636,0.9636363636363636,0.9267734553775744,1.0601178091571903,1.085961264673442,1.085961264673442,1.085961264673442,-0.1676143370433052,-0.18670249975067488,-0.18670249975067488,-0.18670249975067488,1.6787182335147677,1.6088001728159778,1.6088001728159778,1.6088001728159778,0.0021265443380504845,0.029062003491459043,0.059856661355192964,0.1103411065952582
2010-09-21,1272.4000244140625,0.7692307692307693,0.7857142857142857,0.7857142857142857,0.7857142857142857,0.9359267734553776,0.5576923076923077,0.5714285714285714,0.5714285714285714,0.5714285714285714,0.08466819221967964,0.9615384615384616,0.9642857142857143,0.9642857142857143,0.9642857142857143,0.9324942791762014,0.8547868647163599,0.8812615566899829,0.8812615566899829,0.8812615566899829,-0.11245633976421891,-0.12711348898570585,-0.12711348898570585,-0.12711348898570585,1.690509121390225,1.6301197896467996,1.6301197896467996,1.6301197896467996,0.02687830125406032,0.05226343816727219,0.04927691761146269,0.051791907536632875
2010-09-28,1306.5999755859375,0.9615384615384616,0.9649122807017544,0.9649122807017544,0.9649122807017544,0.9645308924485125,0.40384615384615385,0.38596491228070173,0.38596491228070173,0.38596491228070173,0.04691075514874142,1.0,1.0,1.0,1.0,0.9633867276887872,1.2634727162527277,1.3038036781107698,1.3038036781107698,1.3038036781107698,-0.36136236946343214,-0.3785180864681552,-0.3785180864681552,-0.3785180864681552,2.1183002210191404,2.0068507205675647,2.0068507205675647,2.0068507205675647,0.024720686844984963,0.029924978047243034,0.024031857493324482,0.05426299229974174
2010-10-05,1338.9000244140625,0.8846153846153846,0.896551724137931,0.896551724137931,0.896551724137931,0.9508009153318078,0.4230769230769231,0.41379310344827586,0.41379310344827586,0.41379310344827586,0.05263157894736842,0.9807692307692307,0.9827586206896551,0.9827586206896551,0.9827586206896551,0.959954233409611,1.0098572725538872,1.042176939537087,1.042176939537087,1.042176939537087,-0.3258016833047618,-0.34052798825272,-0.34052798825272,-0.34052798825272,1.9512866682304728,1.8813747617679535,1.8813747617679535,1.8813747617679535,0.005078741230726491,-0.002838187137824577,0.013070430712448733,0.03443123067094733
2010-10-12,1345.699951171875,0.9615384615384616,0.9491525423728814,0.9491525423728814,0.9491525423728814,0.9633867276887872,0.38461538461538464,0.3728813559322034,0.3728813559322034,0.3728813559322034,0.04576659038901602,0.9615384615384616,0.9661016949152542,0.9661016949152542,0.9661016949152542,0.9553775743707094,1.235346453886385,1.2376471140749365,1.2376471140749365,1.2376471140749365,-0.38558472799775395,-0.38622337457356826,-0.38622337457356826,-0.38622337457356826,1.8265323265401283,1.7958372178090651,1.7958372178090651,1.7958372178090651,-0.007876923512337708,-0.005721893030589564,0.04763327634843839,0.046518614793539914
2010-10-19,1335.0999755859375,0.6346153846153846,0.6333333333333333,0.6333333333333333,0.6333333333333333,0.9164759725400458,0.36538461538461536,0.36666666666666664,0.36666666666666664,0.36666666666666664,0.04462242562929062,1.0,1.0,1.0,1.0,0.9668192219679634,0.6213534877304007,0.5871214368401684,0.5871214368401684,0.5871214368401684,-0.4016287857421843,-0.3886071767110811,-0.3886071767110811,-0.3886071767110811,2.018730744174363,1.9935369601049198,1.9935369601049198,1.9935369601049198,0.0021721402644694354,0.015953897998370437,0.002396879110707184,0.051307019139100296
2010-10-26,1338.0,0.5,0.47540983606557374,0.47540983606557374,0.47540983606557374,0.8844393592677345,0.5576923076923077,0.5901639344262295,0.5901639344262295,0.5901639344262295,0.08237986270022883,0.9230769230769231,0.9344262295081968,0.9344262295081968,0.9344262295081968,0.948512585812357,0.1757979573588363,0.13017948022440706,0.13017948022440706,0.13017948022440706,-0.14262784499679548,-0.11942035398392928,-0.11942035398392928,-0.11942035398392928,1.4471660567730622,1.4999190220381753,1.4999190220381753,1.4999190220381753,0.013751886707072059,0.05366221885510081,0.029521674140508214,0.037518648110519415
2010-11-02,1356.4000244140625,0.4423076923076923,0.41935483870967744,0.41935483870967744,0.41935483870967744,0.8718535469107551,0.5192307692307693,0.5645161290322581,0.5645161290322581,0.5645161290322581,0.07894736842105263,0.9615384615384616,0.967741935483871,0.967741935483871,0.967741935483871,0.9622425629290617,0.09081993894980647,0.02513115656213144,0.02513115656213144,0.02513115656213144,-0.1641949750203497,-0.13332392546907837,-0.13332392546907837,-0.13332392546907837,1.6034762544543637,1.6564507804809843,1.6564507804809843,1.6564507804809843,0.03936893501393901,-0.01334412803019247,0.021085207218491497,0.03597753308718277
2010-11-09,1409.800048828125,0.36538461538461536,0.3333333333333333,0.3333333333333333,0.3333333333333333,0.8466819221967964,0.21153846153846154,0.20634920634920634,0.20634920634920634,0.20634920634920634,0.02402745995423341,1.0,1.0,1.0,1.0,0.977116704805492,-0.18834442899248163,-0.27200266345030766,-0.27200266345030766,-0.27200266345030766,-0.6540898913289566,-0.6365561813625318,-0.6365561813625318,-0.6365561813625318,2.140963612156146,2.1682969638881526,2.1682969638881526,2.1682969638881526,-0.05071641191914644,-0.022911085054206026,-0.001063980669632425,-0.022201764607784447
2010-11-16,1338.300048828125,0.19230769230769232,0.171875,0.171875,0.171875,0.7665903890160183,0.7115384615384616,0.75,0.75,0.75,0.13844393592677345,0.9807692307692307,0.984375,0.984375,0.984375,0.9736842105263158,-1.1074407802529236,-1.2102602854808175,-1.2102602854808175,-1.2102602854808175,0.5096226572664161,0.5901069850852984,0.5901069850852984,0.5901069850852984,1.771854253434322,1.8533791591953346,1.8533791591953346,1.8533791591953346,0.029290853875556744,0.03489497830682109,0.04879318865376425,0.03414776171598577
2010-11-23,1377.5,0.21153846153846154,0.18461538461538463,0.18461538461538463,0.18461538461538463,0.7791762013729977,0.6923076923076923,0.7384615384615385,0.7384615384615385,0.7384615384615385,0.13043478260869565,0.9423076923076923,0.9538461538461539,0.9538461538461539,0.9538461538461539,0.9645308924485125,-0.9238410271073232,-1.0451774072195235,-1.0451774072195235,-1.0451774072195235,0.3879657000111132,0.4829412024171178,0.4829412024171178,0.4829412024171178,1.4178211504136988,1.5444518034062569,1.5444518034062569,1.5444518034062569,0.005444646098003547,0.02235938208938304,0.007767659652903713,-0.006823974166288549
2010-11-30,1385.0,0.3076923076923077,0.25757575757575757,0.25757575757575757,0.25757575757575757,0.7951945080091534,0.7307692307692307,0.7727272727272727,0.7727272727272727,0.7727272727272727,0.14187643020594964,0.7884615384615384,0.8333333333333334,0.8333333333333334,0.8333333333333334,0.9359267734553776,-0.659098066430119,-0.8021159852931876,-0.8021159852931876,-0.8021159852931876,0.520261847930206,0.6347113236761437,0.6347113236761437,0.6347113236761437,0.9462181289419266,1.120718194054479,1.120718194054479,1.120718194054479,0.016823139948104693,0.013429585260604782,0.014584802290162457,-0.03805050626128159
2010-12-07,1408.300048828125,0.38461538461538464,0.31343283582089554,0.31343283582089554,0.31343283582089554,0.8192219679633868,0.5576923076923077,0.6417910447761194,0.6417910447761194,0.6417910447761194,0.10526315789473684,0.8269230769230769,0.8656716417910447,0.8656716417910447,0.8656716417910447,0.9427917620137299,-0.4431689334565274,-0.6052001906288393,-0.6052001906288393,-0.6052001906288393,0.07466616119180786,0.1787617174706729,0.1787617174706729,0.1787617174706729,0.9749122259610453,1.1618401010346135,1.1618401010346135,1.1618401010346135,-0.0033374089890138015,-0.014272596008908511,-0.021160298086279394,-0.04878227001366242
2010-12-14,1403.5999755859375,0.21153846153846154,0.17647058823529413,0.17647058823529413,0.17647058823529413,0.7745995423340961,0.7307692307692307,0.7794117647058824,0.7794117647058824,0.7794117647058824,0.14988558352402745,0.7307692307692307,0.7941176470588235,0.7941176470588235,0.7941176470588235,0.9290617848970252,-0.9025006788158275,-1.0744046871718118,-1.0744046871718118,-1.0744046871718118,0.5491466515571503,0.6956932860661602,0.6956932860661602,0.6956932860661602,0.7712815342191479,0.9871257905283761,0.9871257905283761,0.9871257905283761,-0.010971804418587028,0.0011399085307546297,-0.013964075182998914,-0.028640604068900344
2010-12-21,1388.199951171875,0.15384615384615385,0.13043478260869565,0.13043478260869565,0.13043478260869565,0.7391304347826086,0.8461538461538461,0.8695652173913043,0.8695652173913043,0.8695652173913043,0.1956521739130435,0.6346153846153846,0.7246376811594203,0.7246376811594203,0.7246376811594203,0.9118993135011442,-1.3316271867586595,-1.5157737267784623,-1.5157737267784623,-1.5157737267784623,1.0312924060653204,1.2229006299411078,1.2229006299411078,1.2229006299411078,0.5040414128564187,0.7552519945307834,0.7552519945307834,0.7552519945307834,0.012246074483469815,-0.006987430855106003,-0.014479164596547967,-0.010517199322484294
2010-12-28,1405.199951171875,0.23076923076923078,0.18571428571428572,0.18571428571428572,0.18571428571428572,0.7711670480549199,0.7884615384615384,0.8285714285714286,0.8285714285714286,0.8285714285714286,0.1853546910755149,0.7115384615384616,0.7857142857142857,0.7857142857142857,0.7857142857142857,0.9279176201372997,-0.8542766097178616,-1.0557850074281188,-1.0557850074281188,-1.0557850074281188,0.867387672508188,1.0636569577106358,1.0636569577106358,1.0636569577106358,0.713372262957264,0.9626971517600742,0.9626971517600742,0.9626971517600742,-0.019000819883041142,-0.015086786157511023,-0.051878668429325425,-0.0033446849809206647
2011-01-04,1378.5,0.11538461538461539,0.09859154929577464,0.09859154929577464,0.09859154929577464,0.7322654462242563,0.7307692307692307,0.7887323943661971,0.7887323943661971,0.7887323943661971,0.16704805491990846,0.6730769230769231,0.7605633802816901,0.7605633802816901,0.7605633802816901,0.9244851258581236,-1.3134005137369587,-1.5270659284567838,-1.5270659284567838,-1.5270659284567838,0.7016824335347807,0.9011955557354587,0.9011955557354587,0.9011955557354587,0.6481207114261607,0.9170074748884111,0.9170074748884111,0.9170074748884111,0.0039898440333696605,-0.0075444500646082435,-0.028219096419341727,0.03786721158641648
2011-01-11,1384.0,0.019230769230769232,0.013888888888888888,0.013888888888888888,0.013888888888888888,0.6613272311212814,0.9038461538461539,0.9166666666666666,0.9166666666666666,0.9166666666666666,0.2242562929061785,0.6346153846153846,0.7361111111111112,0.7361111111111112,0.7361111111111112,0.9210526315789473,-1.9062458996695046,-2.146227260851081,-2.146227260851081,-2.146227260851081,1.1643163278163529,1.4158664207852676,1.4158664207852676,1.4158664207852676,0.5371481047178974,0.8277642661228175,0.8277642661228175,0.8277642661228175,-0.011488456946576964,-0.03735545604904267,-0.014884375423365293,0.03099712746680816
2011-01-18,1368.0999755859375,0.019230769230769232,0.0136986301369863,0.0136986301369863,0.0136986301369863,0.6292906178489702,0.9807692307692307,0.9863013698630136,0.9863013698630136,0.9863013698630136,0.32036613272311215,0.6153846153846154,0.726027397260274,0.726027397260274,0.726027397260274,0.919908466819222,-2.031282624463929,-2.30176697480931,-2.30176697480931,-2.30176697480931,1.7669656634709194,2.083899732494557,2.083899732494557,2.083899732494557,0.5085974681854913,0.8121702109174129,0.8121702109174129,0.8121702109174129,-0.02616762473260037,-0.020831810911913662,0.004020174035632484,0.01790804797690826
2011-01-25,1332.300048828125,0.038461538461538464,0.02702702702702703,0.02702702702702703,0.02702702702702703,0.6567505720823799,1.0,1.0,1.0,1.0,0.33867276887871856,0.21153846153846154,0.32432432432432434,0.32432432432432434,0.32432432432432434,0.6670480549199085,-1.7541502408405658,-2.0266733548114084,-2.0266733548114084,-2.0266733548114084,1.897233639988208,2.2424036632137594,2.2424036632137594,2.2424036632137594,-1.1115320624283465,-0.6527748506734068,-0.6527748506734068,-0.6527748506734068,0.005479191240917114,0.023343071715183683,0.051189633470225315,0.07145533864958709
2011-02-01,1339.5999755859375,0.019230769230769232,0.013333333333333334,0.013333333333333334,0.013333333333333334,0.5892448512585813,1.0,1.0,1.0,1.0,0.35583524027459956,0.019230769230769232,0.05333333333333334,0.05333333333333334,0.05333333333333334,0.4279176201372998,-2.160391053608817,-2.470302014031118,-2.470302014031118,-2.470302014031118,2.0450195934297324,2.4128951905834786,2.4128951905834786,2.4128951905834786,-1.935463185178376,-1.4031505224983067,-1.4031505224983067,-1.4031505224983067,0.017766534235501785,0.0253807111224591,0.06800535775322825,0.05703196910006314
2011-02-08,1363.4000244140625,0.09615384615384616,0.06578947368421052,0.06578947368421052,0.06578947368421052,0.6647597254004577,0.9807692307692307,0.9868421052631579,0.9868421052631579,0.9868421052631579,0.3489702517162471,0.09615384615384616,0.14473684210526316,0.14473684210526316,0.14473684210526316,0.4633867276887872,-1.489274721312038,-1.746110872423234,-1.746110872423234,-1.746110872423234,1.872987889279644,2.206044408071639,2.206044408071639,2.206044408071639,-1.805703469955928,-1.2578868750901833,-1.2578868750901833,-1.2578868750901833,0.007481260810640267,0.02721136491242304,0.046574738787532155,0.06483792198262095
2011-02-15,1373.5999755859375,0.19230769230769232,0.15584415584415584,0.15584415584415584,0.15584415584415584,0.7276887871853547,0.9615384615384616,0.974025974025974,0.974025974025974,0.974025974025974,0.34324942791762014,0.09615384615384616,0.15584415584415584,0.15584415584415584,0.15584415584415584,0.4851258581235698,-1.0262516766148455,-1.248179896787439,-1.248179896787439,-1.248179896787439,1.7450552616021282,2.029425391114689,2.029425391114689,2.029425391114689,-1.7466542494155513,-1.1755281452261606,-1.1755281452261606,-1.1755281452261606,0.01958359412651256,0.04156958110135389,0.013832265825350687,0.05773154501862732
2011-02-22,1400.5,0.3269230769230769,0.2692307692307692,0.2692307692307692,0.2692307692307692,0.7734553775743707,0.8653846153846154,0.9102564102564102,0.9102564102564102,0.9102564102564102,0.3146453089244851,0.19230769230769232,0.3076923076923077,0.3076923076923077,0.3076923076923077,0.6430205949656751,-0.5180511908363769,-0.7108969082126801,-0.7108969082126801,-0.7108969082126801,1.398227090570223,1.6541644435394278,1.6541644435394278,1.6541644435394278,-1.2191728552497914,-0.656810213419094,-0.656810213419094,-0.656810213419094,0.02156369237549094,0.01885042800004455,0.019278828989646613,0.06711888611210282
2011-03-01,1430.699951171875,0.5576923076923077,0.46835443037974683,0.46835443037974683,0.46835443037974683,0.8478260869565217,0.8461538461538461,0.8734177215189873,0.8734177215189873,0.8734177215189873,0.2665903890160183,0.21153846153846154,0.4050632911392405,0.4050632911392405,0.4050632911392405,0.7196796338672768,0.20775462559181163,0.05109459510697489,0.05109459510697489,0.05109459510697489,1.1078116181695543,1.3429140831981374,1.3429140831981374,1.3429140831981374,-0.9732270093485234,-0.40942256128666465,-0.40942256128666465,-0.40942256128666465,-0.0026559913940725766,-0.026630304666418803,-0.010274656932667381,0.05053473914562212
2011-03-08,1426.9000244140625,0.5192307692307693,0.45,0.45,0.45,0.8455377574370709,0.8076923076923077,0.85,0.85,0.85,0.2437070938215103,0.19230769230769232,0.4,0.4,0.4,0.717391304347826,0.19095141277635272,0.043440071603660535,0.043440071603660535,0.043440071603660535,0.9207266773229607,1.139250094399317,1.139250094399317,1.139250094399317,-1.0037098541922806,-0.41660806937409256,-0.41660806937409256,-0.41660806937409256,-0.024038158414223743,0.0004204748585550089,0.017450433799163667,0.07933278382159892
2011-03-15,1392.5999755859375,0.4230769230769231,0.35802469135802467,0.35802469135802467,0.35802469135802467,0.8009153318077803,0.8461538461538461,0.9012345679012346,0.9012345679012346,0.9012345679012346,0.2997711670480549,0.17307692307692307,0.38271604938271603,0.38271604938271603,0.38271604938271603,0.6796338672768879,-0.260243341509841,-0.4228873239465308,-0.4228873239465308,-0.4228873239465308,1.2604326499102998,1.4960700925981016,1.4960700925981016,1.4960700925981016,-1.16929802272173,-0.546913492711077,-0.546913492711077,-0.546913492711077,0.025061054880011868,0.01680311993702066,0.04330033741581363,0.08904208112442835
2011-03-22,1427.5,0.4423076923076923,0.4024390243902439,0.4024390243902439,0.4024390243902439,0.8157894736842105,0.8269230769230769,0.8536585365853658,0.8536585365853658,0.8536585365853658,0.2620137299771167,0.17307692307692307,0.3902439024390244,0.3902439024390244,0.3902439024390244,0.6864988558352403,-0.18454968964201007,-0.3202468628573249,-0.3202468628573249,-0.3202468628573249,1.0840051436753837,1.267879616308229,1.267879616308229,1.267879616308229,-1.1548910020524277,-0.5180025313474854,-0.5180025313474854,-0.5180025313474854,-0.008056042031523658,0.017022801280647926,0.0469352014010509,0.03663751231392287
2011-03-29,1416.0,0.5576923076923077,0.5060240963855421,0.5060240963855421,0.5060240963855421,0.8535469107551488,0.7115384615384616,0.7469879518072289,0.7469879518072289,0.7469879518072289,0.1945080091533181,0.07692307692307693,0.20481927710843373,0.20481927710843373,0.20481927710843373,0.5812356979405034,0.247024735590228,0.15937571274949064,0.15937571274949064,0.15937571274949064,0.6416383877144212,0.7476746943663614,0.7476746943663614,0.7476746943663614,-1.5517454714197836,-0.820420296619859,-0.820420296619859,-0.820420296619859,0.025282520358845373,0.026059339275467774,0.06144067796610164,0.07570618020612652
2011-04-05,1451.800048828125,0.7115384615384616,0.6904761904761905,0.6904761904761905,0.6904761904761905,0.9096109839816934,0.6730769230769231,0.7023809523809523,0.7023809523809523,0.7023809523809523,0.17963386727688788,0.15384615384615385,0.39285714285714285,0.39285714285714285,0.39285714285714285,0.6853546910755148,0.7887294006571643,0.7413842762621385,0.7413842762621385,0.7413842762621385,0.5122409834820201,0.6009938363021801,0.6009938363021801,0.6009938363021801,-1.2036841195843768,-0.508388788554624,-0.508388788554624,-0.508388788554624,0.0007576632793375726,0.029411730083865217,0.06082099723655965,0.057928070503801
2011-04-12,1452.9000244140625,0.6346153846153846,0.6235294117647059,0.6235294117647059,0.6235294117647059,0.8981693363844394,0.6346153846153846,0.6588235294117647,0.6588235294117647,0.6588235294117647,0.16590389016018306,0.19230769230769232,0.4235294117647059,0.4235294117647059,0.4235294117647059,0.7151029748283753,0.6065720992943991,0.5519755677984731,0.5519755677984731,0.5519755677984731,0.38597156420572915,0.47204663136863745,0.47204663136863745,0.47204663136863745,-1.0648852621032159,-0.3971239144821798,-0.3971239144821798,-0.3971239144821798,0.028632373106824316,0.034482741237575665,0.043843313443101106,0.06222040257072736
2011-04-19,1494.5,0.8269230769230769,0.813953488372093,0.813953488372093,0.813953488372093,0.931350114416476,0.5,0.5581395348837209,0.5581395348837209,0.5581395348837209,0.12585812356979406,0.28846153846153844,0.5697674418604651,0.5697674418604651,0.5697674418604651,0.8043478260869565,0.9478966086763307,0.9235326198364835,0.9235326198364835,0.9235326198364835,-0.005421527724133839,0.05632937465924497,0.05632937465924497,0.05632937465924497,-0.5811108833671654,0.028339413451311204,0.028339413451311204,0.028339413451311204,0.005687520910003352,0.030511860545960223,-0.00983603290189028,0.019605251808715307
2011-04-26,1503.0,0.6346153846153846,0.632183908045977,0.632183908045977,0.632183908045977,0.9004576659038902,0.6538461538461539,0.6781609195402298,0.6781609195402298,0.6781609195402298,0.16819221967963388,0.28846153846153844,0.5402298850574713,0.5402298850574713,0.5402298850574713,0.7803203661327232,0.609541117536824,0.5572693693846474,0.5572693693846474,0.5572693693846474,0.4010525767024364,0.5012603715539551,0.5012603715539551,0.5012603715539551,-0.7439262171921996,-0.11597401536487653,-0.11597401536487653,-0.11597401536487653,0.02468394915897365,0.00904855328405696,0.013439754605372611,0.028609447771124508
2011-05-03,1540.0999755859375,0.5576923076923077,0.5227272727272727,0.5227272727272727,0.5227272727272727,0.8604118993135011,0.5961538461538461,0.6477272727272727,0.6477272727272727,0.6477272727272727,0.16475972540045766,0.2692307692307692,0.48863636363636365,0.48863636363636365,0.48863636363636365,0.7459954233409611,0.27174008193844756,0.18414654307792305,0.18414654307792305,0.18414654307792305,0.3371069661119551,0.4480410557132372,0.4480410557132372,0.4480410557132372,-0.8929116924548393,-0.26013021518639096,-0.26013021518639096,-0.26013021518639096,-0.015258749673740746,-0.03915325479754728,-0.002727063981854183,-0.026232079121157104
2011-05-10,1516.5999755859375,0.46153846153846156,0.4044943820224719,0.4044943820224719,0.4044943820224719,0.8249427917620137,0.6538461538461539,0.6966292134831461,0.6966292134831461,0.6966292134831461,0.17276887871853547,0.19230769230769232,0.4044943820224719,0.4044943820224719,0.4044943820224719,0.6945080091533181,-0.14349309514558464,-0.2810343148249024,-0.2810343148249024,-0.2810343148249024,0.39650044091971287,0.5405324362429851,0.5405324362429851,0.5405324362429851,-1.1101103428050922,-0.48513439788201723,-0.48513439788201723,-0.48513439788201723,-0.024264754945413247,0.004351823613466532,0.017605218035080084,-0.0028352412152394812
2011-05-17,1479.800048828125,0.34615384615384615,0.2777777777777778,0.2777777777777778,0.2777777777777778,0.7883295194508009,0.7884615384615384,0.8111111111111111,0.8111111111111111,0.8111111111111111,0.21052631578947367,0.19230769230769232,0.3888888888888889,0.3888888888888889,0.3888888888888889,0.6876430205949656,-0.3853260406793328,-0.5602503667144543,-0.5602503667144543,-0.5602503667144543,0.6596907534929838,0.8404842882087992,0.8404842882087992,0.8404842882087992,-1.0905068341033743,-0.5002469091117366,-0.5002469091117366,-0.5002469091117366,0.029328220645835845,0.037910510700661204,0.02973374682264951,0.055480452004954106
2011-05-24,1523.199951171875,0.40384615384615385,0.3516483516483517,0.3516483516483517,0.3516483516483517,0.8054919908466819,0.6346153846153846,0.6923076923076923,0.6923076923076923,0.6923076923076923,0.17391304347826086,0.36538461538461536,0.5714285714285714,0.5714285714285714,0.5714285714285714,0.7837528604118993,-0.2481074610345595,-0.4345487791283149,-0.4345487791283149,-0.4345487791283149,0.3334160417082943,0.532476936176047,0.532476936176047,0.532476936176047,-0.6075089212029036,-0.08314129901346505,-0.08314129901346505,-0.08314129901346505,0.00833775843573048,0.013195967896917349,0.01496851993107251,0.05101107913140934
2011-05-31,1535.9000244140625,0.5384615384615384,0.43478260869565216,0.43478260869565216,0.43478260869565216,0.8409610983981693,0.38461538461538464,0.5217391304347826,0.5217391304347826,0.5217391304347826,0.12471395881006865,0.09615384615384616,0.2717391304347826,0.2717391304347826,0.2717391304347826,0.6407322654462243,0.16563112718774547,-0.020025131027934667,-0.020025131027934667,-0.020025131027934667,-0.2203134013662874,0.012947041208264258,0.012947041208264258,0.012947041208264258,-1.190391615108174,-0.6448579288245648,-0.6448579288245648,-0.6448579288245648,0.004818037825662147,-0.007878101044079044,-0.023569290101416396,0.05254245060817775
2011-06-07,1543.300048828125,0.6730769230769231,0.5806451612903226,0.5806451612903226,0.5806451612903226,0.8764302059496567,0.34615384615384615,0.4731182795698925,0.4731182795698925,0.4731182795698925,0.10640732265446225,0.1346153846153846,0.2903225806451613,0.2903225806451613,0.2903225806451613,0.6441647597254004,0.5099304766128381,0.32010528723842907,0.32010528723842907,0.32010528723842907,-0.4851361120265179,-0.1957699120535304,-0.1957699120535304,-0.1957699120535304,-1.1334739422469036,-0.6239208631627225,-0.6239208631627225,-0.6239208631627225,-0.012635261700929101,0.0017494661351984409,-0.020086826293784665,0.06388905103761733
2011-06-14,1523.800048828125,0.5576923076923077,0.44680851063829785,0.44680851063829785,0.44680851063829785,0.8432494279176201,0.4230769230769231,0.5638297872340425,0.5638297872340425,0.5638297872340425,0.13272311212814644,0.09615384615384616,0.2553191489361702,0.2553191489361702,0.2553191489361702,0.6167048054919908,0.21620327423121327,-0.0046551994751715935,-0.0046551994751715935,-0.0046551994751715935,-0.2562158411375289,0.07221275896171336,0.07221275896171336,0.07221275896171336,-1.1801623045600476,-0.7039149470230505,-0.7039149470230505,-0.7039149470230505,0.01456880854476128,-0.01581578742879297,0.025003264447483353,0.14188210017327618
2011-06-21,1546.0,0.7884615384615384,0.7052631578947368,0.7052631578947368,0.7052631578947368,0.9084668192219679,0.28846153846153844,0.45263157894736844,0.45263157894736844,0.45263157894736844,0.10297482837528604,0.3076923076923077,0.4421052631578947,0.4421052631578947,0.4421052631578947,0.7162471395881007,0.9634136973449351,0.7355241873922583,0.7355241873922583,0.7355241873922583,-0.7008235441892025,-0.24788088467585617,-0.24788088467585617,-0.24788088467585617,-0.8030005237024961,-0.37064927528747943,-0.37064927528747943,-0.37064927528747943,-0.029948285141089936,-0.02179815729099288,0.03551101191077777,0.15291075317856562
2011-06-28,1499.699951171875,0.3269230769230769,0.23958333333333334,0.23958333333333334,0.23958333333333334,0.7768878718535469,0.7692307692307693,0.8125,0.8125,0.8125,0.20823798627002288,0.09615384615384616,0.21875,0.21875,0.21875,0.602974828375286,-0.46883523680513356,-0.7439842938265951,-0.7439842938265951,-0.7439842938265951,0.5827346493316514,0.8466330213205376,0.8466330213205376,0.8466330213205376,-1.1433006599951945,-0.7362143924801131,-0.7362143924801131,-0.7362143924801131,0.008401745726806409,0.0414750118472591,0.07794894193516244,0.2391145624670039
2011-07-05,1512.300048828125,0.25,0.1958762886597938,0.1958762886597938,0.1958762886597938,0.7597254004576659,0.8269230769230769,0.865979381443299,0.865979381443299,0.865979381443299,0.2482837528604119,0.07692307692307693,0.16494845360824742,0.16494845360824742,0.16494845360824742,0.568649885583524,-0.6212502928430298,-0.9037641413644668,-0.9037641413644668,-0.9037641413644668,0.8964589696932211,1.1142959719788654,1.1142959719788654,1.1142959719788654,-1.21364043164119,-0.84431647696702,-0.84431647696702,-0.84431647696702,0.032797708116436564,0.05858624130482126,0.08569726337466155,0.20789518759017245
2011-07-12,1561.9000244140625,0.75,0.6224489795918368,0.6224489795918368,0.6224489795918368,0.8878718535469108,0.38461538461538464,0.5612244897959183,0.5612244897959183,0.5612244897959183,0.13386727688787187,0.4230769230769231,0.4897959183673469,0.4897959183673469,0.4897959183673469,0.7356979405034325,0.7156206809089533,0.4616841450361678,0.4616841450361678,0.4616841450361678,-0.4138223839284883,0.06969264391830825,0.06969264391830825,0.06969264391830825,-0.5941788032850461,-0.25370059090951613,-0.25370059090951613,-0.25370059090951613,0.024969587931615855,0.035021416426698204,0.11402776925671065,0.19719572007532582
2011-07-19,1600.9000244140625,0.8653846153846154,0.797979797979798,0.797979797979798,0.797979797979798,0.9244851258581236,0.28846153846153844,0.47474747474747475,0.47474747474747475,0.47474747474747475,0.11098398169336385,0.5384615384615384,0.6363636363636364,0.6363636363636364,0.6363636363636364,0.8146453089244852,1.1209392894940475,0.909380191070908,0.909380191070908,0.909380191070908,-0.6884944543474295,-0.16933508614988005,-0.16933508614988005,-0.16933508614988005,-0.1522034292849552,0.17632104544379837,0.17632104544379837,0.17632104544379837,0.009806952921761258,0.025610593650285063,0.1133737255494327,0.14110813977702508
2011-07-26,1616.5999755859375,0.9038461538461539,0.84,0.84,0.84,0.9347826086956522,0.019230769230769232,0.11,0.11,0.11,0.017162471395881007,0.5192307692307693,0.61,0.61,0.61,0.8009153318077803,1.2027619080376855,1.029730657564397,1.029730657564397,1.029730657564397,-1.8297371790287718,-1.1592929808683017,-1.1592929808683017,-1.1592929808683017,-0.25902757485169436,0.06084032721963739,0.06084032721963739,0.06084032721963739,0.01565016034282385,0.07633306091653003,0.14951136761868566,0.1175306215943337
2011-08-02,1641.9000244140625,1.0,1.0,1.0,1.0,0.9702517162471396,0.057692307692307696,0.1485148514851485,0.1485148514851485,0.1485148514851485,0.02517162471395881,0.46153846153846156,0.5643564356435643,0.5643564356435643,0.5643564356435643,0.7745995423340961,1.7299299577470102,1.624824269250508,1.624824269250508,1.624824269250508,-1.526017559714213,-0.9571868457701384,-0.9571868457701384,-0.9571868457701384,-0.402612664605805,-0.07740029323208038,-0.07740029323208038,-0.07740029323208038,0.05974783733921063,0.08557159261273517,0.11255248432300946,0.005298709447903116
2011-08-09,1740.0,0.5576923076923077,0.4803921568627451,0.4803921568627451,0.4803921568627451,0.8524027459954233,0.17307692307692307,0.35294117647058826,0.35294117647058826,0.35294117647058826,0.07322654462242563,0.3269230769230769,0.4215686274509804,0.4215686274509804,0.4215686274509804,0.6967963386727689,0.23150320227375223,0.1103203989598438,0.1103203989598438,0.1103203989598438,-0.9970951449888823,-0.5317268276158682,-0.5317268276158682,-0.5317268276158682,-0.7732438553246788,-0.4536860482257276,-0.4536860482257276,-0.4536860482257276,0.024367830123024348,0.06798853380926717,0.07465518644486346,-0.0720115223150144
2011-08-16,1782.4000244140625,0.6923076923076923,0.6116504854368932,0.6116504854368932,0.6116504854368932,0.8901601830663616,0.15384615384615385,0.30097087378640774,0.30097087378640774,0.30097087378640774,0.05606407322654462,0.34615384615384615,0.42718446601941745,0.42718446601941745,0.42718446601941745,0.7128146453089245,0.5505025808975779,0.4518964970143865,0.4518964970143865,0.4518964970143865,-1.108517825151541,-0.6521658954359701,-0.6521658954359701,-0.6521658954359701,-0.6826640251076478,-0.3745643366042399,-0.3745643366042399,-0.3745643366042399,0.04258304722533501,0.02485408783158838,0.02491024674927189,-0.06883980675579449
2011-08-23,1858.300048828125,0.5769230769230769,0.5096153846153846,0.5096153846153846,0.5096153846153846,0.8581235697940504,0.19230769230769232,0.34615384615384615,0.34615384615384615,0.34615384615384615,0.06864988558352403,0.4807692307692308,0.5480769230769231,0.5480769230769231,0.5480769230769231,0.7677345537757437,0.25312942594015647,0.14285466336735572,0.14285466336735572,0.14285466336735572,-1.007777642098846,-0.5751784601683744,-0.5751784601683744,-0.5751784601683744,-0.38979043055796764,-0.08702225454457128,-0.08702225454457128,-0.08702225454457128,-0.017004841428152284,0.006242251133369292,-0.0278211655188787,-0.11117693172667975
2011-08-30,1826.699951171875,0.4423076923076923,0.3942307692307692,0.4,0.4,0.8318077803203662,0.17307692307692307,0.3173076923076923,0.3142857142857143,0.3142857142857143,0.059496567505720827,0.3076923076923077,0.38461538461538464,0.3904761904761905,0.3904761904761905,0.6887871853546911,-0.09603923741355846,-0.2526826561188569,-0.23539275029963555,-0.23539275029963555,-1.0734578198927176,-0.625007173491825,-0.6355686265122885,-0.6355686265122885,-0.7374188586959057,-0.5173894544982354,-0.4685139724416414,-0.4685139724416414,0.023649244209194675,5.4796988517846756e-05,-0.09640333951559199,-0.06957901077536
2011-09-06,1869.9000244140625,0.5,0.4230769230769231,0.4339622641509434,0.4339622641509434,0.8443935926773455,0.038461538461538464,0.11538461538461539,0.11320754716981132,0.11320754716981132,0.018306636155606407,0.5,0.5384615384615384,0.5471698113207547,0.5471698113207547,0.7517162471395881,0.1287006039546358,-0.04020669805181334,-0.02417589476095026,-0.02417589476095026,-1.589505523741399,-1.1143497488644718,-1.118250956881142,-1.118250956881142,-0.44352921781407545,-0.24315667016930603,-0.1869413306942959,-0.1869413306942959,-0.023049347571104994,-0.03385210332191979,-0.13647792390513236,-0.08497781824664885
2011-09-13,1826.800048828125,0.36538461538461536,0.3076923076923077,0.308411214953271,0.308411214953271,0.8020594965675057,0.28846153846153844,0.4230769230769231,0.42990654205607476,0.42990654205607476,0.08352402745995423,0.36538461538461536,0.40384615384615385,0.4205607476635514,0.4205607476635514,0.7070938215102975,-0.32825629173181936,-0.5252324141464986,-0.5149108078055302,-0.5149108078055302,-0.8602291678361982,-0.4523144300285759,-0.4525391715836633,-0.4525391715836633,-0.635324457050462,-0.49468022806576106,-0.41130072493503456,-0.41130072493503456,-0.011057626835047407,-0.09645285117833136,-0.0914714764560266,-0.015546323437138576
2011-09-20,1806.5999755859373,0.11538461538461539,0.07692307692307693,0.08333333333333333,0.08333333333333333,0.7105263157894737,0.3076923076923077,0.4423076923076923,0.4537037037037037,0.4537037037037037,0.09267734553775744,0.15384615384615385,0.23076923076923078,0.25925925925925924,0.25925925925925924,0.6258581235697941,-1.302089196393087,-1.5213419309812746,-1.5230882494372389,-1.5230882494372389,-0.7390744212188388,-0.3420271860264232,-0.3374928531173496,-0.3374928531173496,-0.8512052376664225,-0.7792458078517986,-0.6644554815168335,-0.6644554815168335,-0.08635005098425519,-0.1062216467438084,-0.08574118593344016,-0.013782810113227462
2011-09-27,1650.5999755859375,0.019230769230769232,0.009615384615384616,0.009174311926605505,0.009174311926605505,0.5835240274599542,0.5384615384615384,0.6538461538461539,0.6605504587155964,0.6605504587155964,0.16361556064073227,0.038461538461538464,0.019230769230769232,0.045871559633027525,0.045871559633027525,0.43707093821510296,-2.3469621609412323,-2.594132534500573,-2.617824162530075,-2.617824162530075,0.1502722574909271,0.4810658008752077,0.4919760381411489,0.4919760381411489,-1.464719278215798,-1.5191214132273914,-1.3366426252248251,-1.3366426252248251,-0.021749681900557705,0.005513132025042777,0.02968617516343164,0.03126134517699852
2011-10-04,1614.699951171875,0.019230769230769232,0.009615384615384616,0.00909090909090909,0.00909090909090909,0.5766590389016019,0.5,0.6153846153846154,0.6272727272727273,0.6272727272727273,0.14759725400457666,0.019230769230769232,0.009615384615384616,0.01818181818181818,0.01818181818181818,0.28718535469107553,-2.2711733847116693,-2.5549443691554337,-2.5926986675879724,-2.5926986675879724,-0.07002823215239144,0.2938926995353325,0.3108202155126007,0.3108202155126007,-1.930777469849345,-2.0926011848516066,-1.8735792630209929,-1.8735792630209929,0.02786895482801066,0.02291447396969759,0.05963959357169424,0.061125952949063755
2011-10-11,1659.699951171875,0.038461538461538464,0.019230769230769232,0.018018018018018018,0.018018018018018018,0.580091533180778,0.4423076923076923,0.5769230769230769,0.5945945945945946,0.5945945945945946,0.13501144164759726,0.038461538461538464,0.019230769230769232,0.02702702702702703,0.02702702702702703,0.2974828375286041,-2.110478179556031,-2.42118154022678,-2.4582281796595984,-2.4582281796595984,-0.28969013224080736,0.10652139115139118,0.13333283803737073,0.13333283803737073,-1.8240799648281205,-2.017055924672005,-1.8138896133992328,-1.8138896133992328,-0.004820148361365795,0.024040504662237394,0.08356936634495571,0.04109180891041975
2011-10-18,1651.699951171875,0.019230769230769232,0.009615384615384616,0.008928571428571428,0.008928571428571428,0.568649885583524,0.4807692307692308,0.6057692307692307,0.625,0.625,0.14416475972540047,0.038461538461538464,0.019230769230769232,0.026785714285714284,0.026785714285714284,0.2929061784897025,-2.130259849291746,-2.489584566253606,-2.527036501165861,-2.527036501165861,-0.1753005161319799,0.21678604112283134,0.254969557388416,0.254969557388416,-1.767743700579729,-1.9737846606136178,-1.7862790986928259,-1.7862790986928259,0.029000439444269333,0.035902434207891076,0.07870678927353936,0.004964626436157138
2011-10-25,1699.5999755859375,0.11538461538461539,0.057692307692307696,0.05309734513274336,0.05309734513274336,0.6064073226544623,0.3076923076923077,0.49038461538461536,0.5221238938053098,0.5221238938053098,0.11899313501144165,0.07692307692307693,0.038461538461538464,0.04424778761061947,0.04424778761061947,0.32837528604118993,-1.717881631010691,-2.0996464535607373,-2.148993764606794,-2.148993764606794,-0.5317641498496206,-0.08965153962954138,-0.04601442358101839,-0.04601442358101839,-1.5874010554823692,-1.8152221217023037,-1.6414399071651864,-1.6414399071651864,0.006707475039902988,0.05813135458187069,0.001529757368372131,-0.04942339444965038
2011-11-01,1711.0,0.1346153846153846,0.0673076923076923,0.06140350877192982,0.06140350877192982,0.6275743707093822,0.21153846153846154,0.41346153846153844,0.45614035087719296,0.45614035087719296,0.09954233409610984,0.07692307692307693,0.038461538461538464,0.043859649122807015,0.043859649122807015,0.32036613272311215,-1.4207499645010417,-1.8182778229373102,-1.8751492544339126,-1.8751492544339126,-0.8001331226430394,-0.32248746301249,-0.27234292874489113,-0.27234292874489113,-1.5596223559702547,-1.807348212591436,-1.6391908087938256,-1.6391908087938256,0.05108125331038127,0.04132083645346296,0.00140270275515042,-0.06826420153601698
2011-11-08,1798.4000244140625,0.23076923076923078,0.11538461538461539,0.10434782608695652,0.10434782608695652,0.6819221967963387,0.11538461538461539,0.25961538461538464,0.30434782608695654,0.30434782608695654,0.06178489702517163,0.1346153846153846,0.0673076923076923,0.08695652173913043,0.08695652173913043,0.43363844393592677,-0.9218098353097718,-1.318898354547658,-1.3859589854978795,-1.3859589854978795,-1.2418114185692708,-0.6914520326156143,-0.6365315228630408,-0.6365315228630408,-1.10902643156057,-1.3320550354766874,-1.1915764333201273,-1.1915764333201273,-0.009286072628712616,-0.05349203288269,-0.03920151192333843,-0.11048713887052242
2011-11-15,1781.699951171875,0.25,0.14423076923076922,0.13793103448275862,0.13793103448275862,0.7082379862700229,0.1346153846153846,0.25961538461538464,0.31896551724137934,0.31896551724137934,0.06407322654462243,0.19230769230769232,0.1346153846153846,0.16379310344827586,0.16379310344827586,0.4679633867276888,-0.735334833100369,-1.1216353687592917,-1.1984995542530903,-1.1984995542530903,-1.1844698437790078,-0.6758259188473534,-0.6129907053196559,-0.6129907053196559,-0.9808438803616722,-1.2023017612099705,-1.0754043771356032,-1.0754043771356032,-0.04462030767173264,-0.03833413516843265,-0.06836163781544768,-0.08458211556483197
2011-11-22,1702.199951171875,0.17307692307692307,0.08653846153846154,0.07692307692307693,0.07692307692307693,0.6544622425629291,0.5192307692307693,0.6346153846153846,0.6666666666666666,0.6666666666666666,0.15560640732265446,0.11538461538461539,0.057692307692307696,0.07692307692307693,0.07692307692307693,0.39931350114416475,-1.1637860860582252,-1.567865781796318,-1.646554662006966,-1.646554662006966,-0.020029181727187664,0.33559533763165894,0.4174024130321193,0.4174024130321193,-1.2540431390735096,-1.4397737976838823,-1.3178212014229307,-1.3178212014229307,0.006579763578583586,0.015098151791447467,-0.05087532491486557,-0.027611327310662293
2011-11-29,1713.4000244140625,0.17307692307692307,0.08653846153846154,0.07627118644067797,0.07627118644067797,0.6338672768878718,0.4423076923076923,0.5865384615384616,0.6271186440677966,0.6271186440677966,0.14302059496567507,0.019230769230769232,0.009615384615384616,0.01694915254237288,0.01694915254237288,0.20594965675057209,-1.2514122492648785,-1.6700948427887166,-1.7538469422986436,-1.7538469422986436,-0.18949420034009307,0.1771783618787578,0.26649236530556525,0.26649236530556525,-1.9478732158482885,-2.039370921296984,-1.9277381177022073,-1.9277381177022073,0.008462705610710275,-0.03122446552917235,-0.06956931921542997,-0.02871487833613906
2011-12-06,1727.9000244140625,0.21153846153846154,0.10576923076923077,0.09243697478991597,0.09243697478991597,0.6556064073226545,0.28846153846153844,0.4230769230769231,0.48739495798319327,0.48739495798319327,0.10755148741418764,0.019230769230769232,0.009615384615384616,0.01680672268907563,0.01680672268907563,0.2048054919908467,-1.0786205928857202,-1.4964799862903002,-1.5919502127757614,-1.5919502127757614,-0.6760826813347143,-0.2599610167791765,-0.16435678765801096,-0.16435678765801096,-1.8948742336398676,-1.9907103757662898,-1.894116811476135,-1.894116811476135,-0.03935412873384214,-0.06499221438821745,-0.07419414979501526,0.005729512283223492
2011-12-13,1659.9000244140625,0.1346153846153846,0.0673076923076923,0.058333333333333334,0.058333333333333334,0.6098398169336384,0.38461538461538464,0.5096153846153846,0.5666666666666667,0.5666666666666667,0.12814645308924486,0.057692307692307696,0.028846153846153848,0.03333333333333333,0.03333333333333333,0.2231121281464531,-1.3819746981593106,-1.8241887545746585,-1.9231352054737716,-1.9231352054737716,-0.3805470040029579,-0.012925279502697435,0.09354391826015715,0.09354391826015715,-1.7341308257297026,-1.8577929212631623,-1.7736758454381174,-1.7736758454381174,-0.02668838374393223,-0.039580741174685685,-0.01741070184287996,0.052111572219859514
2011-12-20,1615.5999755859375,0.019230769230769232,0.009615384615384616,0.008264462809917356,0.008264462809917356,0.545766590389016,0.7115384615384616,0.7596153846153846,0.7851239669421488,0.7851239669421488,0.18764302059496568,0.057692307692307696,0.028846153846153848,0.03305785123966942,0.03305785123966942,0.20823798627002288,-1.8128240769152077,-2.292400650390678,-2.39609439578868,-2.39609439578868,0.3447216575867882,0.6190338488434242,0.7359667959070503,0.7359667959070503,-1.767479028848398,-1.8911142794878564,-1.8188251919636043,-1.8188251919636043,-0.013245868245511216,-0.00984156019703819,0.02451100283755303,0.0620822297250585
2011-12-27,1594.199951171875,0.019230769230769232,0.009615384615384616,0.00819672131147541,0.00819672131147541,0.5102974828375286,0.7115384615384616,0.7692307692307693,0.7950819672131147,0.7950819672131147,0.19336384439359267,0.019230769230769232,0.009615384615384616,0.01639344262295082,0.01639344262295082,0.18764302059496568,-1.8790187998282468,-2.3848412732080204,-2.501954283122334,-2.501954283122334,0.4505514385067513,0.7030277074452984,0.8278058722655139,0.8278058722655139,-1.8255068293277676,-1.9283739115350034,-1.8664396029599644,-1.8664396029599644,0.003450006378407533,0.02308370966958928,0.04390917208882361,0.10218293150386626
2012-01-03,1599.699951171875,0.019230769230769232,0.009615384615384616,0.008130081300813009,0.008130081300813009,0.5034324942791762,0.75,0.8269230769230769,0.8455284552845529,0.8455284552845529,0.20938215102974828,0.07692307692307693,0.038461538461538464,0.04065040650406504,0.04065040650406504,0.20709382151029748,-1.8315160601354483,-2.3434896824111493,-2.475635347698648,-2.475635347698648,0.5808397264191227,0.8132690254541578,0.9466782669122454,0.9466782669122454,-1.6892159690598427,-1.8080509956303077,-1.7576176755462547,-1.7576176755462547,0.019566199777149462,0.03469400618493679,0.08632875031038378,0.11708448743210664
2012-01-10,1631.0,0.019230769230769232,0.009615384615384616,0.008064516129032258,0.008064516129032258,0.4954233409610984,0.7884615384615384,0.8365384615384616,0.8548387096774194,0.8548387096774194,0.2139588100686499,0.019230769230769232,0.009615384615384616,0.016129032258064516,0.016129032258064516,0.18421052631578946,-1.780498303701006,-2.2776014199459187,-2.4239782515385886,-2.4239782515385886,0.6536648250078056,0.8596835497057356,1.002255446412627,1.002255446412627,-1.7827203629451318,-1.8523167602109984,-1.8213628662961419,-1.8213628662961419,0.014837493054491002,0.02035558011764249,0.07075415353406656,0.02477009467447111
2012-01-17,1655.199951171875,0.07692307692307693,0.038461538461538464,0.032,0.032,0.528604118993135,0.5192307692307693,0.5865384615384616,0.648,0.648,0.15331807780320367,0.15384615384615385,0.07692307692307693,0.072,0.072,0.2517162471395881,-1.6016960469420112,-2.06163670997324,-2.220309782067327,-2.220309782067327,-0.06077422869790073,0.18105325300536698,0.33039257960896595,0.33039257960896595,-1.3968988688635546,-1.5599628470012978,-1.5340892512716238,-1.5340892512716238,0.005437409536912963,0.049903395416227125,0.036672350793154784,0.023260029685683747
2012-01-24,1664.199951171875,0.11538461538461539,0.057692307692307696,0.047619047619047616,0.047619047619047616,0.5675057208237986,0.40384615384615385,0.46153846153846156,0.5476190476190477,0.5476190476190477,0.12929061784897025,0.1346153846153846,0.0673076923076923,0.06349206349206349,0.06349206349206349,0.2208237986270023,-1.3298733703152787,-1.7518797327456048,-1.9174472597569883,-1.9174472597569883,-0.32125510906727756,-0.07705225950275256,0.07215216512025169,0.07215216512025169,-1.4791854939034739,-1.6249950096300887,-1.6134700262882744,-1.6134700262882744,0.044225513649620796,0.049393147250307745,0.05582263378186347,-0.010515563341819023
2012-01-31,1737.800048828125,0.34615384615384615,0.21153846153846154,0.1732283464566929,0.1732283464566929,0.6773455377574371,0.23076923076923078,0.3173076923076923,0.41732283464566927,0.41732283464566927,0.09725400457665904,0.1346153846153846,0.0673076923076923,0.06299212598425197,0.06299212598425197,0.2139588100686499,-0.587706307723713,-0.9135490890940774,-1.0787416745224534,-1.0787416745224534,-0.7675046923095036,-0.4662723123845258,-0.32580578458617027,-0.32580578458617027,-1.4804121086423003,-1.6304680077538654,-1.6231280052544437,-1.6231280052544437,0.00494877163327101,-0.012602154332329918,0.02831162952553301,-0.030498330366453996
2012-02-07,1746.4000244140625,0.4230769230769231,0.2980769230769231,0.2578125,0.2578125,0.7311212814645309,0.07692307692307693,0.16346153846153846,0.2421875,0.2421875,0.05377574370709382,0.21153846153846154,0.10576923076923077,0.09375,0.09375,0.2803203661327231,-0.2628680446142434,-0.5573068983909841,-0.7137702658429512,-0.7137702658429512,-1.234167154789035,-0.8378451310120836,-0.7138115081155638,-0.7138115081155638,-1.1750806449950963,-1.4349477392746137,-1.4147994226334262,-1.4147994226334262,-0.017464498152554242,0.006126861556512431,-0.04294548726037917,-0.043747150335557095
2012-02-14,1715.9000244140625,0.36538461538461536,0.25,0.20155038759689922,0.20155038759689922,0.700228832951945,0.25,0.3173076923076923,0.4108527131782946,0.4108527131782946,0.09496567505720824,0.19230769230769232,0.09615384615384616,0.08527131782945736,0.08527131782945736,0.2414187643020595,-0.4495242446031017,-0.75672417868239,-0.91241077474215,-0.91241077474215,-0.7267575851358955,-0.44812536410244047,-0.3329921924738943,-0.3329921924738943,-1.256740685798613,-1.5000646684271428,-1.481470871199847,-1.481470871199847,0.02401069443771564,0.041435966300085836,-0.012937859389429374,-0.03286906207331153
2012-02-21,1757.0999755859375,0.4423076923076923,0.3557692307692308,0.3076923076923077,0.3076923076923077,0.7471395881006865,0.07692307692307693,0.125,0.14615384615384616,0.14615384615384616,0.029748283752860413,0.34615384615384615,0.17307692307692307,0.16153846153846155,0.16153846153846155,0.39702517162471396,-0.12083274595159027,-0.40914458461596326,-0.5589596252720308,-0.5589596252720308,-1.4758715332449441,-1.0041909387760666,-0.9042075722130062,-0.9042075722130062,-0.6124278020954982,-1.0771021222479984,-1.0303120639922116,-1.0303120639922116,0.017016689334419688,-0.048773520210935506,-0.06283081551876268,-0.060781929452931704
2012-02-28,1787.0,0.5769230769230769,0.5096153846153846,0.45038167938931295,0.45038167938931295,0.8066361556064073,0.019230769230769232,0.08653846153846154,0.07633587786259542,0.07633587786259542,0.014874141876430207,0.4423076923076923,0.25961538461538464,0.26717557251908397,0.26717557251908397,0.511441647597254,0.3700622409430566,0.10633403477979406,-0.034865546311032884,-0.034865546311032884,-1.9184678127856722,-1.3509795590403821,-1.2694389779725759,-1.2694389779725759,-0.05099000068842251,-0.708826259823154,-0.6386604143423379,-0.6386604143423379,-0.06468940995295891,-0.05221043582995244,-0.05719079528364579,-0.08058198097369895
2012-03-06,1671.4000244140625,0.3269230769230769,0.21153846153846154,0.16666666666666666,0.16666666666666666,0.6670480549199085,0.5769230769230769,0.5673076923076923,0.6060606060606061,0.6060606060606061,0.13958810068649885,0.3269230769230769,0.16346153846153846,0.13636363636363635,0.13636363636363635,0.32608695652173914,-0.6205871702110006,-0.9600281613370044,-1.1270809973072586,-1.1270809973072586,0.17013213371471148,0.11972310682765744,0.21504214684266038,0.21504214684266038,-0.8936323495176417,-1.2795029456163427,-1.248997652900157,-1.248997652900157,0.013342064396361542,-0.014778073998680585,-0.000837635750635668,-0.005803561744943786
2012-03-13,1693.699951171875,0.2692307692307692,0.15384615384615385,0.12030075187969924,0.12030075187969924,0.631578947368421,0.6538461538461539,0.625,0.6466165413533834,0.6466165413533834,0.14874141876430205,0.3076923076923077,0.15384615384615385,0.12781954887218044,0.12781954887218044,0.31922196796338675,-0.8292449785507472,-1.1914648056039945,-1.3684488292547083,-1.3684488292547083,0.3887981941050714,0.24278906885359175,0.32786717063638876,0.32786717063638876,-0.882826575532652,-1.2769150261204671,-1.2528370452784805,-1.2528370452784805,-0.02774989747592571,-0.005254710161379017,-0.020192449759599995,-0.05296094571521448
2012-03-20,1646.699951171875,0.11538461538461539,0.057692307692307696,0.04477611940298507,0.04477611940298507,0.5503432494279176,0.9615384615384616,0.8653846153846154,0.8582089552238806,0.8582089552238806,0.2128146453089245,0.19230769230769232,0.09615384615384616,0.08208955223880597,0.08208955223880597,0.2402745995423341,-1.3581310011354206,-1.7753672510683698,-1.9691570064072423,-1.9691570064072423,1.4569231593129242,0.9404118629879171,1.0081673902319812,1.0081673902319812,-1.1137951102910673,-1.4360445470693666,-1.431567521999658,-1.431567521999658,0.023137243448107192,0.01414954121516998,0.0021862499319855733,-0.05459397887257644
2012-03-27,1684.800048828125,0.23076923076923078,0.125,0.0962962962962963,0.0962962962962963,0.5903890160183066,0.8269230769230769,0.7403846153846154,0.7481481481481481,0.7481481481481481,0.17734553775743708,0.019230769230769232,0.009615384615384616,0.014814814814814815,0.014814814814814815,0.18077803203661327,-1.0090643064888012,-1.430538909801235,-1.6096236324913906,-1.6096236324913906,0.9452356688257513,0.6224556469188447,0.6608381159215675,0.6608381159215675,-1.3863885612862283,-1.6329834082691033,-1.6453206322974603,-1.6453206322974603,-0.008784454178060619,-0.015016647729635735,-0.024810094739253663,-0.06439933336627568
2012-04-03,1670.0,0.11538461538461539,0.057692307692307696,0.04411764705882353,0.04411764705882353,0.5480549199084668,0.9807692307692307,0.8846153846153846,0.8676470588235294,0.8676470588235294,0.21624713958810068,0.019230769230769232,0.009615384615384616,0.014705882352941176,0.014705882352941176,0.13958810068649885,-1.270086258621189,-1.7146793840204064,-1.91316685272169,-1.91316685272169,1.525703249958709,1.0275105027601847,1.0543601890174996,1.0543601890174996,-1.5394294933131523,-1.745340888148614,-1.78078109978799,-1.78078109978799,-0.006287425149700598,-0.01179637794723054,-0.004970089118637722,-0.07269462539764227
2012-04-10,1659.5,0.038461538461538464,0.019230769230769232,0.014598540145985401,0.014598540145985401,0.5,1.0,0.9134615384615384,0.9051094890510949,0.9051094890510949,0.2608695652173913,0.019230769230769232,0.009615384615384616,0.014598540145985401,0.014598540145985401,0.12700228832951946,-1.4557942718717125,-1.9154989455506353,-2.134702701248492,-2.134702701248492,1.9682788166082075,1.3642816085022338,1.3963810107269181,1.3963810107269181,-1.55375971511296,-1.7585147018458298,-1.8156094485701242,-1.8156094485701242,-0.00554380908217833,-0.009942753841518548,-0.033443808376016904,-0.02669481701001808
2012-04-17,1650.300048828125,0.09615384615384616,0.04807692307692308,0.036231884057971016,0.036231884057971016,0.5160183066361556,0.9615384615384616,0.8846153846153846,0.8695652173913043,0.8695652173913043,0.22768878718535468,0.019230769230769232,0.009615384615384616,0.014492753623188406,0.014492753623188406,0.10755148741418764,-1.3154362796762682,-1.771408982204329,-1.997578701243919,-1.997578701243919,1.4560624358891188,1.0358424953334933,1.0789012527570239,1.0789012527570239,-1.6134118285131234,-1.7954915461989445,-1.876022123305452,-1.876022123305452,-0.00442346761930279,0.006907775559871654,-0.05665636383298556,-0.022783794791104706
2012-04-24,1643.0,0.019230769230769232,0.009615384615384616,0.007194244604316547,0.007194244604316547,0.494279176201373,1.0,0.9326923076923077,0.920863309352518,0.920863309352518,0.2700228832951945,0.019230769230769232,0.009615384615384616,0.014388489208633094,0.014388489208633094,0.09267734553775744,-1.3797156657433536,-1.8411979396713398,-2.0809731316242943,-2.0809731316242943,1.9077931487489124,1.3872792342820104,1.4411184909216843,1.4411184909216843,-1.6153434534193238,-1.79416752910966,-1.896100519635417,-1.896100519635417,0.011381589270770043,-0.02373706634205719,-0.04059644015330188,-0.01265979843464704
2012-05-01,1661.699951171875,0.15384615384615385,0.07692307692307693,0.05714285714285714,0.05714285714285714,0.5389016018306636,0.9230769230769231,0.8557692307692307,0.85,0.85,0.2231121281464531,0.09615384615384616,0.04807692307692308,0.04285714285714286,0.04285714285714286,0.15789473684210525,-1.1461361300300748,-1.6154860549530277,-1.855299742002217,-1.855299742002217,1.3387208322543915,0.9847716055776786,1.0490935625853788,1.0490935625853788,-1.191296755747599,-1.5113655949517315,-1.6011530558729512,-1.6011530558729512,-0.034723447594244394,-0.06312806488907452,-0.06806281453289831,-0.05277724844971354
2012-05-08,1604.0,0.019230769230769232,0.009615384615384616,0.0070921985815602835,0.0070921985815602835,0.4107551487414188,1.0,0.9519230769230769,0.950354609929078,0.950354609929078,0.3157894736842105,0.1346153846153846,0.0673076923076923,0.05673758865248227,0.05673758865248227,0.18306636155606407,-1.6184118213169099,-2.1015947400902997,-2.366015303439932,-2.366015303439932,2.1852806886640104,1.6749864188878327,1.7395323224238648,1.7395323224238648,-1.0182270529344575,-1.3954007078149917,-1.4881014200587155,-1.4881014200587155,-0.029426403473737484,-0.017269296241817278,0.006982513199423224,0.010785566601075436
2012-05-15,1556.800048828125,0.019230769230769232,0.009615384615384616,0.007042253521126761,0.007042253521126761,0.35812356979405036,1.0,0.9615384615384616,0.9647887323943662,0.9647887323943662,0.32608695652173914,0.19230769230769232,0.09615384615384616,0.07746478873239436,0.07746478873239436,0.20137299771167047,-1.7993827233184598,-2.3085123611586256,-2.584441893658998,-2.584441893658998,2.249875572463857,1.7938843500303494,1.8501376036564057,1.8501376036564057,-0.8849733505869993,-1.3051577567921588,-1.402930297800425,-1.402930297800425,0.01252569333786857,-0.005267261681010438,0.03590692483972391,0.01445272308215606
2012-05-22,1576.300048828125,0.019230769230769232,0.009615384615384616,0.006993006993006993,0.006993006993006993,0.3295194508009153,0.9615384615384616,0.9230769230769231,0.9300699300699301,0.9300699300699301,0.30320366132723114,0.40384615384615385,0.20192307692307693,0.15384615384615385,0.15384615384615385,0.2768878718535469,-1.8392470487531645,-2.3676670506764967,-2.657387912554561,-2.657387912554561,1.8707799456997383,1.5343351699265029,1.6020304117983726,1.6020304117983726,-0.5429483538820443,-1.0845776118462278,-1.171109654823869,-1.171109654823869,-0.017572842976678604,0.024677980802366495,0.02911875970433009,0.00812023495611025
2012-05-29,1548.5999755859375,0.019230769230769232,0.009615384615384616,0.006944444444444444,0.006944444444444444,0.32151029748283755,1.0,0.9615384615384616,0.9652777777777778,0.9652777777777778,0.3352402745995423,0.19230769230769232,0.09615384615384616,0.0763888888888889,0.0763888888888889,0.19336384439359267,-1.7981874070027328,-2.3387772152956634,-2.6384826355981583,-2.6384826355981583,2.1459251213044603,1.8596671744202236,1.9151740162368491,1.9151740162368491,-0.8779566140015206,-1.2885711455857816,-1.4120302177912079,-1.4120302177912079,0.04300657150710485,0.04139221012300753,0.016401927427676766,0.017693416534954487
2012-06-05,1615.199951171875,0.07692307692307693,0.038461538461538464,0.027586206896551724,0.027586206896551724,0.40274599542334094,0.9038461538461539,0.875,0.8827586206896552,0.8827586206896552,0.2631578947368421,0.3076923076923077,0.15384615384615385,0.11724137931034483,0.11724137931034483,0.20938215102974828,-1.3366425231517016,-1.8743101127350816,-2.1669205281813486,-2.1669205281813486,1.3553212431444437,1.2025498016378493,1.2900905227349553,1.2900905227349553,-0.7535602663751851,-1.2064994237295763,-1.3349263295573257,-1.3349263295573257,-0.001547795985373912,0.004333828759047087,0.003776682665093123,-0.002909826222112666
2012-06-12,1612.699951171875,0.07692307692307693,0.038461538461538464,0.0273972602739726,0.0273972602739726,0.39931350114416475,0.9230769230769231,0.8942307692307693,0.8972602739726028,0.8972602739726028,0.2826086956521739,0.11538461538461539,0.057692307692307696,0.04794520547945205,0.04794520547945205,0.15903890160183065,-1.3022244124090872,-1.8455039430626983,-2.1432805070665437,-2.1432805070665437,1.4305430268353043,1.3208012138791407,1.3921086511355971,1.3921086511355971,-0.9921055905017369,-1.3479677033809936,-1.5069521005250763,-1.5069521005250763,0.005890742411876815,-0.023996994074287348,-0.020710549609355255,-0.001860234445855924
2012-06-19,1622.199951171875,0.1346153846153846,0.0673076923076923,0.047619047619047616,0.047619047619047616,0.43707093821510296,0.6923076923076923,0.7307692307692307,0.7687074829931972,0.7687074829931972,0.20709382151029748,0.19230769230769232,0.09615384615384616,0.07482993197278912,0.07482993197278912,0.18649885583524028,-1.1319178602095104,-1.6757676651549642,-1.9726175490362101,-1.9726175490362101,0.7307551560091464,0.6700084609236056,0.8061883094376968,0.8061883094376968,-0.8117136830505899,-1.2347103598075053,-1.392163326304484,-1.392163326304484,-0.029712706585310555,-0.0005547419373918006,-0.020404374665420333,-0.014054942327757947
2012-06-26,1574.0,0.057692307692307696,0.028846153846153848,0.02027027027027027,0.02027027027027027,0.34096109839816935,0.8461538461538461,0.8365384615384616,0.8581081081081081,0.8581081081081081,0.2540045766590389,0.1346153846153846,0.0673076923076923,0.05405405405405406,0.05405405405405406,0.16361556064073227,-1.4687656694733378,-2.016073063739887,-2.3223798334096943,-2.3223798334096943,1.1479245452903577,1.0875366883357485,1.1734803331371937,1.1734803331371937,-0.8937529910864191,-1.2815317758524645,-1.4548051699307905,-1.4548051699307905,0.030050856942900328,0.003367248302493575,0.0012706480304955914,0.04186786811566878
2012-07-03,1621.300048828125,0.17307692307692307,0.08653846153846154,0.06040268456375839,0.06040268456375839,0.45537757437070936,0.6730769230769231,0.6634615384615384,0.7114093959731543,0.7114093959731543,0.19107551487414187,0.38461538461538464,0.19230769230769232,0.14093959731543623,0.14093959731543623,0.2128146453089245,-0.9549995570572686,-1.512998104173944,-1.8220130225658842,-1.8220130225658842,0.5480870293622482,0.45268391787319995,0.6340847852942958,0.6340847852942958,-0.590459433579517,-1.0939573729606529,-1.2605925558029796,-1.2605925558029796,-0.025905137072164797,-0.019860650263633595,-0.006661351078063094,0.027878831684823302
2012-07-10,1579.300048828125,0.09615384615384616,0.04807692307692308,0.03333333333333333,0.03333333333333333,0.35926773455377575,0.6923076923076923,0.7115384615384616,0.76,0.76,0.2048054919908467,0.46153846153846156,0.23076923076923078,0.16666666666666666,0.16666666666666666,0.2311212814645309,-1.3152605488157345,-1.8543998475977856,-2.1783380753627517,-2.1783380753627517,0.6579939814665912,0.5706773272255969,0.74238079464301,0.74238079464301,-0.4445459323509111,-1.0048980444645985,-1.1747724581179004,-1.1747724581179004,0.006205234252404601,-0.00208956419052464,0.019248971952041227,0.07193058448280998
2012-07-17,1589.0999755859375,0.11538461538461539,0.057692307692307696,0.039735099337748346,0.039735099337748346,0.3695652173913043,0.6153846153846154,0.625,0.6821192052980133,0.6821192052980133,0.18306636155606407,0.5192307692307693,0.25961538461538464,0.18543046357615894,0.18543046357615894,0.2437070938215103,-1.2570828041392967,-1.7844683682907128,-2.1124293862820753,-2.1124293862820753,0.4069297747846587,0.3357403171044218,0.5363548484683733,0.5363548484683733,-0.3758017749762231,-0.9649795159953692,-1.1426234804258604,-1.1426234804258604,-0.008243644696493857,0.013466757751457337,0.006481687109917145,0.08979930491130417
2012-07-24,1576.0,0.019230769230769232,0.009615384615384616,0.006578947368421052,0.006578947368421052,0.26773455377574373,0.9230769230769231,0.8942307692307693,0.9078947368421053,0.9078947368421053,0.2906178489702517,0.2692307692307692,0.1346153846153846,0.09868421052631579,0.09868421052631579,0.1956521739130435,-1.7808199731121177,-2.2239602581101128,-2.572158306412892,-2.572158306412892,1.3965214335749072,1.3593462388897777,1.4262257682140493,1.4262257682140493,-0.6443725665163512,-1.1032596551592715,-1.3062766464134632,-1.3062766464134632,0.021890862944162537,0.021383217748651706,0.04054570077034425,0.12208123376526814
2012-07-31,1610.5,0.1346153846153846,0.0673076923076923,0.0457516339869281,0.0457516339869281,0.36155606407322655,0.8076923076923077,0.7980769230769231,0.8235294117647058,0.8235294117647058,0.2379862700228833,0.057692307692307696,0.028846153846153848,0.026143790849673203,0.026143790849673203,0.12242562929061784,-1.218621327994364,-1.6902851640533232,-2.0320443105782395,-2.0320443105782395,0.8508475192796969,0.8435699850404367,0.9776613690205597,0.9776613690205597,-1.103510463516029,-1.3211584967122856,-1.5568130794231487,-1.5568130794231487,-0.0004967704614250446,-0.006892254322221403,0.03477180999689544,0.09518786018511327
2012-08-07,1609.699951171875,0.038461538461538464,0.019230769230769232,0.012987012987012988,0.012987012987012988,0.3123569794050343,0.9423076923076923,0.9134615384615384,0.9285714285714286,0.9285714285714286,0.3112128146453089,0.019230769230769232,0.009615384615384616,0.012987012987012988,0.012987012987012988,0.07208237986270023,-1.496717334758565,-1.8936414382958138,-2.2508035231275185,-2.2508035231275185,1.4574334618262803,1.470559583195236,1.5277111005758401,1.5277111005758401,-1.5110292488341635,-1.504428172525357,-1.7718769616667212,-1.7718769616667212,-0.006398662527332566,0.018761305931705774,0.05168669675464499,0.10126110762526563
2012-08-14,1599.4000244140625,0.038461538461538464,0.019230769230769232,0.012903225806451613,0.012903225806451613,0.2963386727688787,0.9615384615384616,0.9423076923076923,0.9548387096774194,0.9548387096774194,0.32151029748283755,0.019230769230769232,0.009615384615384616,0.012903225806451613,0.012903225806451613,0.07093821510297482,-1.5591403117966323,-1.9066542076044974,-2.2753708496993106,-2.2753708496993106,1.5194710706496963,1.5581578575293684,1.6162225242841097,1.6162225242841097,-1.4869258706788515,-1.4718738484318357,-1.7494726352473922,-1.7494726352473922,0.025321995361877736,0.041953216557264694,0.0827810568919849,0.10228834130840547
2012-08-21,1639.9000244140625,0.2692307692307692,0.1346153846153846,0.08974358974358974,0.08974358974358974,0.4244851258581236,0.7884615384615384,0.8076923076923077,0.8461538461538461,0.8461538461538461,0.2574370709382151,0.09615384615384616,0.04807692307692308,0.038461538461538464,0.038461538461538464,0.11098398169336385,-0.7846166992873495,-1.3234385776707824,-1.6786417662452238,-1.6786417662452238,0.9278600170582266,1.0018312161341503,1.1354968838815087,1.1354968838815087,-1.1671953891002083,-1.295969695005699,-1.5671733138356887,-1.5671733138356887,0.016220486121061972,0.03231904336298608,0.07835843532346631,0.06390629013817928
2012-08-28,1666.5,0.5384615384615384,0.2692307692307692,0.1794871794871795,0.17834394904458598,0.551487414187643,0.4807692307692308,0.5480769230769231,0.6282051282051282,0.6242038216560509,0.17048054919908467,0.5192307692307693,0.25961538461538464,0.17307692307692307,0.17834394904458598,0.21853546910755148,-0.06379121893518395,-0.8278499800423409,-1.1729402476644417,-1.174199827386573,0.016397824212872572,0.145737812482718,0.3999101886700235,0.38978453873328145,-0.19522253045345164,-0.8880485489679384,-1.1469601799276645,-1.1274984492307156,0.015841598808318258,0.03918394769164424,0.05838586788366329,0.025082537550630057
2012-09-04,1692.9000244140625,0.6538461538461539,0.3269230769230769,0.21794871794871795,0.21518987341772153,0.5846681922196796,0.21153846153846154,0.2692307692307692,0.38461538461538464,0.3860759493670886,0.10411899313501144,0.8461538461538461,0.4230769230769231,0.28205128205128205,0.2848101265822785,0.3352402745995423,0.31935558697513555,-0.5955805942222222,-0.9384635191227264,-0.944690148569383,-0.9994821302975532,-0.7650760236252713,-0.400064359638879,-0.4023854744712405,0.5648685811617826,-0.6207266121633288,-0.8658750578796497,-0.845000697116395,0.02297833531399851,0.044598026410999525,0.047138003193917255,0.01063264205825143
2012-09-11,1731.800048828125,0.7884615384615384,0.41346153846153844,0.27564102564102566,0.27044025157232704,0.6533180778032036,0.057692307692307696,0.0673076923076923,0.1346153846153846,0.1320754716981132,0.030892448512585814,0.9038461538461539,0.4519230769230769,0.3076923076923077,0.31446540880503143,0.41762013729977115,0.8989881897450531,-0.25104136738390875,-0.5947200026325167,-0.6052459909487105,-1.7750952554831037,-1.4944465974088472,-1.0501543105031939,-1.0448925750154454,1.386968493116224,-0.3787998646708052,-0.6146484221256188,-0.593622378837715,0.021134065454440965,0.01847788376126558,0.0180159084722209,-0.01022062174796956
2012-09-18,1768.4000244140625,0.8846153846153846,0.49038461538461536,0.3269230769230769,0.31875,0.6784897025171625,0.07692307692307693,0.07692307692307693,0.16025641025641027,0.15625,0.036613272311212815,0.9807692307692307,0.5192307692307693,0.3782051282051282,0.39375,0.5091533180778032,1.1568848818701625,-0.08471319613076328,-0.4341709363563286,-0.44982795438615464,-1.6571251579779873,-1.4078501604554183,-0.9807889482555893,-0.9714083023631962,2.3284773078475682,-0.10443596568274364,-0.33407775090585395,-0.31155062558143154,-0.0026012076014654273,0.0024315351156123377,-0.013401986493435047,-0.024994386242916167
2012-09-25,1763.800048828125,0.9615384615384616,0.5769230769230769,0.42948717948717946,0.422360248447205,0.7414187643020596,0.019230769230769232,0.009615384615384616,0.038461538461538464,0.037267080745341616,0.009153318077803204,1.0,0.5384615384615384,0.40384615384615385,0.422360248447205,0.5663615560640732,1.604603612394954,0.2536992482507012,-0.1102224263907921,-0.1285721641000316,-2.5223874123205965,-2.3688610481896526,-1.8563264496663714,-1.8471782235859697,2.68763110755407,0.07343530178213672,-0.1676800576070384,-0.14108293840404523,0.005045868067450776,-0.0004535938348887436,-0.031466151753921534,-0.023018537550911655
2012-10-02,1772.699951171875,0.9807692307692307,0.5961538461538461,0.44871794871794873,0.4382716049382716,0.7551487414187643,0.019230769230769232,0.009615384615384616,0.038461538461538464,0.037037037037037035,0.008009153318077803,0.9807692307692307,0.5384615384615384,0.391025641025641,0.4074074074074074,0.5240274599542334,1.6967978834121633,0.3822390136925687,0.005811094578009691,-0.01846159487452061,-2.488960656172609,-2.476148361649847,-1.9861890368536392,-1.9760577454901669,2.1582138211137383,-0.03520296368627997,-0.30180333434968176,-0.274768022609832,-0.005471851660774685,-0.015795115231706403,-0.03486203444466651,-0.017205393377394462
2012-10-09,1763.0,0.9807692307692307,0.625,0.47435897435897434,0.4601226993865031,0.7688787185354691,0.019230769230769232,0.009615384615384616,0.03205128205128205,0.03067484662576687,0.005720823798627002,0.9807692307692307,0.5480769230769231,0.40384615384615385,0.4233128834355828,0.5446224256292906,1.7664400689904969,0.5087452158554692,0.11858299171045435,0.08520443372466391,-2.3319111397454226,-2.4291619660783277,-1.9849600310969753,-1.9631313835657114,2.161496071088444,0.03672677549191193,-0.2458587997706298,-0.21994499737816656,-0.010380061728942125,-0.031026631407756633,-0.027736826099865275,-0.0389109334009855
2012-10-16,1744.699951171875,0.9230769230769231,0.5865384615384616,0.4358974358974359,0.42073170731707316,0.7425629290617849,0.09615384615384616,0.0673076923076923,0.10256410256410256,0.10975609756097561,0.020594965675057208,0.8653846153846154,0.46153846153846156,0.3076923076923077,0.31097560975609756,0.4267734553775744,1.4099955724739075,0.31029730251528703,-0.07781471274516998,-0.12112840151211843,-1.514975791381585,-1.6196943709231886,-1.2531478393237552,-1.220686862925658,1.2458029259728076,-0.2769263042585178,-0.5769251809192903,-0.5563797590292444,-0.02086313025875941,-0.01937291666404295,-0.011749871366839137,-0.02092050267754275
2012-10-23,1708.300048828125,0.8269230769230769,0.5096153846153846,0.33974358974358976,0.3212121212121212,0.6853546910755148,0.17307692307692307,0.125,0.1858974358974359,0.19393939393939394,0.041189931350114416,0.7884615384615384,0.4326923076923077,0.28846153846153844,0.2909090909090909,0.391304347826087,0.9917889976187051,0.03274406526160449,-0.34857568242166154,-0.3984136807594865,-1.132708928318312,-1.2302126151543138,-0.8980731579935498,-0.8623664013963347,0.9495131727842213,-0.3714635569708482,-0.6808078161171774,-0.663640110218494,0.0015219665817611805,0.0033951452274390004,0.008722063992195661,-0.022712666229062872
2012-10-30,1710.9000244140625,0.6730769230769231,0.41346153846153844,0.27564102564102566,0.25903614457831325,0.6430205949656751,0.25,0.20192307692307693,0.30128205128205127,0.3313253012048193,0.07780320366132723,0.7692307692307693,0.4326923076923077,0.28846153846153844,0.2891566265060241,0.3890160183066362,0.6207952422732996,-0.22877068395764724,-0.6015912255562791,-0.6576623418552209,-0.8677311758935083,-0.9507819295490585,-0.6421938495049401,-0.6006838283303497,0.8908794073075148,-0.3728329106328882,-0.6928673052374815,-0.6779186593146964,0.0018703320627813103,0.007773643443816924,0.018294421831300145,-0.03056873463195864
2012-11-06,1714.0999755859375,0.5576923076923077,0.27884615384615385,0.1858974358974359,0.17365269461077845,0.5594965675057209,0.40384615384615385,0.4423076923076923,0.5384615384615384,0.562874251497006,0.14530892448512586,0.7692307692307693,0.4326923076923077,0.28846153846153844,0.2754491017964072,0.34782608695652173,-0.026119657033230784,-0.7125795591974294,-1.0652315199683198,-1.1245237940391961,-0.1497089529569961,-0.16571537460240846,0.09379857961667715,0.14195480586387182,0.6120476223462735,-0.4851422797479225,-0.801537525241069,-0.794013953428294,0.005892290840553205,0.00530889429761916,-0.011492883409639498,-0.02292744140806513
2012-11-13,1724.199951171875,0.6346153846153846,0.36538461538461536,0.24358974358974358,0.2261904761904762,0.5961098398169337,0.23076923076923078,0.21153846153846154,0.3269230769230769,0.36904761904761907,0.08924485125858124,0.8653846153846154,0.4807692307692308,0.32051282051282054,0.31547619047619047,0.41304347826086957,0.3185076632777124,-0.46174782248486795,-0.8240530542649984,-0.8912647895524137,-0.8106196647551386,-0.8661430238377282,-0.5650871720474464,-0.5106271241288108,1.1392550199160023,-0.2485703707929776,-0.5982272199993658,-0.5920421184696257,-0.0005799791371762231,0.01043962446917246,-0.009279666194820013,-0.03636466358165724
2012-11-20,1723.199951171875,0.7307692307692307,0.4423076923076923,0.2948717948717949,0.27218934911242604,0.6464530892448512,0.21153846153846154,0.14423076923076922,0.21794871794871795,0.25443786982248523,0.057208237986270026,0.9038461538461539,0.5673076923076923,0.40384615384615385,0.40236686390532544,0.488558352402746,0.6903244968132716,-0.18188178199283955,-0.5539442000722837,-0.6308158105635012,-1.0336706414185468,-1.1260214476238455,-0.8269016431397742,-0.7612636324605498,1.678299179916547,0.035178054504611436,-0.370354191135747,-0.3629198169113782,0.011025998455419517,-0.016713049891991294,-0.031162925193536584,-0.023096522681970932
2012-11-27,1742.199951171875,0.8653846153846154,0.5865384615384616,0.40384615384615385,0.3764705882352941,0.7128146453089245,0.11538461538461539,0.07692307692307693,0.10256410256410256,0.11176470588235295,0.021739130434782608,0.9423076923076923,0.5961538461538461,0.4230769230769231,0.4176470588235294,0.5160183066361556,1.2154529851590836,0.22962816084019622,-0.155457284796894,-0.2460231284572343,-1.3462636521427587,-1.4882599350029115,-1.1896876479923866,-1.1194020270152103,1.7866609368451982,0.15834890573850688,-0.28476513398573805,-0.27864034357797846,-0.027436533175001165,-0.01951555559230167,-0.047985293266541995,-0.028354898248344917
2012-12-04,1694.4000244140625,0.5961538461538461,0.3076923076923077,0.20512820512820512,0.1871345029239766,0.5720823798627003,0.34615384615384615,0.3269230769230769,0.4230769230769231,0.4678362573099415,0.11784897025171624,0.6346153846153846,0.33653846153846156,0.22435897435897437,0.21052631578947367,0.2654462242562929,0.11140622106615988,-0.5907570866054194,-0.9469341468434015,-1.0293948249869334,-0.4168802277470327,-0.4727247567885705,-0.2333390760922565,-0.15915778030556146,0.042107554567980196,-0.6883988886802109,-0.9730986311195139,-0.9897820978321247,0.008144432577298133,-0.014695481619031003,-0.011567501949674042,-0.019889089209521926
2012-12-11,1708.199951171875,0.6153846153846154,0.3173076923076923,0.21153846153846154,0.19186046511627908,0.5743707093821511,0.46153846153846156,0.49038461538461536,0.5833333333333334,0.6162790697674418,0.16247139588100687,0.6153846153846154,0.33653846153846156,0.22435897435897437,0.20930232558139536,0.2562929061784897,0.1468511881156588,-0.5566919131862307,-0.9132919041599894,-1.0020989072270723,0.09009720364435199,0.08662446307992296,0.2904149471735226,0.3702382613610985,0.005630741358203291,-0.6935827555899118,-0.9759328540963179,-0.9971864495194536,-0.022655398828062112,-0.029036399135774715,-0.027338691316457164,-0.02095769100874445
2012-12-18,1669.5,0.4423076923076923,0.22115384615384615,0.14743589743589744,0.1329479768786127,0.5217391304347826,0.6923076923076923,0.7307692307692307,0.7884615384615384,0.8034682080924855,0.21967963386727687,0.6538461538461539,0.36538461538461536,0.24358974358974358,0.2254335260115607,0.2780320366132723,-0.24015293220803438,-0.8321358551764116,-1.1771840206113138,-1.2658773507856431,0.6158596829177501,0.6652667895291726,0.8328697409996346,0.916796634726059,0.08003393631906312,-0.6371837514120987,-0.9337102567049905,-0.9574564543751211,-0.006528915492100884,0.0031746324217580835,0.008325860685272524,-0.012458849253144666
2012-12-24,1658.5999755859375,0.3269230769230769,0.16346153846153846,0.10897435897435898,0.09770114942528736,0.47139588100686497,0.8846153846153846,0.875,0.9038461538461539,0.9137931034482759,0.2963386727688787,0.4423076923076923,0.25961538461538464,0.17307692307692307,0.16091954022988506,0.21739130434782608,-0.5403714769902163,-1.0392964925814108,-1.3770009158245986,-1.4669164319657089,1.1186224208869662,1.2260268617522727,1.3647805181219845,1.4529544249908266,-0.29202317867944244,-0.8256661167963163,-1.0686606147490156,-1.1009965876559458,0.009767317907058537,0.001748477304202245,0.02061984429374264,-0.03316049729264592
2012-12-31,1674.800048828125,0.3269230769230769,0.16346153846153846,0.10897435897435898,0.09714285714285714,0.459954233409611,0.9038461538461539,0.8942307692307693,0.9166666666666666,0.9257142857142857,0.30663615560640733,0.4807692307692308,0.2980769230769231,0.1987179487179487,0.18285714285714286,0.22654462242562928,-0.5935287198759535,-1.063995962640534,-1.399244714926426,-1.4944210773657511,1.1547967138176385,1.2732479099153085,1.4096418311208356,1.5039361608751303,-0.23012666909997245,-0.7825390464906079,-1.031416344850608,-1.0674523230853632,-0.00794127563910163,0.005134926758543434,-0.008418973755175085,-0.035586395938997484
2013-01-08,1661.5,0.21153846153846154,0.10576923076923077,0.07051282051282051,0.0625,0.39588100686498856,0.8846153846153846,0.8846153846153846,0.9102564102564102,0.9204545454545454,0.30549199084668194,0.6730769230769231,0.4326923076923077,0.28846153846153844,0.26136363636363635,0.3169336384439359,-0.9023317792285868,-1.2819363101024317,-1.6063262432441794,-1.7029756369495608,1.1305571197996733,1.2592841678062845,1.3899629078716123,1.4894135870347287,0.27095148537822955,-0.4737151672747333,-0.8185504509907905,-0.8511232082672916,0.013180875362059918,0.018838428424992504,0.006560351738827963,-0.052302151317521806
2013-01-15,1683.4000244140625,0.28846153846153844,0.14423076923076922,0.09615384615384616,0.0847457627118644,0.42105263157894735,0.9038461538461539,0.9038461538461539,0.9166666666666666,0.9265536723163842,0.30778032036613273,0.75,0.5,0.3333333333333333,0.2994350282485876,0.3524027459954233,-0.7626639845641174,-1.172415744961983,-1.4948593361877154,-1.5995401261771875,1.1005530821392728,1.2695361607225368,1.3780687921744446,1.4833352753863611,0.5107850546412903,-0.306505151476736,-0.7113214715238816,-0.7446777727274427,0.005583951691657152,-0.013484657783635612,-0.020613088237458888,-0.05459191106169192
2013-01-22,1692.800048828125,0.38461538461538464,0.19230769230769232,0.1282051282051282,0.11235955056179775,0.4645308924485126,0.7692307692307693,0.8365384615384616,0.8589743589743589,0.8707865168539326,0.2723112128146453,0.8461538461538461,0.5673076923076923,0.3782051282051282,0.34831460674157305,0.42105263157894735,-0.5253884209982633,-0.9932244680983741,-1.3166337185973545,-1.4303173544040753,0.8550514643827268,1.040558034624887,1.1320990480732023,1.242764895363778,1.0047052299301495,0.030718811978387342,-0.49910157179837084,-0.5257042671890834,-0.018962722548638844,-0.012051053772230702,-0.05269380356170128,-0.048145083677437306
2013-01-29,1660.699951171875,0.11538461538461539,0.057692307692307696,0.038461538461538464,0.0335195530726257,0.33638443935926776,0.9615384615384616,0.9615384615384616,0.9551282051282052,0.9608938547486033,0.32379862700228834,0.46153846153846156,0.3173076923076923,0.21153846153846154,0.18994413407821228,0.2379862700228833,-1.1803379789687451,-1.4839789763887339,-1.7863309940649785,-1.8977571679023375,1.182441518114457,1.4826258619006936,1.5161542907360186,1.6291774134614219,-0.18121771550370558,-0.701037006181084,-0.9586251958849386,-1.0103531594801805,0.007045266204729783,-0.0072258688220784295,-0.027398085950380624,-0.039079848408469786
2013-02-05,1672.4000244140625,0.15384615384615385,0.07692307692307693,0.05128205128205128,0.044444444444444446,0.3489702517162471,0.8846153846153846,0.9230769230769231,0.9102564102564102,0.9222222222222223,0.3100686498855835,0.36538461538461536,0.2403846153846154,0.16025641025641027,0.14444444444444443,0.21052631578947367,-1.074044734097443,-1.4067287789606446,-1.7112089828013366,-1.828462284863544,1.0030907733319994,1.3359826547253189,1.3568723115466574,1.4649572761526288,-0.43143042784218566,-0.8500716659873818,-1.0535731860057296,-1.111151355134659,-0.014171294484697783,-0.041138512212249956,-0.058478861157868045,-0.058179889624322856
2013-02-12,1648.699951171875,0.038461538461538464,0.019230769230769232,0.01282051282051282,0.011049723756906077,0.2940503432494279,1.0,1.0,0.9871794871794872,0.988950276243094,0.34668192219679633,0.5769230769230769,0.3942307692307692,0.26282051282051283,0.23204419889502761,0.2723112128146453,-1.410115327744822,-1.648975678879011,-1.9488386168568845,-2.0690048491327935,1.3379250843352595,1.7897226687849492,1.7653841250698408,1.863192889253099,-0.00649136598980496,-0.5736751357409839,-0.8805059442602243,-0.9287804028427349,-0.027354871669572733,-0.020319039844811426,-0.034693972745749146,-0.03790865642688701
2013-02-19,1603.5999755859375,0.019230769230769232,0.009615384615384616,0.00641025641025641,0.005494505494505495,0.18421052631578946,1.0,1.0,1.0,1.0,0.38100686498855835,0.7307692307692307,0.5288461538461539,0.3525641025641026,0.3076923076923077,0.3489702517162471,-2.081299485466127,-2.1331445010815484,-2.424456239655214,-2.548985607128021,2.012383609214124,2.634617436908461,2.551260435224513,2.654918424461937,0.47282410031946304,-0.26936286476751253,-0.6934096303760147,-0.7305367490210125,0.0072337090063243625,-0.0180843105771461,0.004801741930292813,-0.13519576581347614
2013-02-26,1615.199951171875,0.038461538461538464,0.019230769230769232,0.01282051282051282,0.01092896174863388,0.2208237986270023,0.9807692307692307,0.9903846153846154,0.9935897435897436,0.994535519125683,0.36727688787185353,0.5576923076923077,0.38461538461538464,0.2564102564102564,0.22404371584699453,0.2608695652173913,-1.7800667827158296,-1.8979780279959886,-2.1942672424566574,-2.328836152531273,1.7611941432705616,2.3569499113743015,2.3047107846581825,2.4151341042457255,-0.013919405453179417,-0.5789726538757141,-0.8893517379670465,-0.9407547724320837,-0.025136191687277543,-0.014673075710954553,-0.012010836385721091,-0.1279098451161066
2013-03-05,1574.5999755859375,0.019230769230769232,0.009615384615384616,0.00641025641025641,0.005434782608695652,0.17620137299771166,1.0,1.0,1.0,1.0,0.40160183066361554,0.5961538461538461,0.40384615384615385,0.2692307692307692,0.23369565217391305,0.2665903890160183,-1.983514059792476,-2.056873832786083,-2.34719855673716,-2.4900777676403014,1.9861231474245555,2.6541811668985713,2.6077337566970233,2.729835931453943,0.021788625160717723,-0.546894830198863,-0.8705031918293629,-0.9244010479239364,0.010732900213448637,0.023307553544531734,0.0003175409677076413,-0.06503240569145674
2013-03-12,1591.5,0.057692307692307696,0.028846153846153848,0.019230769230769232,0.016216216216216217,0.19221967963386727,1.0,1.0,1.0,1.0,0.4233409610983982,0.7115384615384616,0.5384615384615384,0.358974358974359,0.3081081081081081,0.33981693363844395,-1.7853029133505414,-1.9306772500237428,-2.226370885925219,-2.378003445906278,2.0168754820426624,2.7375745246714835,2.711498796314447,2.8373017189551795,0.46063985616792386,-0.26286429078836726,-0.6981875124841437,-0.743945849836399,0.01244112398876851,0.0027018842778039343,-0.003330222323672638,-0.08953817153628651
2013-03-19,1611.300048828125,0.11538461538461539,0.057692307692307696,0.038461538461538464,0.03225806451612903,0.28832951945080093,0.9807692307692307,0.9903846153846154,0.9935897435897436,0.9946236559139785,0.40274599542334094,0.6538461538461539,0.4807692307692308,0.32051282051282054,0.27419354838709675,0.3123569794050343,-1.1018971390538852,-1.448031587387486,-1.7615049317144107,-1.9183801606879256,1.777456018974085,2.481850018639691,2.502403678693868,2.616870318125847,0.2560513342299224,-0.3714754671709855,-0.765616574987818,-0.8194858774172342,-0.009619561552966505,-0.022466376308072022,-0.13932848829941735,-0.11580716936734503
2013-03-26,1595.800048828125,0.09615384615384616,0.04807692307692308,0.03205128205128205,0.026737967914438502,0.2494279176201373,1.0,1.0,1.0,1.0,0.4244851258581236,0.2692307692307692,0.16346153846153846,0.10897435897435898,0.0962566844919786,0.19221967963386727,-1.3196228033996962,-1.606930753479082,-1.9121745811846278,-2.074872855278728,1.8227894904513302,2.5499058342229115,2.6201437648999018,2.7235200723564494,-0.5832604430587183,-0.8767622160078341,-1.0719158003209746,-1.1492709041097915,-0.012971595819531778,-0.006015852464285709,-0.1173079756324471,-0.13660859338868192
2013-04-02,1575.0999755859375,0.057692307692307696,0.028846153846153848,0.019230769230769232,0.015957446808510637,0.19107551487414187,1.0,1.0,1.0,1.0,0.4610983981693364,0.21153846153846154,0.11538461538461539,0.07692307692307693,0.06914893617021277,0.17963386727688788,-1.599641368919806,-1.8248268502944012,-2.109838322676018,-2.2816457285533662,2.0901838551060408,2.8758050723384394,2.981444083143045,3.103255094453005,-0.6968457330704338,-0.9226842368348137,-1.098029144488872,-1.182576501001642,0.007047156217374839,-0.11954792056152808,-0.065329201961154,-0.12443654564027784
2013-04-09,1586.199951171875,0.09615384615384616,0.04807692307692308,0.03205128205128205,0.026455026455026454,0.2139588100686499,1.0,1.0,1.0,1.0,0.4805491990846682,0.19230769230769232,0.11538461538461539,0.07692307692307693,0.06878306878306878,0.17734553775743708,-1.3691825472588417,-1.6653151497137102,-1.9537761351101657,-2.1298965528250053,2.1317721208255085,2.9304733835614347,3.0750216972994573,3.219039192462253,-0.7403581740649658,-0.9223093156193557,-1.0940331846936693,-1.1855774415087994,-0.12570918451764834,-0.11196569225382191,-0.0864960001231323,-0.11921572399887637
2013-04-16,1386.800048828125,0.23076923076923078,0.11538461538461539,0.07692307692307693,0.06315789473684211,0.30434782608695654,1.0,1.0,1.0,1.0,0.5022883295194508,0.15384615384615385,0.10576923076923077,0.07051282051282051,0.06315789473684211,0.16132723112128147,-0.79423788389599,-1.2405012972438887,-1.5503930087571842,-1.7289604579385707,2.086076686067741,2.8860547158230356,3.0674004968614166,3.23117700297196,-0.9033312864808815,-0.9962961032867427,-1.130665616277438,-1.2322309660921003,0.01571958897480119,0.06158054466173013,0.027329031590225483,-0.007066663169219112
2013-04-23,1408.5999755859375,0.1346153846153846,0.0673076923076923,0.04487179487179487,0.03664921465968586,0.2299771167048055,1.0,1.0,1.0,1.0,0.6899313501144165,0.17307692307692307,0.125,0.08333333333333333,0.07329842931937172,0.16819221967963388,-1.2085764041818843,-1.5586754568831505,-1.8374002958797289,-2.022059579403286,2.521142297690885,3.418959959129564,3.664045129922273,3.8720471396015474,-0.8538932773596236,-0.9314911402620434,-1.0872058519587107,-1.1927569993001554,0.04515119742173912,0.02868097764750943,-0.021865630620219623,-0.029816839931811834
2013-04-30,1472.199951171875,0.1346153846153846,0.0673076923076923,0.04487179487179487,0.036458333333333336,0.2242562929061785,1.0,1.0,1.0,1.0,0.7643020594965675,0.3076923076923077,0.23076923076923078,0.15384615384615385,0.13020833333333334,0.19908466819221968,-1.1991587011274072,-1.5572478805792422,-1.8334251159411825,-2.021477495557757,2.4861890356386804,3.397535463376313,3.697526553687782,3.9302818705423217,-0.6125334434285146,-0.7602953844361827,-0.9858341150985228,-1.0904653590343198,-0.0157586957895276,-0.032264639026913344,-0.0632386759093625,-0.1340849809067166
2013-05-07,1449.0,0.09615384615384616,0.04807692307692308,0.03205128205128205,0.025906735751295335,0.20823798627002288,1.0,1.0,1.0,1.0,0.8306636155606407,0.6346153846153846,0.5288461538461539,0.3525641025641026,0.29015544041450775,0.2940503432494279,-1.2436948789662083,-1.5897362856076942,-1.8649511373327843,-2.054293583104615,2.422028701148572,3.329019341704054,3.6939879877017163,3.9281098714569223,0.08284945239857229,-0.3000271844616567,-0.7272470062476352,-0.8180733988468746,-0.0167702200332126,-0.049137302396048965,-0.0358178222319272,-0.14175294990618525
2013-05-14,1424.699951171875,0.019230769230769232,0.009615384615384616,0.00641025641025641,0.005154639175257732,0.16704805491990846,1.0,1.0,1.0,1.0,0.8993135011441648,0.6730769230769231,0.6057692307692307,0.40384615384615385,0.32989690721649484,0.3306636155606407,-1.4485553078596962,-1.7470223430437792,-2.012760697529795,-2.2019530718822256,2.456675019889091,3.380724266525594,3.8148410365778114,4.054614222695607,0.31537978540020883,-0.12751046669856683,-0.6303890737744748,-0.7213876446972315,-0.032919143645069204,-0.03200672222135592,-0.033480699660752955,-0.12550005817768306
2013-05-21,1377.800048828125,0.019230769230769232,0.009615384615384616,0.00641025641025641,0.005128205128205128,0.14874141876430205,0.9807692307692307,0.9903846153846154,0.9935897435897436,0.9948717948717949,0.8558352402745996,0.7115384615384616,0.6346153846153846,0.4230769230769231,0.3435897435897436,0.34324942791762014,-1.4813094981310277,-1.7693230405682574,-2.034118252790956,-2.2265201513862585,2.1484448753796532,3.012776276957089,3.4549445971540536,3.6907666364924494,0.4033302127660577,-0.044575684665054766,-0.5866175227251355,-0.6823320500213661,0.0009434799765888346,0.014007784928029121,-0.008128954017466938,-0.06314414059862827
2013-05-28,1379.0999755859375,0.1346153846153846,0.0673076923076923,0.04487179487179487,0.03571428571428571,0.20022883295194507,0.9423076923076923,0.9711538461538461,0.9807692307692307,0.9846938775510204,0.8283752860411899,0.09615384615384616,0.08653846153846154,0.057692307692307696,0.05102040816326531,0.15217391304347827,-1.167633838876127,-1.5093287180236237,-1.7954585064166428,-1.9928693593175195,1.9649275957356491,2.7886227873225686,3.240623570107402,3.4749643765495217,-1.0733679176474036,-1.0023298930074074,-1.0981627246004388,-1.2362024637694018,0.013051990659598278,-0.0015227145407245013,-0.07562898165776466,-0.03190486605679599
2013-06-04,1397.0999755859375,0.25,0.125,0.08333333333333333,0.06598984771573604,0.2322654462242563,0.9807692307692307,0.9903846153846154,0.9935897435897436,0.9949238578680203,0.8627002288329519,0.019230769230769232,0.009615384615384616,0.00641025641025641,0.005076142131979695,0.02402745995423341,-0.966338467118465,-1.3458100924879934,-1.6437699484468398,-1.8453344963774811,1.9355387481155402,2.759205095268652,3.2407229799050103,3.476933300760973,-2.4743091515678186,-2.012420862539844,-1.6413364617527482,-1.822616450564133,-0.014386927161392005,-0.021830935890760794,-0.10987044784366473,-0.05232265182402551
2013-06-11,1377.0,0.2692307692307692,0.1346153846153846,0.08974358974358974,0.0707070707070707,0.2425629290617849,0.9807692307692307,0.9903846153846154,0.9935897435897436,0.9949494949494949,0.8844393592677345,0.038461538461538464,0.019230769230769232,0.01282051282051282,0.010101010101010102,0.02517162471395881,-0.8969786020950316,-1.2857689500220013,-1.5881047896347484,-1.7927002030652361,1.8869571900638147,2.704267940289161,3.2120905876183206,3.4467385594393,-2.3020755511577478,-1.9411950134562668,-1.6060551920790536,-1.7907830412042545,-0.007552668419798514,-0.0742192818967865,-0.09520695394766698,-0.06811913495143429
2013-06-18,1366.5999755859375,0.038461538461538464,0.019230769230769232,0.01282051282051282,0.010050251256281407,0.16475972540045766,1.0,1.0,1.0,1.0,0.9336384439359268,0.057692307692307696,0.028846153846153848,0.019230769230769232,0.01507537688442211,0.034324942791762014,-1.2690402816999187,-1.6119872325330096,-1.8719804388714227,-2.071025358257375,1.9424575022320674,2.7802013550046767,3.331669277566619,3.5678600589105804,-2.0629297328532465,-1.8192571988901538,-1.540350500529386,-1.7217648729795305,-0.06717395609381072,-0.09000439206598332,-0.05546606769498352,-0.03322115119649183
2013-06-25,1274.800048828125,0.019230769230769232,0.009615384615384616,0.00641025641025641,0.005,0.12929061784897025,1.0,1.0,1.0,1.0,0.9439359267734554,0.11538461538461539,0.057692307692307696,0.038461538461538464,0.035,0.08009153318077804,-1.446235241081001,-1.7652627081866907,-2.011261528682504,-2.207352887039652,1.8530914864042916,2.676593395156438,3.2330275446439765,3.4752696959323695,-1.5267791356610023,-1.418584910934455,-1.3247684188595765,-1.4965066665139564,-0.02447448387758422,-0.02267024106300375,0.04730147823044395,0.07711007451574536
2013-07-02,1243.5999755859375,0.019230769230769232,0.009615384615384616,0.00641025641025641,0.004975124378109453,0.10297482837528604,1.0,1.0,1.0,1.0,0.9645308924485125,0.17307692307692307,0.125,0.08333333333333333,0.06965174129353234,0.14645308924485126,-1.5930925069027235,-1.9071080084669703,-2.136439302438423,-2.3355815246069485,1.8184007814471912,2.640742689903433,3.1993948642611376,3.4587586295043735,-0.8079007578755086,-0.8566615735332958,-1.016507348036365,-1.1797530362516528,0.0018495085825660507,0.037954385790292866,0.0646510340884987,0.1423287258562418
2013-07-09,1245.9000244140625,0.038461538461538464,0.019230769230769232,0.01282051282051282,0.009900990099009901,0.10983981693363844,1.0,1.0,1.0,1.0,0.965675057208238,0.46153846153846156,0.4807692307692308,0.32051282051282054,0.2524752475247525,0.2459954233409611,-1.4724306261650313,-1.8204203163340515,-2.0467678641866525,-2.2544731390608415,1.7255186289416582,2.5315738098019622,3.08125631694573,3.353288784795118,-0.05838587459566478,-0.25164392090718557,-0.6878475743903634,-0.8445102265792256,0.03603822420276348,0.07159479045184636,0.029938137913878338,0.1333172584726876
2013-07-16,1290.800048828125,0.15384615384615385,0.07692307692307693,0.05128205128205128,0.03940886699507389,0.17963386727688788,1.0,1.0,1.0,1.0,0.971395881006865,0.5961538461538461,0.6153846153846154,0.41025641025641024,0.32019704433497537,0.3100686498855835,-1.012199749492782,-1.4186074545578764,-1.6808111758063426,-1.9032244715901474,1.659045222806582,2.4543760696368215,2.997471494766782,3.2823357394404526,0.24414934354708012,0.02460448914953921,-0.5469259259047567,-0.7054016973522585,0.03431974363343948,0.025720444620385807,0.023551209477679524,0.056786430109263764
2013-07-23,1335.0999755859375,0.38461538461538464,0.19230769230769232,0.1282051282051282,0.09803921568627451,0.2437070938215103,0.9807692307692307,0.9903846153846154,0.9935897435897436,0.9950980392156863,0.9702517162471396,0.5192307692307693,0.5384615384615384,0.358974358974359,0.27941176470588236,0.26887871853546913,-0.6878709025054573,-1.1134791544502827,-1.4086688138389083,-1.6420823111618126,1.5759089981406254,2.3601347867143794,2.8870090601755045,3.1823165492485224,0.03831349708986677,-0.11518747807269453,-0.6211796725209413,-0.7890749160201891,-0.00831396583695243,-0.03887351161944641,0.028462287989573953,-0.019174575727710863
2013-07-30,1324.0,0.3269230769230769,0.16346153846153846,0.10897435897435898,0.08292682926829269,0.22540045766590389,1.0,1.0,1.0,1.0,0.9897025171624714,0.1346153846153846,0.07692307692307693,0.05128205128205128,0.04390243902439024,0.09725400457665904,-0.7494844827347044,-1.186977462490362,-1.4489525226864066,-1.6862897250266082,1.6441316293612427,2.4484739409605925,2.9886382747629083,3.302858223517201,-1.2899133075449498,-1.2827060195291204,-1.1801555202572258,-1.3717074949636356,-0.030815746849036985,-0.002114840504626181,0.07296070663590437,-0.0060422960725075026
2013-08-06,1283.199951171875,0.07692307692307693,0.038461538461538464,0.02564102564102564,0.019417475728155338,0.14302059496567507,0.9807692307692307,0.9903846153846154,0.9935897435897436,0.9951456310679612,0.988558352402746,0.11538461538461539,0.07692307692307693,0.05128205128205128,0.043689320388349516,0.09382151029748284,-1.1284805557544673,-1.5637956111627207,-1.7370361027993577,-1.9742514808473481,1.567351253796378,2.357725247369557,2.886294827601058,3.2097061333877996,-1.340251540801241,-1.3032434554375412,-1.1792801374859145,-1.377156396148264,0.029613467461011567,0.07005924862447332,0.10037410670916813,0.0021820830226557675
2013-08-13,1321.199951171875,0.11538461538461539,0.057692307692307696,0.038461538461538464,0.028985507246376812,0.15789473684210525,0.9615384615384616,0.9807692307692307,0.9871794871794872,0.9903381642512077,0.9874141876430206,0.07692307692307693,0.057692307692307696,0.038461538461538464,0.033816425120772944,0.07780320366132723,-1.030310434361757,-1.4745296721852323,-1.6507517689261053,-1.8947076542013996,1.4594070602540945,2.2293481482933597,2.7400552364463415,3.0685684229982564,-1.5422768932424291,-1.4759530291833611,-1.24614982530443,-1.4523466787111299,0.03928249041186249,0.07523465643932004,0.03247050105929161,0.0022706631175235525
2013-08-20,1373.0999755859375,0.28846153846153844,0.14423076923076922,0.09615384615384616,0.07211538461538461,0.20709382151029748,0.9423076923076923,0.9711538461538461,0.9807692307692307,0.9855769230769231,0.9782608695652174,0.07692307692307693,0.038461538461538464,0.02564102564102564,0.02403846153846154,0.059496567505720827,-0.7657436918315081,-1.2153753368392606,-1.4415790696513755,-1.6930671373243638,1.3294227055856562,2.075361810990329,2.5656135909279976,2.895268613414997,-1.6932414851739097,-1.6601455649814123,-1.3067701485430132,-1.5201883381426962,0.03459325675082803,0.028330074361455626,-0.04631853231138372,-0.07290071907780948
2013-08-27,1420.5999755859375,0.5576923076923077,0.3076923076923077,0.20512820512820512,0.15311004784688995,0.3157894736842105,0.8076923076923077,0.9038461538461539,0.9358974358974359,0.9521531100478469,0.9302059496567505,0.07692307692307693,0.038461538461538464,0.02564102564102564,0.019138755980861243,0.05148741418764302,-0.24253326793022068,-0.6742820620510575,-1.0313387169445414,-1.2952951099609082,1.1655845655114427,1.88220320973831,2.3475470003228245,2.6733697136030554,-1.6635498651259317,-1.6979058890918526,-1.3113683447530984,-1.52815552475819,-0.0060537630112167395,-0.039771928038148885,-0.07363084427957589,-0.05497675413778924
2013-09-03,1412.0,0.5769230769230769,0.33653846153846156,0.22435897435897437,0.16666666666666666,0.3318077803203661,0.7884615384615384,0.8942307692307693,0.9294871794871795,0.9476190476190476,0.9164759725400458,0.11538461538461539,0.07692307692307693,0.05128205128205128,0.04285714285714286,0.07322654462242563,-0.10660823920280814,-0.5375751967519758,-0.9289268788898729,-1.1996085591365298,1.0657604824542546,1.7682666088821453,2.217877570444405,2.5436859217911247,-1.44452457084272,-1.5569800882590632,-1.2304454188239848,-1.4478979428709429,-0.03392353003828785,-0.07259206798866857,-0.0892351274787535,-0.047308816450513436
2013-09-10,1364.0999755859375,0.5192307692307693,0.2692307692307692,0.1794871794871795,0.13270142180094788,0.2894736842105263,0.8461538461538461,0.9230769230769231,0.9487179487179487,0.9620853080568721,0.9588100686498856,0.09615384615384616,0.04807692307692308,0.03205128205128205,0.023696682464454975,0.05263157894736842,-0.3273048058362771,-0.7892540075181458,-1.1106448764058832,-1.3777172823009223,1.1328601162985683,1.8474150011500796,2.3082327893685832,2.6467446970197295,-1.5219150867103515,-1.7257258353294296,-1.2855656880502682,-1.5044077060477006,-0.040026373845864605,-0.03526132720974251,-0.029250073402371957,-0.04112599999266198
2013-09-17,1309.5,0.4423076923076923,0.22115384615384615,0.14743589743589744,0.10849056603773585,0.2414187643020595,0.9423076923076923,0.9711538461538461,0.9807692307692307,0.9858490566037735,0.9805491990846682,0.11538461538461539,0.057692307692307696,0.038461538461538464,0.02830188679245283,0.05491990846681922,-0.5354921990572635,-1.0246126334242103,-1.2796808605084256,-1.541609699584581,1.1735178487929707,1.8921233710043566,2.359578925412463,2.7088239519122386,-1.4548837676737978,-1.7026580592064713,-1.2678410330374337,-1.4864126860331577,0.004963726613211206,-0.017945780832378744,-0.027873234058801044,-0.029324188174159938
2013-09-24,1316.0,0.5192307692307693,0.2692307692307692,0.1794871794871795,0.13145539906103287,0.28604118993135014,0.9038461538461539,0.9519230769230769,0.967948717948718,0.9765258215962441,0.9736842105263158,0.07692307692307693,0.038461538461538464,0.02564102564102564,0.018779342723004695,0.03775743707093822,-0.2783680895241804,-0.7741115196552748,-1.0986613833776584,-1.3699890097522318,1.1095328730570402,1.8095326192702579,2.2698541611457705,2.620428001685632,-1.6219467496309765,-1.9009258812801266,-1.359214306911912,-1.5713723551782415,-0.022796352583586588,0.006230965936075306,0.02013677811550152,-0.03237080211697374
2013-10-01,1286.0,0.5192307692307693,0.2692307692307692,0.1794871794871795,0.1308411214953271,0.2757437070938215,0.9423076923076923,0.9711538461538461,0.9807692307692307,0.985981308411215,0.982837528604119,0.057692307692307696,0.028846153846153848,0.019230769230769232,0.014018691588785047,0.02745995423340961,-0.3108529563040541,-0.8257225374541313,-1.1356006984742222,-1.406197801013008,1.1303588342163677,1.818621553443365,2.2825876932958966,2.640467085433458,-1.6996833414535295,-1.9945721384218318,-1.4155788601133785,-1.61967679318554,0.029704472139871596,-0.01010886469673411,0.04603417664998055,-0.03468116297506807
2013-10-08,1324.199951171875,0.6538461538461539,0.3557692307692308,0.23717948717948717,0.17209302325581396,0.3180778032036613,0.7884615384615384,0.8942307692307693,0.9294871794871795,0.9488372093023256,0.959954233409611,0.019230769230769232,0.009615384615384616,0.00641025641025641,0.004651162790697674,0.019450800915331808,0.009055521366242802,-0.5545731994915246,-0.9359064629348782,-1.2210476910437749,0.9881918273186482,1.6552939117894778,2.101660747317393,2.454747558353685,-1.7725736768346714,-2.0677331346404473,-1.4679318687877263,-1.6620113418954159,-0.03866481880365924,0.013819702086478758,-0.012233765117978246,-0.07740522865092292
2013-10-15,1273.0,0.40384615384615385,0.20192307692307693,0.1346153846153846,0.09722222222222222,0.2288329519450801,0.9038461538461539,0.9519230769230769,0.967948717948718,0.9768518518518519,0.9794050343249427,0.1346153846153846,0.0673076923076923,0.04487179487179487,0.032407407407407406,0.04691075514874142,-0.4968768796483514,-1.0143401212432188,-1.2749892795846336,-1.5369066183523545,1.0389108936241638,1.696419518020803,2.1499536320670143,2.511615206472878,-1.3322994782679185,-1.6118737075073273,-1.2849380047881378,-1.4790567972039075,0.05459544383346415,0.05671637955371178,-0.0014925564918009115,-0.00832676793867837
2013-10-22,1342.5,0.6346153846153846,0.3269230769230769,0.21794871794871795,0.15668202764976957,0.2951945080091533,0.6730769230769231,0.8365384615384616,0.8910256410256411,0.9216589861751152,0.9290617848970252,0.25,0.14423076923076922,0.09615384615384616,0.07373271889400922,0.07551487414187644,-0.03419379069308093,-0.6494102242356402,-1.0019348586234138,-1.2883723961193088,0.8652547426153491,1.5189249425421572,1.9524466039159334,2.308511161981631,-0.9961012479009771,-1.2715246837892853,-1.1378351317157231,-1.3394836924829445,0.0020111368133146623,-0.025698324022346397,-0.05147111775488822,-0.08290506430400368
2013-10-29,1345.199951171875,0.7884615384615384,0.5,0.3333333333333333,0.23853211009174313,0.40045766590389015,0.6346153846153846,0.8173076923076923,0.8782051282051282,0.9128440366972477,0.9061784897025171,0.23076923076923078,0.11538461538461539,0.07692307692307693,0.05963302752293578,0.06636155606407322,0.7259766612229237,-0.08329682048107136,-0.5786028717921627,-0.9052878464769426,0.745871327057964,1.4020853982542838,1.8229429247723585,2.177026518388796,-1.0662853172723128,-1.358096160837629,-1.1882988756432016,-1.3786138954099072,-0.02765384516961078,-0.05508472961315902,-0.07716319545461392,-0.10414806770093099
2013-11-05,1308.0,0.75,0.4326923076923077,0.28846153846153844,0.2054794520547945,0.34553775743707094,0.5961538461538461,0.7980769230769231,0.8653846153846154,0.9041095890410958,0.8924485125858124,0.23076923076923078,0.11538461538461539,0.07692307692307693,0.0593607305936073,0.06521739130434782,0.41414613754079455,-0.3339157155113858,-0.7649261707164865,-1.0794755555776097,0.6736103829835793,1.335125601974966,1.749760534652479,2.1040173931310417,-1.038388604537339,-1.3460244700343529,-1.2028684911621819,-1.3750152882504727,-0.02821102783949736,-0.026452580723193786,-0.06597863060254205,-0.08111618928588493
2013-11-12,1271.0999755859375,0.2692307692307692,0.1346153846153846,0.08974358974358974,0.06363636363636363,0.19679633867276888,0.7115384615384616,0.8557692307692307,0.9038461538461539,0.9318181818181818,0.937070938215103,0.38461538461538464,0.25,0.16666666666666666,0.12272727272727273,0.12471395881006865,-0.6586748410677843,-1.1407315166437975,-1.3582057373044225,-1.6221206562678838,0.7922350323529578,1.4370727075771714,1.862152388383138,2.2287850310263884,-0.41704371997292766,-0.7189415734393785,-0.9073234030760968,-1.1127935868804946,0.001809494825192548,-0.023365550894755005,-0.0068444271410395,-0.0328061930397352
2013-11-19,1273.4000244140625,0.07692307692307693,0.038461538461538464,0.02564102564102564,0.01809954751131222,0.14073226544622425,0.8653846153846154,0.9326923076923077,0.9551282051282052,0.9683257918552036,0.9759725400457666,0.38461538461538464,0.22115384615384615,0.14743589743589744,0.1085972850678733,0.10068649885583524,-1.0631083849720557,-1.4126075136050993,-1.5554328117959155,-1.805032578700147,0.9018599075781029,1.5185245966672063,1.9523294149580157,2.3302928502837057,-0.6116150178554249,-0.9279349422920747,-1.0212560475070083,-1.2001174158474905,-0.025129573886041312,-0.04060002532666562,-0.033139683079247084,-0.02214549450410397
2013-11-26,1241.4000244140625,0.019230769230769232,0.009615384615384616,0.00641025641025641,0.0045045045045045045,0.08924485125858124,1.0,1.0,1.0,1.0,0.994279176201373,0.34615384615384615,0.19230769230769232,0.1282051282051282,0.0945945945945946,0.09038901601830664,-1.8366202797355442,-1.845656635613321,-1.8748869223309612,-2.0990473390231945,1.2188172694230266,1.747934841376496,2.2044562118872886,2.6040895243581015,-0.7072782139133033,-1.02752983407825,-1.0774940825161932,-1.2404100374468947,-0.015869238645686234,0.016916384394234152,-0.02924121807171587,0.0007250075691656033
2013-12-03,1221.699951171875,0.019230769230769232,0.009615384615384616,0.00641025641025641,0.004484304932735426,0.07322654462242563,1.0,1.0,1.0,1.0,1.0,0.23076923076923078,0.11538461538461539,0.07692307692307693,0.05829596412556054,0.06407322654462243,-2.042233806190208,-1.9473775710272319,-1.952765022947743,-2.1734846250059956,1.3147215702924597,1.7952107574751979,2.2552458992615483,2.6644876467643974,-0.9822957841636247,-1.2937783097839661,-1.229504383383254,-1.3517488838237535,0.03331429554625687,0.007776050077506813,-0.01620686547365424,0.023983015469567492
2013-12-10,1262.4000244140625,0.038461538461538464,0.019230769230769232,0.01282051282051282,0.008928571428571428,0.08581235697940504,0.9807692307692307,0.9903846153846154,0.9935897435897436,0.9955357142857143,0.9965675057208238,0.11538461538461539,0.057692307692307696,0.038461538461538464,0.026785714285714284,0.03546910755148741,-1.7803312351288683,-1.7535699729078758,-1.811266320813347,-2.049783265271467,1.2476020066210327,1.7212048646502431,2.1730288369854867,2.584265820269067,-1.284766884202313,-1.5846094575805443,-1.4057566876636038,-1.4777717447648269,-0.024714886437576578,-0.045389771641299315,-0.02614068390510116,-0.008475976738953173
2013-12-17,1231.199951171875,0.038461538461538464,0.019230769230769232,0.01282051282051282,0.008888888888888889,0.08009153318077804,0.9807692307692307,0.9903846153846154,0.9935897435897436,0.9955555555555555,0.9977116704805492,0.25,0.125,0.08333333333333333,0.06222222222222222,0.06064073226544622,-1.8305545492212192,-1.7577288598924317,-1.8163304464600243,-2.059653521957716,1.2330044957535526,1.689962891270244,2.138353320359971,2.5543767014194123,-0.9335162578211509,-1.2732185719824514,-1.2431616431933137,-1.3479526329343063,-0.02119881142059432,-0.02379786218308766,0.01137102059391304,0.04783952789959134
2013-12-24,1205.0999755859375,0.038461538461538464,0.019230769230769232,0.01282051282051282,0.008849557522123894,0.07551487414187644,0.9807692307692307,0.9903846153846154,0.9935897435897436,0.995575221238938,0.9988558352402745,0.23076923076923078,0.11538461538461539,0.07692307692307693,0.05752212389380531,0.057208237986270026,-1.8829206315337836,-1.7733362781621862,-1.831181672678504,-2.077637062520086,1.215140612630544,1.6602797781518273,2.1054588028022083,2.526125200806637,-0.9165907248530419,-1.2677908782640437,-1.2549905037696574,-1.3463145196879216,-0.0026553408320493244,0.020164342644111377,0.030868868970062247,0.09924485769555025
2013-12-31,1201.9000244140625,0.11538461538461539,0.057692307692307696,0.038461538461538464,0.02643171806167401,0.09725400457665904,0.9038461538461539,0.9519230769230769,0.967948717948718,0.9779735682819384,0.9919908466819222,0.15384615384615385,0.07692307692307693,0.05128205128205128,0.03524229074889868,0.04233409610983982,-1.5439181176021606,-1.5757029762739636,-1.6835453056350704,-1.9483245469921562,1.05000526173827,1.5333109660392275,1.9672659604470257,2.385123584055532,-1.0832454628781014,-1.428135492786367,-1.3708406729352158,-1.4175400500726878,0.02288043883966684,0.03602623003433392,0.04085196321538831,0.11739743133354619
2014-01-07,1229.4000244140625,0.17307692307692307,0.08653846153846154,0.057692307692307696,0.039473684210526314,0.11098398169336385,0.8846153846153846,0.9423076923076923,0.9615384615384616,0.9736842105263158,0.9908466819221968,0.19230769230769232,0.09615384615384616,0.0641025641025641,0.043859649122807015,0.05034324942791762,-1.2018048622245268,-1.3881476626863956,-1.5412900060301828,-1.8233878538178558,0.9702125494620526,1.4656102788157368,1.893635369854825,2.31242858398357,-0.9146719963774421,-1.2859934635907695,-1.3022240659342974,-1.3574413061313193,0.012851737794085993,0.010492943027401225,0.018138869623368414,0.08817311067301015
2014-01-14,1245.199951171875,0.19230769230769232,0.09615384615384616,0.0641025641025641,0.043668122270742356,0.12013729977116705,0.9230769230769231,0.9615384615384616,0.9743589743589743,0.982532751091703,0.9954233409610984,0.6346153846153846,0.4230769230769231,0.28205128205128205,0.1965065502183406,0.17162471395881007,-0.9831395433057887,-1.2653920836855705,-1.4473803669495888,-1.741695454446428,1.0137255230504274,1.4744868650125593,1.9029919968390847,2.32750441196846,0.3725408867634012,-0.1686886615634382,-0.5987401562266172,-0.8737431053323383,-0.002328864806829478,0.004657925679057762,0.03605848552419744,0.08135243559300664
2014-01-21,1242.300048828125,0.21153846153846154,0.10576923076923077,0.07051282051282051,0.04782608695652174,0.12814645308924486,0.8846153846153846,0.9423076923076923,0.9615384615384616,0.9739130434782609,0.9931350114416476,0.5769230769230769,0.36538461538461536,0.24358974358974358,0.16956521739130434,0.14988558352402745,-0.8706561463539831,-1.19489694197932,-1.3924911122876846,-1.6954204335465324,0.9848068220221267,1.4354981769122717,1.860871745805765,2.28703391076455,0.24580854062524843,-0.3166671179494327,-0.6879188036649556,-0.9361472456470793,0.00700309975845359,0.007566531412936062,0.06632850286167069,0.09393861916206103
2014-01-28,1251.0,0.5,0.25,0.16666666666666666,0.11255411255411256,0.20137299771167047,0.6923076923076923,0.8461538461538461,0.8974358974358975,0.9307359307359307,0.977116704805492,0.19230769230769232,0.09615384615384616,0.0641025641025641,0.04329004329004329,0.04919908466819222,0.03596132286392194,-0.7747973836757315,-1.0766838050197498,-1.4095240579075166,0.5177560752035189,1.164899825117267,1.573262146282456,1.9819701061179964,-0.895571784197644,-1.261503474598001,-1.3005923568467326,-1.3464726323025267,0.0005595133268385677,0.03125497648756004,0.07354116706634684,0.04828139441571744
2014-02-04,1251.699951171875,0.4230769230769231,0.21153846153846154,0.14102564102564102,0.09482758620689655,0.18993135011441648,0.7692307692307693,0.8846153846153846,0.9230769230769231,0.9482758620689655,0.9862700228832952,0.019230769230769232,0.009615384615384616,0.00641025641025641,0.004310344827586207,0.016018306636155607,-0.12123570936148431,-0.8458579796878611,-1.125859178140975,-1.457754627451947,0.5993169852310398,1.1968121010961257,1.6068735682338333,2.021655106352121,-1.4354408655685473,-1.709399144537331,-1.5963357837697933,-1.549087539403682,0.03067829824400925,0.05832068614499453,0.06878653112963762,0.022289706401235954
2014-02-11,1290.0999755859375,0.6538461538461539,0.3269230769230769,0.21794871794871795,0.1459227467811159,0.22654462242562928,0.75,0.875,0.9166666666666666,0.944206008583691,0.9839816933638444,0.11538461538461539,0.057692307692307696,0.038461538461538464,0.02575107296137339,0.03318077803203661,0.3558836703288446,-0.6263931076453936,-0.9642271932557652,-1.3135343130644335,0.5616013859355062,1.1669657668341427,1.5755904872254969,1.9918518082855587,-1.0377352822366568,-1.3874458312539997,-1.3844374407702564,-1.4115825146821595,0.02681960796892735,0.041004592989032806,0.04371756102735125,0.014417468365186092
2014-02-18,1324.699951171875,0.9038461538461539,0.49038461538461536,0.3269230769230769,0.21794871794871795,0.30663615560640733,0.34615384615384615,0.6730769230769231,0.782051282051282,0.8547008547008547,0.902745995423341,0.4807692307692308,0.25961538461538464,0.17307692307692307,0.11965811965811966,0.07665903890160183,1.2262220971206892,-0.1986889539161135,-0.659467004400963,-1.039365902490024,-0.006446397187348755,0.9080578376746926,1.3070987463120671,1.7065896531426055,-0.4441771922472708,-0.9177612365509923,-1.0731901333986764,-1.2054443816353684,0.013814485923349107,0.009889105562856937,0.02589269275490036,-0.018645694936445523
2014-02-25,1343.0,1.0,0.7211538461538461,0.4807692307692308,0.3191489361702128,0.45652173913043476,0.23076923076923078,0.6153846153846154,0.7435897435897436,0.8297872340425532,0.8375286041189931,0.4423076923076923,0.22115384615384615,0.14743589743589744,0.10212765957446808,0.06750572082379863,2.4961357504479524,0.5263967839207055,-0.16271115400937208,-0.5937206456184033,-0.4044942198463491,0.7492588039446324,1.1454359300859986,1.5363474729938873,-0.5457566645111979,-1.0056215752818691,-1.1276741977427263,-1.2432650524104885,-0.0038718921607409085,0.002606105733432562,-0.02352939358595496,-0.04646316039766385
2014-03-04,1337.800048828125,1.0,0.7596153846153846,0.5064102564102564,0.3347457627118644,0.4794050343249428,0.15384615384615385,0.5769230769230769,0.717948717948718,0.8135593220338984,0.7574370709382151,0.5576923076923077,0.2980769230769231,0.1987179487179487,0.13559322033898305,0.08581235697940504,2.5132824366925264,0.671764938918692,-0.06548394983910523,-0.5129173693595156,-0.707518518708048,0.6431029739775544,1.0396345725063596,1.4263619312338522,-0.2646493992196038,-0.7940260134051207,-0.9889628414864311,-1.152827940911378,0.0065031774961406,0.01584687576476429,-0.04350431388694376,-0.0312453635090989
2014-03-11,1346.5,1.0,0.7884615384615384,0.5384615384615384,0.35443037974683544,0.5091533180778032,0.1346153846153846,0.5673076923076923,0.7115384615384616,0.810126582278481,0.7265446224256293,0.7692307692307693,0.49038461538461536,0.3269230769230769,0.21940928270042195,0.17048054919908467,2.512988577095926,0.8127799809142523,0.030249871404417393,-0.4330395183761796,-0.8822386480389764,0.5958372430366494,0.9947190327363394,1.3813956253984183,0.7800459999444201,-0.03443077189102453,-0.4874348981905105,-0.8256808128445146,0.009283327144448572,-0.02606756449011327,-0.028072817547809104,-0.028369811490438157
2014-03-18,1359.0,1.0,0.875,0.6410256410256411,0.42016806722689076,0.5789473684210527,0.09615384615384616,0.5480769230769231,0.6987179487179487,0.8025210084033614,0.5961098398169337,0.8653846153846154,0.5865384615384616,0.40384615384615385,0.2689075630252101,0.19679633867276888,2.874374384088779,1.205033454849055,0.31049481524970085,-0.18870545202438,-1.5787706502020535,0.37936588177142416,0.7802378689886025,1.1531303694349113,1.0742767560547057,0.14964921593243194,-0.3589854658172843,-0.7455464939660406,-0.035025736266326324,-0.05842533069467437,-0.043414275202354635,-0.04738780310085544
2014-03-25,1311.4000244140625,0.9807692307692307,0.7980769230769231,0.5512820512820513,0.3598326359832636,0.5137299771167048,0.3076923076923077,0.6538461538461539,0.7692307692307693,0.8493723849372385,0.8947368421052632,0.6538461538461539,0.3557692307692308,0.23717948717948717,0.1589958158995816,0.10526315789473684,2.15624835088108,0.843055700016915,0.06539134355456803,-0.41613756577928357,-0.32910697547051765,0.8198031191876817,1.2198652755199821,1.6336260941286085,0.022801822264279282,-0.6074152554295278,-0.8537188560253648,-1.069676183567202,-0.024248931093571846,-0.002058924196980949,-0.023486387261496766,-0.012887009378861003
2014-04-01,1279.5999755859375,0.9038461538461539,0.6923076923076923,0.46153846153846156,0.3,0.4233409610983982,0.36538461538461536,0.6826923076923077,0.7884615384615384,0.8625,0.9153318077803204,0.019230769230769232,0.009615384615384616,0.00641025641025641,0.004166666666666667,0.006864988558352402,1.4852072465945887,0.4383797347562093,-0.20876191478682035,-0.66756859724948,-0.25040346091648324,0.849725909299489,1.24917499461169,1.6702619250281043,-1.5862030009985209,-1.7543942440179159,-1.6230462562880357,-1.5701599831157307,0.02274146306748115,0.015942501409255794,0.012816524481842784,-0.01109717993341841
2014-04-08,1308.699951171875,0.8653846153846154,0.6346153846153846,0.4230769230769231,0.27385892116182575,0.3718535469107552,0.38461538461538464,0.6923076923076923,0.7948717948717948,0.8672199170124482,0.919908466819222,0.038461538461538464,0.019230769230769232,0.01282051282051282,0.008298755186721992,0.009153318077803204,1.0732562498105744,0.18086083633598365,-0.38261389345886676,-0.8265355566704251,-0.2809974633201599,0.8456239235050144,1.244416226819688,1.6700489742394171,-1.4294269182038701,-1.6549874087907261,-1.56145486639298,-1.5308377755046805,-0.00664778138341382,-0.02147167160874075,-0.00030557221568772164,-0.04920906605527353
2014-04-15,1300.0,0.8076923076923077,0.5384615384615384,0.358974358974359,0.23140495867768596,0.32494279176201374,0.5576923076923077,0.7788461538461539,0.8525641025641025,0.9049586776859504,0.9679633867276888,0.07692307692307693,0.038461538461538464,0.02564102564102564,0.01652892561983471,0.018306636155606407,0.7484908172790836,-0.03796770527416402,-0.5328822812707389,-0.9619929736030672,0.17650782762650288,0.9586329281690803,1.3547650805269265,1.7943839306389808,-1.184523898785186,-1.4928330753896895,-1.4585732552731114,-1.4602174179302736,-0.014923095703125,-0.003076923076923088,-0.004153864933894247,-0.030923039362980798
2014-04-22,1280.5999755859375,0.8269230769230769,0.5769230769230769,0.38461538461538464,0.24691358024691357,0.33752860411899316,0.5,0.75,0.8333333333333334,0.8930041152263375,0.9633867276887872,0.11538461538461539,0.057692307692307696,0.038461538461538464,0.024691358024691357,0.02288329519450801,0.8782197407707486,0.07913802261357374,-0.4445507094929231,-0.8915090545817501,0.08626329413447716,0.92793686773477,1.3236246300434287,1.7655953536001292,-1.004244236662977,-1.376353444650111,-1.3800355977344445,-1.4075059254194275,0.012025632287722132,0.02163054331584946,0.010854306324426188,-0.006949886446772968
2014-04-29,1296.0,0.8269230769230769,0.5865384615384616,0.391025641025641,0.25,0.33981693363844395,0.4807692307692308,0.7403846153846154,0.8269230769230769,0.889344262295082,0.9610983981693364,0.25,0.125,0.08333333333333333,0.05327868852459016,0.036613272311212815,0.8644743096290156,0.09607225600881088,-0.4287243969945295,-0.8833557909234376,-0.019513699057648395,0.8935726279482579,1.2892719158942494,1.7332948308722111,-0.7169629120384343,-1.178225870537483,-1.2423847607080307,-1.3199833020388558,0.009490778416763046,-0.0010802657515914804,-0.023611092273099876,0.019212981800974083
2014-05-06,1308.300048828125,0.8846153846153846,0.7115384615384616,0.4807692307692308,0.30612244897959184,0.41533180778032036,0.4230769230769231,0.7115384615384616,0.8076923076923077,0.8775510204081632,0.9473684210526315,0.7884615384615384,0.4326923076923077,0.3076923076923077,0.2,0.12929061784897025,1.300143065753385,0.45265537718545923,-0.16205920698157172,-0.6652530450758067,-0.17608000468619064,0.8482803033087143,1.2441135364801263,1.68925554618067,0.5927038104719284,-0.31162351304954594,-0.6076729852361266,-0.929769585164575,-0.010471659963980695,-0.010548076368632753,-0.048918441956282366,0.013834728204856317
2014-05-13,1294.5999755859375,0.8461538461538461,0.6634615384615384,0.44871794871794873,0.2845528455284553,0.38100686498855835,0.25,0.625,0.75,0.8414634146341463,0.9107551487414187,0.7115384615384616,0.375,0.2564102564102564,0.16666666666666666,0.09496567505720824,0.967440354866953,0.23139774249950976,-0.3127951204527921,-0.7964475627763051,-0.6433243524205743,0.7323709083776241,1.1308578575584092,1.5714357291379588,0.2773942784700415,-0.5516835295339141,-0.780022046959296,-1.0368699592642068,-7.722507942442558e-05,-0.02255519212307966,-0.02688083378192707,0.01653022154922934
2014-05-20,1294.5,0.8076923076923077,0.6346153846153846,0.4358974358974359,0.27530364372469635,0.36498855835240274,0.23076923076923078,0.6153846153846154,0.7435897435897436,0.8380566801619433,0.9084668192219679,0.7884615384615384,0.4230769230769231,0.2948717948717949,0.1902834008097166,0.11327231121281464,0.8868240892911929,0.19461270053888155,-0.3287785144715851,-0.8149816891225632,-0.6704949417089489,0.7157712190002352,1.1142148762561477,1.5581378861266304,0.48855993891348803,-0.46521828417851097,-0.716415750864174,-0.9987699652840121,-0.022479703040507948,-0.038779413806006136,-0.01761301570345697,0.0018540165423426291
2014-05-27,1265.4000244140625,0.5576923076923077,0.40384615384615385,0.2692307692307692,0.1693548387096774,0.2562929061784897,0.5384615384615384,0.7692307692307693,0.8461538461538461,0.9032258064516129,0.9668192219679634,0.7692307692307693,0.40384615384615385,0.27564102564102566,0.1774193548387097,0.10183066361556065,0.03316984814557279,-0.43659476987389567,-0.7867147396354881,-1.1953041765421608,0.033640618551874765,0.8579009340838091,1.2500204001128883,1.7093843975243135,0.4118935085686332,-0.5120226971193025,-0.7473901088619325,-1.0189141682288685,-0.016674549690883556,-0.004425458730752396,0.043859648276598495,0.03216370348239961
2014-06-03,1244.300048828125,0.3076923076923077,0.16346153846153846,0.10897435897435898,0.06827309236947791,0.16018306636155608,0.5576923076923077,0.7788461538461539,0.8525641025641025,0.9076305220883534,0.9691075514874142,0.3076923076923077,0.16346153846153846,0.10897435897435898,0.06827309236947791,0.04805491990846682,-0.6500801064106397,-0.9420705891315923,-1.164170583537428,-1.5025721876501297,0.04572855596901514,0.848758331561879,1.2405666047166677,1.7036683432374953,-0.5056962342680829,-0.9981076372603067,-1.118649194223071,-1.2385862705452733,0.012456802532956335,0.022020333736670006,0.06598085056997216,0.043397892695461016
2014-06-10,1259.800048828125,0.3076923076923077,0.16346153846153846,0.10897435897435898,0.068,0.15903890160183065,0.5961538461538461,0.7980769230769231,0.8653846153846154,0.916,0.9725400457665904,0.25,0.14423076923076922,0.09615384615384616,0.06,0.038901601830663615,-0.6401507293102876,-0.9293936289294213,-1.1553741899351606,-1.4948801730510748,0.059421239550267145,0.8393696188665807,1.2307731427720934,1.6976421194880489,-0.7166620188904484,-1.092513484035338,-1.1915966538594593,-1.2818580760354084,0.009445865917229845,0.04849974060786333,0.04461021510846308,0.019209358814032518
2014-06-17,1271.699951171875,0.5,0.375,0.25,0.1553784860557769,0.2311212814645309,0.36538461538461536,0.6826923076923077,0.7884615384615384,0.8685258964143426,0.9576659038901602,0.2692307692307692,0.16346153846153846,0.10897435897435898,0.06772908366533864,0.043478260869565216,-0.09775747902962884,-0.5048617154222248,-0.8325774674299078,-1.236195205424044,-0.19942539699825204,0.7707685765730924,1.1649164482866898,1.6312978990877665,-0.653381477365937,-1.0382761760740902,-1.1546732125173993,-1.2585934945500952,0.03868842897795943,0.04301334854324823,0.01981605269306308,0.029173625132298042
2014-06-24,1320.9000244140625,0.9230769230769231,0.7980769230769231,0.5833333333333334,0.3611111111111111,0.4759725400457666,0.07692307692307693,0.46153846153846156,0.6410256410256411,0.7777777777777778,0.8226544622425629,0.6346153846153846,0.375,0.25,0.15873015873015872,0.08352402745995423,1.4915288183010211,0.7273076700005703,0.1336691048654089,-0.48095395201487956,-1.5475903928112673,0.4657630732859544,0.8752588047905236,1.3251258917992814,0.08432946248678913,-0.6306873463129467,-0.8285656431168745,-1.072340017795568,0.004163827616279869,-0.0037096103592215712,-0.011204518551424902,-0.01953217378398464
2014-07-01,1326.4000244140625,1.0,0.9038461538461539,0.7692307692307693,0.4782608695652174,0.6018306636155606,0.038461538461538464,0.41346153846153844,0.6089743589743589,0.758893280632411,0.664187643020595,0.8269230769230769,0.4807692307692308,0.3333333333333333,0.20948616600790515,0.11784897025171624,2.253516438671907,1.4027267136923929,0.6836389851671596,-0.057000855537725,-2.3146481258815133,0.25072449294858523,0.6748186714703514,1.1143485106636757,0.6556228783598108,-0.3238490950218655,-0.579411087741726,-0.9324473313967373,-0.007840790276415044,-0.022240650977846332,-0.021185144050604676,-0.032116989446495214
2014-07-08,1316.0,1.0,0.9038461538461539,0.8012820512820513,0.5,0.6327231121281465,0.038461538461538464,0.40384615384615385,0.6025641025641025,0.7559055118110236,0.6155606407322655,0.9038461538461539,0.5384615384615384,0.38461538461538464,0.24015748031496062,0.15102974828375287,2.344047419705713,1.5768196969896005,0.8676793930440162,0.07050558837324382,-2.4448970326598407,0.16071026658055051,0.5926742841505326,1.0315806420846896,1.282760614609387,-0.02603122723650294,-0.3330452504634684,-0.7969697133376977,-0.014513659259830947,-0.007522814904302844,-0.024316109422492405,-0.039741678440824435
2014-07-15,1296.9000244140625,0.9615384615384616,0.8653846153846154,0.7435897435897436,0.4549019607843137,0.5812356979405034,0.057692307692307696,0.40384615384615385,0.6025641025641025,0.7568627450980392,0.6338672768878718,0.8846153846153846,0.5192307692307693,0.3717948717948718,0.23137254901960785,0.14073226544622425,1.8542478303981353,1.2515510101175988,0.6442238784637692,-0.12038202366285465,-2.1384417011055223,0.1856368796789745,0.6188144929889013,1.0649286649051564,1.267698752800063,-0.10281939107191916,-0.3912774670721797,-0.8322159389808983,0.00709380137149096,0.001079516067319819,0.009175745385184175,-0.03863056106315721
2014-07-22,1306.0999755859375,0.9615384615384616,0.8846153846153846,0.7756410256410257,0.4765625,0.6006864988558352,0.057692307692307696,0.3942307692307692,0.5961538461538461,0.75390625,0.6167048054919908,0.8846153846153846,0.5192307692307693,0.36538461538461536,0.2265625,0.13386727688787187,1.8597190866534705,1.3189952598725796,0.7505286156511349,-0.060646186054206234,-2.1148732842784588,0.14308140809698525,0.5794127730966553,1.0290042250953328,1.2223753721176072,-0.18619266424139264,-0.4565613551398737,-0.8691066644835584,-0.005971921677981329,-0.01692058494681703,-0.008422019910891754,-0.05428376520890421
2014-07-29,1298.300048828125,0.9038461538461539,0.7980769230769231,0.6538461538461539,0.3968871595330739,0.5274599542334096,0.07692307692307693,0.3942307692307692,0.5961538461538461,0.754863813229572,0.6270022883295194,0.15384615384615385,0.09615384615384616,0.0641025641025641,0.038910505836575876,0.028604118993135013,1.2861158676677562,0.8689445501384823,0.40238263515700085,-0.3405361079445962,-1.9055608232766037,0.15664739400879463,0.5935266493857265,1.0498854351526694,-1.0594009788728422,-1.1647108147815006,-1.3254308541504745,-1.313903533694895,-0.011014440645698564,0.00808749873303749,-0.011168450631337534,-0.05953943304392373
2014-08-05,1284.0,0.7692307692307693,0.6730769230769231,0.5256410256410257,0.3178294573643411,0.41762013729977115,0.1346153846153846,0.4230769230769231,0.6153846153846154,0.7674418604651163,0.7139588100686499,0.019230769230769232,0.009615384615384616,0.00641025641025641,0.003875968992248062,0.003432494279176201,0.7180897386434595,0.40307141048074613,0.009197365415916758,-0.6339836511743799,-1.4201393402468419,0.2643932453188777,0.6938985870673382,1.1611968433259718,-1.9772799332854627,-1.5885959472478253,-1.7197689154587805,-1.508803626181755,0.019314679772683085,0.008644840799016729,-0.015810006875486726,-0.05724299065420557
2014-08-12,1308.800048828125,0.9038461538461539,0.8173076923076923,0.7115384615384616,0.42857142857142855,0.562929061784897,0.09615384615384616,0.38461538461538464,0.5897435897435898,0.752895752895753,0.6304347826086957,0.07692307692307693,0.038461538461538464,0.02564102564102564,0.015444015444015444,0.013729977116704805,1.4284917714962329,1.045316392591176,0.6294505074270732,-0.20968546202531613,-1.7304619191712975,0.13760288799256706,0.5764920144378496,1.0433496831406204,-1.367109839541309,-1.3299971038375598,-1.4944274057965676,-1.3885896343519417,-0.010467659482786718,-0.01910146628003606,-0.04737163637448949,-0.07419016964676273
2014-08-19,1295.0999755859375,0.8269230769230769,0.75,0.6025641025641025,0.36153846153846153,0.4931350114416476,0.1346153846153846,0.3942307692307692,0.5961538461538461,0.7576923076923077,0.6418764302059496,0.07692307692307693,0.038461538461538464,0.02564102564102564,0.015384615384615385,0.011441647597254004,0.9979854899401812,0.7042018919019959,0.33734789981911145,-0.42678577182842,-1.5876152402835704,0.14477546549686734,0.5846019452272319,1.0574544411377602,-1.4314183252361374,-1.3621549718802,-1.5548292457196748,-1.405175446018555,-0.008725138576811453,-0.024245251336566742,-0.04625127445235422,-0.047486681460383595
2014-08-26,1283.800048828125,0.6346153846153846,0.6153846153846154,0.46794871794871795,0.28076923076923077,0.36613272311212813,0.23076923076923078,0.4519230769230769,0.6346153846153846,0.7807692307692308,0.7734553775743707,0.057692307692307696,0.028846153846153848,0.019230769230769232,0.011538461538461539,0.008009153318077803,0.3417104008190658,0.15205614581444665,-0.17946470748911916,-0.7854550395718168,-0.972087934348178,0.3101930582108038,0.7399494600120755,1.2216240878343965,-1.557271214676985,-1.41747813743926,-1.637065402219106,-1.4420255302526226,-0.015656719809753694,-0.028820687484608087,-0.048917313007933005,-0.02554918802041284
2014-09-02,1263.699951171875,0.4230769230769231,0.4519230769230769,0.3076923076923077,0.18461538461538463,0.2826086956521739,0.25,0.4519230769230769,0.6346153846153846,0.7807692307692308,0.8215102974828375,0.19230769230769232,0.09615384615384616,0.0641025641025641,0.038461538461538464,0.020594965675057208,-0.18943028131568104,-0.30226812474334136,-0.6176677760434542,-1.0784927562400772,-0.7725838779319025,0.35177744802248384,0.7815906097652692,1.265432757237179,-0.9969974890261407,-1.1521498725188386,-1.4057904357374027,-1.3195559383664492,-0.013373350476177603,-0.022552821952371627,-0.04209856233874243,-0.027300784468660355
2014-09-09,1246.800048828125,0.40384615384615385,0.4423076923076923,0.30128205128205127,0.18076923076923077,0.2700228832951945,0.25,0.4423076923076923,0.6282051282051282,0.7769230769230769,0.8146453089244852,0.4807692307692308,0.28846153846153844,0.19230769230769232,0.11538461538461539,0.05377574370709382,-0.26658354444524274,-0.357314139480021,-0.6764319144437647,-1.1147256704267654,-0.7646290782812376,0.33027111061225606,0.7663055487710827,1.2504446024689928,-0.14854880500900197,-0.7435250516512932,-1.0035800452067551,-1.1284411931493714,-0.009303895734647294,-0.02069301236583576,-0.02815214652039899,-0.06368304564047067
2014-09-16,1235.199951171875,0.25,0.20192307692307693,0.1346153846153846,0.08076923076923077,0.16933638443935928,0.3269230769230769,0.5096153846153846,0.6730769230769231,0.8038461538461539,0.8638443935926774,0.5384615384615384,0.33653846153846156,0.22435897435897437,0.1346153846153846,0.06292906178489703,-0.8403662416692657,-0.8615509292572179,-1.1665579376398458,-1.4316011115031473,-0.46766828356827705,0.40519259488994636,0.8361797937837394,1.3224722847473351,-0.03537665863993804,-0.6765265669106119,-0.9440834503587994,-1.096579250205958,-0.011496074913541765,-0.019996722917970722,-0.0012953170734985031,-0.05861391289326223
2014-09-23,1221.0,0.17307692307692307,0.10576923076923077,0.07051282051282051,0.04230769230769231,0.12700228832951946,0.34615384615384615,0.5096153846153846,0.6730769230769231,0.8038461538461539,0.8775743707093822,0.5192307692307693,0.33653846153846156,0.22435897435897437,0.1346153846153846,0.06178489702517163,-1.1055521238994108,-1.1189510589616993,-1.404303759558918,-1.5848105614905386,-0.34836949047801463,0.4241322262216602,0.8551662264373505,1.3419856863603765,-0.06453571845313913,-0.6754307877223742,-0.9427924289976712,-1.0944509507334017,-0.008599508599508643,-0.007616747606981944,0.024570024570024662,-0.019901759891994275
2014-09-30,1210.5,0.21153846153846154,0.1346153846153846,0.08974358974358974,0.05384615384615385,0.13386727688787187,0.34615384615384615,0.5,0.6666666666666666,0.8,0.8718535469107551,0.36538461538461536,0.23076923076923078,0.15384615384615385,0.09230769230769231,0.04462242562929062,-1.0541689894729782,-1.0899827332510976,-1.3648732448801457,-1.5587385315653535,-0.3751351433618948,0.3922368949064989,0.8305692975616488,1.317225256297807,-0.4667062865441163,-0.8590698068687445,-1.1245715246275985,-1.1699516488138224,0.0009912855612350668,0.01908300337541302,0.015448121579409335,-0.011069826033921926
2014-10-07,1211.699951171875,0.17307692307692307,0.10576923076923077,0.07051282051282051,0.04230769230769231,0.12585812356979406,0.36538461538461536,0.5,0.6666666666666666,0.8,0.8764302059496567,0.36538461538461536,0.2403846153846154,0.16025641025641027,0.09615384615384616,0.04576659038901602,-1.0499241597720177,-1.1160673896280509,-1.3721163156101945,-1.5646465905776157,-0.3193525193267774,0.3915659935629212,0.8319980567341683,1.3192039222994847,-0.46958762420980416,-0.8449087088518245,-1.1031355532807816,-1.157930600786576,0.01807380151569893,0.03243381233952891,-0.036560145698585345,-0.01031608525519112
2014-10-14,1233.5999755859375,0.3269230769230769,0.25961538461538464,0.17307692307692307,0.10384615384615385,0.18192219679633867,0.34615384615384615,0.4807692307692308,0.6538461538461539,0.7923076923076923,0.8661327231121282,0.7692307692307693,0.5384615384615384,0.3782051282051282,0.22692307692307692,0.10411899313501144,-0.6926961710183654,-0.755679983292456,-1.0488723150747146,-1.3528455351702888,-0.3752399550173536,0.34715551557407415,0.7994522612650015,1.2868278958467003,0.7040955111156558,-0.21248272312207853,-0.5074532176229901,-0.8996198655668334,0.014105078435817653,-0.0035668162298500006,-0.05739293787208766,-0.001702314873133881
2014-10-21,1251.0,0.4807692307692308,0.5096153846153846,0.34615384615384615,0.2076923076923077,0.2803203661327231,0.21153846153846154,0.3557692307692308,0.5705128205128205,0.7423076923076923,0.7391304347826086,0.9423076923076923,0.6538461538461539,0.48717948717948717,0.2923076923076923,0.15331807780320367,-0.11768808217935826,-0.1407108231079301,-0.5311539896065434,-1.01121664651429,-0.9480044498775158,0.09526440036260056,0.6134246618782089,1.100232165278331,1.527366166708969,0.27348310767967327,-0.06337517552482079,-0.7077634224213728,-0.0174260981839528,-0.06682651925334737,-0.04340531481065146,-0.04564346569619304
2014-10-28,1229.199951171875,0.46153846153846156,0.49038461538461536,0.3333333333333333,0.2,0.26887871853546913,0.17307692307692307,0.3269230769230769,0.5512820512820513,0.7307692307692307,0.6933638443935927,0.9423076923076923,0.6730769230769231,0.5192307692307693,0.31153846153846154,0.16704805491990846,-0.17123062687264945,-0.19585620269007167,-0.5825673637739698,-1.0438535958219355,-1.1463281435162798,-0.023453643667490726,0.5343769705986351,1.0223480167057801,1.6647729833556792,0.41440560916269564,0.05421140209190524,-0.6557360867432254,-0.050276545080313984,-0.05401879676324972,-0.02611452722181984,-0.041734403510921836
2014-11-04,1167.4000244140625,0.3076923076923077,0.21153846153846154,0.14102564102564102,0.08461538461538462,0.16132723112128147,0.34615384615384615,0.41346153846153844,0.6089743589743589,0.7653846153846153,0.8260869565217391,0.9807692307692307,0.7307692307692307,0.5641025641025641,0.3384615384615385,0.18192219679633867,-0.7486264463339476,-0.8334947565398377,-1.106746228758313,-1.3854607491123654,-0.5663624849069692,0.19378712000122186,0.6959833387977028,1.1847466453451443,1.759438594309129,0.5392376458783353,0.16492610466988292,-0.6083456748963605,-0.003940359336763177,0.025098446243838834,0.027239957249250102,0.02809656165141461
2014-11-11,1162.800048828125,0.23076923076923078,0.14423076923076922,0.09615384615384616,0.057692307692307696,0.13157894736842105,0.34615384615384615,0.40384615384615385,0.6025641025641025,0.7615384615384615,0.8249427917620137,1.0,0.9230769230769231,0.8589743589743589,0.5307692307692308,0.32723112128146453,-0.9648997901185696,-1.0710478693787984,-1.3005141005456995,-1.509455999400888,-0.5523885420887932,0.17048904242735613,0.6848397085020277,1.174480358235191,3.0267874012867106,1.5224419184094282,1.0571107379395586,-0.2352514410331325,0.029153681561945533,0.029497699791447562,0.05908148287498882,0.04858960924274203
2014-11-18,1196.699951171875,0.40384615384615385,0.3557692307692308,0.23717948717948717,0.1423076923076923,0.20594965675057209,0.28846153846153844,0.36538461538461536,0.5769230769230769,0.7461538461538462,0.7974828375286042,1.0,0.9807692307692307,0.9294871794871795,0.5807692307692308,0.4107551487414188,-0.47658140990358167,-0.4990857133239711,-0.8366603229818429,-1.2069579413257734,-0.6398686750235046,0.09457884412340854,0.6407244820452502,1.1317255653185512,3.402414072350927,2.1606030981189948,1.6066672389727008,-0.0016363599294938352,0.00033427294257903917,0.0020890783838938276,-0.0023397065864928512,0.031419820498387985
2014-11-25,1197.0999755859375,0.4423076923076923,0.47115384615384615,0.3141025641025641,0.18846153846153846,0.2391304347826087,0.4230769230769231,0.4423076923076923,0.6282051282051282,0.7769230769230769,0.8398169336384439,0.5769230769230769,0.41346153846153844,0.27564102564102566,0.16538461538461538,0.06979405034324943,-0.3332139772173384,-0.2861515237908882,-0.6718941718487237,-1.0990010774689343,-0.44636708342064374,0.14566193398870914,0.6812933067541858,1.1722902812283749,-0.12683520333866022,-0.5297653361088608,-0.811621094733752,-1.0095849538512798,0.0017542190533499369,0.02873613325171509,-0.01603871987590455,0.08111267025831359
2014-12-02,1199.199951171875,0.5384615384615384,0.625,0.42948717948717946,0.25769230769230766,0.30320366132723114,0.23076923076923078,0.3076923076923077,0.5384615384615384,0.7230769230769231,0.7276887871853547,0.1346153846153846,0.0673076923076923,0.04487179487179487,0.026923076923076925,0.014874141876430207,0.04237463336501108,0.20748718085602308,-0.2980996993521799,-0.8563281403969589,-0.831667601573323,-0.08732492493347507,0.5473171907741148,1.0420882373597595,-1.0868892000819153,-1.2934825194145578,-1.4684781090491446,-1.2833153046693326,0.026934664896009153,-0.004419552179462105,0.0008338892934600661,0.07713475964505134
2014-12-09,1231.5,0.7115384615384616,0.8076923076923077,0.6217948717948718,0.3730769230769231,0.41647597254004576,0.1346153846153846,0.2403846153846154,0.4935897435897436,0.6961538461538461,0.6350114416475973,0.25,0.16346153846153846,0.10897435897435898,0.06538461538461539,0.030892448512585814,0.6613557010967954,0.9795723757803781,0.2790339711429944,-0.48299126437964335,-1.2773439628391636,-0.36456706759980556,0.3975220931723344,0.8975407381855754,-0.7320479277398216,-0.9909883417864805,-1.2100913215073241,-1.1721017147999317,-0.03053185187652252,-0.04352413770681085,-0.009906578296285051,0.02289886412657327
2014-12-16,1193.9000244140625,0.75,0.8461538461538461,0.6538461538461539,0.3923076923076923,0.4267734553775744,0.038461538461538464,0.18269230769230768,0.4551282051282051,0.6730769230769231,0.6041189931350115,0.21153846153846154,0.11538461538461539,0.07692307692307693,0.046153846153846156,0.021739130434782608,0.666610862733187,1.0323246733537799,0.3130849812408306,-0.4579374901169237,-1.4652284371863724,-0.5183804700062856,0.325225163796274,0.828470520065192,-0.8873907540081637,-1.112120180737058,-1.3123204152843486,-1.2130973457783678,-0.013401457134446737,0.005276762399686108,0.03383869971347875,0.03157714247503862
2014-12-23,1177.9000244140625,0.6346153846153846,0.7692307692307693,0.5769230769230769,0.34615384615384615,0.37643020594965676,0.21153846153846154,0.25961538461538464,0.5064102564102564,0.7038461538461539,0.6842105263157895,0.2692307692307692,0.17307692307692307,0.11538461538461539,0.06923076923076923,0.029748283752860413,0.33967640120178316,0.7075287167486772,0.06651374267694096,-0.6139384906329389,-0.9898322136551736,-0.318770560213011,0.4453630899201491,0.9458534831831302,-0.7070730053730624,-0.955943067246523,-1.1821003676782509,-1.155359543461539,0.018931935050179982,0.03514731603359689,0.09873497270336262,0.02563880681375963
2014-12-30,1200.199951171875,0.6538461538461539,0.7884615384615384,0.5897435897435898,0.35384615384615387,0.39473684210526316,0.17307692307692307,0.23076923076923078,0.48717948717948717,0.6923076923076923,0.6395881006864989,0.25,0.15384615384615385,0.10256410256410256,0.06153846153846154,0.02631578947368421,0.4642306955709795,0.8835615845299029,0.19621580523790055,-0.5266605610807784,-1.1572666882895575,-0.45408594513881945,0.3844319379708945,0.8878382341323325,-0.7587334214816842,-0.9857569887208876,-1.2073836168152672,-1.1635077150758568,0.015914096345030382,0.028412013867318286,0.07623729688595593,-0.0027494808299154405
2015-01-06,1219.300048828125,0.75,0.8653846153846154,0.6794871794871795,0.4076923076923077,0.4405034324942792,0.057692307692307696,0.16346153846153846,0.4423076923076923,0.6653846153846154,0.6052631578947368,0.6346153846153846,0.5384615384615384,0.3717948717948718,0.2230769230769231,0.08810068649885583,0.6677764093667629,1.1290331911769589,0.3847251851066126,-0.4007335291602718,-1.412274364307146,-0.6449702988901056,0.3003720581549392,0.8077320172735594,0.19475582407484057,-0.17316666556916252,-0.5390474547921081,-0.8751151387273453,0.012302140079807788,0.061428606039782174,0.033133683856224394,-0.01254822292743274
2015-01-13,1234.300048828125,0.8076923076923077,0.9038461538461539,0.7307692307692307,0.43846153846153846,0.4874141876430206,0.019230769230769232,0.1346153846153846,0.4230769230769231,0.6538461538461539,0.5606407322654462,0.7692307692307693,0.6442307692307693,0.46153846153846156,0.27692307692307694,0.12013729977116705,0.8930631436422394,1.390018125227739,0.5886551738393483,-0.2644661300694994,-1.690323705117011,-0.8560291103813099,0.21218679349176045,0.7250392790139454,0.6031243248818055,0.17411897694756454,-0.2656454677271324,-0.7552896011780448,0.04852944986968155,0.04650401042943075,-0.002187533934516983,-0.06011510192569047
2015-01-20,1294.199951171875,0.9807692307692307,0.9903846153846154,0.8846153846153846,0.5807692307692308,0.61441647597254,0.019230769230769232,0.09615384615384616,0.3974358974358974,0.6384615384615384,0.45652173913043476,0.9615384615384616,0.8557692307692307,0.7243589743589743,0.4653846153846154,0.2334096109839817,1.7447657193240407,2.290085110063444,1.2999914352283126,0.2041847241089449,-2.773334218993934,-1.5775638882763139,-0.10968637364706059,0.4207263032876056,1.8979543896468647,1.3734217268192634,0.6610606825366407,-0.3571965671081213,-0.0019316953286362404,-0.02665739553518054,-0.06652756825402095,-0.11273366392236395
2015-01-27,1291.699951171875,1.0,1.0,0.9551282051282052,0.6846153846153846,0.7219679633867276,0.019230769230769232,0.0673076923076923,0.3782051282051282,0.6269230769230769,0.41647597254004576,0.9615384615384616,0.9230769230769231,0.8205128205128205,0.5423076923076923,0.2986270022883295,2.3625927925688672,2.950296062422565,1.9163979099961082,0.6132382967825255,-3.0540137320204597,-1.9900843574969682,-0.2834608866521397,0.261323062404278,2.132323067704067,1.7060440439762456,0.9261614313661312,-0.24016632050855935,-0.024773555167334704,-0.04652781439792786,-0.07339160048106119,-0.07741735989792098
2015-02-03,1259.699951171875,0.9807692307692307,0.9903846153846154,0.9423076923076923,0.6576923076923077,0.6922196796338673,0.038461538461538464,0.08653846153846154,0.391025641025641,0.6346153846153846,0.44279176201373,0.9038461538461539,0.8173076923076923,0.6346153846153846,0.38846153846153847,0.19107551487414187,2.0741264330832503,2.6724220974325275,1.7939995142313983,0.5299464397529852,-2.5455233493468556,-1.8775279113858687,-0.20504515422903474,0.3433783612311387,1.233395089865382,0.9220508906855991,0.31088414795827546,-0.5014668100334173,-0.022306879951687453,-0.040962116048297914,-0.04421683998642567,-0.060808111895755856
2015-02-10,1231.5999755859375,0.8461538461538461,0.9230769230769231,0.8333333333333334,0.5269230769230769,0.5732265446224256,0.07692307692307693,0.10576923076923077,0.40384615384615385,0.6423076923076924,0.4748283752860412,0.5576923076923077,0.5288461538461539,0.36538461538461536,0.21923076923076923,0.08466819221967964,1.1343457437377087,1.7214973512715466,1.0558155930485555,0.04189838954129186,-1.8424118696875063,-1.5349390633579758,-0.030562338993526634,0.5133517368456104,0.03529378466694549,-0.1690653123062659,-0.5515158790999081,-0.8663309652671397,-0.019080870790712523,-0.028174692968280013,-0.05805456432067857,-0.01705099091936013
2015-02-17,1208.0999755859375,0.6538461538461539,0.8269230769230769,0.6858974358974359,0.4115384615384615,0.4496567505720824,0.09615384615384616,0.11538461538461539,0.41025641025641024,0.6461538461538462,0.4977116704805492,0.5192307692307693,0.4807692307692308,0.3333333333333333,0.2,0.07437070938215103,0.3811934840732466,0.9612026873927811,0.44685214636144666,-0.36061849833544735,-1.5451775240298158,-1.419684458043159,0.025159208006050735,0.5714726523043064,-0.13133688070548238,-0.30990078045714753,-0.6641016490481626,-0.9127679762847759,-0.009270715502202487,-0.0033937386547409076,-0.04949915401563443,-0.012664454156943394
2015-02-24,1196.9000244140625,0.5384615384615384,0.7596153846153846,0.6217948717948718,0.3730769230769231,0.40389016018306634,0.11538461538461539,0.125,0.4166666666666667,0.65,0.5148741418764302,0.6730769230769231,0.6442307692307693,0.46153846153846156,0.27692307692307694,0.11212814645308924,0.1935052049857924,0.7555567838928783,0.3032688498655795,-0.46157190843240803,-1.3506426126067088,-1.3708951501514914,0.05549253602582846,0.6059121466351793,0.3006427198423769,0.13199398382147107,-0.32687243055777127,-0.770409481349885,0.005931970457944802,-0.030746134244704626,-0.004344617876278489,0.005012950018893347
2015-03-03,1204.0,0.36538461538461536,0.6346153846153846,0.47435897435897434,0.2846153846153846,0.32379862700228834,0.1346153846153846,0.125,0.4166666666666667,0.65,0.545766590389016,0.75,0.7019230769230769,0.5128205128205128,0.3076923076923077,0.13043478260869565,-0.3022636720327988,0.23439569234515822,-0.13625832405444255,-0.7381519705454723,-1.0658056879628695,-1.221040033870898,0.1262954197565596,0.6737510872372168,0.5517371027609086,0.40648149821650126,-0.12184164881775938,-0.6838510368530148,-0.036461814297394146,-0.046262417916839715,-0.017358824264171457,0.008305647840531671
2015-03-10,1160.0999755859375,0.21153846153846154,0.3557692307692308,0.2564102564102564,0.15384615384615385,0.20938215102974828,0.40384615384615385,0.25,0.5,0.7,0.6670480549199085,0.8076923076923077,0.7403846153846154,0.5448717948717948,0.3269230769230769,0.14874141876430205,-1.016595547174472,-0.5218465968701347,-0.7937838181373802,-1.144782867991326,-0.3590244239799439,-0.7089455405393154,0.3454361309497364,0.8739407705593945,0.8197616596549723,0.6958038838044498,0.08271857490787052,-0.5980237798213807,-0.01017147401615337,0.027239010646455064,0.04353073102556837,0.02853200265711542
2015-03-17,1148.300048828125,0.019230769230769232,0.0673076923076923,0.04487179487179487,0.026923076923076925,0.09954233409610984,0.5,0.3269230769230769,0.5512820512820513,0.7307692307692307,0.7597254004576659,0.9230769230769231,0.9038461538461539,0.75,0.4846153846153846,0.2299771167048055,-1.8293852377032656,-1.4099436818395277,-1.5837943594656785,-1.6323517058386994,0.04582720269327155,-0.4070653284244426,0.47466292991508785,0.9910974240084045,1.6441718281379705,1.574922174839846,0.7269317902587041,-0.33085215270957713,0.037794914654964096,0.030305604178391343,0.03875293747954944,0.038578703190879304
2015-03-24,1191.699951171875,0.019230769230769232,0.028846153846153848,0.019230769230769232,0.011538461538461539,0.07780320366132723,0.4807692307692308,0.2980769230769231,0.532051282051282,0.7192307692307692,0.7305491990846682,0.9423076923076923,0.9230769230769231,0.7884615384615384,0.5230769230769231,0.2597254004576659,-1.9454788099007785,-1.6161142951117855,-1.7698984867468925,-1.7466656532315772,-0.03561008476460657,-0.5214669894897996,0.4333824098735924,0.9564564741118103,1.7396951968692904,1.7389196952090864,0.8593563162235285,-0.27255816273441996,-0.007216561163303381,0.0158597173688535,0.009398400353355596,0.012754949958032835
2015-03-31,1183.0999755859375,0.1346153846153846,0.20192307692307693,0.1346153846153846,0.08076923076923077,0.14645308924485126,0.4230769230769231,0.2403846153846154,0.4935897435897436,0.6961538461538461,0.6887871853546911,0.46153846153846156,0.46153846153846156,0.3076923076923077,0.18461538461538463,0.06864988558352403,-1.1776978297561265,-0.8636303501342774,-1.081410310585561,-1.3189136246977042,-0.2614843707796709,-0.7560035104066759,0.34337408605334274,0.8782051867584985,-0.2884361335270665,-0.3606597836835294,-0.7118059099871827,-0.9133926100961552,0.023244020427251266,0.008198861839535887,0.026117847224837565,0.003465451500755057
2015-04-07,1210.5999755859375,0.3269230769230769,0.49038461538461536,0.36538461538461536,0.21923076923076923,0.2459954233409611,0.17307692307692307,0.09615384615384616,0.3974358974358974,0.6384615384615384,0.5869565217391305,0.5,0.5288461538461539,0.36538461538461536,0.21923076923076923,0.07894736842105263,-0.5932887211373113,-0.27002625393475366,-0.5362706411508242,-0.9798596357014784,-0.7566907314919554,-1.2204479795698413,0.16353611101904025,0.7212279976499308,-0.1809574419356353,-0.21308327480523484,-0.6064140185729985,-0.8647612722056109,-0.014703392629094703,-0.0063604421998672,-0.014373058619665646,-0.01362960542933589
2015-04-14,1192.800048828125,0.25,0.34615384615384615,0.2564102564102564,0.15384615384615385,0.2036613272311213,0.19230769230769232,0.10576923076923077,0.40384615384615385,0.6423076923076924,0.597254004576659,0.5576923076923077,0.5961538461538461,0.41025641025641024,0.24615384615384617,0.09153318077803203,-0.7945172516536043,-0.49503172367978276,-0.7354308106405875,-1.100893808227001,-0.6958638366132809,-1.209336621565741,0.16511054200337089,0.7241200784996227,-0.0004757194898578503,0.003193487278255063,-0.4517015612234379,-0.7950833743251651,0.008467450681160171,0.01777326484242092,-0.00016773409959536245,-0.012994633941563083
2015-04-21,1202.9000244140625,0.2692307692307692,0.3557692307692308,0.26282051282051283,0.1576923076923077,0.2048054919908467,0.40384615384615385,0.21153846153846154,0.46794871794871795,0.6807692307692308,0.6475972540045767,0.5769230769230769,0.6346153846153846,0.4358974358974359,0.2653846153846154,0.09839816933638444,-0.77173145002069,-0.4910375356199653,-0.7238397986193097,-1.0920423962565655,-0.32203071333176797,-0.9171788123319649,0.26777381470481615,0.814201416110584,0.08269320940212092,0.11748013045448746,-0.3742561150390853,-0.7566790833969385,0.009227679242374665,-0.008063906430555101,0.0033252971309467583,-0.018621684229305435
2015-04-28,1214.0,0.3269230769230769,0.40384615384615385,0.30128205128205127,0.18076923076923077,0.21739130434782608,0.40384615384615385,0.21153846153846154,0.46153846153846156,0.676923076923077,0.6464530892448512,0.6923076923076923,0.7211538461538461,0.5064102564102564,0.31153846153846154,0.12356979405034325,-0.6837690006096948,-0.41617906015157363,-0.6470543400105511,-1.0431066152961417,-0.3009632191348148,-0.9169370899873356,0.25634810985992057,0.8053797455110271,0.34623152974229676,0.4157926385696725,-0.16148260255291041,-0.6636026118750716,-0.017133483383958037,-0.01762769721092461,-0.0220758227579283,-0.031136778276874
2015-05-05,1193.199951171875,0.057692307692307696,0.09615384615384616,0.0641025641025641,0.038461538461538464,0.10526315789473684,0.6730769230769231,0.36538461538461536,0.5705128205128205,0.7423076923076923,0.799771167048055,0.6538461538461539,0.7019230769230769,0.48717948717948717,0.3,0.11556064073226545,-1.4076679310235085,-1.2410456393350562,-1.3894039951049348,-1.5061400258187367,0.4585519686263674,-0.33714410629895286,0.4721841118154762,0.9922028845601577,0.18524327982864222,0.2705315537004331,-0.27973024521120887,-0.7083605424253117,-0.0005028290399679003,0.011481791655063578,0.0007542947124483668,-0.018186349362957044
2015-05-12,1192.5999755859375,0.07692307692307693,0.125,0.08333333333333333,0.05,0.11899313501144165,0.6153846153846154,0.33653846153846156,0.5384615384615384,0.7230769230769231,0.7585812356979404,0.7307692307692307,0.7692307692307693,0.5384615384615384,0.3346153846153846,0.13272311212814644,-1.2248727117306508,-1.0878464728495636,-1.241203556182272,-1.4144579936957813,0.3080269385195375,-0.46489334774000457,0.41164231589716666,0.9401101695752352,0.43644555683042574,0.5712526912827283,-0.08472197202364735,-0.622758491712326,0.011990649942030362,-0.00452794275080326,-0.012829051711405137,-0.03370782491599866
2015-05-19,1206.9000244140625,0.5769230769230769,0.6826923076923077,0.5961538461538461,0.36153846153846153,0.3512585812356979,0.09615384615384616,0.04807692307692308,0.32051282051282054,0.5923076923076923,0.4794050343249428,0.8846153846153846,0.9134615384615384,0.7435897435897436,0.5115384615384615,0.22768878718535468,0.17413513810083403,0.42907647364261337,0.142443987938748,-0.5362948977426885,-1.4989553128915256,-1.8482304836477148,-0.15464260942570177,0.45097384490378184,1.439271283849201,1.7363586311755448,0.700813539996581,-0.28827286400115476,-0.01632287086227513,-0.01060572422669337,-0.021874243002753646,-0.0444112805548742
2015-05-26,1187.199951171875,0.5192307692307693,0.5673076923076923,0.47435897435897434,0.2846153846153846,0.2917620137299771,0.11538461538461539,0.057692307692307696,0.3269230769230769,0.5961538461538461,0.4954233409610984,0.8076923076923077,0.8461538461538461,0.5961538461538461,0.3730769230769231,0.15675057208237986,-0.17052554514958157,0.05120337320192704,-0.19294395687811688,-0.743240802581953,-1.3260191781821897,-1.7050500243784008,-0.11935880368775993,0.48101239007180613,0.6731149057453205,0.9058448281509994,0.13512861703459925,-0.5216066367058663,0.00581201541261156,-0.008338866872406703,-0.00926549903337004,-0.07058619457918125
2015-06-02,1194.0999755859375,0.46153846153846156,0.5192307692307693,0.4423076923076923,0.2653846153846154,0.2768878718535469,0.15384615384615385,0.07692307692307693,0.3333333333333333,0.6,0.5,0.5576923076923077,0.6730769230769231,0.46794871794871795,0.28846153846153844,0.10983981693363844,-0.30913815275303824,-0.08672636712367303,-0.3106304324783724,-0.8149046205063627,-1.2515642047826891,-1.6337889788460993,-0.11372926151750767,0.4868852460482868,0.06443658201433314,0.2348185015447387,-0.31132751910478873,-0.7066290428060016,-0.014069112386983273,-0.011389310664095875,-0.018926368016084938,-0.08190262855488517
2015-06-09,1177.300048828125,0.19230769230769232,0.23076923076923078,0.16025641025641027,0.09615384615384616,0.15675057208237986,0.23076923076923078,0.11538461538461539,0.358974358974359,0.6153846153846154,0.5835240274599542,0.7115384615384616,0.7788461538461539,0.5576923076923077,0.34615384615384615,0.13615560640732266,-0.9770938584167386,-0.806216669209937,-0.9552701007958547,-1.2261198788884768,-0.5060287086909898,-1.1120796548157093,0.08606535241349242,0.6604256478655016,0.3742187927601469,0.5892545910115575,-0.059136208528724414,-0.5942440807722222,0.002718042163559087,-0.0009344241999692526,-0.021150109047262666,-0.07355822140876578
2015-06-16,1180.5,0.17307692307692307,0.22115384615384615,0.14743589743589744,0.08846153846153847,0.14416475972540047,0.28846153846153844,0.15384615384615385,0.3782051282051282,0.6269230769230769,0.602974828375286,0.8269230769230769,0.875,0.6538461538461539,0.4153846153846154,0.17505720823798626,-1.0322308575874375,-0.8834918171101086,-1.0144128012702607,-1.2650994048869797,-0.3567099005055255,-1.015655285933182,0.10910541694875339,0.6824399495618234,0.7812106241595039,1.0537643300144222,0.27107261082966805,-0.4474478277475106,-0.003642565716327817,-0.007623888182973326,-0.023041042924078825,-0.06175351496320414
2015-06-23,1176.199951171875,0.25,0.27884615384615385,0.21153846153846154,0.12692307692307692,0.16819221967963388,0.11538461538461539,0.057692307692307696,0.30128205128205127,0.5807692307692308,0.4862700228832952,0.9230769230769231,0.9326923076923077,0.7692307692307693,0.5461538461538461,0.2391304347826087,-0.863680869397726,-0.7403903731689288,-0.872651022914772,-1.172184398656421,-1.3354268808514616,-1.62750438055343,-0.1748097293237285,0.4393553524133469,1.4124603193746803,1.772477602968142,0.7870715692531993,-0.215394979314695,-0.00399587771381249,-0.020234592540239515,-0.06189417597346458,-0.05024653803722301
2015-06-30,1171.5,0.038461538461538464,0.04807692307692308,0.03205128205128205,0.019230769230769232,0.08466819221967964,0.23076923076923078,0.11538461538461539,0.33974358974358976,0.6038461538461538,0.5549199084668193,0.9615384615384616,0.9807692307692307,0.8653846153846154,0.6384615384615384,0.3180778032036613,-1.4734451501767587,-1.4667829918557302,-1.5055749886380285,-1.5855263954151417,-0.6514437075179949,-1.1857398654045266,-0.005345080140911348,0.588256500791405,1.8188743106518912,2.26418417470128,1.1655029911003767,-0.03961365110781229,-0.01630386306951559,-0.015535596390845119,-0.06419116617317544,-0.028425137710734072
2015-07-07,1152.4000244140625,0.019230769230769232,0.009615384615384616,0.00641025641025641,0.0038461538461538464,0.06750572082379863,0.5576923076923077,0.2980769230769231,0.4551282051282051,0.6730769230769231,0.6510297482837528,0.9807692307692307,0.9903846153846154,0.9166666666666666,0.6884615384615385,0.37414187643020597,-1.7752335569631492,-1.8487285880647348,-1.835045175253768,-1.805362144467749,0.08239132510992117,-0.7075319091282388,0.1866730962164998,0.7544715341534409,2.112326257982424,2.6729059100278425,1.487067424184413,0.11528127649531146,0.0007809999956569502,-0.04251995744699333,-0.05354049977008535,-0.011888296556704203
2015-07-14,1153.300048828125,0.019230769230769232,0.009615384615384616,0.00641025641025641,0.0038461538461538464,0.06064073226544622,0.5576923076923077,0.3173076923076923,0.46153846153846156,0.676923076923077,0.665903890160183,1.0,1.0,0.9551282051282052,0.7230769230769231,0.425629290617849,-1.7822964354090531,-1.901870945488524,-1.8848784204540292,-1.8414953372704304,0.16530916259093134,-0.6395256895952731,0.2003858167553668,0.7688293905988564,2.361028446403667,3.077810180900546,1.8195908416762037,0.2811072599008885,-0.04326716578635903,-0.04942339164722831,-0.03962548452904657,-0.0285268559968348
2015-07-21,1103.4000244140625,0.019230769230769232,0.009615384615384616,0.00641025641025641,0.0038461538461538464,0.04805491990846682,0.8076923076923077,0.47115384615384615,0.5705128205128205,0.7423076923076923,0.8043478260869565,0.9807692307692307,0.9903846153846154,0.9294871794871795,0.7115384615384616,0.41189931350114417,-2.019685203144455,-2.193570337472132,-2.1657166758581967,-2.033002960275131,0.9122639714109941,-0.14203415233173403,0.4065739706089107,0.9427804831424222,2.1079173995938363,2.8584672329882737,1.6985855059368375,0.2443590290615099,-0.0064346342476363505,-0.011509944681151851,0.012416123680212943,-0.0005437516518599361
2015-07-28,1096.300048828125,0.019230769230769232,0.009615384615384616,0.00641025641025641,0.0038461538461538464,0.04576659038901602,0.9038461538461539,0.5480769230769231,0.6282051282051282,0.7769230769230769,0.8443935926773455,0.8846153846153846,0.9423076923076923,0.8205128205128205,0.6269230769230769,0.2997711670480549,-1.939892541194093,-2.156248671014355,-2.1454709863643058,-2.027149161281261,1.086091783637177,0.003996127738231831,0.45600584915532505,0.984728306329278,1.2598782940265447,1.8452019144658258,0.975114525964084,-0.0787678397668092,-0.0051081797015662955,0.010307330342538501,0.038219374694490105,0.026178919906601594
2015-08-04,1090.699951171875,0.057692307692307696,0.028846153846153848,0.019230769230769232,0.011538461538461539,0.04919908466819222,0.7884615384615384,0.4807692307692308,0.5641025641025641,0.7384615384615385,0.8077803203661327,0.8461538461538461,0.9230769230769231,0.7692307692307693,0.5807692307692308,0.2631578947368421,-1.756195215126056,-2.0151087793884326,-2.0197317217634883,-1.947413547992757,0.8881337827553185,-0.10187858093410958,0.39480057379681305,0.934125434144627,1.0756228916260488,1.6304334673891465,0.8320203510784326,-0.13524009330579068,0.015494659549498246,0.02420466268995214,0.0440084369201883,0.033373087048324646
2015-08-11,1107.5999755859375,0.07692307692307693,0.038461538461538464,0.02564102564102564,0.015384615384615385,0.057208237986270026,0.6538461538461539,0.41346153846153844,0.5064102564102564,0.7038461538461539,0.7562929061784897,0.8461538461538461,0.9230769230769231,0.7948717948717948,0.6,0.2745995423340961,-1.5447285647833158,-1.8166253236084675,-1.8403761270002847,-1.8292044939335663,0.6077936866899895,-0.2636164542060757,0.3096352008289993,0.8640701919564049,1.081506483175214,1.642997645727324,0.8614755188705734,-0.11071779868413352,0.008577103836585387,0.027627280841848734,0.011556562938125348,0.03539190511578871
2015-08-18,1117.0999755859375,0.1346153846153846,0.0673076923076923,0.04487179487179487,0.026923076923076925,0.06864988558352403,0.5769230769230769,0.375,0.47435897435897434,0.6846153846153846,0.7242562929061785,0.7884615384615384,0.8942307692307693,0.7371794871794872,0.5653846153846154,0.2505720823798627,-1.1588062110851474,-1.4310255184568417,-1.4861482518663436,-1.5898499062897442,0.450085253204215,-0.3500213473001,0.2572015542582377,0.8220784269335306,0.9430231568943586,1.4902005497047524,0.7618944348313846,-0.14679720323370773,0.018888171199601178,0.01933575871274007,-0.012800937311194471,0.043595089344302895
2015-08-25,1138.199951171875,0.4423076923076923,0.33653846153846156,0.27564102564102566,0.16538461538461538,0.17276887871853547,0.23076923076923078,0.11538461538461539,0.28846153846153844,0.573076923076923,0.5480549199084668,0.7692307692307693,0.8846153846153846,0.7307692307692307,0.5653846153846154,0.2482837528604119,-0.3028147032217502,-0.5457808402758083,-0.6687720363405275,-1.0269751251768688,-0.7376328509407801,-1.142841861729337,-0.11337459142402118,0.5231702968036636,0.8898674339208306,1.4338185049002983,0.7411946527216939,-0.1482985165546749,0.0004392901260321658,-0.01563866413760251,-0.011597216427820523,0.034967536931579835
2015-09-01,1138.699951171875,0.4423076923076923,0.33653846153846156,0.27564102564102566,0.16538461538461538,0.17162471395881007,0.21153846153846154,0.10576923076923077,0.27564102564102566,0.5653846153846154,0.5389016018306636,0.5384615384615384,0.7211538461538461,0.5448717948717948,0.3576923076923077,0.14530892448512586,-0.2921776415014108,-0.5369043809773639,-0.6592244310636912,-1.0210706171439277,-0.7911486089227516,-1.1767640029000441,-0.15424452292239765,0.49700044225488293,0.0032239073765155425,0.501404802580413,0.02704318193332807,-0.48435936949182135,-0.016070894478373732,-0.031527095708403396,-0.010187034410600981,0.024677350365503337
2015-09-08,1120.4000244140625,0.23076923076923078,0.18269230769230768,0.1346153846153846,0.08076923076923077,0.11784897025171624,0.4230769230769231,0.2403846153846154,0.358974358974359,0.6153846153846154,0.620137299771167,0.6730769230769231,0.8365384615384616,0.6794871794871795,0.47692307692307695,0.20022883295194507,-0.627599154208903,-0.8923634363546661,-0.9910289700029631,-1.2512955640606656,-0.1442048705874172,-0.7465280364327653,0.01906112080608132,0.6427273585207287,0.43760684103783304,0.966774057759162,0.41840558524712085,-0.29640119593105096,-0.015708653340258394,0.004105654664139369,0.023563034486605794,-0.0055338032016108984
2015-09-15,1102.800048828125,0.15384615384615385,0.07692307692307693,0.05128205128205128,0.03076923076923077,0.06979405034324943,0.7692307692307693,0.49038461538461536,0.5256410256410257,0.7153846153846154,0.7608695652173914,0.5769230769230769,0.7596153846153846,0.6025641025641025,0.4,0.16247139588100687,-1.0624375444604623,-1.3490101868832671,-1.4290198528369706,-1.5533551572530229,0.7342476387065942,-0.17182313287256312,0.26815471648503514,0.8418783291695461,0.07747838307775826,0.601820694242073,0.15448223354843446,-0.4242053832651593,0.02013053154600919,0.022034753066645596,0.05712730976657654,-0.013239115895728015
2015-09-22,1125.0,0.23076923076923078,0.17307692307692307,0.11538461538461539,0.06923076923076923,0.10183066361556065,0.4423076923076923,0.25961538461538464,0.358974358974359,0.6153846153846154,0.6292906178489702,0.6346153846153846,0.8076923076923077,0.6602564102564102,0.4576923076923077,0.18993135011441648,-0.7508942926381025,-1.0151762133395787,-1.1193836576535088,-1.3393592942624577,-0.004439034275889821,-0.6590170261138744,0.01251419792408913,0.6533761281439701,0.29813748832845555,0.8366381926687113,0.3821300416768869,-0.32054555902410325,0.001866644965277775,0.019377821180555532,0.047111111111111104,-0.05004448784722226
2015-09-29,1127.0999755859375,0.4423076923076923,0.36538461538461536,0.2948717948717949,0.17692307692307693,0.17048054919908467,0.3076923076923077,0.15384615384615385,0.28205128205128205,0.5692307692307692,0.5789473684210527,0.5769230769230769,0.7788461538461539,0.6346153846153846,0.4230769230769231,0.17391304347826086,-0.25716307475752276,-0.49033541597508057,-0.6068738754433782,-0.9903539024191993,-0.39893799460996887,-0.9122144780808342,-0.14318589858639363,0.5491952181836945,0.12311031280395157,0.6704325454952272,0.2768290145623188,-0.3731564125936501,0.017478549967979706,0.03433597203483996,0.03522320477520102,-0.046845823708197454
2015-10-06,1146.800048828125,0.5,0.41346153846153844,0.358974358974359,0.2153846153846154,0.1945080091533181,0.23076923076923078,0.11538461538461539,0.25,0.55,0.5446224256292906,0.7307692307692307,0.8653846153846154,0.7435897435897436,0.5615384615384615,0.2345537757437071,-0.13172640016214174,-0.3452779685627724,-0.4598019429174424,-0.8930941609154752,-0.6546342390468896,-1.0704873618833906,-0.2621279923529508,0.4784780943173728,0.7030151495191983,1.2592363253935455,0.8245373695720624,-0.12073270461834654,0.016567840243306042,0.027206095084977733,-0.02842701104657508,-0.07237530211549503
2015-10-13,1165.800048828125,0.75,0.6538461538461539,0.6730769230769231,0.4230769230769231,0.33867276887871856,0.07692307692307693,0.038461538461538464,0.1794871794871795,0.5076923076923077,0.4702517162471396,0.8461538461538461,0.9230769230769231,0.8461538461538461,0.6423076923076924,0.2791762013729977,0.645440815165799,0.47219764625207344,0.3997125770121993,-0.3318942639766846,-1.4838939984949562,-1.5761849646366628,-0.5771197124409208,0.2756202955135323,0.9113193122280675,1.466641935512328,1.0484333010403923,-0.01140845571527442,0.010464874473232744,0.0008577800292641768,-0.06656381403848322,-0.07677131261914627
2015-10-20,1178.0,0.9230769230769231,0.9038461538461539,0.8974358974358975,0.6461538461538462,0.5617848970251716,0.019230769230769232,0.009615384615384616,0.12179487179487179,0.47307692307692306,0.39359267734553777,1.0,1.0,0.9871794871794872,0.7923076923076923,0.45308924485125857,1.5701793707403275,1.4708971814622884,1.4864252110023388,0.37308159617767545,-2.6987517205259675,-2.3856823330842336,-1.1049528527635988,-0.061635515899642744,2.116803636032923,2.6739622738886353,2.2043108335031176,0.5602843314166035,-0.009507598617890523,-0.05415963397973256,-0.09278442175562396,-0.09770795890147499
2015-10-27,1166.800048828125,0.9038461538461539,0.8942307692307693,0.8910256410256411,0.6423076923076924,0.5549199084668193,0.019230769230769232,0.009615384615384616,0.11538461538461539,0.46923076923076923,0.38672768878718533,0.9807692307692307,0.9903846153846154,0.9807692307692307,0.7923076923076923,0.4462242562929062,1.4574613769534506,1.396314877725344,1.437592885209129,0.3403870755110259,-2.5518553428910415,-2.353442955648844,-1.1803701426149786,-0.08917204536539468,1.9556729325462903,2.52379502036438,2.152646356156174,0.5638051569787844,-0.045080644030722206,-0.06736381073620279,-0.07927665077911361,-0.07884812834246979
2015-11-03,1114.199951171875,0.6538461538461539,0.5961538461538461,0.6089743589743589,0.3730769230769231,0.2974828375286041,0.09615384615384616,0.04807692307692308,0.16025641025641027,0.49615384615384617,0.4462242562929062,0.8846153846153846,0.9423076923076923,0.9102564102564102,0.7115384615384616,0.3318077803203661,0.31148995938024227,0.19016847078635796,0.147871227964947,-0.49919579385592017,-1.664213128795537,-1.7697353689558855,-0.8910415082841671,0.1140936108378775,1.033522086467864,1.5879272201987806,1.3231594568329161,0.1712485835237709,-0.023335129365832485,-0.04083647639020693,-0.04523416312372053,-0.032938388781363126
2015-11-10,1088.199951171875,0.21153846153846154,0.15384615384615385,0.10256410256410256,0.06153846153846154,0.09382151029748284,0.38461538461538464,0.19230769230769232,0.2692307692307692,0.5615384615384615,0.5594965675057209,0.8076923076923077,0.8942307692307693,0.8525641025641025,0.65,0.2826086956521739,-0.8945676619420444,-1.0959642371922018,-1.2438339793876858,-1.4003918383627552,-0.21643814742506295,-0.8162730772448301,-0.3398849692340868,0.48145626639650146,0.7542742033943028,1.2754802124891296,1.0653145564380435,0.04828051819146184,-0.017919500895952623,-0.012773298077050299,-0.010935400549260343,-0.009005630580353419
2015-11-17,1068.699951171875,0.038461538461538464,0.019230769230769232,0.01282051282051282,0.007692307692307693,0.04691075514874142,0.7692307692307693,0.46153846153846156,0.44871794871794873,0.6692307692307692,0.6910755148741419,0.7692307692307693,0.8653846153846154,0.8333333333333334,0.6307692307692307,0.2734553775743707,-1.5668407040221832,-1.84667706117403,-2.0809812543091266,-1.9382682856853148,0.6864123119581862,-0.23060429421019993,0.004538130181263555,0.7036010193956005,0.7483371752527951,1.2125342423555228,1.0528691498678084,0.043091383628440706,0.005240102846556072,-0.00458491865595867,-0.005427086200811226,0.01581362888201765
2015-11-24,1074.300048828125,0.019230769230769232,0.009615384615384616,0.00641025641025641,0.0038461538461538464,0.041189931350114416,0.9230769230769231,0.5961538461538461,0.5384615384615384,0.7230769230769231,0.782608695652174,0.25,0.46153846153846156,0.4423076923076923,0.27692307692307694,0.10297482837528604,-1.559716198999692,-1.885552240041653,-2.1424473183597117,-1.9678884600889675,1.2128518464478777,0.11986449318094798,0.20663263686577354,0.8278651945508283,-0.7555689546800305,-0.22859946571404866,-0.3401641095505501,-0.6931687728815495,-0.009773805755155296,0.0018616772866961728,0.0004654193216739877,0.014521060110677997
2015-12-01,1063.800048828125,0.019230769230769232,0.009615384615384616,0.00641025641025641,0.0038461538461538464,0.034324942791762014,1.0,0.7403846153846154,0.6538461538461539,0.7923076923076923,0.8672768878718535,0.15384615384615385,0.375,0.36538461538461536,0.22692307692307692,0.08123569794050343,-1.5719142546239,-1.952777089476172,-2.21221639181933,-2.017795203911184,1.7182431847726727,0.5124371015839263,0.44537523743043517,0.9619010949136202,-1.0716122007506788,-0.4893865543640089,-0.5893157750149591,-0.8299563736360039,0.011750328469875448,-0.0008460465996913413,0.0128783141032629,0.05442742967302183
2015-12-08,1076.300048828125,0.038461538461538464,0.019230769230769232,0.01282051282051282,0.007692307692307693,0.04004576659038902,0.9615384615384616,0.7115384615384616,0.6153846153846154,0.7692307692307693,0.8432494279176201,0.19230769230769232,0.41346153846153844,0.3974358974358974,0.24615384615384617,0.08924485125858124,-1.4368972477879978,-1.8458571136726734,-2.089590243195254,-1.941423363281742,1.416341678186351,0.3663007882914064,0.31405860082895537,0.8890922470153417,-0.9756749375985634,-0.37518970919183836,-0.4589132304455429,-0.7648691501335501,-0.012450082510590321,-0.0013936634135000014,0.0019511060955761383,0.04738455605899938
2015-12-15,1062.9000244140625,0.019230769230769232,0.009615384615384616,0.00641025641025641,0.0038461538461538464,0.028604118993135013,0.8846153846153846,0.6057692307692307,0.5256410256410257,0.7153846153846154,0.7883295194508009,0.1346153846153846,0.36538461538461536,0.3717948717948718,0.23076923076923078,0.08237986270022883,-1.577225383783699,-2.0443341916831193,-2.3130598006039227,-2.09155916299716,1.1333575394806723,0.21632471346139762,0.1762942775540345,0.8171005800915063,-1.1521520779034573,-0.500237835507033,-0.5719234810305945,-0.8310325180638558,0.011195807828325632,0.01373598198380499,0.021356619296710067,0.12776359360107636
2015-12-22,1074.800048828125,0.057692307692307696,0.028846153846153848,0.019230769230769232,0.011538461538461539,0.03546910755148741,0.5961538461538461,0.38461538461538464,0.358974358974359,0.6153846153846154,0.6441647597254004,0.36538461538461536,0.5673076923076923,0.5448717948717948,0.35384615384615387,0.13157894736842105,-1.3619927267969112,-1.8449603636183183,-2.0741168606761753,-1.944369775306814,0.3838936713443876,-0.3262261828049286,-0.23458235363373034,0.6093068703441453,-0.5797045532455113,0.0446396079110329,-0.0141523508870341,-0.5230397474908696,0.0025120497294532917,0.0033494374975724384,0.014049102065450514,0.1238369645880264
2015-12-29,1077.5,0.038461538461538464,0.019230769230769232,0.01282051282051282,0.007692307692307693,0.029748283752860413,0.7692307692307693,0.5480769230769231,0.46794871794871795,0.6807692307692308,0.7517162471395881,0.28846153846153844,0.5192307692307693,0.5128205128205128,0.3269230769230769,0.11899313501144165,-1.4495546743776822,-1.9745551062476083,-2.2205482990617877,-2.046922528207804,0.9389913474945231,0.13647956005883877,0.05179812398877233,0.7569673969710398,-0.7804636448486562,-0.09580084030395218,-0.13976105850665943,-0.5956689870103391,0.0008352894794083632,0.007517378734048785,0.04102083635440845,0.13438519612819033
2016-01-05,1078.4000244140625,0.1346153846153846,0.0673076923076923,0.04487179487179487,0.026923076923076925,0.043478260869565216,0.75,0.5480769230769231,0.46153846153846156,0.676923076923077,0.7414187643020596,0.4807692307692308,0.6730769230769231,0.6474358974358975,0.4307692307692308,0.16475972540045766,-1.1647507675701276,-1.6823580837887722,-1.8807639814034252,-1.8288213600384176,0.8664034179061632,0.1207260448866564,0.0065274657133921705,0.7375019006210098,-0.26086760594237335,0.35137622583571726,0.3257287855422745,-0.3255968584671471,0.006676512434045101,0.01066394634611445,0.045344977102195205,0.14085684437608936
2016-01-12,1085.5999755859375,0.2692307692307692,0.1346153846153846,0.08974358974358974,0.05384615384615385,0.06521739130434782,0.6538461538461539,0.4519230769230769,0.38461538461538464,0.6307692307692307,0.6704805491990846,0.19230769230769232,0.4230769230769231,0.44871794871794873,0.28076923076923077,0.09954233409610984,-0.7935768686160151,-1.2967214203568989,-1.431137899422421,-1.5341140477054354,0.45715366868199564,-0.18137698129514748,-0.23967302798372367,0.6250642179152718,-0.9998887913895989,-0.26868324533214855,-0.29158650477033776,-0.694801462171896,0.003960988324271275,0.033253478627293775,0.10418199901385705,0.16258290711985013
2016-01-19,1089.9000244140625,0.28846153846153844,0.14423076923076922,0.09615384615384616,0.057692307692307696,0.06636155606407322,0.6923076923076923,0.5,0.4166666666666667,0.65,0.700228832951945,0.40384615384615385,0.6153846153846154,0.5897435897435898,0.38461538461538464,0.14187643020594964,-0.7589871588052179,-1.2741592178822474,-1.40254545256324,-1.5143013424893348,0.5892988420418384,-0.020773638773803837,-0.1709007066146701,0.6642955067050249,-0.4611100916379891,0.17035454314547885,0.1665993105463772,-0.42455046482752473,0.029176920860157107,0.034315096409112344,0.10826681104391889,0.12891090637008995
2016-01-26,1121.699951171875,0.40384615384615385,0.20192307692307693,0.16666666666666666,0.1,0.09267734553775744,0.5769230769230769,0.4230769230769231,0.3525641025641026,0.6115384615384616,0.6578947368421053,0.019230769230769232,0.2403846153846154,0.2564102564102564,0.15384615384615385,0.05835240274599542,-0.36377946436503816,-0.8895430992133915,-0.9549186973071943,-1.219805008028051,0.3465126173751715,-0.18459248039829532,-0.32116670426020955,0.6036975020811863,-1.477216347727959,-0.744534060028066,-0.7596899060013483,-0.9710543696254204,0.004992509494539332,0.06864580846201851,0.08968539006456222,0.11277525675903033
2016-02-02,1127.300048828125,0.5384615384615384,0.2692307692307692,0.24358974358974358,0.14615384615384616,0.12242562929061784,0.46153846153846156,0.3173076923076923,0.27564102564102566,0.5653846153846154,0.6247139588100686,0.019230769230769232,0.18269230769230768,0.17307692307692307,0.10384615384615385,0.04004576659038902,-0.019011144079287667,-0.6064482698297605,-0.6214213145805227,-0.9996717164858967,0.10615035914912778,-0.3379128236882233,-0.47276525934919256,0.5473985759314678,-1.6736838588480007,-0.9934796332308911,-0.9932896960558228,-1.1077896141737351,0.06333708795450965,0.07149824544913708,0.09136875324992033,0.09607018723222338
2016-02-09,1198.699951171875,0.8076923076923077,0.5480769230769231,0.6282051282051282,0.38076923076923075,0.2711670480549199,0.21153846153846154,0.14423076923076922,0.15384615384615385,0.49230769230769234,0.5354691075514875,0.46153846153846156,0.625,0.6217948717948718,0.40384615384615385,0.14759725400457666,0.8712228421735303,0.11140943754123611,0.22002419979758744,-0.44584369023039144,-0.6537340248470594,-0.9259233738969691,-0.9355763547527082,0.3625815772671755,-0.29202415244452584,0.2329421555933367,0.2769655558745081,-0.35698228741651744,0.007675042643651819,0.019688077598716935,0.05289065403905391,0.024776903688994212
2016-02-16,1207.9000244140625,0.9423076923076923,0.6730769230769231,0.7756410256410257,0.5153846153846153,0.36270022883295194,0.07692307692307693,0.057692307692307696,0.07051282051282051,0.4423076923076923,0.45423340961098396,0.6346153846153846,0.7788461538461539,0.7884615384615384,0.5961538461538461,0.2288329519450801,1.4523732158065317,0.5721562256678345,0.7543381922886885,-0.08575999906814763,-1.7518873300965705,-1.818310738514053,-1.6242784031711746,0.08115957307870322,0.4884554268632317,0.9269917773806604,1.013094170545251,0.07717324631573201,0.01192153665287643,0.018544601342258105,0.018627369438885877,0.04263597893789428
2016-02-23,1222.300048828125,0.9615384615384616,0.8846153846153846,0.9230769230769231,0.6846153846153846,0.5308924485125858,0.019230769230769232,0.009615384615384616,0.00641025641025641,0.40384615384615385,0.38443935926773454,0.9038461538461539,0.9423076923076923,0.9487179487179487,0.7769230769230769,0.33752860411899316,2.1720664209375715,1.2046012814691984,1.4796652727244837,0.412672434112263,-2.6575742497792594,-2.634538134822799,-2.31361983859697,-0.20227756383384235,1.1819493758139843,1.5333380054565262,1.6639204635057647,0.4769578282037425,0.0065450377815741145,0.032561503041720785,0.02118947992236553,0.02511654253905049
2016-03-01,1230.300048828125,0.9423076923076923,0.8461538461538461,0.8974358974358975,0.6538461538461539,0.5022883295194508,0.019230769230769232,0.009615384615384616,0.00641025641025641,0.3923076923076923,0.36270022883295194,0.9038461538461539,0.9423076923076923,0.9615384615384616,0.8,0.3684210526315789,1.9756702557954648,1.0958717539493508,1.3369333210583818,0.33736869646153955,-2.8547943481730127,-2.9098842146598067,-2.6187036489612523,-0.3396490797388881,1.3590495352321197,1.694202811777407,1.8594491901243093,0.6142338320618353,0.025847293746027455,8.126114116047134e-05,0.00430783268102819,0.009672357856999936
2016-03-08,1262.0999755859375,1.0,0.9615384615384616,0.9743589743589743,0.7923076923076923,0.6109839816933639,0.019230769230769232,0.009615384615384616,0.00641025641025641,0.38461538461538464,0.34439359267734554,1.0,1.0,1.0,0.9115384615384615,0.6224256292906178,2.3984270626668427,1.603430240672157,1.9051069191872185,0.7513642251482988,-3.1335745037750113,-3.3168155262444716,-3.0515629992781537,-0.5469173145930812,3.094058491115607,3.330456739363866,3.649920896690922,1.791511381057427,-0.025116830508738475,-0.011013409938154362,-0.02670149102588293,0.022660626051165034
2016-03-15,1230.4000244140625,1.0,0.9711538461538461,0.9807692307692307,0.8,0.6178489702517163,0.038461538461538464,0.019230769230769232,0.01282051282051282,0.38846153846153847,0.34782608695652173,0.9807692307692307,0.9903846153846154,0.9935897435897436,0.9038461538461539,0.585812356979405,2.277796364237757,1.649575285622607,1.931875329488763,0.7997550955921314,-2.7478540931917013,-3.04963803896283,-2.928601897554111,-0.516757115871074,2.609834806253041,2.9552790535331215,3.3033037287514735,1.651728710584674,0.014466780237824883,0.004226228111748664,0.023569570403584983,0.02722691753517581
2016-03-22,1248.199951171875,1.0,0.9807692307692307,0.9871794871794872,0.85,0.6796338672768879,0.019230769230769232,0.009615384615384616,0.00641025641025641,0.3730769230769231,0.32837528604118993,1.0,1.0,1.0,0.9461538461538461,0.6990846681922197,2.4236540493278884,1.9558831322831232,2.2657968740662007,1.0776618320953968,-2.740757495105928,-3.135767193116048,-3.0854137980761966,-0.6169884425331178,2.922891153201424,3.329411434571798,3.754488440132545,2.0680619590503087,-0.0100945169675003,-0.015862784435477062,0.003845576843372278,0.022432303393147945
2016-03-29,1235.5999755859375,1.0,1.0,1.0,0.8846153846153846,0.7265446224256293,0.038461538461538464,0.019230769230769232,0.01282051282051282,0.3769230769230769,0.34210526315789475,0.9423076923076923,0.9711538461538461,0.9807692307692307,0.8846153846153846,0.5205949656750573,2.423388944689416,2.107649072047138,2.4346823339447443,1.2558188813525835,-2.384340441329062,-2.841791742007936,-2.8798861743360997,-0.5611950671591798,1.809224501541457,2.2715263738712625,2.6084958321274887,1.347923670934451,-0.005827089117949158,0.019261936952401415,0.005341514823847149,-0.005422427407137054
2016-04-05,1228.4000244140625,0.9807692307692307,0.9807692307692307,0.9871794871794872,0.8807692307692307,0.7185354691075515,0.038461538461538464,0.019230769230769232,0.01282051282051282,0.36923076923076925,0.3295194508009153,0.9230769230769231,0.9615384615384616,0.9743589743589743,0.8692307692307693,0.4874141876430206,2.2366456090017066,2.0223089403259364,2.340083659410941,1.2402671093562687,-2.3259212712853405,-2.8372452351179214,-2.912417487166772,-0.6158411534774205,1.5289818284520973,2.012153570412865,2.332413577942015,1.204780516568829,0.025236078951387908,0.020026029873836393,0.050716318397607596,-0.011071292181408565
2016-04-12,1259.4000244140625,1.0,1.0,1.0,0.9230769230769231,0.7814645308924485,0.019230769230769232,0.009615384615384616,0.00641025641025641,0.29615384615384616,0.2585812356979405,0.9807692307692307,0.9903846153846154,0.9935897435897436,0.9346153846153846,0.6578947368421053,2.3940918371153606,2.3209978129926996,2.69285937311016,1.5760230870450913,-2.571869492342143,-3.177479962910914,-3.2437017317347987,-0.8275118622961178,2.349208912710793,2.848496218058205,3.2391990092190963,1.9671769905970304,-0.005081804263931233,-0.01365735501727483,0.0035731299926673454,-0.011910433308891522
2016-04-19,1253.0,1.0,1.0,1.0,0.9307692307692308,0.7894736842105263,0.019230769230769232,0.009615384615384616,0.00641025641025641,0.28076923076923077,0.2448512585812357,0.9615384615384616,0.9807692307692307,0.9871794871794872,0.9346153846153846,0.6498855835240275,2.284546602294595,2.3123383558617094,2.6911880566589645,1.647569324539163,-2.4580144984741414,-3.121684469105225,-3.210162736581817,-0.8765416450554583,2.162576863373417,2.6925174026922516,3.0821660631138026,1.9516641275520092,-0.008619352616221043,0.030087750336691865,0.018515523680666446,0.02601753837664611
2016-04-26,1242.199951171875,0.9807692307692307,0.9903846153846154,0.9935897435897436,0.926923076923077,0.7848970251716247,0.019230769230769232,0.009615384615384616,0.00641025641025641,0.27692307692307694,0.2425629290617849,0.9230769230769231,0.9615384615384616,0.9743589743589743,0.9192307692307692,0.6178489702517163,2.1071450555392097,2.199604611330929,2.5690648569055896,1.6156798983790688,-2.2893223562399725,-2.985834732899871,-3.099957843164112,-0.8843879111167404,1.8864390360681358,2.434446742126384,2.8180745270757597,1.8280223012245689,0.03904363380005438,0.017469066249532483,-0.01070675195669224,0.02278220088595817
2016-05-03,1290.699951171875,1.0,1.0,1.0,0.9961538461538462,0.954233409610984,0.019230769230769232,0.009615384615384616,0.00641025641025641,0.16153846153846155,0.13615560640732266,1.0,1.0,1.0,1.0,0.8718535469107551,2.63258564227624,2.9690180807795907,3.461522256095784,2.458566861748869,-2.726622641798543,-3.5383009019809712,-3.6247674593597203,-1.248133845935354,3.363279377260094,4.019377150342645,4.579560833055971,3.462589321272655,-0.020763870590899014,-0.011234214417405797,-0.05880522601309279,0.0190595015006505
2016-05-10,1263.9000244140625,0.9807692307692307,0.9903846153846154,0.9935897435897436,0.9884615384615385,0.9290617848970252,0.038461538461538464,0.019230769230769232,0.01282051282051282,0.21923076923076923,0.18421052631578946,1.0,1.0,1.0,1.0,0.9073226544622426,2.3235082464122283,2.6999302274268175,3.1641148374957453,2.30342239285132,-2.224877581869875,-2.990334810382557,-3.149165078122902,-1.0619188237490826,3.2543522244294736,3.998823426695938,4.620960006467941,3.7271742314573144,0.009731724440400047,-0.027692063710676673,-0.015428435495948412,0.0731861683782169
2016-05-17,1276.199951171875,0.9807692307692307,0.9903846153846154,0.9935897435897436,0.9884615384615385,0.9324942791762014,0.057692307692307696,0.028846153846153848,0.019230769230769232,0.2692307692307692,0.2311212814645309,1.0,1.0,1.0,1.0,0.931350114416476,2.1932352078810724,2.6094177196089055,3.070790399712257,2.312124651285696,-1.8702944205528698,-2.5956546997638017,-2.7977253273494678,-0.9211681850054965,3.1648278741624036,3.9838804768873555,4.65855547404121,4.011292704820079,-0.037063100272319516,-0.048111506576512086,0.007365636086595018,0.04536908527609307
2016-05-24,1228.9000244140625,0.8846153846153846,0.9423076923076923,0.9615384615384616,0.8961538461538462,0.7345537757437071,0.3076923076923077,0.15384615384615385,0.10256410256410256,0.41923076923076924,0.41418764302059496,0.9423076923076923,0.9711538461538461,0.9807692307692307,0.9884615384615385,0.816933638443936,1.3552765552014607,1.585643663176103,1.8935033857279675,1.3076610768730985,-0.4873639875063476,-0.988839934792072,-1.3380194186765684,-0.11105710631769773,1.9545868958108163,2.670829686667714,3.210061728061959,2.7526325139303323,-0.011473655550344963,0.012612905600185353,0.03385139129260928,0.08348927784817728
2016-05-31,1214.800048828125,0.8269230769230769,0.9038461538461539,0.9358974358974359,0.8653846153846154,0.6956521739130435,0.3269230769230769,0.17307692307692307,0.11538461538461539,0.4307692307692308,0.425629290617849,0.8269230769230769,0.9134615384615384,0.9423076923076923,0.9115384615384615,0.597254004576659,1.2057995612076287,1.4178219606191786,1.7068418668380514,1.1749050663831424,-0.42582098509432165,-0.9135148694006979,-1.2686521666327377,-0.08642734031999127,0.9384923706168339,1.5649032998960042,1.986275311166822,1.6162864044619785,0.024366129730148955,0.05828113591706785,0.08272966410970173,0.08717475970297173
2016-06-07,1244.4000244140625,0.9423076923076923,0.9711538461538461,0.9807692307692307,0.95,0.8089244851258581,0.23076923076923078,0.11538461538461539,0.07692307692307693,0.38076923076923075,0.35354691075514877,0.8269230769230769,0.9134615384615384,0.9423076923076923,0.9192307692307692,0.6052631578947368,1.5255112683114687,1.8609503463121668,2.228587271861327,1.7017688448908268,-1.077843959110406,-1.6963190126836991,-1.9538012477936904,-0.5073095821363026,0.942229523991991,1.5717739037424905,1.995029911352832,1.6638911253789619,0.0331082854094884,0.02097394332519964,0.09000321263472832,0.09643201353720898
2016-06-14,1285.5999755859375,1.0,1.0,1.0,1.0,0.971395881006865,0.057692307692307696,0.028846153846153848,0.019230769230769232,0.2423076923076923,0.21739130434782608,0.9423076923076923,0.9711538461538461,0.9807692307692307,0.9884615384615385,0.8226544622425629,2.073896536738155,2.6212989849448705,3.122129529039816,2.63612496181704,-1.7311939719403058,-2.4957839027914956,-2.6540877250721606,-0.9663397427074328,1.8225889156141695,2.526033664569445,3.0499634495751664,2.7922066599791187,-0.01174546972051349,0.023102110925796504,0.03772557632314455,0.041537045292587615
2016-06-21,1270.5,1.0,1.0,1.0,1.0,0.9897025171624714,0.07692307692307693,0.038461538461538464,0.02564102564102564,0.25384615384615383,0.2288329519450801,0.9615384615384616,0.9807692307692307,0.9871794871794872,0.9923076923076923,0.8821510297482837,2.182685044651002,2.830404154271871,3.3712112165032835,2.9768268793429193,-1.622613278385231,-2.3704278882970886,-2.5516919570737016,-0.9486429449324414,2.1735695513055493,2.9171776070180426,3.486612753715637,3.3381093278085157,0.0352617464211924,0.06761119591819176,0.04801259346713893,0.06296733569460833
2016-06-28,1315.300048828125,1.0,1.0,1.0,1.0,0.9977116704805492,0.07692307692307693,0.038461538461538464,0.02564102564102564,0.24615384615384617,0.2219679633867277,1.0,1.0,1.0,1.0,0.9519450800915332,2.156761481497125,2.8659604020113836,3.40957296934871,3.1139338486521457,-1.5579732682009302,-2.2974078176308628,-2.4963871358483347,-0.9555281447476888,2.6832116213767714,3.502175076867014,4.14636550872322,4.16596825357886,0.031247604394568196,0.014293260898577742,0.00410545285736208,0.019235099078992457
2016-07-05,1356.4000244140625,1.0,1.0,1.0,1.0,1.0,0.11538461538461539,0.057692307692307696,0.038461538461538464,0.25769230769230766,0.2299771167048055,1.0,1.0,1.0,1.0,0.9782608695652174,2.1459940847104653,2.9120664658302036,3.458292452651964,3.277557560366557,-1.4774106204418065,-2.205051239326874,-2.4216873755746136,-0.9506224784781089,2.9842290618556104,3.8803887606176524,4.590228320177937,4.833107732174092,-0.01644061370299532,-0.018357434359984492,0.0058979650958468355,-0.03295493397052762
2016-07-12,1334.0999755859375,0.9615384615384616,0.9807692307692307,0.9871794871794872,0.9923076923076923,0.9965675057208238,0.21153846153846154,0.10576923076923077,0.07051282051282051,0.2923076923076923,0.2643020594965675,0.9807692307692307,0.9903846153846154,0.9935897435897436,0.9961538461538462,0.9691075514874142,1.8807654788286314,2.604663881701384,3.098488763927262,3.005400371291056,-1.2521921691897477,-1.9408802033052175,-2.1892612355731553,-0.8386962421203241,2.458181587525782,3.303742015488768,3.960942754072824,4.29050524856825,-0.0019488611299880443,-0.01004424305470597,0.003672906456587244,0.011468442476663121
2016-07-19,1331.5,0.9423076923076923,0.9711538461538461,0.9807692307692307,0.9884615384615385,0.9908466819221968,0.23076923076923078,0.11538461538461539,0.07692307692307693,0.31153846153846154,0.3009153318077803,0.9615384615384616,0.9807692307692307,0.9871794871794872,0.9923076923076923,0.9588100686498856,1.7197530057431334,2.4254666192487413,2.886060524710153,2.8674695103931596,-1.0729602813654133,-1.7330263172630376,-2.003836743450765,-0.7530532054045701,2.08375183196286,2.8838536287232444,3.497485269628371,3.874148141893142,-0.00811118950666545,0.02470899317616415,0.014269620728501797,-0.009387908374014264
2016-07-26,1320.699951171875,0.9038461538461539,0.9519230769230769,0.967948717948718,0.9807692307692307,0.988558352402746,0.25,0.125,0.08333333333333333,0.3269230769230769,0.30892448512585813,0.8846153846153846,0.9423076923076923,0.9615384615384616,0.9769230769230769,0.897025171624714,1.5919322762042427,2.280472775718358,2.7194553072921237,2.771812952198953,-1.0176914734982818,-1.6714352164100499,-1.9510732739605416,-0.7490298472247615,1.4478959164825276,2.1645925491941633,2.689683445289395,3.009669893011677,0.033088570347422186,0.013856325815630566,0.01506778613598403,-0.005300219776481985
2016-08-02,1364.4000244140625,0.9423076923076923,0.9711538461538461,0.9807692307692307,0.9884615384615385,0.994279176201373,0.15384615384615385,0.07692307692307693,0.05128205128205128,0.25384615384615383,0.2402745995423341,0.9038461538461539,0.9519230769230769,0.967948717948718,0.9807692307692307,0.9130434782608695,1.593556937263194,2.2960024026508816,2.7453313994806203,2.8647010230138266,-1.243591657316037,-1.9276259881887834,-2.1890273193494187,-0.9414157923454796,1.4611365434145116,2.1859265306584805,2.7060583594224887,3.0819048633402875,-0.01861625913189968,-0.010187645972838388,-0.038625089635878185,-0.028217531010770625
2016-08-09,1339.0,0.8653846153846154,0.9326923076923077,0.9551282051282052,0.9730769230769231,0.9874141876430206,0.25,0.125,0.08333333333333333,0.3038461538461538,0.2986270022883295,0.8461538461538461,0.9230769230769231,0.9487179487179487,0.9692307692307692,0.8947368421052632,1.4330041332904608,2.1108182970512908,2.52878600041217,2.682632942755745,-0.9691566416498889,-1.6216231234703797,-1.9122409266219857,-0.7858161261400414,1.3135465570224123,2.0214033971713428,2.5194767871514454,2.9092679030296655,0.008588498879761097,0.001194903350214771,0.007767008524318442,-0.054294212973767686
2016-08-16,1350.5,0.8461538461538461,0.9230769230769231,0.9487179487179487,0.9692307692307692,0.9851258581235698,0.25,0.125,0.08333333333333333,0.28846153846153844,0.2814645308924485,0.8269230769230769,0.9134615384615384,0.9423076923076923,0.9653846153846154,0.88558352402746,1.3493834896504424,2.020525820373887,2.4260199047444595,2.61791517381432,-0.9876741920572647,-1.6430923590450843,-1.93342679730893,-0.83054207733822,1.2248023346031134,1.9241490853609766,2.4079415659221466,2.825771201645598,-0.007330636367317678,-0.02873013611856723,-0.023324694557571246,-0.07219548315438729
2016-08-23,1340.5999755859375,0.9230769230769231,0.9615384615384616,0.9743589743589743,0.9846153846153847,0.9931350114416476,0.25,0.125,0.08333333333333333,0.2846153846153846,0.2780320366132723,0.8269230769230769,0.9134615384615384,0.9423076923076923,0.9653846153846154,0.8878718535469108,1.3981582050695562,2.090851696387809,2.5163954057095257,2.7688423733519034,-0.964106340026991,-1.6185552278623936,-1.910792507134242,-0.8461522389565742,1.1831886965538445,1.8811300962138306,2.355783900448372,2.8006836770044625,-0.02155753016587303,0.006564261516026626,-0.02006566082645589,-0.05952553200885613
2016-08-30,1311.699951171875,0.8076923076923077,0.9038461538461539,0.9358974358974359,0.9615384615384616,0.977116704805492,0.3269230769230769,0.16346153846153846,0.10897435897435898,0.3076923076923077,0.30205949656750575,0.75,0.875,0.9166666666666666,0.95,0.851258581235698,1.1314303306978222,1.772504457680766,2.1512357336832864,2.386904069837882,-0.8361473360450434,-1.4820315000623387,-1.7841306154309862,-0.7886118225956648,0.9567619135823882,1.627531242395297,2.0774166229981725,2.501165239825841,0.02874138495507772,0.005565334375138953,0.010825702348697286,-0.03034224917234707
2016-09-06,1349.4000244140625,0.9807692307692307,0.9903846153846154,0.9935897435897436,0.9961538461538462,0.9988558352402745,0.057692307692307696,0.028846153846153848,0.019230769230769232,0.17692307692307693,0.20251716247139587,0.9038461538461539,0.9519230769230769,0.967948717948718,0.9807692307692307,0.9221967963386728,1.4435272320791321,2.1566982881470054,2.61069601315787,2.9664192300320678,-1.2135594790042628,-1.8878457204107706,-2.157447183476314,-1.0886865098180996,1.3179973252396682,2.0372803174582503,2.517305108402764,3.075110382994052,-0.02252854888398481,-0.026456256555715707,-0.06158290653805287,-0.04668741578491964
2016-09-13,1319.0,0.8076923076923077,0.9038461538461539,0.9358974358974359,0.9615384615384616,0.9862700228832952,0.17307692307692307,0.08653846153846154,0.057692307692307696,0.23076923076923078,0.2322654462242563,0.8076923076923077,0.9038461538461539,0.9358974358974359,0.9615384615384616,0.8924485125858124,1.137966366206631,1.7937613652409732,2.1921011681469023,2.5036247240147116,-1.0576457519930644,-1.7209961112051184,-2.004629244412215,-1.0120350195980023,1.0748869159982273,1.7651294377817526,2.2223375694773155,2.740713406317643,-0.004018232621777917,0.005231254294209675,-0.05003790750568615,-0.03457162667622249
2016-09-20,1313.699951171875,0.7115384615384616,0.8557692307692307,0.9038461538461539,0.9423076923076923,0.9336384439359268,0.3269230769230769,0.16346153846153846,0.10897435897435898,0.28846153846153844,0.28718535469107553,0.7115384615384616,0.8557692307692307,0.9038461538461539,0.9423076923076923,0.8535469107551488,0.8124199725427779,1.4152413148345548,1.7547916913531578,2.0037444183185706,-0.7694219722862008,-1.422675594940945,-1.7298306752929435,-0.8372183515480155,0.8345952947172998,1.4999916470202335,1.936697859759219,2.403873999749821,0.0092868034525726,-0.03608122410407899,-0.04026787265734544,-0.06828039469123748
2016-09-27,1325.9000244140625,0.9230769230769231,0.9615384615384616,0.9743589743589743,0.9846153846153847,0.9954233409610984,0.11538461538461539,0.057692307692307696,0.038461538461538464,0.2076923076923077,0.22540045766590389,0.8846153846153846,0.9423076923076923,0.9615384615384616,0.9769230769230769,0.9164759725400458,1.178786375708278,1.8484704653475703,2.267399097673825,2.6319580251675516,-1.000512141881285,-1.6641315075589134,-1.9500878778181279,-1.0258135977324325,1.102795673302279,1.7977224042930446,2.252625236866141,2.8033826958452535,-0.04495058035184496,-0.05498153938588113,-0.040727052572356315,-0.08665813583104709
2016-10-04,1266.300048828125,0.6346153846153846,0.8173076923076923,0.8782051282051282,0.926923076923077,0.8913043478260869,0.4807692307692308,0.2403846153846154,0.16025641025641027,0.36153846153846153,0.33638443935926776,0.6346153846153846,0.8173076923076923,0.8782051282051282,0.926923076923077,0.8215102974828375,0.6126752283649911,1.1976110710465206,1.5139978882315626,1.7499699983364272,-0.45778168259589425,-1.1096340762291919,-1.442710546026386,-0.6734132584551408,0.5873016412676231,1.2360070668781973,1.6537968237138352,2.075790325618924,-0.010503078508472985,-0.004343362384839122,0.015872995981117244,-0.06191267582009208
2016-10-11,1253.0,0.4807692307692308,0.7307692307692307,0.8205128205128205,0.8538461538461538,0.6979405034324943,0.5769230769230769,0.28846153846153844,0.19230769230769232,0.38076923076923075,0.35926773455377575,0.5384615384615384,0.7692307692307693,0.8461538461538461,0.9076923076923077,0.6327231121281465,0.09469789870600256,0.6044061383502326,0.8279898781529965,0.94240486095621,-0.12636604081854327,-0.7705216499523458,-1.1348014580516057,-0.4616426988715383,0.0010132265604707962,0.6013655334319417,0.9816678905064086,1.258902131493142,0.006225098825319186,0.015083818367168877,0.016280945262619806,-0.06815644406549282
2016-10-18,1260.800048828125,0.4230769230769231,0.6923076923076923,0.7884615384615384,0.7846153846153846,0.6224256292906178,0.6153846153846154,0.3076923076923077,0.20512820512820512,0.38846153846153847,0.37643020594965676,0.4807692307692308,0.7403846153846154,0.8269230769230769,0.8961538461538462,0.6121281464530892,-0.08417113851787751,0.394794854241588,0.5872552967446412,0.6627784501110376,0.07655622481902943,-0.5521902128848475,-0.9371627471891611,-0.3299310531524355,-0.048492030149876554,0.5444010529102365,0.9218699628227662,1.1928149446885574,0.00880391430524985,0.020304548377620968,-0.029187854856390194,-0.0825666986236302
2016-10-25,1271.9000244140625,0.4230769230769231,0.6923076923076923,0.7948717948717948,0.823076923076923,0.6762013729977117,0.6153846153846154,0.3076923076923077,0.20512820512820512,0.38076923076923075,0.36498855835240274,0.5769230769230769,0.7884615384615384,0.8589743589743589,0.9153846153846154,0.6762013729977117,0.03811373298040601,0.5321398430115225,0.7515484607486631,0.864458107826733,-0.046568478970991124,-0.6688014084760758,-1.0412398235235438,-0.42351931569439355,0.07795546638760574,0.6793851961851386,1.0643091342206645,1.3740947697112647,0.0114002670977853,0.0011793379756328548,-0.04788114100565244,-0.11038605371419963
2016-11-01,1286.4000244140625,0.5384615384615384,0.7692307692307693,0.8461538461538461,0.9,0.7654462242562929,0.5384615384615384,0.2692307692307692,0.1794871794871795,0.3576923076923077,0.34553775743707094,0.5961538461538461,0.7980769230769231,0.8653846153846154,0.9192307692307692,0.7425629290617849,0.2412867629805873,0.7707954871952021,1.0339859773429028,1.211421078709433,-0.37859309887408743,-1.007732974415067,-1.3442115899978635,-0.6714180333125103,0.23970644710020197,0.8581089547517354,1.2521836198130623,1.6132203047843439,-0.010105721201242424,-0.0485074807445568,-0.07657027217864476,-0.11590482956796466
2016-11-08,1273.4000244140625,0.5769230769230769,0.7884615384615384,0.8589743589743589,0.9115384615384615,0.7871853546910755,0.4423076923076923,0.22115384615384615,0.14743589743589744,0.33076923076923076,0.32723112128146453,0.5961538461538461,0.7980769230769231,0.8653846153846154,0.9192307692307692,0.7643020594965675,0.28876170254749955,0.8381283796029226,1.116197579968635,1.3231175113903528,-0.4635370673643669,-1.1006120702812787,-1.42561657510348,-0.7554219487538574,0.30593030421716166,0.9364779472697101,1.332186273016717,1.7209757169731104,-0.03879379885891965,-0.04900268825012388,-0.0830846920054108,-0.08873880778508336
2016-11-15,1224.0,0.36538461538461536,0.6634615384615384,0.7756410256410257,0.8,0.6372997711670481,0.6730769230769231,0.33653846153846156,0.22435897435897437,0.38461538461538464,0.37528604118993136,0.3269230769230769,0.6634615384615384,0.7756410256410257,0.85,0.5137299771167048,-0.13596985215567323,0.3886005159923717,0.6001329340358112,0.715713796223004,0.14484100205430175,-0.49815141985364325,-0.889792423920127,-0.3619791085006361,-0.34920984801023586,0.2524728145059449,0.6080887509634426,0.8450049574125704,-0.0106209150326797,-0.029493444106158062,-0.05498370002297792,-0.03251637976153998
2016-11-22,1211.0,0.28846153846153844,0.6153846153846154,0.7243589743589743,0.7576923076923077,0.5938215102974829,0.7307692307692307,0.38461538461538464,0.2564102564102564,0.4115384615384615,0.4061784897025172,0.28846153846153844,0.6153846153846154,0.7435897435897436,0.8115384615384615,0.41990846681922195,-0.27838908995906353,0.26478151347539813,0.4578603237097546,0.5559282891456621,0.40286498615075744,-0.2668823463568736,-0.6860155021666755,-0.21994515652893093,-0.6154725126200377,-0.010136898565789346,0.3362847804227819,0.5182185210676364,-0.019075124348420736,-0.03583817044926718,-0.0656482246077622,0.0008257638315440907
2016-11-29,1187.9000244140625,0.25,0.5673076923076923,0.6602564102564102,0.6692307692307692,0.5125858123569794,0.7884615384615384,0.4230769230769231,0.28205128205128205,0.4307692307692308,0.4416475972540046,0.15384615384615385,0.2692307692307692,0.4423076923076923,0.38076923076923075,0.13501144164759726,-0.5060271925903106,0.0629891141699483,0.22237398638410177,0.2857520505755351,0.655796645002586,-0.06388307426903055,-0.5055642856676238,-0.09681301741494251,-1.3706476336238225,-0.7939611622059766,-0.4772341545603394,-0.4673964489950776,-0.01708902130727552,-0.026264898224559796,-0.04259615670173611,0.018856826293198736
2016-12-06,1167.5999755859375,0.21153846153846154,0.49038461538461536,0.5448717948717948,0.5384615384615384,0.37757437070938216,0.8269230769230769,0.47115384615384615,0.3141025641025641,0.4461538461538462,0.4588100686498856,0.07692307692307693,0.11538461538461539,0.28846153846153844,0.25384615384615383,0.08695652173913043,-0.8215749757033359,-0.2151889331713159,-0.10652585272347581,-0.09627043918756362,0.9076283852575225,0.12557216907614735,-0.3331994312035758,0.019736866807006804,-1.5339496725804305,-0.9696518609979509,-0.6574476423340904,-0.6805924844548522,-0.00933540993660309,-0.030918102381615298,-0.006166453684843476,0.03511476606482877
2016-12-13,1156.699951171875,0.17307692307692307,0.4423076923076923,0.46153846153846156,0.43846153846153846,0.30549199084668194,0.8461538461538461,0.4807692307692308,0.32051282051282054,0.45,0.465675057208238,0.07692307692307693,0.14423076923076922,0.3141025641025641,0.2846153846153846,0.09610983981693363,-1.0304736541638815,-0.36659251700608403,-0.2909808399351215,-0.30631937666846365,1.028605033081139,0.18893786192365383,-0.27100656902459186,0.05354758164543198,-1.4918403943844376,-0.9271459855585857,-0.607488645504261,-0.6159043552003616,-0.021786074380261256,-0.016771767236694046,0.02377453199694468,0.06700095380957105
2016-12-20,1131.5,0.1346153846153846,0.3942307692307692,0.3782051282051282,0.3423076923076923,0.2345537757437071,0.8653846153846154,0.5,0.3333333333333333,0.45384615384615384,0.47139588100686497,0.11538461538461539,0.17307692307692307,0.3525641025641026,0.3230769230769231,0.10869565217391304,-1.257230057152029,-0.5318034477124807,-0.49277527630411283,-0.5360989023320473,1.1198467985881018,0.24384523828596796,-0.21769154630189244,0.08022416601782713,-1.464438410546679,-0.9104651925917859,-0.585401597561496,-0.5852578887442296,0.005125982172448085,0.02554133841278161,0.07114449845338044,0.08166153284495148
2016-12-27,1137.300048828125,0.11538461538461539,0.34615384615384615,0.3076923076923077,0.25384615384615383,0.18764302059496568,0.8846153846153846,0.5384615384615384,0.358974358974359,0.46923076923076923,0.494279176201373,0.1346153846153846,0.20192307692307693,0.3782051282051282,0.34615384615384615,0.11670480549199085,-1.4437032247337758,-0.6439222017090763,-0.6342169238009059,-0.6949878801514866,1.323874362201846,0.3758595984193238,-0.09215339805117083,0.15996284989562248,-1.425658317799731,-0.8772938555232709,-0.5463506001251511,-0.5328188839903758,0.020311241180143824,0.041237932234396535,0.06418710706573805,0.08810335608014896
2017-01-03,1160.4000244140625,0.09615384615384616,0.2980769230769231,0.23717948717948717,0.19230769230769232,0.15102974828375287,0.9038461538461539,0.5769230769230769,0.38461538461538464,0.4846153846153846,0.5045766590389016,0.21153846153846154,0.3942307692307692,0.5833333333333334,0.5615384615384615,0.2116704805491991,-1.5788975018455473,-0.7127887642805697,-0.7261518672589952,-0.7963735766782977,1.4224023345008132,0.4115323300884828,-0.052344392139273554,0.17631420643680465,-1.1198829013846705,-0.5531567871778234,-0.2097531675319701,-0.1219396708901417,0.020510105357702146,0.044467403050937104,0.04153735794362223,0.07945531647022408
2017-01-10,1184.199951171875,0.1346153846153846,0.4326923076923077,0.391025641025641,0.3730769230769231,0.2471395881006865,0.9230769230769231,0.5865384615384616,0.391025641025641,0.4846153846153846,0.5102974828375286,0.23076923076923078,0.5673076923076923,0.7051282051282052,0.7461538461538462,0.3329519450800915,-1.381929289113128,-0.49179627280205196,-0.4754886578263366,-0.49481824187793505,1.5054778213946074,0.4436576642695511,-0.012954862905406817,0.19084875032142948,-0.8832004260024954,-0.2834543587846215,0.0726934720545288,0.22059544332807463,0.023475806429998913,0.0220402792876504,0.04222259927516503,0.02609358696855546
2017-01-17,1212.0,0.1346153846153846,0.4423076923076923,0.3974358974358974,0.38461538461538464,0.2620137299771167,0.8846153846153846,0.5192307692307693,0.3525641025641026,0.45384615384615384,0.4851258581235698,0.28846153846153844,0.6442307692307693,0.7628205128205128,0.8307692307692308,0.45537757437070936,-1.394355514789911,-0.4506904705975242,-0.4392972406202275,-0.4452306995988029,1.4536273556246302,0.3498109465058673,-0.08642745390791869,0.12359445953877285,-0.5789052243530699,0.05487108247944026,0.42052623030275355,0.6424242418859559,-0.001402599976794594,-0.002805300671668731,0.009818501991800677,-0.008333313189717417
2017-01-24,1210.300048828125,0.1346153846153846,0.4519230769230769,0.3974358974358974,0.38846153846153847,0.2665903890160183,0.8269230769230769,0.4519230769230769,0.3141025641025641,0.41923076923076924,0.4576659038901602,0.34615384615384615,0.6730769230769231,0.782051282051282,0.8615384615384616,0.5331807780320366,-1.4174313633387041,-0.42840223199175365,-0.42570423018724607,-0.42322848750835984,1.1921832067865914,0.0947210323738295,-0.3153412786171022,-0.05393005273357055,-0.41538381066570657,0.2562746901726621,0.624778370771806,0.8933708126566186,-0.0014046708862266444,0.019747088638797594,0.022473725584173376,0.02957938140420291
2017-01-31,1208.5999755859375,0.17307692307692307,0.5096153846153846,0.46794871794871795,0.47307692307692306,0.3135011441647597,0.8076923076923077,0.4230769230769231,0.2948717948717949,0.40384615384615385,0.4450800915331808,0.057692307692307696,0.15384615384615385,0.3269230769230769,0.3192307692307692,0.10640732265446225,-1.3130885326870605,-0.30674924441040385,-0.2939744459364609,-0.26121519286425093,1.1024126015749856,-0.020643591020967012,-0.41510229900645235,-0.1400113481571115,-1.6428325692025865,-0.9449325335689355,-0.6195421460547811,-0.5911131599097064,0.021181512579070194,0.012659315850728436,0.03640575946451463,0.0386398098506886
2017-02-07,1234.199951171875,0.17307692307692307,0.5192307692307693,0.46794871794871795,0.47692307692307695,0.3146453089244851,0.7884615384615384,0.41346153846153844,0.28205128205128205,0.3923076923076923,0.4302059496567506,0.1346153846153846,0.33653846153846156,0.5128205128205128,0.49230769230769234,0.17276887871853547,-1.3159972087328569,-0.2978455997887873,-0.29154497663190526,-0.252025926225563,1.0244700352016372,-0.1049058770940304,-0.4895237692023197,-0.20743584667409173,-1.3985492270476558,-0.7045781287350991,-0.3707379022580524,-0.287014798157629,-0.0083454279414229,0.002673836459798684,-0.015475592563265028,0.016853062429937227
2017-02-14,1223.9000244140625,0.1346153846153846,0.4807692307692308,0.42948717948717946,0.4230769230769231,0.28489702517162474,0.8076923076923077,0.4230769230769231,0.28846153846153844,0.3923076923076923,0.43821510297482835,0.1346153846153846,0.3269230769230769,0.5,0.4846153846153846,0.16933638443935928,-1.3938269485987935,-0.36764106258724655,-0.3780736872013822,-0.34927171321078754,1.0647064295701412,-0.079919084687616,-0.4609677039023067,-0.2017764812666472,-1.393614682177191,-0.7163804894866248,-0.3797396603429421,-0.291595241361142,0.011111998786378363,0.023449587874315947,-0.017975324422868977,0.03864688766589186
2017-02-21,1237.5,0.21153846153846154,0.5576923076923077,0.5064102564102564,0.5307692307692308,0.34324942791762014,0.75,0.40384615384615385,0.27564102564102566,0.3730769230769231,0.41876430205949655,0.19230769230769232,0.38461538461538464,0.5641025641025641,0.5884615384615385,0.2219679633867277,-1.17609907458277,-0.20402058545346685,-0.18421328347916202,-0.11727238126156238,0.9299894369848531,-0.1603811939421101,-0.5360747589529476,-0.2714858608475147,-1.2076958022175257,-0.5481953206051509,-0.2049552541306154,-0.07494460079322957,0.012202000473484853,-0.018101029829545423,0.006949475220959567,0.043797940340909
2017-02-28,1252.5999755859375,0.2692307692307692,0.625,0.6858974358974359,0.7461538461538462,0.5560640732265446,0.6538461538461539,0.33653846153846156,0.22435897435897437,0.3269230769230769,0.37299771167048057,0.23076923076923078,0.5576923076923077,0.6987179487179487,0.7576923076923077,0.34210526315789475,-0.6823684169933448,0.19914847282057502,0.29741605967958484,0.4559107918304063,0.4956671461396044,-0.45034710325024974,-0.8159509618230689,-0.48778753467896685,-0.9333368138199972,-0.2812535963296286,0.07175860178834043,0.260240544302496,-0.02993773010610057,-0.040475772122028575,0.002155575039768376,0.010378413103448114
2017-03-07,1215.0999755859375,0.25,0.5769230769230769,0.5769230769230769,0.6115384615384616,0.4096109839816934,0.7115384615384616,0.40384615384615385,0.2692307692307692,0.36153846153846153,0.408466819221968,0.21153846153846154,0.46153846153846156,0.6217948717948718,0.6615384615384615,0.2643020594965675,-0.9956057266395459,-0.07569460068648327,-0.021213041923103314,0.07970313694584262,0.8218393456393219,-0.1939941415167966,-0.5701829358519153,-0.3214280738457525,-1.0710987665202314,-0.4549749738625042,-0.10432351116765182,0.053668500234578004,-0.010863263465633599,0.025512304026713117,0.032836824307252765,0.03291910196995218
2017-03-14,1201.9000244140625,0.057692307692307696,0.36538461538461536,0.3076923076923077,0.28076923076923077,0.19794050343249428,0.8461538461538461,0.49038461538461536,0.33974358974358976,0.4076923076923077,0.4496567505720824,0.19230769230769232,0.36538461538461536,0.5448717948717948,0.5807692307692308,0.21624713958810068,-1.5389821227536782,-0.574592572287694,-0.5994437999842503,-0.6095317293202714,1.1309174940776208,0.06436102307855632,-0.32809332209029246,-0.1531766279986656,-1.1547074491722238,-0.5740167527156405,-0.22771103018385355,-0.0919639337892373,0.03677506470924885,0.044429672459733505,0.05765864493729156,0.010317018189684779
2017-03-21,1246.0999755859375,0.11538461538461539,0.4230769230769231,0.3782051282051282,0.38461538461538464,0.2528604118993135,0.6538461538461539,0.3942307692307692,0.26282051282051283,0.35,0.40503432494279173,0.28846153846153844,0.5576923076923077,0.6987179487179487,0.7615384615384615,0.34668192219679633,-1.3596810359200766,-0.4701372655280702,-0.4639752671109538,-0.45037539584456476,0.7377189620466779,-0.18906711234948262,-0.572783839967486,-0.3445120370822958,-0.8410849285254314,-0.27494589108107437,0.07682291756707575,0.27327095954045655,0.007383093991203626,0.007142303658161486,0.03659415494691398,-0.008907772894159671
2017-03-28,1255.300048828125,0.3076923076923077,0.5769230769230769,0.6153846153846154,0.6384615384615384,0.41990846681922195,0.5576923076923077,0.3173076923076923,0.21153846153846154,0.3,0.36041189931350115,0.3076923076923077,0.5576923076923077,0.6987179487179487,0.7730769230769231,0.36155606407322655,-0.8793899653980881,-0.08112938316387816,0.00016391333797388972,0.10184483706769909,0.1810163854832846,-0.5748964944064935,-0.9416639029282428,-0.6272790662379345,-0.793503536429638,-0.24817649279342643,0.10698852873579473,0.31548331679045566,-0.00023902558468402724,0.012666216621749715,0.008205151244459863,-0.0003983111451854038
2017-04-04,1255.0,0.34615384615384615,0.6057692307692307,0.6794871794871795,0.7384615384615385,0.5320366132723112,0.5,0.2980769230769231,0.1987179487179487,0.28846153846153844,0.3501144164759725,0.23076923076923078,0.36538461538461536,0.5384615384615384,0.5846153846153846,0.22540045766590389,-0.6303967436205711,0.11871281645462872,0.2386046891780004,0.3874517541911551,-0.1584236620792308,-0.8039909755472643,-1.1601542122091542,-0.8001748074288415,-1.0703378302566213,-0.5722749199199159,-0.224328940362295,-0.06944007723684986,0.012908327626992122,0.029242988981573736,7.966182146423861e-05,0.0056573510644919445
2017-04-11,1271.199951171875,0.4230769230769231,0.6730769230769231,0.7628205128205128,0.8192307692307692,0.6275743707093822,0.40384615384615385,0.21153846153846154,0.14102564102564102,0.2076923076923077,0.30434782608695654,0.34615384615384615,0.5769230769230769,0.7115384615384616,0.7884615384615384,0.39359267734553777,-0.3108507143139227,0.3815687534350014,0.5510996704009387,0.7628903581457612,-0.6293825725390328,-1.1204510711950855,-1.4648086143650012,-1.0383209539346618,-0.6658774520847668,-0.16536126015143293,0.19497727792658986,0.4293196730519691,0.016126495270159413,-0.0044052673072989545,-0.04476078078141521,0.01825053031256041
2017-04-18,1291.699951171875,0.5192307692307693,0.7211538461538461,0.8076923076923077,0.8653846153846154,0.7093821510297483,0.09615384615384616,0.04807692307692308,0.03205128205128205,0.09615384615384616,0.21853546910755148,0.40384615384615385,0.6346153846153846,0.7564102564102564,0.8307692307692308,0.477116704805492,-0.0688428952244656,0.5778847678216472,0.7857864182841969,1.045841626555933,-1.1386661167152485,-1.4623419207353385,-1.7962144114691052,-1.2983060371074275,-0.43646153404927873,0.06277569573960907,0.43075028880762056,0.7102886393128048,-0.020205912032634776,-0.028334734821916396,-0.04389560526067593,-0.02005102061067099
2017-04-25,1265.5999755859375,0.5576923076923077,0.75,0.8333333333333334,0.8923076923076924,0.7482837528604119,0.07692307692307693,0.038461538461538464,0.02564102564102564,0.09230769230769231,0.2116704805491991,0.4230769230769231,0.6442307692307693,0.7628205128205128,0.8384615384615385,0.4965675057208238,0.05271735770623654,0.6696025079039448,0.8979108731746205,1.184091042233763,-1.1991275618201716,-1.479608082152382,-1.816999539909012,-1.3328932202945358,-0.37944065485471157,0.10821699159915385,0.4789174430906173,0.7712745863851637,-0.008296460337034017,-0.0405340769179946,-0.008533444189434691,-0.01943740207054634
2017-05-02,1255.0999755859375,0.46153846153846156,0.6634615384615384,0.7628205128205128,0.8307692307692308,0.6750572082379863,0.057692307692307696,0.038461538461538464,0.02564102564102564,0.08846153846153847,0.20594965675057209,0.38461538461538464,0.5769230769230769,0.717948717948718,0.8038461538461539,0.42219679633867274,-0.14706744941233965,0.46683690019421664,0.6702898533526448,0.9156403042967882,-1.2935826712755683,-1.4924305949981798,-1.8299689865580144,-1.3592432702958586,-0.5462652800559169,-0.11138889495774729,0.2593398186436286,0.5184203549415032,-0.03250731220735248,-0.01601464104606798,0.005577244949536375,-0.0069316798192219364
2017-05-09,1214.300048828125,0.3269230769230769,0.5288461538461539,0.6025641025641025,0.6615384615384615,0.45194508009153317,0.3269230769230769,0.21153846153846154,0.14102564102564102,0.18846153846153846,0.28832951945080093,0.25,0.38461538461538464,0.5641025641025641,0.6192307692307693,0.2551487414187643,-0.7404564773291615,-0.08493689777635885,0.038845187488650845,0.16643746358676384,-0.7556525378746161,-1.0722348175329504,-1.427152177673045,-1.0755606576305765,-0.9054345228822183,-0.5501420968464118,-0.1842364577088035,0.005961572219713301,0.017046817375863332,0.03335254745240679,0.06596390707818789,0.0029646507791971644
2017-05-16,1235.0,0.19230769230769232,0.41346153846153844,0.44871794871794873,0.4461538461538462,0.2906178489702517,0.4423076923076923,0.2980769230769231,0.1987179487179487,0.25769230769230766,0.3329519450800915,0.28846153846153844,0.40384615384615385,0.5833333333333334,0.6538461538461539,0.2711670480549199,-1.0902545239568093,-0.42811038092892595,-0.3578451295882101,-0.3055443497620339,-0.42327442971080026,-0.8109488329767539,-1.1771154126672603,-0.9031513013741524,-0.8447386083699953,-0.5214357958511922,-0.15763036974022987,0.04124509887173329,0.016032428200910998,0.021943300069585003,0.024939310792003955,-0.0173279549911437
2017-05-23,1254.800048828125,0.40384615384615385,0.5673076923076923,0.6538461538461539,0.7269230769230769,0.5434782608695652,0.23076923076923078,0.14423076923076922,0.09615384615384616,0.1423076923076923,0.2414187643020595,0.4423076923076923,0.5769230769230769,0.717948717948718,0.8038461538461539,0.4244851258581236,-0.4911355907832368,0.0844044327662717,0.23522143614699062,0.40138408859889274,-1.0729710356019024,-1.263221598812178,-1.6151035246656682,-1.2367983353991698,-0.44233987822500986,-0.11438545080736248,0.25735698469088153,0.5264457942974294,0.005817601588898658,0.03155879346906332,-0.010997807053811481,-0.010918132538313308
2017-05-30,1262.0999755859375,0.4423076923076923,0.5961538461538461,0.6923076923076923,0.7730769230769231,0.5926773455377574,0.019230769230769232,0.028846153846153848,0.019230769230769232,0.07692307692307693,0.18993135011441648,0.2692307692307692,0.36538461538461536,0.5576923076923077,0.6269230769230769,0.2620137299771167,-0.31522333051315576,0.22769859799169243,0.40154682241303086,0.6042061242292696,-1.3679628047408274,-1.474640802882554,-1.8261870456721279,-1.4073113877351198,-0.8144654898525081,-0.5499022995533702,-0.18174280033916285,0.023893696022010292,0.025592306039883717,0.002931679988718683,-0.012439546371582955,-0.00824025403315154
2017-06-06,1294.4000244140625,0.6346153846153846,0.75,0.8333333333333334,0.8961538461538462,0.7631578947368421,0.019230769230769232,0.009615384615384616,0.00641025641025641,0.05384615384615385,0.12013729977116705,0.5769230769230769,0.6826923076923077,0.7884615384615384,0.8730769230769231,0.5938215102974829,0.23022635606734126,0.6947116640872893,0.9448810140554996,1.2531471630257853,-1.9166280971708376,-1.879658011714626,-2.2305559310174017,-1.724892516469594,0.01156143395381454,0.3460700783997539,0.7259144184040339,1.075616163472346,-0.022095159955581645,-0.0412546534354673,-0.059100740541649266,-0.016841817380213064
2017-06-13,1265.800048828125,0.5769230769230769,0.6730769230769231,0.7692307692307693,0.8423076923076923,0.6887871853546911,0.038461538461538464,0.028846153846153848,0.019230769230769232,0.06538461538461539,0.15102974828375287,0.5,0.6057692307692307,0.7371794871794872,0.8192307692307692,0.4702517162471396,0.010399997469604412,0.47036766279327086,0.6910047123941848,0.9580614147160847,-1.6036569357730754,-1.6428802932737188,-2.005581771808373,-1.579731337448605,-0.286204950917615,-0.011135578858123097,0.36582514471556093,0.6664930282991384,-0.01959239048148631,-0.015326294569211751,-0.041238798568947965,-0.007426152671399455
2017-06-20,1241.0,0.36538461538461536,0.49038461538461536,0.5833333333333334,0.6653846153846154,0.47368421052631576,0.23076923076923078,0.16346153846153846,0.10897435897435898,0.1423076923076923,0.23684210526315788,0.34615384615384615,0.46153846153846156,0.6346153846153846,0.7192307692307692,0.34096109839816935,-0.59074950868382,-0.08991766738658663,0.05469028912388124,0.20555773976429143,-0.9584571236243673,-1.1576887339731798,-1.5293246931135684,-1.2441333496545541,-0.6086295882725291,-0.40054166428015314,-0.029584662166183114,0.21741449444008623,0.004351349245819813,-0.01861400127795121,8.056050438165485e-05,0.026349678623589945
2017-06-27,1246.4000244140625,0.2692307692307692,0.41346153846153844,0.46794871794871795,0.5038461538461538,0.32265446224256294,0.28846153846153844,0.23076923076923078,0.15384615384615385,0.17692307692307693,0.2757437070938215,0.4230769230769231,0.5096153846153846,0.6666666666666666,0.7538461538461538,0.37871853546910755,-0.9128767618996421,-0.40635249366467174,-0.29423842697620384,-0.21012986873734912,-0.6874716642593492,-0.9393617244935065,-1.3142485888584174,-1.101289979233037,-0.4768940516232531,-0.2905120116883712,0.07834314549514754,0.34450262819303673,-0.022865853210647935,-0.026315828133543606,0.004252187623555281,0.03104938255281886
2017-07-03,1217.9000244140625,0.019230769230769232,0.22115384615384615,0.21153846153846154,0.17307692307692307,0.13844393592677345,0.5,0.36538461538461536,0.24358974358974358,0.26153846153846155,0.3340961098398169,0.46153846153846156,0.5192307692307693,0.6730769230769231,0.7653846153846153,0.40160183066361554,-1.3961683702399554,-0.8646421454617689,-0.8002091059774701,-0.814525661589782,-0.2879897495808049,-0.6303951757854372,-1.012871057903612,-0.8903973528556967,-0.3866864928192834,-0.22915764518427761,0.1367085416611359,0.41419314109983013,-0.003530707563778712,0.019049142546028408,0.044913334489989465,0.07816729556079616
2017-07-11,1213.5999755859375,0.019230769230769232,0.19230769230769232,0.16666666666666666,0.12692307692307692,0.10640732265446225,0.5576923076923077,0.4423076923076923,0.2948717948717949,0.2923076923076923,0.35812356979405036,0.5961538461538461,0.625,0.75,0.8307692307692308,0.4931350114416476,-1.4876453219984236,-0.9921997740273285,-0.9279265855592868,-0.9724369261507875,0.07870537374146244,-0.34748704577978695,-0.7408579079581151,-0.6997090176276556,-0.061569150803147385,0.05188101286664914,0.41653222642101145,0.7366122760297393,0.02265985543277771,0.031394179591625715,0.03526701523495057,0.10349371960500964
2017-07-18,1241.0999755859375,0.038461538461538464,0.20192307692307693,0.1858974358974359,0.15,0.12128146453089245,0.5384615384615384,0.4423076923076923,0.2948717948717949,0.28846153846153844,0.35697940503432496,0.6730769230769231,0.6634615384615384,0.7756410256410257,0.8576923076923076,0.5411899313501144,-1.3632688651441494,-0.9358714681249841,-0.8432744046602447,-0.8809801758158023,-0.04626539800170687,-0.4133864080325193,-0.8084376824687263,-0.7599962990782638,0.1239049573980909,0.17906113360965528,0.5413631277590317,0.8816410315852599,0.008540791067966236,0.0253807111591704,0.026267002036275633,0.07001855299613235
2017-07-25,1251.699951171875,0.34615384615384615,0.41346153846153844,0.5,0.5230769230769231,0.32608695652173914,0.34615384615384615,0.27884615384615385,0.1858974358974359,0.18461538461538463,0.2917620137299771,0.5384615384615384,0.5480769230769231,0.6987179487179487,0.7961538461538461,0.43249427917620137,-0.710470916710678,-0.4251762547876917,-0.25201129828328667,-0.18561950275579006,-0.6521945411482257,-0.8312710042793434,-1.2050595844283867,-1.0709026281558254,-0.19158227650850684,-0.13710832128490108,0.2172073500619388,0.5185258566334628,0.016697311839387163,0.003754952005700085,0.026683730699831543,0.04354078623153712
2017-08-01,1272.5999755859375,0.5576923076923077,0.5673076923076923,0.6858974358974359,0.7384615384615385,0.5709382151029748,0.19230769230769232,0.16346153846153846,0.10897435897435898,0.13076923076923078,0.2334096109839817,0.40384615384615385,0.46153846153846156,0.6153846153846154,0.7230769230769231,0.35812356979405036,-0.03428124090860998,0.09209057430758144,0.3353950394001949,0.5080624291695908,-1.0475948306530414,-1.1006399351418106,-1.4534372822842805,-1.2711673739031129,-0.4261294255915412,-0.37156460692063303,-0.0273754893817614,0.24832335924216487,-0.01272980628843412,0.0008643529836869224,0.031824611643067824,0.019173365458244662
2017-08-08,1256.4000244140625,0.6730769230769231,0.6346153846153846,0.7435897435897436,0.8153846153846154,0.6475972540045767,0.17307692307692307,0.125,0.08333333333333333,0.11538461538461539,0.22654462242562928,0.4230769230769231,0.46153846153846156,0.6153846153846154,0.7230769230769231,0.35926773455377575,0.2652895738408798,0.28818535156923525,0.5638530290109732,0.7754398192463977,-1.0590007247292896,-1.1028197226524907,-1.4508658734271778,-1.2824967415144277,-0.3951076723754068,-0.3735927058340769,-0.035389000794589426,0.24482349158640773,0.013769441596342302,0.022843004309283987,0.06590251922068147,0.012018445791561971
2017-08-15,1273.699951171875,0.8653846153846154,0.7980769230769231,0.8653846153846154,0.9192307692307692,0.8032036613272311,0.057692307692307696,0.038461538461538464,0.02564102564102564,0.06923076923076923,0.16132723112128147,0.6923076923076923,0.625,0.75,0.8307692307692308,0.5080091533180778,0.9328839991298743,0.7623445105269061,1.0867488904235734,1.3947675200857592,-1.499372541001952,-1.4357073690700444,-1.7487090759437818,-1.5263853891657693,0.19487456236742268,0.06863685140663203,0.41584076553193733,0.7548437482598866,0.008950321779924497,0.030933521178054812,0.04263174288274563,0.013268450233128615
2017-08-22,1285.0999755859375,0.8846153846153846,0.8076923076923077,0.8717948717948718,0.9230769230769231,0.8638443935926774,0.019230769230769232,0.009615384615384616,0.00641025641025641,0.046153846153846156,0.10068649885583524,0.8269230769230769,0.7403846153846154,0.8269230769230769,0.8961538461538462,0.6350114416475973,1.2673627756437549,0.9565079841049783,1.2996234419907138,1.6526283911154693,-1.9777970226130368,-1.8246855353049403,-2.101740784641875,-1.8219423105748618,0.6881850918530164,0.4058651832380163,0.7623343131479533,1.1446280760922778,0.021788188103601502,0.04209787301666612,0.016418937037421477,-0.0016340951099776957
2017-08-29,1313.0999755859375,0.9423076923076923,0.8557692307692307,0.9038461538461539,0.9423076923076923,0.9588100686498856,0.019230769230769232,0.009615384615384616,0.00641025641025641,0.038461538461538464,0.06064073226544622,0.9038461538461539,0.7980769230769231,0.8653846153846154,0.9192307692307692,0.8077803203661327,1.7214504934298944,1.2587266184882238,1.6253842777620133,2.047340470175538,-2.1620216116339908,-2.015058370035127,-2.277663906064959,-1.991985176178285,1.495550212230819,0.9794384056286873,1.356385822052964,1.8037356139763359,0.01987660960414761,0.011347212467515133,-0.012261043245205494,-0.029015289234878172
2017-09-05,1339.199951171875,0.9615384615384616,0.875,0.9166666666666666,0.95,0.9816933638443935,0.019230769230769232,0.009615384615384616,0.00641025641025641,0.023076923076923078,0.028604118993135013,0.9615384615384616,0.8557692307692307,0.9038461538461539,0.9423076923076923,0.8729977116704806,2.0432341530956326,1.422424473145015,1.800167771232294,2.266477912089018,-2.2135877724802704,-2.0906553491608224,-2.3463257958954897,-2.08699904282552,2.127744674887042,1.3803941177445236,1.7711661157815528,2.2636381793874194,-0.008363165755848834,-0.024641577959380268,-0.050552534080242295,-0.05391274925652145
2017-09-12,1328.0,0.9807692307692307,0.9326923076923077,0.9551282051282052,0.9730769230769231,0.9919908466819222,0.038461538461538464,0.019230769230769232,0.01282051282051282,0.026923076923076925,0.038901601830663615,0.9807692307692307,0.9230769230769231,0.9487179487179487,0.9692307692307692,0.9107551487414187,2.296184406343388,1.5846090604253584,1.969569105862021,2.480715426999744,-2.044124961474983,-1.990901524663936,-2.2495177075306496,-2.0479105862880944,2.4025944512953807,1.5556049081262882,1.952458624941328,2.4687817244830135,-0.01641569941876886,-0.02334337349397586,-0.02816266898649289,-0.040888590985033835
2017-09-19,1306.199951171875,0.9423076923076923,0.8557692307692307,0.9038461538461539,0.9423076923076923,0.9805491990846682,0.057692307692307696,0.028846153846153848,0.019230769230769232,0.03076923076923077,0.04919908466819222,0.9615384615384616,0.8461538461538461,0.8974358974358975,0.9384615384615385,0.8775743707093822,1.9316939134786555,1.3168815599073176,1.6866840696332575,2.159804615714073,-1.8927885405323308,-1.8991895841704665,-2.166568001169504,-2.024230244290734,2.1575198680441456,1.3664295791605539,1.7582783618749591,2.264081574679122,-0.007043294683651724,-0.026565573778152052,-0.017761408696318592,-0.018909778054818527
2017-09-26,1297.0,0.9038461538461539,0.7692307692307693,0.8461538461538461,0.9076923076923077,0.8775743707093822,0.07692307692307693,0.038461538461538464,0.02564102564102564,0.03076923076923077,0.05034324942791762,0.9423076923076923,0.7980769230769231,0.8653846153846154,0.9192307692307692,0.8318077803203662,1.3835201584334742,0.8522904995814921,1.2007816906235669,1.5976156525774081,-1.8152425788873845,-1.8515071091892104,-2.125049812939532,-2.0337034848492497,1.798626785390499,1.0366161608499211,1.4199617354170522,1.9003814438346915,-0.01966075558982272,-0.0049344829715207705,-0.016962220508866643,-0.01225907819125871
2017-10-03,1271.5,0.8846153846153846,0.75,0.8333333333333334,0.9,0.8180778032036613,0.11538461538461539,0.057692307692307696,0.038461538461538464,0.038461538461538464,0.07208237986270023,0.8846153846153846,0.7403846153846154,0.8269230769230769,0.8961538461538462,0.7540045766590389,1.1182014097555293,0.6402769506698284,0.9810035871019807,1.3505739503797483,-1.6291913638042428,-1.7129327449453577,-2.002216818753282,-1.9739031244099186,1.2994980874595756,0.652643746115613,1.025802991062776,1.4790162647071001,0.015021608797434194,0.009044435705859222,-0.0035391270153362075,0.018246127543747548
2017-10-10,1290.5999755859375,0.8269230769230769,0.6923076923076923,0.7948717948717948,0.8769230769230769,0.7837528604118993,0.1346153846153846,0.0673076923076923,0.04487179487179487,0.046153846153846156,0.09038901601830664,0.8461538461538461,0.7211538461538461,0.8141025641025641,0.8884615384615384,0.7334096109839817,0.9653476326697702,0.5320790234373044,0.868426881932313,1.2285940962500934,-1.4743206667331108,-1.595132295792463,-1.899272389460036,-1.9207272942046754,1.1711415725984216,0.5633436564704101,0.9339773135024051,1.3843331722462384,-0.005888715116771248,-0.012087382520563739,-0.013094703807343455,-0.022470169338748014
2017-10-17,1283.0,0.8076923076923077,0.6730769230769231,0.782051282051282,0.8692307692307693,0.7757437070938215,0.11538461538461539,0.057692307692307696,0.038461538461538464,0.03076923076923077,0.06636155606407322,0.9038461538461539,0.75,0.8333333333333334,0.9,0.7711670480549199,0.914548435919895,0.5035347321156723,0.8358867754682213,1.1988015382755965,-1.52145647546859,-1.6643269997971268,-1.963620324132,-2.0053674520251796,1.3288072753549478,0.6862825813531617,1.0573450595891805,1.5207312598676874,-0.00623538581449723,-0.01247077162899457,-0.001169134840218189,-0.03468433359314105
2017-10-24,1275.0,0.7884615384615384,0.6634615384615384,0.7756410256410257,0.8653846153846154,0.7723112128146453,0.17307692307692307,0.08653846153846154,0.057692307692307696,0.046153846153846156,0.09153318077803203,0.8653846153846154,0.7307692307692307,0.8205128205128205,0.8923076923076924,0.7585812356979404,0.8821863402767813,0.483009204719755,0.8118823160791244,1.177893946244276,-1.3434663584526232,-1.5172975877237254,-1.8299215690803678,-1.921229899962199,1.2653253806206117,0.6443188518701126,1.0114424120585925,1.4745337372877592,-0.006274509803921524,-0.0010196461397058432,0.004784294577205861,-0.011215724571078445
2017-10-31,1267.0,0.75,0.6346153846153846,0.7564102564102564,0.8538461538461538,0.7620137299771167,0.15384615384615385,0.07692307692307693,0.05128205128205128,0.038461538461538464,0.08695652173913043,0.9038461538461539,0.75,0.8333333333333334,0.9,0.7871853546910755,0.8417730404252958,0.44353685017234873,0.7718488385592365,1.137022662109097,-1.3184410297999962,-1.5077649730487757,-1.8237478605411186,-1.9355098234860342,1.3637860402539916,0.710205825633725,1.0789900179250123,1.5492419573286649,0.005288043545284227,0.011444356748224083,0.02186262918064319,0.013496429033889035
2017-11-07,1273.699951171875,0.8269230769230769,0.6826923076923077,0.7884615384615384,0.8730769230769231,0.782608695652174,0.21153846153846154,0.10576923076923077,0.07051282051282051,0.05,0.09382151029748284,0.9038461538461539,0.75,0.8333333333333334,0.9,0.8020594965675057,0.9237462316512881,0.4865788478555281,0.8203492208922674,1.2016273598582285,-1.2086233479132837,-1.4161978538546653,-1.7391839898272519,-1.8871608507200202,1.4560373349327311,0.7696966585390372,1.1414429538362336,1.6180828282312931,0.0061239295965651586,0.0058098647230488965,-0.009499863429220379,0.03140457056875734
2017-11-14,1281.5,0.8461538461538461,0.7211538461538461,0.8141025641025641,0.8884615384615384,0.799771167048055,0.15384615384615385,0.07692307692307693,0.05128205128205128,0.03461538461538462,0.08581235697940504,0.8846153846153846,0.7403846153846154,0.8269230769230769,0.8961538461538462,0.7917620137299771,0.992407951270607,0.5370258866885024,0.8766304039591285,1.2756432516116718,-1.2359971589451562,-1.4670135032347518,-1.7799422304737402,-1.9470496995175153,1.3324714384851064,0.6987151164656379,1.0717301860067794,1.5456627306778208,-0.0003121532688743489,0.010300391082227911,-0.033554428404213854,0.02356609533505649
2017-11-21,1281.0999755859375,0.8269230769230769,0.6923076923076923,0.7948717948717948,0.8769230769230769,0.7860411899313501,0.15384615384615385,0.07692307692307693,0.05128205128205128,0.03076923076923077,0.07665903890160183,0.8461538461538461,0.7211538461538461,0.8141025641025641,0.8884615384615384,0.7848970251716247,0.9196589773188556,0.4859788050882788,0.8296593483907784,1.2297536316707098,-1.2150989533528709,-1.4749339528301306,-1.7784087497323406,-1.97322839979146,1.2553342340813136,0.6620055386885834,1.0363203039834328,1.5132084466076885,0.010615858125918143,-0.015221294490370463,-0.01592383483165094,0.04238548892586613
2017-11-28,1294.699951171875,0.9230769230769231,0.7692307692307693,0.8461538461538461,0.9076923076923077,0.88558352402746,0.17307692307692307,0.08653846153846154,0.057692307692307696,0.03461538461538462,0.08123569794050343,0.75,0.625,0.75,0.85,0.6544622425629291,1.2905501768703398,0.7883268587923582,1.1318670743872725,1.5897070812703942,-1.15417203044848,-1.4458921531987068,-1.7372983886026563,-1.9582941363261743,0.6668784526150561,0.22566450256561735,0.5989052329001222,1.0514591463890446,-0.02556575023887009,-0.04340770316783171,-0.008187206291575988,0.03166756897062495
2017-12-05,1261.5999755859375,0.5769230769230769,0.46153846153846156,0.6282051282051282,0.7769230769230769,0.6361556064073226,0.36538461538461536,0.19230769230769232,0.1282051282051282,0.07692307692307693,0.18077803203661327,0.5961538461538461,0.4423076923076923,0.6282051282051282,0.7769230769230769,0.4805491990846682,0.22854657606789497,-0.0416859772949885,0.3327248084165079,0.655253189957296,-0.47822341295721793,-0.7815741785767442,-1.151001406536334,-1.4692323781232728,0.005387177873508255,-0.2646214417034498,0.11003891815583478,0.5420486844429779,-0.018310063437666835,-0.0007133992006019829,0.04129674745890832,0.05849718631601064
2017-12-12,1238.5,0.34615384615384615,0.25961538461538464,0.4166666666666667,0.5230769230769231,0.3352402745995423,0.6153846153846154,0.5192307692307693,0.34615384615384615,0.23076923076923078,0.32265446224256294,0.3269230769230769,0.28846153846153844,0.4935897435897436,0.6807692307692308,0.34553775743707094,-0.7306959137959046,-0.8223799968893547,-0.38991454711237883,-0.19215473237125874,0.21764612923467883,-0.08625163801138495,-0.5637728743920943,-0.9753589595994239,-0.5730232249749584,-0.6851604160895228,-0.3070575175199399,0.11398348566941048,0.01792486973909968,0.03681871262489911,0.05910371511657253,0.0707307029357589
2017-12-19,1260.699951171875,0.36538461538461536,0.27884615384615385,0.44871794871794873,0.5692307692307692,0.3684210526315789,0.6346153846153846,0.5288461538461539,0.3525641025641026,0.23461538461538461,0.32494279176201374,0.4230769230769231,0.34615384615384615,0.5384615384615384,0.7153846153846154,0.38215102974828374,-0.6620836291741088,-0.783796291787436,-0.32750580634806864,-0.11803676219816257,0.2719008302027928,-0.04506231427387825,-0.5354620142687274,-0.9598100807296912,-0.4576362972441375,-0.5873804083669778,-0.20691463573308064,0.2261762830913343,0.01856113692422312,0.04204013806039586,0.05925285645704248,0.05346238361587252
2017-12-26,1284.0999755859375,0.4423076923076923,0.34615384615384615,0.5256410256410257,0.6884615384615385,0.5205949656750573,0.5384615384615384,0.41346153846153844,0.27564102564102566,0.16538461538461538,0.26773455377574373,0.4423076923076923,0.3557692307692308,0.5448717948717948,0.7192307692307692,0.39473684210526316,-0.2476908972541951,-0.4566421686837469,7.085839982661716e-05,0.26765193909941126,0.026905510577340395,-0.3102955153483879,-0.7581490305284287,-1.1581721284489737,-0.42819159565615944,-0.5548843634949847,-0.17107511856539026,0.2713063330575477,0.023051145665220485,0.021493634538341633,0.04018376806088808,0.03481043072350398
2018-01-02,1313.699951171875,0.6346153846153846,0.5192307692307693,0.6666666666666666,0.8,0.6899313501144165,0.38461538461538464,0.20192307692307693,0.1346153846153846,0.08076923076923077,0.18192219679633867,0.7307692307692307,0.6057692307692307,0.7371794871794872,0.8423076923076923,0.6361556064073226,0.40409931429373114,0.07856755465369902,0.4973908967357538,0.8518705564096609,-0.39234093525928615,-0.7501045850007005,-1.1081772012897344,-1.4642906603022157,0.5350737024699306,0.1361949007688488,0.5230356927667632,0.9882604872390439,-0.0015224176557332436,0.016518287317305758,0.016518287317305758,0.0013702130585597772
2018-01-09,1311.699951171875,0.9038461538461539,0.7596153846153846,0.8397435897435898,0.9038461538461539,0.8787185354691075,0.3076923076923077,0.15384615384615385,0.10256410256410256,0.06153846153846154,0.10869565217391304,0.9423076923076923,0.7980769230769231,0.8653846153846154,0.9192307692307692,0.8398169336384439,1.1794523367108527,0.7378103403586577,1.0800135959990493,1.5354668331402324,-0.8979819018755999,-1.2653808125409134,-1.5015222816247171,-1.8076520753053364,1.683812350883103,0.9944818740712207,1.3762051402153328,1.8606358846309246,0.018068212338510747,0.01829686734268643,0.010978139018147814,0.016695910062737296
2018-01-16,1335.4000244140625,0.9230769230769231,0.7788461538461539,0.8525641025641025,0.9115384615384615,0.8947368421052632,0.057692307692307696,0.028846153846153848,0.019230769230769232,0.011538461538461539,0.04805491990846682,1.0,0.9326923076923077,0.9551282051282052,0.9730769230769231,0.914187643020595,1.224973974754244,0.802952919114279,1.1375063206583191,1.6011112409459567,-1.2376061468303445,-1.6111298563815453,-1.7483769003179426,-2.0292786043762034,2.1269451953761216,1.4001129111292816,1.7719417761132217,2.2657462235166315,0.00022459693899135047,0.0,-0.005466563347808928,-0.007113973211261837
2018-01-23,1335.699951171875,0.9230769230769231,0.7788461538461539,0.8525641025641025,0.9115384615384615,0.9210526315789473,0.038461538461538464,0.019230769230769232,0.01282051282051282,0.007692307692307693,0.032036613272311214,1.0,0.9326923076923077,0.9551282051282052,0.9730769230769231,0.9153318077803204,1.309270220480725,0.9048931937858509,1.2267723229987109,1.699615695762796,-1.2968761268475262,-1.686811024377647,-1.7863081252371524,-2.070655131127007,2.002780688222213,1.3795762438726733,1.7427437583927081,2.2359400619502288,-0.00022454650653336294,-0.007187224628940836,-0.005165757727022768,-0.0184172916711981
2018-01-30,1335.4000244140625,0.9038461538461539,0.7692307692307693,0.8461538461538461,0.9076923076923077,0.9107551487414187,0.17307692307692307,0.08653846153846154,0.057692307692307696,0.03461538461538462,0.07093821510297482,0.9038461538461539,0.7980769230769231,0.8653846153846154,0.9192307692307692,0.8546910755148741,1.225970743994611,0.8604762996025733,1.1932283710357094,1.6554551851531858,-1.0735293092169482,-1.4899972396992707,-1.6251501893054237,-1.9408959132668495,1.48508509270503,0.9905148980525779,1.3628076222518721,1.8491272600820452,-0.006964241918600789,-0.005466563347808928,-0.01490192006158908,0.0044181700660455014
2018-02-06,1326.0999755859375,0.7884615384615384,0.7019230769230769,0.8012820512820513,0.8807692307692307,0.8295194508009154,0.38461538461538464,0.19230769230769232,0.1282051282051282,0.07692307692307693,0.11441647597254005,0.8076923076923077,0.7019230769230769,0.8012820512820513,0.8807692307692307,0.7986270022883295,0.7744121970740446,0.47851539455504133,0.8850639095875922,1.2940273702386293,-0.6939934264146672,-1.142285948034623,-1.3664083997538536,-1.7237801024443589,0.960490356135915,0.581457114563108,0.9769371475396217,1.4584223477723308,0.0015081819145017494,0.002036100815848707,0.005655682179381838,0.005052464644852428
2018-02-13,1328.0999755859375,0.6538461538461539,0.5865384615384616,0.7243589743589743,0.8346153846153846,0.7780320366132724,0.4230769230769231,0.21153846153846154,0.14102564102564102,0.08461538461538462,0.13157894736842105,0.6538461538461539,0.6057692307692307,0.7371794871794872,0.8423076923076923,0.7059496567505721,0.5206156046973209,0.2687165846290685,0.7176084401252669,1.0983466254644692,-0.5296019163934947,-0.9981712002543378,-1.2600880206343834,-1.634541885306219,0.445657977724624,0.1787522339710172,0.6000146616164566,1.0818540265198835,0.000527123902610338,-0.009487219198523467,-0.0016564650344974563,0.010466097936588037
2018-02-20,1328.800048828125,0.7115384615384616,0.6538461538461539,0.7692307692307693,0.8615384615384616,0.7974828375286042,0.38461538461538464,0.19230769230769232,0.1282051282051282,0.07692307692307693,0.11327231121281464,0.7115384615384616,0.6442307692307693,0.7628205128205128,0.8576923076923076,0.7631578947368421,0.5919139068384621,0.34580913698344345,0.7788722475609079,1.1700853646551843,-0.6652569268795833,-1.1240563840579185,-1.3443514768645455,-1.7096657821670929,0.7597466463232506,0.4406843322193397,0.8455653933668965,1.3287474257908432,-0.010009067082631717,0.0036122265061968584,-0.013320343612116314,0.013847006071362689
2018-02-27,1315.5,0.5,0.47115384615384615,0.6474358974358975,0.7846153846153846,0.7013729977116705,0.4230769230769231,0.21153846153846154,0.14102564102564102,0.08461538461538462,0.11556064073226545,0.7692307692307693,0.6826923076923077,0.7884615384615384,0.8730769230769231,0.7894736842105263,0.13430220066303797,-0.04649788411834442,0.46389083418672306,0.8037049968566413,-0.5983295210314872,-1.0703599835994602,-1.3035340957665642,-1.676023983642567,0.8270188973161039,0.5074089313120768,0.9075472310847442,1.3911294980982463,0.013759008427166375,0.007905757821408121,0.019612351826776786,0.012086677623764697
2018-03-06,1333.5999755859375,0.5,0.47115384615384615,0.6474358974358975,0.7846153846153846,0.7048054919908466,0.46153846153846156,0.23076923076923078,0.15384615384615385,0.09230769230769231,0.12242562929061784,0.5961538461538461,0.5673076923076923,0.7115384615384616,0.8269230769230769,0.6807780320366132,0.12699525611526108,-0.039488438695200176,0.46485436851903283,0.807370476395701,-0.5184115279491449,-1.0089310011526695,-1.2571477126824209,-1.6364344620272413,0.27131047830799043,0.09050782294937122,0.5103799325303369,1.0002654196862373,-0.005773808722883245,-0.01687162598373193,-0.0005998251143196631,-0.022345476382240825
2018-03-13,1325.9000244140625,0.38461538461538464,0.375,0.5833333333333334,0.7423076923076923,0.6453089244851259,0.5,0.25961538461538464,0.17307692307692307,0.10384615384615385,0.13729977116704806,0.6730769230769231,0.625,0.75,0.85,0.7597254004576659,-0.17144878127642676,-0.26615435650218133,0.2763478599119228,0.5931929165430907,-0.3344121814195822,-0.8725018645972178,-1.1587045401958787,-1.5526611361066367,0.6471274446650969,0.39793926175396954,0.7939571176197692,1.28079760935111,-0.011162266049934977,0.011614770443094224,0.01214267689078019,-0.010483463427195527
2018-03-20,1311.0999755859375,0.28846153846153844,0.2980769230769231,0.5,0.6615384615384615,0.5469107551487414,0.5961538461538461,0.3173076923076923,0.21153846153846154,0.12692307692307692,0.18878718535469108,0.8461538461538461,0.75,0.8333333333333334,0.9,0.8237986270022883,-0.6447976478055051,-0.6261334885955016,-0.02539463162586477,0.24980981073712077,0.2500147902158561,-0.4730821030897976,-0.8723659577292345,-1.311740684097368,1.0224575282616153,0.7048194639036038,1.074923617019016,1.5563770030586552,0.023034149801345993,0.016551043891591677,0.027534113536844762,-0.01693230995748718
2018-03-27,1341.300048828125,0.5384615384615384,0.5192307692307693,0.6794871794871795,0.8076923076923077,0.7528604118993135,0.36538461538461536,0.18269230769230768,0.12179487179487179,0.07307692307692308,0.10183066361556065,0.6923076923076923,0.6442307692307693,0.7628205128205128,0.8576923076923076,0.7757437070938215,0.2729960852773643,0.13730666371916003,0.5837457946395148,0.9555364026203883,-0.678697109295783,-1.1198849798372494,-1.3270781416759694,-1.6911772064780952,0.64251820843553,0.4323600424959142,0.816013027618079,1.3022620822613162,-0.006337135384007708,0.0005218453339255191,-0.007380917060811232,-0.03697912163619532
2018-04-03,1332.800048828125,0.3076923076923077,0.34615384615384615,0.532051282051282,0.7038461538461539,0.6075514874141876,0.5384615384615384,0.27884615384615385,0.1858974358974359,0.11153846153846154,0.14645308924485126,0.4423076923076923,0.4230769230769231,0.6025641025641025,0.7615384615384615,0.5869565217391305,-0.40504378105109756,-0.3978798661534827,0.14165515520910632,0.4490506767216036,-0.10162985872652386,-0.7451288666133348,-1.056016773015059,-1.464338403390815,-0.2095136941325026,-0.1821724357996006,0.2310213577974948,0.7357257896591719,0.006902724215807288,0.0108042480613737,-0.02175870268424618,-0.02558530642779666
2018-04-10,1342.0,0.3076923076923077,0.34615384615384615,0.5256410256410257,0.6923076923076923,0.5983981693363845,0.5769230769230769,0.2980769230769231,0.1987179487179487,0.11923076923076924,0.15446224256292906,0.46153846153846156,0.4807692307692308,0.6410256410256411,0.7846153846153846,0.6270022883295194,-0.4223702708210304,-0.4075028306896288,0.12250134639169014,0.43063030402681246,0.0007510690003775892,-0.6880932898129616,-1.008089907413778,-1.423553376027408,-0.08134131256550538,-0.07343723665736492,0.3243588906101063,0.8288823356363988,0.0038747773262854945,-0.007898640526033951,-0.02235469448584204,-0.03315946348733234
2018-04-17,1347.199951171875,0.34615384615384615,0.375,0.5512820512820513,0.7192307692307692,0.6258581235697941,0.4807692307692308,0.2403846153846154,0.16025641025641027,0.09615384615384616,0.12128146453089245,0.5384615384615384,0.5480769230769231,0.6923076923076923,0.8153846153846154,0.6979405034324943,-0.28152341065573494,-0.29418636740919024,0.20357939977616163,0.5265003580346583,-0.3874407053616212,-0.9341584516321972,-1.1777528649094535,-1.5609549536121865,0.14999180612872096,0.10359908957767285,0.4847716465984877,0.9850561905785369,-0.0117279745624016,-0.03221489304983882,-0.04327488781980715,-0.038672786129941406
2018-04-24,1331.4000244140625,0.21153846153846154,0.25961538461538464,0.42948717948717946,0.5923076923076923,0.4748283752860412,0.6153846153846154,0.3173076923076923,0.21153846153846154,0.12692307692307692,0.15903890160183065,0.5,0.5192307692307693,0.6730769230769231,0.8038461538461539,0.6693363844393593,-0.8765707096793524,-0.7817501352675016,-0.20859770940175948,0.0572200772731323,0.10992836332373596,-0.6236469587450516,-0.9468517996816418,-1.369536504413947,0.0472145286767808,0.03829378747981498,0.41483319365065197,0.9202779969162167,-0.020730039867682848,-0.014571146205739516,-0.029818290907467238,-0.041910806523142496
2018-05-01,1303.800048828125,0.07692307692307693,0.04807692307692308,0.20512820512820512,0.23076923076923078,0.16590389016018306,0.7692307692307693,0.5,0.33974358974358976,0.20384615384615384,0.23569794050343248,0.5,0.5384615384615384,0.6794871794871795,0.8076923076923077,0.6784897025171625,-1.8992010960470753,-1.6544077993717456,-0.9590897051889313,-0.7966334071658902,0.826929114264257,-0.17918798086931573,-0.6110565375320844,-1.0950733586437023,0.05870075683323841,0.07053575387539021,0.427462023762063,0.9351990163613643,0.006289270489938437,-0.011428151446577162,-0.0039117176447677204,-0.0362019262728297
2018-05-08,1312.0,0.09615384615384616,0.057692307692307696,0.23076923076923078,0.25384615384615383,0.17848970251716248,0.7692307692307693,0.49038461538461536,0.33974358974358976,0.20384615384615384,0.2345537757437071,0.34615384615384615,0.4230769230769231,0.5641025641025641,0.7384615384615385,0.5766590389016019,-1.7921011350999851,-1.5820632704984916,-0.9324379281738795,-0.7639553777810857,0.8362373822413118,-0.1873777073446948,-0.6049883624373159,-1.0896717902578528,-0.36632724134759487,-0.19198157024596046,0.15487564277864782,0.681991631539983,-0.017606688708793783,-0.015472598192168396,-0.011051829268292734,-0.046036603974133006
2018-05-15,1288.9000244140625,0.019230769230769232,0.009615384615384616,0.14102564102564102,0.11153846153846154,0.09839816933638444,0.8846153846153846,0.5576923076923077,0.41025641025641024,0.24615384615384617,0.2768878718535469,0.5576923076923077,0.5865384615384616,0.7051282051282052,0.823076923076923,0.7322654462242563,-2.1154729060536384,-1.8670578253535843,-1.2041619167384694,-1.0825989551779154,1.2629290679751464,0.05621939409771698,-0.41741283167072235,-0.9381538781292947,0.3000206592094021,0.3083524924483813,0.6100299219571192,1.1107324016356066,0.0021723381990665924,0.007603325760093371,0.0048102653847752475,-0.027232504399939073
2018-05-22,1291.699951171875,0.019230769230769232,0.009615384615384616,0.1282051282051282,0.1,0.09153318077803203,0.9423076923076923,0.6923076923076923,0.5128205128205128,0.3076923076923077,0.3306636155606407,0.4230769230769231,0.5192307692307693,0.6346153846153846,0.7807692307692308,0.6464530892448512,-2.0419476593621337,-1.851809197210367,-1.2262527849643632,-1.114166652157212,1.7168504044769082,0.3787906526180852,-0.18317378587304503,-0.7503531410291017,-0.14969835392791153,0.022952658923760257,0.32508198856552467,0.845675862110708,0.005419215192854487,0.004490244675524613,-0.012464176042842667,-0.0510954575326279
2018-05-29,1298.699951171875,0.15384615384615385,0.11538461538461539,0.27564102564102566,0.3346153846153846,0.23684210526315788,0.8846153846153846,0.6153846153846154,0.44871794871794873,0.2692307692307692,0.2940503432494279,0.19230769230769232,0.33653846153846156,0.47435897435897434,0.6846153846153846,0.4588100686498856,-1.3771807628786932,-1.2870677449482855,-0.7633123421541247,-0.5849327404422018,1.2999819962839079,0.15310264943500415,-0.3496694766297218,-0.8826219042849955,-1.0499330563069855,-0.5495657542728856,-0.23166573690258982,0.33040155550173245,-0.000923963361045943,-0.0027719840773761106,-0.03241701483699044,-0.05759600336499371
2018-06-05,1297.5,0.15384615384615385,0.10576923076923077,0.26282051282051283,0.3153846153846154,0.2231121281464531,1.0,0.8557692307692307,0.6730769230769231,0.40384615384615385,0.4073226544622426,0.09615384615384616,0.2403846153846154,0.3717948717948718,0.6192307692307693,0.3695652173913043,-1.3680995929640896,-1.3048066109296648,-0.8035703439520941,-0.6286854512653313,2.8060791205901134,1.3123176262025522,0.5078851946299924,-0.2019024207322913,-1.487171417586015,-0.8609005953519202,-0.5465548696194197,0.04033380000904961,-0.0018497297988920858,-0.01687863153299618,-0.035375741359585766,-0.05687865034922923
2018-06-12,1295.0999755859375,0.19230769230769232,0.1346153846153846,0.27564102564102566,0.35,0.2448512585812357,1.0,0.875,0.6987179487179487,0.4230769230769231,0.42105263157894735,0.057692307692307696,0.21153846153846154,0.33974358974358976,0.6,0.35697940503432496,-1.247073002072831,-1.21554138406857,-0.7492208427670206,-0.564602354137988,2.6477274087376528,1.3591582695611966,0.5702970116556315,-0.15398069424903532,-1.505025764865937,-0.8774741333832775,-0.5838955263947293,0.006405625161268302,-0.015056752658170414,-0.0297274347353621,-0.03188937343553522,-0.06601806934736254
2018-06-19,1275.5999755859375,0.019230769230769232,0.009615384615384616,0.12179487179487179,0.07692307692307693,0.07437070938215103,1.0,1.0,0.8141025641025641,0.5269230769230769,0.517162471395881,0.21153846153846154,0.3557692307692308,0.46794871794871795,0.6807692307692308,0.45652173913043476,-1.8616343405957771,-1.8143486500094275,-1.299086358129404,-1.1977454153865366,3.1848050799967007,2.0159036539227415,1.1030641609603544,0.27296239280052786,-1.034249518523749,-0.5275948480523001,-0.26331244187673125,0.3031758902338549,-0.014894951680500368,-0.018814675806947845,-0.03911886592122371,-0.0647538234296342
2018-06-26,1256.5999755859375,0.019230769230769232,0.009615384615384616,0.08974358974358974,0.05384615384615385,0.06292906178489703,0.9807692307692307,0.9903846153846154,0.8141025641025641,0.5230769230769231,0.5125858123569794,0.21153846153846154,0.36538461538461536,0.46794871794871795,0.6807692307692308,0.4576659038901602,-1.9399796992400853,-1.921474667448849,-1.4255015873062975,-1.343658115862123,2.8652722877554457,1.9401495505280082,1.0916454540423504,0.26673061791428754,-1.0460486485049205,-0.5088347800440352,-0.2626779398084493,0.30338862563654123,-0.003978991005207155,-0.0022281766769149947,-0.026022562316720843,-0.05093108486665188
2018-07-03,1251.5999755859375,0.019230769230769232,0.009615384615384616,0.08333333333333333,0.05,0.059496567505720827,0.9807692307692307,0.9903846153846154,0.8205128205128205,0.5307692307692308,0.5160183066361556,0.34615384615384615,0.5,0.5705128205128205,0.7423076923076923,0.5961098398169337,-1.9157576175978874,-1.902687498876155,-1.4398230674194334,-1.357437980543986,2.666122406536416,1.9010030144517962,1.110189035860044,0.2811682341369385,-0.40824427251045625,-0.034937995340320396,0.15797235624040315,0.6917906065082524,0.0017578086330318765,-0.02069353221418635,-0.022291486863445398,-0.03531475873605927
2018-07-10,1253.800048828125,0.019230769230769232,0.009615384615384616,0.08333333333333333,0.05,0.05835240274599542,1.0,1.0,0.8333333333333334,0.5384615384615384,0.5263157894736842,0.4230769230769231,0.5673076923076923,0.6410256410256411,0.7846153846153846,0.6510297482837528,-1.9029422460126673,-1.881366093702063,-1.4551307048566244,-1.3694500202806215,2.5467945695413885,1.8922317506078834,1.1516765180651356,0.31381253258867914,-0.1753867053274198,0.16433995972636825,0.3103696381447294,0.8315252143582941,-0.02241194493692511,-0.023847522132423582,-0.03525288843583907,-0.04873193115071073
2018-07-17,1225.699951171875,0.019230769230769232,0.009615384615384616,0.019230769230769232,0.011538461538461539,0.032036613272311214,0.9230769230769231,0.9615384615384616,0.8141025641025641,0.5230769230769231,0.511441647597254,0.6538461538461539,0.7211538461538461,0.75,0.85,0.7665903890160183,-2.1678054763426484,-2.1613157996661756,-1.7452343158371144,-1.6923830456037494,2.340464172333035,1.7826885906234093,1.111858313749998,0.27736828154367404,0.458615562457733,0.6596911895324766,0.7126379743390127,1.200713235325035,-0.001468488887587549,-0.0016317207144275203,-0.026678593843959097,-0.024720509068180352
2018-07-24,1223.9000244140625,0.019230769230769232,0.009615384615384616,0.00641025641025641,0.0038461538461538464,0.02631578947368421,1.0,1.0,0.8846153846153846,0.6153846153846154,0.6178489702517163,0.3076923076923077,0.5096153846153846,0.5705128205128205,0.7423076923076923,0.6075514874141876,-2.1792563388022406,-2.236813896146525,-1.8603649768849144,-1.8164615562316024,2.5312745770561196,2.1106603768992596,1.4478012234982685,0.5409043472093192,-0.40660882779423546,0.06623670871854688,0.1810835194430431,0.711654597343782,-0.00016347188348431185,-0.011684000770382452,-0.02557402418805388,-0.02214231150041157
2018-07-31,1223.699951171875,0.019230769230769232,0.009615384615384616,0.00641025641025641,0.0038461538461538464,0.020594965675057208,1.0,1.0,0.9166666666666666,0.6692307692307692,0.6544622425629291,0.09615384615384616,0.25961538461538464,0.3525641025641026,0.6,0.37757437070938216,-2.1177040086102203,-2.2593047646238005,-1.9243771342810552,-1.886510145602041,2.4416895543593014,2.1560894696970436,1.5558586579807576,0.6262772678423286,-1.6013430613265336,-0.7750894985985016,-0.5530652504312582,0.03687365890839618,-0.011522412477368071,-0.0250878094278546,-0.013320198911671799,-0.019367452903122806
2018-08-07,1209.5999755859375,0.019230769230769232,0.009615384615384616,0.00641025641025641,0.0038461538461538464,0.012585812356979404,1.0,1.0,0.9487179487179487,0.7115384615384616,0.7116704805491991,0.1346153846153846,0.3173076923076923,0.38461538461538464,0.6192307692307693,0.408466819221968,-2.245189431090712,-2.4965499440887093,-2.187921594540825,-2.1886889594421044,2.3722938362341233,2.210356021811162,1.6720573253516264,0.7213333248077505,-1.4350572238727066,-0.6258565566264894,-0.4427567835153117,0.13732419130280846,-0.013723525066951514,-0.01405423308789755,-0.013971581312140824,-0.005952340705353665
2018-08-14,1193.0,0.019230769230769232,0.009615384615384616,0.00641025641025641,0.0038461538461538464,0.004576659038901602,1.0,1.0,0.9871794871794872,0.7961538461538461,0.8180778032036613,0.23076923076923078,0.4519230769230769,0.48717948717948717,0.6923076923076923,0.5034324942791762,-2.274934207336647,-2.628435979922709,-2.3580373665838272,-2.3922652709575627,2.3790712680720336,2.3474937987936024,1.8700130365895171,0.8855262942513171,-0.9618114061418134,-0.2666042809366354,-0.15975835550377226,0.3970524744015384,-0.00033530965135164514,0.012070431193681896,0.0020117555859702207,-0.00486173413924984
2018-08-21,1192.5999755859375,0.019230769230769232,0.009615384615384616,0.00641025641025641,0.0038461538461538464,0.002288329519450801,1.0,1.0,0.9871794871794872,0.8153846153846154,0.8318077803203662,0.25,0.49038461538461536,0.5128205128205128,0.7076923076923077,0.5389016018306636,-2.1937871397563167,-2.623461808573587,-2.3886053155227813,-2.4463513112831192,2.235491412252253,2.2917982412241344,1.8808199006393147,0.9092974825552199,-0.7583555664078526,-0.10957983075311033,-0.04846732033697057,0.4992104236369488,0.012409902004948181,8.382994129130239e-05,0.0035217787423851288,0.02909615458036452
2018-08-28,1207.4000244140625,0.057692307692307696,0.028846153846153848,0.019230769230769232,0.011538461538461539,0.010297482837528604,0.9615384615384616,0.9807692307692307,0.967948717948718,0.7730769230769231,0.7848970251716247,0.25,0.4807692307692308,0.4935897435897436,0.6961538461538461,0.5148741418764302,-1.9288937347241015,-2.3619304768309095,-2.1833209411897316,-2.2260901621908316,2.0267392522964855,2.1308796850859846,1.7829464619471362,0.8438879983935141,-0.8466874695706769,-0.18690475879798374,-0.13117124664356744,0.4261306406228519,-0.012174981733432788,-0.009938711079472973,-0.006128892052701174,0.021533874005524867
2018-09-04,1192.699951171875,0.057692307692307696,0.028846153846153848,0.019230769230769232,0.011538461538461539,0.005720823798627002,0.9615384615384616,0.9807692307692307,0.9743589743589743,0.8,0.8157894736842105,0.23076923076923078,0.4326923076923077,0.44871794871794873,0.6692307692307692,0.4816933638443936,-1.9044703420795717,-2.3871748795138186,-2.2262252154824584,-2.2878103866369823,1.9591261853820192,2.119307653410797,1.8293225118790706,0.8927161026753939,-0.9790200425717042,-0.29752304577598804,-0.24159063492819413,0.32660735934205376,0.0022638327766633104,0.0034376606222055184,0.008132869656493957,0.025069192284852937
2018-09-11,1195.4000244140625,0.09615384615384616,0.04807692307692308,0.03205128205128205,0.019230769230769232,0.011441647597254004,0.9423076923076923,0.9711538461538461,0.967948717948718,0.7807692307692308,0.7963386727688787,0.21153846153846154,0.40384615384615385,0.4230769230769231,0.6538461538461539,0.4622425629290618,-1.7514831001328823,-2.2308412121940244,-2.112781473689663,-2.163739152817176,1.8241530352330846,2.0160548906180122,1.7893423893300333,0.86565171718611,-1.051916812144511,-0.35952281485807863,-0.3112585533831344,0.2655411675813621,0.0011711764977992978,0.0038480638213072016,-0.006859689706135708,0.023757757933778656
2018-09-18,1196.800048828125,0.07692307692307693,0.038461538461538464,0.02564102564102564,0.015384615384615385,0.006864988558352402,0.9423076923076923,0.9711538461538461,0.967948717948718,0.8,0.8100686498855835,0.21153846153846154,0.40384615384615385,0.4166666666666667,0.65,0.4610983981693364,-1.747588753975733,-2.2487800884839033,-2.1611973145547596,-2.229496084860387,1.7563758086713979,1.9864310445116466,1.8105104165559174,0.8940450723798384,-1.0206914205232058,-0.34530368585571164,-0.3182613664494603,0.2605322174164985,0.002673755883456419,0.004679123794673057,0.0254846246287046,0.0020052659139677687
2018-09-25,1200.0,0.038461538461538464,0.019230769230769232,0.01282051282051282,0.007692307692307693,0.003432494279176201,0.9038461538461539,0.9519230769230769,0.9551282051282052,0.7807692307692308,0.7940503432494279,0.15384615384615385,0.3269230769230769,0.34615384615384615,0.6038461538461538,0.41647597254004576,-1.677673663483445,-2.2088520825735856,-2.1377831772206655,-2.217138257067661,1.646088653275237,1.8968898664185974,1.7652499514673337,0.8705281040107019,-1.2388736974523409,-0.5299131850254207,-0.4815523055858275,0.11392538217688032,0.0020000203450520893,-0.010666707356770888,0.027833353678385464,0.015833333333333366
2018-10-02,1202.4000244140625,0.11538461538461539,0.057692307692307696,0.038461538461538464,0.023076923076923078,0.008009153318077803,0.9615384615384616,0.9807692307692307,0.9743589743589743,0.8153846153846154,0.816933638443936,0.15384615384615385,0.3269230769230769,0.33974358974358976,0.6,0.41418764302059496,-1.5620422071100435,-2.096219131153796,-2.058478507873705,-2.1386492056265247,1.6024238051221422,1.8859139604399855,1.7925695965897683,0.907943262610188,-1.2042326987143173,-0.5269242028970897,-0.494633513274539,0.10109639920505256,-0.012641444555521075,0.020708602718297886,0.016799692915607345,0.007318634879520003
2018-10-09,1187.199951171875,0.019230769230769232,0.009615384615384616,0.00641025641025641,0.0038461538461538464,0.0011441647597254005,1.0,1.0,0.9935897435897436,0.8576923076923076,0.8581235697940504,0.19230769230769232,0.38461538461538464,0.3717948717948718,0.6230769230769231,0.43478260869565216,-1.7669616993308972,-2.362135380853558,-2.329431283025049,-2.479873276793795,1.6032072720127026,1.9288066305332312,1.8667380096839807,0.9919447236266656,-1.0087442860136604,-0.39675156855533955,-0.4045677432846432,0.18184447579860658,0.03377703782472996,0.038915157633374164,0.030828924495930332,0.04540096582791997
2018-10-16,1227.300048828125,0.21153846153846154,0.10576923076923077,0.07051282051282051,0.04230769230769231,0.017162471395881007,0.7692307692307693,0.8846153846153846,0.8461538461538461,0.5807692307692308,0.5812356979405034,0.34615384615384615,0.49038461538461536,0.4551282051282051,0.6730769230769231,0.4897025171624714,-1.1314138881202673,-1.6200638930281728,-1.6599949889181271,-1.7124741544300843,1.0764478183894057,1.3317829667175214,1.25856761401178,0.49440489182649433,-0.7180529886715928,-0.18679718160970657,-0.24745623827545313,0.32045619505249595,0.004970239829911183,-0.0038296040537726395,-0.022895866160097644,0.011896011574250354
2018-10-23,1233.4000244140625,0.25,0.125,0.08333333333333333,0.05,0.02402745995423341,0.75,0.875,0.8269230769230769,0.5461538461538461,0.534324942791762,0.38461538461538464,0.5288461538461539,0.47435897435897434,0.6846153846153846,0.5068649885583524,-0.9825524273434034,-1.4570474274631073,-1.518652598160606,-1.5587281794677768,0.9358305029105927,1.1924015561357442,1.1222614458258815,0.3903229093624771,-0.5950275695414242,-0.10409770287173638,-0.18991238023305315,0.36908737884315346,-0.00875632285904615,-0.007783343113275887,-0.011675064155202475,0.012810058736068441
2018-10-30,1222.5999755859375,0.21153846153846154,0.10576923076923077,0.07051282051282051,0.04230769230769231,0.014874141876430207,0.7692307692307693,0.8846153846153846,0.8461538461538461,0.5923076923076923,0.585812356979405,0.36538461538461536,0.5,0.44871794871794873,0.6692307692307692,0.49084668192219677,-1.109148453447107,-1.6170628143656596,-1.6789938606779629,-1.757535981957148,1.0159635825607964,1.3090908356579196,1.2599015259338189,0.5179555240346475,-0.6497371935538777,-0.1594628203194628,-0.2436069418069336,0.31909884287030205,0.0009815747310255585,-0.019139559039208942,-0.0093244107980609,0.03672503297126606
2018-11-06,1223.800048828125,0.25,0.125,0.08333333333333333,0.05,0.018306636155606407,0.7307692307692307,0.8653846153846154,0.8333333333333334,0.5807692307692308,0.5778032036613272,0.5192307692307693,0.6442307692307693,0.5576923076923077,0.7346153846153847,0.5983981693363845,-0.991509916245416,-1.4919237583181195,-1.581794500662555,-1.6457066743926754,0.9565787837956875,1.2604114709009524,1.232382452814574,0.49938981694972245,-0.051650668927510406,0.29861733828282544,0.09502728505335055,0.6274648047331176,-0.0201014027412455,-0.003922249253643484,0.014136236368333499,0.04453341871671568
2018-11-13,1199.199951171875,0.15384615384615385,0.07692307692307693,0.05128205128205128,0.03076923076923077,0.009153318077803204,0.8269230769230769,0.9134615384615384,0.9166666666666666,0.7846153846153846,0.7768878718535469,0.9038461538461539,0.9134615384615384,0.8076923076923077,0.8846153846153846,0.8100686498855835,-1.2528865294992526,-1.800192261337861,-1.8940905789256082,-2.015182410937848,1.2622530273362815,1.6366789022113033,1.6596035209304627,0.8737511467166189,1.2418308358169425,1.2838609795445812,0.8562569501921837,1.317304444361836,0.01651104872775888,0.010006671521520127,0.03560713390661863,0.07004670065064134
2018-11-20,1219.0,0.25,0.125,0.08333333333333333,0.05,0.016018306636155607,0.8076923076923077,0.9038461538461539,0.9038461538461539,0.7346153846153847,0.7231121281464531,0.7692307692307693,0.7788461538461539,0.7115384615384616,0.8269230769230769,0.7562929061784897,-0.9485184090450779,-1.4635076831271334,-1.6044659505042635,-1.672384930046811,1.145756001236169,1.528506536293924,1.5741200669579856,0.8055368671642436,0.8527739115704311,0.961923986254712,0.6111413982148193,1.0958166888151792,-0.006398727504614454,0.018129594410120964,0.02477436519431908,0.05512711334854381
2018-11-27,1211.199951171875,0.23076923076923078,0.11538461538461539,0.07692307692307693,0.046153846153846156,0.013729977116704805,0.8461538461538461,0.9230769230769231,0.9358974358974359,0.8,0.7871853546910755,0.019230769230769232,0.15384615384615385,0.1794871794871795,0.47692307692307695,0.32265446224256294,-0.9777554127019842,-1.5016940503562473,-1.6630298686138096,-1.7410609738971865,1.189405712087709,1.602253187823989,1.6867919134802558,0.907437462368124,-1.5028840525718132,-0.9143619953185633,-0.8516803006792307,-0.21105763052101345,0.02468628271090445,0.025346825032880993,0.04648286913622557,0.058867281788725245
2018-12-04,1241.0999755859375,0.40384615384615385,0.20192307692307693,0.16025641025641027,0.12307692307692308,0.05034324942791762,0.7307692307692307,0.8653846153846154,0.8653846153846154,0.6461538461538462,0.6281464530892449,0.019230769230769232,0.038461538461538464,0.057692307692307696,0.23846153846153847,0.11441647597254005,-0.4679567615058502,-0.9585859817375842,-1.1665928561330288,-1.1516812753019172,0.8991129658593967,1.306903767034018,1.3866851482973004,0.6481957263438544,-2.5197264761600073,-1.889894127349992,-1.6079832306132529,-0.8872877580922064,0.0006446288323769256,0.006526448912476557,0.0299734702876171,0.05406492378203365
2018-12-11,1241.9000244140625,0.46153846153846156,0.23076923076923078,0.17307692307692307,0.1423076923076923,0.06178489702517163,0.6346153846153846,0.8173076923076923,0.8333333333333334,0.5807692307692308,0.562929061784897,0.038461538461538464,0.04807692307692308,0.07051282051282051,0.25769230769230766,0.12128146453089245,-0.35558311423068983,-0.8431609484621672,-1.0711048667944547,-1.0331785672789255,0.7224375160830498,1.1330594192155654,1.2115893354148806,0.4967905580717664,-2.335934941137384,-1.8422284898453878,-1.571600375310938,-0.8524943018056833,0.005878030931883327,0.02061355590842817,0.0332554359818924,0.05821718764513606
2018-12-18,1249.199951171875,0.5192307692307693,0.25961538461538464,0.1987179487179487,0.17307692307692307,0.07665903890160183,0.6923076923076923,0.8461538461538461,0.8589743589743589,0.6076923076923076,0.5915331807780321,0.057692307692307696,0.04807692307692308,0.09615384615384616,0.3230769230769231,0.16018306636155608,-0.22912346501145373,-0.7155190095488063,-0.9597313854781366,-0.8974253852808433,0.7612524566444593,1.197458439292691,1.2941731563950623,0.5755105946012399,-1.990700837592906,-1.621598774712648,-1.393551146886298,-0.6940528093252707,0.014649415260509446,0.023294987827169766,0.02961895728965591,0.048030741550793454
2018-12-24,1267.5,0.6153846153846154,0.34615384615384615,0.26282051282051283,0.3153846153846154,0.18077803203661327,0.5961538461538461,0.7980769230769231,0.8333333333333334,0.5653846153846154,0.5469107551487414,0.07692307692307693,0.14423076923076922,0.17307692307692307,0.47307692307692306,0.32151029748283755,0.09408795209660485,-0.38375040308350217,-0.6506285019227609,-0.5281106081915355,0.640935733704363,1.0891640616482494,1.1853058301055164,0.4811014060231851,-1.2228196581212583,-0.9525122308046293,-0.869096544024482,-0.22157189981677042,0.008520748582347082,0.012386549248027512,0.01183431952662728,0.057278087247288
2018-12-31,1278.300048828125,0.6346153846153846,0.3557692307692308,0.27564102564102566,0.35384615384615387,0.2151029748283753,0.46153846153846156,0.7211538461538461,0.782051282051282,0.5192307692307693,0.505720823798627,0.15384615384615385,0.25,0.2564102564102564,0.5307692307692308,0.3707093821510298,0.19905382961197696,-0.29678127305823515,-0.5723654083139399,-0.43052475207078267,0.4938012160917592,0.9545886643238461,1.0438981742528157,0.356520522462901,-0.9770103752436031,-0.7636543375818315,-0.723356044546922,-0.08944089482956842,0.00383313944816166,0.006180006291161666,0.02339036313982823,0.036611065454246194
2019-01-08,1283.199951171875,0.5769230769230769,0.3076923076923077,0.22435897435897437,0.25,0.13729977116704806,0.6346153846153846,0.8173076923076923,0.8589743589743589,0.6,0.580091533180778,0.19230769230769232,0.27884615384615385,0.27564102564102566,0.5461538461538461,0.3901601830663616,0.050995936051801,-0.4849294477541309,-0.7599201861509873,-0.6445949805421675,0.6542590098450207,1.158694613909423,1.2825799658555697,0.5710058102417266,-0.8502201984859893,-0.6774190197526657,-0.6660716215198486,-0.030501343782921714,0.002337905325869416,-0.0005454731908584032,0.024158355033983225,-0.0009351240785032688
2019-01-15,1286.199951171875,0.5769230769230769,0.2980769230769231,0.20512820512820512,0.2153846153846154,0.11327231121281464,0.6923076923076923,0.8461538461538461,0.8846153846153846,0.6307692307692307,0.5995423340961098,0.6346153846153846,0.6634615384615384,0.6025641025641025,0.7615384615384615,0.6418764302059496,0.007476298201029057,-0.5618622611873226,-0.8412777910191419,-0.735191647199105,0.6619306092635421,1.192423490578869,1.332612450444671,0.6196845886348066,0.3642515425448999,0.39672937246168294,0.15825196832968771,0.6999186057660198,-0.002876653173951582,0.017104650004033495,0.017882134095126068,0.007852665246214308
2019-01-22,1282.5,0.5384615384615384,0.2692307692307692,0.1794871794871795,0.18461538461538463,0.09038901601830664,0.6730769230769231,0.8365384615384616,0.8846153846153846,0.6307692307692307,0.5983981693363845,0.7884615384615384,0.7403846153846154,0.6794871794871795,0.8076923076923077,0.7105263157894737,-0.04943380036329416,-0.6499828405989552,-0.9321023083279737,-0.8382645592928669,0.631133923371232,1.1807765875055245,1.3336127395638526,0.6238205725675792,0.7574489172953791,0.6659657625545781,0.36333872055990246,0.8819378251491662,0.020038948282163682,0.024717310855263186,0.04491226166544826,0.01754385964912286
2019-01-29,1308.199951171875,0.6153846153846154,0.3269230769230769,0.21794871794871795,0.25384615384615383,0.13615560640732266,0.4807692307692308,0.7403846153846154,0.8205128205128205,0.5461538461538461,0.522883295194508,0.5,0.5384615384615384,0.47435897435897434,0.6846153846153846,0.5377574370709383,0.18259330682848549,-0.47180677896044065,-0.7638286821104925,-0.642369056341164,0.4023939633388718,0.9726316780567857,1.1075198310858596,0.42557496278859946,-0.04701340038494173,-0.0551642068428972,-0.2039777263340939,0.3977657917102756,0.004586454841727594,0.0007644091402878583,0.012918533133198462,0.004662970405086453
2019-02-05,1314.199951171875,0.7115384615384616,0.38461538461538464,0.2692307692307692,0.33076923076923076,0.19336384439359267,0.36538461538461536,0.6826923076923077,0.7756410256410257,0.5153846153846153,0.5011441647597255,0.5,0.5288461538461539,0.4551282051282051,0.6730769230769231,0.517162471395881,0.3787452657961009,-0.33518307916832396,-0.632390572403347,-0.49154853098887014,0.31658304160916095,0.9114669422606367,1.0458091652443366,0.37579719013626295,-0.1253345569739935,-0.15876571001344564,-0.28229747217387907,0.3342120690637406,-0.0038045960932668876,0.0197078263402517,-0.024501561686379736,-0.01841420793715287
2019-02-12,1309.199951171875,0.7115384615384616,0.38461538461538464,0.26282051282051283,0.3269230769230769,0.18306636155606407,0.34615384615384615,0.6730769230769231,0.7692307692307693,0.5076923076923077,0.4965675057208238,0.4423076923076923,0.4807692307692308,0.4166666666666667,0.65,0.4977116704805492,0.3956241790948103,-0.3570112247218212,-0.6525557035173699,-0.5172995522517239,0.2748046552940155,0.8946190686937272,1.029556483123465,0.3687801256157681,-0.2154293957851542,-0.26458364140795954,-0.35805230586297815,0.2711015589307857,0.023602219345030928,0.012144840365927445,-0.009853271329717916,-0.004353766715903817
2019-02-19,1340.0999755859375,0.8269230769230769,0.5096153846153846,0.4166666666666667,0.5346153846153846,0.37871853546910755,0.3269230769230769,0.6538461538461539,0.717948717948718,0.45384615384615384,0.448512585812357,0.75,0.6826923076923077,0.6282051282051282,0.7769230769230769,0.6590389016018307,0.9691952591954298,0.0685328415268976,-0.23719457979676717,-0.03768906464551918,-0.051098894135737656,0.623520795958846,0.7153269157047846,0.09395256711534777,0.6667364729899777,0.41870786921080355,0.17286651513342713,0.7228016644041649,-0.011193194741639712,-0.043354956081193996,-0.026192057477346542,-0.05036937633737859
2019-02-26,1325.0999755859375,0.8269230769230769,0.5,0.40384615384615385,0.5038461538461538,0.3501144164759725,0.3269230769230769,0.6634615384615384,0.7243589743589743,0.4653846153846154,0.45537757437070936,0.6923076923076923,0.6346153846153846,0.5833333333333334,0.75,0.6395881006864989,0.9621991368651139,0.031327498007007015,-0.2751117084577814,-0.08264327368715799,-0.031920424510866456,0.6690554608304551,0.7687281812062347,0.15008037453703255,0.5943815601218831,0.323995093515514,0.1033282493880906,0.6629009748741592,-0.03252582928082792,-0.021734153866448946,-0.008150273154323262,-0.04210997493463742
2019-03-05,1282.0,0.6153846153846154,0.3269230769230769,0.21794871794871795,0.25384615384615383,0.13501144164759726,0.38461538461538464,0.6923076923076923,0.7884615384615384,0.5384615384615384,0.5091533180778032,0.38461538461538464,0.38461538461538464,0.3525641025641026,0.6076923076923076,0.47139588100686497,0.35380897300545183,-0.4694733796471117,-0.7593113204036519,-0.6487465344932285,0.22988177367749804,0.9168748602403005,1.0524712142346229,0.41894954151666763,-0.3183284106900746,-0.43041847947576145,-0.45983704484524635,0.17794763065253344,0.011154484265308184,0.017940717628705194,0.006240249609984483,0.0006240630484595222
2019-03-12,1296.300048828125,0.5769230769230769,0.28846153846153844,0.19230769230769232,0.2,0.09610983981693363,0.6538461538461539,0.8269230769230769,0.8846153846153846,0.6461538461538462,0.5938215102974829,0.9615384615384616,0.8365384615384616,0.7564102564102564,0.8538461538461538,0.7780320366132724,0.19455225727177802,-0.613903710969987,-0.8933624160740611,-0.8098393594352554,0.4686039890777167,1.1293094380918314,1.293522684535899,0.6520484884101925,1.5141622414858216,1.018055307049087,0.6451500557914819,1.1143586919424278,0.006711371475870864,0.013885674089322286,0.005554231968427192,-0.009874294797486471
2019-03-19,1305.0,0.6346153846153846,0.33653846153846156,0.22435897435897437,0.25,0.13043478260869565,0.5384615384615384,0.7692307692307693,0.8461538461538461,0.6153846153846154,0.5652173913043478,0.8846153846153846,0.7307692307692307,0.6730769230769231,0.8038461538461539,0.7139588100686499,0.42237852031087875,-0.4710344196285356,-0.749525328484996,-0.6486670002396799,0.35126524796355035,1.049622291729349,1.199692522998995,0.584011829817547,1.0691176410529273,0.6051273647175475,0.345039230065506,0.8527167951858736,0.007126474197796995,-0.011494252873563204,-0.024827604914990475,-0.00789275772270115
2019-03-26,1314.300048828125,0.8846153846153846,0.47115384615384615,0.3525641025641026,0.41923076923076924,0.2585812356979405,0.46153846153846156,0.7307692307692307,0.8205128205128205,0.573076923076923,0.5297482837528604,0.8461538461538461,0.6923076923076923,0.6474358974358975,0.7846153846153846,0.6899313501144165,0.9208468106139793,-0.1735766898408974,-0.4587247545729458,-0.3163507681107607,0.1809848224581936,0.938183945636276,1.0730694552200761,0.48344646333820895,0.9491344315187614,0.47665769508003836,0.25490458134579724,0.7727340288720774,-0.018488965932696888,-0.008217338831992493,-0.0342387570023478,-0.03218446873363601
2019-04-02,1290.0,0.6153846153846154,0.3173076923076923,0.21153846153846154,0.2230769230769231,0.11212814645308924,0.6923076923076923,0.8461538461538461,0.8974358974358975,0.6807692307692308,0.6109839816933639,0.07692307692307693,0.0673076923076923,0.1282051282051282,0.4153846153846154,0.30892448512585813,0.4328337701693356,-0.5212174347746922,-0.7944772439111094,-0.714059691694839,0.4387361613419947,1.125421231821194,1.2938935654376942,0.7076822822272758,-1.2683507055639573,-1.2913095530186944,-1.0483570181506006,-0.3533089503717442,0.010465116279069875,-0.013488391018653068,-0.005581357497577488,-0.010465116279069764
2019-04-09,1303.5,0.7307692307692307,0.3942307692307692,0.2692307692307692,0.2923076923076923,0.15446224256292906,0.6730769230769231,0.8365384615384616,0.8910256410256411,0.6692307692307692,0.6006864988558352,0.1346153846153846,0.11538461538461539,0.1794871794871795,0.4576923076923077,0.3512585812356979,0.6985517780452349,-0.3791927392761804,-0.6574796343118289,-0.5629624600875611,0.3689716384920074,1.081133500030329,1.2482546991714962,0.686792916387636,-0.9929019965205754,-1.099275710962321,-0.9004532364950666,-0.23975809482366908,-0.02370542724515723,-0.026237016625911047,-0.015343306482547003,0.015266608679756377
2019-04-16,1272.5999755859375,0.40384615384615385,0.20192307692307693,0.1346153846153846,0.1076923076923077,0.04462242562929062,0.7884615384615384,0.8942307692307693,0.9294871794871795,0.8461538461538461,0.7620137299771167,0.09615384615384616,0.07692307692307693,0.1346153846153846,0.4115384615384615,0.3112128146453089,-0.1787963324953039,-0.9221056164917069,-1.1835261519182003,-1.1845451045018003,0.8472675386853018,1.3521944127947807,1.5701996962622817,1.0177846356343754,-1.1689012111818486,-1.2597800549610134,-1.020161651443694,-0.3586564556723164,-0.002593058951060545,0.008015144929962137,0.017366003465277613,0.042275695316868145
2019-04-23,1269.300048828125,0.38461538461538464,0.19230769230769232,0.1282051282051282,0.07692307692307693,0.02745995423340961,0.9807692307692307,0.9903846153846154,0.9935897435897436,0.9461538461538461,0.8478260869565217,0.07692307692307693,0.0673076923076923,0.1282051282051282,0.40384615384615385,0.30778032036613273,-0.49141039886780685,-1.0976745522071725,-1.3543474358606329,-1.3948489038845233,1.0908241243674093,1.450823519727385,1.693251154458279,1.1658176639287907,-1.1401566933513976,-1.2555284111829157,-1.0197471004228738,-0.3725358898200032,0.010635783093574824,0.01118722967432717,0.002127118150170748,0.06089964845520912
2019-04-30,1282.800048828125,0.5384615384615384,0.2692307692307692,0.1794871794871795,0.1576923076923077,0.06407322654462243,0.7115384615384616,0.8557692307692307,0.9038461538461539,0.7769230769230769,0.6796338672768879,0.07692307692307693,0.038461538461538464,0.10256410256410256,0.3346153846153846,0.2322654462242563,0.17770143892434861,-0.7214956232669628,-0.9937293371172097,-0.9846386657372943,0.5465582308989217,1.157884001254169,1.3618918938586497,0.8711394445782453,-1.3982308697147048,-1.4866576634531197,-1.1920376989998656,-0.5393394445082523,0.0005456432376302889,0.009276505995319262,-0.004911169775741908,0.1029778379776447
2019-05-07,1283.5,0.5576923076923077,0.27884615384615385,0.1858974358974359,0.18076923076923077,0.07208237986270023,0.7115384615384616,0.8557692307692307,0.9038461538461539,0.8,0.7093821510297483,0.23076923076923078,0.17307692307692307,0.23076923076923078,0.47307692307692306,0.36613272311212813,0.37677012811115196,-0.6106421228312515,-0.8847932977487,-0.8673314137995981,0.6535290196654541,1.189190187287448,1.4044681727758783,0.9353013931747263,-0.7406188349991166,-0.9980724545044168,-0.8076087152571447,-0.21438853058763438,0.00872610141945862,-0.008959875340864842,0.03108689085630112,0.09435136391580645
2019-05-14,1294.699951171875,0.9038461538461539,0.5096153846153846,0.358974358974359,0.4076923076923077,0.22768878718535468,0.38461538461538464,0.6923076923076923,0.7948717948717948,0.6076923076923076,0.5583524027459954,0.9230769230769231,0.7307692307692307,0.6923076923076923,0.8038461538461539,0.7265446224256293,1.1927551383215775,-0.150730295347918,-0.4330046037389687,-0.35500347272864785,-0.13541682148942102,0.8735316343059175,1.040399502946264,0.5999205703771429,1.3969904949868024,0.6835080116801183,0.4840780420964813,0.8965672391558418,-0.01753298217963828,-0.01405727339017937,0.024484494043190974,0.07940067405971352
2019-05-21,1272.0,0.6153846153846154,0.3076923076923077,0.20512820512820512,0.2,0.08810068649885583,0.4230769230769231,0.7115384615384616,0.8076923076923077,0.6269230769230769,0.5732265446224256,0.8461538461538461,0.6730769230769231,0.6602564102564102,0.7769230769230769,0.683066361556064,0.4840775036394261,-0.5311714426066579,-0.8018230029015962,-0.787186526613465,-0.1055516793802582,0.8953086255056423,1.0767649510389614,0.649686915027006,1.0954654816162783,0.4378953452392567,0.31135746414548954,0.7365089808478159,0.0035377358490567,0.04040882422489189,0.058647779548693046,0.10786159683323504
2019-05-28,1276.5,0.7115384615384616,0.38461538461538464,0.2564102564102564,0.25,0.11556064073226545,0.40384615384615385,0.7019230769230769,0.8012820512820513,0.6269230769230769,0.5709382151029748,0.8269230769230769,0.6346153846153846,0.6282051282051282,0.7576923076923077,0.6613272311212814,0.7017222216574966,-0.4113945579668842,-0.6865263697281655,-0.6637558099126374,-0.22573474651369976,0.8774311438939828,1.0678111195681608,0.6549940285110311,0.955023590916556,0.3353872405175912,0.24297297001245002,0.6725360795746417,0.03674110804078534,0.03909128430400499,0.10842148406898744,0.11249508467366831
2019-06-04,1323.4000244140625,1.0,0.625,0.532051282051282,0.6,0.45423340961098396,0.057692307692307696,0.5288461538461539,0.6346153846153846,0.46153846153846156,0.45308924485125857,0.6346153846153846,0.46153846153846156,0.48717948717948717,0.6461538461538462,0.5274599542334096,1.997111394266981,0.34352733595046875,0.04130213562871537,0.16302075863853066,-1.8484143134477178,0.4403323090700031,0.5700611685059778,0.17432586694250626,0.2035341723799898,-0.26232419565102527,-0.20541413405518438,0.27654664433100923,0.0022668882761494036,0.017530565772920337,0.0613570724451411,0.08032335257427325
2019-06-11,1326.4000244140625,1.0,0.7019230769230769,0.6217948717948718,0.7038461538461539,0.6132723112128147,0.019230769230769232,0.5096153846153846,0.5961538461538461,0.4346153846153846,0.43707093821510296,0.7307692307692307,0.5384615384615384,0.5576923076923077,0.6961538461538461,0.6086956521739131,2.471410469584738,0.7002140116022264,0.3919302714805963,0.55079224417035,-2.2635177807696834,0.3250844571114472,0.4429629811016591,0.06107453283016188,0.6499509556749588,0.11713804261220563,0.08977828234844244,0.5224223520633512,0.01522915470451558,0.066721952933539,0.05360372005221126,0.11007237433103612
2019-06-18,1346.5999755859375,1.0,0.7596153846153846,0.7115384615384616,0.7769230769230769,0.7036613272311213,0.019230769230769232,0.4807692307692308,0.5448717948717948,0.3923076923076923,0.3901601830663616,0.9230769230769231,0.7596153846153846,0.7371794871794872,0.8192307692307692,0.7551487414187643,2.613319452610612,0.9211508749375585,0.6259760812282357,0.8009373821289526,-2.6769671599905607,0.14539705834848676,0.23912112317400952,-0.13206668422276102,1.489057796315916,0.8378404656484024,0.6531824547482893,0.9969942508266261,0.05072036986960882,0.04307143996104923,0.0464874325864284,0.11555025873086944
2019-06-25,1414.9000244140625,1.0,0.875,0.8269230769230769,0.8730769230769231,0.8112128146453089,0.019230769230769232,0.4519230769230769,0.47435897435897434,0.3269230769230769,0.33981693363844395,1.0,0.9711538461538461,0.9423076923076923,0.9538461538461539,0.9004576659038902,2.773145493358431,1.1934141500782345,0.9245970605568564,1.1190620686343318,-3.6235160801379296,-0.30878378467463363,-0.2836031304716573,-0.6461432192072661,2.775814452440582,2.098453765349682,1.6721862476887903,1.8432448952553575,-0.00727970079185658,-0.012297705925383817,0.0036751368168421727,0.06339667087716783
2019-07-02,1404.5999755859375,1.0,0.9038461538461539,0.8525641025641025,0.8846153846153846,0.8649885583524027,0.019230769230769232,0.375,0.3269230769230769,0.23076923076923078,0.2562929061784897,1.0,1.0,0.9871794871794872,0.9846153846153847,0.9462242562929062,2.736980573618574,1.339605594256692,1.1120978975103786,1.3062337727721411,-3.75531828494725,-0.5924430876412851,-0.6148125612395777,-0.9687739674261672,3.1514696581739416,2.685583583176174,2.2641298006643082,2.281291548954927,-0.005054802583899898,0.0032749363988979763,0.017869839115914,0.09710951643521315
2019-07-09,1397.5,0.9807692307692307,0.875,0.8397435897435898,0.8730769230769231,0.8283752860411899,0.019230769230769232,0.33653846153846156,0.2692307692307692,0.17307692307692307,0.2208237986270023,0.9807692307692307,0.9903846153846154,0.9871794871794872,0.9807692307692307,0.9347826086956522,2.3756805155943512,1.195258890008428,1.0022913481794398,1.1654944147318909,-3.4624927972788724,-0.694655353750154,-0.7392301365475829,-1.0860944478153862,2.7134389609682033,2.4177359152804967,2.154058687430133,2.1392857108235415,0.008372058083631506,0.016171717771690464,0.053595724088774555,0.10618964179897139
2019-07-16,1409.199951171875,0.9615384615384616,0.8653846153846154,0.8397435897435898,0.8692307692307693,0.8215102974828375,0.057692307692307696,0.4326923076923077,0.3974358974358974,0.28076923076923077,0.2974828375286041,0.9807692307692307,0.9903846153846154,0.9935897435897436,0.9807692307692307,0.9393592677345538,2.180602919457153,1.146796598221525,0.9866267979581779,1.130723417944781,-2.6891529374655367,-0.4662315896019468,-0.4791023157154582,-0.8202731879577859,2.5873126498564933,2.391132535297782,2.2245507814771788,2.1592797551714917,0.007734902633936391,0.014547261361279817,0.06599489300483041,0.057550454489306624
2019-07-23,1420.0999755859375,0.9423076923076923,0.8461538461538461,0.8333333333333334,0.8615384615384616,0.8135011441647597,0.057692307692307696,0.40384615384615385,0.34615384615384615,0.25,0.2734553775743707,1.0,1.0,1.0,0.9884615384615385,0.9565217391304348,2.0228040722055174,1.1099120239306342,0.977386690060335,1.1029982687311013,-2.5639874295688303,-0.52270751755483,-0.5441640955157586,-0.8792931038994672,2.657836125931797,2.616456348069023,2.4914772066559507,2.3712578094048435,0.00676007024222125,0.03682842738346359,0.059502852934797845,0.05985494082198595
2019-07-30,1429.699951171875,0.9807692307692307,0.8846153846153846,0.8653846153846154,0.8769230769230769,0.8398169336384439,0.09615384615384616,0.4326923076923077,0.4230769230769231,0.3076923076923077,0.3135011441647597,0.9038461538461539,0.9038461538461539,0.8974358974358975,0.9,0.868421052631579,1.9882958309982839,1.1746848958186868,1.0718701158932231,1.1838792907090163,-2.204036734837623,-0.4256651745268262,-0.43067340587095987,-0.7577770354017083,1.492772652328803,1.3956711081219133,1.4385407323821104,1.4985344621212677,0.029866457788704448,0.05070994087995473,0.07784853649669365,0.0716234370226625
2019-08-06,1472.4000244140625,1.0,0.9711538461538461,0.9423076923076923,0.9307692307692308,0.9668192219679634,0.07692307692307693,0.40384615384615385,0.36538461538461536,0.2653846153846154,0.2803203661327231,0.9423076923076923,0.9711538461538461,0.9807692307692307,0.9730769230769231,0.937070938215103,2.3027086393519363,1.573197421142867,1.527622370781724,1.651254497889563,-2.198557410867525,-0.5125408933326994,-0.5279628536138179,-0.8487699947999344,2.09131256150481,2.147945985687049,2.1583075542447934,2.074891825439106,0.020239015392349735,0.0218690237964978,0.04991849957979255,0.006519950710920375
2019-08-13,1502.199951171875,0.9807692307692307,0.9615384615384616,0.9423076923076923,0.926923076923077,0.9610983981693364,0.09615384615384616,0.40384615384615385,0.3717948717948718,0.27307692307692305,0.28489702517162474,0.9038461538461539,0.9519230769230769,0.967948717948718,0.9615384615384616,0.9256292906178489,2.1290473550442193,1.526530641065136,1.496786446279691,1.6005295140509344,-2.051408092655341,-0.5097059659762488,-0.5182504427183858,-0.8325049897965618,1.859419139848265,1.9502906897703718,2.0199443571383555,1.9548633656319372,0.0015976730742071066,0.02582881779343471,-0.007921650066934682,-0.0033284517125030666
2019-08-20,1504.5999755859375,1.0,0.9711538461538461,0.9551282051282052,0.9346153846153846,0.9736842105263158,0.038461538461538464,0.34615384615384615,0.3269230769230769,0.23461538461538461,0.2494279176201373,0.9038461538461539,0.9519230769230769,0.967948717948718,0.9615384615384616,0.9302059496567505,2.0729848388800254,1.5784399924183388,1.5717115489282767,1.6571929141592228,-2.109327662503703,-0.6348797701112003,-0.6504331578710573,-0.9581964353082885,1.7771703212567518,1.913677857664197,2.0236301059891497,1.9512009716261245,0.02419249302452453,0.027449188819800074,0.00033231424173418844,-0.017944969053641846
2019-08-27,1541.0,0.9615384615384616,0.9519230769230769,0.9487179487179487,0.9230769230769231,0.965675057208238,0.057692307692307696,0.34615384615384615,0.3333333333333333,0.23846153846153847,0.2528604118993135,1.0,1.0,1.0,0.9961538461538462,0.9725400457665904,1.9301075608007348,1.5450486236424426,1.5383008043305104,1.6060364422989102,-1.9607942667322142,-0.6298289271723714,-0.628653424882216,-0.9307764846792909,2.331538246333665,2.672869039051116,2.7679351490072253,2.5776490808639285,0.0031797692498782837,-0.032900682136194015,-0.0057754863167180925,-0.038481537201898064
2019-09-03,1545.9000244140625,1.0,0.9807692307692307,0.967948717948718,0.9384615384615385,0.9782608695652174,0.019230769230769232,0.2980769230769231,0.24358974358974358,0.15384615384615385,0.19679633867276888,0.9807692307692307,0.9903846153846154,0.9935897435897436,0.9923076923076923,0.971395881006865,1.8814377401830018,1.5964737280484027,1.6031230026176935,1.6463093631446073,-2.11591737830302,-0.8310550920106786,-0.84105251008691,-1.1352440132234376,2.145988528216273,2.557140393245764,2.6940823924376494,2.5120977871134813,-0.03596608752691588,-0.02639242394965957,-0.04133515971596047,-0.03810079790663512
2019-09-10,1490.300048828125,0.9038461538461539,0.9230769230769231,0.9166666666666666,0.8846153846153846,0.9061784897025171,0.038461538461538464,0.2980769230769231,0.25,0.1576923076923077,0.20137299771167047,0.9423076923076923,0.9711538461538461,0.9807692307692307,0.9769230769230769,0.9530892448512586,1.5518971565214714,1.3544003379374292,1.328342688744093,1.3450226860211545,-1.9734886778759841,-0.8290590703030483,-0.8229010341762563,-1.1099647666750105,1.73294851223016,2.136340970319685,2.29618687710963,2.1772025345681194,0.009930836927402709,0.028047993953084216,0.004629874600873496,-0.006374555249776814
2019-09-17,1505.0999755859375,0.9038461538461539,0.9519230769230769,0.9358974358974359,0.9038461538461539,0.937070938215103,0.019230769230769232,0.25,0.21794871794871795,0.1346153846153846,0.17505720823798626,0.9615384615384616,0.9807692307692307,0.9871794871794872,0.9846153846153847,0.9679633867276888,1.563310531078657,1.4385398294258838,1.4138249320314797,1.419821263174189,-2.004926812027778,-0.9466111041673612,-0.9361331118878126,-1.219623037680345,1.876531031585373,2.3922686671151223,2.5498652312738073,2.399251525998541,0.017939007665911832,-0.015347801448833742,-0.018271211511576957,-0.03521360764049375
2019-09-24,1532.0999755859375,1.0,1.0,0.9935897435897436,0.9461538461538461,0.982837528604119,0.019230769230769232,0.23076923076923078,0.20512820512820512,0.12692307692307692,0.15675057208237986,1.0,1.0,1.0,1.0,0.9816933638443935,1.727307262114524,1.6690318264147057,1.6867353289069273,1.6750817353543648,-2.008049631145096,-1.0474160900438654,-1.0318900905649682,-1.3102065975316128,2.1501187505838937,2.8037232894774435,2.993883594943435,2.787311252054288,-0.03270019997668705,-0.022779208256768824,-0.03289604152286962,-0.03837864871404684
2019-10-01,1482.0,0.8269230769230769,0.8653846153846154,0.8717948717948718,0.8461538461538461,0.8501144164759725,0.09615384615384616,0.2980769230769231,0.28205128205128205,0.18076923076923077,0.2151029748283753,0.8653846153846154,0.9326923076923077,0.9551282051282052,0.9576923076923077,0.9439359267734554,1.2118051512229517,1.1897527348498065,1.1621419352835216,1.1355619834169923,-1.588148100932022,-0.8031643861047395,-0.7466175896659358,-1.0188397164010454,1.303959602131135,1.7630035961089563,1.9889906523639507,1.9359004528916832,0.010256377308957454,-0.0029689773374240724,0.003373819163292824,-0.01497972413756743
2019-10-08,1497.199951171875,0.8461538461538461,0.8942307692307693,0.9038461538461539,0.8692307692307693,0.8935926773455377,0.07692307692307693,0.27884615384615385,0.26282051282051283,0.16538461538461538,0.20022883295194507,0.9230769230769231,0.9615384615384616,0.9743589743589743,0.9730769230769231,0.9576659038901602,1.2717127664930676,1.2807678434568972,1.2622639892906433,1.2348291131052387,-1.6049327968748048,-0.8803241273375942,-0.81219700573101,-1.084529454672379,1.4144853998909788,1.930217777405723,2.1583860233292826,2.096576631675199,-0.013091087513458999,-0.010352658633115741,-0.010953715521372809,-0.01269035574381927
2019-10-15,1477.5999755859375,0.6923076923076923,0.7788461538461539,0.8012820512820513,0.8,0.7986270022883295,0.17307692307692307,0.33653846153846156,0.3525641025641026,0.26153846153846155,0.2505720823798627,0.8653846153846154,0.9326923076923077,0.9551282051282052,0.9576923076923077,0.9473684210526315,0.9806991767139194,1.030331212537033,0.9811739733547528,0.9508772469072007,-1.3265666729223458,-0.7249554415854552,-0.6239162915460323,-0.8918679327462816,1.227657050733227,1.7209960668207813,1.9526079656559538,1.9289910244592168,0.002774753420195175,0.006361684196925399,-0.017257715499005788,-0.010151597352356379
2019-10-22,1481.699951171875,0.7692307692307693,0.8365384615384616,0.8525641025641025,0.8346153846153846,0.8363844393592678,0.19230769230769232,0.33653846153846156,0.358974358974359,0.2653846153846154,0.2517162471395881,0.9230769230769231,0.9615384615384616,0.9743589743589743,0.9769230769230769,0.965675057208238,1.0306835752336845,1.114137611437097,1.0718668250555985,1.0405760628779088,-1.2721624041473583,-0.736536188444819,-0.6178278683370236,-0.8840106255284118,1.418662154478324,1.9856105523405403,2.219233547308206,2.1762687862866845,0.003577005468572203,-0.0006073445187322335,-0.0056690980769126265,-0.004791776891348465
2019-10-29,1487.0,0.8269230769230769,0.8846153846153846,0.8974358974358975,0.8615384615384616,0.8867276887871853,0.2692307692307692,0.38461538461538464,0.40384615384615385,0.3038461538461538,0.2791762013729977,0.9807692307692307,0.9903846153846154,0.9935897435897436,0.9923076923076923,0.9759725400457666,1.1365255943697268,1.2487127948230388,1.2232887351525998,1.1892715619926701,-1.0917683254333075,-0.6407030823915336,-0.49974675676425706,-0.7591416161894933,1.5873130922849394,2.2226791970936444,2.4642086181136786,2.4100958082235624,-0.004169435892316775,-0.02347009039277903,-0.018291829974361185,0.008137172552748817
2019-11-05,1480.800048828125,0.8076923076923077,0.8653846153846154,0.8846153846153846,0.8538461538461538,0.8832951945080092,0.2692307692307692,0.36538461538461536,0.391025641025641,0.2923076923076923,0.2745995423340961,1.0,1.0,1.0,1.0,0.9851258581235698,1.08354673011683,1.2295184349112083,1.2049146776643263,1.165457661169322,-1.063429039010987,-0.6647585692347318,-0.5097281256391951,-0.7646286056050292,2.077406287446338,2.8668860932941245,3.130286087030957,3.040089116847934,-0.019381464273248827,-0.005064829654709557,-0.001755873561935406,0.02613448804414986
2019-11-12,1452.0999755859375,0.6153846153846154,0.7403846153846154,0.7692307692307693,0.7807692307692308,0.7963386727688787,0.40384615384615385,0.47115384615384615,0.5128205128205128,0.4230769230769231,0.3512585812356979,1.0,1.0,1.0,1.0,0.988558352402746,0.8240141582162643,1.011641506051469,0.9590310820521892,0.9158064365597713,-0.6160350540323856,-0.3358542819882906,-0.1500757064528354,-0.39135228481581874,2.163719672017099,2.996241967533616,3.2835091018465437,3.22788657729381,0.014599596170114193,0.005302715633667354,0.007230907083903171,0.08243239119530132
2019-11-19,1473.300048828125,0.7884615384615384,0.8461538461538461,0.8653846153846154,0.8423076923076923,0.8707093821510298,0.40384615384615385,0.46153846153846156,0.5064102564102564,0.40384615384615385,0.34096109839816935,1.0,1.0,1.0,1.0,0.9931350114416476,1.0050040189829486,1.204239885362687,1.1672742720814884,1.1274528362158067,-0.6981616204425323,-0.44442113876204586,-0.24133101451738323,-0.48372052614356076,2.144732969991488,2.9947707229029104,3.3062609927323874,3.3043659000904744,-0.009163102933946177,0.003325800706819537,0.0008823231621057914,0.04690149548348965
2019-11-26,1459.800048828125,0.7692307692307693,0.8461538461538461,0.8589743589743589,0.8384615384615385,0.8661327231121282,0.4423076923076923,0.47115384615384615,0.5256410256410257,0.4346153846153846,0.35469107551487417,0.9423076923076923,0.9711538461538461,0.9807692307692307,0.9884615384615385,0.982837528604119,0.9641828182152868,1.1961503260153807,1.1463333046692363,1.1094575890514191,-0.5175356288112728,-0.3356794100446265,-0.11036848262504283,-0.3469893498563448,1.4903945512831447,2.180008263529615,2.4897829129057305,2.5631235474393192,0.012604399046650894,0.0019180207317159859,0.026921445022118684,0.06617342947993765
2019-12-03,1478.199951171875,0.8653846153846154,0.9230769230769231,0.9230769230769231,0.8807692307692307,0.914187643020595,0.38461538461538464,0.4326923076923077,0.48717948717948717,0.38846153846153847,0.3318077803203661,0.9615384615384616,0.9807692307692307,0.9871794871794872,0.9923076923076923,0.9874141876430206,1.0791944688640582,1.3165863308663124,1.2802460242727682,1.2522799382319763,-0.6815561906791333,-0.5022811379950393,-0.2639807623694987,-0.5069819387932052,1.783765799753333,2.5293915519468704,2.8794820251298505,2.953537728575742,-0.010553359559760667,-0.0024353779629633365,0.027939419694462453,0.0615613604423797
2019-12-10,1462.5999755859375,0.6538461538461539,0.7884615384615384,0.8141025641025641,0.8115384615384615,0.834096109839817,0.46153846153846156,0.46153846153846156,0.532051282051282,0.4346153846153846,0.3524027459954233,0.9230769230769231,0.9615384615384616,0.9743589743589743,0.9846153846153847,0.9839816933638444,0.7695577230102302,1.0594690190071556,1.004595083190327,0.9777581723244739,-0.49111378279655593,-0.36933338837348295,-0.12350772844535815,-0.36201238939401864,1.5965338005082634,2.2931367463575105,2.64993110551344,2.7566132066897806,0.008204567346032254,0.024955559010848116,0.07466161292559881,0.06003011779960632
2019-12-17,1474.5999755859375,0.8269230769230769,0.8942307692307693,0.9038461538461539,0.8692307692307693,0.8958810068649885,0.38461538461538464,0.40384615384615385,0.46794871794871795,0.36538461538461536,0.31922196796338675,0.9807692307692307,0.9903846153846154,0.9935897435897436,0.9961538461538462,0.9919908466819222,0.9419005671640002,1.2172792606122254,1.1854985770745021,1.169057613903516,-0.7408843378470807,-0.5963651956308605,-0.34504980914146127,-0.5931173665910104,1.8285717521593885,2.5546609783526653,2.947208205520896,3.0657981509399956,0.016614675441225968,0.030448952365010884,0.04597860433381906,0.06171165163883918
2019-12-24,1499.0999755859375,0.8846153846153846,0.9423076923076923,0.9358974358974359,0.9,0.9519450800915332,0.34615384615384615,0.375,0.44871794871794873,0.3384615384615385,0.2951945080091533,1.0,1.0,1.0,1.0,0.9954233409610984,1.0973546393573514,1.3624362087882866,1.351450280265569,1.3472177289641118,-0.8047632192104143,-0.6752241169018518,-0.4154458361480597,-0.6681249009812411,2.070967617398995,2.8343338394062143,3.270034973616576,3.412578272823681,0.013608181406372877,0.048495813772374996,0.03822296695437455,0.06730706827916855
2019-12-31,1519.5,0.9807692307692307,0.9903846153846154,0.9743589743589743,0.9346153846153846,0.9794050343249427,0.15384615384615385,0.25,0.34615384615384615,0.25769230769230766,0.2459954233409611,1.0,1.0,1.0,1.0,0.9977116704805492,1.2085225069763441,1.4765683249690242,1.4783458223775392,1.487253935845099,-0.9931649446668791,-0.862398155637479,-0.590386157017016,-0.8520207727344399,2.322606627535194,3.1215909606849834,3.606854619035002,3.791842265424116,0.03441924898198412,0.015070763023404155,0.03270809553923981,0.08384338559661897
2020-01-07,1571.800048828125,0.9230769230769231,0.9615384615384616,0.9551282051282052,0.9192307692307692,0.9725400457665904,0.25,0.28846153846153844,0.3782051282051282,0.27692307692307694,0.2551487414187643,0.9807692307692307,0.9903846153846154,0.9935897435897436,0.9961538461538462,0.9965675057208238,1.1297739414610302,1.439032793189702,1.4259316933188426,1.4435418099262463,-0.8981467751980681,-0.8271561295345445,-0.5335325644111182,-0.7955636070232359,2.1756157570236994,2.956607338659564,3.4428543324654055,3.678496205220823,-0.01870468475680609,-0.0097976994119221,-0.013614978845443826,0.04472574409844654
2020-01-14,1542.4000244140625,0.9423076923076923,0.9711538461538461,0.9615384615384616,0.9230769230769231,0.9748283752860412,0.28846153846153844,0.2980769230769231,0.3974358974358974,0.29615384615384616,0.26887871853546913,1.0,1.0,1.0,1.0,1.0,1.0957566122239064,1.4380497423958487,1.4131447152702437,1.4414538296993114,-0.7993462723740443,-0.7931016544770674,-0.47206633656796976,-0.7350048980340003,2.140068069438046,2.9342196835063654,3.422415466692117,3.702398265237319,0.009076763341804517,0.01737547091131142,0.015041461880609397,0.07566127419908963
2020-01-21,1556.4000244140625,0.8461538461538461,0.9230769230769231,0.9294871794871795,0.9,0.9622425629290617,0.28846153846153844,0.28846153846153844,0.391025641025641,0.28846153846153844,0.2597254004576659,0.9807692307692307,0.9903846153846154,0.9935897435897436,0.9961538461538462,0.9988558352402745,0.9826389013964687,1.3711078881929541,1.3251349852825143,1.3627467032950684,-0.8038530108923712,-0.8453300309219199,-0.494665739615319,-0.7612312024953142,1.9827467650603408,2.7705847905396492,3.24555134495927,3.5607096598076082,0.008224059725667976,-0.0038550500551802758,0.028013348048071096,-0.02023901278969642
2020-01-28,1569.199951171875,0.8076923076923077,0.9038461538461539,0.9102564102564102,0.8884615384615384,0.9576659038901602,0.40384615384615385,0.34615384615384615,0.44871794871794873,0.3346153846153846,0.2837528604118993,0.8653846153846154,0.9326923076923077,0.9551282051282052,0.9730769230769231,0.9908466819221968,0.9021437662567284,1.330926305809468,1.2678334579214934,1.3140470494566354,-0.6805321457179832,-0.7884035993734385,-0.41369608530768426,-0.6798032933592436,1.1802018793314906,1.8759708952119143,2.272136536523892,2.5771556655779952,-0.011980580769055393,-0.0022941471437397665,0.0495157249935938,0.05799133496788689
2020-02-04,1550.4000244140625,0.4807692307692308,0.7403846153846154,0.75,0.7730769230769231,0.8260869565217391,0.4423076923076923,0.3557692307692308,0.46153846153846156,0.3423076923076923,0.28604118993135014,0.7307692307692307,0.8653846153846154,0.9102564102564102,0.9461538461538461,0.9794050343249427,0.42700502821295944,0.9664566068188158,0.8581467854056763,0.8972325577638827,-0.6434692943215902,-0.7962567506629299,-0.4010600659159116,-0.6677993072490324,0.5670897462988042,1.2077858556150805,1.536584191553397,1.834612734371083,0.009803889920357411,0.03199172781533122,0.05914599440652801,0.02128482938619114
2020-02-11,1565.5999755859375,0.6346153846153846,0.8173076923076923,0.8141025641025641,0.8115384615384615,0.8741418764302059,0.3076923076923077,0.2692307692307692,0.3974358974358974,0.29615384615384616,0.2654462242562929,0.7307692307692307,0.8653846153846154,0.9102564102564102,0.9461538461538461,0.9805491990846682,0.5655296441327138,1.095340722456945,0.9931587442892494,1.0421646180452029,-0.6955247300388456,-0.8764224684877682,-0.4590451958433853,-0.7284558810869753,0.5725651018313754,1.2208633467611119,1.5544275721657785,1.8568682234104164,0.021972422681718617,0.05192900491563801,0.05972151345046295,0.0633623369884515
2020-02-18,1600.0,1.0,1.0,0.9935897435897436,0.9461538461538461,0.9839816933638444,0.057692307692307696,0.10576923076923077,0.23076923076923078,0.1423076923076923,0.17848970251716248,0.8461538461538461,0.9230769230769231,0.9487179487179487,0.9692307692307692,0.9897025171624714,1.0391953363804094,1.4863138939381428,1.419071642194198,1.489864224550348,-1.1089313659653988,-1.2644707285039405,-0.8073056623169352,-1.0879660805557239,1.0903022523157597,1.773937049438922,2.1747509576023587,2.4946610190939573,0.029312515258788974,0.02631248474121084,-0.046937484741210955,0.09793746948242177
2020-02-25,1646.9000244140625,0.9230769230769231,0.9615384615384616,0.9551282051282052,0.9192307692307692,0.9759725400457666,0.038461538461538464,0.07692307692307693,0.21153846153846154,0.13076923076923078,0.15789473684210525,0.9038461538461539,0.9519230769230769,0.967948717948718,0.9807692307692307,0.994279176201373,0.9115848051463448,1.3957976754663526,1.324285890777245,1.3959769592354663,-1.1806681638841208,-1.3722051165964138,-0.89204572765706,-1.1756422339164387,1.2127044848205912,1.9010170064255292,2.32095969074345,2.655203361561789,-0.0029145963670944575,0.007407827427906799,0.008075734143330404,0.01900535933803771
2020-03-03,1642.0999755859375,0.7307692307692307,0.8653846153846154,0.8846153846153846,0.8692307692307693,0.9427917620137299,0.057692307692307696,0.08653846153846154,0.23076923076923078,0.1423076923076923,0.17162471395881007,0.7692307692307693,0.8846153846153846,0.9230769230769231,0.9538461538461539,0.9862700228832952,0.696396788842253,1.2382170355102804,1.1520539533261032,1.2213841029788963,-1.053863447598078,-1.307573319899095,-0.8144310130417055,-1.0970444220136293,0.7831001931067643,1.4544645476179516,1.8250156552917798,2.1549821261481736,0.010352597437883748,-0.07137199495423874,-0.03574688024152095,0.041653995147071354
2020-03-10,1659.0999755859375,0.6923076923076923,0.8461538461538461,0.8717948717948718,0.85,0.9233409610983981,0.40384615384615385,0.27884615384615385,0.4358974358974359,0.3192307692307692,0.2711670480549199,0.5769230769230769,0.7884615384615384,0.8589743589743589,0.9115384615384615,0.9702517162471396,0.6042456113832193,1.176771401142554,1.085377193608744,1.1572409077780266,-0.5146691734720902,-0.8886172885600568,-0.4064901677505211,-0.6768018413171856,0.18964934022848737,0.8547083531249505,1.1517428410824244,1.4705362705685796,-0.0808871997749745,0.0006629953602097505,0.003435641809454104,0.0273039898105758
2020-03-17,1524.9000244140625,0.2692307692307692,0.625,0.5897435897435898,0.6461538461538462,0.7254004576659039,0.6153846153846154,0.3942307692307692,0.5448717948717948,0.4115384615384615,0.3180778032036613,0.28846153846153844,0.6442307692307693,0.7435897435897436,0.8,0.8901601830663616,-0.12836526200578594,0.652657917031994,0.5067022888507442,0.5565881339041691,-0.28778121446191274,-0.7321324705716681,-0.24955694515956744,-0.5135327333706771,-0.4139392462998475,0.25702752024481923,0.47350924336019395,0.7831914357794664,0.08872708019648767,0.03836317074129392,0.1520099174022118,0.11771263500961138
2020-03-24,1660.199951171875,0.2692307692307692,0.6346153846153846,0.5897435897435898,0.6538461538461539,0.7368421052631579,0.5961538461538461,0.375,0.5384615384615384,0.4076923076923077,0.3123569794050343,0.25,0.625,0.6987179487179487,0.75,0.8260869565217391,-0.11227583670525547,0.6840485967763728,0.5358568367602604,0.5871737586941361,-0.29792661421916133,-0.7825985845343089,-0.27559898960374424,-0.5378866752564113,-0.6907575244802162,-0.010233210640692159,0.16697643172827858,0.4733721280571204,-0.04625944405286975,0.002770809415457931,0.010842067539692746,0.050596315185232665
2020-03-31,1583.4000244140625,0.23076923076923078,0.6153846153846154,0.5769230769230769,0.6346153846153846,0.7162471395881007,0.7884615384615384,0.47115384615384615,0.6474358974358975,0.5230769230769231,0.36384439359267734,0.1346153846153846,0.3942307692307692,0.4166666666666667,0.5269230769230769,0.6018306636155606,-0.21455666388909078,0.6365167778298769,0.4836301991487057,0.5320371325716192,0.37285279572321733,-0.2864667210780045,0.1871317935702635,-0.05136504842688167,-1.2404887212599416,-0.5267785049217127,-0.4241258265209299,-0.12487717678608312,0.05140837637929474,0.10944797529729877,0.08027028775180867,0.07667047021739593
2020-04-07,1664.800048828125,0.21153846153846154,0.6057692307692307,0.5705128205128205,0.6307692307692307,0.7151029748283753,0.8076923076923077,0.47115384615384615,0.6474358974358975,0.5307692307692308,0.36613272311212813,0.09615384615384616,0.33653846153846156,0.3525641025641026,0.47307692307692306,0.5183066361556065,-0.2541257509844347,0.6322796632806802,0.48094288042243794,0.5265947788408653,0.48288628330004346,-0.24918882625362063,0.23056350923247101,0.0014692213454919982,-1.4206213194223403,-0.680013298553118,-0.603803706798721,-0.30925364818060674,0.055201765766669464,0.008048956001162066,0.023786625675445094,0.03628057458687994
2020-04-14,1756.699951171875,0.25,0.625,0.5833333333333334,0.6461538461538462,0.7299771167048055,0.8269230769230769,0.47115384615384615,0.6474358974358975,0.5346153846153846,0.3707093821510298,0.11538461538461539,0.375,0.3782051282051282,0.49615384615384617,0.5709382151029748,-0.2807832829786846,0.6550050867373457,0.5087249003328792,0.5516106589504074,0.606721574205591,-0.22817180793663625,0.2599113860035124,0.04220546776733856,-1.3496286532532038,-0.5785837956221838,-0.4927455104512588,-0.1994384688361761,-0.04468606033012834,-0.026299284144145174,-0.029771690221157998,-0.023908465399559153
2020-04-21,1678.199951171875,0.15384615384615385,0.5769230769230769,0.532051282051282,0.5923076923076923,0.683066361556064,0.8269230769230769,0.46153846153846156,0.6410256410256411,0.5346153846153846,0.3695652173913043,0.11538461538461539,0.3942307692307692,0.391025641025641,0.5076923076923077,0.5881006864988558,-0.5190599869598108,0.5674142216785213,0.4185285524900652,0.4524143556478741,0.7032906256208691,-0.2481011340971042,0.2503276149197902,0.04251094017635558,-1.350658914537243,-0.5451449900667354,-0.45798804039767627,-0.16689279215822428,0.01924684171607205,0.015612009298350937,0.03932785241348191,0.03062806930614559
2020-04-28,1710.5,0.15384615384615385,0.5769230769230769,0.532051282051282,0.5923076923076923,0.6842105263157895,0.7884615384615384,0.4326923076923077,0.6217948717948718,0.5192307692307693,0.36155606407322655,0.15384615384615385,0.4519230769230769,0.44871794871794873,0.5653846153846154,0.6372997711670481,-0.618016194199343,0.5588055567492469,0.41968925100286253,0.44926587085626823,0.6351144362023086,-0.36461944469259494,0.1530486631864101,-0.04821787299824129,-1.3161481400742425,-0.46804370759569297,-0.3742689803320965,-0.0826747946409175,-0.0035661944378471144,-0.0035661944378471144,-0.0033323304132563125,0.036012847463278375
2020-05-05,1704.4000244140625,0.11538461538461539,0.5576923076923077,0.5,0.5576923076923077,0.6304347826086957,0.8461538461538461,0.4519230769230769,0.6346153846153846,0.5384615384615384,0.3684210526315789,0.07692307692307693,0.38461538461538464,0.36538461538461536,0.48846153846153845,0.5720823798627003,-0.9947320694093371,0.4297055788783162,0.28317713079545065,0.3051668153366288,0.9241368158540932,-0.2720758532299114,0.23860070795839197,0.05136814177378302,-1.4601646432904754,-0.5722263699612147,-0.4996449694354614,-0.20907810038956695,0.0,0.023351282672912976,0.012203664902529665,0.051983087489333
2020-05-12,1704.4000244140625,0.07692307692307693,0.5384615384615384,0.46153846153846156,0.5153846153846153,0.5823798627002288,0.9038461538461539,0.47115384615384615,0.6474358974358975,0.5615384615384615,0.37986270022883295,0.15384615384615385,0.4519230769230769,0.4230769230769231,0.5346153846153846,0.6098398169336384,-1.315661134748292,0.3197509880366202,0.16738042141984225,0.18593587608939025,1.171079255469232,-0.198857438300405,0.30598028809254196,0.12828789631908194,-1.3766229760925823,-0.505853961813395,-0.43251312615681875,-0.1376313069825758,0.023351282672912976,0.00023470101404154953,0.006043139292580824,0.05855428615833391
2020-05-19,1744.199951171875,0.07692307692307693,0.5384615384615384,0.4807692307692308,0.5307692307692308,0.6086956521739131,0.9038461538461539,0.46153846153846156,0.6410256410256411,0.5538461538461539,0.37414187643020597,0.23076923076923078,0.5865384615384616,0.6089743589743589,0.6846153846153846,0.7654462242562929,-1.4285389046807238,0.35508774138124993,0.21565490712509205,0.23514325949719464,1.2159169582990426,-0.25625257212321456,0.2569212497114448,0.08463577028277511,-1.0387574033912814,-0.19529854705208483,-0.07608601893041594,0.22594890604297663,-0.02258909726334901,-0.0108932464923156,-0.008370585938916153,0.03806904384411314
2020-05-26,1704.800048828125,0.038461538461538464,0.5192307692307693,0.44871794871794873,0.49230769230769234,0.5491990846681922,0.9807692307692307,0.5096153846153846,0.6730769230769231,0.6384615384615384,0.4473684210526316,0.19230769230769232,0.5576923076923077,0.5512820512820513,0.6423076923076924,0.7299771167048055,-2.0645250785270517,0.2210788392441336,0.07403357530231677,0.08404041442371207,2.297560105878405,0.19004462297895078,0.6374071638041824,0.49750798862797757,-1.1439817725962342,-0.2887807991700516,-0.1848113640815752,0.11727870119128277,0.011966155419676827,0.005807075352065594,0.03947672737578478,0.08071326351763264
2020-06-02,1725.199951171875,0.019230769230769232,0.5096153846153846,0.4358974358974359,0.46153846153846156,0.477116704805492,1.0,0.5384615384615384,0.6923076923076923,0.6692307692307692,0.4633867276887872,0.019230769230769232,0.2692307692307692,0.2692307692307692,0.4115384615384615,0.494279176201373,-2.4321433041649887,0.09946990950897142,-0.051306510444383564,-0.05427463071149696,2.5995997950846306,0.3468469449716529,0.7633543920342662,0.6444150701890505,-1.624847914892118,-0.7283288442940308,-0.6872883594445254,-0.4004016105452978,-0.006086251041722779,0.0025504431593994514,0.03929982074371763,0.12723162891982498
2020-06-09,1714.699951171875,0.019230769230769232,0.49038461538461536,0.4166666666666667,0.4423076923076923,0.42219679633867274,0.9807692307692307,0.5288461538461539,0.6858974358974359,0.6692307692307692,0.459954233409611,0.019230769230769232,0.25961538461538464,0.2564102564102564,0.40384615384615385,0.4919908466819222,-2.5556683709485255,0.011682585868104625,-0.14125790897596868,-0.15470004353166544,2.483469271707193,0.31868853630480243,0.7320357816189268,0.6249989541791189,-1.6102403915816537,-0.7334281044623001,-0.6887599630232784,-0.40495067274568947,0.008689581173592087,0.03347525867416845,0.0521957208541548,0.16708462597447316
2020-06-16,1729.5999755859375,0.057692307692307696,0.5096153846153846,0.4423076923076923,0.4653846153846154,0.505720823798627,0.9615384615384616,0.5096153846153846,0.6666666666666666,0.65,0.45080091533180777,0.07692307692307693,0.3557692307692308,0.33974358974358976,0.46923076923076923,0.5675057208237986,-2.094838161493978,0.12830218473315771,-0.0038071284964771275,-0.013019629226731035,2.1792810430593623,0.20884884644590831,0.6268164004472071,0.5236865891700355,-1.4353283750768653,-0.5969258593370171,-0.5327312533948914,-0.24361604843361118,0.02457215575850258,0.03665588882341675,0.04683163803385204,0.1173681792700243
2020-06-23,1772.0999755859375,0.1346153846153846,0.5480769230769231,0.5,0.5384615384615384,0.6155606407322655,0.9230769230769231,0.4807692307692308,0.6410256410256411,0.6153846153846154,0.4267734553775744,0.25,0.6057692307692307,0.6474358974358975,0.7076923076923077,0.7883295194508009,-1.4053887847166893,0.34740668553907805,0.24572666481380911,0.24822608502927634,1.7724056370787116,0.05353132644569198,0.48398137146409187,0.38224134743007376,-0.9545984876995176,-0.1763942011135978,-0.04597768552392001,0.25636066663351315,0.011793930761243798,0.018114088385630556,0.039670475592033405,0.1282659285365484
2020-06-30,1793.0,0.17307692307692307,0.5576923076923077,0.532051282051282,0.573076923076923,0.6578947368421053,0.9038461538461539,0.4807692307692308,0.6346153846153846,0.6115384615384616,0.42219679633867274,0.28846153846153844,0.625,0.717948717948718,0.7692307692307693,0.8638443935926774,-1.1364112042130268,0.419972456477849,0.3315424892323882,0.3401922325659094,1.630185850394612,0.028675329153513326,0.45340404193597544,0.35931817865088445,-0.622864039489117,0.11468315090420331,0.29000693841996344,0.6015868356792157,0.0062464869893334996,0.009815937303924827,0.08460677700606523,0.06625769594429731
2020-07-07,1804.199951171875,0.19230769230769232,0.5576923076923077,0.532051282051282,0.573076923076923,0.6601830663615561,0.9230769230769231,0.5096153846153846,0.6474358974358975,0.6346153846153846,0.43935926773455375,0.3269230769230769,0.6346153846153846,0.7371794871794872,0.7923076923076923,0.8867276887871853,-1.083203860514345,0.41588808488543677,0.3326438044142603,0.3436700269975421,1.6828078888616091,0.1093131126486641,0.5132271183833872,0.43165309690695236,-0.4959800773492761,0.2206249874253209,0.41304538886267506,0.7284812572442836,0.003547292200016594,0.02117286014633546,0.10918967150622261,0.0908990158732006
2020-07-14,1810.5999755859373,0.17307692307692307,0.5384615384615384,0.5064102564102564,0.5576923076923077,0.6407322654462243,0.8653846153846154,0.4807692307692308,0.6153846153846154,0.6038461538461538,0.41762013729977115,0.36538461538461536,0.6538461538461539,0.75,0.8192307692307692,0.9096109839816934,-1.1537148446618264,0.3626802410837408,0.2814680929393071,0.2914042342745717,1.4438905120629575,0.019523109309606608,0.4289886344053052,0.3519546088805017,-0.41112659811133456,0.2902485753153348,0.49236765340549565,0.8102562813286767,0.017563265910149006,0.07406383375352754,0.06738097958966272,0.06760191431818185
2020-07-21,1842.4000244140625,0.23076923076923078,0.5576923076923077,0.532051282051282,0.573076923076923,0.6624713958810069,0.8461538461538461,0.4807692307692308,0.6025641025641025,0.5846153846153846,0.39931350114416475,0.4423076923076923,0.7019230769230769,0.8012820512820513,0.8653846153846154,0.9416475972540046,-0.9976455012459691,0.39917071023397704,0.3314023181456558,0.34323467400175045,1.2191345741185335,-0.06899923972841025,0.3412128237130552,0.26991534017902213,-0.16095624951078982,0.5118404307291862,0.7502630761762601,1.0739806274003811,0.055525361160558395,0.08619188268210953,0.08521493590944273,0.06182154955750496
2020-07-28,1944.699951171875,0.09615384615384616,0.47115384615384615,0.4358974358974359,0.4846153846153846,0.5663615560640732,0.9230769230769231,0.5384615384615384,0.6474358974358975,0.65,0.4439359267734554,0.40384615384615385,0.6634615384615384,0.7756410256410257,0.85,0.9336384439359268,-1.4875147308627814,0.16752920629936083,0.0942860483547766,0.08764402215073926,1.566701505667132,0.18228384984879262,0.5362534237430165,0.4949470921028098,-0.21747124050796418,0.45394550303326575,0.6878392781056324,1.0127814607504841,0.02905332514969894,-0.0062220269911799075,-0.01691772672896119,-0.023705443895423506
2020-08-04,2001.199951171875,0.09615384615384616,0.46153846153846156,0.4358974358974359,0.46923076923076923,0.5526315789473685,0.8269230769230769,0.49038461538461536,0.6025641025641025,0.6038461538461538,0.4107551487414188,0.3076923076923077,0.5865384615384616,0.6923076923076923,0.7538461538461538,0.8649885583524027,-1.5053756285832718,0.11759397088903656,0.05821013143419372,0.04299400972506688,1.2171870437966639,0.017823450085337252,0.38244725286754583,0.3415652048732944,-0.6048042909751367,0.07128979405740198,0.24990955786599783,0.5721752117779126,-0.03427942097728243,-0.0008994237466168897,-0.016490106338787225,-0.053417901734981954
2020-08-11,1932.5999755859373,0.038461538461538464,0.4230769230769231,0.3974358974358974,0.41923076923076924,0.4622425629290618,0.8846153846153846,0.5288461538461539,0.6282051282051282,0.6346153846153846,0.4290617848970252,0.28846153846153844,0.5673076923076923,0.6666666666666666,0.7307692307692307,0.8363844393592678,-1.7769814332475677,-0.05225702780127811,-0.09861099888572883,-0.1330500713878833,1.3247975246762225,0.13104627200375124,0.45608189612975436,0.43623902427901806,-0.6850258324801234,-0.02276036771177982,0.14480840888179453,0.46671019826326693,0.03456486063954989,-0.010762665331973897,0.00020698769487537128,-0.016299286141949643
2020-08-18,1999.4000244140625,0.038461538461538464,0.40384615384615385,0.391025641025641,0.4076923076923077,0.4473684210526316,0.9038461538461539,0.5576923076923077,0.6410256410256411,0.6538461538461539,0.4405034324942792,0.2692307692307692,0.5480769230769231,0.6410256410256411,0.7076923076923077,0.8192219679633868,-1.7413455702136391,-0.0934785887159249,-0.11556409325730184,-0.1601448508001584,1.373125284128224,0.21366231966939242,0.5019488576244822,0.499313305124372,-0.770460848347365,-0.12435956005079561,0.03179807130761408,0.3514262863903646,-0.043813131197499744,-0.015604717845960292,-0.021556454466168273,-0.05546665152540575
2020-08-25,1911.800048828125,0.019230769230769232,0.38461538461538464,0.38461538461538464,0.3923076923076923,0.39359267734553777,0.8653846153846154,0.5384615384615384,0.6217948717948718,0.6423076923076924,0.43249427917620137,0.3076923076923077,0.5576923076923077,0.6538461538461539,0.7230769230769231,0.8295194508009154,-1.8354236765577128,-0.19791265355819948,-0.1960202636091944,-0.25626624024002,1.2378576670723613,0.1754452958398429,0.4491630348457452,0.45550476315410504,-0.6933873937740699,-0.07749305841014403,0.09303866568991667,0.4087970627709033,0.0295009419935528,0.011089000225138479,-0.006904526051392801,-0.0007323069245241953
2020-09-01,1968.199951171875,0.09615384615384616,0.4230769230769231,0.4166666666666667,0.41923076923076924,0.4633867276887872,0.75,0.49038461538461536,0.5769230769230769,0.6038461538461538,0.4096109839816934,0.3076923076923077,0.5480769230769231,0.6538461538461539,0.7192307692307692,0.8283752860411899,-1.5314091218183872,-0.10700983397169343,-0.07453673249318508,-0.1402387151213695,1.0065811914905038,0.06689321406688975,0.33822214724563304,0.3511481831489422,-0.6894539049318116,-0.10143331282816398,0.07593527593040854,0.38503722420569,-0.01788433698055769,-0.00604608405597451,-0.037546948570824634,-0.030179810902029036
2020-09-08,1933.0,0.1346153846153846,0.4326923076923077,0.4358974358974359,0.4307692307692308,0.5011441647597255,0.7115384615384616,0.4807692307692308,0.5576923076923077,0.5846153846153846,0.39473684210526316,0.36538461538461536,0.5673076923076923,0.6858974358974359,0.7346153846153847,0.8466819221967964,-1.3312130127738746,-0.0582325982915081,0.00361244767209146,-0.07262986304676843,0.83926419811999,-0.004670739205760286,0.2577913656723904,0.282080622722375,-0.5728331297332505,-0.00964910313213477,0.19257009679322376,0.4960493962601131,0.012053827640002623,-0.017796184383891744,-0.01650285794829942,-0.01267459906880497
2020-09-15,1956.300048828125,0.17307692307692307,0.4423076923076923,0.4551282051282051,0.4576923076923077,0.5446224256292906,0.6923076923076923,0.4807692307692308,0.5512820512820513,0.5807692307692308,0.391304347826087,0.46153846153846156,0.625,0.7371794871794872,0.8038461538461539,0.9038901601830663,-1.1392425036736034,-0.006385201560683251,0.08372162999489412,-0.0016524861721891387,0.7770193191786382,-0.008990504369504021,0.2313697113243479,0.26957695749045574,-0.3358723931267321,0.202477620876473,0.4445768483650947,0.7467488877834543,-0.029494490518850447,-0.031692479912342475,-0.03465728525066436,-0.04135358707501113
2020-09-22,1898.5999755859373,0.019230769230769232,0.33653846153846156,0.3782051282051282,0.36923076923076925,0.3707093821510298,0.8653846153846154,0.5769230769230769,0.6217948717948718,0.6576923076923077,0.43363844393592677,0.46153846153846156,0.6057692307692307,0.7243589743589743,0.7923076923076923,0.8958810068649885,-1.7046291523309252,-0.34890526126969484,-0.22205212685714373,-0.3301676164015359,1.112778710399824,0.24686910228381756,0.41368463138815476,0.47764978232057687,-0.35161205810088536,0.16006523872224918,0.4065101937442213,0.7041572196692364,-0.00226478816659903,0.0013167597346188664,0.006215131665364915,-0.007426512044268696
2020-09-29,1894.300048828125,0.07692307692307693,0.36538461538461536,0.40384615384615385,0.3923076923076923,0.44279176201373,0.75,0.5288461538461539,0.5769230769230769,0.6230769230769231,0.41533180778032036,0.4230769230769231,0.5673076923076923,0.6987179487179487,0.7461538461538462,0.8661327231121282,-1.3677042117547802,-0.23063700091048975,-0.07967384179216433,-0.18996519765299996,0.9164625364253924,0.16093567957321317,0.32101923993827014,0.3936440499362475,-0.4839836619698178,0.00898847094895352,0.24506049345570083,0.5370108793109326,0.0035896777609327746,-0.0030618427274565763,0.007654542377787621,-0.04724700295255102
2020-10-06,1901.0999755859373,0.09615384615384616,0.36538461538461536,0.41025641025641024,0.3923076923076923,0.4439359267734554,0.7307692307692307,0.5288461538461539,0.5705128205128205,0.6192307692307693,0.41304347826086957,0.36538461538461536,0.5288461538461539,0.6666666666666666,0.7192307692307692,0.8421052631578947,-1.3069057887682478,-0.2579780170936438,-0.07203842350781017,-0.1880953730559689,0.8607545456165402,0.16561912853069563,0.29937155501086277,0.38305287843563307,-0.5419584968224872,-0.07234320300472924,0.16191320151818442,0.4498710652492734,-0.006627729076717159,0.004891930433726266,0.0038924961912021327,-0.04576297991544909
2020-10-13,1888.5,0.038461538461538464,0.3173076923076923,0.38461538461538464,0.36538461538461536,0.37528604118993136,0.6538461538461539,0.5,0.5384615384615384,0.5884615384615385,0.39816933638443935,0.34615384615384615,0.5096153846153846,0.6474358974358975,0.7076923076923077,0.8352402745995423,-1.5041256421631235,-0.42843737589247055,-0.20270339911617086,-0.3281388152933428,0.6944539199549432,0.08871618504399713,0.21990161324439403,0.31082960040996704,-0.5540503321778608,-0.10567135372323819,0.13232956670891924,0.41767070935571854,0.011596518090581043,0.010749297764429455,-0.00693670933859547,-0.009372492015819467
2020-10-20,1910.4000244140625,0.07692307692307693,0.33653846153846156,0.40384615384615385,0.38461538461538464,0.41418764302059496,0.6153846153846154,0.49038461538461536,0.5256410256410257,0.5807692307692308,0.39244851258581237,0.4807692307692308,0.5673076923076923,0.6987179487179487,0.7461538461538462,0.8672768878718535,-1.2712976313765079,-0.3451782619535858,-0.10409564810557251,-0.23021449824315565,0.6172498682273866,0.06726594231050256,0.1854377116189012,0.28547507692779933,-0.43839626529350306,-0.01055580358307957,0.24483715320158836,0.5313555891885597,-0.0008375081477651758,-0.0009945688807480035,-0.01355738279055263,-0.030412465893763452
2020-10-27,1908.800048828125,0.23076923076923078,0.41346153846153844,0.46794871794871795,0.4307692307692308,0.4851258581235698,0.8076923076923077,0.5961538461538461,0.6025641025641025,0.6538461538461539,0.4279176201372998,0.4230769230769231,0.5288461538461539,0.6730769230769231,0.7307692307692307,0.8627002288329519,-1.0038076280966306,-0.23296095888580537,0.02086567103558087,-0.10697596065313135,0.9165895008993915,0.29268968833222997,0.34521127887247344,0.45986680695741206,-0.44351648878482836,-0.0418118346231428,0.21800192202115484,0.5012586333692451,-0.00015719238288436355,-0.01749791678524315,-0.05448449148136236,-0.015507175659610017
2020-11-03,1908.5,0.09615384615384616,0.3269230769230769,0.41025641025641024,0.38076923076923075,0.41876430205949655,0.8653846153846154,0.6346153846153846,0.6217948717948718,0.6730769230769231,0.43592677345537756,0.28846153846153844,0.4519230769230769,0.6025641025641025,0.6692307692307692,0.8203661327231121,-1.1808813749916938,-0.39387642822582664,-0.09318206249405284,-0.23395690594167198,0.9435579469195094,0.34422589429441386,0.36783720308470647,0.4963097256636543,-0.585435487467247,-0.21987232451737193,0.027687558675681127,0.30220526816932025,-0.017343450660695536,-0.012575320932669665,-0.049462941794112036,-0.015090410703759494
2020-11-10,1875.4000244140625,0.019230769230769232,0.2692307692307692,0.3717948717948718,0.3423076923076923,0.35469107551487417,0.8461538461538461,0.6346153846153846,0.6153846153846154,0.6730769230769231,0.43478260869565216,0.3269230769230769,0.46153846153846156,0.6153846153846154,0.6846153846153846,0.8272311212814645,-1.3413075460986956,-0.5660872756125479,-0.20370235684384802,-0.35986562550567475,0.9021924855322727,0.3575788652334314,0.3527366931933957,0.4969629792096606,-0.5302639398790777,-0.1920593116123782,0.05807437266250764,0.3299226516189707,0.004852285095165554,-0.037645288827377166,-0.0024527970171989155,0.041217833929571235
2020-11-17,1884.5,0.09615384615384616,0.3076923076923077,0.41025641025641024,0.3730769230769231,0.41304347826086957,0.6538461538461539,0.5480769230769231,0.5448717948717948,0.6192307692307693,0.41189931350114417,0.46153846153846156,0.5192307692307693,0.6602564102564102,0.7153846153846154,0.8478260869565217,-1.0879991245666925,-0.4576374947735114,-0.08390400054636787,-0.2470546680173739,0.66970241785338,0.23959583900360032,0.23481476868657394,0.39633016670000926,-0.3965425718779125,-0.08730063645194441,0.174750812105726,0.4463132736933437,-0.042292359337689045,-0.03735740218310568,-0.0170867345035155,-0.02207480795220884
2020-11-24,1804.800048828125,0.07692307692307693,0.28846153846153844,0.40384615384615385,0.36153846153846153,0.3878718535469107,0.7115384615384616,0.5865384615384616,0.5641025641025641,0.6423076923076924,0.41990846681922195,0.4230769230769231,0.49038461538461536,0.6346153846153846,0.7,0.8386727688787186,-1.1423292904860383,-0.5585397893347301,-0.13135855462549278,-0.3096596241287954,0.7273868813059492,0.31567044113894827,0.2674026413480002,0.4481396479133542,-0.39944608083794797,-0.12441422497494817,0.14413624842099088,0.4127798669343445,0.005152884810619707,0.03656914794680688,0.04122334903085734,0.019226479517443495
2020-12-01,1814.0999755859373,0.09615384615384616,0.28846153846153844,0.41025641025641024,0.36153846153846153,0.3890160183066362,0.5384615384615384,0.5096153846153846,0.5,0.5884615384615385,0.39588100686498856,0.2692307692307692,0.40384615384615385,0.5641025641025641,0.6384615384615384,0.8054919908466819,-1.0966864512921344,-0.5771475416829731,-0.12593163562463253,-0.3131435975931522,0.4714642801668903,0.17135444690236862,0.13490736099912437,0.3322301231887657,-0.557654729306374,-0.33013913636784675,-0.06353143691654918,0.19677513241747713,0.031255208646300936,0.021057314236416103,0.0361611688819683,0.020175280347554336
2020-12-08,1870.800048828125,0.3076923076923077,0.3942307692307692,0.4807692307692308,0.4153846153846154,0.4702517162471396,0.46153846153846156,0.47115384615384615,0.46794871794871795,0.573076923076923,0.3878718535469107,0.40384615384615385,0.46153846153846156,0.6153846153846154,0.6846153846153846,0.8306636155606407,-0.804440942194606,-0.41347645739913946,0.015593612590134255,-0.17040875753225213,0.36867331210093973,0.12417414233035204,0.08443478262006407,0.29354498368579457,-0.40701561834542793,-0.22316187460593276,0.06437401341895507,0.3316913517343987,-0.009888817360031887,0.004490005411861953,0.043778009517934535,-0.021541612024956414
2020-12-15,1852.300048828125,0.36538461538461536,0.41346153846153844,0.5,0.4307692307692308,0.4862700228832952,0.4423076923076923,0.47115384615384615,0.46153846153846156,0.5692307692307692,0.38329519450800914,0.4230769230769231,0.46153846153846156,0.6153846153846154,0.6884615384615385,0.8329519450800915,-0.7134922429168701,-0.38763892093903013,0.04726248040275015,-0.14170607654106732,0.29156685650532876,0.10023292026153852,0.05125071055623813,0.26999499115166775,-0.3695562828423977,-0.23198651117151806,0.06729841112085805,0.33653481715041944,0.014522432454055378,0.014792367122748118,-0.00507478495182756,-0.00917777873555381
2020-12-21,1879.199951171875,0.4230769230769231,0.4326923076923077,0.5192307692307693,0.45,0.522883295194508,0.38461538461538464,0.4519230769230769,0.4423076923076923,0.55,0.3718535469107552,0.5576923076923077,0.5192307692307693,0.6666666666666666,0.7269230769230769,0.8615560640732265,-0.5602760425805141,-0.3104599134305428,0.11460106827036298,-0.07721245824372641,0.10425367185405998,-0.0005861296273450502,-0.04045107060910429,0.19007555607353627,-0.2192872757617077,-0.12820360508488857,0.1837001152447639,0.4595228221257942,0.00026607067528305883,0.03911238926659455,-0.021125985634002364,-0.043635590746404884
2020-12-29,1879.699951171875,0.4423076923076923,0.4326923076923077,0.5256410256410257,0.45,0.5297482837528604,0.40384615384615385,0.47115384615384615,0.44871794871794873,0.5692307692307692,0.37757437070938216,0.5192307692307693,0.49038461538461536,0.6410256410256411,0.7038461538461539,0.8443935926773455,-0.513278579054437,-0.3079183604550518,0.126821998959742,-0.07307859478640866,0.17624579031125057,0.0806072320820106,0.005272835146153313,0.2512076211966474,-0.23236236882787706,-0.19144893659765308,0.12758028393084175,0.3999284942741583,0.03883598547443112,-0.01957755371269232,-0.015427994229568531,-0.04005954605194717
2021-01-05,1952.699951171875,0.5192307692307693,0.46153846153846156,0.5576923076923077,0.4807692307692308,0.5640732265446224,0.40384615384615385,0.4807692307692308,0.44871794871794873,0.573076923076923,0.37871853546910755,0.6923076923076923,0.5769230769230769,0.7051282051282052,0.7576923076923077,0.8752860411899314,-0.32085305105248424,-0.2129639718532667,0.21486094491529012,0.008468683923649401,0.14674493980055828,0.09553997350247959,-0.005217500443754766,0.2579294724279483,-0.027701461736282164,-0.06036823911103586,0.27548593506006186,0.5495450340414735,-0.05622979951011842,-0.05797099093690261,-0.06257999397118796,-0.11245966153384135
2021-01-12,1842.9000244140625,0.019230769230769232,0.17307692307692307,0.358974358974359,0.3038461538461538,0.34668192219679633,0.5769230769230769,0.5865384615384616,0.5128205128205128,0.6192307692307693,0.40389016018306634,0.5,0.46153846153846156,0.6282051282051282,0.6923076923076923,0.8409610983981693,-1.141206285222961,-0.7819675863759097,-0.19273071797643762,-0.43631380282146903,0.4410527595253623,0.32582335096212367,0.14515851340814,0.4276380360141084,-0.1592395563608571,-0.22297179003389636,0.11818403453165349,0.37680833255741875,-0.0018449315584243564,0.0042324199112713234,-0.0041239218000194144,-0.06853331551085151
2021-01-19,1839.5,0.019230769230769232,0.16346153846153846,0.358974358974359,0.3,0.34439359267734554,0.5192307692307693,0.5673076923076923,0.4935897435897436,0.6115384615384616,0.39702517162471396,0.28846153846153844,0.34615384615384615,0.5512820512820513,0.6230769230769231,0.8123569794050344,-1.122008207360705,-0.801798027759024,-0.18624041427202395,-0.4418579824716337,0.3040799579029212,0.27196618824356306,0.078925445818852,0.3812064573673241,-0.33754645803470823,-0.3931739646653716,-0.04846240169439916,0.19187180138876136,0.006088584491369842,-0.0048926338678988435,-0.02299540572336234,-0.05920088307369531
2021-01-26,1850.699951171875,0.3076923076923077,0.3269230769230769,0.47435897435897434,0.38846153846153847,0.4576659038901602,0.4230769230769231,0.5192307692307693,0.4551282051282051,0.5923076923076923,0.3890160183066362,0.2692307692307692,0.3269230769230769,0.532051282051282,0.6,0.7963386727688787,-0.6627585879068223,-0.5454202497123096,0.022033296066948253,-0.23381015730684507,0.18028803483326541,0.22361700660391787,0.019989013815091886,0.3419722594075455,-0.4208413165659303,-0.4803779168662774,-0.1273435509597714,0.09957587022932608,-0.010914762903129871,-0.008321123223674731,-0.025017522007549142,-0.06808234901622812
2021-02-02,1830.5,0.17307692307692307,0.2403846153846154,0.4230769230769231,0.3423076923076923,0.39816933638443935,0.36538461538461536,0.5,0.4358974358974359,0.5807692307692308,0.38215102974828374,0.23076923076923078,0.27884615384615385,0.46794871794871795,0.5269230769230769,0.7345537757437071,-0.8444371888150748,-0.6842536761403671,-0.06618489003108093,-0.33487313002934943,0.07545855975135299,0.18873136546137625,-0.026993175618804523,0.312037008423962,-0.6533935949306791,-0.6592700734519306,-0.3002157215092928,-0.0914946239855684,0.0026222610369435184,-0.018191777562482914,-0.053209518936936595,-0.08008739447469948
2021-02-09,1835.300048828125,0.17307692307692307,0.23076923076923078,0.4230769230769231,0.3384615384615385,0.39702517162471396,0.38461538461538464,0.5192307692307693,0.4423076923076923,0.5923076923076923,0.38558352402745993,0.21153846153846154,0.22115384615384615,0.3974358974358974,0.46923076923076923,0.6704805491990846,-0.8195618916295385,-0.6975226712291164,-0.06204522363324287,-0.3368015238898594,0.09996252993071139,0.2369694960729495,-0.00942131606633122,0.3418279085294122,-0.8701014187787136,-0.8226831951141668,-0.4583775277459428,-0.26569678737210106,-0.020759601505256686,-0.016836497353003854,-0.06467611294293807,-0.05110883579391723
2021-02-16,1797.199951171875,0.019230769230769232,0.1346153846153846,0.358974358974359,0.2653846153846154,0.3009153318077803,0.5576923076923077,0.625,0.5064102564102564,0.6307692307692307,0.40045766590389015,0.21153846153846154,0.20192307692307693,0.3717948717948718,0.43846153846153846,0.648741418764302,-1.3607365134488436,-0.9906837942635813,-0.27251876288544297,-0.5623384285442854,0.23526508441434033,0.34684506090354844,0.06014656461114522,0.41933541190624296,-0.9515320232619384,-0.8665927891211981,-0.5006293889012876,-0.31691095393954355,0.00400627277865917,-0.03566657986171251,-0.03705763264822626,-0.028377476844880345
2021-02-23,1804.4000244140625,0.038461538461538464,0.14423076923076922,0.36538461538461536,0.27307692307692305,0.30778032036613273,0.7884615384615384,0.75,0.5961538461538461,0.7115384615384616,0.43135011441647597,0.07692307692307693,0.10576923076923077,0.24358974358974358,0.31153846153846154,0.5251716247139588,-1.370481371400992,-0.9705287634008635,-0.25413614861529377,-0.5469831780513716,0.6639558963004665,0.5762491168517803,0.22536972987050946,0.5837670134094859,-1.526659715841333,-1.1215880997466525,-0.7567583225717962,-0.6002976716146081,-0.03951454658801512,-0.04865886036364697,-0.04416984713135785,-0.015018829095137964
2021-03-02,1733.0999755859375,0.019230769230769232,0.10576923076923077,0.32051282051282054,0.21153846153846154,0.1956521739130435,0.9615384615384616,0.8557692307692307,0.6666666666666666,0.7692307692307693,0.45194508009153317,0.019230769230769232,0.0673076923076923,0.1346153846153846,0.2076923076923077,0.448512585812357,-2.1366042617603314,-1.3252699040653142,-0.5037272068128759,-0.809999555221161,1.2290022243040828,0.7916851155787881,0.3778697351847321,0.731452881561523,-1.9756719929627022,-1.2875141101481808,-0.9199475240746887,-0.7795241795978881,-0.009520512510780899,-0.001442501895572823,-0.028388409131008818,0.02590734813142115
2021-03-09,1716.5999755859375,0.019230769230769232,0.07692307692307693,0.2564102564102564,0.16153846153846155,0.12356979405034325,1.0,0.8942307692307693,0.6923076923076923,0.7923076923076923,0.4645308924485126,0.038461538461538464,0.07692307692307693,0.1858974358974359,0.25384615384615383,0.4862700228832952,-2.709277370236868,-1.5811567538384619,-0.6790115359206915,-0.9944455077133558,1.7699860518959618,0.9833014536566653,0.5071269003960595,0.8546313179675037,-1.7715178528495616,-1.1931913305263102,-0.8325084296927358,-0.6900323549064079,0.008155656646343212,0.004718615694476291,0.014505432114761074,0.03448681934297504
2021-03-16,1730.5999755859375,0.038461538461538464,0.09615384615384616,0.30128205128205127,0.19615384615384615,0.17505720823798626,1.0,0.9038461538461539,0.6923076923076923,0.8,0.47254004576659037,0.09615384615384616,0.10576923076923077,0.22435897435897437,0.28846153846153844,0.5,-2.1751444829833146,-1.4090084292048228,-0.5439912505951677,-0.8541573043688317,2.0774076690833128,1.0839123211566082,0.5675929214051468,0.912528945018874,-1.6194792328874963,-1.1537083632298069,-0.7948032746395723,-0.6545314486245122,-0.003409236390440218,-0.026984832908057532,0.009014200743101108,0.060845978454653116
2021-03-23,1724.699951171875,0.057692307692307696,0.10576923076923077,0.3269230769230769,0.2153846153846154,0.18878718535469108,1.0,0.9134615384615384,0.6923076923076923,0.8,0.4782608695652174,0.15384615384615385,0.14423076923076922,0.28846153846153844,0.3423076923076923,0.5480549199084668,-2.003653007304436,-1.3668120031806419,-0.5096117861189469,-0.8208913886613807,2.3727639768433386,1.1419356430231828,0.5989899663936062,0.9432269278681152,-1.3129346335492422,-1.0429949676588113,-0.6839597433839839,-0.5395069440222447,-0.02365624625320495,0.009740853078073153,0.030498115118812397,0.0829710104409862
2021-03-30,1683.9000244140625,0.057692307692307696,0.09615384615384616,0.3269230769230769,0.21153846153846154,0.1853546910755149,1.0,0.9230769230769231,0.7115384615384616,0.823076923076923,0.5068649885583524,0.038461538461538464,0.0673076923076923,0.14102564102564102,0.21153846153846154,0.45194508009153317,-1.9328261658057178,-1.3819634850076261,-0.5084925677388875,-0.8204204562571156,2.704779145916699,1.3175965101040232,0.7182022908070433,1.050610835729073,-1.7599669996977922,-1.2636863294430107,-0.8952356545547812,-0.7717131789493158,0.03420629179335055,0.036997402372204835,0.05588216296788806,0.12720467252585776
2021-04-06,1741.5,0.11538461538461539,0.125,0.391025641025641,0.2846153846153846,0.2929061784897025,0.9615384615384616,0.9134615384615384,0.6794871794871795,0.7923076923076923,0.47368421052631576,0.019230769230769232,0.04807692307692308,0.1282051282051282,0.2,0.4290617848970252,-1.099303141261224,-1.036365572089188,-0.2450070535954886,-0.5472359567522277,1.9561125433082538,1.136594841434197,0.5493902913817426,0.9039564542839315,-1.8320460284668456,-1.3154198937853578,-0.9374846656675663,-0.8196570204575024,0.0026987948158914143,0.020557019137597,0.019695692694875033,0.0926787392558499
2021-04-13,1746.199951171875,0.11538461538461539,0.11538461538461539,0.3717948717948718,0.25,0.23569794050343248,0.9807692307692307,0.9326923076923077,0.6858974358974359,0.8,0.4897025171624714,0.019230769230769232,0.038461538461538464,0.1282051282051282,0.18846153846153846,0.41876430205949655,-1.5017960398310188,-1.2631048214906981,-0.3799554817103061,-0.687398101136206,2.205936485366312,1.2972716565989137,0.6400867490252351,0.9834454840974651,-1.8449100412035138,-1.3531359396750817,-0.9621902636877886,-0.8500949080856408,0.017810158358656958,0.0182110008689349,0.05136872967038508,0.08361012718046368
2021-04-20,1777.300048828125,0.1346153846153846,0.11538461538461539,0.391025641025641,0.2692307692307692,0.2540045766590389,0.9615384615384616,0.9326923076923077,0.6794871794871795,0.7923076923076923,0.4839816933638444,0.09615384615384616,0.0673076923076923,0.1987179487179487,0.25384615384615383,0.4748283752860412,-1.366233168605595,-1.2697788735341484,-0.34773600301237234,-0.6522612648381644,2.0151556036202556,1.322146822421155,0.6100871967916218,0.958759494654946,-1.5268863363200518,-1.2330392725255184,-0.8288007013906024,-0.7074587961005648,0.0003938283647357821,-0.0008439767955833455,0.050919933333525735,0.04343664493948407
2021-04-27,1778.0,0.11538461538461539,0.08653846153846154,0.3525641025641026,0.23846153846153847,0.21853546910755148,1.0,0.9615384615384616,0.7307692307692307,0.8384615384615385,0.5137299771167048,0.11538461538461539,0.0673076923076923,0.21153846153846154,0.2692307692307692,0.4839816933638444,-1.5279094545354068,-1.3893078292546535,-0.41271208353101557,-0.7124799087878415,2.309986416740547,1.4980305067716422,0.7159399559502956,1.0494993549213614,-1.4506699103679968,-1.2284451637272138,-0.8065357461902171,-0.6825754574768598,-0.0012373178694460307,0.032564693146266865,0.06754779279299061,-0.0009561030213020016
2021-05-04,1775.800048828125,0.1346153846153846,0.09615384615384616,0.36538461538461536,0.25,0.2334096109839817,1.0,0.9711538461538461,0.7692307692307693,0.8615384615384616,0.540045766590389,0.09615384615384616,0.04807692307692308,0.19230769230769232,0.24615384615384617,0.4668192219679634,-1.3681881934872917,-1.3641611004887297,-0.38072155555301823,-0.6723718589538296,2.563447498092245,1.695483766728846,0.8346663583112531,1.1500420462687917,-1.4971338876079627,-1.27041098601129,-0.8387380588804433,-0.7150177715610648,0.03384388666145055,0.05180763457052051,0.071573359663895,-0.007320644015399669
2021-05-11,1835.9000244140625,0.3269230769230769,0.18269230769230768,0.44871794871794873,0.36153846153846153,0.37299771167048057,0.9807692307692307,0.9711538461538461,0.7371794871794872,0.8423076923076923,0.5217391304347826,0.28846153846153844,0.22115384615384615,0.3974358974358974,0.4269230769230769,0.620137299771167,-0.31511220795472933,-0.9142558302432049,-0.0747222665120706,-0.3447432379268975,2.0833039492737773,1.569645532663003,0.7213718297987612,1.0552346700765707,-0.7913367099104026,-0.9261049993435204,-0.5048924736402687,-0.34828310986976696,0.017375687123400763,0.03387981390311601,0.030666117985254093,-0.023094952802560575
2021-05-18,1867.800048828125,0.5384615384615384,0.27884615384615385,0.5192307692307693,0.41923076923076924,0.4279176201372998,1.0,0.9903846153846154,0.7756410256410257,0.8653846153846154,0.5537757437070938,0.38461538461538464,0.28846153846153844,0.5,0.5423076923076923,0.7379862700228833,0.09776197429389413,-0.7681329957319345,0.03531763477641827,-0.22209388268017632,2.4328609672747423,1.78621390533005,0.8739701335417958,1.1867225733032545,-0.24521601498194312,-0.6678832568283806,-0.2522170576318094,-0.06920879086499412,0.0162222539702912,0.01879214833941112,-0.00712070268788656,-0.03126674316702327
2021-05-25,1898.0999755859373,0.7884615384615384,0.40384615384615385,0.6025641025641025,0.48846153846153845,0.5148741418764302,0.8461538461538461,0.9230769230769231,0.6410256410256411,0.7692307692307693,0.4759725400457666,0.34615384615384615,0.25961538461538464,0.46153846153846156,0.5038461538461538,0.6956521739130435,0.6831715364709299,-0.5335092103018996,0.20164741144214357,-0.04381361849123795,1.1900878239448236,1.3002567986535158,0.47719276413244394,0.8606164639133678,-0.49561931334093956,-0.7917559727099305,-0.3759279382612879,-0.20119253377680552,0.0025288703913730615,-0.0031083844317741915,-0.06416939482874873,-0.04594065238579248
2021-06-01,1902.9000244140625,0.8269230769230769,0.4230769230769231,0.6153846153846154,0.5076923076923077,0.5377574370709383,0.9615384615384616,0.9807692307692307,0.7371794871794872,0.8423076923076923,0.5251716247139588,0.25,0.14423076923076922,0.32051282051282054,0.36538461538461536,0.5617848970251716,0.7762147235956077,-0.49009422644209544,0.22781302338329693,-0.009396698621936263,1.8902023663566616,1.611742877760529,0.7242039530908476,1.0640456115652286,-1.0324449623918928,-1.0452953930053936,-0.6262752912005022,-0.4692145300066414,-0.005623034896687362,-0.025434875081766672,-0.073624454142869,-0.054338127640679024
2021-06-08,1892.199951171875,0.7692307692307693,0.40384615384615385,0.5961538461538461,0.49230769230769234,0.5183066361556065,1.0,1.0,0.7756410256410257,0.8653846153846154,0.5560640732265446,0.2692307692307692,0.18269230769230768,0.33974358974358976,0.38461538461538464,0.580091533180778,0.6736752135920101,-0.5253543654675046,0.1984089420153477,-0.03082699310344513,2.1759973610601895,1.7592504521739198,0.8552356666912351,1.1699693461558682,-0.9827129521994029,-1.0122264243562484,-0.5999262809283531,-0.43242297888882225,-0.019923872817207644,-0.06125140330543344,-0.05216148066738313,-0.04338863635161372
2021-06-15,1854.5,0.6153846153846154,0.3173076923076923,0.532051282051282,0.4461538461538462,0.4588100686498856,1.0,1.0,0.7884615384615384,0.8730769230769231,0.5640732265446224,0.19230769230769232,0.125,0.27564102564102566,0.3384615384615385,0.5194508009153318,0.2700200930268367,-0.7004478548256252,0.07116556494989228,-0.15105854814664305,2.1152238216753623,1.7539020863755315,0.8796993583521034,1.1827386258771602,-1.2685773080178688,-1.1425196812470473,-0.7396647380681732,-0.5780780396949337,-0.042167673859193844,-0.04944726404522781,-0.02431921034561202,-0.06778104673598007
2021-06-22,1776.300048828125,0.19230769230769232,0.09615384615384616,0.358974358974359,0.2923076923076923,0.2814645308924485,1.0,1.0,0.8782051282051282,0.926923076923077,0.6235697940503433,0.019230769230769232,0.009615384615384616,0.08974358974358974,0.16153846153846155,0.38329519450800914,-0.9895198189592628,-1.2576216644034606,-0.31729841003689174,-0.5452138163065748,2.5149904933803273,1.9850936337322902,1.1050314927450804,1.3631955427950857,-1.8267190040953036,-1.4268270723031098,-1.0464141729683076,-0.9061904471510384,-0.00760006734724028,0.00968302127966636,0.019478677382666287,0.004897793690663121
2021-06-29,1762.800048828125,0.19230769230769232,0.09615384615384616,0.3525641025641026,0.2923076923076923,0.2745995423340961,1.0,1.0,0.8846153846153846,0.9307692307692308,0.6372997711670481,0.019230769230769232,0.009615384615384616,0.08974358974358974,0.1576923076923077,0.37986270022883295,-1.004825262528081,-1.2516514907493803,-0.33578556466156934,-0.5528729114350311,2.433151907892824,1.9916306059911106,1.149620219118865,1.3936303782463115,-1.7458305149716915,-1.403538634336767,-1.0475339064898588,-0.9071039272856278,0.017415447198497525,0.026435202118876955,0.020819123074266033,0.024279513031704836
2021-07-06,1793.5,0.28846153846153844,0.14423076923076922,0.3782051282051282,0.3423076923076923,0.34210526315789475,0.9615384615384616,0.9807692307692307,0.8205128205128205,0.8923076923076924,0.5892448512585813,0.09615384615384616,0.04807692307692308,0.14743589743589744,0.2230769230769231,0.43821510297482835,-0.3185476929310825,-0.9536355220497,-0.1556399637105439,-0.35073956460188915,1.8740699657947546,1.7238888754753148,0.9613334853275973,1.229573077602358,-1.3905185106674065,-1.2337946630867365,-0.8965647440520007,-0.7407905559433913,0.008865360699226388,0.009701714197971834,0.009255631773592121,0.011987733482018426
2021-07-13,1809.4000244140625,0.46153846153846156,0.23076923076923078,0.4423076923076923,0.39615384615384613,0.3901601830663616,0.9423076923076923,0.9711538461538461,0.8076923076923077,0.8846153846153846,0.5846681922196796,0.34615384615384615,0.25,0.3782051282051282,0.4269230769230769,0.6041189931350115,0.06574603402868476,-0.7978760103204734,-0.07014876355751173,-0.24545162297642545,1.755108809595384,1.6713213211284972,0.9485710334875431,1.2122982645082487,-0.6539420442160643,-0.8700850810124385,-0.5417868359510927,-0.34905909589125095,0.0008290040785678965,-0.005471440411452644,-0.04454513899547352,-0.007461036707110513
2021-07-20,1810.9000244140625,0.5384615384615384,0.2692307692307692,0.46153846153846156,0.4153846153846154,0.41189931350114417,0.9230769230769231,0.9615384615384616,0.7756410256410257,0.8615384615384616,0.5675057208237986,0.3269230769230769,0.22115384615384615,0.3525641025641026,0.39615384615384613,0.5732265446224256,0.3021680828164061,-0.7141567522271094,-0.03263223051736777,-0.18977891514126244,1.5090135355929517,1.54281225057964,0.8739203592450467,1.139662019156765,-0.7520531351068316,-0.9147559557191365,-0.6030484089024422,-0.4132674182901423,-0.006295225722221298,-0.0004417962434917211,-0.014302293922847986,-0.0034237523654535584
2021-07-27,1799.5,0.5384615384615384,0.2692307692307692,0.4551282051282051,0.4115384615384615,0.408466819221968,0.9615384615384616,0.9807692307692307,0.8717948717948718,0.9192307692307692,0.6224256292906178,0.40384615384615385,0.28846153846153844,0.40384615384615385,0.4576923076923077,0.6304347826086957,0.32397712730952427,-0.7030635773857115,-0.04498132411232815,-0.18569065787233907,1.8839842229030388,1.7612988852688314,1.093635272214835,1.3095213522176183,-0.4839502572151048,-0.7934039128485274,-0.49468695776103416,-0.28443375444167474,0.005890511578737101,-0.03928866416886634,0.0033898169413377754,-0.013059183106418404
2021-08-03,1810.0999755859373,0.5384615384615384,0.2692307692307692,0.44871794871794873,0.4115384615384615,0.4061784897025172,0.9423076923076923,0.9711538461538461,0.8717948717948718,0.9153846153846154,0.6212814645308925,0.3076923076923077,0.18269230769230768,0.3141025641025641,0.38076923076923075,0.551487414187643,0.3348303896730255,-0.6940285442720313,-0.06130308900542432,-0.1837874784644791,1.7773961184088336,1.7151560987314736,1.094160208332069,1.296139940538195,-0.8219822700813183,-0.9447233214178455,-0.6684540853144472,-0.46824667819585675,-0.04491460574242323,-0.013866623901705899,0.0027070462848199917,-0.04104741603223383
2021-08-10,1728.800048828125,0.038461538461538464,0.019230769230769232,0.21794871794871795,0.18461538461538463,0.14530892448512586,1.0,1.0,0.9166666666666666,0.9461538461538461,0.7128146453089245,0.25,0.14423076923076922,0.24358974358974358,0.3269230769230769,0.505720823798627,-2.1088264737356086,-1.5918043689262553,-0.7139813052156092,-0.840248678468044,2.1527464619706964,1.9608228364051792,1.3535700419418675,1.4917322336732433,-0.9993564747906101,-1.023893320516751,-0.7677669302689956,-0.5728291836395407,0.032508068940633406,0.044423834213720426,0.03881303429591032,0.017815783137379304
2021-08-17,1785.0,0.21153846153846154,0.10576923076923077,0.3141025641025641,0.2923076923076923,0.2631578947368421,0.9807692307692307,0.9903846153846154,0.9038461538461539,0.9307692307692308,0.6693363844393593,0.3269230769230769,0.19230769230769232,0.3076923076923077,0.38461538461538464,0.5491990846681922,-0.9910832156870198,-1.169506871107458,-0.452659585840363,-0.5450959798680037,1.8064445659573005,1.7757840431307756,1.2388254042697895,1.3799311937563115,-0.758308662265625,-0.9141367437296746,-0.6707994748522518,-0.4617477932615668,0.011540602569152458,0.01680672268907557,0.011036387211134535,-0.01495795583858539
2021-08-24,1805.5999755859373,0.3269230769230769,0.16346153846153846,0.34615384615384615,0.34615384615384615,0.3329519450800915,0.9423076923076923,0.9711538461538461,0.8974358974358975,0.9192307692307692,0.6327231121281465,0.5,0.34615384615384615,0.4358974358974359,0.5153846153846153,0.6601830663615561,-0.239049501503627,-0.8726210746206038,-0.2718832091058269,-0.3381412794049716,1.5450032447394957,1.627677635516004,1.148298127399942,1.290396848824221,-0.24469628125371187,-0.6808836788201931,-0.4465877149195158,-0.20962447877154214,0.005206039289523234,-0.005372148484177441,-0.01639342932330945,-0.019882601295678648
2021-08-31,1815.0,0.46153846153846156,0.23076923076923078,0.391025641025641,0.38846153846153847,0.37414187643020597,0.9615384615384616,0.9807692307692307,0.9102564102564102,0.926923076923077,0.6556064073226545,0.5384615384615384,0.36538461538461536,0.44871794871794873,0.5307692307692308,0.6727688787185355,0.05798647252642489,-0.7497985552225491,-0.2122620120071899,-0.2543316899640631,1.5981845955776082,1.6772258749331808,1.2266869902896482,1.3367157534475862,-0.16434596836202944,-0.6405038092201382,-0.42180275261357014,-0.17488928025635386,-0.010523402526687375,-0.0056749580320247794,-0.043636336733815395,-0.012286528279958686
2021-09-07,1795.9000244140625,0.28846153846153844,0.14423076923076922,0.32051282051282054,0.3192307692307692,0.2986270022883295,0.9615384615384616,0.9807692307692307,0.9166666666666666,0.926923076923077,0.6590389016018307,0.5384615384615384,0.36538461538461536,0.4423076923076923,0.5307692307692308,0.6716247139588101,-0.5572231771271032,-0.9799304181817751,-0.40327255149033453,-0.42360279300244713,1.5352791741437533,1.6519773479641946,1.2379331792328134,1.3295640869654184,-0.14980988007626858,-0.6323741054379385,-0.42944461202292,-0.17606971943651697,0.004900009264537708,-0.011080808588192492,-0.0202127336347514,-0.004009172640073166
2021-09-14,1804.699951171875,0.34615384615384615,0.17307692307692307,0.3333333333333333,0.3423076923076923,0.3169336384439359,0.9230769230769231,0.9615384615384616,0.9102564102564102,0.9153846153846154,0.6430205949656751,0.5192307692307693,0.3557692307692308,0.42948717948717946,0.5230769230769231,0.6681922196796338,-0.36214532798267707,-0.8993420771945809,-0.3764334540315223,-0.37268296951314567,1.3976618658964455,1.578989205120301,1.202544167812497,1.2845328621748415,-0.12796775418760603,-0.6241412478456277,-0.437972338007054,-0.1789313557733315,-0.015902893527114492,-0.03817803746213333,-0.025710591011885553,0.014129772643614036
2021-09-21,1776.0,0.1346153846153846,0.0673076923076923,0.23717948717948717,0.23846153846153847,0.19908466819221968,1.0,1.0,0.9551282051282052,0.9461538461538461,0.717391304347826,0.4230769230769231,0.2692307692307692,0.3269230769230769,0.41923076923076924,0.5835240274599542,-1.44481198829827,-1.3194807264297046,-0.7093146507754454,-0.6731864120819079,1.6874457162086776,1.7982976534506825,1.4203618782436707,1.4418698549334605,-0.46776452330831697,-0.7637961686552329,-0.6026813876227626,-0.3515250224015409,-0.022635107641821528,-0.009234247980891008,-0.0035473247906109284,0.04369367994703666
2021-09-28,1735.800048828125,0.038461538461538464,0.019230769230769232,0.15384615384615385,0.16923076923076924,0.13272311212814644,1.0,1.0,0.9807692307692307,0.9576923076923077,0.7780320366132724,0.40384615384615385,0.25961538461538464,0.3141025641025641,0.4115384615384615,0.5743707093821511,-2.044125129494928,-1.574666785581096,-0.9397963808528036,-0.8684633557686099,1.8362903934869341,1.925057984164703,1.5695810495312943,1.5437837797393132,-0.4924158384772202,-0.7718668010057353,-0.6289053134571646,-0.373624449014144,0.013711214476506361,0.012962322483623723,0.03278021704295053,0.027480095535242333
2021-10-05,1759.5999755859375,0.23076923076923078,0.11538461538461539,0.2692307692307692,0.27692307692307694,0.2379862700228833,0.9807692307692307,0.9903846153846154,0.9743589743589743,0.95,0.7665903890160183,0.3076923076923077,0.18269230769230768,0.2564102564102564,0.3769230769230769,0.540045766590389,-0.9748170387972568,-1.1340604917364963,-0.6630766866779156,-0.568788354364599,1.700581481053517,1.857728767079281,1.5473714573747703,1.5085585877081462,-0.6644273070041535,-0.8371364851201682,-0.7152535188656384,-0.4646773972093205,-0.000738762659609371,0.005739927100518516,0.016537835865931605,0.007956353827146545
2021-10-12,1758.300048828125,0.2692307692307692,0.1346153846153846,0.28205128205128205,0.3,0.2597254004576659,0.9230769230769231,0.9615384615384616,0.9423076923076923,0.926923076923077,0.7105263157894737,0.3269230769230769,0.19230769230769232,0.2564102564102564,0.38461538461538464,0.545766590389016,-0.7591437005145018,-1.0351137558611117,-0.621574486793633,-0.5100290471023821,1.3954528733665292,1.6540007611727663,1.3902744465332295,1.3811430342115503,-0.6178663930453806,-0.8154873040668235,-0.7093685924144619,-0.4562171180419075,0.006483479512696233,0.019564295847387836,0.040891713784385164,0.01382012516806097
2021-10-19,1769.699951171875,0.2692307692307692,0.1346153846153846,0.2692307692307692,0.29615384615384616,0.2574370709382151,0.9038461538461539,0.9519230769230769,0.9294871794871795,0.9192307692307692,0.683066361556064,0.40384615384615385,0.23076923076923078,0.27564102564102566,0.4,0.5537757437070938,-0.7618405075537933,-1.0286351973399928,-0.6468817756350725,-0.5150137811556257,1.211695119172753,1.5305954578307657,1.2989673887044437,1.3062274600561563,-0.5416942210582129,-0.7820690735112706,-0.6913380991950098,-0.43428283585508964,0.012996553446684267,0.01073628328204368,0.047409180498934056,0.0003955886655948593
2021-10-26,1792.699951171875,0.6538461538461539,0.34615384615384615,0.4230769230769231,0.4423076923076923,0.391304347826087,0.8846153846153846,0.9423076923076923,0.9166666666666666,0.9115384615384615,0.6784897025171625,0.6923076923076923,0.4423076923076923,0.46153846153846156,0.5692307692307692,0.6933638443935927,0.5080650915496817,-0.4950314074448465,-0.2695032180716256,-0.14957840216570245,1.1441788523584187,1.4867888440230863,1.2811972863278454,1.2856753868682653,0.2139666710777915,-0.49725211523116547,-0.41067742580594085,-0.12388708586487415,-0.002231271327577833,0.02091816869604224,-0.005131896816230164,-0.0026774847372951216
2021-11-02,1788.699951171875,0.5961538461538461,0.3173076923076923,0.3974358974358974,0.4307692307692308,0.38672768878718533,0.8461538461538461,0.9230769230769231,0.9038461538461539,0.9038461538461539,0.664187643020595,0.6923076923076923,0.4423076923076923,0.4423076923076923,0.5538461538461539,0.6750572082379863,0.4642462812150427,-0.5011351044360486,-0.30162988941556357,-0.15978510321830713,1.0439744655250645,1.4189458122198366,1.24051028754313,1.2474469329305993,0.1712873137667323,-0.507641764868169,-0.4378811541078783,-0.151181076614922,0.02320120821427385,0.03628334890462925,-0.008441871749392482,0.012019903050768388
2021-11-09,1830.199951171875,1.0,0.7019230769230769,0.6538461538461539,0.6461538461538462,0.5995423340961098,0.6730769230769231,0.8365384615384616,0.8397435897435898,0.8538461538461538,0.6075514874141876,1.0,0.7692307692307693,0.717948717948718,0.8192307692307692,0.8787185354691075,2.1177028840776524,0.25867815908461317,0.2601343010398225,0.35361806572231724,0.703754969933727,1.1743597294018515,1.0571429820270901,1.0917946698612178,2.1100522233418486,0.2467234323767473,0.3172582975306283,0.6686667363093904,0.012785501605482752,-0.02551631101398133,-0.02600807390223092,-0.008851465197287411
2021-11-16,1853.5999755859373,1.0,0.7788461538461539,0.7051282051282052,0.7,0.6716247139588101,0.5192307692307693,0.7596153846153846,0.717948717948718,0.7615384615384615,0.5331807780320366,1.0,0.8461538461538461,0.8205128205128205,0.8923076923076924,0.9508009153318078,2.6015360278098387,0.5875664413882014,0.4946487775999265,0.5656706279242959,0.22712934254383838,0.8375967777969302,0.7869912783331561,0.8725687064565775,3.1091942056993864,0.7616235805251205,0.8057980981918778,1.199754875017128,-0.03781828685219857,-0.04315925822922562,-0.04488560221607396,-0.018882175475286256
2021-11-23,1783.5,0.8461538461538461,0.5961538461538461,0.5705128205128205,0.5653846153846154,0.5068649885583524,0.5,0.75,0.717948717948718,0.7576923076923077,0.5308924485125858,0.9230769230769231,0.7019230769230769,0.6538461538461539,0.7730769230769231,0.8569794050343249,1.107272660211888,-0.09666285796550007,-0.07108061482181527,0.09519865726560721,0.18774564776193317,0.8101214707977467,0.7873187170537683,0.8619988798763359,1.5931595116081492,0.14305053509825094,0.168325402506772,0.5088212440108764,-0.005550896783886983,-0.0005046394247617547,0.0024670728421993804,0.016148050926899415
2021-11-30,1773.5999755859375,0.75,0.47115384615384615,0.47435897435897434,0.49615384615384617,0.43135011441647597,0.7884615384615384,0.8942307692307693,0.9038461538461539,0.8884615384615384,0.6453089244851259,0.7884615384615384,0.5096153846153846,0.5192307692307693,0.65,0.7860411899313501,0.5821812057167509,-0.33414693791344174,-0.28428739810538173,-0.07363437121059956,0.8802685203043894,1.2880951843390722,1.2264680796113112,1.19290271099035,0.8039179653286619,-0.17870742657254043,-0.17842013238266533,0.1384047186332698,0.005074424968362301,-0.0018042124582335894,0.020635981106081225,0.044598543456680906
2021-12-07,1782.5999755859375,0.5384615384615384,0.27884615384615385,0.3333333333333333,0.4,0.36041189931350115,0.75,0.875,0.8910256410256411,0.8807692307692307,0.6407322654462243,0.5576923076923077,0.36538461538461536,0.34615384615384615,0.46153846153846156,0.6247139588100686,0.15377327386262749,-0.5400995348096549,-0.46955355425947826,-0.21835948543004577,0.8323664892759434,1.2517468948351222,1.2123537619608284,1.1806799969093513,-0.09915644151917362,-0.564932917777877,-0.5850348927622626,-0.29470560052820344,-0.006843908526288911,0.002973212667291225,0.01761473400881286,0.009929357951645512
2021-12-14,1770.4000244140625,0.36538461538461536,0.18269230769230768,0.2564102564102564,0.3230769230769231,0.2837528604118993,0.8653846153846154,0.9326923076923077,0.9294871794871795,0.9076923076923077,0.6739130434782609,0.6153846153846154,0.40384615384615385,0.3782051282051282,0.5,0.6533180778032036,-0.5020893856199969,-0.8648082222994674,-0.7461066873865709,-0.43903299702109966,0.9343418939597551,1.3169029867837072,1.2864228866710752,1.2351990155855572,0.055735035317137284,-0.49515684600762555,-0.5427157011328312,-0.24328943878111253,0.0098847716666699,0.02248075362006663,0.027225457810207132,0.03174421057211352
2021-12-21,1787.9000244140625,0.4807692307692308,0.2403846153846154,0.28846153846153844,0.3576923076923077,0.31922196796338675,0.6730769230769231,0.8365384615384616,0.8653846153846154,0.8615384615384616,0.6258581235697941,0.5961538461538461,0.3942307692307692,0.3525641025641026,0.47692307692307695,0.6384439359267735,-0.14669653927134071,-0.6865423151219013,-0.6214928694780375,-0.3347902358085825,0.6846923183167215,1.1514224451349082,1.1550272179233907,1.134859072205254,0.005268790174531313,-0.5185444407808817,-0.5850574022857912,-0.28759645842921644,0.012472692238549854,0.014598118032070007,0.013647309178855815,0.03741821326725869
2021-12-28,1810.199951171875,0.6346153846153846,0.34615384615384615,0.36538461538461536,0.4230769230769231,0.38443935926773454,0.5961538461538461,0.7980769230769231,0.8397435897435898,0.8423076923076923,0.6132723112128147,0.7692307692307693,0.4807692307692308,0.4358974358974359,0.55,0.6842105263157895,0.35877974174584315,-0.4293369808564432,-0.44068690096243424,-0.18577877033901946,0.5282239358744253,1.0553966718734336,1.0794115998218572,1.0787226939210297,0.2877335453314432,-0.3976718337400904,-0.49185842141301583,-0.1852755855159196,0.0020992425868009423,0.004640384841809508,0.023478069354982978,0.05297758645500972
2022-01-04,1814.0,0.5769230769230769,0.28846153846153844,0.3141025641025641,0.38846153846153847,0.35354691075514877,0.7692307692307693,0.8846153846153846,0.8974358974358975,0.8846153846153846,0.6498855835240275,0.6153846153846154,0.40384615384615385,0.358974358974359,0.4807692307692308,0.6453089244851259,0.22428873930549537,-0.5030741474809467,-0.5122312343583784,-0.23995405745977386,0.7658307166964307,1.202029893173709,1.214363209084461,1.1812068939493883,0.13970798337558563,-0.474306256172207,-0.5743690303776806,-0.27144769186911516,0.0025358189558639666,-0.0009371285401736928,-0.0075523435346609435,0.07078281389970376
2022-01-11,1818.5999755859373,0.5,0.25,0.27564102564102566,0.3576923076923077,0.32723112128146453,0.8846153846153846,0.9423076923076923,0.9423076923076923,0.9153846153846154,0.6819221967963387,0.9423076923076923,0.625,0.5576923076923077,0.7038461538461539,0.8249427917620137,0.008168664950024974,-0.6056139768054896,-0.6014437470686393,-0.3070257824095213,0.8991434490571759,1.2814756070241118,1.2919518356709598,1.239083474423413,1.6086089222227933,0.22788574218582291,-0.0329052851401829,0.31006250138879354,-0.003464163005821308,0.018750674168986015,0.004398988291761441,0.12179698832814223
2022-01-18,1812.300048828125,0.5,0.25,0.2692307692307692,0.34615384615384615,0.32036613272311215,0.8653846153846154,0.9326923076923077,0.9358974358974359,0.9115384615384615,0.6807780320366132,0.9230769230769231,0.5961538461538461,0.532051282051282,0.6807692307692308,0.8089244851258581,-0.0929783197467089,-0.6530423413054612,-0.6505869923239482,-0.3397688996933479,0.8594142412807488,1.2560123609663603,1.2801232131972473,1.227219079411315,1.3686252785972706,0.16470045355433155,-0.12613245948768265,0.20944926869622602,0.02229206050613608,-0.0066214201162547726,0.023450862911735593,0.06411739118310611
2022-01-25,1852.699951171875,0.8846153846153846,0.6346153846153846,0.5384615384615384,0.5461538461538461,0.482837528604119,0.38461538461538464,0.6923076923076923,0.7243589743589743,0.7423076923076923,0.5491990846681922,0.9807692307692307,0.8653846153846154,0.7115384615384616,0.8153846153846154,0.8832951945080092,1.1467218096856175,0.06833421665559289,-0.19068269144042482,0.035695269802812776,-0.11982154819371559,0.7077298863027469,0.8419259546503479,0.8905951568368381,2.340739909176547,0.8103584882341618,0.27714066342609917,0.6433930465111767,-0.02828299439993287,-0.014087535096780734,0.02882281309517265,0.0367031909063249
2022-02-01,1800.300048828125,0.17307692307692307,0.08653846153846154,0.1346153846153846,0.23846153846153847,0.2116704805491991,0.7692307692307693,0.8846153846153846,0.8974358974358975,0.8884615384615384,0.6624713958810069,0.8461538461538461,0.5192307692307693,0.44871794871794873,0.5653846153846154,0.7185354691075515,-0.9793158122509931,-1.1701186911499664,-1.0098991517684157,-0.619010372031631,0.7601593033307091,1.1842039812975653,1.2292999561832305,1.186108825615719,0.527047213973383,-0.22584858883156297,-0.4353401135530365,-0.12516436562836247,0.014608635252180147,0.030272731501327144,0.07893127352767393,0.06204518588142238
2022-02-08,1826.5999755859373,0.4807692307692308,0.2403846153846154,0.24358974358974358,0.33076923076923076,0.3100686498855835,0.6923076923076923,0.8461538461538461,0.8717948717948718,0.8692307692307693,0.648741418764302,0.8269230769230769,0.5192307692307693,0.4358974358974359,0.5538461538461539,0.7093821510297483,-0.14862083196618137,-0.6757142345532804,-0.7033769746975802,-0.3702094341317784,0.6633588938766474,1.1282643396450869,1.187281394557582,1.1539752639005771,0.4428335901026621,-0.2545827878590255,-0.4704123996971334,-0.16452619744232053,0.015438559957902998,0.0435234868403509,0.11688382943918163,0.05272092965907005
2022-02-15,1854.800048828125,0.9423076923076923,0.7307692307692307,0.5833333333333334,0.573076923076923,0.5194508009153318,0.4230769230769231,0.7115384615384616,0.75,0.7615384615384615,0.568649885583524,0.9230769230769231,0.7980769230769231,0.6410256410256411,0.7615384615384615,0.8524027459954233,1.394402660522049,0.34975802621623886,-0.09622897296552387,0.11562041564843034,-0.20139162169019612,0.7374633226129771,0.8823233043309141,0.9217770305878156,1.8137321224075376,0.7280866904056958,0.09973210828809442,0.45088201816865825,0.027657928298106205,0.04722879732577301,0.03973471491896885,0.06324127866608764
2022-02-22,1906.0999755859373,0.9807692307692307,0.8846153846153846,0.6858974358974359,0.6884615384615385,0.6590389016018307,0.21153846153846154,0.6057692307692307,0.6602564102564102,0.6884615384615385,0.5205949656750573,0.9807692307692307,0.9711538461538461,0.8141025641025641,0.8884615384615384,0.9496567505720824,2.461223443196067,1.303383960414949,0.3968541173443257,0.5126954607091015,-0.9187586277399074,0.44108789713894836,0.6677219334295408,0.7563366066981095,3.0530181321316805,2.0380665478026345,0.753766112670683,1.1603284716739592,0.01904414736533777,0.07030061471922955,0.007659606407292241,0.026021707266792538
2022-03-01,1942.4000244140625,1.0,0.9423076923076923,0.717948717948718,0.7192307692307692,0.6967963386727689,0.11538461538461539,0.5576923076923077,0.6282051282051282,0.6384615384615384,0.482837528604119,1.0,0.9903846153846154,0.8269230769230769,0.8961538461538462,0.954233409610984,2.5972655692274675,1.6839680004867452,0.5414245126111555,0.6322234747700887,-1.4436538259740028,0.21661716380978288,0.5256941521082246,0.6445573321278689,2.854109068985661,2.2702743509998955,0.7947307950425465,1.2069760456672232,0.05029857390026882,-0.007156108030968333,-0.015650753723210453,-0.021107907477692645
2022-03-08,2040.0999755859373,0.9807692307692307,0.9230769230769231,0.6987179487179487,0.6961538461538461,0.6739130434782609,0.09615384615384616,0.5480769230769231,0.6282051282051282,0.6346153846153846,0.4816933638443936,1.0,1.0,0.8717948717948718,0.9230769230769231,0.9748283752860412,2.2603174138433864,1.6155517613216988,0.44113242357791277,0.5557505744881137,-1.5067920727426587,0.18428603771407237,0.5221310925647646,0.6372995029929989,3.055707088732805,2.8173937287355337,1.0699498843250277,1.5060555896390349,-0.05470318951103592,-0.0585265554840122,-0.05744814105897622,-0.08396643733531406
2022-03-15,1928.5,0.9230769230769231,0.8365384615384616,0.6282051282051282,0.6307692307692307,0.6052631578947368,0.28846153846153844,0.6442307692307693,0.7051282051282052,0.7192307692307692,0.5377574370709383,0.9807692307692307,0.9903846153846154,0.8333333333333334,0.9,0.9610983981693364,1.6061747755681404,1.1110277099117056,0.166540069001487,0.3431571957407229,-0.7084461070352003,0.560728932853519,0.7756643775578431,0.8260795748441787,2.3693229830088294,2.259227061986979,0.7990211038705802,1.2126342984262837,-0.004044619563456031,-0.008555872439720003,0.022608232090193026,-0.04594242965306583
2022-03-22,1920.699951171875,0.8846153846153846,0.7980769230769231,0.5961538461538461,0.6,0.5583524027459954,0.36538461538461536,0.6826923076923077,0.7307692307692307,0.7384615384615385,0.5572082379862701,0.9038461538461539,0.9519230769230769,0.7756410256410257,0.8653846153846154,0.9450800915331807,1.160721450792842,0.7679765074866619,-0.0249564958521517,0.19670122137222415,-0.49393709251891355,0.6671082267403886,0.8481087105871616,0.8768620533709836,1.9672140035354455,1.9178281505585568,0.6359594635268487,1.0361002990835626,-0.004529573276954024,0.0011454538960367078,0.018222523501729482,-0.053365961683636054
2022-03-29,1912.0,0.8461538461538461,0.75,0.5576923076923077,0.5692307692307692,0.5251716247139588,0.7884615384615384,0.8942307692307693,0.9038461538461539,0.8923076923076924,0.6681922196796338,0.8846153846153846,0.8942307692307693,0.6923076923076923,0.8038461538461539,0.8913043478260869,0.8852218207084528,0.565927696313139,-0.14616282773277053,0.10975280354659808,0.8094612667966238,1.2667331253279497,1.2247720706420615,1.1567829200355697,1.2563018269494124,1.1755693566592587,0.24347235844331386,0.6137641258703717,0.00570084958894479,0.03143304162444416,-0.005543920285532189,-0.02452930147179011
2022-04-05,1922.9000244140625,0.75,0.6634615384615384,0.4935897435897436,0.5307692307692308,0.4839816933638444,0.7307692307692307,0.8653846153846154,0.8846153846153846,0.8807692307692307,0.6613272311212814,0.8269230769230769,0.7884615384615384,0.6089743589743589,0.7461538461538462,0.8604118993135011,0.6221979048182459,0.3642085977131591,-0.26406059086184547,0.026283774993003595,0.7386585926214361,1.2249977241351067,1.2093919960526032,1.1386220044498074,0.9241441805394389,0.8357512189013383,0.06043973875670354,0.42026614607253343,0.025586328226745225,0.01705753099036289,-0.028134575328440437,-0.04170787468091364
2022-04-12,1972.0999755859373,0.8846153846153846,0.8365384615384616,0.6025641025641025,0.6115384615384616,0.5652173913043478,0.8076923076923077,0.9038461538461539,0.9166666666666666,0.8961538461538462,0.6716247139588101,0.8846153846153846,0.9038461538461539,0.7051282051282052,0.8115384615384615,0.9016018306636155,1.1283727640282255,0.9270288487408475,-0.024108876093765132,0.22431038520009544,0.7749321799802186,1.2324589466727107,1.2315729453169315,1.1432874428984194,1.2392724161166382,1.2079575232759605,0.2658752018233727,0.6465122100083585,-0.008316020798686763,-0.035850084705198015,-0.06703511627629144,-0.06318136865699064
2022-04-19,1955.699951171875,0.6923076923076923,0.6538461538461539,0.47435897435897434,0.5269230769230769,0.4816933638443936,0.9038461538461539,0.9519230769230769,0.9615384615384616,0.9192307692307692,0.6922196796338673,0.8653846153846154,0.8846153846153846,0.6858974358974359,0.8,0.8935926773455377,0.5387467983612326,0.3943683048395727,-0.3096825116263716,0.026307849258554523,0.9420886473983401,1.2953997140414228,1.2912333848714146,1.1734762215977335,1.1415709239198217,1.1289538036894113,0.22538013949701308,0.6082603222782292,-0.027764957873663287,-0.044434169102309795,-0.07030730860202183,-0.07475581879739301
2022-04-26,1901.4000244140625,0.4423076923076923,0.3557692307692308,0.26282051282051283,0.38461538461538464,0.36384439359267734,0.9615384615384616,0.9807692307692307,0.9871794871794872,0.9423076923076923,0.7505720823798627,0.7307692307692307,0.7403846153846154,0.5769230769230769,0.7230769230769231,0.8489702517162472,-0.21146910981018718,-0.3121037943602926,-0.6722784015831185,-0.22794989279494446,1.536406380743471,1.5494034136565613,1.4567393219662987,1.2908581613544807,0.7384147135429184,0.7116784519561786,-0.008652300688023829,0.36600114691714064,-0.017145248326155604,-0.032344587782863754,-0.01909122139582986,-0.035132033223103765
2022-05-03,1868.800048828125,0.25,0.22115384615384615,0.16666666666666666,0.3153846153846154,0.2997711670480549,1.0,1.0,1.0,0.9730769230769231,0.7986270022883295,0.7692307692307693,0.7596153846153846,0.5897435897435898,0.7346153846153847,0.8592677345537757,-0.7143344841245528,-0.7821896573051418,-0.9176052038506411,-0.3959329417807928,1.8822854966726188,1.7086124324292753,1.5687531755816009,1.3674069859413387,0.7638383527808523,0.7581852786662591,0.016670364074099418,0.39687265985590076,-0.015464481838056932,-0.027076250178813877,-0.013966233398065575,-0.027450795958772534
2022-05-10,1839.9000244140625,0.19230769230769232,0.18269230769230768,0.1346153846153846,0.29615384615384616,0.2791762013729977,0.9423076923076923,0.9711538461538461,0.9807692307692307,0.9423076923076923,0.7654462242562929,0.8076923076923077,0.8461538461538461,0.6538461538461539,0.7807692307692308,0.8810068649885584,-0.909632164451567,-0.9797686879916365,-1.0224531469554772,-0.4704595903702092,1.5213534857320692,1.5450124694663436,1.4780848962484767,1.2967882228651462,0.9659403148299366,0.994522186123625,0.15570451249821557,0.5421491784307387,-0.011794158896811902,0.013696369823083199,0.004130645950916723,-0.04244794529572837
2022-05-17,1818.199951171875,0.057692307692307696,0.057692307692307696,0.04487179487179487,0.21923076923076923,0.18649885583524028,1.0,1.0,1.0,0.9884615384615385,0.8295194508009154,0.6730769230769231,0.6826923076923077,0.5384615384615384,0.7,0.8432494279176201,-1.5227840741481051,-1.6350874728446816,-1.3590898678472498,-0.7043653015466603,1.9878892943826827,1.7666452649291013,1.6190649715074448,1.4023348183885944,0.6114157668262196,0.6240412484982665,-0.052873861648222165,0.3219256204044703,0.025794756172902833,0.013474865613217757,-0.004784925423778397,-0.052194425746510786
2022-05-24,1865.0999755859373,0.19230769230769232,0.18269230769230768,0.12179487179487179,0.29615384615384616,0.2734553775743707,0.9423076923076923,0.9711538461538461,0.9807692307692307,0.9423076923076923,0.7757437070938215,0.5961538461538461,0.49038461538461536,0.40384615384615385,0.5769230769230769,0.7791762013729977,-0.8555294646245467,-0.9628216408193613,-1.0567346202957288,-0.47542976177621177,1.491824442270353,1.5156233288703647,1.4797687547595928,1.2943952477490244,0.053017994028098356,0.028966995938880077,-0.39040009021928634,-0.036714017216703934,-0.0120100931356375,-0.00943647837452155,-0.016353010776496424,-0.08315906794069383
2022-05-31,1842.699951171875,0.11538461538461539,0.11538461538461539,0.07692307692307693,0.25,0.21967963386727687,0.8653846153846154,0.9326923076923077,0.9551282051282052,0.9230769230769231,0.7305491990846682,0.5576923076923077,0.4519230769230769,0.358974358974359,0.5,0.7116704805491991,-1.175092978254501,-1.3144856575335362,-1.228189299505972,-0.6011151805705035,1.0893928962059367,1.3302006830475563,1.3692903650161106,1.2139709752527517,-0.31058534887891626,-0.36028063467184357,-0.6085004887545844,-0.2642484377034783,0.0026048998509347054,-0.018017014192007408,-0.013675558604019589,-0.06783524356230952
2022-06-07,1847.5,0.15384615384615385,0.16346153846153846,0.10897435897435898,0.2846153846153846,0.2551487414187643,0.8653846153846154,0.9326923076923077,0.9551282051282052,0.9230769230769231,0.7448512585812357,0.2692307692307692,0.2692307692307692,0.21794871794871795,0.33076923076923076,0.5949656750572082,-0.9002821543683923,-1.0500823458754818,-1.0969530056879662,-0.5108483880723806,1.130391587309344,1.3381910714369745,1.3736293008438785,1.2217349003861875,-0.7352627082833503,-0.8237320076485206,-0.8647852949297343,-0.5368777254497679,-0.020568335588633246,-0.006982421875000089,-0.046386983042963514,-0.04135319318758457
2022-06-14,1809.5,0.057692307692307696,0.038461538461538464,0.02564102564102564,0.19230769230769232,0.15331807780320367,0.9615384615384616,0.9807692307692307,0.9871794871794872,0.9538461538461539,0.7860411899313501,0.28846153846153844,0.27884615384615385,0.24358974358974358,0.3576923076923077,0.61441647597254,-1.5571098943229937,-1.7551224791439926,-1.43834944879077,-0.7701926281178579,1.4586391187278096,1.4695495809543866,1.45184939593138,1.2880452137110259,-0.6748181096731508,-0.7489237766927703,-0.8176204160698869,-0.4947498103847736,0.01387122165567134,0.0044211108040894675,-0.04763744192974584,-0.008565902182923413
2022-06-21,1834.5999755859373,0.11538461538461539,0.10576923076923077,0.07051282051282051,0.2423076923076923,0.21052631578947367,0.8461538461538461,0.9230769230769231,0.9487179487179487,0.9192307692307692,0.7482837528604119,0.3269230769230769,0.3173076923076923,0.2692307692307692,0.3730769230769231,0.631578947368421,-1.0920390466735654,-1.2689877940126708,-1.1970751756514024,-0.6043017380629545,1.071305641154927,1.2960297788732102,1.3446567396817632,1.2094585971301441,-0.6474451489389296,-0.6742838605128906,-0.772888668359226,-0.45904984029644713,-0.009320819695571969,-0.03968163508481537,-0.06791669968606773,-0.033467799646324625
2022-06-28,1817.5,0.057692307692307696,0.038461538461538464,0.02564102564102564,0.18846153846153846,0.14759725400457666,0.8653846153846154,0.9326923076923077,0.9551282051282052,0.9230769230769231,0.7551487414187643,0.25,0.27884615384615385,0.24358974358974358,0.35,0.6109839816933639,-1.5189769166882288,-1.7351247049034697,-1.417332688358107,-0.779099941048521,1.0802392336440423,1.2886871314529609,1.339346859188277,1.2086654599418218,-0.7566380741991493,-0.736263138941738,-0.8057353041897186,-0.5074984103121848,-0.030646465569119652,-0.051829409172971075,-0.05491061833734523,-0.038899560479711104
2022-07-05,1761.800048828125,0.019230769230769232,0.009615384615384616,0.00641025641025641,0.1346153846153846,0.09496567505720824,0.9807692307692307,0.9903846153846154,0.9935897435897436,0.9846153846153847,0.8192219679633868,0.2692307692307692,0.2980769230769231,0.2564102564102564,0.35384615384615387,0.6189931350114416,-2.0350496141199907,-2.365252012259107,-1.7218832131716164,-1.0215177871910588,1.5798706282042918,1.5016479378940282,1.471098316377063,1.3140549263360541,-0.7555664131748354,-0.6933886966304144,-0.7807426395735899,-0.49231328103920174,-0.021852650092505477,-0.029401775112096407,0.005278650527906548,-0.02190946565243035
2022-07-12,1723.300048828125,0.019230769230769232,0.009615384615384616,0.00641025641025641,0.09230769230769231,0.05491990846681922,1.0,1.0,1.0,1.0,0.8935926773455377,0.6346153846153846,0.5769230769230769,0.46794871794871795,0.6307692307692307,0.8157894736842105,-2.546569913775508,-3.055921440158361,-2.081496622130972,-1.312511623825602,2.4775392387030486,1.9308855516632548,1.7380039456842262,1.5276236837021036,0.25081406162477093,0.3545434225526209,-0.1990238098085893,0.12178326497194104,-0.0077177789423085175,-0.003249635871627854,0.04102590910964832,-0.013288471981205419
2022-07-19,1710.0,0.019230769230769232,0.009615384615384616,0.00641025641025641,0.08461538461538462,0.03775743707093822,1.0,1.0,1.0,1.0,0.914187643020595,0.5576923076923077,0.5192307692307693,0.4166666666666667,0.5269230769230769,0.7528604118993135,-2.6581610169825156,-3.3207188946272974,-2.247160359946408,-1.4624517792023966,2.557236472035108,2.014057490273151,1.795018245415285,1.5786000600115941,-0.1787339769713258,-0.0459186401899387,-0.4228084196196456,-0.12869827049802934,0.0045028954221491,0.035730979874817326,0.03695903577302628,-0.0029239766081871066
2022-07-26,1717.699951171875,0.019230769230769232,0.009615384615384616,0.00641025641025641,0.08461538461538462,0.036613272311212815,0.9807692307692307,0.9903846153846154,0.9935897435897436,0.9961538461538462,0.9130434782608695,0.1346153846153846,0.21153846153846154,0.16025641025641027,0.26153846153846155,0.5572082379862701,-2.4513184196948776,-3.149041273069363,-2.2060442085273824,-1.45446214498607,2.3511868997944325,1.9514087996347982,1.7632668742776536,1.5619062393888676,-1.0438084502226392,-0.9228621988038658,-0.9007954579612413,-0.6528466755754274,0.031088097998507314,0.04441989346047914,0.01694131599433124,-0.0337660835121002
2022-08-02,1771.0999755859375,0.07692307692307693,0.038461538461538464,0.02564102564102564,0.1346153846153846,0.08695652173913043,0.9423076923076923,0.9711538461538461,0.9807692307692307,0.9884615384615385,0.879862700228833,0.019230769230769232,0.028846153846153848,0.019230769230769232,0.08846153846153847,0.4096109839816934,-1.4622273610751046,-1.965927691373894,-1.603500543245927,-1.0062167999012355,1.7806914316413827,1.6796439019458904,1.5955378771860091,1.4368273924798616,-1.6566892250273793,-1.5606885725014839,-1.2469526385773042,-1.0442611336663792,0.012929831590385854,0.0011856900315538876,-0.027045353212325374,-0.08153126667301225
2022-08-09,1794.0,0.17307692307692307,0.10576923076923077,0.07051282051282051,0.2153846153846154,0.17391304347826086,0.9230769230769231,0.9615384615384616,0.9743589743589743,0.9769230769230769,0.8455377574370709,0.019230769230769232,0.019230769230769232,0.01282051282051282,0.06923076923076923,0.38100686498855835,-0.8235794264184285,-1.1513733505469594,-1.1737931965730188,-0.6869620761641957,1.214264985067644,1.381497989118711,1.4085724868415082,1.2960485607003616,-1.7584469696918907,-1.6651512252806895,-1.30823868635277,-1.1271088708020718,-0.011594230116011683,-0.026309894744634854,-0.05217389943474782,-0.04063546511374716
2022-08-16,1773.199951171875,0.15384615384615385,0.09615384615384616,0.0641025641025641,0.20384615384615384,0.14988558352402745,0.9230769230769231,0.9615384615384616,0.9743589743589743,0.9807692307692307,0.8535469107551488,0.038461538461538464,0.038461538461538464,0.02564102564102564,0.08076923076923077,0.38443935926773454,-0.9185698997546521,-1.263666473647344,-1.2372263024059438,-0.7357626314479054,1.3284255176408812,1.4359280586783478,1.4452050385348036,1.3295859826203116,-1.7025094713935462,-1.6154282428309985,-1.2853261625089096,-1.1165045820233945,-0.014888282805502473,-0.028197609619240005,-0.03846151198391523,-0.05329348218036367
2022-08-23,1746.800048828125,0.11538461538461539,0.057692307692307696,0.038461538461538464,0.16153846153846155,0.10411899313501144,0.9230769230769231,0.9615384615384616,0.9743589743589743,0.9846153846153847,0.8695652173913043,0.057692307692307696,0.04807692307692308,0.03205128205128205,0.09230769230769231,0.40274599542334094,-1.239743651457327,-1.6707036669302238,-1.4677797719571781,-0.9093793519399075,1.4591722350000689,1.5056613784512998,1.4921267042806625,1.3729637160205477,-1.5635820931885196,-1.49190326664356,-1.2202756929716254,-1.0567716452386129,-0.013510474580123,-0.026562871031055257,-0.04986266041993914,-0.055988118899891304
2022-08-30,1723.199951171875,0.07692307692307693,0.038461538461538464,0.02564102564102564,0.1346153846153846,0.07894736842105263,0.9230769230769231,0.9615384615384616,0.9743589743589743,0.9846153846153847,0.8741418764302059,0.07692307692307693,0.057692307692307696,0.038461538461538464,0.09615384615384616,0.4073226544622426,-1.4376265261100802,-1.9337829800436657,-1.6313310098329579,-1.033784723164929,1.4632261618084634,1.51132761232342,1.5006807462566378,1.3849019962646707,-1.4829682620753815,-1.427562144245422,-1.1866357576553017,-1.0297585405813314,-0.01323115564291144,-0.01056171755314761,-0.05600046583936735,-0.0408541691844142
2022-09-06,1700.4000244140625,0.057692307692307696,0.028846153846153848,0.019230769230769232,0.1,0.05263157894736842,0.9615384615384616,0.9807692307692307,0.9871794871794872,0.9923076923076923,0.9096109839816934,0.11538461538461539,0.10576923076923077,0.07051282051282051,0.13076923076923078,0.4405034324942792,-1.805628772451505,-2.412058905982378,-1.927602396817777,-1.2661883605181883,1.7916414739615074,1.7060472946402658,1.6316505965388932,1.49326074279092,-1.3027624481149027,-1.2465651116238163,-1.0860708094304938,-0.9290458662523101,0.0027052314278357414,-0.023935587307587936,0.012173577319847473,-0.032580583167865274
2022-09-13,1705.0,0.057692307692307696,0.028846153846153848,0.019230769230769232,0.09230769230769231,0.038901601830663615,0.9423076923076923,0.9711538461538461,0.9807692307692307,0.9884615384615385,0.8981693363844394,0.11538461538461539,0.09615384615384616,0.0641025641025641,0.12307692307692308,0.43135011441647597,-1.9577877838069244,-2.635732367243541,-2.0925240044502993,-1.402979910568856,1.6258212778418004,1.6278252818064005,1.58842232888822,1.46281632360503,-1.3120017946596083,-1.2736384832396568,-1.100376873866832,-0.9532241053768712,-0.02656894359420825,-0.04592378230388561,-0.015425248579545414,0.004164208554802151
2022-09-20,1659.699951171875,0.019230769230769232,0.009615384615384616,0.00641025641025641,0.07307692307692308,0.02517162471395881,1.0,1.0,1.0,1.0,0.9553775743707094,0.15384615384615385,0.14423076923076922,0.09615384615384616,0.1576923076923077,0.459954233409611,-2.2292591570398623,-2.9941736035683046,-2.3761402149256705,-1.6244542116156233,2.1933715963294445,1.9838889504478001,1.8410300257261478,1.6626358592267134,-1.1739744107909882,-1.121141563048967,-1.0147073511678408,-0.8683443084441104,-0.01988311199063386,0.036994653383407794,-0.006446919013475938,0.06874742484368124
2022-09-27,1626.699951171875,0.019230769230769232,0.009615384615384616,0.00641025641025641,0.06538461538461539,0.019450800915331808,1.0,1.0,1.0,1.0,0.9748283752860412,0.057692307692307696,0.04807692307692308,0.03205128205128205,0.09230769230769231,0.39816933638443935,-2.2314711960652356,-2.9990025941290717,-2.431464468258212,-1.6903537192011222,2.377262044367349,2.1381251439458726,1.9591497333964651,1.7635019635121263,-1.3931724949694337,-1.3759930176835045,-1.1577378121010664,-1.0335804260320438,0.058031614463415204,0.031966559021864516,0.016044813696248994,0.06860521362643013
2022-10-04,1721.0999755859375,0.1346153846153846,0.0673076923076923,0.04487179487179487,0.11538461538461539,0.05377574370709382,0.9615384615384616,0.9807692307692307,0.9871794871794872,0.9923076923076923,0.9450800915331807,0.019230769230769232,0.009615384615384616,0.00641025641025641,0.019230769230769232,0.2894736842105263,-1.4198592906151348,-1.9800550544981654,-1.79146353974525,-1.2180598674969565,1.834294877212717,1.8181714291213829,1.755640443505448,1.6092212211145964,-1.7370320258180794,-1.7866859946090725,-1.3936322433894255,-1.3015864759865212,-0.024635422122778028,-0.041891799784258055,-0.04421589487271349,0.015861977349009626
2022-10-11,1678.699951171875,0.17307692307692307,0.08653846153846154,0.057692307692307696,0.12307692307692308,0.05606407322654462,0.9423076923076923,0.9711538461538461,0.9807692307692307,0.9884615384615385,0.9210526315789473,0.019230769230769232,0.009615384615384616,0.00641025641025641,0.019230769230769232,0.2448512585812357,-1.3431949203707385,-1.8914875824714907,-1.7421427714515771,-1.1921148811480928,1.5315382703572136,1.6375752656724532,1.636678318612246,1.523506891206719,-1.7813373129980004,-1.8627280438819676,-1.4445181353380936,-1.3696086075916314,-0.0176922332970475,-0.015428547743549847,0.019896363486962887,0.053970393930733884
2022-10-18,1649.0,0.057692307692307696,0.028846153846153848,0.019230769230769232,0.09230769230769231,0.03318077803203661,0.9807692307692307,0.9903846153846154,0.9935897435897436,0.9961538461538462,0.9622425629290617,0.038461538461538464,0.019230769230769232,0.01282051282051282,0.023076923076923078,0.26773455377574373,-1.6677205896073086,-2.317065685729341,-2.045796893716936,-1.4363643737044118,1.879704505215259,1.895472849877262,1.8178301615178316,1.6726118353959878,-1.6603557483350302,-1.7447759383940926,-1.3830748051713808,-1.31490452033355,0.0023044565361582947,-0.0024257125530624535,0.07568226126629773,0.10000001480537457
2022-10-25,1652.800048828125,0.038461538461538464,0.019230769230769232,0.01282051282051282,0.07307692307692308,0.02288329519450801,1.0,1.0,1.0,1.0,0.9816933638443935,0.11538461538461539,0.07692307692307693,0.05128205128205128,0.1,0.39244851258581237,-1.8187379202609348,-2.5350275109704983,-2.22530218805732,-1.5882660957452799,2.061205387400538,2.054298602666137,1.936865028308443,1.7772213041935188,-1.2218989863075311,-1.2466042722288628,-1.098831570718819,-1.0162134612158467,-0.004719293682049042,0.03587846382256443,0.051730395373972504,0.09868100845082828
2022-11-01,1645.0,0.038461538461538464,0.019230769230769232,0.01282051282051282,0.07307692307692308,0.021739130434782608,1.0,1.0,1.0,1.0,0.9851258581235698,0.25,0.18269230769230768,0.12179487179487179,0.16153846153846155,0.45080091533180777,-1.769218677116043,-2.4924713996681986,-2.2282495406735627,-1.6065704788341708,2.025727100147729,2.0642875737714186,1.9557099526993071,1.802970652757397,-0.991094421862035,-0.9805073468938669,-0.9468361122588519,-0.8582203116999287,0.04079025871485564,0.07829790202317621,0.06285715769851818,0.10322191418123094
2022-11-08,1712.0999755859375,0.17307692307692307,0.08653846153846154,0.057692307692307696,0.11538461538461539,0.04233409610983982,0.9038461538461539,0.9519230769230769,0.967948717948718,0.9807692307692307,0.948512585812357,0.3076923076923077,0.3557692307692308,0.2564102564102564,0.31153846153846154,0.5606407322654462,-1.2590922600733774,-1.8515629392146746,-1.7848352855355671,-1.2792877237792273,1.399094285521371,1.6260770781383997,1.6507100277910196,1.5742310764003422,-0.5763268427616983,-0.5018716735830855,-0.6670113553737658,-0.5662736313132685,0.03603765791835367,0.015302887457387504,0.03340930673316067,0.07452834379152917
2022-11-15,1773.800048828125,0.34615384615384615,0.17307692307692307,0.11538461538461539,0.2153846153846154,0.11441647597254005,0.6538461538461539,0.8269230769230769,0.8846153846153846,0.9230769230769231,0.8329519450800915,0.34615384615384615,0.4230769230769231,0.3269230769230769,0.36923076923076925,0.6006864988558352,-0.45877517091482795,-0.8697785460664714,-1.083260781745433,-0.7443591314405047,0.3266928216400226,0.8571983300165928,1.113750889453308,1.1532029102765202,-0.4230985121059652,-0.3422936918728076,-0.571124691050589,-0.4727767408070511,-0.020013529723067358,-0.014319553340210622,0.022606818402350237,0.05513582369243064
2022-11-22,1738.300048828125,0.3269230769230769,0.16346153846153846,0.10897435897435898,0.20384615384615384,0.10068649885583524,0.5769230769230769,0.7884615384615384,0.8589743589743589,0.8846153846153846,0.7951945080091534,0.07692307692307693,0.038461538461538464,0.02564102564102564,0.06153846153846154,0.36384439359267734,-0.5460763271560117,-0.9905933243797701,-1.1707502434308834,-0.8142281275912461,0.10008268961553843,0.7011348594692045,1.0037370992798813,1.070702852654576,-1.2365584984432945,-1.3265020707452762,-1.1596682323265592,-1.0897429633902211,0.005810260198028772,0.017833515002716904,0.04464130092975127,0.09716383685176444
2022-11-29,1748.4000244140625,0.28846153846153844,0.14423076923076922,0.09615384615384616,0.17692307692307693,0.08237986270022883,0.6538461538461539,0.8269230769230769,0.8846153846153846,0.9230769230769231,0.8409610983981693,0.038461538461538464,0.019230769230769232,0.01282051282051282,0.023076923076923078,0.2585812356979405,-0.6096781144006779,-1.0784760418271837,-1.2383158140229704,-0.8676487393929115,0.30490560081834317,0.8434515525304255,1.0986231323658966,1.1494301230329704,-1.4681435295049756,-1.6364572953490055,-1.3600821631433675,-1.3009807422136719,0.01195380011566094,0.03746282262947864,0.03797759293461178,0.10609700149264545
2022-12-06,1769.300048828125,0.38461538461538464,0.19230769230769232,0.1282051282051282,0.2153846153846154,0.10869565217391304,0.5961538461538461,0.7980769230769231,0.8653846153846154,0.9076923076923077,0.8237986270022883,0.019230769230769232,0.009615384615384616,0.00641025641025641,0.015384615384615385,0.20251716247139587,-0.4217020192395555,-0.8612270403401554,-1.0786138486596066,-0.7529779066922097,0.20850761408497234,0.7734068871488988,1.047588324599057,1.1102794775581344,-1.6110956345093894,-1.8383160584458726,-1.5016574755356886,-1.4542420055227332,0.025207694769170397,0.026338085287909374,0.03978969106476793,0.09054425295357982
2022-12-13,1813.9000244140625,0.4807692307692308,0.2692307692307692,0.1794871794871795,0.27692307692307694,0.15560640732265446,0.6346153846153846,0.8173076923076923,0.8782051282051282,0.9192307692307692,0.8352402745995423,0.09615384615384616,0.04807692307692308,0.03205128205128205,0.03461538461538462,0.28832951945080093,-0.1441082734173264,-0.5292207010397482,-0.8332944353348803,-0.5734510284635715,0.2587500657271437,0.8078642890907622,1.0678226128651285,1.1270083272191755,-1.2982247077028843,-1.4827860331909297,-1.2953437937919507,-1.2496567387609598,0.0011025966001880771,0.0004961819295157266,0.03180988499656334,0.031865001367141765
2022-12-20,1815.9000244140625,0.5,0.27884615384615385,0.1858974358974359,0.28076923076923077,0.16247139588100687,0.5769230769230769,0.7884615384615384,0.8589743589743589,0.9038461538461539,0.8272311212814645,0.09615384615384616,0.04807692307692308,0.03205128205128205,0.03461538461538462,0.28489702517162474,-0.10065075817262757,-0.4785047927554058,-0.7972812297200537,-0.5490344919763288,0.18807488083308596,0.7587764757085682,1.0324557616737902,1.0991197389885927,-1.2630434018047023,-1.459905562596927,-1.3039186449840747,-1.252412115161637,-0.0006057467763360691,0.013106408082951715,0.05027805800447216,0.020981317844428915
2022-12-27,1814.800048828125,0.6153846153846154,0.3942307692307692,0.26282051282051283,0.35,0.2219679633867277,0.4423076923076923,0.7115384615384616,0.8076923076923077,0.8384615384615385,0.7700228832951945,0.15384615384615385,0.07692307692307693,0.05128205128205128,0.046153846153846156,0.30663615560640733,0.1393582873762742,-0.19524515443908516,-0.5849873102866281,-0.3954743153513842,-0.11504838471040699,0.5344023044928524,0.887074454002683,0.9843929473597398,-1.165192298787631,-1.3593745309318312,-1.2733015080187013,-1.2004285001134891,0.013720465987329344,0.03129817347894037,0.06562705112491285,0.010028626119790607
2023-01-03,1839.699951171875,0.6346153846153846,0.4326923076923077,0.28846153846153844,0.3769230769230769,0.2402745995423341,0.38461538461538464,0.6730769230769231,0.782051282051282,0.8192307692307692,0.7540045766590389,0.17307692307692307,0.08653846153846154,0.057692307692307696,0.07692307692307693,0.36041189931350115,0.2213995367641141,-0.0963515450623662,-0.5103713123444857,-0.34292418987031054,-0.2197699073292554,0.4499559252813068,0.8338245593831429,0.9444053932314292,-0.9782521384368794,-1.1394726554005132,-1.1553134491878783,-1.0666519486742536,0.01733979739127678,0.03669076577243091,0.04881233419119413,-0.005870482711560099
2023-01-10,1871.5999755859373,0.6923076923076923,0.5096153846153846,0.33974358974358976,0.4153846153846154,0.2780320366132723,0.28846153846153844,0.5961538461538461,0.7307692307692307,0.7769230769230769,0.7036613272311213,0.4230769230769231,0.3557692307692308,0.2564102564102564,0.28846153846153844,0.528604118993135,0.3676334316144239,0.07651150085032493,-0.3688072716052475,-0.24516847012835213,-0.5177294959495164,0.20547826979638456,0.6811720808712163,0.828778389667369,-0.4139100903273665,-0.4413098232110477,-0.6743984325392289,-0.6290395055716106,0.019021145570806253,0.03328705366573925,5.341717634199661e-05,-0.03082921132963301
2023-01-17,1907.199951171875,0.75,0.5961538461538461,0.3974358974358974,0.45,0.30892448512585813,0.36538461538461536,0.6634615384615384,0.7756410256410257,0.8153846153846154,0.7528604118993135,0.4807692307692308,0.47115384615384615,0.3525641025641026,0.3576923076923077,0.5789473684210527,0.5164593003053057,0.2558720662048543,-0.21552748985055276,-0.14226460536252106,-0.23366909602260016,0.4198501883572068,0.8170789204012437,0.9377740255954045,-0.2240598438374999,-0.21092704661593256,-0.5096887605233639,-0.48592509817094764,0.013999619298323607,0.01169255945839498,-0.027894270414167366,-0.0005243288724842143
2023-01-24,1933.9000244140625,0.7884615384615384,0.6826923076923077,0.47435897435897434,0.5,0.35583524027459956,0.46153846153846156,0.7307692307692307,0.8205128205128205,0.85,0.7803203661327232,0.5961538461538461,0.5769230769230769,0.4423076923076923,0.4346153846153846,0.6281464530892449,0.7352193260877852,0.5070278281250612,-5.6410683346945954e-05,-0.0009926326429902754,-0.12182058995470357,0.5213469313923578,0.8797494987183808,0.9895666535347899,-0.06310785005446554,-0.029366997558077732,-0.36009380246039885,-0.37360509966445654,-0.0022752077969467877,-0.03216302417754657,-0.052174374652398825,0.0021200556048288632
2023-01-31,1929.5,0.8076923076923077,0.7403846153846154,0.5256410256410257,0.5346153846153846,0.38558352402745993,0.6346153846153846,0.8173076923076923,0.8782051282051282,0.9192307692307692,0.8363844393592678,0.4230769230769231,0.28846153846153844,0.19230769230769232,0.2153846153846154,0.47368421052631576,0.8068902232376363,0.6154138608319322,0.10162053097892014,0.06312835748804473,0.1635953037074568,0.757518060620249,1.0198964630137553,1.0997281141460176,-0.5355390860216283,-0.6286709831020725,-0.8559724808451953,-0.7506739030498855,-0.029955972442666456,-0.03912930811090953,-0.05213784689605472,0.022233751963753656
2023-02-07,1871.699951171875,0.6538461538461539,0.49038461538461536,0.3269230769230769,0.4076923076923077,0.2643020594965675,0.7307692307692307,0.8653846153846154,0.9102564102564102,0.9461538461538461,0.8752860411899314,0.15384615384615385,0.07692307692307693,0.05128205128205128,0.046153846153846156,0.30549199084668194,0.32492843102469293,0.037195644118533065,-0.37467287557352336,-0.254420595636389,0.5108569728989488,1.0629045772051249,1.1956992662056798,1.2353135528131785,-1.0490032200249366,-1.291173418690727,-1.4270584051857578,-1.1731618645870374,-0.009456617852019011,-0.020676364899002597,-0.030880978931277836,0.08040818717004905
2023-02-14,1854.0,0.5384615384615384,0.3076923076923077,0.20512820512820512,0.29615384615384616,0.17734553775743708,0.75,0.875,0.9166666666666666,0.95,0.8832951945080092,0.038461538461538464,0.019230769230769232,0.01282051282051282,0.019230769230769232,0.2151029748283753,-0.010518590926200198,-0.39016543175538976,-0.7396060014303062,-0.4881276460107637,0.5513770047706879,1.119310172196632,1.2316091379147467,1.2572227851782625,-1.230809537656839,-1.5483245116995887,-1.701697914981602,-1.3462697198514508,-0.01132686084142398,-0.013538282408812052,0.028155313469188314,0.08133767466457664
2023-02-21,1833.0,0.46153846153846156,0.25961538461538464,0.17307692307692307,0.2692307692307692,0.15217391304347827,0.75,0.875,0.9166666666666666,0.95,0.88558352402746,0.038461538461538464,0.019230769230769232,0.01282051282051282,0.019230769230769232,0.2036613272311213,-0.06267023290359122,-0.48762939248445575,-0.8315535087342324,-0.5412522035143241,0.5301039113223779,1.11743133531931,1.241058367963977,1.2553747366952899,-1.255120064600526,-1.590758210376378,-1.8141997067103786,-1.381874699857637,-0.0022367570026936567,-0.010420063058340201,0.05728314238952548,0.09514458505949941
2023-02-28,1828.9000244140625,0.4230769230769231,0.21153846153846154,0.14102564102564102,0.23461538461538461,0.11670480549199085,0.75,0.875,0.9166666666666666,0.95,0.8901601830663616,0.07692307692307693,0.038461538461538464,0.02564102564102564,0.026923076923076925,0.21967963386727687,-0.23589768239118764,-0.7200645440005164,-1.0475452554392723,-0.6677531060303212,0.5444951290743834,1.1371499260108644,1.2660262575809054,1.2645889681172278,-1.1551799688414386,-1.4812449555197875,-1.752060132872037,-1.3168667907329177,-0.008201651156304002,0.042265802245028405,0.07846246272864166,0.09027282704467776
2023-03-07,1813.9000244140625,0.28846153846153844,0.14423076923076922,0.09615384615384616,0.17692307692307693,0.08123569794050343,0.7307692307692307,0.8653846153846154,0.9102564102564102,0.9461538461538461,0.8878718535469108,0.38461538461538464,0.21153846153846154,0.14102564102564102,0.14615384615384616,0.40389016018306634,-0.47235054658411235,-0.9997353185999714,-1.3159503649813271,-0.8204591096136978,0.4934613219182354,1.0997070228769037,1.2494158208288322,1.2501631153968498,-0.5677541591619217,-0.8231011509058105,-1.0975801589385346,-0.8923419533202964,0.05088479272038593,0.06841610558223854,0.11483539553129396,0.1104801927982757
2023-03-14,1906.199951171875,0.75,0.5096153846153846,0.358974358974359,0.4269230769230769,0.2654462242562929,0.5769230769230769,0.7884615384615384,0.8589743589743589,0.9076923076923077,0.8466819221967964,0.40384615384615385,0.22115384615384615,0.14743589743589744,0.15,0.4061784897025172,0.6268640168044198,0.05728374910759831,-0.29483965550071833,-0.22633627360357983,-0.08177390123264353,0.7017796269757254,1.017035264799201,1.0820750312704654,-0.5303629228098177,-0.8056988315598899,-1.0718964369068222,-0.8789029965862044,0.01668243082714138,0.03472881908400516,0.05172599946591827,0.0681985118717896
2023-03-21,1938.0,0.9038461538461539,0.7115384615384616,0.532051282051282,0.5346153846153846,0.36727688787185353,0.3269230769230769,0.6634615384615384,0.7756410256410257,0.823076923076923,0.7837528604118993,0.5384615384615384,0.3269230769230769,0.22435897435897437,0.23076923076923078,0.4645308924485126,1.1892722054758462,0.5521686709381632,0.20314526095813554,0.058688680976786416,-0.6117515546724537,0.37265036468491497,0.8254902972737875,0.947532142936385,-0.2730776506509556,-0.5791725117003383,-0.8347135438316974,-0.7318843315950316,0.017750270595491502,0.04344682723006965,0.035810126116647245,0.02600620454801983
2023-03-28,1972.4000244140625,0.9423076923076923,0.8365384615384616,0.7371794871794872,0.6653846153846154,0.47254004576659037,0.1346153846153846,0.5480769230769231,0.6987179487179487,0.7692307692307693,0.7459954233409611,0.5769230769230769,0.375,0.28846153846153844,0.29615384615384616,0.5102974828375286,1.6483298558273947,0.9554907974412411,0.6258118520829125,0.29494404258463336,-0.9224833147788888,0.17210586382817034,0.7056012610772331,0.8654373918435,-0.04449112303107498,-0.4021326022361415,-0.6486874891478647,-0.6152762342563193,0.025248390864630155,0.016426700473037847,0.010951113018949687,0.0
2023-04-04,2022.199951171875,0.9807692307692307,0.9230769230769231,0.8461538461538461,0.7346153846153847,0.540045766590389,0.5769230769230769,0.7884615384615384,0.8589743589743589,0.9115384615384615,0.8489702517162472,0.5769230769230769,0.3557692307692308,0.28205128205128205,0.2846153846153846,0.5022883295194508,1.9025532677971924,1.1932940825465355,0.8923465150274981,0.4395877244378336,-0.16785075657233914,0.6763620307673668,1.0001088185614102,1.0757865961168849,-0.05548809924004828,-0.44702741652593586,-0.69026316003276,-0.6404485996236571,-0.008604442074912844,-0.0073187257022906405,-0.003906588138908762,-0.031747578242532715
2023-04-11,2004.800048828125,0.9807692307692307,0.8557692307692307,0.7884615384615384,0.7,0.5045766590389016,0.5769230769230769,0.7884615384615384,0.8589743589743589,0.9115384615384615,0.8524027459954233,0.5769230769230769,0.34615384615384615,0.28205128205128205,0.2846153846153846,0.5011441647597255,1.7930347781514429,1.0484167936874818,0.7796427680178775,0.36890056917519864,-0.1047992039323671,0.7248468478011789,1.0253916119307411,1.098656676830831,-0.01101453518712788,-0.45156161243091664,-0.6883055455688736,-0.6386094331894014,0.0012968752606812295,-0.005387095253932217,0.015662361122798396,-0.019602976791175397
2023-04-18,2007.4000244140625,0.9615384615384616,0.8461538461538461,0.782051282051282,0.6923076923076923,0.49084668192219677,0.5961538461538461,0.7980769230769231,0.8653846153846154,0.9192307692307692,0.8604118993135011,0.6538461538461539,0.3942307692307692,0.3269230769230769,0.3346153846153846,0.5320366132723112,1.74259942575055,0.9894143488847462,0.7475659798776517,0.3436860480773451,-0.03788386814738562,0.7734130748250428,1.0502254715416193,1.1198268681133248,0.18628064810963738,-0.3364250764629409,-0.5676112657884828,-0.5619633672638354,-0.006675313465722366,0.0034372941766185328,-0.00946497946045699,-0.03128427222494223
2023-04-25,1994.0,0.9615384615384616,0.8461538461538461,0.7884615384615384,0.6923076923076923,0.4919908466819222,0.5384615384615384,0.7692307692307693,0.8461538461538461,0.9038461538461539,0.851258581235698,0.5769230769230769,0.3269230769230769,0.25,0.25384615384615383,0.482837528604119,1.7084731465566965,0.9759828385695917,0.7631858276693185,0.34196736646083514,-0.16794327648528154,0.6889680881391194,1.0001080255233163,1.0851096915113685,-0.01077928114044667,-0.523522339280788,-0.751520094806235,-0.6791151274759875,0.010180566112399703,0.021163465983889074,-0.01083248524871494,-0.029338014042126326
2023-05-02,2014.300048828125,1.0,0.9230769230769231,0.8910256410256411,0.75,0.5537757437070938,0.5192307692307693,0.7596153846153846,0.8397435897435898,0.9,0.8501144164759725,0.75,0.5192307692307693,0.4358974358974359,0.41923076923076924,0.5903890160183066,1.8983644731993388,1.204954747769259,1.032243583567726,0.4823989750030487,-0.23112200129891455,0.6407037789143674,0.9702455975900195,1.0653502398241272,0.6345108353847096,-0.10229277833883524,-0.32264806914394756,-0.40749913285611405,0.010872214572248406,-0.012858076645100858,-0.027950179945077758,-0.04979399612608726
2023-05-09,2036.199951171875,0.9807692307692307,0.9134615384615384,0.8717948717948718,0.7346153846153847,0.5423340961098398,0.4230769230769231,0.7115384615384616,0.8076923076923077,0.8769230769230769,0.8386727688787186,0.9230769230769231,0.7596153846153846,0.6153846153846154,0.5961538461538461,0.7288329519450801,1.7600557788202233,1.129159948494667,0.9686542406903826,0.4413159641188447,-0.3752421999829836,0.5444978297777222,0.9128275716101362,1.0257093975292646,1.509762109504319,0.4143956569383469,0.19878276329830877,-0.07560583258975069,-0.02347506527062959,-0.03133283974449286,-0.034721516976358724,-0.05623219857858408
2023-05-16,1988.4000244140625,0.9230769230769231,0.8269230769230769,0.7948717948717948,0.6846153846153846,0.4965675057208238,0.5769230769230769,0.7884615384615384,0.8589743589743589,0.9115384615384615,0.8569794050343249,0.9423076923076923,0.7692307692307693,0.6410256410256411,0.6076923076923076,0.7448512585812357,1.5340271692052978,0.9665867646771945,0.8072569595070089,0.3453421553917449,-0.114329680398164,0.6996100096697297,0.9987102108127435,1.085842535632564,1.7005760988437129,0.47369767318098327,0.25978937918680844,-0.03855282973885504,-0.008046670591203009,-0.015288686401530693,-0.02202778529990823,-0.028716543394110894
2023-05-23,1972.4000244140625,0.8461538461538461,0.7596153846153846,0.6858974358974359,0.6115384615384616,0.43592677345537756,0.7884615384615384,0.8942307692307693,0.9294871794871795,0.9576923076923077,0.9050343249427918,0.6538461538461539,0.36538461538461536,0.3141025641025641,0.3076923076923077,0.5125858123569794,1.2584412931742965,0.727716829607836,0.5504230824110362,0.20092807369114654,0.6755825909559454,1.211447391032907,1.2786298430529308,1.2849890705648432,0.32523659986709397,-0.4049034904038313,-0.6259378817133023,-0.6034894378834603,-0.007300762642375447,-0.003498288546265993,-0.018708184930703586,0.0024335462879738756
2023-05-30,1958.0,0.8269230769230769,0.7211538461538461,0.6089743589743589,0.5615384615384615,0.39244851258581237,0.5961538461538461,0.7980769230769231,0.8653846153846154,0.9192307692307692,0.8729977116704806,0.2692307692307692,0.1346153846153846,0.08974358974358974,0.09615384615384616,0.36270022883295194,1.0873066774734876,0.5901613922591923,0.39757175874752304,0.11458325070480023,0.12743363020085915,0.8577364125610072,1.0762495926330522,1.1438886862398647,-0.6668117013521992,-1.0038952681155313,-1.2342734029587152,-0.9937066454649799,0.003830439223697635,-0.006843730548550919,-0.022471910112359605,0.0020939609734103026
2023-06-06,1965.5,0.8461538461538461,0.7788461538461539,0.6923076923076923,0.6115384615384616,0.43821510297482835,0.6923076923076923,0.8461538461538461,0.8974358974358975,0.9384615384615385,0.8867276887871853,0.15384615384615385,0.07692307692307693,0.05128205128205128,0.046153846153846156,0.2814645308924485,1.2051009900674263,0.7477174480124055,0.5597316178693524,0.2010605193802844,0.2724809295977526,0.9505740580501774,1.1221607563534273,1.1772278680309625,-1.089210249234818,-1.255286328722963,-1.4948122879062307,-1.1667245135950515,-0.010633439030304115,-0.015263291783261246,-0.02228443084615872,-0.012617679383426617
2023-06-13,1944.5999755859373,0.7307692307692307,0.5961538461538461,0.47435897435897434,0.4653846153846154,0.32837528604118993,0.75,0.875,0.9166666666666666,0.95,0.897025171624714,0.11538461538461539,0.057692307692307696,0.038461538461538464,0.038461538461538464,0.2528604118993135,0.774978051215423,0.3267497244660625,0.11048731958163578,-0.04913878196753392,0.5325582394279902,1.112906573673167,1.2056998716518597,1.2387595685910608,-1.1623327784236375,-1.305336671082066,-1.5462209295399894,-1.2076922088457207,-0.004679613133901861,-0.015735871629185327,-0.0068394152652423434,-0.010542013914107473
2023-06-20,1935.5,0.7307692307692307,0.6057692307692307,0.48717948717948717,0.46923076923076923,0.3340961098398169,0.7692307692307693,0.8846153846153846,0.9230769230769231,0.9538461538461539,0.9004576659038902,0.25,0.125,0.08333333333333333,0.06538461538461539,0.2951945080091533,0.7897736058821221,0.3553776636944066,0.15364357492107744,-0.03468601075879117,0.5349007970529892,1.1106259836801322,1.2013069313691749,1.2379187936654745,-0.9456257158200589,-1.1941689680266563,-1.4202391833607062,-1.1368129308374475,-0.011108240764660327,-0.007129965811482841,0.02154479523217523,-0.01704985791785063
2023-06-27,1914.0,0.6923076923076923,0.5384615384615384,0.44871794871794873,0.4423076923076923,0.3112128146453089,0.7884615384615384,0.8942307692307693,0.9294871794871795,0.9576923076923077,0.9073226544622426,0.11538461538461539,0.057692307692307696,0.038461538461538464,0.038461538461538464,0.2471395881006865,0.6361555052297364,0.2086321864032049,0.009265753620394925,-0.12248523722433924,0.5780430705743764,1.1332949988100838,1.2109748734931063,1.2466718727726207,-1.1193287455351275,-1.3087464970241471,-1.5235502147102853,-1.2117893100590185,0.004022962994709944,0.009038687997975359,0.02513060375440812,-0.009195389543331989
2023-07-03,1921.699951171875,0.7692307692307693,0.6730769230769231,0.5833333333333334,0.5269230769230769,0.38215102974828374,0.6923076923076923,0.8461538461538461,0.8974358974358975,0.9384615384615385,0.8958810068649885,0.3269230769230769,0.16346153846153846,0.10897435897435898,0.10384615384615385,0.35469107551487417,0.8930432429026399,0.5138966673024119,0.3531044592727791,0.051360623619136965,0.4209734133290751,1.0308524375510746,1.15121882105691,1.207532367335999,-0.5209520570284232,-0.9766794153352533,-1.1799034298673594,-0.9946971523796956,0.004995627777580891,0.02888067929967697,0.009887079399889531,0.007701539888732345
2023-07-11,1931.300048828125,0.75,0.6730769230769231,0.5833333333333334,0.5230769230769231,0.37986270022883295,0.6730769230769231,0.8269230769230769,0.8846153846153846,0.9307692307692308,0.8913043478260869,0.8269230769230769,0.4230769230769231,0.3717948717948718,0.35,0.5354691075514875,0.8443175131194377,0.4989296988370047,0.3468643975321957,0.03661195614077136,0.23566746622056442,0.898427984541187,1.0755567465044908,1.1567913150534945,0.8373082213687802,-0.26988871518233437,-0.4566223453265411,-0.5324601681642908,0.023766323814676582,0.01594776884953797,-0.0037280966500035095,-0.0026407588294448114
2023-07-18,1977.199951171875,1.0,0.9326923076923077,0.9423076923076923,0.7538461538461538,0.5606407322654462,0.17307692307692307,0.5480769230769231,0.6987179487179487,0.7923076923076923,0.8089244851258581,0.8076923076923077,0.41346153846153844,0.36538461538461536,0.34615384615384615,0.5308924485125858,1.4859234379235715,1.235214556241017,1.1818246102415122,0.46800383650199245,-0.8918785305272701,0.16851789185926183,0.6758450132209268,0.8862306006559316,0.875548386029523,-0.2895449411010056,-0.46834562750404996,-0.545499255102057,-0.007637050353449637,-0.01846044957585935,-0.037780676217193276,-0.03332991299372201
2023-07-25,1962.0999755859373,0.8269230769230769,0.7788461538461539,0.7435897435897436,0.6153846153846154,0.4462242562929062,0.19230769230769232,0.5480769230769231,0.6987179487179487,0.7961538461538461,0.8123569794050344,0.7115384615384616,0.3557692307692308,0.3076923076923077,0.2846153846153846,0.4988558352402746,1.021160034697673,0.7799659255082421,0.6826610311460538,0.19442183756696055,-0.8228934358471527,0.18103018211301009,0.6785259448633658,0.8925976919481005,0.6470360839438052,-0.4034404334375984,-0.58148963598834,-0.6248109405126605,-0.010906694195167876,-0.019367004980799796,-0.033484507410105335,-0.015340694134073685
2023-08-01,1940.699951171875,0.6730769230769231,0.6346153846153846,0.5384615384615384,0.4807692307692308,0.35697940503432496,0.5961538461538461,0.7692307692307693,0.8461538461538461,0.9076923076923077,0.8810068649885584,0.28846153846153844,0.14423076923076922,0.09615384615384616,0.07307692307692308,0.30320366132723114,0.666354634947385,0.43699975710498296,0.3027890140713897,-0.0183490942865776,0.16620252396572943,0.78775964252171,1.0042665808501274,1.117742993799468,-0.8483500799509837,-1.1247397970847965,-1.334851222812117,-1.1044819733777251,-0.008553602310297337,-0.01968359464780134,-0.002164142462794838,-0.020765665879198703
2023-08-08,1924.0999755859373,0.5,0.4230769230769231,0.34615384615384615,0.3576923076923077,0.2608695652173913,0.7884615384615384,0.875,0.9166666666666666,0.95,0.9038901601830663,0.09615384615384616,0.04807692307692308,0.03205128205128205,0.03076923076923077,0.2242562929061785,0.19867361710028908,-0.052907110124569064,-0.23482728897763938,-0.31824450461094766,0.5704795420371407,1.037704625851112,1.1367686395006034,1.2133069457688346,-1.2833304644362258,-1.3357838370482809,-1.5546707146449013,-1.2511839118197488,-0.01122601520711497,-0.01439631595205415,0.001091406690184149,-0.051712489612032675
2023-08-15,1902.5,0.36538461538461536,0.23076923076923078,0.16025641025641027,0.2,0.12471395881006865,0.8653846153846154,0.9326923076923077,0.9551282051282052,0.9730769230769231,0.9256292906178489,0.17307692307692307,0.08653846153846154,0.057692307692307696,0.05,0.2574370709382151,-0.42317688246828994,-0.704228702677266,-0.9622627215359908,-0.7285684120198247,1.0876909263822943,1.3587227910650355,1.311791346672271,1.3377578245820807,-1.021438901722939,-1.2019843699667347,-1.4121681781611441,-1.1697947470859686,-0.003206294657522979,0.01787122207621561,0.004625518437910703,-0.02181340341655713
2023-08-22,1896.4000244140625,0.21153846153846154,0.1346153846153846,0.08974358974358974,0.12307692307692308,0.07093821510297482,0.9230769230769231,0.9615384615384616,0.9743589743589743,0.9846153846153847,0.9565217391304348,0.11538461538461539,0.057692307692307696,0.038461538461538464,0.038461538461538464,0.23569794050343248,-0.8532566925773055,-1.1452723424847226,-1.4594977824694788,-1.0221538228016422,1.4641760990568022,1.5989320494830288,1.446412420608576,1.4339270640594737,-1.1205589328728214,-1.2447364214847518,-1.4607969373797989,-1.208593742476936,0.021145314843753704,0.01571394556748107,0.018772397768206606,0.013868343397611227
2023-08-29,1936.5,0.4230769230769231,0.3173076923076923,0.22435897435897437,0.25,0.16361556064073227,0.8461538461538461,0.9230769230769231,0.9487179487179487,0.9692307692307692,0.931350114416476,0.40384615384615385,0.20192307692307693,0.1346153846153846,0.11538461538461539,0.32379862700228834,-0.2210780372031094,-0.45824576358563346,-0.6895292653485806,-0.6160061261778433,1.1130790792447764,1.3683611933429707,1.3201183200915914,1.3548701587095349,-0.6108003120187186,-0.9836705182809815,-1.1851275796040257,-1.0424311905811303,-0.005318899472308236,-0.013013142872127514,-0.018641867072521356,0.019881229021430524
2023-09-05,1926.199951171875,0.4423076923076923,0.38461538461538464,0.2948717948717949,0.3038461538461538,0.21624713958810068,0.7884615384615384,0.8942307692307693,0.9294871794871795,0.9576923076923077,0.9187643020594966,0.34615384615384615,0.17307692307692307,0.11538461538461539,0.08461538461538462,0.30205949656750575,-0.005478630311419376,-0.20423821780033788,-0.40082310309822367,-0.47111558579733065,0.685057442256982,1.0745396637374114,1.155768916372859,1.2498316342689395,-0.7489192923823055,-1.0457839669041173,-1.2540706211587374,-1.0930372958302148,-0.007735387146430517,0.0030111353832171783,-0.05274632860629325,0.03063025723996371
2023-09-12,1911.300048828125,0.3269230769230769,0.25961538461538464,0.1794871794871795,0.21153846153846154,0.14187643020594964,0.8076923076923077,0.9038461538461539,0.9358974358974359,0.9615384615384616,0.9221967963386728,0.4230769230769231,0.21153846153846154,0.14102564102564102,0.11153846153846154,0.3157894736842105,-0.38099490519678425,-0.5510300403614278,-0.7900334363838125,-0.7079799683975432,0.8883118784646019,1.1919193813545088,1.2239526207848477,1.298303829882652,-0.6302953606977713,-0.9802326546204467,-1.1882311329037025,-1.0572880141564025,0.010830299085989648,-0.005702937338774028,-0.026317191201332024,0.02903782691473733
2023-09-19,1932.0,0.4230769230769231,0.36538461538461536,0.28846153846153844,0.28846153846153844,0.20251716247139587,0.7692307692307693,0.8557692307692307,0.9038461538461539,0.9423076923076923,0.9118993135011442,0.34615384615384615,0.17307692307692307,0.11538461538461539,0.08461538461538462,0.2963386727688787,-0.13623825897824143,-0.2630692726566688,-0.459127225214646,-0.5376766104414874,0.5980029145673664,0.9698198861835587,1.0947897415131507,1.2188870300170487,-0.726917675358487,-1.0251540284744516,-1.2392826621556856,-1.0957072000381525,-0.016356095023777217,-0.055590074748479656,-0.0048136898696299335,0.015424455915178603
2023-09-26,1900.4000244140625,0.21153846153846154,0.21153846153846154,0.14102564102564102,0.15384615384615385,0.10755148741418764,0.7115384615384616,0.8076923076923077,0.8717948717948718,0.9230769230769231,0.9016018306636155,0.25,0.125,0.08333333333333333,0.06538461538461539,0.2757437070938215,-0.757656555788457,-0.7988392168205738,-1.0533161722031217,-0.8979234194721221,0.49566010271689703,0.8611109089052964,1.028774711846418,1.18066284165502,-0.8011104397483092,-1.0561335250153296,-1.274297584041061,-1.1249726812251017,-0.03988636489914599,-0.02073248995364041,0.03925488035548641,0.05204168761498296
2023-10-03,1824.5999755859373,0.09615384615384616,0.09615384615384616,0.0641025641025641,0.07692307692307693,0.05148741418764302,0.8653846153846154,0.9038461538461539,0.9358974358974359,0.9615384615384616,0.9244851258581236,0.1346153846153846,0.0673076923076923,0.04487179487179487,0.04230769230769231,0.2425629290617849,-1.511987405022573,-1.4657866207375727,-1.8056550831020455,-1.3723838517850526,1.0173019843652933,1.1490647974993455,1.1959097075137524,1.2929889538298824,-0.962561691292584,-1.1230938622841924,-1.3477314847981798,-1.1781125714495637,0.01994959163713328,0.05376519615179465,0.08801927969683554,0.11788884054811088
2023-10-10,1861.0,0.057692307692307696,0.04807692307692308,0.03205128205128205,0.046153846153846156,0.030892448512585814,0.9230769230769231,0.9423076923076923,0.9615384615384616,0.9769230769230769,0.9519450800915332,0.28846153846153844,0.15384615384615385,0.10256410256410256,0.07692307692307693,0.2837528604118993,-1.9365012099607752,-1.8427138372841614,-2.234544477533901,-1.661139399352648,1.4225627593091295,1.3778914821986366,1.3358194741859486,1.3807764589996907,-0.7663332980875097,-1.0098456083746106,-1.2222190988307364,-1.1064356557961625,0.03315419192470448,0.06125738850080609,0.05685118153042712,0.08463191832348205
2023-10-17,1922.699951171875,0.17307692307692307,0.19230769230769232,0.1282051282051282,0.12307692307692308,0.08352402745995423,0.5384615384615384,0.6730769230769231,0.782051282051282,0.8692307692307693,0.8821510297482837,0.40384615384615385,0.23076923076923078,0.15384615384615385,0.1076923076923077,0.30434782608695654,-0.9800092202977322,-0.9155666314658539,-1.1844539612846574,-1.0491260522172468,0.15471532655022094,0.5792463421113869,0.8582136901865015,1.0786028944404664,-0.6529695005113142,-0.9395112247224868,-1.1442299218478773,-1.0632107258075842,0.027201357547363747,0.03250637207428375,0.020336037160878284,0.028657668411894877
2023-10-24,1975.0,0.4807692307692308,0.46153846153846156,0.38461538461538464,0.3346153846153846,0.2482837528604119,0.17307692307692307,0.41346153846153844,0.6089743589743589,0.7615384615384615,0.8009153318077803,0.6153846153846154,0.40384615384615385,0.2948717948717949,0.22692307692307692,0.4302059496567506,-0.025108477106287438,-0.025225040827617406,-0.17667565049927528,-0.45505499443013075,-1.0173649074506292,-0.12291342173297201,0.43007681973593986,0.815077228515135,0.2647336907044497,-0.4840349046963359,-0.6365927575464471,-0.7552212549693028,0.005164532238923991,-0.004151874011075973,0.01230382219145576,0.0321012781843355
2023-10-31,1985.199951171875,0.6153846153846154,0.625,0.5641025641025641,0.4423076923076923,0.3306636155606407,0.057692307692307696,0.28846153846153844,0.5128205128205128,0.6923076923076923,0.7494279176201373,0.6923076923076923,0.4807692307692308,0.391025641025641,0.29615384615384616,0.4954233409610984,0.44323184364108553,0.3934437763739757,0.29774348405264167,-0.1773496861336529,-1.5244918675261054,-0.40641805732211156,0.2520872762433272,0.7093959216210252,0.7319138919793059,-0.2478388739662978,-0.37038173487593246,-0.5955645909538981,-0.009268538583676933,-0.011787176566238067,0.027453154009916325,0.03677211454539253
2023-11-07,1966.800048828125,0.6346153846153846,0.6442307692307693,0.6025641025641025,0.46153846153846156,0.34782608695652173,0.038461538461538464,0.25,0.48717948717948717,0.6807692307692308,0.7379862700228833,0.8846153846153846,0.5769230769230769,0.48717948717948717,0.3730769230769231,0.5434782608695652,0.5088715984819858,0.4822589692832802,0.3819816051448558,-0.13688681321395077,-1.5767978486592307,-0.4745300767039133,0.2079461000483907,0.6894570624607922,1.0672955329731297,-0.07342351234088433,-0.1832951576343822,-0.48300469394845624,-0.002542200465664557,0.016524303026819842,0.026286327988795488,0.049623678611243616
2023-11-14,1961.800048828125,0.5192307692307693,0.5480769230769231,0.4807692307692308,0.38461538461538464,0.28718535469107553,0.1346153846153846,0.3269230769230769,0.5384615384615384,0.7153846153846154,0.7631578947368421,0.9038461538461539,0.5865384615384616,0.5256410256410257,0.39615384615384613,0.5549199084668193,0.0824867077344708,0.195497870234378,0.041926361584101776,-0.3596270297461297,-1.2893886348495103,-0.3659372335888615,0.27796765879510243,0.7380090367525782,1.1720093839544108,-0.0074452279445598145,-0.12623603907111203,-0.4515271957329474,0.019115097903275258,0.03970838026550316,0.008155775105397556,0.032928929543317054
2023-11-21,1999.300048828125,0.6346153846153846,0.6634615384615384,0.6153846153846154,0.4653846153846154,0.3524027459954233,0.038461538461538464,0.22115384615384615,0.46794871794871795,0.6730769230769231,0.7254004576659039,0.9615384615384616,0.7403846153846154,0.7243589743589743,0.5576923076923077,0.6819221967963387,0.49142552022563857,0.5361006620007734,0.41018674809709554,-0.14061853579639663,-1.616956506264038,-0.5956100287812379,0.14418039927269524,0.6660732247932694,1.9050924181532836,0.430028830509081,0.34436161166978996,-0.17541128987644056,0.02020702313663736,0.009603336519262706,0.019556832206779395,0.013354649387181672
2023-11-28,2039.699951171875,0.9807692307692307,0.9326923076923077,0.9358974358974359,0.7461538461538462,0.5572082379862701,0.019230769230769232,0.19230769230769232,0.42948717948717946,0.6461538461538462,0.6853546910755148,0.9423076923076923,0.7403846153846154,0.6923076923076923,0.5346153846153846,0.6647597254004577,1.4975675273428741,1.3298700055709436,1.2860385879946186,0.4105626485173855,-2.0902785597056277,-0.940192393206718,-0.07514485895058384,0.5453797722121412,1.7111022292689286,0.38179432157760496,0.29050567837863994,-0.21729103436611724,-0.010393661655821007,-0.030347552986009774,0.009069961485938638,-0.007844291014865945
2023-12-05,2018.5,0.9038461538461539,0.8942307692307693,0.9038461538461539,0.7153846153846154,0.5354691075514875,0.038461538461538464,0.20192307692307693,0.4358974358974359,0.65,0.6945080091533181,0.8653846153846154,0.5961538461538461,0.532051282051282,0.38846153846153847,0.5560640732265446,1.2825213826863322,1.1937239729364049,1.146548891577305,0.31899126866269095,-1.8855501179014558,-0.8798536269769923,-0.05078215033626101,0.5669972980428734,1.0056155084677125,0.02585131738340867,-0.09049022337943588,-0.4584638097607362,-0.020163463548117377,0.009858818139243164,0.022739609781396997,0.0064404260589545625
2023-12-12,1977.800048828125,0.7884615384615384,0.7884615384615384,0.7884615384615384,0.6115384615384616,0.448512585812357,0.09615384615384616,0.23076923076923078,0.47435897435897434,0.676923076923077,0.7334096109839817,0.5769230769230769,0.46153846153846156,0.3525641025641026,0.24615384615384617,0.465675057208238,0.8376346925593235,0.874693329416861,0.8069076310758587,0.09664642172576081,-1.303517764286693,-0.5530032744382253,0.1411183122421065,0.6819121607587002,0.33510044532258915,-0.313110917625943,-0.4582782786979224,-0.6908780687134142,0.03064009206686169,0.04065117825807918,0.02457274465876047,0.02866819181517899
2023-12-19,2038.4000244140625,0.8846153846153846,0.875,0.8846153846153846,0.7038461538461539,0.5240274599542334,0.07692307692307693,0.20192307692307693,0.4358974358974359,0.65,0.7082379862700229,0.7307692307692307,0.5480769230769231,0.46153846153846156,0.33076923076923076,0.5263157894736842,1.1692054701288728,1.1433459723537487,1.121132642627709,0.29357213395606346,-1.5805916395712027,-0.7748837583524182,-0.009964033394837559,0.6057327971029927,0.7251411329953773,-0.08750970003932923,-0.20553598839239684,-0.5470576613128414,0.009713464737375999,0.012755042002690953,-0.00608321441598636,-0.022321428304083235
2023-12-26,2058.199951171875,0.8653846153846154,0.8557692307692307,0.8653846153846154,0.6846153846153846,0.511441647597254,0.1346153846153846,0.23076923076923078,0.47435897435897434,0.676923076923077,0.7356979405034325,0.8653846153846154,0.6442307692307693,0.5833333333333334,0.41923076923076924,0.5755148741418764,1.0742298857924193,1.093742137084847,1.0770995347168077,0.26161641094646376,-1.2253071963794226,-0.5691061510970353,0.11600468276116355,0.6789640092251542,1.0622551256476183,0.1157800705894338,0.024235563703673354,-0.4174664306702724,0.003012317228141548,-0.01545035832874575,-0.016762219812684775,-0.014915922602366849
2024-01-02,2064.39990234375,0.8846153846153846,0.8846153846153846,0.9038461538461539,0.7115384615384616,0.5331807780320366,0.25,0.3557692307692308,0.5705128205128205,0.7384615384615385,0.7791762013729977,0.9230769230769231,0.7403846153846154,0.6858974358974359,0.49230769230769234,0.6338672768878718,1.1106663647695303,1.1408101390557648,1.1464147866438272,0.2998790410814076,-0.859627513496508,-0.33391918025587225,0.2628412333550504,0.7605802900761814,1.3400796069886207,0.2942345408037442,0.233588440150903,-0.30240217797673463,-0.018407227149422778,-0.01860099988386643,-0.015936787395890772,-0.0147257817195382
2024-01-09,2026.4000244140625,0.6538461538461539,0.7211538461538461,0.7307692307692307,0.5384615384615384,0.40160183066361554,0.1346153846153846,0.22115384615384615,0.46794871794871795,0.6730769230769231,0.7368421052631579,0.8269230769230769,0.6442307692307693,0.5705128205128205,0.4,0.5697940503432495,0.4956307708490065,0.6840725770354735,0.6332355060381767,-0.030692859053954073,-1.2578589417167,-0.5864217402791639,0.08415485924561575,0.6746501890363035,0.944629187232547,0.0982127518737533,0.010533305417192685,-0.439141838095754,-0.00019740643961851934,-0.0013324482874343957,0.0039972243823278575,0.05285233630852604
2024-01-16,2026.0,0.5961538461538461,0.6923076923076923,0.6730769230769231,0.49230769230769234,0.38329519450800914,0.28846153846153844,0.38461538461538464,0.5897435897435898,0.75,0.7929061784897025,0.8269230769230769,0.6442307692307693,0.5705128205128205,0.39615384615384613,0.5640732265446224,0.33633569131888164,0.56681830055948,0.5031652707700305,-0.11782332724181449,-0.7593144768684815,-0.26196870719867055,0.29693691652934623,0.7850308771697823,0.9292043977732497,0.09806428539682002,0.006517503845989583,-0.44450046582118796,-0.0011352659566263856,0.002714708785784836,-0.016337599005892156,0.06633756285476311
2024-01-23,2023.699951171875,0.36538461538461536,0.5096153846153846,0.4423076923076923,0.3230769230769231,0.2723112128146453,0.3269230769230769,0.4230769230769231,0.6153846153846154,0.7653846153846153,0.8112128146453089,0.5,0.4230769230769231,0.3141025641025641,0.21153846153846154,0.43935926773455375,-0.2941889886685006,0.09137258274461908,-0.03891081503010605,-0.4722301495577317,-0.5818573480762729,-0.16430763982418226,0.36927590908602514,0.8216324476863188,0.09820382382769802,-0.355591089475019,-0.5094313576561468,-0.7496608863451353,0.003854350455267941,0.0053367836580076045,0.001877772851614834,0.0655235958173861
2024-01-30,2031.5,0.3076923076923077,0.46153846153846156,0.391025641025641,0.2846153846153846,0.2505720823798627,0.4807692307692308,0.5865384615384616,0.7243589743589743,0.8346153846153846,0.8546910755148741,0.11538461538461539,0.0673076923076923,0.04487179487179487,0.03076923076923077,0.23684210526315788,-0.42289717447024283,-0.019710487967546365,-0.15791293939057624,-0.5527054024917809,-0.05325538420320812,0.1773899266212888,0.609100426972198,0.9326959842229787,-1.1774570470560786,-1.0562143503436994,-1.2882546388766702,-1.208521249531652,0.0014767413241447702,-0.01900072635291039,0.0012306177701206789,0.07093285634075808
2024-02-06,2034.5,0.40384615384615385,0.5673076923076923,0.5256410256410257,0.36538461538461536,0.30205949656750575,0.38461538461538464,0.5096153846153846,0.6730769230769231,0.8,0.8421052631578947,0.019230769230769232,0.009615384615384616,0.00641025641025641,0.0038461538461538464,0.18878718535469108,-0.08001424607488264,0.24464902277793193,0.143532413498462,-0.36320028631368806,-0.303880009118189,-0.010622552911200574,0.47676079691189027,0.8705457616489627,-1.5465451583804761,-1.256975298106909,-1.5153739233643944,-1.3478615964652323,-0.020447272345017198,-0.003440648808060942,0.048660604571147736,0.11132956500368651
2024-02-13,1992.9000244140625,0.17307692307692307,0.28846153846153844,0.20512820512820512,0.16153846153846155,0.13958810068649885,0.5576923076923077,0.6057692307692307,0.7371794871794872,0.8423076923076923,0.868421052631579,0.038461538461538464,0.019230769230769232,0.01282051282051282,0.007692307692307693,0.19794050343249428,-1.0513998390109807,-0.4852989071595494,-0.6900874610916559,-0.897872012159444,0.21159985364113823,0.3150899929229226,0.7231408788404339,0.9743052308352965,-1.4742823503856315,-1.2020408901369175,-1.456623650338599,-1.3173991484630545,0.01736162133678043,0.020623199900868805,0.08404830943736608,0.17592451768322803
2024-02-20,2027.5,0.25,0.4230769230769231,0.33974358974358976,0.24615384615384617,0.2128146453089245,0.36538461538461536,0.41346153846153844,0.6089743589743589,0.7615384615384615,0.8203661327231121,0.019230769230769232,0.009615384615384616,0.00641025641025641,0.0038461538461538464,0.13729977116704806,-0.6090706755637024,-0.12147806029866377,-0.2972874611078003,-0.6456088473456065,-0.49373099340564364,-0.2149911349022675,0.3473025218469315,0.8121061252606009,-1.9213453440160695,-1.4760190409592457,-1.7320004265298403,-1.4845549062808243,0.003205918618989001,0.052281134401972906,0.06352653456381008,0.17918621397194823
2024-02-27,2034.0,0.3076923076923077,0.49038461538461536,0.40384615384615385,0.28846153846153844,0.2517162471395881,0.3076923076923077,0.36538461538461536,0.5769230769230769,0.7423076923076923,0.8066361556064073,0.038461538461538464,0.019230769230769232,0.01282051282051282,0.007692307692307693,0.15446224256292906,-0.4517618312553409,0.038821670438168164,-0.14482006065376593,-0.5489028277659439,-0.612612301503979,-0.3656916048860536,0.26105976792543956,0.7772356679482725,-1.7373404973811895,-1.3931176368096667,-1.621011114119963,-1.4238634971096296,0.048918387413962705,0.062143511476769886,0.06961656718596365,0.14439525623002702
2024-03-05,2133.5,0.9038461538461539,0.9230769230769231,0.9102564102564102,0.7153846153846154,0.5366132723112128,0.057692307692307696,0.08653846153846154,0.358974358974359,0.6038461538461538,0.7013729977116705,0.5576923076923077,0.5288461538461539,0.3974358974358974,0.2653846153846154,0.47254004576659037,1.0880466193970553,1.2892737517567687,1.1667635459857446,0.2977762615832596,-1.6069079514261593,-1.2731324763933474,-0.32531451440499803,0.5436572353464182,0.34712785864750106,-0.07297461478207228,-0.31321058427741644,-0.6438510330531436,0.012608344196742394,0.010686687990684396,0.05976095617529875,0.07400979720822587
2024-03-12,2160.39990234375,1.0,1.0,0.9807692307692307,0.8115384615384615,0.6636155606407322,0.07692307692307693,0.09615384615384616,0.36538461538461536,0.6076923076923076,0.7048054919908466,0.9615384615384616,0.8653846153846154,0.8269230769230769,0.6,0.7208237986270023,1.9073253748429626,1.9999231740688688,1.9033810674653429,0.790214036623239,-1.494596732198754,-1.296881604165921,-0.31456534604103015,0.5531101724703315,1.7875405598003156,1.0080678689862963,0.6421056811093577,-0.07317082466022705,-0.0018977289858128632,0.007035824847061889,0.0847528725851221,0.07165342335934533
2024-03-19,2156.300048828125,1.0,1.0,0.9871794871794872,0.8153846153846154,0.6727688787185355,0.057692307692307696,0.0673076923076923,0.34615384615384615,0.5961538461538461,0.6990846681922197,1.0,0.9134615384615384,0.8653846153846154,0.65,0.7974828375286042,1.8583610924352398,2.014156741370649,1.9105004175874163,0.8133033339807589,-1.5337069040080207,-1.4323705945453853,-0.38090022520977757,0.5314839302849339,2.258202421858668,1.5365205811724199,1.0419425482587366,0.1694679767441888,0.008950539531181523,0.04855537207299876,0.10875109896113155,0.09140650607634226
2024-03-26,2175.60009765625,0.9615384615384616,0.9807692307692307,0.9615384615384616,0.7884615384615384,0.6441647597254004,0.1346153846153846,0.10576923076923077,0.38461538461538464,0.6230769230769231,0.7151029748283753,0.8846153846153846,0.8365384615384616,0.7243589743589743,0.5269230769230769,0.6521739130434783,1.6049595487274542,1.8292308382237055,1.7095818275589432,0.6943274584853565,-1.3300287291993262,-1.2738369463147476,-0.28447386981921613,0.5730853965740417,1.2293253064410545,0.7962422685786268,0.36067399650046644,-0.23749603040269962,0.03925349260452338,0.07717406453724052,0.06991167801448461,0.11311814785297436
2024-04-02,2261.0,1.0,1.0,0.9935897435897436,0.8269230769230769,0.6864988558352403,0.25,0.16346153846153846,0.42948717948717946,0.65,0.7402745995423341,0.8461538461538461,0.8173076923076923,0.6858974358974359,0.49615384615384617,0.6292906178489702,1.8425535592350628,2.0426183408367984,1.9431469559474543,0.8675273453744567,-1.0167225677142326,-1.0273484306503138,-0.12957293664658412,0.6370953481071586,1.0908530013592852,0.7358381553077877,0.2782984223696558,-0.2868531183526725,0.036488279522335354,0.05740824804428346,0.01344533495964173,0.04166295938605713
2024-04-09,2343.5,0.9615384615384616,0.9807692307692307,0.967948717948718,0.8038461538461539,0.665903890160183,0.3076923076923077,0.2692307692307692,0.5064102564102564,0.7,0.7745995423340961,0.8846153846153846,0.8557692307692307,0.7371794871794872,0.5384615384615384,0.6624713958810069,1.644353483470927,1.9017499498554884,1.785001296262369,0.7762035305530972,-0.6915852841331627,-0.7541526724179348,0.04761499731587409,0.7088347619344634,1.2172514522497426,0.9207259576787925,0.38376858454623636,-0.22388701293144112,0.020183507074087892,-0.006742073321154285,-0.012075975604064482,-0.007680819287390617
2024-04-16,2390.800048828125,0.9038461538461539,0.9519230769230769,0.9423076923076923,0.7730769230769231,0.6384439359267735,0.5961538461538461,0.5961538461538461,0.7307692307692307,0.8384615384615385,0.8615560640732265,0.9423076923076923,0.9038461538461539,0.8205128205128205,0.5961538461538461,0.7254004576659039,1.4233177824729366,1.7234975689531775,1.596360299387986,0.6585259262502698,0.17632285046317756,0.06899216449922613,0.5877285090398567,0.9126233289504112,1.530156354073038,1.3013321960206052,0.6351905030919189,-0.07314716828693275,-0.02639287952465086,-0.0415761019132892,-0.015643360264572137,-0.03484191363847233
2024-04-23,2327.699951171875,0.9615384615384616,0.9807692307692307,0.967948717948718,0.8038461538461539,0.6704805491990846,0.5961538461538461,0.5961538461538461,0.7307692307692307,0.8384615384615385,0.8649885583524027,0.9230769230769231,0.9038461538461539,0.8141025641025641,0.5923076923076923,0.7231121281464531,1.5592354330956741,1.8436395285689473,1.7380297866540477,0.7716944688381872,0.31102437838573826,0.19513595466395667,0.6683220433364396,0.942565753655078,1.446536610733376,1.3139776222228126,0.6083819224292573,-0.08991200733362881,-0.015594814447562166,-0.005370107944413949,0.040383211741992664,0.0011599223390093005
2024-04-30,2291.39990234375,0.8846153846153846,0.9423076923076923,0.9358974358974359,0.7730769230769231,0.6418764302059496,0.6346153846153846,0.6442307692307693,0.7628205128205128,0.8576923076923076,0.8787185354691075,0.9615384615384616,0.9326923076923077,0.8269230769230769,0.6076923076923076,0.7311212814645309,1.3561263219643303,1.6546714100977373,1.5506820590999995,0.6506151832303084,0.49911904016463055,0.38185870884104933,0.7879205700985937,0.9864618529386837,1.509756114181,1.4596604117704655,0.6771028990594661,-0.047496752040476375,0.010386684927315093,0.027057695139370175,0.02784326243658608,0.010997729068035644
2024-05-07,2315.199951171875,0.8461538461538461,0.9230769230769231,0.9166666666666666,0.7423076923076923,0.6041189931350115,0.5961538461538461,0.6057692307692307,0.7371794871794872,0.8423076923076923,0.8707093821510298,0.9807692307692307,0.9615384615384616,0.8461538461538461,0.6307692307692307,0.7768878718535469,1.1211242940191202,1.437464471653854,1.3331359635811137,0.501309247880328,0.33573060620494577,0.2202143552270162,0.6775359530509053,0.9455298105205955,1.7754479837302994,1.8165496372624539,0.8866441947198721,0.08252553539330247,0.016499633715238993,0.04600034651266016,0.00444888089381279,0.003369060553140013
2024-05-14,2353.39990234375,0.8461538461538461,0.9230769230769231,0.9230769230769231,0.7576923076923077,0.620137299771167,0.6923076923076923,0.7115384615384616,0.8076923076923077,0.8846153846153846,0.8890160183066361,0.9615384615384616,0.9519230769230769,0.8333333333333334,0.6153846153846154,0.7482837528604119,1.20122797649632,1.494962272923279,1.4180610563837588,0.5660463392524557,0.6018860155536725,0.4871962091663467,0.8520890985396218,1.0057545674410424,1.5768414948829765,1.6526514026756063,0.7384692308710529,-0.0076986991552360495,0.02902186269324858,0.0007648716337296246,-0.019503656092633603,0.0028470279555239397
2024-05-21,2421.699951171875,1.0,1.0,0.9935897435897436,0.8269230769230769,0.6945080091533181,0.4807692307692308,0.40384615384615385,0.6025641025641025,0.7615384615384615,0.834096109839817,0.9807692307692307,0.9807692307692307,0.8525641025641025,0.6346153846153846,0.782608695652174,1.574297193897125,1.8229388514342897,1.8057097871397576,0.8538184398947676,-0.16371723785732006,-0.29994268615476133,0.31133650237402355,0.8171821303384093,1.7154799606420565,1.8866387130363558,0.8977487450174575,0.09038251286681023,-0.027460049279771526,-0.039724141351748954,-0.03770080962505051,0.016806355862616362
2024-05-28,2355.199951171875,1.0,1.0,1.0,0.8307692307692308,0.6990846681922197,0.34615384615384615,0.27884615384615385,0.5064102564102564,0.7038461538461539,0.7906178489702517,0.6346153846153846,0.6730769230769231,0.4935897435897436,0.34615384615384615,0.5469107551487414,1.5173071171373151,1.7817855478479625,1.7931784040617464,0.8542786514418513,-0.5369696166222574,-0.6961843897584153,0.029927415552462856,0.7206426640455267,0.44616351014804895,0.51219410325243,-0.06833518405017668,-0.4972473276866966,-0.012610373551127707,-0.02025303675305401,-0.016389204447978534,0.020974926761439194
2024-06-04,2325.5,1.0,1.0,1.0,0.8346153846153846,0.7116704805491991,0.40384615384615385,0.3076923076923077,0.532051282051282,0.7192307692307692,0.8032036613272311,0.40384615384615385,0.3269230769230769,0.21794871794871795,0.13076923076923078,0.3501144164759725,1.5347168561249507,1.8038426712316276,1.8478038666405803,0.908374082286809,-0.436105539157858,-0.6230405046622162,0.07488034030043612,0.7341843843111037,-0.6141688238195854,-0.6490399927086735,-0.8721775778566005,-0.9866959029766956,-0.007740270909481817,0.0021070317539237937,-0.0010750376263168882,0.03418619651687815
2024-06-11,2307.5,1.0,1.0,1.0,0.8423076923076923,0.7208237986270023,0.34615384615384615,0.25961538461538464,0.4935897435897436,0.6961538461538461,0.7894736842105263,0.25,0.22115384615384615,0.14743589743589744,0.08846153846153847,0.28604118993135014,1.4827801252877255,1.769187427416071,1.8364552586534468,0.9189229024716815,-0.509664093701157,-0.7216394541679542,-0.005272199699346968,0.7055864731333444,-0.914201314037989,-0.959845394961379,-1.089123714426773,-1.1176053033640196,0.00992411802546056,0.003943704293066119,0.022795275257313063,0.03536298923347769
2024-06-18,2330.39990234375,1.0,1.0,1.0,0.8576923076923076,0.7505720823798627,0.3076923076923077,0.20192307692307693,0.4358974358974359,0.6615384615384615,0.7688787185354691,0.38461538461538464,0.33653846153846156,0.22435897435897437,0.1346153846153846,0.3340961098398169,1.5758292795389512,1.8656787558127605,1.9647605147367848,1.0457914487734454,-0.6693546779556393,-0.9115958088084206,-0.14483618162573172,0.6559521452502289,-0.7106113886585653,-0.7130670999692985,-0.9275338153410473,-1.012919879476775,-0.005921646612506826,-0.0031753787563704172,0.05664263883089071,0.058487836654577574
2024-06-25,2316.60009765625,0.9807692307692307,0.9903846153846154,0.9935897435897436,0.8576923076923076,0.7402745995423341,0.3076923076923077,0.19230769230769232,0.42948717948717946,0.6576923076923077,0.7677345537757437,0.4230769230769231,0.3942307692307692,0.26282051282051283,0.1576923076923077,0.37528604118993136,1.4573829993061505,1.7712810393196867,1.8776077337333872,1.011630680869922,-0.6452989111549604,-0.9187261572503664,-0.15455793340082066,0.6490009516966001,-0.5064894569541148,-0.45759396801002816,-0.7605991221445805,-0.9043474369480199,0.002762627157887554,0.01877751798595262,0.037986703052042214,0.08404555942514924
2024-07-02,2323.0,0.9230769230769231,0.9615384615384616,0.9743589743589743,0.8307692307692308,0.7070938215102975,0.2692307692307692,0.14423076923076922,0.3525641025641026,0.6115384615384616,0.7437070938215103,0.4230769230769231,0.4230769230769231,0.28205128205128205,0.17692307692307693,0.3878718535469107,1.2542768513216065,1.5934402285803142,1.6945106088123132,0.8950942608391728,-0.8453674392724564,-1.1354451630023552,-0.32800193044511605,0.5893602185282607,-0.4392769404769215,-0.36694898584148644,-0.7044996752096375,-0.8646817853341141,0.01597076954638399,0.060008567517757294,0.03529918209212224,0.08308222126560483
2024-07-09,2360.10009765625,0.9615384615384616,0.9807692307692307,0.9871794871794872,0.8615384615384616,0.7379862700228833,0.019230769230769232,0.009615384615384616,0.15384615384615385,0.49230769230769234,0.6601830663615561,0.8846153846153846,0.9134615384615384,0.7948717948717948,0.6,0.7242562929061785,1.3380893458681742,1.6801962987941998,1.8064239362174725,1.0070806632653064,-1.6030460384808447,-1.8937848132906123,-0.9240813292432402,0.38951669209935613,1.2655693287129226,1.5919327669673697,0.599435310334448,-0.06251122705930828,0.043345536398685436,0.018855132476877534,0.012287614423133641,0.054997584558553525
2024-07-16,2462.39990234375,1.0,1.0,1.0,0.8923076923076924,0.8375286041189931,0.019230769230769232,0.009615384615384616,0.0641025641025641,0.4307692307692308,0.5949656750572082,1.0,1.0,0.9615384615384616,0.8423076923076923,0.9084668192219679,1.804885124617256,2.127531660992328,2.318608527582755,1.4495089691221887,-2.283071447851504,-2.6092292429449033,-1.5419492905388814,0.1808135247646154,2.7511518585924937,3.437898746830644,1.911410436921478,0.7657192327206708,-0.023472956050918148,-0.02331055255854908,0.0017462837064086134,0.020264842618324952
2024-07-23,2404.60009765625,0.9807692307692307,0.9903846153846154,0.9935897435897436,0.8730769230769231,0.7540045766590389,0.038461538461538464,0.019230769230769232,0.10256410256410256,0.46153846153846156,0.6384439359267735,0.9807692307692307,0.9903846153846154,0.9358974358974359,0.8115384615384615,0.8844393592677345,1.3273229463831784,1.693201749208406,1.8444822228990456,1.0979422191889356,-1.5906746305637445,-1.9331017064812388,-1.0719856275402402,0.331325679605424,2.3652122127265462,3.0416347081275124,1.7267956638012532,0.6667972659491023,0.00016630721430144213,-0.006445978279343678,0.04437326242973816,0.06641434944942981
2024-07-30,2405.0,0.8846153846153846,0.9423076923076923,0.9615384615384616,0.8384615384615385,0.7139588100686499,0.3269230769230769,0.17307692307692307,0.34615384615384615,0.6076923076923076,0.7425629290617849,0.7884615384615384,0.875,0.7435897435897436,0.5807692307692308,0.700228832951945,1.0846431187525731,1.4671365219725203,1.6102098342826925,0.9372040480439374,-0.6275058170787193,-0.9686799503757234,-0.34723128145776194,0.5692737311338196,0.8454366773104909,1.2355938564539597,0.44925673609000655,-0.12735114696962824,-0.006611186005717307,0.025654865352130907,0.04615384615384621,0.10237004206730771
2024-08-06,2389.10009765625,0.8269230769230769,0.9134615384615384,0.9423076923076923,0.8307692307692308,0.7059496567505721,0.21153846153846154,0.11538461538461539,0.28846153846153844,0.573076923076923,0.7162471395881007,0.5,0.6442307692307693,0.4423076923076923,0.33076923076923076,0.5217391304347826,1.014994129908481,1.4072529246309062,1.5540303606895993,0.9222656131752017,-0.8306426395791401,-1.1878956290543132,-0.5327924465870162,0.5015057170215916,0.08896838956567793,0.35559211092893006,-0.17889915883547136,-0.5167474789323027,0.0324807878881892,0.051148945702089055,0.042191536799310425,0.11644549822118977
2024-08-13,2466.699951171875,0.9807692307692307,0.9903846153846154,0.9935897435897436,0.8923076923076924,0.8123569794050344,0.057692307692307696,0.028846153846153848,0.1346153846153846,0.47307692307692306,0.6533180778032036,0.75,0.8557692307692307,0.6923076923076923,0.55,0.665903890160183,1.4708261314090343,1.8487427670765064,2.0536740961224327,1.3857152962668988,-1.366107157517064,-1.719136323366768,-0.9824586841250602,0.34371057976433284,0.6788979206954643,1.063551055565199,0.3414485722326798,-0.18346981866180284,0.01808087669319547,0.01998623659302523,0.01848627662824831,0.06012083016325964
2024-08-20,2511.300048828125,1.0,1.0,1.0,0.9153846153846154,0.8615560640732265,0.019230769230769232,0.009615384615384616,0.057692307692307696,0.39615384615384613,0.5663615560640732,0.9423076923076923,0.9711538461538461,0.8461538461538461,0.6730769230769231,0.7906178489702517,1.6979710024110046,2.060242783660777,2.3020114505424205,1.6525804206252286,-2.3764215254064505,-2.6726338525911997,-1.826497598561644,0.04461677348175938,1.294061557022114,1.7896496879020154,0.8953115413805092,0.1753315251787573,0.0018715211565691892,-0.008521541061714655,0.021104606765221856,0.05976978082952211
2024-08-27,2516.0,1.0,1.0,1.0,0.9384615384615385,0.8924485125858124,0.019230769230769232,0.009615384615384616,0.03205128205128205,0.36153846153846153,0.5320366132723112,0.8653846153846154,0.9230769230769231,0.7948717948717948,0.6384615384615384,0.7437070938215103,1.7437960967119235,2.117231395762434,2.3780598868473133,1.7795171442216795,-2.6358149690630177,-2.9244733732798065,-2.1322419105033728,-0.08165779604982606,0.9816809565853295,1.4443692829876609,0.6629445914614583,0.03534312126456675,-0.010373647717110468,-0.0014705688282492524,0.053736069623161686,0.09069950364541923
2024-09-03,2489.89990234375,0.9615384615384616,0.9807692307692307,0.9871794871794872,0.9153846153846154,0.8558352402745996,0.019230769230769232,0.009615384615384616,0.02564102564102564,0.35384615384615387,0.5274599542334096,0.75,0.8557692307692307,0.7307692307692307,0.5923076923076923,0.7013729977116705,1.520592163807392,1.926813706521339,2.172737786666025,1.6445564467553875,-2.560863692357471,-2.8855229938044418,-2.190233990251689,-0.12515798558038632,0.690299053335716,1.1279568287886437,0.442755384078805,-0.0997888547070069,0.00899640441902494,0.029880778104510064,0.07124790290460581,0.11185188598860818
2024-09-10,2512.300048828125,0.9423076923076923,0.9711538461538461,0.9807692307692307,0.9115384615384615,0.8489702517162472,0.019230769230769232,0.009615384615384616,0.019230769230769232,0.3269230769230769,0.4874141876430206,0.75,0.8557692307692307,0.7307692307692307,0.5961538461538461,0.7048054919908466,1.433172820234271,1.8586734483281293,2.097200155756135,1.6229255581434856,-2.8456946008723145,-3.184132508041076,-2.565156698877249,-0.29365222065732266,0.670172923399046,1.1185974583934564,0.44949219017810765,-0.0892632915294455,0.020698164625780224,0.05528794317722552,0.040878855700289485,0.09075349105149755
2024-09-17,2564.300048828125,1.0,1.0,1.0,0.9692307692307692,0.9450800915331807,0.019230769230769232,0.009615384615384616,0.00641025641025641,0.3076923076923077,0.477116704805492,0.9615384615384616,0.9807692307692307,0.8525641025641025,0.6961538461538461,0.8032036613272311,1.8158153708779554,2.251244471790971,2.50573505664632,2.0703524715490698,-2.784142220271149,-3.1894934040866207,-2.653316901931186,-0.369010768571002,1.270960836521836,1.793631778983743,0.9800780147948193,0.26575988575357046,0.0338883518656341,0.04016690638331144,0.037866026465974256,0.013921908704946473
2024-09-24,2651.199951171875,1.0,1.0,1.0,0.9730769230769231,0.9553775743707094,0.019230769230769232,0.009615384615384616,0.00641025641025641,0.2923076923076923,0.4691075514874142,0.9615384615384616,0.9807692307692307,0.9102564102564102,0.8269230769230769,0.8695652173913043,1.788724598837575,2.250431611015899,2.486884854325129,2.1067087343532047,-2.735040124388091,-3.2204114874362424,-2.742832599315745,-0.4496687703120944,1.8462155237995503,2.428786892233391,1.5150898600617064,0.6302494141631687,0.006072758732940331,-0.013654176161203568,0.03507845568528034,-0.009090168210425742
2024-10-01,2667.300048828125,0.9615384615384616,0.9807692307692307,0.9871794871794872,0.9576923076923077,0.9399313501144165,0.07692307692307693,0.038461538461538464,0.038461538461538464,0.3269230769230769,0.488558352402746,0.9038461538461539,0.9519230769230769,0.8333333333333334,0.6884615384615385,0.7929061784897025,1.6738104255863953,2.115659087672306,2.3458068558499092,2.024795897797786,-2.2351389867262856,-2.7336097499363285,-2.346258164352958,-0.32677871098651246,1.0380293039770168,1.5591486367764946,0.8622206272982406,0.2128061194386913,-0.019607861084508627,-0.002212029534122806,0.03790344230677878,-0.017620814733853907
2024-10-08,2615.0,0.9230769230769231,0.9615384615384616,0.9743589743589743,0.9192307692307692,0.8627002288329519,0.09615384615384616,0.04807692307692308,0.04487179487179487,0.3384615384615385,0.5183066361556065,0.7884615384615384,0.8846153846153846,0.7692307692307693,0.6423076923076924,0.7368421052631579,1.3024020013981066,1.7345139412135728,1.9502250648073598,1.6750736180371846,-1.865326870674232,-2.345215727369228,-2.027321556987282,-0.2208406493383961,0.6922723672140606,1.2000704270162514,0.5961022436160625,0.04548771112185177,0.017743748506214185,0.04940724710205546,0.04791588865320273,0.0113575339089389
2024-10-15,2661.39990234375,0.9230769230769231,0.9615384615384616,0.9743589743589743,0.9384615384615385,0.8890160183066361,0.09615384615384616,0.04807692307692308,0.04487179487179487,0.3269230769230769,0.4919908466819222,0.9423076923076923,0.9711538461538461,0.8525641025641025,0.7153846153846154,0.8112128146453089,1.3840190753505692,1.7945217792521484,2.0016992891048804,1.7619091886504945,-2.0248670013824857,-2.5192517346209207,-2.225575262398188,-0.33462408971898666,1.1707786238961362,1.7054870030241496,1.011487966307891,0.33314973677878673,0.031111464592452842,0.04020440517254498,-0.0230705285175965,0.013601937567000233
2024-10-22,2744.199951171875,0.9423076923076923,0.9711538461538461,0.9807692307692307,0.9461538461538461,0.902745995423341,0.019230769230769232,0.009615384615384616,0.00641025641025641,0.2692307692307692,0.4622425629290618,0.9807692307692307,0.9903846153846154,0.9358974358974359,0.8653846153846154,0.8890160183066361,1.4478326712490577,1.866400917948877,2.0577670912182437,1.856888623330503,-2.3867424114333193,-2.9367508088114915,-2.651430723040916,-0.5619828758913473,1.8758949702532404,2.448286955868044,1.6493852088559042,0.7805886916093466,0.008818581591163,-0.00142114365321111,-0.04267176430260444,-0.03636763013041622
2024-10-29,2768.39990234375,0.8846153846153846,0.9423076923076923,0.9615384615384616,0.9230769230769231,0.8695652173913043,0.1346153846153846,0.0673076923076923,0.057692307692307696,0.3269230769230769,0.4931350114416476,0.9807692307692307,0.9903846153846154,0.9551282051282052,0.8923076923076924,0.9050343249427918,1.1959677015780008,1.6798470875445803,1.8567554829261768,1.6890090882165176,-1.7530085370887556,-2.358497241106136,-2.121031331353347,-0.3527739310427487,1.8990103074636309,2.486724838045092,1.7382660661285678,0.8722075209224031,-0.010150214747455921,-0.060829326789522464,-0.053496553511016454,-0.05360493699559565
2024-11-05,2740.300048828125,0.7692307692307693,0.8846153846153846,0.9230769230769231,0.8923076923076924,0.8306636155606407,0.19230769230769232,0.09615384615384616,0.08333333333333333,0.35384615384615387,0.528604118993135,0.9038461538461539,0.9519230769230769,0.8717948717948718,0.8,0.8501144164759725,0.909954688595582,1.4494832541420752,1.6363940917275035,1.4822219074243268,-1.3309619464709919,-1.9425562428999632,-1.7635758321931807,-0.20377986103589601,1.3387448298932088,1.9119067312705427,1.3158231372581068,0.5936357194704375,-0.05119879076312228,-0.04130932713747326,-0.03488672625362066,-0.04054304115484042
2024-11-12,2600.0,0.7307692307692307,0.8653846153846154,0.9102564102564102,0.8846153846153846,0.7585812356979404,0.23076923076923078,0.11538461538461539,0.10256410256410256,0.36538461538461536,0.5366132723112128,0.8461538461538461,0.9230769230769231,0.8269230769230769,0.7038461538461539,0.799771167048055,0.5140670906267886,1.119516577094236,1.3377523910992313,1.1890494850057731,-1.1550070285958463,-1.762587545301795,-1.6414832287756367,-0.15472790413296855,0.8027638122496369,1.3615498079078263,0.899710459131189,0.3014436574094355,0.010423114483173013,0.0078077110877403655,0.037538499098557665,0.021807673527644234
2024-11-19,2627.10009765625,0.6346153846153846,0.8173076923076923,0.8782051282051282,0.8615384615384616,0.7288329519450801,0.17307692307692307,0.08653846153846154,0.07692307692307693,0.3384615384615385,0.5240274599542334,0.4423076923076923,0.6923076923076923,0.6282051282051282,0.5269230769230769,0.6475972540045767,0.2733076589191567,0.9251849497796545,1.161130383365268,1.0240475690314033,-1.295978533914457,-1.9046034691044371,-1.8233196392958444,-0.2482959891589255,0.04614266451160129,0.5633864973782814,0.23754900799311532,-0.15752574151848622,-0.002588423956206176,0.006699346374859028,0.006585133433984369,0.01918461439239172
2024-11-26,2620.300048828125,0.75,0.875,0.9166666666666666,0.8961538461538462,0.816933638443936,0.2692307692307692,0.1346153846153846,0.11538461538461539,0.3730769230769231,0.5423340961098398,0.2692307692307692,0.4423076923076923,0.3974358974358974,0.27307692307692305,0.4794050343249428,0.7641103053008803,1.3256789056360008,1.5357491456959553,1.4394698919940898,-1.047343593845936,-1.6453548747993352,-1.5983970983970621,-0.15861703927122914,-0.6331314186056057,-0.16833481474263196,-0.3745113886524978,-0.584611206858668,0.009311873407269688,0.029500456965871447,-0.00011450933959233911,0.051406307927260864
2024-12-03,2644.699951171875,0.75,0.875,0.9166666666666666,0.9,0.8226544622425629,0.3076923076923077,0.15384615384615385,0.14743589743589744,0.40384615384615385,0.5755148741418764,0.21153846153846154,0.375,0.3333333333333333,0.21153846153846154,0.4233409610983982,0.7653527298602053,1.326261782653028,1.53693705040543,1.4646629017521298,-0.7151821459943828,-1.3037259757737292,-1.286513476151493,-0.02097993213713625,-0.8594418470900568,-0.4357323976943483,-0.5864732793196553,-0.7339749437751002,0.020002324445514086,-0.00011345288072928117,-0.005860778268299116,0.046167845090384185
2024-12-10,2697.60009765625,0.8846153846153846,0.9423076923076923,0.9615384615384616,0.9384615384615385,0.879862700228833,0.28846153846153844,0.14423076923076922,0.12179487179487179,0.36923076923076925,0.5434782608695652,0.3269230769230769,0.5673076923076923,0.4935897435897436,0.36538461538461536,0.5366132723112128,1.0535242392087485,1.56263623506034,1.7540014708495186,1.7272868446036258,-0.9504933196525748,-1.538962647774947,-1.5327235374482833,-0.15660694327973101,-0.3818522834463296,0.06882574225950172,-0.14801414455096557,-0.41651623905372637,-0.019721305377591647,-0.02876634595456573,-0.015161678901150055,0.05771795134021218
2024-12-17,2644.39990234375,0.75,0.875,0.9166666666666666,0.9115384615384615,0.8329519450800915,0.15384615384615385,0.07692307692307693,0.0641025641025641,0.3076923076923077,0.5080091533180778,0.25,0.38461538461538464,0.36538461538461536,0.23846153846153847,0.44279176201373,0.7533114133645524,1.3151964902955426,1.5298619433143643,1.5218673136095668,-1.2901150850227452,-1.8775688451273445,-1.8899171702583404,-0.3546942230591499,-0.7553088306720785,-0.3474998505831633,-0.4864005788549714,-0.6656261117855805,-0.009227009243996775,-0.005747977512177038,0.01251705448442686,0.1013840975484197
2024-12-24,2620.0,0.6538461538461539,0.8269230769230769,0.8846153846153846,0.8923076923076924,0.7608695652173914,0.11538461538461539,0.057692307692307696,0.05128205128205128,0.2923076923076923,0.49084668192219677,0.19230769230769232,0.3173076923076923,0.28205128205128205,0.17692307692307693,0.38672768878718533,0.34412408498939434,0.9801069416022135,1.2295587282122846,1.2281698587793504,-1.3790743091454825,-1.9689916045835663,-2.0096805440339667,-0.4425227112857348,-1.0005542314818243,-0.6439667512038991,-0.7222113393697219,-0.8565471300553339,0.0035114317449904675,0.014007614951097258,0.0515267175572518,0.11893133498330144
2024-12-31,2629.199951171875,0.6538461538461539,0.8269230769230769,0.8846153846153846,0.8961538461538462,0.7643020594965675,0.17307692307692307,0.08653846153846154,0.07051282051282051,0.3,0.5034324942791762,0.23076923076923078,0.33653846153846156,0.32051282051282054,0.2,0.40503432494279173,0.33714653761490654,0.9730150741742699,1.2254472512823875,1.253504583797947,-1.2376469226516793,-1.830365209996845,-1.8932570633128873,-0.4111495349484848,-0.886769122072679,-0.5504870300985198,-0.6353241967508026,-0.8039037512201959,0.010459455541881768,0.01837062594139982,0.052335349236150464,0.10470867714166032
2025-01-07,2656.699951171875,0.6538461538461539,0.8269230769230769,0.8846153846153846,0.9,0.8100686498855835,0.23076923076923078,0.11538461538461539,0.08974358974358974,0.3153846153846154,0.5194508009153318,0.34615384615384615,0.49038461538461536,0.46153846153846156,0.33076923076923076,0.5045766590389016,0.5585031757249939,1.1515384554746175,1.3869018471706083,1.4662977831451873,-1.0485848010340697,-1.647168251928912,-1.722209004756275,-0.34715557519014295,-0.4681379922586056,-0.09671973237745467,-0.2507583621850075,-0.5039345655856386,0.007829280389360482,0.03700080951360896,0.07400161902721814,0.09519334178962158
2025-01-14,2677.5,0.8653846153846154,0.9326923076923077,0.9551282051282052,0.95,0.8729977116704806,0.17307692307692307,0.08653846153846154,0.07051282051282051,0.2923076923076923,0.4988558352402746,0.7307692307692307,0.8653846153846154,0.8012820512820513,0.6961538461538461,0.7574370709382151,0.9229386705710206,1.4343426232092589,1.6413550233562444,1.7896292211871456,-1.1867794517296015,-1.785613850138614,-1.8774178534124084,-0.4607106284006068,0.6156497782958862,1.10096300595076,0.7644249324353671,0.37723898229444136,0.02894491129785237,0.03335202570611573,0.08776844070961709,0.08791779732726424
2025-01-21,2755.0,0.9615384615384616,0.9807692307692307,0.9871794871794872,0.9846153846153847,0.9439359267734554,0.038461538461538464,0.019230769230769232,0.01282051282051282,0.23076923076923078,0.4679633867276888,0.9230769230769231,0.9615384615384616,0.9166666666666666,0.8923076923076924,0.879862700228833,1.3482587355682758,1.7399394695051975,1.920500365844936,2.1467113411316845,-1.5217641735609055,-2.1138714918270542,-2.2481813889719513,-0.6959434468528496,1.539192182733684,2.1326445612209306,1.686267750197005,1.2250508954667305,0.004283139320553575,0.035680598485707815,0.06410166884074409,0.10166972691696907
2025-01-28,2766.800048828125,0.9230769230769231,0.9615384615384616,0.9743589743589743,0.9730769230769231,0.9267734553775744,0.038461538461538464,0.019230769230769232,0.01282051282051282,0.22692307692307692,0.4668192219679634,0.9615384615384616,0.9807692307692307,0.9487179487179487,0.9307692307692308,0.8993135011441648,1.2078341963616783,1.609071729689307,1.8059971481267252,2.0439292856378204,-1.4767649194939991,-2.0638479140521397,-2.2205436795882814,-0.7222924602013439,1.607088928339129,2.200823852763783,1.7864964657839284,1.3586317707370286,0.0312635530119485,0.052660094188442086,0.04976866732028484,0.09285091000795664
2025-02-04,2853.300048828125,0.9038461538461539,0.9519230769230769,0.967948717948718,0.9653846153846154,0.919908466819222,0.46153846153846156,0.23076923076923078,0.19230769230769232,0.4,0.5697940503432495,0.8461538461538461,0.9230769230769231,0.8525641025641025,0.7615384615384615,0.8135011441647597,1.1620620559748116,1.5557489928191246,1.7597853628745157,2.0217606932134298,-0.40117205941695105,-1.0368687717281966,-1.1843976253798552,-0.14197581360522749,0.8061304001235319,1.3456320664361114,1.05813104205675,0.7159307750750423,0.0207478884655643,0.02744192601135076,0.019731555695044367,0.09308514666191847
2025-02-11,2912.5,0.7692307692307693,0.8846153846153846,0.9230769230769231,0.9423076923076923,0.868421052631579,0.5,0.25,0.1987179487179487,0.4076923076923077,0.5881006864988558,0.6730769230769231,0.8365384615384616,0.7948717948717948,0.7038461538461539,0.7688787185354691,0.798905168421503,1.2830181575596535,1.5189392343863317,1.7785825057919074,-0.21757801959459266,-0.8734643813986038,-1.037340861737693,-0.06891144251861528,0.479077674867616,1.0183756872385423,0.7962374883082132,0.4933883817834554,0.0065579734442060555,-0.0027467811158797817,0.00013730552575097477,0.01919309951716741
2025-02-18,2931.60009765625,0.6730769230769231,0.8365384615384616,0.8910256410256411,0.926923076923077,0.8386727688787186,0.5192307692307693,0.25961538461538464,0.1987179487179487,0.4115384615384615,0.5926773455377574,0.6153846153846154,0.8076923076923077,0.7756410256410257,0.6884615384615385,0.7471395881006865,0.5171886266768189,1.1033423994890217,1.3670097306050393,1.625175710719174,-0.16349255783950728,-0.8293848697793035,-1.018319115429285,-0.06773004709552932,0.2960182063892946,0.8530816803281174,0.6907386885937346,0.4002047074708922,-0.009244131789296839,-0.007504434188547293,0.03530495175066539,0.09793281619316185
2025-02-25,2904.5,0.5769230769230769,0.7884615384615384,0.8589743589743589,0.9115384615384615,0.8203661327231121,0.5192307692307693,0.25961538461538464,0.19230769230769232,0.4076923076923077,0.5903890160183066,0.46153846153846156,0.7115384615384616,0.7115384615384616,0.6307692307692307,0.7082379862700229,0.30986545252069214,0.9927569094961329,1.2781610639084084,1.536847425708143,-0.14457540847053685,-0.8172397825312987,-1.037319417064215,-0.08655099345398264,-0.0008787339652429136,0.6004144479692175,0.5049978692684826,0.21411178708731493,0.0017559296458082851,0.0028920304161645927,0.041039749069332165,0.17087280042283526
2025-03-04,2909.60009765625,0.5,0.75,0.8333333333333334,0.9,0.7677345537757437,0.5769230769230769,0.28846153846153844,0.20512820512820512,0.41923076923076924,0.6098398169336384,0.28846153846153844,0.5576923076923077,0.5641025641025641,0.4346153846153846,0.562929061784897,-0.22141515261063227,0.7544791830136869,1.0791109178437264,1.3126113199480782,-0.010397694396463698,-0.692436009004834,-0.9392779359081547,-0.027628058734663032,-0.6132646449971987,0.05211842220050658,0.040979885633353474,-0.25774347653126495,0.0011341093541199498,0.043133075263880105,0.07193421695857638,0.14063786686751034
2025-03-11,2912.89990234375,0.5,0.75,0.8333333333333334,0.9,0.7700228832951945,0.5961538461538461,0.2980769230769231,0.20512820512820512,0.4230769230769231,0.6189931350114416,0.4423076923076923,0.6923076923076923,0.7115384615384616,0.6307692307692307,0.7025171624713958,-0.20866398194943112,0.7547215028642799,1.0854424863329917,1.3265963809721089,0.08561210473359829,-0.6043334089976338,-0.8677499864937186,0.011564852258746707,-0.031194171366657395,0.5617792927088979,0.5529037842031015,0.21599582492534075,0.04195138844770341,0.038037712431853166,0.019053177884809536,0.17113530046085756
2025-03-18,3035.10009765625,0.6346153846153846,0.8173076923076923,0.8782051282051282,0.926923076923077,0.8352402745995423,0.4423076923076923,0.22115384615384615,0.14743589743589744,0.36153846153846153,0.5617848970251716,0.7692307692307693,0.875,0.8589743589743589,0.75,0.7951945080091534,0.3998646982449987,1.0163080135970564,1.3112844078622408,1.6109328009305073,-0.3556052276639924,-0.9988989671925145,-1.299043322100473,-0.27850105911916806,0.5569775561540922,1.0703891661150995,1.0864304023318248,0.6936166826996835,-0.0037561023088426015,0.027610227666695852,0.060492190573023796,0.0676089567294118
2025-03-25,3023.699951171875,0.4807692307692308,0.7403846153846154,0.8269230769230769,0.8961538461538462,0.7929061784897025,0.5,0.25,0.16666666666666666,0.38076923076923075,0.5720823798627003,0.4423076923076923,0.6826923076923077,0.717948717948718,0.6307692307692307,0.7036613272311213,0.010995236923903024,0.8446329827962854,1.1667639807459897,1.4446120821486483,-0.23287673707424325,-0.8918561743728647,-1.1922616682186404,-0.22424519263436152,-0.029017096770814786,0.5414129662069467,0.5958432413912309,0.22041915258800154,0.03148458931415443,-0.01828886785102235,0.12471478775865297,0.08486294996195021
2025-04-01,3118.89990234375,0.11538461538461539,0.5384615384615384,0.6923076923076923,0.7923076923076923,0.6693363844393593,0.5384615384615384,0.2692307692307692,0.1794871794871795,0.38461538461538464,0.5766590389016019,0.3076923076923077,0.5673076923076923,0.6346153846153846,0.5153846153846153,0.6212814645308925,-1.3017428743164163,0.27620382634854607,0.6848072246456983,0.8642309696280996,-0.18392565628819232,-0.8506726137946918,-1.1578945106612824,-0.21580996694887442,-0.3640977807493078,0.23638434854027834,0.3119137271660098,-0.053256977976426895,-0.048254193694034275,0.03199847765333175,0.06409315872373988,0.05777684470639333
2025-04-08,2968.39990234375,0.057692307692307696,0.4807692307692308,0.6538461538461539,0.75,0.6235697940503433,0.7115384615384616,0.3557692307692308,0.23717948717948717,0.47692307692307695,0.6567505720823799,0.057692307692307696,0.23076923076923078,0.23076923076923078,0.13846153846153847,0.33867276887871856,-1.7143964920744614,0.08242480604751846,0.5229136177757181,0.6710350287030082,0.46784401664241326,-0.2878076836005108,-0.5765587915418222,0.1633197151033782,-1.6886759317463356,-1.0072030157774545,-0.9306571290962495,-1.185280010750008,0.08432153923414987,0.14566775391111086,0.14923865199234854,0.1286215002657385
2025-04-15,3218.699951171875,0.019230769230769232,0.4519230769230769,0.6346153846153846,0.7269230769230769,0.5949656750572082,0.75,0.375,0.25,0.5076923076923077,0.6727688787185355,0.15384615384615385,0.2980769230769231,0.3076923076923077,0.19230769230769232,0.39588100686498856,-1.9245104602223142,-0.02682510702584216,0.43125880837325276,0.5639211528480492,0.5745821333402047,-0.21886698399201074,-0.5131755061767572,0.19815368039675613,-1.348169886725653,-0.7377905777751586,-0.6563127246348976,-0.9427933036476966,0.05657566732492425,0.03109954303749407,0.006710814298917622,0.03175193485638994
2025-04-22,3400.800048828125,0.019230769230769232,0.4423076923076923,0.6282051282051282,0.7230769230769231,0.5778032036613272,0.7884615384615384,0.47115384615384615,0.32051282051282054,0.5807692307692308,0.7288329519450801,0.21153846153846154,0.33653846153846156,0.3782051282051282,0.2423076923076923,0.43592677345537756,-2.009800353082895,-0.09798527449308705,0.36997765483387346,0.49583802248025455,1.0453595118738288,0.14952511866591278,-0.13470422582513125,0.4477681167503233,-1.0912433291859602,-0.5315521525164216,-0.435993185073964,-0.7534085845575504,-0.024111973307062273,0.0031168705491160242,-0.035432838823183044,-0.004175473702656585
2025-04-29,3318.800048828125,0.019230769230769232,0.3557692307692308,0.5576923076923077,0.6307692307692307,0.5080091533180778,0.8076923076923077,0.49038461538461536,0.33974358974358976,0.5884615384615385,0.7345537757437071,0.09615384615384616,0.2692307692307692,0.2692307692307692,0.16153846153846155,0.37299771167048057,-2.4555639721022486,-0.3552870239085828,0.1483769123757586,0.23001952761006503,1.1160387516800072,0.1688365460502794,-0.11865524609611874,0.4513082024750306,-1.3684276530489383,-0.8344903641421919,-0.7546086103641412,-1.0348499770245148,0.027901606650970745,-0.023653127288496445,-0.005935865638796445,-0.0004218833505409414
2025-05-06,3411.39990234375,0.019230769230769232,0.34615384615384615,0.5256410256410257,0.6038461538461538,0.4897025171624714,0.8076923076923077,0.4807692307692308,0.3333333333333333,0.5807692307692308,0.7322654462242563,0.1346153846153846,0.28846153846153844,0.28205128205128205,0.16923076923076924,0.37643020594965676,-2.4875113040819454,-0.41916108568059546,0.08939147609652698,0.16351172869386515,1.1533067852053953,0.16168282248587565,-0.13040145537834202,0.4364018256185126,-1.3000196201797967,-0.8063895495886626,-0.7326137015544066,-1.0176133102025564,-0.050155319931290854,-0.03842992826069869,-0.017939834942783617,-0.021897154631608462
2025-05-13,3240.300048828125,0.019230769230769232,0.34615384615384615,0.5192307692307693,0.5846153846153846,0.4805491990846682,0.9230769230769231,0.625,0.48717948717948717,0.6846153846153846,0.7814645308924485,0.038461538461538464,0.20192307692307693,0.21153846153846154,0.12692307692307692,0.3135011441647597,-2.403228925204503,-0.4335061905212294,0.07155526643139677,0.14994472559361718,1.4989297712373848,0.3841375506474169,0.09646558434725867,0.5872508569564111,-1.5073247713833344,-1.0552916359350881,-1.0106226453100977,-1.2525505540566608,0.01234453581373307,0.01814648271520114,0.024874194457631837,0.020584498400386453
2025-05-20,3280.300048828125,0.07692307692307693,0.375,0.5641025641025641,0.65,0.517162471395881,1.0,0.7211538461538461,0.5641025641025641,0.7346153846153847,0.8135011441647597,0.11538461538461539,0.25961538461538464,0.25,0.15,0.35354691075514877,-2.077051362384712,-0.3259988333493442,0.16066680583078966,0.2648720719386883,1.7187283944427647,0.5523501451954309,0.2583316380076395,0.6954077318711079,-1.2845485277564108,-0.8788449012216808,-0.8198127110370858,-1.0933497924898714,0.005731197923446452,0.021308996525705393,0.03240558706393348,0.015090082999475563
2025-05-27,3299.10009765625,0.09615384615384616,0.41346153846153844,0.5961538461538461,0.6923076923076923,0.5411899313501144,0.7884615384615384,0.46153846153846156,0.3141025641025641,0.5576923076923077,0.7219679633867276,0.038461538461538464,0.15384615384615385,0.16666666666666666,0.1,0.2906178489702517,-1.888360369508991,-0.2755822094095769,0.20182094840281456,0.32111615187356013,1.1713873517128108,0.1301115398902782,-0.18423476132236563,0.3793556932857332,-1.4755620423274423,-1.1153801582489475,-1.0695479145533084,-1.3071240830822248,0.015489027917621412,0.006607803353098296,0.005546907988787764,0.04246608146723241
2025-06-03,3350.199951171875,0.1346153846153846,0.4423076923076923,0.6282051282051282,0.7346153846153847,0.5881006864988558,0.7692307692307693,0.4326923076923077,0.2948717948717949,0.5307692307692308,0.7070938215102975,0.019230769230769232,0.028846153846153848,0.019230769230769232,0.011538461538461539,0.17620137299771166,-1.4406852783877373,-0.060150106414791855,0.38238244132654003,0.5469219490846176,1.0521700240830376,0.028080130597792616,-0.29784608752593317,0.29344074301233564,-1.9106245683226977,-1.5993908724771018,-1.5877888936095763,-1.7467803651474088,-0.008745761224752013,0.010865066866126094,-0.004029610231257363,-0.007999537107852506
2025-06-10,3320.89990234375,0.15384615384615385,0.4423076923076923,0.6282051282051282,0.7346153846153847,0.5915331807780321,0.7692307692307693,0.40384615384615385,0.2692307692307692,0.5115384615384615,0.6979405034324943,0.038461538461538464,0.038461538461538464,0.02564102564102564,0.015384615384615385,0.17848970251716248,-1.3842078149955792,-0.05981036919166345,0.38244511266960424,0.554403795940833,0.9825588826422673,-0.033845617819179316,-0.36996989646170353,0.23478561273394527,-1.849199221806107,-1.5607507019365836,-1.534078886806153,-1.706258261606759,0.01978385294483931,-0.0010539311942313612,-0.004185583050527963,0.018368515099461025
2025-06-17,3386.60009765625,0.19230769230769232,0.47115384615384615,0.6474358974358975,0.7576923076923077,0.6212814645308925,0.6923076923076923,0.34615384615384615,0.23076923076923078,0.4307692307692308,0.6521739130434783,0.09615384615384616,0.21153846153846154,0.23717948717948717,0.1423076923076923,0.3146453089244851,-1.155248468667843,0.04279348648707983,0.4693404953368061,0.6690175656133103,0.7214072311039094,-0.2350508618765747,-0.5818320991634668,0.07547161343713345,-1.3172816706646209,-1.012670741852449,-0.9262942921557215,-1.196257513124162,-0.020433530182790482,-0.014734584847767906,-0.016771997634865254,-0.011132166250922615
2025-06-24,3317.39990234375,0.19230769230769232,0.4423076923076923,0.6282051282051282,0.7423076923076923,0.597254004576659,0.7884615384615384,0.40384615384615385,0.2692307692307692,0.5,0.6876430205949656,0.057692307692307696,0.11538461538461539,0.1346153846153846,0.08076923076923077,0.2700228832951945,-1.278494706207506,-0.06070238648704753,0.3829030239340235,0.5741299698289223,0.9589537506904727,-0.06878414162593738,-0.426344774493393,0.17802075282972246,-1.4337591132792251,-1.157224279807444,-1.0679686622263662,-1.3158907386745105,0.005817824017686046,-0.003134955884095403,0.03671551589004185,-0.001205763585262698
2025-07-01,3336.699951171875,0.21153846153846154,0.4519230769230769,0.6346153846153846,0.7576923076923077,0.6189931350114416,0.8076923076923077,0.4230769230769231,0.28205128205128205,0.5076923076923077,0.6956521739130435,0.09615384615384616,0.16346153846153846,0.19230769230769232,0.11538461538461539,0.2917620137299771,-1.1006414139807108,0.023131248375524487,0.45095234620591246,0.6685992087307785,1.060494404214506,0.004797200661100764,-0.36205958119964327,0.21510109510400502,-1.3562953931128832,-1.0906574555130604,-0.9893239439805301,-1.2509933687449972,-0.008900995476516904,-0.002067882172422042,-0.003985988858079326,0.015554334295520666
2025-07-08,3307.0,0.21153846153846154,0.4423076923076923,0.6282051282051282,0.7576923076923077,0.6121281464530892,0.8653846153846154,0.5096153846153846,0.34615384615384615,0.5538461538461539,0.7185354691075515,0.15384615384615385,0.25,0.2692307692307692,0.16153846153846155,0.32494279176201374,-1.1132211882678402,-0.009699149643854309,0.42036028247849755,0.6438374262048985,1.2592243250126411,0.1755510862741468,-0.1995703075742385,0.3213055354729732,-1.1920807809390521,-0.9525610913123027,-0.8437799370434429,-1.1297348737396287,0.006894481048722367,0.03997579412515129,0.022648896989340805,0.07329903306433327
2025-07-15,3329.800048828125,0.28846153846153844,0.5096153846153846,0.6730769230769231,0.7884615384615384,0.6498855835240275,0.8653846153846154,0.5192307692307693,0.3525641025641026,0.5538461538461539,0.7196796338672768,0.21153846153846154,0.2980769230769231,0.3076923076923077,0.18461538461538463,0.35583524027459956,-0.8557530001802389,0.1240518098547619,0.5262178412713511,0.7835280022993568,1.2251192242365523,0.1849925719093591,-0.18738072730013533,0.3180792609678064,-1.043839992008068,-0.8201792419143303,-0.7003822012451941,-1.012604509139466,0.032854796305937795,-0.0019220813233598033,0.005736036169002645,0.09414979740610296
2025-07-22,3439.199951171875,0.38461538461538464,0.6634615384615384,0.7756410256410257,0.8653846153846154,0.7459954233409611,0.7307692307692307,0.3942307692307692,0.26282051282051283,0.4653846153846154,0.6750572082379863,0.4807692307692308,0.5576923076923077,0.6666666666666666,0.48846153846153845,0.5652173913043478,-0.1819102264215383,0.5228734479383549,0.8644418561659458,1.193018992432692,0.8362920446777666,-0.0933079417226852,-0.45771295514333166,0.10925526937810098,-0.12741310728533498,0.1026522123701076,0.31443733035544885,-0.145934731300112,-0.033670635750232325,-0.01666086579484871,-0.03657828873405855,0.07260408080861724
2025-07-29,3323.39990234375,0.28846153846153844,0.46153846153846156,0.6410256410256411,0.7692307692307693,0.6350114416475973,0.8076923076923077,0.4807692307692308,0.3269230769230769,0.5192307692307693,0.7059496567505721,0.17307692307692307,0.25961538461538464,0.28205128205128205,0.16923076923076924,0.33638443935926776,-0.9092607353042843,0.060531629701348504,0.4666856474474225,0.7325924009905818,1.1116486690006813,0.11560091072224832,-0.258205362152068,0.2432208767203795,-1.070855528310971,-0.8996536744548136,-0.7784751134855051,-1.0742543854352562,0.017602455834082598,0.007672865363574477,0.019618522365159485,0.13757002128755857
2025-08-05,3381.89990234375,0.34615384615384615,0.625,0.75,0.85,0.7242562929061785,1.0,0.8461538461538461,0.717948717948718,0.8153846153846154,0.8592677345537757,0.25,0.2980769230769231,0.33974358974358976,0.20384615384615384,0.36498855835240274,-0.3437427315999568,0.39688937450715417,0.7565460659567307,1.0782827691010726,2.1831076318505276,1.007431192765777,0.598414121316429,0.8650025360497212,-0.9531400071688291,-0.809058405856285,-0.6688255452508355,-0.9736541009525814,-0.009757828721403072,-0.020254886891397206,0.04952837305560642,0.13569300089761516
2025-08-12,3348.89990234375,0.34615384615384615,0.5480769230769231,0.6987179487179487,0.8153846153846154,0.6910755148741419,0.9615384615384616,0.7788461538461539,0.5705128205128205,0.7115384615384616,0.8054919908466819,0.21153846153846154,0.25961538461538464,0.2948717948717949,0.17692307692307693,0.34439359267734554,-0.4908085895605355,0.27922348677590236,0.6602075310929791,0.9714329027421647,1.6645789730480833,0.668394655776599,0.2533305773580791,0.6035372369338795,-0.9951454753778096,-0.8940036051335882,-0.7535692468879708,-1.039899594763535,-0.010600495994268155,0.011854697503713263,0.08790950911322759,0.18743474383130998
2025-08-19,3313.39990234375,0.3269230769230769,0.4807692307692308,0.6538461538461539,0.7769230769230769,0.6510297482837528,0.9423076923076923,0.7692307692307693,0.5641025641025641,0.7038461538461539,0.8020594965675057,0.11538461538461539,0.15384615384615385,0.21153846153846154,0.12692307692307692,0.3009153318077803,-0.773674844484406,0.060523774613630454,0.4847694711126782,0.7734156880484562,1.5694106146833051,0.6788566652531084,0.2412592924194126,0.5862161701734959,-1.1152544832647548,-1.07204043197051,-0.9369383032512203,-1.1923764447602512,0.02269578002320416,0.07122593316703618,0.11332770298399186,0.24907959114291334
2025-08-26,3388.60009765625,0.34615384615384615,0.5,0.6666666666666666,0.7884615384615384,0.6681922196796338,0.9038461538461539,0.7019230769230769,0.5,0.6461538461538462,0.7711670480549199,0.19230769230769232,0.22115384615384615,0.28205128205128205,0.16923076923076924,0.3295194508009153,-0.615353522806608,0.1284686983552826,0.5445921539480466,0.8496429058150679,1.3348637879587664,0.5515560309464559,0.10467061711843176,0.47554499679503776,-0.965898390082766,-0.9529337843713158,-0.8043442240857379,-1.0732355360415868,0.047453166515198486,0.07516376787808032,0.11568198922945494,0.2063093411344592
2025-09-02,3549.39990234375,0.46153846153846156,0.6730769230769231,0.782051282051282,0.8692307692307693,0.7517162471395881,0.5961538461538461,0.33653846153846156,0.22435897435897437,0.3576923076923077,0.631578947368421,0.5769230769230769,0.5769230769230769,0.6858974358974359,0.5384615384615384,0.5846681922196796,-0.03125209976687748,0.48404394009543295,0.8362914780231112,1.1896192968901136,0.3428798106588843,-0.2878105630996611,-0.6748590397952546,-0.12231447750201249,0.09516313810852818,0.16169534212632472,0.4036498435689447,-0.023496750232845563,0.026455217520677365,0.0393024183913131,0.08209842635425679,0.11742831472804816
2025-09-09,3643.300048828125,0.4807692307692308,0.6826923076923077,0.7884615384615384,0.8730769230769231,0.7562929061784897,0.4423076923076923,0.25961538461538464,0.17307692307692307,0.2923076923076923,0.5743707093821511,0.6346153846153846,0.6634615384615384,0.7628205128205128,0.6653846153846154,0.6910755148741419,0.0429790773423204,0.507759519366803,0.8582220510834151,1.2183952523589816,-0.2244649727243956,-0.7584286272346668,-1.102810803945178,-0.46586115197776345,0.45517643370583755,0.5335812415820769,0.8071856948248018,0.3408204484311154,0.012516085116374809,0.037685627587079384,0.09148300836087642,0.08355059925455799
2025-09-16,3688.89990234375,0.4423076923076923,0.6346153846153846,0.7564102564102564,0.8538461538461538,0.7448512585812357,0.36538461538461536,0.22115384615384615,0.14743589743589744,0.25,0.551487414187643,0.7115384615384616,0.7307692307692307,0.8076923076923077,0.7153846153846154,0.7219679633867276,-0.05970120310081827,0.40417727319680885,0.7789580361106245,1.1302820175168617,-0.4660651778182978,-0.9349240454577704,-1.2611478963223208,-0.6053652856277167,0.6103449068639346,0.6713659644655483,0.9593904139026374,0.49002524008374254,0.02485841246444176,0.04117762761409294,0.12193345031752378,0.11464119752207425
2025-09-23,3780.60009765625,0.4807692307692308,0.6442307692307693,0.7628205128205128,0.8576923076923076,0.7494279176201373,0.3076923076923077,0.20192307692307693,0.1346153846153846,0.23461538461538461,0.5411899313501144,0.8076923076923077,0.8269230769230769,0.8846153846153846,0.7769230769230769,0.7700228832951945,0.02245280787623767,0.41970737877531594,0.7972553442645481,1.1505908791355044,-0.6364628347492279,-1.0393807921661273,-1.3569876385155677,-0.698105197097108,0.9153512781356918,0.9448390734805149,1.2511730693344914,0.7664520385427901,0.01592338507561153,0.05184362136622389,0.08123045166983123,0.07424745911261343
2025-09-30,3840.800048828125,0.38461538461538464,0.49038461538461536,0.6602564102564102,0.7923076923076923,0.6807780320366132,0.34615384615384615,0.23076923076923078,0.15384615384615385,0.24615384615384617,0.5503432494279176,0.5961538461538461,0.5480769230769231,0.6666666666666666,0.5423076923076923,0.5892448512585813,-0.42444740907954626,0.08345097651954286,0.5389247104735176,0.8771337796620715,-0.5193901524265745,-0.9046901803618496,-1.2348327930909058,-0.6265885972263153,0.15982197830739836,0.11631460481834376,0.38695697025937137,0.013062287365299446,0.03535722950991915,0.0775620034100104,0.032649422190569766,0.0776921846206029
2025-10-07,3976.60009765625,0.23076923076923078,0.3269230769230769,0.5512820512820513,0.7153846153846154,0.6167048054919908,0.36538461538461536,0.25,0.16666666666666666,0.25,0.5526315789473685,0.5384615384615384,0.46153846153846156,0.5961538461538461,0.47307692307692306,0.5503432494279176,-0.884301205499509,-0.29509841396696346,0.2743133883851728,0.6026535227556357,-0.528394613948244,-0.8920306281560946,-1.2171183219386241,-0.6368387922685657,-0.00798759314874492,-0.08764464419630506,0.1785086282456807,-0.1597102544774656,0.040763489834391375,0.027938402350567104,-0.007267551620644075,0.052808930956816935
2025-10-14,4138.7001953125,0.09615384615384616,0.20192307692307693,0.4423076923076923,0.6230769230769231,0.5263157894736842,0.4807692307692308,0.3269230769230769,0.21794871794871795,0.3,0.5823798627002288,0.5576923076923077,0.46153846153846156,0.5961538461538461,0.4807692307692308,0.5526315789473685,-1.510666798464925,-0.8330756330317558,-0.09766465277817957,0.22603227615106145,-0.23736282633900505,-0.5954245994609401,-0.9658768958594405,-0.463274168750248,0.021402413074826432,-0.09336640269314296,0.1767292227206337,-0.1489159351936063,-0.012322768437875276,-0.041679811535031974,-0.0064997195630327464,0.016430279264252334
2025-10-21,4087.699951171875,0.019230769230769232,0.125,0.33974358974358976,0.5115384615384615,0.43249427917620137,0.5576923076923077,0.38461538461538464,0.2564102564102564,0.3346153846153846,0.61441647597254,0.4807692307692308,0.36538461538461536,0.46794871794871795,0.36538461538461536,0.4782608695652174,-1.9310013798180197,-1.2371192942710827,-0.39191719313374174,-0.054785166741081706,0.028072041495979305,-0.31483302931132745,-0.7277918115121507,-0.29497763686422473,-0.24908828708388564,-0.4141323172299143,-0.15613496230923313,-0.4358572079711495,-0.029723316645383413,-0.034249089138713384,-0.006458375775888703,0.053037172839941915
2025-10-28,3966.199951171875,0.07692307692307693,0.15384615384615385,0.40384615384615385,0.5769230769230769,0.4988558352402746,0.5384615384615384,0.38461538461538464,0.2564102564102564,0.3269230769230769,0.6121281464530892,0.40384615384615385,0.2980769230769231,0.38461538461538464,0.2653846153846154,0.40045766590389015,-1.4912396807998693,-0.9675861138500776,-0.2069821902656969,0.15312742596514164,-0.03528168011561413,-0.33610878338507755,-0.7465532437759013,-0.3240566412128395,-0.5866634449400144,-0.7726674464562758,-0.5323719601377749,-0.7658533055819258,-0.004664414358266034,0.036710164718903204,0.04361863906773267,0.13025058239007525
2025-11-04,3947.699951171875,0.038461538461538464,0.125,0.36538461538461536,0.5384615384615384,0.4782608695652174,0.5,0.375,0.25,0.3153846153846154,0.6018306636155606,0.3269230769230769,0.2403846153846154,0.34615384615384615,0.21923076923076923,0.36727688787185353,-1.5330719243566304,-1.0672277369643177,-0.2892370910417967,0.08849427789420919,-0.16336766103132527,-0.41894175163642183,-0.8175714208789512,-0.3949060886513901,-0.7273850528511326,-0.920990163536319,-0.6914843949709991,-0.9068189518367255,0.041568471653199435,0.028776274555143866,0.06051628782310514,0.10699905051268788
2025-11-10,4111.7998046875,0.09615384615384616,0.14423076923076922,0.3974358974358974,0.573076923076923,0.4977116704805492,0.5,0.38461538461538464,0.2564102564102564,0.3192307692307692,0.6086956521739131,0.46153846153846156,0.3269230769230769,0.4166666666666667,0.29615384615384616,0.41533180778032036,-1.3638214126701305,-1.0044918321368466,-0.2365886786628423,0.1495669676003275,-0.1168123987429063,-0.35669183236834573,-0.7622929980123488,-0.37111160798385384,-0.45009256584289004,-0.6860515957166666,-0.4490898497845032,-0.6891874747601798,-0.012281666972648986,0.006663843554290505,0.02308001243562785,0.09008230172167897
2025-11-18,4061.300048828125,0.038461538461538464,0.10576923076923077,0.34615384615384615,0.5230769230769231,0.4679633867276888,0.4807692307692308,0.38461538461538464,0.2564102564102564,0.31153846153846154,0.6064073226544623,0.5384615384615384,0.3942307692307692,0.47435897435897434,0.3769230769230769,0.4759725400457666,-1.4770070050909259,-1.161051552724661,-0.3560601849821114,0.04575517642577111,-0.15172771107198277,-0.3590142701858099,-0.7634049281807092,-0.3892659159081572,-0.11867641229329826,-0.39537744900888794,-0.15794769094149114,-0.41921407354982476,0.01918108624031678,0.03085220183726145,0.05988229095312714,0.1299830448717274
2025-11-25,4139.2001953125,0.21153846153846154,0.22115384615384615,0.44871794871794873,0.6307692307692307,0.534324942791762,0.8076923076923077,0.6538461538461539,0.44871794871794873,0.5384615384615384,0.7208237986270023,0.057692307692307696,0.07692307692307693,0.10897435897435898,0.06923076923076923,0.2540045766590389,-1.1019875046682657,-0.8838567072858377,-0.1654767762670669,0.23850074481362132,0.911825599743191,0.5409842943773752,0.032190759975681826,0.21661079038182143,-1.1205011751627167,-1.2910859801484662,-1.121401220215419,-1.27457185548715,0.01145146407690767,0.01630749826414335,0.0830111116065646,0.14988400489696807
2025-12-02,4186.60009765625,0.25,0.25,0.5,0.676923076923077,0.5755148741418764,0.7115384615384616,0.5673076923076923,0.391025641025641,0.48846153846153845,0.7025171624713958,0.057692307692307696,0.04807692307692308,0.03205128205128205,0.019230769230769232,0.1853546910755149,-0.743715700682906,-0.6152709629708256,0.02762318202642543,0.4296912242714117,0.7050376834843336,0.39120444876088195,-0.09428786874206474,0.1048638381497089,-1.448313003142526,-1.594397778234859,-1.476717441865058,-1.5814467210326797,0.004801055077484628,0.028161252470651155,0.043830314746977406,0.21337118039709324
2025-12-09,4206.7001953125,0.28846153846153844,0.25961538461538464,0.5064102564102564,0.6807692307692308,0.5869565217391305,0.6730769230769231,0.5384615384615384,0.3717948717948718,0.47307692307692306,0.6967963386727689,0.07692307692307693,0.08653846153846154,0.10256410256410256,0.06923076923076923,0.2494279176201373,-0.6178432988465834,-0.5453277590168586,0.07828919638423418,0.4844315086643015,0.6165262795888253,0.3440667807244936,-0.13384683463653946,0.059484058344885495,-1.049954303199258,-1.251232461436284,-1.1276424683708102,-1.2602722626480345,0.023248579681641512,0.06563329844200827,0.06549076169178591,0.16568806134001735
2025-12-16,4304.5,0.4807692307692308,0.36538461538461536,0.5769230769230769,0.7307692307692307,0.6247139588100686,0.8846153846153846,0.75,0.5512820512820513,0.5961538461538461,0.7471395881006865,0.5576923076923077,0.40384615384615385,0.4551282051282051,0.3769230769230769,0.4691075514874142,-0.3166578748854665,-0.3268183577508466,0.23957105384002308,0.6405710231798968,1.0427453396749686,0.7210588499176822,0.2040163035709823,0.32172439341516385,-0.07217023119637876,-0.3625811623600361,-0.1835517144044197,-0.40138656919798327,0.0414217225432687,0.015239887944302533,0.06614013133058427,0.16245784752874903
2025-12-23,4482.7998046875,0.5192307692307693,0.40384615384615385,0.6025641025641025,0.7461538461538462,0.648741418764302,0.5961538461538461,0.5192307692307693,0.34615384615384615,0.4307692307692308,0.6762013729977117,0.6923076923076923,0.5480769230769231,0.6602564102564102,0.5769230769230769,0.5823798627002288,-0.18663435244891724,-0.24314748588695625,0.3006482325423978,0.7023445320562067,0.37116457792227764,0.20593630333650034,-0.25083519832169426,-0.06550441396607844,0.44432458972370026,0.12029600096896832,0.32895492162845963,0.07178475206627959,-0.02514047290566135,-0.00013375778556357076,0.06174719037850185,0.08925227872944053
2025-12-30,4370.10009765625,0.38461538461538464,0.27884615384615385,0.5192307692307693,0.6923076923076923,0.602974828375286,0.5,0.4519230769230769,0.30128205128205127,0.3423076923076923,0.6361556064073226,0.5961538461538461,0.47115384615384615,0.5512820512820513,0.46923076923076923,0.5297482837528604,-0.4817297179642519,-0.5058156140505989,0.09675288980266525,0.5229306089879897,0.03789975603578297,-0.02181894944333951,-0.45459274220139406,-0.25393440167308706,0.17255453193524634,-0.11101799339245283,0.069927505876539,-0.15037462524596176,0.02565160869344174,0.050136173716880394,0.1624218642195807,0.17978986510003114
2026-01-06,4482.2001953125,0.28846153846153844,0.22115384615384615,0.4807692307692308,0.6653846153846154,0.585812356979405,0.5961538461538461,0.5384615384615384,0.36538461538461536,0.45,0.6864988558352403,0.6346153846153846,0.5192307692307693,0.6153846153846154,0.5384615384615384,0.5583524027459954,-0.5424860525191633,-0.5906380212743031,0.03499180287087221,0.4704476913466868,0.3900563485358725,0.2755952361733076,-0.19715740813928903,-0.04744495566535423,0.32611606753669026,0.03311806977619052,0.2241741007354179,-0.004062406900142895,0.023872204573080147,0.06188922632992955,0.09403863764068499,0.1394850028530823
2026-01-13,4589.2001953125,0.5576923076923077,0.375,0.5833333333333334,0.7346153846153847,0.6395881006864989,0.5769230769230769,0.5384615384615384,0.358974358974359,0.4269230769230769,0.6773455377574371,0.8846153846153846,0.8076923076923077,0.8717948717948718,0.8307692307692308,0.7608695652173914,-0.14752262263044652,-0.3138572224925322,0.25028423832171265,0.6674573191409933,0.2958810590168471,0.23792899078366755,-0.23472488261446156,-0.09454682667465517,1.3265861114235198,0.925621262686281,1.1909097882623547,0.8865166350637893,0.03713063172049025,0.10692488585101612,0.09034245439945732,0.13956680309005032
2026-01-20,4759.60009765625,0.6346153846153846,0.4230769230769231,0.6153846153846154,0.7538461538461538,0.6521739130434783,0.9038461538461539,0.8076923076923077,0.6089743589743589,0.6461538461538462,0.7723112128146453,0.9038461538461539,0.8076923076923077,0.8717948717948718,0.8346153846153846,0.7620137299771167,-0.011844611886842571,-0.2697421394314742,0.2959510812563924,0.7110786128711583,1.2105498030081294,0.9071461577881795,0.3438496761572885,0.4043626058802123,1.421623411484574,0.9217172057319263,1.1954683849830772,0.9000023352019391,0.06729552864015265,0.030275673312808005,0.02590549671351927,0.05071852621875128
2026-01-27,5079.89990234375,0.25,0.17307692307692307,0.44871794871794873,0.6461538461538462,0.5697940503432495,0.9230769230769231,0.8557692307692307,0.6538461538461539,0.6846153846153846,0.7917620137299771,0.6538461538461539,0.5096153846153846,0.6153846153846154,0.5423076923076923,0.5594965675057209,-0.6587598736123363,-0.8152143609758706,-0.08250104017194007,0.3729456652273117,1.422791453690022,1.045288150892198,0.4566056595378669,0.4982770332597616,0.45087449381719114,0.006077531517107808,0.2181826854406079,0.00831142612434048,-0.03468566515453497,-0.014980629366562748,0.014941220063948712,-0.1339790371346169
2026-02-03,4903.7001953125,0.019230769230769232,0.038461538461538464,0.24358974358974358,0.47307692307692306,0.4302059496567506,1.0,1.0,0.9551282051282052,0.9423076923076923,0.9176201372997712,0.019230769230769232,0.019230769230769232,0.01282051282051282,0.007692307692307693,0.14302059496567507,-1.6212245748687109,-1.545899980883732,-0.5956996442879752,-0.08178143462706498,2.9839458229901568,2.206615588633979,1.4893345353569887,1.445685542707385,-1.7573077536774913,-1.7994033799601725,-1.7075435536522234,-1.7568399096862646,0.020413076939468366,-0.004241754622077654,0.04154000018719928,-0.05222588809590334
2026-02-10,5003.7998046875,0.019230769230769232,0.028846153846153848,0.23717948717948717,0.46923076923076923,0.4290617848970252,1.0,1.0,0.9871794871794872,0.9730769230769231,0.9508009153318078,0.019230769230769232,0.009615384615384616,0.00641025641025641,0.0038461538461538464,0.12814645308924486,-1.5990884537311838,-1.6221907655405836,-0.6073058667635304,-0.0843049037114318,3.215980752499349,2.6017097322099834,1.8732041733168139,1.820203330861884,-1.8324930801051267,-1.905442067272285,-1.8242008300921226,-1.855619327190766,-0.02416161858244059,0.03037691473140236,0.0451457691039876,-0.06928728577559518
2026-02-17,4882.89990234375,0.07692307692307693,0.04807692307692308,0.27564102564102566,0.49615384615384617,0.45080091533180777,0.9807692307692307,0.9903846153846154,0.9743589743589743,0.9576923076923077,0.9267734553775744,0.038461538461538464,0.019230769230769232,0.019230769230769232,0.011538461538461539,0.13844393592677345,-1.4136342959658454,-1.5685249074695424,-0.5432876974322896,-0.018641791068293837,2.6633341851884245,2.32599387831265,1.6709929029663335,1.6391568922645559,-1.6844450397330906,-1.8441839142113634,-1.7496171932848268,-1.7782103835918133,0.05588889958869747,0.04597677701569136,0.02418646706223959,-0.011857687747389267
2026-02-24,5155.7998046875,0.09615384615384616,0.04807692307692308,0.27564102564102566,0.49615384615384617,0.45308924485125857,0.9807692307692307,0.9903846153846154,0.9807692307692307,0.9615384615384616,0.9393592677345538,0.1346153846153846,0.0673076923076923,0.0641025641025641,0.038461538461538464,0.1945080091533181,-1.3775054715488972,-1.6172655654028598,-0.5566191756287282,-0.02061514498537107,2.5728310952095765,2.3695363858338814,1.7585374545033339,1.729227630023931,-1.2592732726330438,-1.5524381605732234,-1.4285665609549394,-1.4771498486853074,-0.009387467352736656,0.014333448431766538,-0.14672796242247665,-0.08871560566178216
2026-03-03,5107.39990234375,0.11538461538461539,0.057692307692307696,0.27564102564102566,0.5,0.465675057208238,0.9615384615384616,0.9807692307692307,0.967948717948718,0.9538461538461539,0.9279176201372997,0.07692307692307693,0.038461538461538464,0.03205128205128205,0.019230769230769232,0.14416475972540047,-1.2527578428554214,-1.5482042862979442,-0.5363524982388636,0.008739621127977232,2.3071104519955945,2.2279923205861722,1.6841984932303287,1.6599906688572215,-1.4888944684718595,-1.7509268706112096,-1.659178033026287,-1.6926649226968886,0.02394570531135165,-0.02083249880138105,-0.09002619992151017,-0.10101028159298964
2026-03-10,5229.7001953125,0.15384615384615385,0.07692307692307693,0.28205128205128205,0.5038461538461538,0.4691075514874142,0.9807692307692307,0.9903846153846154,0.9807692307692307,0.9615384615384616,0.9405034324942791,0.09615384615384616,0.04807692307692308,0.04487179487179487,0.026923076923076925,0.16590389016018306,-1.1946544996188548,-1.5050646931315308,-0.5340986126062793,0.013347343808202284,2.229829587636694,2.228681252259345,1.7328394889829897,1.7163547143552436,-1.320253446446945,-1.6170471954566894,-1.5411928844738287,-1.5879182932682072,-0.043731033667568364,-0.15878546754349454,-0.10949004269297968,-0.12886023394400936
2026-03-17,5001.0,0.21153846153846154,0.10576923076923077,0.30128205128205127,0.5269230769230769,0.488558352402746,1.0,1.0,0.9935897435897436,0.9769230769230769,0.954233409610984,0.09615384615384616,0.04807692307692308,0.04487179487179487,0.026923076923076925,0.15560640732265446,-1.0248164303420852,-1.3732114253090295,-0.46324637713625894,0.07345586896836469,2.2262963524035277,2.2731855956248506,1.8215605025767083,1.818066992580966,-1.3615829047981,-1.6354943530574608,-1.5807700363620418,-1.6295190642980684,-0.12031597586732656,-0.07066584729929015,-0.03519296140771844,-0.06466704705933812
2026-03-24,4399.2998046875,0.019230769230769232,0.009615384615384616,0.20512820512820512,0.4423076923076923,0.425629290617849,0.8846153846153846,0.9423076923076923,0.9294871794871795,0.9307692307692308,0.9233409610983981,0.019230769230769232,0.009615384615384616,0.00641025641025641,0.0038461538461538464,0.12585812356979406,-1.4839259224463335,-1.6447576592730502,-0.6751349385768568,-0.1131865229892561,1.7989452902481817,1.9385607891997405,1.527949776756087,1.5351076812329674,-1.520491369582815,-1.753858499951321,-1.7290849347228163,-1.776574139435919,0.05644086649975155,0.05860030105110381,0.06798811423071371,0.0243220523152321
2026-03-31,4647.60009765625,0.09615384615384616,0.04807692307692308,0.23076923076923078,0.46153846153846156,0.43363844393592677,0.9230769230769231,0.9615384615384616,0.9615384615384616,0.95,0.9382151029748284,0.019230769230769232,0.009615384615384616,0.00641025641025641,0.0038461538461538464,0.004576659038901602,-1.3672858721560448,-1.5756870837638806,-0.6477661300593622,-0.09402148722057495,1.8691873869018825,2.029997406144626,1.6519443043470654,1.6674622467457836,-2.5439368588108446,-2.566765581745069,-2.646202687733675,-2.6541523207002893,0.0020440657114175753,0.038170216588387484,-0.012070766950138645,-0.0316723023107629
2026-04-07,4657.10009765625,0.019230769230769232,0.009615384615384616,0.20512820512820512,0.4269230769230769,0.4073226544622426,0.9615384615384616,0.9807692307692307,0.9743589743589743,0.9576923076923077,0.9427917620137299,0.019230769230769232,0.009615384615384616,0.00641025641025641,0.0038461538461538464,0.002288329519450801,-1.4342019903863679,-1.619917699670744,-0.7019465107436714,-0.14564950823804915,1.8099558978281087,2.0174366351961277,1.6710545305926696,1.6929957951462706,-2.50420832214195,-2.5876951129105037,-2.7108584404120215,-2.7456843806494087,0.036052457285220996,0.008868137643913698,-0.021751796363520426,
2026-04-14,4825.0,0.1346153846153846,0.0673076923076923,0.2564102564102564,0.46923076923076923,0.4450800915331808,0.9615384615384616,0.9807692307692307,0.9743589743589743,0.9653846153846154,0.9496567505720824,0.057692307692307696,0.028846153846153848,0.019230769230769232,0.011538461538461539,0.005720823798627002,-1.1548357296517702,-1.450951844658627,-0.5963830658109295,-0.05823459062183161,1.7655993593180075,2.0260552710501676,1.6989554493643937,1.7279449349701899,-2.158151004173669,-2.346415415725969,-2.477587012719601,-2.5484987933055163,-0.02623836220854925,-0.04839378238341974,-0.03054920255829019,
2026-04-21,4698.39990234375,0.1346153846153846,0.0673076923076923,0.24358974358974358,0.4576923076923077,0.43478260869565216,0.8653846153846154,0.9326923076923077,0.9423076923076923,0.9384615384615385,0.9324942791762014,0.07692307692307693,0.038461538461538464,0.02564102564102564,0.015384615384615385,0.010297482837528604,-1.2113610375711623,-1.4820960167257158,-0.6388138277820496,-0.09946602619992467,1.5633594962598203,1.8845729798316546,1.5688849497841213,1.5981357353254468,-1.9476779018706631,-2.198271058863833,-2.3415542902945137,-2.437295866152482,-0.02275240604581663,-0.030350779120592808,-0.040886280786874396,
2026-04-28,4591.5,0.019230769230769232,0.009615384615384616,0.20512820512820512,0.4115384615384615,0.40503432494279173,0.8653846153846154,0.9326923076923077,0.9423076923076923,0.9384615384615385,0.9359267734553776,0.09615384615384616,0.04807692307692308,0.03205128205128205,0.019230769230769232,0.017162471395881007,-1.3245113848894765,-1.5415876175652907,-0.7003765779796516,-0.15910556351697455,1.5108546918835333,1.8740244227864085,1.5661735875021543,1.5983288034117622,-1.765087048014353,-2.060595260616048,-2.21040523316055,-2.3288881027128214,-0.007775279388544054,0.018752063085320625,-0.019841031831917655,
2026-05-05,4555.7998046875,0.17307692307692307,0.08653846153846154,0.2692307692307692,0.4653846153846154,0.4416475972540046,0.9423076923076923,0.9711538461538461,0.967948717948718,0.9576923076923077,0.9462242562929062,0.09615384615384616,0.04807692307692308,0.03205128205128205,0.019230769230769232,0.012585812356979404,-1.1099478193097623,-1.3988293303430555,-0.6059767913130988,-0.08029638430536704,1.5130371984528892,1.908402677088132,1.6118981645642676,1.651862205926148,-1.7123114754794244,-2.0294858040537758,-2.19517250980653,-2.326811055709803,0.026735216249719418,-0.010865271109821162,,
2026-05-12,4677.60009765625,0.2692307692307692,0.1346153846153846,0.3141025641025641,0.49230769230769234,0.4668192219679634,0.8269230769230769,0.9134615384615384,0.9294871794871795,0.9307692307692308,0.9347826086956522,0.1346153846153846,0.0673076923076923,0.04487179487179487,0.026923076923076925,0.032036613272311214,-0.9383634656895187,-1.2792982533142483,-0.5285263634482319,-0.014128380426495522,1.3895039018323678,1.8243702818355434,1.5327072915291573,1.5704322403307893,-1.4616213350269445,-1.8185296912078712,-1.9778664410198716,-2.126426838444684,-0.03662140614683618,-0.037882715839964054,,
2026-05-19,4506.2998046875,0.17307692307692307,0.08653846153846154,0.26282051282051283,0.46153846153846156,0.43935926773455375,0.9807692307692307,0.9903846153846154,0.9871794871794872,0.9730769230769231,0.9530892448512586,0.15384615384615385,0.07692307692307693,0.05128205128205128,0.03076923076923077,0.041189931350114416,-1.113038209593873,-1.372551951274259,-0.6195632217867347,-0.09241732471618594,1.4753964759449256,1.917726203852293,1.656748516992322,1.7017558576074738,-1.3461480434850286,-1.7226485345098164,-1.8840789025779374,-2.0442024218750086,-0.0013092565074371842,,,
2026-05-26,4500.39990234375,0.2692307692307692,0.1346153846153846,0.30128205128205127,0.49230769230769234,0.4610983981693364,0.8846153846153846,0.9423076923076923,0.9487179487179487,0.9423076923076923,0.9416475972540046,0.019230769230769232,0.009615384615384616,0.00641025641025641,0.0038461538461538464,0.0011441647597254005,-0.9241131775111836,-1.2458590764577375,-0.5420590868410806,-0.02241683381845511,1.3230416655208244,1.7897033600656775,1.5502496447574468,1.5900487759559927,-1.8034907464850787,-2.1274736811050725,-2.3581206797165875,-2.5154784786086264,,,,
