date,gold_close,gold_price_source,gold_price_benchmark_recommendation,gold_return_1w,gold_return_2w,gold_return_4w,gold_return_8w,gold_return_zscore_52w,gold_close_percentile_156w,gold_close_zscore_156w,gold_anomaly_2025_2026,gold_anomaly_reason,sample_split,gold_regime,mm_long,mm_short,mm_net,mm_net_change,mm_net_percentile_156w,mm_net_zscore_156w,producer_long,producer_short,producer_net,producer_net_percentile_156w,producer_net_zscore_156w,swap_long,swap_short,swap_net,swap_net_percentile_156w,swap_net_zscore_156w,total_open_interest,oi_change,oi_percentile_156w,oi_zscore_156w
2009-09-01,954.7000122070312,COMEX GC futures proxy via Yahoo Finance GC=F,Keep GC futures for COT/COMEX alignment; use licensed LBMA PM or reliable XAUUSD spot for benchmark-grade v0.2 pricing.,,,,,,,,False,,train_2009_2018,unclassified,157220,7182,150038,,,,34229,171642,-137413,,,35705,115000,-79295,,,384703,,,
2009-09-08,997.9000244140624,COMEX GC futures proxy via Yahoo Finance GC=F,Keep GC futures for COT/COMEX alignment; use licensed LBMA PM or reliable XAUUSD spot for benchmark-grade v0.2 pricing.,0.045249828904017075,,,,,,,False,,train_2009_2018,unclassified,194723,7174,187549,37511.0,,,35941,225602,-189661,,,36572,117708,-81136,,,451713,67010.0,,
2009-09-15,1005.0,COMEX GC futures proxy via Yahoo Finance GC=F,Keep GC futures for COT/COMEX alignment; use licensed LBMA PM or reliable XAUUSD spot for benchmark-grade v0.2 pricing.,0.007114916737382071,0.05268669440643192,,,,,,False,,train_2009_2018,unclassified,207387,5527,201860,14311.0,,,35158,227069,-191911,,,34830,127580,-92750,,,467892,16179.0,,
2009-09-22,1014.2000122070312,COMEX GC futures proxy via Yahoo Finance GC=F,Keep GC futures for COT/COMEX alignment; use licensed LBMA PM or reliable XAUUSD spot for benchmark-grade v0.2 pricing.,0.009154241002021113,0.016334289401926494,,,,,,False,,train_2009_2018,unclassified,208236,5170,203066,1206.0,,,34672,223434,-188762,,,33998,132846,-98848,,,467145,-747.0,,
2009-09-29,993.0999755859376,COMEX GC futures proxy via Yahoo Finance GC=F,Keep GC futures for COT/COMEX alignment; use licensed LBMA PM or reliable XAUUSD spot for benchmark-grade v0.2 pricing.,-0.02080461089245822,-0.011840820312499889,0.04022202041260603,,,,,False,,train_2009_2018,unclassified,198175,3726,194449,-8617.0,,,40629,223576,-182947,,,34250,126537,-92287,,,454585,-12560.0,,
2009-10-06,1038.5999755859375,COMEX GC futures proxy via Yahoo Finance GC=F,Keep GC futures for COT/COMEX alignment; use licensed LBMA PM or reliable XAUUSD spot for benchmark-grade v0.2 pricing.,0.04581613243234095,0.024058334732030673,0.04078559993599851,,,,,False,,train_2009_2018,unclassified,215753,6378,209375,14926.0,,,35439,223592,-188153,,,35957,129668,-93711,,,484307,29722.0,,
2009-10-13,1064.199951171875,COMEX GC futures proxy via Yahoo Finance GC=F,Keep GC futures for COT/COMEX alignment; use licensed LBMA PM or reliable XAUUSD spot for benchmark-grade v0.2 pricing.,0.024648542449170474,0.07159397576662685,0.05890542405161692,,,,,False,,train_2009_2018,unclassified,232086,5232,226854,17479.0,,,36541,237816,-201275,,,39405,134056,-94651,,,504187,19880.0,,
2009-10-20,1057.800048828125,COMEX GC futures proxy via Yahoo Finance GC=F,Keep GC futures for COT/COMEX alignment; use licensed LBMA PM or reliable XAUUSD spot for benchmark-grade v0.2 pricing.,-0.006013815671296108,0.01848649498701893,0.042989584003469306,,,,,False,,train_2009_2018,unclassified,233990,6715,227275,421.0,,,36742,236996,-200254,,,38833,136072,-97239,,,509678,5491.0,,
2009-10-27,1034.699951171875,COMEX GC futures proxy via Yahoo Finance GC=F,Keep GC futures for COT/COMEX alignment; use licensed LBMA PM or reliable XAUUSD spot for benchmark-grade v0.2 pricing.,-0.02183786782940811,-0.027720354588923968,0.04188901078302121,0.08379589184240555,,,,False,,train_2009_2018,unclassified,217920,7549,210371,-16904.0,,,36640,225639,-188999,,,39014,133494,-94480,,,497479,-12199.0,,
2009-11-03,1084.300048828125,COMEX GC futures proxy via Yahoo Finance GC=F,Keep GC futures for COT/COMEX alignment; use licensed LBMA PM or reliable XAUUSD spot for benchmark-grade v0.2 pricing.,0.04793669662405442,0.025051993549591645,0.04400161208978015,0.08658184417301129,,,,False,,train_2009_2018,unclassified,227499,9278,218221,7850.0,,,36678,229511,-192833,,,41498,132517,-91019,,,493991,-3488.0,,
2009-11-09,1100.800048828125,COMEX GC futures proxy via Yahoo Finance GC=F,Keep GC futures for COT/COMEX alignment; use licensed LBMA PM or reliable XAUUSD spot for benchmark-grade v0.2 pricing.,0.01521719012909073,0.0638833485798338,0.03439212491594912,0.09532343166977619,,,,False,,train_2009_2018,unclassified,223460,8495,214965,-3256.0,,,37063,230201,-193138,,,46560,136206,-89646,,,530505,36514.0,,
2009-11-17,1138.800048828125,COMEX GC futures proxy via Yahoo Finance GC=F,Keep GC futures for COT/COMEX alignment; use licensed LBMA PM or reliable XAUUSD spot for benchmark-grade v0.2 pricing.,0.03452034730599207,0.050262840123360464,0.0765740180195067,0.1228554872031089,,,,False,,train_2009_2018,unclassified,222637,8401,214236,-729.0,,,37355,231739,-194384,,,47957,135119,-87162,,,533119,2614.0,,
2009-11-24,1165.5,COMEX GC futures proxy via Yahoo Finance GC=F,Keep GC futures for COT/COMEX alignment; use licensed LBMA PM or reliable XAUUSD spot for benchmark-grade v0.2 pricing.,0.023445688467743198,0.05877538908247004,0.1264135063309746,0.17359785384381343,,,,False,,train_2009_2018,unclassified,225366,3589,221777,7541.0,,,38162,241240,-203078,,,46498,149524,-103026,,,521253,-11866.0,,
2009-12-01,1199.0999755859375,COMEX GC futures proxy via Yahoo Finance GC=F,Keep GC futures for COT/COMEX alignment; use licensed LBMA PM or reliable XAUUSD spot for benchmark-grade v0.2 pricing.,0.028828807881542184,0.052950407597772475,0.10587468559268665,0.15453495452804367,,,,False,,train_2009_2018,unclassified,224030,6874,217156,-4621.0,,,41154,232019,-190865,,,44990,162356,-117366,,,521433,180.0,,
2009-12-08,1142.800048828125,COMEX GC futures proxy via Yahoo Finance GC=F,Keep GC futures for COT/COMEX alignment; use licensed LBMA PM or reliable XAUUSD spot for benchmark-grade v0.2 pricing.,-0.04695182045208668,-0.01947657758204635,0.03815406807504407,0.07385839246628145,,,,False,,train_2009_2018,unclassified,213164,5353,207811,-9345.0,,,36817,229114,-192297,,,39735,146624,-106889,,,505652,-15781.0,,
2009-12-15,1122.4000244140625,COMEX GC futures proxy via Yahoo Finance GC=F,Keep GC futures for COT/COMEX alignment; use licensed LBMA PM or reliable XAUUSD spot for benchmark-grade v0.2 pricing.,-0.017850913145288638,-0.06396460072847199,-0.014401144811100774,0.06107011968613918,,,,False,,train_2009_2018,unclassified,212517,4429,208088,277.0,,,37536,233192,-195656,,,39986,148121,-108135,,,504368,-1284.0,,
2009-12-22,1086.0,COMEX GC futures proxy via Yahoo Finance GC=F,Keep GC futures for COT/COMEX alignment; use licensed LBMA PM or reliable XAUUSD spot for benchmark-grade v0.2 pricing.,-0.032430527104687745,-0.04970252572737477,-0.06821106821106826,0.04957963781676411,,,,False,,train_2009_2018,unclassified,206996,4813,202183,-5905.0,,,39181,230615,-191434,,,44188,138419,-94231,,,499233,-5135.0,,
2009-12-29,1097.0,COMEX GC futures proxy via Yahoo Finance GC=F,Keep GC futures for COT/COMEX alignment; use licensed LBMA PM or reliable XAUUSD spot for benchmark-grade v0.2 pricing.,0.01012891344383049,-0.022630099662838465,-0.08514717510193137,0.011712580097732905,,,,False,,train_2009_2018,unclassified,201751,5926,195825,-6358.0,,,41013,226658,-185645,,,44223,137520,-93297,,,491712,-7521.0,,
2010-01-05,1118.0999755859375,COMEX GC futures proxy via Yahoo Finance GC=F,Keep GC futures for COT/COMEX alignment; use licensed LBMA PM or reliable XAUUSD spot for benchmark-grade v0.2 pricing.,0.019234253040963933,0.029557988569003157,-0.02161364384567188,0.015715775790734687,,,,False,,train_2009_2018,unclassified,198506,6907,191599,-4226.0,,,40511,227533,-187022,,,45718,137247,-91529,,,507643,15931.0,,
2010-01-12,1128.9000244140625,COMEX GC futures proxy via Yahoo Finance GC=F,Keep GC futures for COT/COMEX alignment; use licensed LBMA PM or reliable XAUUSD spot for benchmark-grade v0.2 pricing.,0.009659287240808112,0.029079329456757064,0.0057911616701837865,-0.008693382498753843,,,,False,,train_2009_2018,unclassified,202180,11137,191043,-556.0,,,40771,237041,-196270,,,45191,131409,-86218,,,523266,15623.0,,
2010-01-19,1139.699951171875,COMEX GC futures proxy via Yahoo Finance GC=F,Keep GC futures for COT/COMEX alignment; use licensed LBMA PM or reliable XAUUSD spot for benchmark-grade v0.2 pricing.,0.009566769885949844,0.01931846530505288,0.049447468850713605,-0.02213646403099523,,,,False,,train_2009_2018,unclassified,200320,7695,192625,1582.0,,,43562,234633,-191071,,,46708,129284,-82576,,,528924,5658.0,,
2010-01-26,1097.9000244140625,COMEX GC futures proxy via Yahoo Finance GC=F,Keep GC futures for COT/COMEX alignment; use licensed LBMA PM or reliable XAUUSD spot for benchmark-grade v0.2 pricing.,-0.03667625563625976,-0.027460359048260274,0.000820441580731579,-0.08439659180413528,,,,False,,train_2009_2018,unclassified,182133,7766,174367,-18258.0,,,42580,215889,-173309,,,49961,125270,-75309,,,507565,-21359.0,,
2010-02-02,1117.4000244140625,COMEX GC futures proxy via Yahoo Finance GC=F,Keep GC futures for COT/COMEX alignment; use licensed LBMA PM or reliable XAUUSD spot for benchmark-grade v0.2 pricing.,0.017761180040420266,-0.0195664891754036,-0.0006260184126273272,-0.02222613171928789,,,,False,,train_2009_2018,unclassified,187024,8423,178601,4234.0,,,36275,199560,-163285,,,48602,129896,-81294,,,480860,-26705.0,,
2010-02-09,1076.699951171875,COMEX GC futures proxy via Yahoo Finance GC=F,Keep GC futures for COT/COMEX alignment; use licensed LBMA PM or reliable XAUUSD spot for benchmark-grade v0.2 pricing.,-0.036423905810749946,-0.01930965731920964,-0.04623976624438564,-0.040716386536114646,,,,False,,train_2009_2018,unclassified,166132,13404,152728,-25873.0,,,39206,186145,-146939,,,54500,120988,-66488,,,466905,-13955.0,,
2010-02-16,1119.300048828125,COMEX GC futures proxy via Yahoo Finance GC=F,Keep GC futures for COT/COMEX alignment; use licensed LBMA PM or reliable XAUUSD spot for benchmark-grade v0.2 pricing.,0.039565431028286246,0.0017003976844003343,-0.017899362303889,0.030663028386855418,,,,False,,train_2009_2018,unclassified,167613,10459,157154,4426.0,,,39006,176708,-137702,,,48447,130623,-82176,,,466509,-396.0,,
2010-02-23,1102.699951171875,COMEX GC futures proxy via Yahoo Finance GC=F,Keep GC futures for COT/COMEX alignment; use licensed LBMA PM or reliable XAUUSD spot for benchmark-grade v0.2 pricing.,-0.014830784358161875,0.024147860294506218,0.004371916068017345,0.0051959445504785595,,,,False,,train_2009_2018,unclassified,171565,6909,164656,7502.0,,,33555,188865,-155310,,,46135,128869,-82734,,,466572,63.0,,
2010-03-02,1136.9000244140625,COMEX GC futures proxy via Yahoo Finance GC=F,Keep GC futures for COT/COMEX alignment; use licensed LBMA PM or reliable XAUUSD spot for benchmark-grade v0.2 pricing.,0.031014849693102864,0.015724090787241796,0.017451225679205873,0.016814282477980447,0.8537907794582005,,,False,,train_2009_2018,bull,182360,5689,176671,12015.0,,,33337,194206,-160869,,,46283,136951,-90668,,,482786,16214.0,,
2010-03-09,1122.0,COMEX GC futures proxy via Yahoo Finance GC=F,Keep GC futures for COT/COMEX alignment; use licensed LBMA PM or reliable XAUUSD spot for benchmark-grade v0.2 pricing.,-0.01310583524856701,0.017502538934198952,0.04207304809368728,-0.006112166059739299,-0.7024881631243276,,,False,,train_2009_2018,bull,179078,4670,174408,-2263.0,,,39179,198734,-159555,,,48572,140804,-92232,,,493909,11123.0,,
2010-03-16,1122.199951171875,COMEX GC futures proxy via Yahoo Finance GC=F,Keep GC futures for COT/COMEX alignment; use licensed LBMA PM or reliable XAUUSD spot for benchmark-grade v0.2 pricing.,0.00017820960060155322,-0.01292996123363055,0.002590817669297918,-0.015354918618717073,-0.2192121177626969,,,False,,train_2009_2018,bull,176715,6438,170277,-4131.0,,,48383,194109,-145726,,,48552,145121,-96569,,,496481,2572.0,,
2010-03-23,1103.5,COMEX GC futures proxy via Yahoo Finance GC=F,Keep GC futures for COT/COMEX alignment; use licensed LBMA PM or reliable XAUUSD spot for benchmark-grade v0.2 pricing.,-0.016663653524799482,-0.01648841354723707,0.0007255362868880955,0.005100624338656212,-0.8135655132531872,,,False,,train_2009_2018,bull,162654,8962,153692,-16585.0,,,57625,191137,-133512,,,49818,140129,-90311,,,495143,-1338.0,,
2010-03-30,1104.5,COMEX GC futures proxy via Yahoo Finance GC=F,Keep GC futures for COT/COMEX alignment; use licensed LBMA PM or reliable XAUUSD spot for benchmark-grade v0.2 pricing.,0.0009062075215224841,-0.015772546731437243,-0.0284985695472747,-0.011544678836772904,-0.1617920986888257,,,False,,train_2009_2018,bull,155355,8135,147220,-6472.0,,,62006,189646,-127640,,,58930,138981,-80051,,,466678,-28465.0,,
2010-04-06,1135.0999755859375,COMEX GC futures proxy via Yahoo Finance GC=F,Keep GC futures for COT/COMEX alignment; use licensed LBMA PM or reliable XAUUSD spot for benchmark-grade v0.2 pricing.,0.027704821716557193,0.02863613555590172,0.011675557563224137,0.05423983195178961,0.8221737888725851,,,False,,train_2009_2018,bull,181635,6500,175135,27915.0,,,51492,205216,-153724,,,61357,152539,-91182,,,497388,30710.0,,
2010-04-13,1152.800048828125,COMEX GC futures proxy via Yahoo Finance GC=F,Keep GC futures for COT/COMEX alignment; use licensed LBMA PM or reliable XAUUSD spot for benchmark-grade v0.2 pricing.,0.01559340465411485,0.04373023886656857,0.027267954899031555,0.02992941886768752,0.35838758750413285,,,False,,train_2009_2018,bull,200201,3506,196695,21560.0,,,51345,223301,-171956,,,67053,158581,-91528,,,528856,31468.0,,
2010-04-20,1138.5999755859375,COMEX GC futures proxy via Yahoo Finance GC=F,Keep GC futures for COT/COMEX alignment; use licensed LBMA PM or reliable XAUUSD spot for benchmark-grade v0.2 pricing.,-0.012317897849347337,0.0030834288391146103,0.03180786188123008,0.03255647592612143,-0.6949963441748352,,,False,,train_2009_2018,bull,199008,6768,192240,-4455.0,,,52092,227044,-174952,,,70571,153015,-82444,,,521338,-7518.0,,
2010-04-27,1161.699951171875,COMEX GC futures proxy via Yahoo Finance GC=F,Keep GC futures for COT/COMEX alignment; use licensed LBMA PM or reliable XAUUSD spot for benchmark-grade v0.2 pricing.,0.020288052065037032,0.00772024806279048,0.05178809522125394,0.02181363904059541,0.5535405894938867,,,False,,train_2009_2018,bull,210203,4760,205443,13203.0,,,53932,230598,-176666,,,73487,162343,-88856,,,538591,17253.0,,
2010-05-04,1168.5999755859375,COMEX GC futures proxy via Yahoo Finance GC=F,Keep GC futures for COT/COMEX alignment; use licensed LBMA PM or reliable XAUUSD spot for benchmark-grade v0.2 pricing.,0.005939592583353415,0.02634814741196667,0.029512818888668635,0.0415329550676804,-0.006429429943571074,,,False,,train_2009_2018,bull,217433,9645,207788,2345.0,,,54736,242652,-187916,,,75279,158949,-83670,,,551616,13025.0,,
2010-05-11,1219.9000244140625,COMEX GC futures proxy via Yahoo Finance GC=F,Keep GC futures for COT/COMEX alignment; use licensed LBMA PM or reliable XAUUSD spot for benchmark-grade v0.2 pricing.,0.04389872488436697,0.05009905800846215,0.058206083226790106,0.08706119897809894,1.4319633650106718,,,False,,train_2009_2018,bull,224664,7134,217530,9742.0,,,55366,272119,-216753,,,87572,153463,-65891,,,583504,31888.0,,
2010-05-18,1214.300048828125,COMEX GC futures proxy via Yahoo Finance GC=F,Keep GC futures for COT/COMEX alignment; use licensed LBMA PM or reliable XAUUSD spot for benchmark-grade v0.2 pricing.,-0.004590520103175844,0.039106686802105495,0.06648522296272774,0.10040783763309924,-0.45021687810653405,,,False,,train_2009_2018,bull,226337,6542,219795,2265.0,,,53535,272632,-219097,,,91471,152118,-60647,,,579758,-3746.0,,
2010-05-25,1197.800048828125,COMEX GC futures proxy via Yahoo Finance GC=F,Keep GC futures for COT/COMEX alignment; use licensed LBMA PM or reliable XAUUSD spot for benchmark-grade v0.2 pricing.,-0.01358807488801761,-0.01811621866025659,0.03107523385865152,0.08447265625,-0.7875414057122838,,,False,,train_2009_2018,range,212919,7703,205216,-14579.0,,,57469,266645,-209176,,,88700,147903,-59203,,,591360,11602.0,,
2010-06-01,1224.800048828125,COMEX GC futures proxy via Yahoo Finance GC=F,Keep GC futures for COT/COMEX alignment; use licensed LBMA PM or reliable XAUUSD spot for benchmark-grade v0.2 pricing.,0.022541324845007038,0.008646956746920287,0.048091797378319034,0.07902394077304464,0.6318357995629214,,,False,,train_2009_2018,range,210717,4459,206258,1042.0,,,58949,269626,-210677,,,93065,150011,-56946,,,553950,-37410.0,,
2010-06-08,1244.0,COMEX GC futures proxy via Yahoo Finance GC=F,Keep GC futures for COT/COMEX alignment; use licensed LBMA PM or reliable XAUUSD spot for benchmark-grade v0.2 pricing.,0.015675988248241346,0.038570670636618454,0.019755697273236006,0.07911168225971532,0.35281291260754916,,,False,,train_2009_2018,bull,215177,5161,210016,3758.0,,,62913,279284,-216371,,,93916,151122,-57206,,,564792,10842.0,,
2010-06-15,1233.199951171875,COMEX GC futures proxy via Yahoo Finance GC=F,Keep GC futures for COT/COMEX alignment; use licensed LBMA PM or reliable XAUUSD spot for benchmark-grade v0.2 pricing.,-0.008681711276627868,0.006858182567666349,0.015564441722611733,0.08308447006355779,-0.620007775212958,,,False,,train_2009_2018,bull,215511,4021,211490,1474.0,,,61991,282292,-220301,,,95114,153757,-58643,,,569204,4412.0,,
2010-06-22,1239.9000244140625,COMEX GC futures proxy via Yahoo Finance GC=F,Keep GC futures for COT/COMEX alignment; use licensed LBMA PM or reliable XAUUSD spot for benchmark-grade v0.2 pricing.,0.005433079393021956,-0.0032958003102391276,0.0351477490981289,0.06731520747960995,-0.04517852807218713,,,False,,train_2009_2018,bull,223219,4354,218865,7375.0,,,66644,289653,-223009,,,95068,160975,-65907,,,602411,33207.0,,
2010-06-29,1242.0,COMEX GC futures proxy via Yahoo Finance GC=F,Keep GC futures for COT/COMEX alignment; use licensed LBMA PM or reliable XAUUSD spot for benchmark-grade v0.2 pricing.,0.001693665250897869,0.007135946461693132,0.014043068652986879,0.06281022244353518,-0.19684447215740242,,,False,,train_2009_2018,bull,219365,4903,214462,-4403.0,,,68538,276753,-208215,,,94531,176272,-81741,,,601138,-1273.0,,
2010-07-06,1194.800048828125,COMEX GC futures proxy via Yahoo Finance GC=F,Keep GC futures for COT/COMEX alignment; use licensed LBMA PM or reliable XAUUSD spot for benchmark-grade v0.2 pricing.,-0.038003181297806,-0.036373880714495765,-0.0395497999773915,-0.020575436579725825,-1.761532221549855,,,False,,train_2009_2018,bull,193032,11299,181733,-32729.0,,,77071,257312,-180241,,,93543,162444,-68901,,,577732,-23406.0,,
2010-07-13,1213.300048828125,COMEX GC futures proxy via Yahoo Finance GC=F,Keep GC futures for COT/COMEX alignment; use licensed LBMA PM or reliable XAUUSD spot for benchmark-grade v0.2 pricing.,0.015483762340104512,-0.023107851185084516,-0.016136801112292987,-0.0008235196901829056,0.40363055999229125,,,False,,train_2009_2018,bull,188892,8138,180754,-979.0,,,74126,254873,-180747,,,92109,159710,-67601,,,568078,-9654.0,,
2010-07-20,1191.5,COMEX GC futures proxy via Yahoo Finance GC=F,Keep GC futures for COT/COMEX alignment; use licensed LBMA PM or reliable XAUUSD spot for benchmark-grade v0.2 pricing.,-0.017967566101378396,-0.0027620092846177835,-0.0390354250028625,-0.0052596832286729844,-0.9467296831700451,,,False,,train_2009_2018,range,169169,20798,148371,-32383.0,,,94437,249069,-154632,,,93794,154826,-61032,,,559473,-8605.0,,
2010-07-27,1158.0,COMEX GC futures proxy via Yahoo Finance GC=F,Keep GC futures for COT/COMEX alignment; use licensed LBMA PM or reliable XAUUSD spot for benchmark-grade v0.2 pricing.,-0.02811582039446081,-0.04557821363440717,-0.06763285024154586,-0.054539554347698305,-1.3221912684086659,,,False,,train_2009_2018,bull,167161,14269,152892,4521.0,,,77122,243301,-166179,,,93008,154384,-61376,,,560066,593.0,,
2010-08-03,1185.199951171875,COMEX GC futures proxy via Yahoo Finance GC=F,Keep GC futures for COT/COMEX alignment; use licensed LBMA PM or reliable XAUUSD spot for benchmark-grade v0.2 pricing.,0.0234887315819301,-0.005287493770981921,-0.0080348989487119,-0.04726692027984325,0.7626451928482991,,,False,,train_2009_2018,bull,167800,11435,156365,3473.0,,,69440,223867,-154427,,,89916,157518,-67602,,,518643,-41423.0,,
2010-08-10,1196.199951171875,COMEX GC futures proxy via Yahoo Finance GC=F,Keep GC futures for COT/COMEX alignment; use licensed LBMA PM or reliable XAUUSD spot for benchmark-grade v0.2 pricing.,0.009281134368191335,0.03298786802407161,-0.014093873706480298,-0.03000324478187011,0.18068823588950944,,,False,,train_2009_2018,bull,167837,9244,158593,2228.0,,,65111,222710,-157599,,,88837,162218,-73381,,,523078,4435.0,,
2010-08-17,1226.5999755859375,COMEX GC futures proxy via Yahoo Finance GC=F,Keep GC futures for COT/COMEX alignment; use licensed LBMA PM or reliable XAUUSD spot for benchmark-grade v0.2 pricing.,0.02541383184665791,0.03493083540302866,0.029458645057438115,-0.010726710675249995,0.831700074538492,,,False,,train_2009_2018,bull,182555,5336,177219,18626.0,,,62060,230214,-168154,,,89512,170928,-81416,,,543674,20596.0,,
2010-08-24,1231.800048828125,COMEX GC futures proxy via Yahoo Finance GC=F,Keep GC futures for COT/COMEX alignment; use licensed LBMA PM or reliable XAUUSD spot for benchmark-grade v0.2 pricing.,0.004239420630758994,0.029760992400454267,0.06373061211409747,-0.008212521072363144,-0.04388655162700296,0.9230769230769231,1.361989675358263,False,,train_2009_2018,bull,201864,5780,196084,18865.0,0.5192307692307693,0.1858866320092361,61661,238173,-176512,0.6346153846153846,0.18928728819783364,90026,177814,-87788,0.46153846153846156,-0.3200623687467755,556464,12790.0,0.7884615384615384,0.8944855725018515
2010-08-31,1248.300048828125,COMEX GC futures proxy via Yahoo Finance GC=F,Keep GC futures for COT/COMEX alignment; use licensed LBMA PM or reliable XAUUSD spot for benchmark-grade v0.2 pricing.,0.013395031130009505,0.01769123893209068,0.053240044090332006,0.04477736676732946,0.3351467829822783,1.0,1.5394270916364274,False,,train_2009_2018,bull,215631,6431,209200,13116.0,0.7169811320754716,0.7328919021924193,61309,246193,-184884,0.5471698113207547,-0.15895583820832632,88647,188324,-99677,0.09433962264150944,-1.1241763931754198,577352,20888.0,0.8867924528301887,1.3343643125549267
2010-09-07,1257.300048828125,COMEX GC futures proxy via Yahoo Finance GC=F,Keep GC futures for COT/COMEX alignment; use licensed LBMA PM or reliable XAUUSD spot for benchmark-grade v0.2 pricing.,0.0072098050532394264,0.020701411746378406,0.051078498704495434,0.0362647310881572,0.1083051736796808,1.0,1.6061911548043153,False,,train_2009_2018,bull,217437,6410,211027,1827.0,0.7777777777777778,0.7985942814204293,62019,249144,-187125,0.5,-0.2510073905532575,88351,188906,-100555,0.09259259259259259,-1.1591405801402441,585564,8212.0,0.9444444444444444,1.4745193247832684
2010-09-14,1269.699951171875,COMEX GC futures proxy via Yahoo Finance GC=F,Keep GC futures for COT/COMEX alignment; use licensed LBMA PM or reliable XAUUSD spot for benchmark-grade v0.2 pricing.,0.009862325508781522,0.017143236006310847,0.03513776002265856,0.06563151588071747,0.2210301029424103,1.0,1.7084494108999153,False,,train_2009_2018,bull,225821,7571,218250,7223.0,0.9090909090909091,1.085961264673442,63662,249317,-185655,0.5272727272727272,-0.18670249975067488,85848,193132,-107284,0.05454545454545454,-1.572751496734893,594058,8494.0,0.9636363636363636,1.6088001728159778
2010-09-21,1272.4000244140625,COMEX GC futures proxy via Yahoo Finance GC=F,Keep GC futures for COT/COMEX alignment; use licensed LBMA PM or reliable XAUUSD spot for benchmark-grade v0.2 pricing.,0.0021265443380504845,0.012009842519302705,0.03295987496068231,0.09879104008122841,-0.10868768481123761,1.0,1.682888592452857,False,,train_2009_2018,bull,219781,5982,213799,-4451.0,0.7857142857142857,0.8812615566899829,61264,245558,-184294,0.5714285714285714,-0.12711348898570585,89489,197503,-108014,0.05357142857142857,-1.571133399071951,597592,3534.0,0.9642857142857143,1.6301197896467996
2010-09-28,1306.5999755859375,COMEX GC futures proxy via Yahoo Finance GC=F,Keep GC futures for COT/COMEX alignment; use licensed LBMA PM or reliable XAUUSD spot for benchmark-grade v0.2 pricing.,0.02687830125406032,0.029062003491459043,0.046703456282440436,0.10242999444442047,0.9288040305576891,1.0,2.028634780417497,False,,train_2009_2018,bull,231457,7049,224408,10609.0,0.9649122807017544,1.3038036781107698,64254,254438,-190184,0.38596491228070173,-0.3785180864681552,94689,207245,-112556,0.03508771929824561,-1.8047383217958481,619408,21816.0,1.0,2.0068507205675647
2010-10-05,1338.9000244140625,COMEX GC futures proxy via Yahoo Finance GC=F,Keep GC futures for COT/COMEX alignment; use licensed LBMA PM or reliable XAUUSD spot for benchmark-grade v0.2 pricing.,0.024720686844984963,0.05226343816727219,0.06490095634848125,0.1192944984677431,0.8732568977288293,1.0,2.298688094030678,False,,train_2009_2018,bull,227061,8345,218716,-5692.0,0.896551724137931,1.042176939537087,62166,251555,-189389,0.41379310344827586,-0.34052798825272,95369,205478,-110109,0.05172413793103448,-1.5922335805479362,617204,-2204.0,0.9827586206896551,1.8813747617679535
2010-10-12,1345.699951171875,COMEX GC futures proxy via Yahoo Finance GC=F,Keep GC futures for COT/COMEX alignment; use licensed LBMA PM or reliable XAUUSD spot for benchmark-grade v0.2 pricing.,0.005078741230726491,0.029924978047243034,0.059856661355192964,0.09709765038030782,0.014031628789577503,1.0,2.2535410025348543,False,,train_2009_2018,bull,233925,9966,223959,5243.0,0.9491525423728814,1.2376471140749365,63352,253865,-190513,0.3728813559322034,-0.38622337457356826,93690,203199,-109509,0.06779661016949153,-1.5091943460157684,616382,-822.0,0.9661016949152542,1.7958372178090651
2010-10-19,1335.0999755859375,COMEX GC futures proxy via Yahoo Finance GC=F,Keep GC futures for COT/COMEX alignment; use licensed LBMA PM or reliable XAUUSD spot for benchmark-grade v0.2 pricing.,-0.007876923512337708,-0.002838187137824577,0.04927691761146269,0.08386095361506696,-0.5661718446068577,0.9666666666666667,2.0355680811987322,False,,train_2009_2018,bull,220360,11613,208747,-15212.0,0.6333333333333333,0.5871214368401684,60869,251520,-190651,0.36666666666666664,-0.3886071767110811,94404,196835,-102431,0.16666666666666666,-1.0364094427533848,630626,14244.0,1.0,1.9935369601049198
2010-10-26,1338.0,COMEX GC futures proxy via Yahoo Finance GC=F,Keep GC futures for COT/COMEX alignment; use licensed LBMA PM or reliable XAUUSD spot for benchmark-grade v0.2 pricing.,0.0021721402644694354,-0.005721893030589564,0.024031857493324482,0.07185768458159014,-0.13757944617962134,0.9672131147540983,1.9822239494264435,False,,train_2009_2018,bull,209780,11743,198037,-10710.0,0.47540983606557374,0.13017948022440706,57351,241996,-184645,0.5901639344262295,-0.11942035398392928,94845,192635,-97790,0.22950819672131148,-0.7294248514302377,607582,-23044.0,0.9344262295081968,1.4999190220381753
2010-11-02,1356.4000244140625,COMEX GC futures proxy via Yahoo Finance GC=F,Keep GC futures for COT/COMEX alignment; use licensed LBMA PM or reliable XAUUSD spot for benchmark-grade v0.2 pricing.,0.013751886707072059,0.015953897998370437,0.013070430712448733,0.07881967051405447,0.43588516797385757,1.0,2.087802367356064,False,,train_2009_2018,bull,211627,16033,195594,-2443.0,0.41935483870967744,0.02513115656213144,64004,248982,-184978,0.5645161290322581,-0.13332392546907837,97926,189560,-91634,0.4032258064516129,-0.3300642915429839,618381,10799.0,0.967741935483871,1.6564507804809843
2010-11-09,1409.800048828125,COMEX GC futures proxy via Yahoo Finance GC=F,Keep GC futures for COT/COMEX alignment; use licensed LBMA PM or reliable XAUUSD spot for benchmark-grade v0.2 pricing.,0.03936893501393901,0.05366221885510081,0.04763327634843839,0.1103411065952582,1.5879641849843267,1.0,2.500642472759311,False,,train_2009_2018,bull,208053,19379,188674,-6920.0,0.3333333333333333,-0.27200266345030766,63279,259501,-196222,0.20634920634920634,-0.6365561813625318,95902,190633,-94731,0.2698412698412698,-0.5256081417749933,650764,32383.0,1.0,2.1682969638881526
2010-11-16,1338.300048828125,COMEX GC futures proxy via Yahoo Finance GC=F,Keep GC futures for COT/COMEX alignment; use licensed LBMA PM or reliable XAUUSD spot for benchmark-grade v0.2 pricing.,-0.05071641191914644,-0.01334412803019247,0.002396879110707184,0.051791907536632875,-2.39575606788729,0.9375,1.7127164566990074,False,,train_2009_2018,bull,183835,17233,166602,-22072.0,0.171875,-1.2102602854808175,72080,241271,-169191,0.75,0.5901069850852984,95957,191674,-95717,0.265625,-0.5837812013828186,637435,-13329.0,0.984375,1.8533791591953346
2010-11-23,1377.5,COMEX GC futures proxy via Yahoo Finance GC=F,Keep GC futures for COT/COMEX alignment; use licensed LBMA PM or reliable XAUUSD spot for benchmark-grade v0.2 pricing.,0.029290853875556744,-0.022911085054206026,0.029521674140508214,0.05426299229974174,1.1379563028885562,0.9846153846153847,2.0226640374145726,False,,train_2009_2018,bull,185172,15166,170006,3404.0,0.18461538461538463,-1.0451774072195235,73229,244657,-171428,0.7384615384615385,0.4829412024171178,95262,187727,-92465,0.38461538461538464,-0.3672607458119709,622712,-14723.0,0.9538461538461539,1.5444518034062569
2010-11-30,1385.0,COMEX GC futures proxy via Yahoo Finance GC=F,Keep GC futures for COT/COMEX alignment; use licensed LBMA PM or reliable XAUUSD spot for benchmark-grade v0.2 pricing.,0.005444646098003547,0.03489497830682109,0.021085207218491497,0.03443123067094733,0.10807939170989955,0.9848484848484849,2.013654537476685,False,,train_2009_2018,bull,187247,11873,175374,5368.0,0.25757575757575757,-0.8021159852931876,70724,238714,-167990,0.7727272727272727,0.6347113236761437,91958,194437,-102479,0.15151515151515152,-1.0126882689620993,600158,-22554.0,0.8333333333333334,1.120718194054479
2010-12-07,1408.300048828125,COMEX GC futures proxy via Yahoo Finance GC=F,Keep GC futures for COT/COMEX alignment; use licensed LBMA PM or reliable XAUUSD spot for benchmark-grade v0.2 pricing.,0.016823139948104693,0.02235938208938304,-0.001063980669632425,0.046518614793539914,0.5893028412328145,0.9850746268656716,2.140667245500622,False,,train_2009_2018,bull,190212,10455,179757,4383.0,0.31343283582089554,-0.6052001906288393,67722,245522,-177800,0.6417910447761194,0.1787617174706729,91799,192672,-100873,0.1791044776119403,-0.8944176066443514,603632,3474.0,0.8656716417910447,1.1618401010346135
2010-12-14,1403.5999755859375,COMEX GC futures proxy via Yahoo Finance GC=F,Keep GC futures for COT/COMEX alignment; use licensed LBMA PM or reliable XAUUSD spot for benchmark-grade v0.2 pricing.,-0.0033374089890138015,0.013429585260604782,0.04879318865376425,0.051307019139100296,-0.3721671144918112,0.9705882352941176,2.016549984261232,False,,train_2009_2018,bull,180601,11976,168625,-11132.0,0.17647058823529413,-1.0744046871718118,70601,237163,-166562,0.7794117647058824,0.6956932860661602,94016,195589,-101573,0.17647058823529413,-0.9277519931280398,594652,-8980.0,0.7941176470588235,0.9871257905283761
2010-12-21,1388.199951171875,COMEX GC futures proxy via Yahoo Finance GC=F,Keep GC futures for COT/COMEX alignment; use licensed LBMA PM or reliable XAUUSD spot for benchmark-grade v0.2 pricing.,-0.010971804418587028,-0.014272596008908511,0.007767659652903713,0.037518648110519415,-0.7723782727874104,0.9565217391304348,1.8167623862531326,False,,train_2009_2018,bull,172385,14735,157650,-10975.0,0.13043478260869565,-1.5157737267784623,75999,230824,-154825,0.8695652173913043,1.2229006299411078,97973,194956,-96983,0.2753623188405797,-0.6177535930279028,582133,-12519.0,0.7246376811594203,0.7552519945307834
2010-12-28,1405.199951171875,COMEX GC futures proxy via Yahoo Finance GC=F,Keep GC futures for COT/COMEX alignment; use licensed LBMA PM or reliable XAUUSD spot for benchmark-grade v0.2 pricing.,0.012246074483469815,0.0011399085307546297,0.014584802290162457,0.03597753308718277,0.35236526592818734,0.9714285714285714,1.9018532196141142,False,,train_2009_2018,bull,180866,12952,167914,10264.0,0.18571428571428572,-1.0557850074281188,75043,232924,-157881,0.8285714285714286,1.0636569577106358,95816,197705,-101889,0.17142857142857143,-0.9312458116021538,594490,12357.0,0.7857142857142857,0.9626971517600742
2011-01-04,1378.5,COMEX GC futures proxy via Yahoo Finance GC=F,Keep GC futures for COT/COMEX alignment; use licensed LBMA PM or reliable XAUUSD spot for benchmark-grade v0.2 pricing.,-0.019000819883041142,-0.006987430855106003,-0.021160298086279394,-0.022201764607784447,-1.118844018161195,0.9154929577464789,1.624737255102028,False,,train_2009_2018,bull,172298,16163,156135,-11779.0,0.09859154929577464,-1.5270659284567838,77312,238426,-161114,0.7887323943661971,0.9011955557354587,94514,187982,-93468,0.39436619718309857,-0.36797150501471204,592613,-1877.0,0.7605633802816901,0.9170074748884111
2011-01-11,1384.0,COMEX GC futures proxy via Yahoo Finance GC=F,Keep GC futures for COT/COMEX alignment; use licensed LBMA PM or reliable XAUUSD spot for benchmark-grade v0.2 pricing.,0.0039898440333696605,-0.015086786157511023,-0.013964075182998914,0.03414776171598577,-0.0071190605848109765,0.9166666666666666,1.6289836359920036,False,,train_2009_2018,bull,160750,21194,139556,-16579.0,0.013888888888888888,-2.146227260851081,82648,232082,-149434,0.9166666666666666,1.4158664207852676,97363,172993,-75630,0.7916666666666666,0.8167602190820443,588179,-4434.0,0.7361111111111112,0.8277642661228175
2011-01-18,1368.0999755859375,COMEX GC futures proxy via Yahoo Finance GC=F,Keep GC futures for COT/COMEX alignment; use licensed LBMA PM or reliable XAUUSD spot for benchmark-grade v0.2 pricing.,-0.011488456946576964,-0.0075444500646082435,-0.014479164596547967,-0.006823974166288549,-0.7296428042147032,0.8767123287671232,1.4607293180480614,False,,train_2009_2018,bull,159114,25874,133240,-6316.0,0.0136986301369863,-2.30176697480931,84503,217764,-133261,0.9863013698630136,2.083899732494557,94446,167656,-73210,0.821917808219178,0.9661149042191453,587832,-347.0,0.726027397260274,0.8121702109174129
2011-01-25,1332.300048828125,COMEX GC futures proxy via Yahoo Finance GC=F,Keep GC futures for COT/COMEX alignment; use licensed LBMA PM or reliable XAUUSD spot for benchmark-grade v0.2 pricing.,-0.02616762473260037,-0.03735545604904267,-0.051878668429325425,-0.03805050626128159,-1.4676973547944372,0.7837837837837838,1.1395886125363979,False,,train_2009_2018,bull,160562,22345,138217,4977.0,0.02702702702702703,-2.0266733548114084,65401,192983,-127582,1.0,2.2424036632137594,93948,163849,-69901,0.8243243243243243,1.1690621350495185,506047,-81785.0,0.32432432432432434,-0.6527748506734068
2011-02-01,1339.5999755859375,COMEX GC futures proxy via Yahoo Finance GC=F,Keep GC futures for COT/COMEX alignment; use licensed LBMA PM or reliable XAUUSD spot for benchmark-grade v0.2 pricing.,0.005479191240917114,-0.020831810911913662,-0.028219096419341727,-0.04878227001366242,0.08720360859509765,0.84,1.1818384094652237,False,,train_2009_2018,bull,145530,21797,123733,-14484.0,0.013333333333333334,-2.470302014031118,58405,179393,-120988,1.0,2.4128951905834786,79773,151982,-72209,0.8133333333333334,1.0008997948275165,462907,-43140.0,0.05333333333333334,-1.4031505224983067
2011-02-08,1363.4000244140625,COMEX GC futures proxy via Yahoo Finance GC=F,Keep GC futures for COT/COMEX alignment; use licensed LBMA PM or reliable XAUUSD spot for benchmark-grade v0.2 pricing.,0.017766534235501785,0.023343071715183683,-0.014884375423365293,-0.028640604068900344,0.6611892267417459,0.868421052631579,1.3560784276477662,False,,train_2009_2018,bull,159732,18223,141509,17776.0,0.06578947368421052,-1.746110872423234,56819,180532,-123713,0.9868421052631579,2.206044408071639,75858,162056,-86198,0.6052631578947368,0.06395617894504471,469779,6872.0,0.14473684210526316,-1.2578868750901833
2011-02-15,1373.5999755859375,COMEX GC futures proxy via Yahoo Finance GC=F,Keep GC futures for COT/COMEX alignment; use licensed LBMA PM or reliable XAUUSD spot for benchmark-grade v0.2 pricing.,0.007481260810640267,0.0253807111224591,0.004020174035632484,-0.010517199322484294,0.17595857224101608,0.8831168831168831,1.4130094027008933,False,,train_2009_2018,bull,166406,12172,154234,12725.0,0.15584415584415584,-1.248179896787439,57109,183366,-126257,0.974025974025974,2.029425391114689,73331,165700,-92369,0.4155844155844156,-0.3493975559429707,473345,3566.0,0.15584415584415584,-1.1755281452261606
2011-02-22,1400.5,COMEX GC futures proxy via Yahoo Finance GC=F,Keep GC futures for COT/COMEX alignment; use licensed LBMA PM or reliable XAUUSD spot for benchmark-grade v0.2 pricing.,0.01958359412651256,0.02721136491242304,0.051189633470225315,-0.0033446849809206647,0.7785357974481519,0.9487179487179487,1.598693404828753,False,,train_2009_2018,bull,185082,16633,168449,14215.0,0.2692307692307692,-0.7108969082126801,56286,190810,-134524,0.9102564102564102,1.6541644435394278,77369,174651,-97282,0.24358974358974358,-0.6760696882765312,502119,28774.0,0.3076923076923077,-0.656810213419094
2011-03-01,1430.699951171875,COMEX GC futures proxy via Yahoo Finance GC=F,Keep GC futures for COT/COMEX alignment; use licensed LBMA PM or reliable XAUUSD spot for benchmark-grade v0.2 pricing.,0.02156369237549094,0.04156958110135389,0.06800535775322825,0.03786721158641648,0.9023233869798233,1.0,1.7966780967469889,False,,train_2009_2018,bull,199371,10555,188816,20367.0,0.46835443037974683,0.05109459510697489,56252,197958,-141706,0.8734177215189873,1.3429140831981374,71436,180326,-108890,0.06329113924050633,-1.436891339697559,515784,13665.0,0.4050632911392405,-0.40942256128666465
2011-03-08,1426.9000244140625,COMEX GC futures proxy via Yahoo Finance GC=F,Keep GC futures for COT/COMEX alignment; use licensed LBMA PM or reliable XAUUSD spot for benchmark-grade v0.2 pricing.,-0.0026559913940725766,0.01885042800004455,0.046574738787532155,0.03099712746680816,-0.39986926790441435,0.9875,1.7213021271961277,False,,train_2009_2018,bull,197377,8757,188620,-196.0,0.45,0.043440071603660535,57023,203437,-146414,0.85,1.139250094399317,68788,169838,-101050,0.1875,-0.8970671138368496,515214,-570.0,0.4,-0.41660806937409256
2011-03-15,1392.5999755859375,COMEX GC futures proxy via Yahoo Finance GC=F,Keep GC futures for COT/COMEX alignment; use licensed LBMA PM or reliable XAUUSD spot for benchmark-grade v0.2 pricing.,-0.024038158414223743,-0.026630304666418803,0.013832265825350687,0.01790804797690826,-1.487792177977887,0.9135802469135802,1.41960146441517,False,,train_2009_2018,bull,187986,11748,176238,-12382.0,0.35802469135802467,-0.4228873239465308,63914,200540,-136626,0.9012345679012346,1.4960700925981016,73577,157105,-83528,0.6419753086419753,0.2859338393912017,507760,-7454.0,0.38271604938271603,-0.546913492711077
2011-03-22,1427.5,COMEX GC futures proxy via Yahoo Finance GC=F,Keep GC futures for COT/COMEX alignment; use licensed LBMA PM or reliable XAUUSD spot for benchmark-grade v0.2 pricing.,0.025061054880011868,0.0004204748585550089,0.019278828989646613,0.07145533864958709,1.0456378456508142,0.9878048780487805,1.6574919692769043,False,,train_2009_2018,bull,183912,5037,178875,2637.0,0.4024390243902439,-0.3202468628573249,60835,202740,-141905,0.8536585365853658,1.267879616308229,72601,155495,-82894,0.6463414634146342,0.3268495859665792,509131,1371.0,0.3902439024390244,-0.5180025313474854
2011-03-29,1416.0,COMEX GC futures proxy via Yahoo Finance GC=F,Keep GC futures for COT/COMEX alignment; use licensed LBMA PM or reliable XAUUSD spot for benchmark-grade v0.2 pricing.,-0.008056042031523658,0.01680311993702066,-0.010274656932667381,0.05703196910006314,-0.6808916758354778,0.963855421686747,1.5349516602649336,False,,train_2009_2018,bull,196020,4603,191417,12542.0,0.5060240963855421,0.15937571274949064,68129,223141,-155012,0.7469879518072289,0.7476746943663614,63666,149423,-85757,0.6144578313253012,0.13024303038562599,492087,-17044.0,0.20481927710843373,-0.820420296619859
2011-04-05,1451.800048828125,COMEX GC futures proxy via Yahoo Finance GC=F,Keep GC futures for COT/COMEX alignment; use licensed LBMA PM or reliable XAUUSD spot for benchmark-grade v0.2 pricing.,0.025282520358845373,0.017022801280647926,0.017450433799163667,0.06483792198262095,1.0673063439495178,1.0,1.7684424039367717,False,,train_2009_2018,bull,213018,6324,206694,15277.0,0.6904761904761905,0.7413842762621385,67043,225667,-158624,0.7023809523809523,0.6009938363021801,66572,166613,-100041,0.21428571428571427,-0.843883335379127,508956,16869.0,0.39285714285714285,-0.508388788554624
2011-04-12,1452.9000244140625,COMEX GC futures proxy via Yahoo Finance GC=F,Keep GC futures for COT/COMEX alignment; use licensed LBMA PM or reliable XAUUSD spot for benchmark-grade v0.2 pricing.,0.0007576632793375726,0.026059339275467774,0.04330033741581363,0.05773154501862732,-0.20392970109562616,1.0,1.7342429066477978,False,,train_2009_2018,bull,208714,6810,201904,-4790.0,0.6235294117647059,0.5519755677984731,67726,229536,-161810,0.6588235294117647,0.47204663136863745,67862,159740,-91878,0.4588235294117647,-0.27948286665330146,514871,5915.0,0.4235294117647059,-0.3971239144821798
2011-04-19,1494.5,COMEX GC futures proxy via Yahoo Finance GC=F,Keep GC futures for COT/COMEX alignment; use licensed LBMA PM or reliable XAUUSD spot for benchmark-grade v0.2 pricing.,0.028632373106824316,0.029411730083865217,0.0469352014010509,0.06711888611210282,1.21152729642905,1.0,1.9896487179994065,False,,train_2009_2018,bull,216243,4506,211737,9833.0,0.813953488372093,0.9235326198364835,64845,237148,-172303,0.5581395348837209,0.05632937465924497,68294,162539,-94245,0.3488372093023256,-0.44046424391672073,537946,23075.0,0.5697674418604651,0.028339413451311204
2011-04-26,1503.0,COMEX GC futures proxy via Yahoo Finance GC=F,Keep GC futures for COT/COMEX alignment; use licensed LBMA PM or reliable XAUUSD spot for benchmark-grade v0.2 pricing.,0.005687520910003352,0.034482741237575665,0.06144067796610164,0.05053473914562212,0.028546892739911022,1.0,1.9930571761443723,False,,train_2009_2018,bull,207496,5079,202417,-9320.0,0.632183908045977,0.5572693693846474,66717,227756,-161039,0.6781609195402298,0.5012603715539551,71574,159529,-87955,0.5747126436781609,-0.0024370782416030115,530132,-7814.0,0.5402298850574713,-0.11597401536487653
2011-05-03,1540.0999755859375,COMEX GC futures proxy via Yahoo Finance GC=F,Keep GC futures for COT/COMEX alignment; use licensed LBMA PM or reliable XAUUSD spot for benchmark-grade v0.2 pricing.,0.02468394915897365,0.030511860545960223,0.06082099723655965,0.07933278382159892,0.9972693834650935,1.0,2.1883320602345173,False,,train_2009_2018,bull,203624,10746,192878,-9539.0,0.5227272727272727,0.18414654307792305,58271,220564,-162293,0.6477272727272727,0.4480410557132372,71213,149022,-77809,0.7840909090909091,0.7022273558309956,522323,-7809.0,0.48863636363636365,-0.26013021518639096
2011-05-10,1516.5999755859375,COMEX GC futures proxy via Yahoo Finance GC=F,Keep GC futures for COT/COMEX alignment; use licensed LBMA PM or reliable XAUUSD spot for benchmark-grade v0.2 pricing.,-0.015258749673740746,0.00904855328405696,0.043843313443101106,0.08904208112442835,-1.051889836381212,0.9887640449438202,1.9638919667715784,False,,train_2009_2018,bull,191435,10461,180974,-11904.0,0.4044943820224719,-0.2810343148249024,63407,223300,-159893,0.6966292134831461,0.5405324362429851,81148,142836,-61688,0.9213483146067416,1.7905587671891399,510151,-12172.0,0.4044943820224719,-0.48513439788201723
2011-05-17,1479.800048828125,COMEX GC futures proxy via Yahoo Finance GC=F,Keep GC futures for COT/COMEX alignment; use licensed LBMA PM or reliable XAUUSD spot for benchmark-grade v0.2 pricing.,-0.024264754945413247,-0.03915325479754728,-0.00983603290189028,0.03663751231392287,-1.484025049507219,0.9555555555555556,1.668562298333956,False,,train_2009_2018,bull,181722,7934,173788,-7186.0,0.2777777777777778,-0.5602503667144543,69957,222215,-152258,0.8111111111111111,0.8404842882087992,81691,136382,-54691,1.0,2.2000640646753937,509164,-987.0,0.3888888888888889,-0.5002469091117366
2011-05-24,1523.199951171875,COMEX GC futures proxy via Yahoo Finance GC=F,Keep GC futures for COT/COMEX alignment; use licensed LBMA PM or reliable XAUUSD spot for benchmark-grade v0.2 pricing.,0.029328220645835845,0.004351823613466532,0.013439754605372611,0.07570618020612652,1.2773965682930468,0.989010989010989,1.9190230536610757,False,,train_2009_2018,bull,191481,14589,176892,3104.0,0.3516483516483517,-0.4345487791283149,74501,234288,-159787,0.6923076923076923,0.532476936176047,78629,136079,-57450,0.967032967032967,1.9584648879915398,531180,22016.0,0.5714285714285714,-0.08314129901346505
2011-05-31,1535.9000244140625,COMEX GC futures proxy via Yahoo Finance GC=F,Keep GC futures for COT/COMEX alignment; use licensed LBMA PM or reliable XAUUSD spot for benchmark-grade v0.2 pricing.,0.00833775843573048,0.037910510700661204,-0.002727063981854183,0.057928070503801,0.19949088268256848,0.9891304347826086,1.9525589351910813,False,,train_2009_2018,bull,197416,10101,187315,10423.0,0.43478260869565216,-0.020025131027934667,69831,242422,-172591,0.5217391304347826,0.012947041208264258,74032,141949,-67917,0.8369565217391305,1.2429200287276605,501400,-29780.0,0.2717391304347826,-0.6448579288245648
2011-06-07,1543.300048828125,COMEX GC futures proxy via Yahoo Finance GC=F,Keep GC futures for COT/COMEX alignment; use licensed LBMA PM or reliable XAUUSD spot for benchmark-grade v0.2 pricing.,0.004818037825662147,0.013195967896917349,0.017605218035080084,0.06222040257072736,0.025632326160497636,1.0,1.9497559995762317,False,,train_2009_2018,bull,203518,7648,195870,8555.0,0.5806451612903226,0.32010528723842907,63831,241565,-177734,0.4731182795698925,-0.1957699120535304,80091,150041,-69950,0.8064516129032258,1.0945982782734258,502251,851.0,0.2903225806451613,-0.6239208631627225
2011-06-14,1523.800048828125,COMEX GC futures proxy via Yahoo Finance GC=F,Keep GC futures for COT/COMEX alignment; use licensed LBMA PM or reliable XAUUSD spot for benchmark-grade v0.2 pricing.,-0.012635261700929101,-0.007878101044079044,0.02973374682264951,0.019605251808715307,-0.88760005080411,0.9680851063829787,1.7792626513388583,False,,train_2009_2018,bull,197429,9643,187786,-8084.0,0.44680851063829785,-0.0046551994751715935,65793,236983,-171190,0.5638297872340425,0.07221275896171336,79154,145393,-66239,0.8723404255319149,1.3212014255298143,497780,-4471.0,0.2553191489361702,-0.7039149470230505
2011-06-21,1546.0,COMEX GC futures proxy via Yahoo Finance GC=F,Keep GC futures for COT/COMEX alignment; use licensed LBMA PM or reliable XAUUSD spot for benchmark-grade v0.2 pricing.,0.01456880854476128,0.0017494661351984409,0.01496851993107251,0.028609447771124508,0.5312176342992164,1.0,1.8781715785046103,False,,train_2009_2018,bull,213479,7220,206259,18473.0,0.7052631578947368,0.7355241873922583,67326,246313,-178987,0.45263157894736844,-0.24788088467585617,76888,149148,-72260,0.7789473684210526,0.9141475353898606,515016,17236.0,0.4421052631578947,-0.37064927528747943
2011-06-28,1499.699951171875,COMEX GC futures proxy via Yahoo Finance GC=F,Keep GC futures for COT/COMEX alignment; use licensed LBMA PM or reliable XAUUSD spot for benchmark-grade v0.2 pricing.,-0.029948285141089936,-0.01581578742879297,-0.023569290101416396,-0.026232079121157104,-1.7170891917768758,0.9166666666666666,1.5503212367847516,False,,train_2009_2018,bull,178804,9233,169571,-36688.0,0.23958333333333334,-0.7439842938265951,71857,224246,-152389,0.8125,0.8466330213205376,81495,137861,-56366,0.9895833333333334,1.9171443435976665,495761,-19255.0,0.21875,-0.7362143924801131
2011-07-05,1512.300048828125,COMEX GC futures proxy via Yahoo Finance GC=F,Keep GC futures for COT/COMEX alignment; use licensed LBMA PM or reliable XAUUSD spot for benchmark-grade v0.2 pricing.,0.008401745726806409,-0.02179815729099288,-0.020086826293784665,-0.0028352412152394812,0.19645152044788683,0.9278350515463918,1.6008242688426444,False,,train_2009_2018,bull,173769,8346,165423,-4148.0,0.1958762886597938,-0.9037641413644668,72293,217916,-145623,0.865979381443299,1.1142959719788654,78864,135243,-56379,0.979381443298969,1.8710430609593505,489782,-5979.0,0.16494845360824742,-0.84431647696702
2011-07-12,1561.9000244140625,COMEX GC futures proxy via Yahoo Finance GC=F,Keep GC futures for COT/COMEX alignment; use licensed LBMA PM or reliable XAUUSD spot for benchmark-grade v0.2 pricing.,0.032797708116436564,0.0414750118472591,0.025003264447483353,0.055480452004954106,1.4520847437657731,1.0,1.8717199671924465,False,,train_2009_2018,bull,208383,9278,199105,33682.0,0.6224489795918368,0.4616841450361678,67907,238727,-170820,0.5612244897959183,0.06969264391830825,71779,145208,-73429,0.7346938775510204,0.7678480470644645,520202,30420.0,0.4897959183673469,-0.25370059090951613
2011-07-19,1600.9000244140625,COMEX GC futures proxy via Yahoo Finance GC=F,Keep GC futures for COT/COMEX alignment; use licensed LBMA PM or reliable XAUUSD spot for benchmark-grade v0.2 pricing.,0.024969587931615855,0.05858624130482126,0.03551101191077777,0.05101107913140934,1.0037883375488899,1.0,2.059491923465049,False,,train_2009_2018,bull,220116,9827,210289,11184.0,0.797979797979798,0.909380191070908,68996,245575,-176579,0.47474747474747475,-0.16933508614988005,72982,160217,-87235,0.5252525252525253,-0.1216042829530506,542342,22140.0,0.6363636363636364,0.17632104544379837
2011-07-26,1616.5999755859375,COMEX GC futures proxy via Yahoo Finance GC=F,Keep GC futures for COT/COMEX alignment; use licensed LBMA PM or reliable XAUUSD spot for benchmark-grade v0.2 pricing.,0.009806952921761258,0.035021416426698204,0.07794894193516244,0.05254245060817775,0.1739964647706238,1.0,2.097020922168603,False,,train_2009_2018,bull,221551,8050,213501,3212.0,0.84,1.029730657564397,68546,269102,-200556,0.11,-1.1592929808683017,67650,150067,-82417,0.63,0.18960542071072606,536454,-5888.0,0.61,0.06084032721963739
2011-08-02,1641.9000244140625,COMEX GC futures proxy via Yahoo Finance GC=F,Keep GC futures for COT/COMEX alignment; use licensed LBMA PM or reliable XAUUSD spot for benchmark-grade v0.2 pricing.,0.01565016034282385,0.025610593650285063,0.08569726337466155,0.06388905103761733,0.5025231900452423,1.0,2.1847330779800096,False,,train_2009_2018,bull,237847,9023,228824,15323.0,1.0,1.624824269250508,71500,267440,-195940,0.1485148514851485,-0.9571868457701384,63956,155650,-91694,0.40594059405940597,-0.41207111417414427,529403,-7051.0,0.5643564356435643,-0.07740029323208038
2011-08-09,1740.0,COMEX GC futures proxy via Yahoo Finance GC=F,Keep GC futures for COT/COMEX alignment; use licensed LBMA PM or reliable XAUUSD spot for benchmark-grade v0.2 pricing.,0.05974783733921063,0.07633306091653003,0.11402776925671065,0.14188210017327618,2.6510349704775096,1.0,2.6556324008177583,False,,train_2009_2018,bull,201303,9893,191410,-37414.0,0.4803921568627451,0.1103203989598438,77275,263118,-185843,0.35294117647058826,-0.5317268276158682,69425,132788,-63363,0.8823529411764706,1.418880583561033,510223,-19180.0,0.4215686274509804,-0.4536860482257276
2011-08-16,1782.4000244140625,COMEX GC futures proxy via Yahoo Finance GC=F,Keep GC futures for COT/COMEX alignment; use licensed LBMA PM or reliable XAUUSD spot for benchmark-grade v0.2 pricing.,0.024367830123024348,0.08557159261273517,0.1133737255494327,0.15291075317856562,0.8603162738301441,1.0,2.7738244526662736,False,,train_2009_2018,bull,213261,13386,199875,8465.0,0.6116504854368932,0.4518964970143865,79163,267985,-188822,0.30097087378640774,-0.6521658954359701,63910,123935,-60025,0.9223300970873787,1.6071748540909156,514107,3884.0,0.42718446601941745,-0.3745643366042399
2011-08-23,1858.300048828125,COMEX GC futures proxy via Yahoo Finance GC=F,Keep GC futures for COT/COMEX alignment; use licensed LBMA PM or reliable XAUUSD spot for benchmark-grade v0.2 pricing.,0.04258304722533501,0.06798853380926717,0.14951136761868566,0.2391145624670039,1.6961123311512907,1.0,3.033991259114458,False,,train_2009_2018,bull,202430,10108,192322,-7553.0,0.5096153846153846,0.14285466336735572,88843,275923,-187080,0.34615384615384615,-0.5751784601683744,68569,111925,-43356,1.0,2.5813107925502514,528520,14413.0,0.5480769230769231,-0.08702225454457128
2011-08-30,1826.699951171875,COMEX GC futures proxy via Yahoo Finance GC=F,Keep GC futures for COT/COMEX alignment; use licensed LBMA PM or reliable XAUUSD spot for benchmark-grade v0.2 pricing.,-0.017004841428152284,0.02485408783158838,0.11255248432300946,0.20789518759017245,-1.1929434455262025,0.9904761904761905,2.745580025021022,False,,train_2009_2018,bull,189799,6727,183072,-9250.0,0.4,-0.23539275029963555,94120,282732,-188612,0.3142857142857143,-0.6355686265122885,60237,88980,-28743,1.0,3.292600107322761,509326,-19194.0,0.3904761904761905,-0.4685139724416414
2011-09-06,1869.9000244140625,COMEX GC futures proxy via Yahoo Finance GC=F,Keep GC futures for COT/COMEX alignment; use licensed LBMA PM or reliable XAUUSD spot for benchmark-grade v0.2 pricing.,0.023649244209194675,0.006242251133369292,0.07465518644486346,0.19719572007532582,0.7618708446713722,1.0,2.8378692945966155,False,,train_2009_2018,bull,195197,7002,188195,5123.0,0.4339622641509434,-0.02417589476095026,90283,290583,-200300,0.11320754716981132,-1.118250956881142,63389,90803,-27414,1.0,3.1878369711183967,523294,13968.0,0.5471698113207547,-0.1869413306942959
2011-09-13,1826.800048828125,COMEX GC futures proxy via Yahoo Finance GC=F,Keep GC futures for COT/COMEX alignment; use licensed LBMA PM or reliable XAUUSD spot for benchmark-grade v0.2 pricing.,-0.023049347571104994,5.4796988517846756e-05,0.02491024674927189,0.14110813977702508,-1.43241111649849,0.9813084112149533,2.530244133318758,False,,train_2009_2018,bull,182461,6192,176269,-11926.0,0.308411214953271,-0.5149108078055302,93436,278050,-184614,0.42990654205607476,-0.4525391715836633,66079,91933,-25854,1.0,3.1077581324544186,512068,-11226.0,0.4205607476635514,-0.41130072493503456
2011-09-20,1806.5999755859373,COMEX GC futures proxy via Yahoo Finance GC=F,Keep GC futures for COT/COMEX alignment; use licensed LBMA PM or reliable XAUUSD spot for benchmark-grade v0.2 pricing.,-0.011057626835047407,-0.03385210332191979,-0.0278211655188787,0.1175306215943337,-0.8476466164270414,0.9629629629629629,2.356846994949381,False,,train_2009_2018,bull,159718,8293,151425,-24844.0,0.08333333333333333,-1.5230882494372389,96243,278187,-181944,0.4537037037037037,-0.3374928531173496,69260,84944,-15684,1.0,3.435779706913508,499356,-12712.0,0.25925925925925924,-0.6644554815168335
2011-09-27,1650.5999755859375,COMEX GC futures proxy via Yahoo Finance GC=F,Keep GC futures for COT/COMEX alignment; use licensed LBMA PM or reliable XAUUSD spot for benchmark-grade v0.2 pricing.,-0.08635005098425519,-0.09645285117833136,-0.09640333951559199,0.005298709447903116,-3.6869016253579776,0.9357798165137615,1.590658126121831,False,,train_2009_2018,bull,136103,13628,122475,-28950.0,0.009174311926605505,-2.617824162530075,101853,264266,-162413,0.6605504587155964,0.4919760381411489,70248,74518,-4270,1.0,3.735733655817753,465414,-33942.0,0.045871559633027525,-1.3366426252248251
2011-10-04,1614.699951171875,COMEX GC futures proxy via Yahoo Finance GC=F,Keep GC futures for COT/COMEX alignment; use licensed LBMA PM or reliable XAUUSD spot for benchmark-grade v0.2 pricing.,-0.021749681900557705,-0.1062216467438084,-0.13647792390513236,-0.0720115223150144,-1.033563979801728,0.9090909090909091,1.402317556789109,False,,train_2009_2018,bull,133320,12631,120689,-1786.0,0.00909090909090909,-2.5926986675879724,94415,261028,-166613,0.6272727272727273,0.3108202155126007,73944,72082,1862,1.0,3.744258727401231,436920,-28494.0,0.01818181818181818,-1.8735792630209929
2011-10-11,1659.699951171875,COMEX GC futures proxy via Yahoo Finance GC=F,Keep GC futures for COT/COMEX alignment; use licensed LBMA PM or reliable XAUUSD spot for benchmark-grade v0.2 pricing.,0.02786895482801066,0.005513132025042777,-0.0914714764560266,-0.06883980675579449,0.9387140626069767,0.9369369369369369,1.587279892003985,False,,train_2009_2018,bull,134111,12090,122021,1332.0,0.018018018018018018,-2.4582281796595984,92505,263237,-170732,0.5945945945945946,0.13333283803737073,71694,69440,2254,1.0,3.5252403043807403,438090,1170.0,0.02702702702702703,-1.8138896133992328
2011-10-18,1651.699951171875,COMEX GC futures proxy via Yahoo Finance GC=F,Keep GC futures for COT/COMEX alignment; use licensed LBMA PM or reliable XAUUSD spot for benchmark-grade v0.2 pricing.,-0.004820148361365795,0.02291447396969759,-0.08574118593344016,-0.11117693172667975,-0.36887718656319013,0.9285714285714286,1.5267526675853766,False,,train_2009_2018,bull,132678,14779,117899,-4122.0,0.008928571428571428,-2.527036501165861,94982,262866,-167884,0.625,0.254969557388416,72048,63317,8731,1.0,3.560846021935301,437739,-351.0,0.026785714285714284,-1.7862790986928259
2011-10-25,1699.5999755859375,COMEX GC futures proxy via Yahoo Finance GC=F,Keep GC futures for COT/COMEX alignment; use licensed LBMA PM or reliable XAUUSD spot for benchmark-grade v0.2 pricing.,0.029000439444269333,0.024040504662237394,0.02968617516343164,-0.06957901077536,0.9532244686860328,0.9380530973451328,1.7172615936972322,False,,train_2009_2018,bull,141961,15391,126570,8671.0,0.05309734513274336,-2.148993764606794,91090,265927,-174837,0.5221238938053098,-0.04601442358101839,68973,62250,6723,0.9911504424778761,3.2909857504950337,443723,5984.0,0.04424778761061947,-1.6414399071651864
2011-11-01,1711.0,COMEX GC futures proxy via Yahoo Finance GC=F,Keep GC futures for COT/COMEX alignment; use licensed LBMA PM or reliable XAUUSD spot for benchmark-grade v0.2 pricing.,0.006707475039902988,0.035902434207891076,0.05963959357169424,-0.08497781824664885,0.07594217633593033,0.9385964912280702,1.73787489689918,False,,train_2009_2018,bull,144879,11868,133011,6441.0,0.06140350877192982,-1.8751492544339126,88995,269063,-180068,0.45614035087719296,-0.27234292874489113,63643,65975,-2332,0.9649122807017544,2.822546683219827,442435,-1288.0,0.043859649122807015,-1.6391908087938256
2011-11-08,1798.4000244140625,COMEX GC futures proxy via Yahoo Finance GC=F,Keep GC futures for COT/COMEX alignment; use licensed LBMA PM or reliable XAUUSD spot for benchmark-grade v0.2 pricing.,0.05108125331038127,0.05813135458187069,0.08356936634495571,-0.015546323437138576,1.8001210066541464,0.9565217391304348,2.0842122067739615,False,,train_2009_2018,bull,155632,9577,146055,13044.0,0.10434782608695652,-1.3859589854978795,85134,273627,-188493,0.30434782608695654,-0.6365315228630408,60169,68611,-8442,0.9478260869565217,2.5099758147043887,464982,22547.0,0.08695652173913043,-1.1915764333201273
2011-11-15,1781.699951171875,COMEX GC futures proxy via Yahoo Finance GC=F,Keep GC futures for COT/COMEX alignment; use licensed LBMA PM or reliable XAUUSD spot for benchmark-grade v0.2 pricing.,-0.009286072628712616,0.04132083645346296,0.07870678927353936,-0.013782810113227462,-0.6178519416123114,0.9396551724137931,1.9666951037515537,False,,train_2009_2018,bull,159850,8940,150910,4855.0,0.13793103448275862,-1.1984995542530903,87774,275813,-188039,0.31896551724137934,-0.6129907053196559,51941,68065,-16124,0.9310344827586207,2.1737345714376723,470490,5508.0,0.16379310344827586,-1.0754043771356032
2011-11-22,1702.199951171875,COMEX GC futures proxy via Yahoo Finance GC=F,Keep GC futures for COT/COMEX alignment; use licensed LBMA PM or reliable XAUUSD spot for benchmark-grade v0.2 pricing.,-0.04462030767173264,-0.05349203288269,0.001529757368372131,0.03126134517699852,-1.9461037418221205,0.9145299145299145,1.5910844687198042,False,,train_2009_2018,bull,146180,8498,137682,-13228.0,0.07692307692307693,-1.646554662006966,98776,263309,-164533,0.6666666666666666,0.4174024130321193,40204,68084,-27880,0.905982905982906,1.7220054958920448,457070,-13420.0,0.07692307692307693,-1.3178212014229307
2011-11-29,1713.4000244140625,COMEX GC futures proxy via Yahoo Finance GC=F,Keep GC futures for COT/COMEX alignment; use licensed LBMA PM or reliable XAUUSD spot for benchmark-grade v0.2 pricing.,0.006579763578583586,-0.03833413516843265,0.00140270275515042,0.061125952949063755,0.08597858017611365,0.923728813559322,1.614824950931347,False,,train_2009_2018,bull,141009,7215,133794,-3888.0,0.07627118644067797,-1.7538469422986436,88104,256033,-167929,0.6271186440677966,0.26649236530556525,40247,65863,-25616,0.923728813559322,1.7704977143004472,423176,-33894.0,0.01694915254237288,-1.9277381177022073
2011-12-06,1727.9000244140625,COMEX GC futures proxy via Yahoo Finance GC=F,Keep GC futures for COT/COMEX alignment; use licensed LBMA PM or reliable XAUUSD spot for benchmark-grade v0.2 pricing.,0.008462705610710275,0.015098151791447467,-0.03920151192333843,0.04109180891041975,0.1674820923328969,0.9243697478991597,1.6513603772434071,False,,train_2009_2018,bull,146486,8794,137692,3898.0,0.09243697478991597,-1.5919502127757614,78704,256384,-177680,0.48739495798319327,-0.16435678765801096,43192,67012,-23820,0.9243697478991597,1.8006235712983665,422956,-220.0,0.01680672268907563,-1.894116811476135
2011-12-13,1659.9000244140625,COMEX GC futures proxy via Yahoo Finance GC=F,Keep GC futures for COT/COMEX alignment; use licensed LBMA PM or reliable XAUUSD spot for benchmark-grade v0.2 pricing.,-0.03935412873384214,-0.03122446552917235,-0.06836163781544768,0.004964626436157138,-1.6612982163396475,0.8833333333333333,1.3415703565798007,False,,train_2009_2018,bull,137811,10674,127137,-10555.0,0.058333333333333334,-1.9231352054737716,83774,255642,-171868,0.5666666666666667,0.09354391826015715,50987,65336,-14349,0.9416666666666667,2.0827704733606414,427699,4743.0,0.03333333333333333,-1.7736758454381174
2011-12-20,1615.5999755859375,COMEX GC futures proxy via Yahoo Finance GC=F,Keep GC futures for COT/COMEX alignment; use licensed LBMA PM or reliable XAUUSD spot for benchmark-grade v0.2 pricing.,-0.02668838374393223,-0.06499221438821745,-0.05087532491486557,-0.04942339444965038,-1.147563325713859,0.8347107438016529,1.1398183984738288,False,,train_2009_2018,range,124617,13147,111470,-15667.0,0.008264462809917356,-2.39609439578868,85338,242705,-157367,0.7851239669421488,0.7359667959070503,58225,65412,-7187,0.9504132231404959,2.268702339344751,423465,-4234.0,0.03305785123966942,-1.8188251919636043
2011-12-27,1594.199951171875,COMEX GC futures proxy via Yahoo Finance GC=F,Keep GC futures for COT/COMEX alignment; use licensed LBMA PM or reliable XAUUSD spot for benchmark-grade v0.2 pricing.,-0.013245868245511216,-0.039580741174685685,-0.06956931921542997,-0.06826420153601698,-0.6120868174546893,0.8114754098360656,1.038821367321182,False,,train_2009_2018,bull,120594,14551,106043,-5427.0,0.00819672131147541,-2.501954283122334,86324,241508,-155184,0.7950819672131147,0.8278058722655139,58198,66946,-8748,0.9344262295081968,2.1635004710790913,418945,-4520.0,0.01639344262295082,-1.8664396029599644
2012-01-03,1599.699951171875,COMEX GC futures proxy via Yahoo Finance GC=F,Keep GC futures for COT/COMEX alignment; use licensed LBMA PM or reliable XAUUSD spot for benchmark-grade v0.2 pricing.,0.003450006378407533,-0.00984156019703819,-0.07419414979501526,-0.11048713887052242,0.009617254530389675,0.8130081300813008,1.0533101816321608,False,,train_2009_2018,bull,121961,17399,104562,-1481.0,0.008130081300813009,-2.475635347698648,86576,238940,-152364,0.8455284552845529,0.9466782669122454,57148,66627,-9479,0.926829268292683,2.091690038310536,423275,4330.0,0.04065040650406504,-1.7576176755462547
2012-01-10,1631.0,COMEX GC futures proxy via Yahoo Finance GC=F,Keep GC futures for COT/COMEX alignment; use licensed LBMA PM or reliable XAUUSD spot for benchmark-grade v0.2 pricing.,0.019566199777149462,0.02308370966958928,-0.01741070184287996,-0.08458211556483197,0.6160336343055429,0.8467741935483871,1.1763077370542754,False,,train_2009_2018,range,118994,15014,103980,-582.0,0.008064516129032258,-2.4239782515385886,88406,239346,-150940,0.8548387096774194,1.002255446412627,52261,67895,-15634,0.9112903225806451,1.8556810099648922,417923,-5352.0,0.016129032258064516,-1.8213628662961419
2012-01-17,1655.199951171875,COMEX GC futures proxy via Yahoo Finance GC=F,Keep GC futures for COT/COMEX alignment; use licensed LBMA PM or reliable XAUUSD spot for benchmark-grade v0.2 pricing.,0.014837493054491002,0.03469400618493679,0.02451100283755303,-0.027611327310662293,0.4159671888626511,0.872,1.266685704768586,False,,train_2009_2018,range,120582,11927,108655,4675.0,0.032,-2.220309782067327,89853,255762,-165909,0.648,0.33039257960896595,51350,58417,-7067,0.952,2.0870889990441146,432838,14915.0,0.072,-1.5340892512716238
2012-01-24,1664.199951171875,COMEX GC futures proxy via Yahoo Finance GC=F,Keep GC futures for COT/COMEX alignment; use licensed LBMA PM or reliable XAUUSD spot for benchmark-grade v0.2 pricing.,0.005437409536912963,0.02035558011764249,0.04390917208882361,-0.02871487833613906,0.032064755265702474,0.8888888888888888,1.2912780457548194,False,,train_2009_2018,range,127512,10356,117156,8501.0,0.047619047619047616,-1.9174472597569883,85155,256803,-171648,0.5476190476190477,0.07215216512025169,48199,56319,-8120,0.9365079365079365,2.011662251868125,427032,-5806.0,0.06349206349206349,-1.6134700262882744
2012-01-31,1737.800048828125,COMEX GC futures proxy via Yahoo Finance GC=F,Keep GC futures for COT/COMEX alignment; use licensed LBMA PM or reliable XAUUSD spot for benchmark-grade v0.2 pricing.,0.044225513649620796,0.049903395416227125,0.08632875031038378,0.005729512283223492,1.4795757620792964,0.9291338582677166,1.582950497167442,False,,train_2009_2018,bull,149921,5973,143948,26792.0,0.1732283464566929,-1.0787416745224534,83849,264347,-180498,0.41732283464566927,-0.32580578458617027,33019,62383,-29364,0.8267716535433071,1.326032078586339,425133,-1899.0,0.06299212598425197,-1.6231280052544437
2012-02-07,1746.4000244140625,COMEX GC futures proxy via Yahoo Finance GC=F,Keep GC futures for COT/COMEX alignment; use licensed LBMA PM or reliable XAUUSD spot for benchmark-grade v0.2 pricing.,0.00494877163327101,0.049393147250307745,0.07075415353406656,0.052111572219859514,-0.0062415114614843645,0.9375,1.596732015336247,False,,train_2009_2018,range,161575,5966,155609,11661.0,0.2578125,-0.7137702658429512,79733,268892,-189159,0.2421875,-0.7138115081155638,35358,67271,-31913,0.8203125,1.2334238078044986,436061,10928.0,0.09375,-1.4147994226334262
2012-02-14,1715.9000244140625,COMEX GC futures proxy via Yahoo Finance GC=F,Keep GC futures for COT/COMEX alignment; use licensed LBMA PM or reliable XAUUSD spot for benchmark-grade v0.2 pricing.,-0.017464498152554242,-0.012602154332329918,0.036672350793154784,0.0620822297250585,-0.8372160501776174,0.9069767441860465,1.4503697227720966,False,,train_2009_2018,range,156994,8005,148989,-6620.0,0.20155038759689922,-0.91241077474215,79725,260523,-180798,0.4108527131782946,-0.3329921924738943,37712,66322,-28610,0.8372093023255814,1.3228400523965846,431164,-4897.0,0.08527131782945736,-1.481470871199847
2012-02-21,1757.0999755859375,COMEX GC futures proxy via Yahoo Finance GC=F,Keep GC futures for COT/COMEX alignment; use licensed LBMA PM or reliable XAUUSD spot for benchmark-grade v0.2 pricing.,0.02401069443771564,0.006126861556512431,0.05582263378186347,0.10218293150386626,0.7294154510326238,0.9384615384615385,1.6007671879839904,False,,train_2009_2018,range,169144,8850,160294,11305.0,0.3076923076923077,-0.5589596252720308,79452,272935,-193483,0.14615384615384616,-0.9042075722130062,36492,72311,-35819,0.8076923076923077,1.0877654362051066,456676,25512.0,0.16153846153846155,-1.0303120639922116
2012-02-28,1787.0,COMEX GC futures proxy via Yahoo Finance GC=F,Keep GC futures for COT/COMEX alignment; use licensed LBMA PM or reliable XAUUSD spot for benchmark-grade v0.2 pricing.,0.017016689334419688,0.041435966300085836,0.02831162952553301,0.11708448743210664,0.46917091847311065,0.9541984732824428,1.6995475116792296,False,,train_2009_2018,range,184843,7700,177143,16849.0,0.45038167938931295,-0.034865546311032884,78899,280680,-201781,0.07633587786259542,-1.2694389779725759,36861,80431,-43570,0.7938931297709924,0.8396419398201231,479044,22368.0,0.26717557251908397,-0.6386604143423379
2012-03-06,1671.4000244140625,COMEX GC futures proxy via Yahoo Finance GC=F,Keep GC futures for COT/COMEX alignment; use licensed LBMA PM or reliable XAUUSD spot for benchmark-grade v0.2 pricing.,-0.06468940995295891,-0.048773520210935506,-0.04294548726037917,0.02477009467447111,-2.4258148250324028,0.8560606060606061,1.2096284225982952,False,,train_2009_2018,range,153286,11445,141841,-35302.0,0.16666666666666666,-1.1270809973072586,81877,250981,-169104,0.6060606060606061,0.21504214684266038,43615,74719,-31104,0.8181818181818182,1.2186223886304504,443249,-35795.0,0.13636363636363635,-1.248997652900157
2012-03-13,1693.699951171875,COMEX GC futures proxy via Yahoo Finance GC=F,Keep GC futures for COT/COMEX alignment; use licensed LBMA PM or reliable XAUUSD spot for benchmark-grade v0.2 pricing.,0.013342064396361542,-0.05221043582995244,-0.012937859389429374,0.023260029685683747,0.3298988118222712,0.8571428571428571,1.2886452479603465,False,,train_2009_2018,range,146286,12668,133618,-8223.0,0.12030075187969924,-1.3684488292547083,81152,247753,-166601,0.6466165413533834,0.32786717063638876,46312,71399,-25087,0.8721804511278195,1.3911611152922858,442319,-930.0,0.12781954887218044,-1.2528370452784805
2012-03-20,1646.699951171875,COMEX GC futures proxy via Yahoo Finance GC=F,Keep GC futures for COT/COMEX alignment; use licensed LBMA PM or reliable XAUUSD spot for benchmark-grade v0.2 pricing.,-0.02774989747592571,-0.014778073998680585,-0.06283081551876268,-0.010515563341819023,-1.1020736777030489,0.7985074626865671,1.086025340762677,False,,train_2009_2018,range,129938,16840,113098,-20520.0,0.04477611940298507,-1.9691570064072423,85230,236802,-151572,0.8582089552238806,1.0081673902319812,51279,65845,-14566,0.9029850746268657,1.6939276756481307,431039,-11280.0,0.08208955223880597,-1.431567521999658
2012-03-27,1684.800048828125,COMEX GC futures proxy via Yahoo Finance GC=F,Keep GC futures for COT/COMEX alignment; use licensed LBMA PM or reliable XAUUSD spot for benchmark-grade v0.2 pricing.,0.023137243448107192,-0.005254710161379017,-0.05719079528364579,-0.030498330366453996,0.6898141412760197,0.8518518518518519,1.2312575795141176,False,,train_2009_2018,range,136546,12463,124083,10985.0,0.0962962962962963,-1.6096236324913906,76535,235618,-159083,0.7481481481481481,0.6608381159215675,50185,76178,-25993,0.8444444444444444,1.3265933618265497,417304,-13735.0,0.014814814814814815,-1.6453206322974603
2012-04-03,1670.0,COMEX GC futures proxy via Yahoo Finance GC=F,Keep GC futures for COT/COMEX alignment; use licensed LBMA PM or reliable XAUUSD spot for benchmark-grade v0.2 pricing.,-0.008784454178060619,0.01414954121516998,-0.000837635750635668,-0.043747150335557095,-0.42386685673086655,0.8382352941176471,1.1602839552310076,False,,train_2009_2018,range,126887,13847,113040,-11043.0,0.04411764705882353,-1.91316685272169,79367,229690,-150323,0.8676470588235294,1.0543601890174996,51098,78239,-27141,0.8382352941176471,1.278587960298085,407761,-9543.0,0.014705882352941176,-1.78078109978799
2012-04-10,1659.5,COMEX GC futures proxy via Yahoo Finance GC=F,Keep GC futures for COT/COMEX alignment; use licensed LBMA PM or reliable XAUUSD spot for benchmark-grade v0.2 pricing.,-0.006287425149700598,-0.015016647729635735,-0.020192449759599995,-0.03286906207331153,-0.3295254175598847,0.8102189781021898,1.1080627634127556,False,,train_2009_2018,range,119710,15480,104230,-8810.0,0.014598540145985401,-2.134702701248492,78673,221202,-142529,0.9051094890510949,1.3963810107269181,49178,77698,-28520,0.8175182481751825,1.2248023836522128,403989,-3772.0,0.014598540145985401,-1.8156094485701242
2012-04-17,1650.300048828125,COMEX GC futures proxy via Yahoo Finance GC=F,Keep GC futures for COT/COMEX alignment; use licensed LBMA PM or reliable XAUUSD spot for benchmark-grade v0.2 pricing.,-0.00554380908217833,-0.01179637794723054,0.0021862499319855733,-0.060781929452931704,-0.28170429865482915,0.782608695652174,1.0620499486880168,False,,train_2009_2018,range,117770,10194,107576,3346.0,0.036231884057971016,-1.997578701243919,75591,224882,-149291,0.8695652173913043,1.0789012527570239,46945,73745,-26800,0.8405797101449275,1.2655121728191914,398526,-5463.0,0.014492753623188406,-1.876022123305452
2012-04-24,1643.0,COMEX GC futures proxy via Yahoo Finance GC=F,Keep GC futures for COT/COMEX alignment; use licensed LBMA PM or reliable XAUUSD spot for benchmark-grade v0.2 pricing.,-0.00442346761930279,-0.009942753841518548,-0.024810094739253663,-0.08058198097369895,-0.23434676966170762,0.7697841726618705,1.0244916306252885,False,,train_2009_2018,range,115706,12356,103350,-4226.0,0.007194244604316547,-2.0809731316242943,78916,219917,-141001,0.920863309352518,1.4411184909216843,45255,71491,-26236,0.841726618705036,1.27065365387007,395389,-3137.0,0.014388489208633094,-1.896100519635417
2012-05-01,1661.699951171875,COMEX GC futures proxy via Yahoo Finance GC=F,Keep GC futures for COT/COMEX alignment; use licensed LBMA PM or reliable XAUUSD spot for benchmark-grade v0.2 pricing.,0.011381589270770043,0.006907775559871654,-0.004970089118637722,-0.005803561744943786,0.3446459093745338,0.8285714285714286,1.0924511029935249,False,,train_2009_2018,range,119865,9809,110056,6706.0,0.05714285714285714,-1.855299742002217,79198,228645,-149447,0.85,1.0490935625853788,45266,73822,-28556,0.8,1.1893136629157073,411972,16583.0,0.04285714285714286,-1.6011530558729512
2012-05-08,1604.0,COMEX GC futures proxy via Yahoo Finance GC=F,Keep GC futures for COT/COMEX alignment; use licensed LBMA PM or reliable XAUUSD spot for benchmark-grade v0.2 pricing.,-0.034723447594244394,-0.02373706634205719,-0.033443808376016904,-0.05296094571521448,-1.290560563929071,0.723404255319149,0.8509473389742771,False,,train_2009_2018,bear,113307,22935,90372,-19684.0,0.0070921985815602835,-2.366015303439932,82697,216394,-133697,0.950354609929078,1.7395323224238648,44175,61933,-17758,0.8794326241134752,1.5012874986769407,417798,5826.0,0.05673758865248227,-1.4881014200587155
2012-05-15,1556.800048828125,COMEX GC futures proxy via Yahoo Finance GC=F,Keep GC futures for COT/COMEX alignment; use licensed LBMA PM or reliable XAUUSD spot for benchmark-grade v0.2 pricing.,-0.029426403473737484,-0.06312806488907452,-0.05665636383298556,-0.05459397887257644,-1.0941599048249429,0.6901408450704225,0.654188866440457,False,,train_2009_2018,bear,112920,32822,80098,-10274.0,0.007042253521126761,-2.584441893658998,81982,212571,-130589,0.9647887323943662,1.8501376036564057,46907,55235,-8328,0.9366197183098591,1.7617381035521213,422091,4293.0,0.07746478873239436,-1.402930297800425
2012-05-22,1576.300048828125,COMEX GC futures proxy via Yahoo Finance GC=F,Keep GC futures for COT/COMEX alignment; use licensed LBMA PM or reliable XAUUSD spot for benchmark-grade v0.2 pricing.,0.01252569333786857,-0.017269296241817278,-0.04059644015330188,-0.06439933336627568,0.4112737483362171,0.6993006993006993,0.7303347643520844,False,,train_2009_2018,bear,113453,38808,74645,-5453.0,0.006993006993006993,-2.657387912554561,93201,228881,-135680,0.9300699300699301,1.6020304117983726,54353,54271,82,0.972027972027972,1.9802320104494027,435706,13615.0,0.15384615384615385,-1.171109654823869
2012-05-29,1548.5999755859375,COMEX GC futures proxy via Yahoo Finance GC=F,Keep GC futures for COT/COMEX alignment; use licensed LBMA PM or reliable XAUUSD spot for benchmark-grade v0.2 pricing.,-0.017572842976678604,-0.005267261681010438,-0.06806281453289831,-0.07269462539764227,-0.646882481964281,0.6805555555555556,0.613442907806821,False,,train_2009_2018,bear,113383,40857,72526,-2119.0,0.006944444444444444,-2.6384826355981583,89263,217183,-127920,0.9652777777777778,1.9151740162368491,54724,57513,-2789,0.9583333333333334,1.8647568749736139,419991,-15715.0,0.0763888888888889,-1.4120302177912079
2012-06-05,1615.199951171875,COMEX GC futures proxy via Yahoo Finance GC=F,Keep GC futures for COT/COMEX alignment; use licensed LBMA PM or reliable XAUUSD spot for benchmark-grade v0.2 pricing.,0.04300657150710485,0.024677980802366495,0.006982513199423224,-0.02669481701001808,1.4578975567602783,0.7379310344827587,0.8825512252761518,False,,train_2009_2018,bear,124211,35621,88590,16064.0,0.027586206896551724,-2.1669205281813486,75259,217097,-141838,0.8827586206896552,1.2900905227349553,55084,69368,-14284,0.896551724137931,1.5074230182920907,423941,3950.0,0.11724137931034483,-1.3349263295573257
2012-06-12,1612.699951171875,COMEX GC futures proxy via Yahoo Finance GC=F,Keep GC futures for COT/COMEX alignment; use licensed LBMA PM or reliable XAUUSD spot for benchmark-grade v0.2 pricing.,-0.001547795985373912,0.04139221012300753,0.03590692483972391,-0.022783794791104706,-0.10655873392686889,0.726027397260274,0.8669936475643849,False,,train_2009_2018,range,120365,32492,87873,-717.0,0.0273972602739726,-2.1432805070665437,75355,214547,-139192,0.8972602739726028,1.3921086511355971,49384,68982,-19598,0.8493150684931506,1.337965570188357,412244,-11697.0,0.04794520547945205,-1.5069521005250763
2012-06-19,1622.199951171875,COMEX GC futures proxy via Yahoo Finance GC=F,Keep GC futures for COT/COMEX alignment; use licensed LBMA PM or reliable XAUUSD spot for benchmark-grade v0.2 pricing.,0.005890742411876815,0.004333828759047087,0.02911875970433009,-0.01265979843464704,0.16007598982052448,0.7551020408163265,0.9006253272838923,False,,train_2009_2018,range,121411,28260,93151,5278.0,0.047619047619047616,-1.9726175490362101,77449,229915,-152466,0.7687074829931972,0.8061883094376968,52122,63347,-11225,0.8979591836734694,1.5650571570353258,418492,6248.0,0.07482993197278912,-1.392163326304484
2012-06-26,1574.0,COMEX GC futures proxy via Yahoo Finance GC=F,Keep GC futures for COT/COMEX alignment; use licensed LBMA PM or reliable XAUUSD spot for benchmark-grade v0.2 pricing.,-0.029712706585310555,-0.023996994074287348,0.016401927427676766,-0.05277724844971354,-1.0893997835665425,0.6824324324324325,0.6979460287551225,False,,train_2009_2018,range,110884,33389,77495,-15656.0,0.02027027027027027,-2.3223798334096943,79372,223244,-143872,0.8581081081081081,1.1734803331371937,57339,57627,-288,0.9662162162162162,1.8559288320163532,413618,-4874.0,0.05405405405405406,-1.4548051699307905
2012-07-03,1621.300048828125,COMEX GC futures proxy via Yahoo Finance GC=F,Keep GC futures for COT/COMEX alignment; use licensed LBMA PM or reliable XAUUSD spot for benchmark-grade v0.2 pricing.,0.030050856942900328,-0.0005547419373918006,0.003776682665093123,0.010785566601075436,0.9840729919117303,0.7516778523489933,0.8883451144370478,False,,train_2009_2018,range,125464,29245,96219,18724.0,0.06040268456375839,-1.8220130225658842,80343,236464,-156121,0.7114093959731543,0.6340847852942958,50550,61066,-10516,0.8926174496644296,1.5418560542683637,425068,11450.0,0.14093959731543623,-1.2605925558029796
2012-07-10,1579.300048828125,COMEX GC futures proxy via Yahoo Finance GC=F,Keep GC futures for COT/COMEX alignment; use licensed LBMA PM or reliable XAUUSD spot for benchmark-grade v0.2 pricing.,-0.025905137072164797,0.003367248302493575,-0.020710549609355255,0.01445272308215606,-0.925215290148662,0.6866666666666666,0.7107983300804723,False,,train_2009_2018,range,115071,34784,80287,-15932.0,0.03333333333333333,-2.1783380753627517,80672,234237,-153565,0.76,0.74238079464301,54038,53239,799,0.9733333333333334,1.8404060841362049,429854,4786.0,0.16666666666666666,-1.1747724581179004
2012-07-17,1589.0999755859375,COMEX GC futures proxy via Yahoo Finance GC=F,Keep GC futures for COT/COMEX alignment; use licensed LBMA PM or reliable XAUUSD spot for benchmark-grade v0.2 pricing.,0.006205234252404601,-0.019860650263633595,-0.020404374665420333,0.00812023495611025,0.2088203285867798,0.6887417218543046,0.7475746662356474,False,,train_2009_2018,range,109800,28444,81356,1069.0,0.039735099337748346,-2.1124293862820753,79877,238078,-158201,0.6821192052980133,0.5363548484683733,55690,56308,-618,0.9536423841059603,1.7748977700040747,431317,1463.0,0.18543046357615894,-1.1426234804258604
2012-07-24,1576.0,COMEX GC futures proxy via Yahoo Finance GC=F,Keep GC futures for COT/COMEX alignment; use licensed LBMA PM or reliable XAUUSD spot for benchmark-grade v0.2 pricing.,-0.008243644696493857,-0.00208956419052464,0.0012706480304955914,0.017693416534954487,-0.28651350143185195,0.6710526315789473,0.6897804658333591,False,,train_2009_2018,bear,92963,33154,59809,-21547.0,0.006578947368421052,-2.572158306412892,82393,220064,-137671,0.9078947368421053,1.4262257682140493,55448,54022,1426,0.9736842105263158,1.8069198633826482,420296,-11021.0,0.09868421052631579,-1.3062766464134632
2012-07-31,1610.5,COMEX GC futures proxy via Yahoo Finance GC=F,Keep GC futures for COT/COMEX alignment; use licensed LBMA PM or reliable XAUUSD spot for benchmark-grade v0.2 pricing.,0.021890862944162537,0.013466757751457337,-0.006661351078063094,-0.002909826222112666,0.765730803135791,0.7189542483660131,0.8287716764585719,False,,train_2009_2018,bear,105196,24339,80857,21048.0,0.0457516339869281,-2.0320443105782395,79471,227217,-147746,0.8235294117647058,0.9776613690205597,52701,60967,-8266,0.9019607843137255,1.5172607670343916,403403,-16893.0,0.026143790849673203,-1.5568130794231487
2012-08-07,1609.699951171875,COMEX GC futures proxy via Yahoo Finance GC=F,Keep GC futures for COT/COMEX alignment; use licensed LBMA PM or reliable XAUUSD spot for benchmark-grade v0.2 pricing.,-0.0004967704614250446,0.021383217748651706,0.019248971952041227,-0.001860234445855924,0.023090208631503156,0.7142857142857143,0.8209456175884049,False,,train_2009_2018,bear,96887,27177,69710,-11147.0,0.012987012987012988,-2.2508035231275185,77035,211868,-134833,0.9285714285714286,1.5277111005758401,49288,60873,-11585,0.8571428571428571,1.4102720706950673,388254,-15149.0,0.012987012987012988,-1.7718769616667212
2012-08-14,1599.4000244140625,COMEX GC futures proxy via Yahoo Finance GC=F,Keep GC futures for COT/COMEX alignment; use licensed LBMA PM or reliable XAUUSD spot for benchmark-grade v0.2 pricing.,-0.006398662527332566,-0.006892254322221403,0.006481687109917145,-0.014054942327757947,-0.17311186796644357,0.6903225806451613,0.7739702436371493,False,,train_2009_2018,bear,95478,28822,66656,-3054.0,0.012903225806451613,-2.2753708496993106,74399,206767,-132368,0.9548387096774194,1.6162225242841097,50179,61751,-11572,0.8580645161290322,1.3971095549013173,388187,-67.0,0.012903225806451613,-1.7494726352473922
2012-08-21,1639.9000244140625,COMEX GC futures proxy via Yahoo Finance GC=F,Keep GC futures for COT/COMEX alignment; use licensed LBMA PM or reliable XAUUSD spot for benchmark-grade v0.2 pricing.,0.025321995361877736,0.018761305931705774,0.04054570077034425,0.04186786811566878,1.02958405786148,0.7756410256410257,0.9374110204144461,False,,train_2009_2018,bear,111063,19478,91585,24929.0,0.08974358974358974,-1.6786417662452238,72285,215517,-143232,0.8461538461538461,1.1354968838815087,41776,69766,-27990,0.7307692307692307,0.9340378956165447,398747,10560.0,0.038461538461538464,-1.5671733138356887
2012-08-28,1666.5,COMEX GC futures proxy via Yahoo Finance GC=F,Keep GC futures for COT/COMEX alignment; use licensed LBMA PM or reliable XAUUSD spot for benchmark-grade v0.2 pricing.,0.016220486121061972,0.041953216557264694,0.03477180999689544,0.027878831684823302,0.662385269899877,0.8525641025641025,1.0384373413825356,False,,train_2009_2018,range,127743,14577,113166,21581.0,0.1794871794871795,-1.1729402476644417,73133,233502,-160369,0.6282051282051282,0.3999101886700235,38045,81300,-43255,0.6730769230769231,0.5021261913573498,426559,27812.0,0.17307692307692307,-1.1469601799276645
2012-09-04,1692.9000244140625,COMEX GC futures proxy via Yahoo Finance GC=F,Keep GC futures for COT/COMEX alignment; use licensed LBMA PM or reliable XAUUSD spot for benchmark-grade v0.2 pricing.,0.015841598808318258,0.03231904336298608,0.05168669675464499,0.07193058448280998,0.6568119578836927,0.8717948717948718,1.1379052193710135,False,,train_2009_2018,range,136347,13420,122927,9761.0,0.21794871794871795,-0.9384635191227264,71947,250540,-178593,0.38461538461538464,-0.400064359638879,40011,80804,-40793,0.6730769230769231,0.5635171708007004,444489,17930.0,0.28205128205128205,-0.8658750578796497
2012-09-11,1731.800048828125,COMEX GC futures proxy via Yahoo Finance GC=F,Keep GC futures for COT/COMEX alignment; use licensed LBMA PM or reliable XAUUSD spot for benchmark-grade v0.2 pricing.,0.02297833531399851,0.03918394769164424,0.0827810568919849,0.08979930491130417,0.8915169539895186,0.9166666666666666,1.289463400763978,False,,train_2009_2018,range,147696,10083,137613,14686.0,0.27564102564102566,-0.5947200026325167,72737,266203,-193466,0.1346153846153846,-1.0501543105031939,39378,83003,-43625,0.6474358974358975,0.47667354992038863,460531,16042.0,0.3076923076923077,-0.6146484221256188
2012-09-18,1768.4000244140625,COMEX GC futures proxy via Yahoo Finance GC=F,Keep GC futures for COT/COMEX alignment; use licensed LBMA PM or reliable XAUUSD spot for benchmark-grade v0.2 pricing.,0.021134065454440965,0.044598026410999525,0.07835843532346631,0.12208123376526814,0.7948330079575644,0.9423076923076923,1.4299238464043327,False,,train_2009_2018,bull,155972,11670,144302,6689.0,0.3269230769230769,-0.4341709363563286,44354,236273,-191919,0.16025641025641027,-0.9807889482555893,39854,97568,-57714,0.6025641025641025,0.07621722183964871,478609,18078.0,0.3782051282051282,-0.33407775090585395
2012-09-25,1763.800048828125,COMEX GC futures proxy via Yahoo Finance GC=F,Keep GC futures for COT/COMEX alignment; use licensed LBMA PM or reliable XAUUSD spot for benchmark-grade v0.2 pricing.,-0.0026012076014654273,0.01847788376126558,0.05838586788366329,0.09518786018511327,-0.17521364770947884,0.9358974358974359,1.3965160833401877,False,,train_2009_2018,range,167404,9176,158228,13926.0,0.42948717948717946,-0.1102224263907921,44057,256629,-212572,0.038461538461538464,-1.8563264496663714,45297,95080,-49783,0.6410256410256411,0.291511481731193,489516,10907.0,0.40384615384615385,-0.1676800576070384
2012-10-02,1772.699951171875,COMEX GC futures proxy via Yahoo Finance GC=F,Keep GC futures for COT/COMEX alignment; use licensed LBMA PM or reliable XAUUSD spot for benchmark-grade v0.2 pricing.,0.005045868067450776,0.0024315351156123377,0.047138003193917255,0.10126110762526563,0.1267558757988367,0.9423076923076923,1.41898555184758,False,,train_2009_2018,bull,171822,8832,162990,4762.0,0.44871794871794873,0.005811094578009691,42029,258285,-216256,0.038461538461538464,-1.9861890368536392,45440,98454,-53014,0.6346153846153846,0.19396602397437665,480908,-8608.0,0.391025641025641,-0.30180333434968176
2012-10-09,1763.0,COMEX GC futures proxy via Yahoo Finance GC=F,Keep GC futures for COT/COMEX alignment; use licensed LBMA PM or reliable XAUUSD spot for benchmark-grade v0.2 pricing.,-0.005471851660774685,-0.0004535938348887436,0.0180159084722209,0.10228834130840547,-0.2971154921705706,0.9230769230769231,1.3615282415216523,False,,train_2009_2018,bull,177644,10171,167473,4483.0,0.47435897435897434,0.11858299171045435,41908,258562,-216654,0.03205128205128205,-1.9849600310969753,45750,96084,-50334,0.6346153846153846,0.262209018376385,484359,3451.0,0.40384615384615385,-0.2458587997706298
2012-10-16,1744.699951171875,COMEX GC futures proxy via Yahoo Finance GC=F,Keep GC futures for COT/COMEX alignment; use licensed LBMA PM or reliable XAUUSD spot for benchmark-grade v0.2 pricing.,-0.010380061728942125,-0.015795115231706403,-0.013401986493435047,0.06390629013817928,-0.5029623969277114,0.9038461538461539,1.2685225199054682,False,,train_2009_2018,bull,169829,11245,158584,-8889.0,0.4358974358974359,-0.07781471274516998,39443,238865,-199422,0.10256410256410256,-1.2531478393237552,45506,93467,-47961,0.6410256410256411,0.3213920598755243,462826,-21533.0,0.3076923076923077,-0.5769251809192903
2012-10-23,1708.300048828125,COMEX GC futures proxy via Yahoo Finance GC=F,Keep GC futures for COT/COMEX alignment; use licensed LBMA PM or reliable XAUUSD spot for benchmark-grade v0.2 pricing.,-0.02086313025875941,-0.031026631407756633,-0.031466151753921534,0.025082537550630057,-0.917726748718091,0.8525641025641025,1.0992408101481344,False,,train_2009_2018,range,159412,12776,146636,-11948.0,0.33974358974358976,-0.34857568242166154,40928,232022,-191094,0.1858974358974359,-0.8980731579935498,46353,87924,-41571,0.6666666666666666,0.4940965539843772,455836,-6990.0,0.28846153846153844,-0.6808078161171774
2012-10-30,1710.9000244140625,COMEX GC futures proxy via Yahoo Finance GC=F,Keep GC futures for COT/COMEX alignment; use licensed LBMA PM or reliable XAUUSD spot for benchmark-grade v0.2 pricing.,0.0015219665817611805,-0.01937291666404295,-0.03486203444466651,0.01063264205825143,0.05451270680021033,0.8525641025641025,1.0982602711104663,False,,train_2009_2018,range,149389,13961,135428,-11208.0,0.27564102564102566,-0.6015912255562791,41732,226728,-184996,0.30128205128205127,-0.6421938495049401,50003,87771,-37768,0.6730769230769231,0.5933723612984472,454742,-1094.0,0.28846153846153844,-0.6928673052374815
2012-11-06,1714.0999755859375,COMEX GC futures proxy via Yahoo Finance GC=F,Keep GC futures for COT/COMEX alignment; use licensed LBMA PM or reliable XAUUSD spot for benchmark-grade v0.2 pricing.,0.0018703320627813103,0.0033951452274390004,-0.027736826099865275,-0.01022062174796956,0.11628305233329436,0.8653846153846154,1.0997095231115068,False,,train_2009_2018,bull,128668,13499,115169,-20259.0,0.1858974358974359,-1.0652315199683198,44160,211709,-167549,0.5384615384615384,0.09379857961667715,52213,92406,-40193,0.6666666666666666,0.5162065635725236,447154,-7588.0,0.28846153846153844,-0.801537525241069
2012-11-13,1724.199951171875,COMEX GC futures proxy via Yahoo Finance GC=F,Keep GC futures for COT/COMEX alignment; use licensed LBMA PM or reliable XAUUSD spot for benchmark-grade v0.2 pricing.,0.005892290840553205,0.007773643443816924,-0.011749871366839137,-0.024994386242916167,0.2862785657653217,0.8717948717948718,1.1306410028923184,False,,train_2009_2018,bull,137972,13042,124930,9761.0,0.24358974358974358,-0.8240530542649984,44875,227746,-182871,0.3269230769230769,-0.5650871720474464,48431,90355,-41924,0.6474358974358975,0.4592961595669843,459761,12607.0,0.32051282051282054,-0.5982272199993658
2012-11-20,1723.199951171875,COMEX GC futures proxy via Yahoo Finance GC=F,Keep GC futures for COT/COMEX alignment; use licensed LBMA PM or reliable XAUUSD spot for benchmark-grade v0.2 pricing.,-0.0005799791371762231,0.00530889429761916,0.008722063992195661,-0.023018537550911655,-0.04916197446610929,0.8653846153846154,1.112444369073404,False,,train_2009_2018,bull,147339,11400,135939,11009.0,0.2948717948717949,-0.5539442000722837,44224,233033,-188809,0.21794871794871795,-0.8269016431397742,48306,95561,-47255,0.6153846153846154,0.2984228293696811,474129,14368.0,0.40384615384615385,-0.370354191135747
2012-11-27,1742.199951171875,COMEX GC futures proxy via Yahoo Finance GC=F,Keep GC futures for COT/COMEX alignment; use licensed LBMA PM or reliable XAUUSD spot for benchmark-grade v0.2 pricing.,0.011025998455419517,0.01043962446917246,0.018294421831300145,-0.017205393377394462,0.4974761013789157,0.8974358974358975,1.1814737492624128,False,,train_2009_2018,bull,159947,7640,152307,16368.0,0.40384615384615385,-0.155457284796894,47394,244733,-197339,0.10256410256410256,-1.1896876479923866,42719,104092,-61373,0.5064102564102564,-0.11809360899492294,479373,5244.0,0.4230769230769231,-0.28476513398573805
2012-12-04,1694.4000244140625,COMEX GC futures proxy via Yahoo Finance GC=F,Keep GC futures for COT/COMEX alignment; use licensed LBMA PM or reliable XAUUSD spot for benchmark-grade v0.2 pricing.,-0.027436533175001165,-0.016713049891991294,-0.011492883409639498,-0.0389109334009855,-1.27511114910228,0.8012820512820513,0.9578898608427685,False,,train_2009_2018,range,134304,15559,118745,-33562.0,0.20512820512820512,-0.9469341468434015,48256,223187,-174931,0.4230769230769231,-0.2333390760922565,41757,84422,-42665,0.6410256410256411,0.4144966945829086,434416,-44957.0,0.22435897435897437,-0.9730986311195139
2012-12-11,1708.199951171875,COMEX GC futures proxy via Yahoo Finance GC=F,Keep GC futures for COT/COMEX alignment; use licensed LBMA PM or reliable XAUUSD spot for benchmark-grade v0.2 pricing.,0.008144432577298133,-0.01951555559230167,-0.009279666194820013,-0.02092050267754275,0.3566695232124203,0.8141025641025641,1.0075654632487938,False,,train_2009_2018,bull,134234,14579,119655,910.0,0.21153846153846154,-0.9132919041599894,50170,212748,-162578,0.5833333333333334,0.2904149471735226,39045,91347,-52302,0.5833333333333334,0.12404883919597477,433586,-830.0,0.22435897435897437,-0.9759328540963179
2012-12-18,1669.5,COMEX GC futures proxy via Yahoo Finance GC=F,Keep GC futures for COT/COMEX alignment; use licensed LBMA PM or reliable XAUUSD spot for benchmark-grade v0.2 pricing.,-0.022655398828062112,-0.014695481619031003,-0.031162925193536584,-0.022712666229062872,-1.1407281384819927,0.7564102564102564,0.824420388652605,False,,train_2009_2018,range,130786,22755,108031,-11624.0,0.14743589743589744,-1.1771840206113138,50213,199985,-149772,0.7884615384615384,0.8328697409996346,40727,93089,-52362,0.5769230769230769,0.11485987691801075,435742,2156.0,0.24358974358974358,-0.9337102567049905
2012-12-24,1658.5999755859375,COMEX GC futures proxy via Yahoo Finance GC=F,Keep GC futures for COT/COMEX alignment; use licensed LBMA PM or reliable XAUUSD spot for benchmark-grade v0.2 pricing.,-0.006528915492100884,-0.029036399135774715,-0.047985293266541995,-0.03056873463195864,-0.36528983411717597,0.7115384615384616,0.7653032952083925,False,,train_2009_2018,range,128403,29509,98894,-9137.0,0.10897435897435898,-1.3770009158245986,51885,188906,-137021,0.9038461538461539,1.3647805181219845,37952,88595,-50643,0.5833333333333334,0.1580721224554507,426300,-9442.0,0.17307692307692307,-1.0686606147490156
2012-12-31,1674.800048828125,COMEX GC futures proxy via Yahoo Finance GC=F,Keep GC futures for COT/COMEX alignment; use licensed LBMA PM or reliable XAUUSD spot for benchmark-grade v0.2 pricing.,0.009767317907058537,0.0031746324217580835,-0.011567501949674042,-0.02292744140806513,0.4219419423708441,0.7692307692307693,0.8286311781080594,False,,train_2009_2018,range,124967,27848,97119,-1775.0,0.10897435897435898,-1.399244714926426,50991,186493,-135502,0.9166666666666666,1.4096418311208356,40449,93606,-53157,0.5576923076923077,0.0766791545638043,427991,1691.0,0.1987179487179487,-1.031416344850608
2013-01-08,1661.5,COMEX GC futures proxy via Yahoo Finance GC=F,Keep GC futures for COT/COMEX alignment; use licensed LBMA PM or reliable XAUUSD spot for benchmark-grade v0.2 pricing.,-0.00794127563910163,0.001748477304202245,-0.027338691316457164,-0.03636466358165724,-0.4162177599913029,0.7243589743589743,0.757595194608743,False,,train_2009_2018,range,117603,30254,87349,-9770.0,0.07051282051282051,-1.6063262432441794,51806,187324,-135518,0.9102564102564102,1.3899629078716123,53802,96756,-42954,0.6346153846153846,0.3722578045659763,441304,13313.0,0.28846153846153844,-0.8185504509907905
2013-01-15,1683.4000244140625,COMEX GC futures proxy via Yahoo Finance GC=F,Keep GC futures for COT/COMEX alignment; use licensed LBMA PM or reliable XAUUSD spot for benchmark-grade v0.2 pricing.,0.013180875362059918,0.005134926758543434,0.008325860685272524,-0.023096522681970932,0.6198315412252435,0.7692307692307693,0.8480826908863545,False,,train_2009_2018,bull,118437,27333,91104,3755.0,0.09615384615384616,-1.4948593361877154,52729,188070,-135341,0.9166666666666666,1.3780687921744446,50280,100052,-49772,0.5897435897435898,0.16341322920023965,447773,6469.0,0.3333333333333333,-0.7113214715238816
2013-01-22,1692.800048828125,COMEX GC futures proxy via Yahoo Finance GC=F,Keep GC futures for COT/COMEX alignment; use licensed LBMA PM or reliable XAUUSD spot for benchmark-grade v0.2 pricing.,0.005583951691657152,0.018838428424992504,0.02061984429374264,-0.028354898248344917,0.24745739574428793,0.7756410256410257,0.881882386360357,False,,train_2009_2018,bull,121758,23861,97897,6793.0,0.1282051282051282,-1.3166337185973545,55162,195954,-140792,0.8589743589743589,1.1320990480732023,47206,102364,-55158,0.532051282051282,-0.0010649111646073254,461369,13596.0,0.3782051282051282,-0.49910157179837084
2013-01-29,1660.699951171875,COMEX GC futures proxy via Yahoo Finance GC=F,Keep GC futures for COT/COMEX alignment; use licensed LBMA PM or reliable XAUUSD spot for benchmark-grade v0.2 pricing.,-0.018962722548638844,-0.013484657783635612,-0.008418973755175085,-0.019889089209521926,-0.9315766445047349,0.7051282051282052,0.7217321305782475,False,,train_2009_2018,range,111076,34575,76501,-21396.0,0.038461538461538464,-1.7863309940649785,62343,193626,-131283,0.9551282051282052,1.5161542907360186,55064,90878,-35814,0.6794871794871795,0.568322634991761,430718,-30651.0,0.21153846153846154,-0.9586251958849386
2013-02-05,1672.4000244140625,COMEX GC futures proxy via Yahoo Finance GC=F,Keep GC futures for COT/COMEX alignment; use licensed LBMA PM or reliable XAUUSD spot for benchmark-grade v0.2 pricing.,0.007045266204729783,-0.012051053772230702,0.006560351738827963,-0.02095769100874445,0.39143237166670974,0.75,0.7679732390505005,False,,train_2009_2018,range,113058,34510,78548,2047.0,0.05128205128205128,-1.7112089828013366,49831,184696,-134865,0.9102564102564102,1.3568723115466574,51722,91464,-39742,0.6602564102564102,0.44569742429205944,423982,-6736.0,0.16025641025641027,-1.0535731860057296
2013-02-12,1648.699951171875,COMEX GC futures proxy via Yahoo Finance GC=F,Keep GC futures for COT/COMEX alignment; use licensed LBMA PM or reliable XAUUSD spot for benchmark-grade v0.2 pricing.,-0.014171294484697783,-0.0072258688220784295,-0.020613088237458888,-0.012458849253144666,-0.69396957328871,0.6410256410256411,0.6449385903824975,False,,train_2009_2018,range,113939,47357,66582,-11966.0,0.01282051282051282,-1.9488386168568845,54166,179008,-124842,0.9871794871794872,1.7653841250698408,55538,91349,-35811,0.6794871794871795,0.5549316763578673,435088,11106.0,0.26282051282051283,-0.8805059442602243
2013-02-19,1603.5999755859375,COMEX GC futures proxy via Yahoo Finance GC=F,Keep GC futures for COT/COMEX alignment; use licensed LBMA PM or reliable XAUUSD spot for benchmark-grade v0.2 pricing.,-0.027354871669572733,-0.041138512212249956,-0.05269380356170128,-0.03316049729264592,-1.314531893803247,0.5384615384615384,0.4166574437872552,False,,train_2009_2018,range,109507,66697,42810,-23772.0,0.00641025641025641,-2.424456239655214,56079,160514,-104435,1.0,2.551260435224513,56500,84147,-27647,0.7371794871794872,0.7888354968168372,447290,12202.0,0.3525641025641026,-0.6934096303760147
2013-02-26,1615.199951171875,COMEX GC futures proxy via Yahoo Finance GC=F,Keep GC futures for COT/COMEX alignment; use licensed LBMA PM or reliable XAUUSD spot for benchmark-grade v0.2 pricing.,0.0072337090063243625,-0.020319039844811426,-0.027398085950380624,-0.035586395938997484,0.4613147012232775,0.5769230769230769,0.46337096829278274,False,,train_2009_2018,range,112888,62035,50853,8043.0,0.01282051282051282,-2.1942672424566574,50828,159967,-109139,0.9935897435897436,2.3047107846581825,53742,82223,-28481,0.717948717948718,0.7535132405580007,433858,-13432.0,0.2564102564102564,-0.8893517379670465
2013-03-05,1574.5999755859375,COMEX GC futures proxy via Yahoo Finance GC=F,Keep GC futures for COT/COMEX alignment; use licensed LBMA PM or reliable XAUUSD spot for benchmark-grade v0.2 pricing.,-0.025136191687277543,-0.0180843105771461,-0.058478861157868045,-0.052302151317521806,-1.3666901185817357,0.47435897435897434,0.25136228219813994,False,,train_2009_2018,bear,108352,67182,41170,-9683.0,0.00641025641025641,-2.34719855673716,54198,153960,-99762,1.0,2.6077337566970233,51325,85361,-34036,0.6666666666666666,0.5776551912657589,434586,728.0,0.2692307692307692,-0.8705031918293629
2013-03-12,1591.5,COMEX GC futures proxy via Yahoo Finance GC=F,Keep GC futures for COT/COMEX alignment; use licensed LBMA PM or reliable XAUUSD spot for benchmark-grade v0.2 pricing.,0.010732900213448637,-0.014673075710954553,-0.034693972745749146,-0.05459191106169192,0.6680877137068174,0.5,0.3251502593491908,False,,train_2009_2018,bear,112966,68642,44324,3154.0,0.019230769230769232,-2.226370885925219,55461,150703,-95242,1.0,2.711498796314447,50051,96930,-46879,0.5641025641025641,0.18269321571107003,445651,11065.0,0.358974358974359,-0.6981875124841437
2013-03-19,1611.300048828125,COMEX GC futures proxy via Yahoo Finance GC=F,Keep GC futures for COT/COMEX alignment; use licensed LBMA PM or reliable XAUUSD spot for benchmark-grade v0.2 pricing.,0.01244112398876851,0.023307553544531734,0.004801741930292813,-0.048145083677437306,0.7342976817407053,0.5512820512820513,0.4151671011115125,False,,train_2009_2018,bear,121388,56609,64779,20455.0,0.038461538461538464,-1.7615049317144107,53473,152898,-99425,0.9935897435897436,2.502403678693868,36981,99920,-62939,0.391025641025641,-0.309593066132879,440712,-4939.0,0.32051282051282054,-0.765616574987818
2013-03-26,1595.800048828125,COMEX GC futures proxy via Yahoo Finance GC=F,Keep GC futures for COT/COMEX alignment; use licensed LBMA PM or reliable XAUUSD spot for benchmark-grade v0.2 pricing.,-0.009619561552966505,0.0027018842778039343,-0.012010836385721091,-0.039079848408469786,-0.5117636261276225,0.5,0.32412686242923855,False,,train_2009_2018,bear,110766,54831,55935,-8844.0,0.03205128205128205,-1.9121745811846278,58542,153528,-94986,1.0,2.6201437648999018,36400,99887,-63487,0.3782051282051282,-0.33007844391544355,419727,-20985.0,0.10897435897435898,-1.0719158003209746
2013-04-02,1575.0999755859375,COMEX GC futures proxy via Yahoo Finance GC=F,Keep GC futures for COT/COMEX alignment; use licensed LBMA PM or reliable XAUUSD spot for benchmark-grade v0.2 pricing.,-0.012971595819531778,-0.022466376308072022,0.0003175409677076413,-0.058179889624322856,-0.7018185498862622,0.4551282051282051,0.20397637530992516,False,,train_2009_2018,bear,110504,66308,44196,-11739.0,0.019230769230769232,-2.109838322676018,53548,136021,-82473,1.0,2.981444083143045,42206,102255,-60049,0.4230769230769231,-0.23255743049601563,417176,-2551.0,0.07692307692307693,-1.098029144488872
2013-04-09,1586.199951171875,COMEX GC futures proxy via Yahoo Finance GC=F,Keep GC futures for COT/COMEX alignment; use licensed LBMA PM or reliable XAUUSD spot for benchmark-grade v0.2 pricing.,0.007047156217374839,-0.006015852464285709,-0.003330222323672638,-0.03790865642688701,0.45440290394568256,0.47435897435897434,0.2514835095607139,False,,train_2009_2018,bear,113423,63436,49987,5791.0,0.03205128205128205,-1.9537761351101657,53345,129907,-76562,1.0,3.0750216972994573,43492,110732,-67240,0.34615384615384615,-0.45884420677836546,416513,-663.0,0.07692307692307693,-1.0940331846936693
2013-04-16,1386.800048828125,COMEX GC futures proxy via Yahoo Finance GC=F,Keep GC futures for COT/COMEX alignment; use licensed LBMA PM or reliable XAUUSD spot for benchmark-grade v0.2 pricing.,-0.12570918451764834,-0.11954792056152808,-0.13932848829941735,-0.13519576581347614,-5.037899450523227,0.25,-0.8401187514300719,False,,train_2009_2018,bear,122687,54025,68662,18675.0,0.07692307692307693,-1.5503930087571842,61088,134458,-73370,1.0,3.0674004968614166,39834,108393,-68559,0.32051282051282054,-0.5030226160482226,413083,-3430.0,0.07051282051282051,-1.130665616277438
2013-04-23,1408.5999755859375,COMEX GC futures proxy via Yahoo Finance GC=F,Keep GC futures for COT/COMEX alignment; use licensed LBMA PM or reliable XAUUSD spot for benchmark-grade v0.2 pricing.,0.01571958897480119,-0.11196569225382191,-0.1173079756324471,-0.1279098451161066,0.7500927560695793,0.28846153846153844,-0.739006419751585,False,,train_2009_2018,bear,119662,66743,52919,-15743.0,0.04487179487179487,-1.8374002958797289,68445,118507,-50062,1.0,3.664045129922273,43342,97668,-54326,0.4935897435897436,-0.07266460240614177,415074,1991.0,0.08333333333333333,-1.0872058519587107
2013-04-30,1472.199951171875,COMEX GC futures proxy via Yahoo Finance GC=F,Keep GC futures for COT/COMEX alignment; use licensed LBMA PM or reliable XAUUSD spot for benchmark-grade v0.2 pricing.,0.04515119742173912,0.06158054466173013,-0.065329201961154,-0.06503240569145674,1.8635573350589396,0.3333333333333333,-0.4044098220432018,False,,train_2009_2018,bear,116815,65224,51591,-1328.0,0.04487179487179487,-1.8334251159411825,77240,120192,-42952,1.0,3.697526553687782,43088,95699,-52611,0.5064102564102564,-0.025960605685681284,421087,6013.0,0.15384615384615385,-0.9858341150985228
2013-05-07,1449.0,COMEX GC futures proxy via Yahoo Finance GC=F,Keep GC futures for COT/COMEX alignment; use licensed LBMA PM or reliable XAUUSD spot for benchmark-grade v0.2 pricing.,-0.0157586957895276,0.02868097764750943,-0.0864960001231323,-0.08953817153628651,-0.56601290232259,0.3141025641025641,-0.5476562142319491,False,,train_2009_2018,bear,115705,67172,48533,-3058.0,0.03205128205128205,-1.8649511373327843,83822,121285,-37463,1.0,3.6939879877017163,49861,100117,-50256,0.532051282051282,0.04387166201364078,437931,16844.0,0.3525641025641026,-0.7272470062476352
2013-05-14,1424.699951171875,COMEX GC futures proxy via Yahoo Finance GC=F,Keep GC futures for COT/COMEX alignment; use licensed LBMA PM or reliable XAUUSD spot for benchmark-grade v0.2 pricing.,-0.0167702200332126,-0.032264639026913344,0.027329031590225483,-0.11580716936734503,-0.6216719192781082,0.28846153846153844,-0.6993463539710705,False,,train_2009_2018,bear,112533,73149,39384,-9149.0,0.00641025641025641,-2.012760697529795,97264,124330,-27066,1.0,3.8148410365778114,43781,100861,-57080,0.4423076923076923,-0.16825664116882566,443806,5875.0,0.40384615384615385,-0.6303890737744748
2013-05-21,1377.800048828125,COMEX GC futures proxy via Yahoo Finance GC=F,Keep GC futures for COT/COMEX alignment; use licensed LBMA PM or reliable XAUUSD spot for benchmark-grade v0.2 pricing.,-0.032919143645069204,-0.049137302396048965,-0.021865630620219623,-0.13660859338868192,-1.224292650634117,0.1987179487179487,-0.9830088586663923,False,,train_2009_2018,bear,113088,76730,36358,-3026.0,0.00641025641025641,-2.034118252790956,95314,129648,-34334,0.9935897435897436,3.4549445971540536,43209,92997,-49788,0.532051282051282,0.055809640715854585,446087,2281.0,0.4230769230769231,-0.5866175227251355
2013-05-28,1379.0999755859375,COMEX GC futures proxy via Yahoo Finance GC=F,Keep GC futures for COT/COMEX alignment; use licensed LBMA PM or reliable XAUUSD spot for benchmark-grade v0.2 pricing.,0.0009434799765888346,-0.03200672222135592,-0.0632386759093625,-0.12443654564027784,0.1143217898432574,0.20512820512820512,-0.9893195106062126,False,,train_2009_2018,bear,114281,67244,47037,10679.0,0.04487179487179487,-1.7954585064166428,75989,113560,-37571,0.9807692307692307,3.240623570107402,45571,67221,-21650,0.7948717948717948,0.9182975103164919,411001,-35086.0,0.057692307692307696,-1.0981627246004388
2013-06-04,1397.0999755859375,COMEX GC futures proxy via Yahoo Finance GC=F,Keep GC futures for COT/COMEX alignment; use licensed LBMA PM or reliable XAUUSD spot for benchmark-grade v0.2 pricing.,0.013051990659598278,0.014007784928029121,-0.0358178222319272,-0.11921572399887637,0.6413226708039731,0.23717948717948717,-0.8973990971913857,False,,train_2009_2018,bear,112259,58671,53588,6551.0,0.08333333333333333,-1.6437699484468398,67333,100463,-33130,0.9935897435897436,3.2407229799050103,43384,71906,-28522,0.6987179487179487,0.6991916303594947,373061,-37940.0,0.00641025641025641,-1.6413364617527482
2013-06-11,1377.0,COMEX GC futures proxy via Yahoo Finance GC=F,Keep GC futures for COT/COMEX alignment; use licensed LBMA PM or reliable XAUUSD spot for benchmark-grade v0.2 pricing.,-0.014386927161392005,-0.0015227145407245013,-0.033480699660752955,-0.007066663169219112,-0.48000755233347536,0.17307692307692307,-1.0284447530917804,False,,train_2009_2018,bear,116492,61174,55318,1730.0,0.08974358974358974,-1.5881047896347484,66809,96688,-29879,0.9935897435897436,3.2120905876183206,43835,72278,-28443,0.7115384615384616,0.6946842752411948,373844,783.0,0.01282051282051282,-1.6060551920790536
2013-06-18,1366.5999755859375,COMEX GC futures proxy via Yahoo Finance GC=F,Keep GC futures for COT/COMEX alignment; use licensed LBMA PM or reliable XAUUSD spot for benchmark-grade v0.2 pricing.,-0.007552668419798514,-0.021830935890760794,-0.008128954017466938,-0.029816839931811834,-0.18807287669965628,0.15384615384615385,-1.1023741911999616,False,,train_2009_2018,bear,110415,71162,39253,-16065.0,0.01282051282051282,-1.8719804388714227,69754,90094,-20340,1.0,3.331669277566619,46412,70187,-23775,0.7884615384615384,0.8289299168771446,377106,3262.0,0.019230769230769232,-1.540350500529386
2013-06-25,1274.800048828125,COMEX GC futures proxy via Yahoo Finance GC=F,Keep GC futures for COT/COMEX alignment; use licensed LBMA PM or reliable XAUUSD spot for benchmark-grade v0.2 pricing.,-0.06717395609381072,-0.0742192818967865,-0.07562898165776466,-0.1340849809067166,-2.480156473949887,0.08333333333333333,-1.652423447593143,False,,train_2009_2018,bear,107441,77152,30289,-8964.0,0.00641025641025641,-2.011261528682504,77991,97257,-19266,1.0,3.2330275446439765,44960,60902,-15942,0.8141025641025641,1.056261631399551,390647,13541.0,0.038461538461538464,-1.3247684188595765
2013-07-02,1243.5999755859375,COMEX GC futures proxy via Yahoo Finance GC=F,Keep GC futures for COT/COMEX alignment; use licensed LBMA PM or reliable XAUUSD spot for benchmark-grade v0.2 pricing.,-0.02447448387758422,-0.09000439206598332,-0.10987044784366473,-0.14175294990618525,-0.7794699097967815,0.05128205128205128,-1.8468606392304674,False,,train_2009_2018,bear,103011,81627,21384,-8905.0,0.00641025641025641,-2.136439302438423,87590,102780,-15190,1.0,3.1993948642611376,56018,63604,-7586,0.9102564102564102,1.2953819550751664,410399,19752.0,0.08333333333333333,-1.016507348036365
2013-07-09,1245.9000244140625,COMEX GC futures proxy via Yahoo Finance GC=F,Keep GC futures for COT/COMEX alignment; use licensed LBMA PM or reliable XAUUSD spot for benchmark-grade v0.2 pricing.,0.0018495085825660507,-0.02267024106300375,-0.09520695394766698,-0.12550005817768306,0.24173004834074463,0.05128205128205128,-1.8388356878148873,False,,train_2009_2018,bear,105942,82060,23882,2498.0,0.01282051282051282,-2.0467678641866525,97549,112677,-15128,1.0,3.08125631694573,60807,64720,-3913,0.9294871794871795,1.3878965972061912,431574,21175.0,0.32051282051282054,-0.6878475743903634
2013-07-16,1290.800048828125,COMEX GC futures proxy via Yahoo Finance GC=F,Keep GC futures for COT/COMEX alignment; use licensed LBMA PM or reliable XAUUSD spot for benchmark-grade v0.2 pricing.,0.03603822420276348,0.037954385790292866,-0.05546606769498352,-0.06314414059862827,1.5439077895193658,0.08333333333333333,-1.5851694652559054,False,,train_2009_2018,bear,106737,64896,41841,17959.0,0.05128205128205128,-1.6808111758063426,112727,126621,-13894,1.0,2.997471494766782,56214,66927,-10713,0.8525641025641025,1.1662975176931278,440283,8709.0,0.41025641025641024,-0.5469259259047567
2013-07-23,1335.0999755859375,COMEX GC futures proxy via Yahoo Finance GC=F,Keep GC futures for COT/COMEX alignment; use licensed LBMA PM or reliable XAUUSD spot for benchmark-grade v0.2 pricing.,0.03431974363343948,0.07159479045184636,0.04730147823044395,-0.03190486605679599,1.4163927982856503,0.10256410256410256,-1.3420749027437753,False,,train_2009_2018,bear,111993,56639,55354,13513.0,0.1282051282051282,-1.4086688138389083,111059,125351,-14292,0.9935897435897436,2.8870090601755045,49117,69521,-20404,0.7692307692307693,0.8627194905637201,434750,-5533.0,0.358974358974359,-0.6211796725209413
2013-07-30,1324.0,COMEX GC futures proxy via Yahoo Finance GC=F,Keep GC futures for COT/COMEX alignment; use licensed LBMA PM or reliable XAUUSD spot for benchmark-grade v0.2 pricing.,-0.00831396583695243,0.025720444620385807,0.0646510340884987,-0.05232265182402551,-0.18841945652735922,0.08333333333333333,-1.4297824423523766,False,,train_2009_2018,bear,108850,56821,52029,-3325.0,0.10897435897435898,-1.4489525226864066,102399,106813,-4414,1.0,2.9886382747629083,45472,66832,-21360,0.7628205128205128,0.8238488007811117,397035,-37715.0,0.05128205128205128,-1.1801555202572258
2013-08-06,1283.199951171875,COMEX GC futures proxy via Yahoo Finance GC=F,Keep GC futures for COT/COMEX alignment; use licensed LBMA PM or reliable XAUUSD spot for benchmark-grade v0.2 pricing.,-0.030815746849036985,-0.03887351161944641,0.029938137913878338,-0.06811913495143429,-1.0205922212135088,0.0641025641025641,-1.6965963283031518,False,,train_2009_2018,bear,105340,70596,34744,-17285.0,0.02564102564102564,-1.7370361027993577,100446,104902,-4456,0.9935897435897436,2.886294827601058,48021,97724,-49703,0.4807692307692308,-0.03768617418700083,396062,-973.0,0.05128205128205128,-1.1792801374859145
2013-08-13,1321.199951171875,COMEX GC futures proxy via Yahoo Finance GC=F,Keep GC futures for COT/COMEX alignment; use licensed LBMA PM or reliable XAUUSD spot for benchmark-grade v0.2 pricing.,0.029613467461011567,-0.002114840504626181,0.023551209477679524,-0.03322115119649183,1.2335989703798984,0.07692307692307693,-1.4740421076442976,False,,train_2009_2018,bear,100561,62573,37988,3244.0,0.038461538461538464,-1.6507517689261053,97495,104789,-7294,0.9871794871794872,2.7400552364463415,48387,101967,-53580,0.40384615384615385,-0.16102335526427788,390547,-5515.0,0.038461538461538464,-1.24614982530443
2013-08-20,1373.0999755859375,COMEX GC futures proxy via Yahoo Finance GC=F,Keep GC futures for COT/COMEX alignment; use licensed LBMA PM or reliable XAUUSD spot for benchmark-grade v0.2 pricing.,0.03928249041186249,0.07005924862447332,0.028462287989573953,0.07711007451574536,1.5646909144743872,0.16025641025641027,-1.1656195642607414,False,,train_2009_2018,bear,104483,56067,48416,10428.0,0.09615384615384616,-1.4415790696513755,86423,98763,-12340,0.9807692307692307,2.5656135909279976,51336,106661,-55325,0.3782051282051282,-0.22136796977010306,385410,-5137.0,0.02564102564102564,-1.3067701485430132
2013-08-27,1420.5999755859375,COMEX GC futures proxy via Yahoo Finance GC=F,Keep GC futures for COT/COMEX alignment; use licensed LBMA PM or reliable XAUUSD spot for benchmark-grade v0.2 pricing.,0.03459325675082803,0.07523465643932004,0.07296070663590437,0.1423287258562418,1.3594516874808957,0.28205128205128205,-0.881434528346456,False,,train_2009_2018,bear,105531,35142,70389,21973.0,0.20512820512820512,-1.0313387169445414,81581,102111,-20530,0.9358974358974359,2.3475470003228245,48785,115893,-67108,0.28846153846153844,-0.5914927808974634,384102,-1308.0,0.02564102564102564,-1.3113683447530984
2013-09-03,1412.0,COMEX GC futures proxy via Yahoo Finance GC=F,Keep GC futures for COT/COMEX alignment; use licensed LBMA PM or reliable XAUUSD spot for benchmark-grade v0.2 pricing.,-0.0060537630112167395,0.028330074361455626,0.10037410670916813,0.1333172584726876,-0.10806858034400008,0.2692307692307692,-0.9513296348950269,False,,train_2009_2018,bear,107642,32242,75400,5011.0,0.22435897435897437,-0.9289268788898729,81562,106201,-24639,0.9294871794871795,2.217877570444405,52306,120128,-67822,0.27564102564102566,-0.6244419435864469,388584,4482.0,0.05128205128205128,-1.2304454188239848
2013-09-10,1364.0999755859375,COMEX GC futures proxy via Yahoo Finance GC=F,Keep GC futures for COT/COMEX alignment; use licensed LBMA PM or reliable XAUUSD spot for benchmark-grade v0.2 pricing.,-0.03392353003828785,-0.039771928038148885,0.03247050105929161,0.056786430109263764,-1.0859829586459895,0.1282051282051282,-1.2713962249014077,False,,train_2009_2018,bear,100358,35578,64780,-10620.0,0.1794871794871795,-1.1106448764058832,84890,101758,-16868,0.9487179487179487,2.3082327893685832,54162,117518,-63356,0.3076923076923077,-0.5000496476655995,384164,-4420.0,0.03205128205128205,-1.2855656880502682
2013-09-17,1309.5,COMEX GC futures proxy via Yahoo Finance GC=F,Keep GC futures for COT/COMEX alignment; use licensed LBMA PM or reliable XAUUSD spot for benchmark-grade v0.2 pricing.,-0.040026373845864605,-0.07259206798866857,-0.04631853231138372,-0.019174575727710863,-1.2566343312443577,0.04487179487179487,-1.6310079704078,False,,train_2009_2018,bear,96370,41590,54780,-10000.0,0.14743589743589744,-1.2796808605084256,85522,96426,-10904,0.9807692307692307,2.359578925412463,58014,112447,-54433,0.391025641025641,-0.23435773017441666,384592,428.0,0.038461538461538464,-1.2678410330374337
2013-09-24,1316.0,COMEX GC futures proxy via Yahoo Finance GC=F,Keep GC futures for COT/COMEX alignment; use licensed LBMA PM or reliable XAUUSD spot for benchmark-grade v0.2 pricing.,0.004963726613211206,-0.03526132720974251,-0.07363084427957589,-0.0060422960725075026,0.36915353398234435,0.04487179487179487,-1.5901983115366767,False,,train_2009_2018,bear,99035,35023,64012,9232.0,0.1794871794871795,-1.0986613833776584,83916,96807,-12891,0.967948717948718,2.2698541611457705,55458,114094,-58636,0.3333333333333333,-0.38353939881483756,378216,-6376.0,0.02564102564102564,-1.359214306911912
2013-10-01,1286.0,COMEX GC futures proxy via Yahoo Finance GC=F,Keep GC futures for COT/COMEX alignment; use licensed LBMA PM or reliable XAUUSD spot for benchmark-grade v0.2 pricing.,-0.022796352583586588,-0.017945780832378744,-0.0892351274787535,0.0021820830226557675,-0.6153933456711514,0.03205128205128205,-1.7766191059276348,False,,train_2009_2018,bear,97777,36394,61383,-2629.0,0.1794871794871795,-1.1356006984742222,92044,101222,-9178,0.9807692307692307,2.2825876932958966,48638,117588,-68950,0.23717948717948717,-0.7315978248436797,374151,-4065.0,0.019230769230769232,-1.4155788601133785
2013-10-08,1324.199951171875,COMEX GC futures proxy via Yahoo Finance GC=F,Keep GC futures for COT/COMEX alignment; use licensed LBMA PM or reliable XAUUSD spot for benchmark-grade v0.2 pricing.,0.029704472139871596,0.006230965936075306,-0.029250073402371957,0.0022706631175235525,1.2376806676832888,0.07051282051282051,-1.5263538023209506,False,,train_2009_2018,bear,97919,26363,71556,10173.0,0.23717948717948717,-0.9359064629348782,88837,105698,-16861,0.9294871794871795,2.101660747317393,47956,121511,-73555,0.19230769230769232,-0.8986049035070464,370406,-3745.0,0.00641025641025641,-1.4679318687877263
2013-10-15,1273.0,COMEX GC futures proxy via Yahoo Finance GC=F,Keep GC futures for COT/COMEX alignment; use licensed LBMA PM or reliable XAUUSD spot for benchmark-grade v0.2 pricing.,-0.03866481880365924,-0.01010886469673411,-0.027873234058801044,-0.07290071907780948,-1.1596177781337007,0.019230769230769232,-1.8469986275914532,False,,train_2009_2018,bear,97326,44536,52790,-18766.0,0.1346153846153846,-1.2749892795846336,91615,103060,-11445,0.967948717948718,2.1499536320670143,58571,111950,-53379,0.40384615384615385,-0.24915461986554335,381727,11321.0,0.04487179487179487,-1.2849380047881378
2013-10-22,1342.5,COMEX GC futures proxy via Yahoo Finance GC=F,Keep GC futures for COT/COMEX alignment; use licensed LBMA PM or reliable XAUUSD spot for benchmark-grade v0.2 pricing.,0.05459544383346415,0.013819702086478758,0.02013677811550152,-0.05497675413778924,1.9859707842478431,0.10897435897435898,-1.3999939431787223,False,,train_2009_2018,range,105074,38476,66598,13808.0,0.21794871794871795,-1.0019348586234138,89361,109995,-20634,0.8910256410256411,1.9524466039159334,53299,114813,-61514,0.30128205128205127,-0.5316176642576695,390369,8642.0,0.09615384615384616,-1.1378351317157231
2013-10-29,1345.199951171875,COMEX GC futures proxy via Yahoo Finance GC=F,Keep GC futures for COT/COMEX alignment; use licensed LBMA PM or reliable XAUUSD spot for benchmark-grade v0.2 pricing.,0.0020111368133146623,0.05671637955371178,0.04603417664998055,-0.047308816450513436,0.2088757473682877,0.11538461538461539,-1.3812746687159219,False,,train_2009_2018,bear,109627,21224,88403,21805.0,0.3333333333333333,-0.5786028717921627,90404,116664,-26260,0.8782051282051282,1.8229429247723585,47817,128344,-80527,0.16025641025641027,-1.1746366288229848,387166,-3203.0,0.07692307692307693,-1.1882988756432016
2013-11-05,1308.0,COMEX GC futures proxy via Yahoo Finance GC=F,Keep GC futures for COT/COMEX alignment; use licensed LBMA PM or reliable XAUUSD spot for benchmark-grade v0.2 pricing.,-0.02765384516961078,-0.025698324022346397,-0.012233765117978246,-0.04112599999266198,-0.7699408744660265,0.05128205128205128,-1.6077927324275887,False,,train_2009_2018,bear,105007,26923,78084,-10319.0,0.28846153846153844,-0.7649261707164865,87629,116465,-28836,0.8653846153846154,1.749760534652479,54848,119912,-65064,0.26282051282051283,-0.6664043591769048,386796,-370.0,0.07692307692307693,-1.2028684911621819
2013-11-12,1271.0999755859375,COMEX GC futures proxy via Yahoo Finance GC=F,Keep GC futures for COT/COMEX alignment; use licensed LBMA PM or reliable XAUUSD spot for benchmark-grade v0.2 pricing.,-0.02821102783949736,-0.05508472961315902,-0.0014925564918009115,-0.029324188174159938,-0.7631243263938395,0.019230769230769232,-1.8330260624364472,False,,train_2009_2018,bear,100760,54653,46107,-31977.0,0.08974358974358974,-1.3582057373044225,88916,109031,-20115,0.9038461538461539,1.862152388383138,63134,108804,-45670,0.5,-0.02086951393871302,403840,17044.0,0.16666666666666666,-0.9073234030760968
2013-11-19,1273.4000244140625,COMEX GC futures proxy via Yahoo Finance GC=F,Keep GC futures for COT/COMEX alignment; use licensed LBMA PM or reliable XAUUSD spot for benchmark-grade v0.2 pricing.,0.001809494825192548,-0.026452580723193786,-0.05147111775488822,-0.03237080211697374,0.23934094771793538,0.03205128205128205,-1.8026933415808144,False,,train_2009_2018,bear,97331,62800,34531,-11576.0,0.02564102564102564,-1.5554328117959155,85180,97592,-12412,0.9551282051282052,1.9523294149580157,66739,105842,-39103,0.5705128205128205,0.19352755366607677,397590,-6250.0,0.14743589743589744,-1.0212560475070083
2013-11-26,1241.4000244140625,COMEX GC futures proxy via Yahoo Finance GC=F,Keep GC futures for COT/COMEX alignment; use licensed LBMA PM or reliable XAUUSD spot for benchmark-grade v0.2 pricing.,-0.025129573886041312,-0.023365550894755005,-0.07716319545461392,-0.03468116297506807,-0.6374579573762501,0.00641025641025641,-1.9816256503267065,False,,train_2009_2018,bear,93619,77658,15961,-18570.0,0.00641025641025641,-1.8748869223309612,92112,86202,5910,1.0,2.2044562118872886,63173,97319,-34146,0.5961538461538461,0.3537377739614471,394432,-3158.0,0.1282051282051282,-1.0774940825161932
2013-12-03,1221.699951171875,COMEX GC futures proxy via Yahoo Finance GC=F,Keep GC futures for COT/COMEX alignment; use licensed LBMA PM or reliable XAUUSD spot for benchmark-grade v0.2 pricing.,-0.015869238645686234,-0.04060002532666562,-0.06597863060254205,-0.07740522865092292,-0.33693525006534697,0.00641025641025641,-2.074148780167113,False,,train_2009_2018,bear,93671,83730,9941,-6020.0,0.00641025641025641,-1.952765022947743,89853,77558,12295,1.0,2.2552458992615483,60771,95365,-34594,0.5897435897435898,0.3273293316849947,386436,-7996.0,0.07692307692307693,-1.229504383383254
2013-12-10,1262.4000244140625,COMEX GC futures proxy via Yahoo Finance GC=F,Keep GC futures for COT/COMEX alignment; use licensed LBMA PM or reliable XAUUSD spot for benchmark-grade v0.2 pricing.,0.03331429554625687,0.016916384394234152,-0.0068444271410395,-0.00832676793867837,1.2776171409972266,0.03205128205128205,-1.8019262348503708,False,,train_2009_2018,bear,94330,78527,15803,5862.0,0.01282051282051282,-1.811266320813347,85670,75406,10264,0.9935897435897436,2.1730288369854867,60775,100001,-39226,0.5512820512820513,0.15152562471925007,377313,-9123.0,0.038461538461538464,-1.4057566876636038
2013-12-17,1231.199951171875,COMEX GC futures proxy via Yahoo Finance GC=F,Keep GC futures for COT/COMEX alignment; use licensed LBMA PM or reliable XAUUSD spot for benchmark-grade v0.2 pricing.,-0.024714886437576578,0.007776050077506813,-0.033139683079247084,-0.08290506430400368,-0.6386836438424472,0.01282051282051282,-1.9694360665297157,False,,train_2009_2018,bear,93399,79637,13762,-2041.0,0.01282051282051282,-1.8163304464600243,90760,79659,11101,0.9935897435897436,2.138353320359971,64050,102250,-38200,0.5576923076923077,0.17689498730682024,385432,8119.0,0.08333333333333333,-1.2431616431933137
2013-12-24,1205.0999755859375,COMEX GC futures proxy via Yahoo Finance GC=F,Keep GC futures for COT/COMEX alignment; use licensed LBMA PM or reliable XAUUSD spot for benchmark-grade v0.2 pricing.,-0.02119881142059432,-0.045389771641299315,-0.02924121807171587,-0.10414806770093099,-0.5118990524556608,0.00641025641025641,-2.0959996471437274,False,,train_2009_2018,bear,93958,82765,11193,-2569.0,0.01282051282051282,-1.831181672678504,87970,76015,11955,0.9935897435897436,2.1054588028022083,60796,99269,-38473,0.5512820512820513,0.15454056005111866,384974,-458.0,0.07692307692307693,-1.2549905037696574
2013-12-31,1201.9000244140625,COMEX GC futures proxy via Yahoo Finance GC=F,Keep GC futures for COT/COMEX alignment; use licensed LBMA PM or reliable XAUUSD spot for benchmark-grade v0.2 pricing.,-0.0026553408320493244,-0.02379786218308766,-0.01620686547365424,-0.08111618928588493,0.10708793223908274,0.00641025641025641,-2.0859555717713785,False,,train_2009_2018,range,96059,78334,17725,6532.0,0.038461538461538464,-1.6835453056350704,85708,80151,5557,0.967948717948718,1.9672659604470257,56130,94708,-38578,0.5448717948717948,0.13930565253296875,379550,-5424.0,0.05128205128205128,-1.3708406729352158
2014-01-07,1229.4000244140625,COMEX GC futures proxy via Yahoo Finance GC=F,Keep GC futures for COT/COMEX alignment; use licensed LBMA PM or reliable XAUUSD spot for benchmark-grade v0.2 pricing.,0.02288043883966684,0.020164342644111377,-0.02614068390510116,-0.0328061930397352,0.922872076601079,0.02564102564102564,-1.899589484534134,False,,train_2009_2018,range,98659,74421,24238,6513.0,0.057692307692307696,-1.5412900060301828,85519,82409,3110,0.9615384615384616,1.893635369854825,55103,100097,-44994,0.4551282051282051,-0.1074173980418538,383021,3471.0,0.0641025641025641,-1.3022240659342974
2014-01-14,1245.199951171875,COMEX GC futures proxy via Yahoo Finance GC=F,Keep GC futures for COT/COMEX alignment; use licensed LBMA PM or reliable XAUUSD spot for benchmark-grade v0.2 pricing.,0.012851737794085993,0.03602623003433392,0.01137102059391304,-0.02214549450410397,0.5947912083357427,0.05128205128205128,-1.7894381510834723,False,,train_2009_2018,range,104303,76033,28270,4032.0,0.0641025641025641,-1.4473803669495888,101424,95297,6127,0.9743589743589743,1.9029919968390847,52669,104051,-51382,0.3782051282051282,-0.35308781426091357,415426,32405.0,0.28205128205128205,-0.5987401562266172
2014-01-21,1242.300048828125,COMEX GC futures proxy via Yahoo Finance GC=F,Keep GC futures for COT/COMEX alignment; use licensed LBMA PM or reliable XAUUSD spot for benchmark-grade v0.2 pricing.,-0.002328864806829478,0.010492943027401225,0.030868868970062247,0.0007250075691656033,0.1027821978135981,0.04487179487179487,-1.793684643868412,False,,train_2009_2018,bear,104723,74506,30217,1947.0,0.07051282051282051,-1.3924911122876846,105533,99956,5577,0.9615384615384616,1.860871745805765,53047,104715,-51668,0.3717948717948718,-0.3693813913563687,410959,-4467.0,0.24358974358974358,-0.6879188036649556
2014-01-28,1251.0,COMEX GC futures proxy via Yahoo Finance GC=F,Keep GC futures for COT/COMEX alignment; use licensed LBMA PM or reliable XAUUSD spot for benchmark-grade v0.2 pricing.,0.00700309975845359,0.004657925679057762,0.04085196321538831,0.023983015469567492,0.3925225902567687,0.07051282051282051,-1.730971778136804,False,,train_2009_2018,bear,109782,62544,47238,17021.0,0.16666666666666666,-1.0766838050197498,83687,96093,-12406,0.8974358974358975,1.573262146282456,51561,104134,-52573,0.3525641025641026,-0.40975129429758106,382739,-28220.0,0.0641025641025641,-1.3005923568467326
2014-02-04,1251.699951171875,COMEX GC futures proxy via Yahoo Finance GC=F,Keep GC futures for COT/COMEX alignment; use licensed LBMA PM or reliable XAUUSD spot for benchmark-grade v0.2 pricing.,0.0005595133268385677,0.007566531412936062,0.018138869623368414,-0.008475976738953173,0.18549724355114644,0.07692307692307693,-1.71271758853586,False,,train_2009_2018,range,107407,63755,43652,-3586.0,0.14102564102564102,-1.125859178140975,84257,92687,-8430,0.9230769230769231,1.6068735682338333,49463,106815,-57352,0.26282051282051283,-0.60236935666815,368279,-14460.0,0.00641025641025641,-1.5963357837697933
2014-02-11,1290.0999755859375,COMEX GC futures proxy via Yahoo Finance GC=F,Keep GC futures for COT/COMEX alignment; use licensed LBMA PM or reliable XAUUSD spot for benchmark-grade v0.2 pricing.,0.03067829824400925,0.03125497648756004,0.03605848552419744,0.04783952789959134,1.1324408999499804,0.1282051282051282,-1.4818625253611077,False,,train_2009_2018,range,116817,64731,52086,8434.0,0.21794871794871795,-0.9642271932557652,80473,89428,-8955,0.9166666666666666,1.5755904872254969,52698,116397,-63699,0.1794871794871795,-0.8599108046908056,376973,8694.0,0.038461538461538464,-1.3844374407702564
2014-02-18,1324.699951171875,COMEX GC futures proxy via Yahoo Finance GC=F,Keep GC futures for COT/COMEX alignment; use licensed LBMA PM or reliable XAUUSD spot for benchmark-grade v0.2 pricing.,0.02681960796892735,0.05832068614499453,0.06632850286167069,0.09924485769555025,0.9697309136163278,0.1794871794871795,-1.2759805593896323,False,,train_2009_2018,range,123273,54503,68770,16684.0,0.3269230769230769,-0.659467004400963,72428,98901,-26473,0.782051282051282,1.3070987463120671,55230,120508,-65278,0.16666666666666666,-0.9402191727618111,390535,13562.0,0.17307692307692307,-1.0731901333986764
2014-02-25,1343.0,COMEX GC futures proxy via Yahoo Finance GC=F,Keep GC futures for COT/COMEX alignment; use licensed LBMA PM or reliable XAUUSD spot for benchmark-grade v0.2 pricing.,0.013814485923349107,0.041004592989032806,0.07354116706634684,0.11739743133354619,0.5443227476694762,0.1987179487179487,-1.1642071230225746,False,,train_2009_2018,bear,127279,31023,96256,27486.0,0.4807692307692308,-0.16271115400937208,68140,104950,-36810,0.7435897435897436,1.1454359300859986,48341,128194,-79853,0.08333333333333333,-1.53938100175187,387503,-3032.0,0.14743589743589744,-1.1276741977427263
2014-03-04,1337.800048828125,COMEX GC futures proxy via Yahoo Finance GC=F,Keep GC futures for COT/COMEX alignment; use licensed LBMA PM or reliable XAUUSD spot for benchmark-grade v0.2 pricing.,-0.0038718921607409085,0.009889105562856937,0.06878653112963762,0.08817311067301015,-0.03963503512732274,0.19230769230769232,-1.187051187191869,False,,train_2009_2018,bear,128351,27184,101167,4911.0,0.5064102564102564,-0.06548394983910523,66707,110079,-43372,0.717948717948718,1.0396345725063596,49261,127038,-77777,0.08974358974358974,-1.480080554595594,393266,5763.0,0.1987179487179487,-0.9889628414864311
2014-03-11,1346.5,COMEX GC futures proxy via Yahoo Finance GC=F,Keep GC futures for COT/COMEX alignment; use licensed LBMA PM or reliable XAUUSD spot for benchmark-grade v0.2 pricing.,0.0065031774961406,0.002606105733432562,0.04371756102735125,0.08135243559300664,0.2997040566093761,0.21794871794871795,-1.133777434550688,False,,train_2009_2018,range,127797,21766,106031,4864.0,0.5384615384615384,0.030249871404417393,61001,106750,-45749,0.7115384615384616,0.9947190327363394,48423,128041,-79618,0.07692307692307693,-1.5574087656892233,415340,22074.0,0.3269230769230769,-0.4874348981905105
2014-03-18,1359.0,COMEX GC futures proxy via Yahoo Finance GC=F,Keep GC futures for COT/COMEX alignment; use licensed LBMA PM or reliable XAUUSD spot for benchmark-grade v0.2 pricing.,0.009283327144448572,0.01584687576476429,0.02589269275490036,0.09393861916206103,0.3922576082814892,0.22435897435897437,-1.0577493216409979,False,,train_2009_2018,range,137216,16153,121063,15032.0,0.6410256410256411,0.31049481524970085,61350,121662,-60312,0.6987179487179487,0.7802378689886025,44752,130374,-85622,0.05128205128205128,-1.7954223734224943,420626,5286.0,0.40384615384615385,-0.3589854658172843
2014-03-25,1311.4000244140625,COMEX GC futures proxy via Yahoo Finance GC=F,Keep GC futures for COT/COMEX alignment; use licensed LBMA PM or reliable XAUUSD spot for benchmark-grade v0.2 pricing.,-0.035025736266326324,-0.02606756449011327,-0.02352939358595496,0.04828139441571744,-1.0209664872742614,0.15384615384615385,-1.3193608146196791,False,,train_2009_2018,range,125231,18218,107013,-14050.0,0.5512820512820513,0.06539134355456803,58922,86941,-28019,0.7692307692307693,1.2198652755199821,44944,144546,-99602,0.01282051282051282,-2.3348635782400238,398264,-22362.0,0.23717948717948717,-0.8537188560253648
2014-04-01,1279.5999755859375,COMEX GC futures proxy via Yahoo Finance GC=F,Keep GC futures for COT/COMEX alignment; use licensed LBMA PM or reliable XAUUSD spot for benchmark-grade v0.2 pricing.,-0.024248931093571846,-0.05842533069467437,-0.04350431388694376,0.022289706401235954,-0.6650884561623216,0.11538461538461539,-1.483807462276514,False,,train_2009_2018,range,117969,26516,91453,-15560.0,0.46153846153846156,-0.20876191478682035,54606,79339,-24733,0.7884615384615384,1.24917499461169,48309,137605,-89296,0.03205128205128205,-1.939074400842135,363451,-34813.0,0.00641025641025641,-1.6230462562880357
2014-04-08,1308.699951171875,COMEX GC futures proxy via Yahoo Finance GC=F,Keep GC futures for COT/COMEX alignment; use licensed LBMA PM or reliable XAUUSD spot for benchmark-grade v0.2 pricing.,0.02274146306748115,-0.002058924196980949,-0.028072817547809104,0.014417468365186092,0.82650648316046,0.15384615384615385,-1.3086160682167904,False,,train_2009_2018,range,109728,28201,81527,-9926.0,0.4230769230769231,-0.38261389345886676,54960,78829,-23869,0.7948717948717948,1.244416226819688,52999,130873,-77874,0.07692307692307693,-1.4951223635521533,365400,1949.0,0.01282051282051282,-1.56145486639298
2014-04-15,1300.0,COMEX GC futures proxy via Yahoo Finance GC=F,Keep GC futures for COT/COMEX alignment; use licensed LBMA PM or reliable XAUUSD spot for benchmark-grade v0.2 pricing.,-0.00664778138341382,0.015942501409255794,-0.043414275202354635,-0.018645694936445523,-0.21934167853335151,0.14743589743589744,-1.3427449472356334,False,,train_2009_2018,range,105454,32464,72990,-8537.0,0.358974358974359,-0.5328822812707389,58448,73033,-14585,0.8525641025641025,1.3547650805269265,56204,129224,-73020,0.10256410256410256,-1.3177257747975104,369577,4177.0,0.02564102564102564,-1.4585732552731114
2014-04-22,1280.5999755859375,COMEX GC futures proxy via Yahoo Finance GC=F,Keep GC futures for COT/COMEX alignment; use licensed LBMA PM or reliable XAUUSD spot for benchmark-grade v0.2 pricing.,-0.014923095703125,-0.02147167160874075,-0.023486387261496766,-0.04646316039766385,-0.5136542209812721,0.12179487179487179,-1.433400189783271,False,,train_2009_2018,range,105681,28575,77106,4116.0,0.38461538461538464,-0.4445507094929231,59447,74937,-15490,0.8333333333333334,1.3236246300434287,59228,134264,-75036,0.08333333333333333,-1.4110618297392676,372593,3016.0,0.038461538461538464,-1.3800355977344445
2014-04-29,1296.0,COMEX GC futures proxy via Yahoo Finance GC=F,Keep GC futures for COT/COMEX alignment; use licensed LBMA PM or reliable XAUUSD spot for benchmark-grade v0.2 pricing.,0.012025632287722132,-0.003076923076923088,0.012816524481842784,-0.0312453635090989,0.5579102395324904,0.15384615384615385,-1.3318027993277635,False,,train_2009_2018,range,106919,29512,77407,301.0,0.391025641025641,-0.4287243969945295,61248,77932,-16684,0.8269230769230769,1.2892719158942494,59711,140198,-80487,0.05128205128205128,-1.6314820208610026,378092,5499.0,0.08333333333333333,-1.2423847607080307
2014-05-06,1308.300048828125,COMEX GC futures proxy via Yahoo Finance GC=F,Keep GC futures for COT/COMEX alignment; use licensed LBMA PM or reliable XAUUSD spot for benchmark-grade v0.2 pricing.,0.009490778416763046,0.02163054331584946,-0.00030557221568772164,-0.028369811490438157,0.43930414395963246,0.17307692307692307,-1.2504585139702526,False,,train_2009_2018,range,119385,28746,90639,13232.0,0.4807692307692308,-0.16205920698157172,64437,83172,-18735,0.8076923076923077,1.2441135364801263,55586,147322,-91736,0.01282051282051282,-2.0592854898512667,404700,26608.0,0.3076923076923077,-0.6076729852361266
2014-05-13,1294.5999755859375,COMEX GC futures proxy via Yahoo Finance GC=F,Keep GC futures for COT/COMEX alignment; use licensed LBMA PM or reliable XAUUSD spot for benchmark-grade v0.2 pricing.,-0.010471659963980695,-0.0010802657515914804,-0.004153864933894247,-0.04738780310085544,-0.35371330119652855,0.15384615384615385,-1.3119648086527955,False,,train_2009_2018,range,114561,32107,82454,-8185.0,0.44871794871794873,-0.3127951204527921,63958,89873,-25915,0.75,1.1308578575584092,60842,137248,-76406,0.08974358974358974,-1.426520557471087,397029,-7671.0,0.2564102564102564,-0.780022046959296
2014-05-20,1294.5,COMEX GC futures proxy via Yahoo Finance GC=F,Keep GC futures for COT/COMEX alignment; use licensed LBMA PM or reliable XAUUSD spot for benchmark-grade v0.2 pricing.,-7.722507942442558e-05,-0.010548076368632753,0.010854306324426188,-0.012887009378861003,0.03278600843122819,0.15384615384615385,-1.297398472212662,False,,train_2009_2018,range,112385,31232,81153,-1301.0,0.4358974358974359,-0.3287785144715851,60814,86888,-26074,0.7435897435897436,1.1142148762561477,55661,135597,-79936,0.0641025641025641,-1.552450711376359,399371,2342.0,0.2948717948717949,-0.716415750864174
2014-05-27,1265.4000244140625,COMEX GC futures proxy via Yahoo Finance GC=F,Keep GC futures for COT/COMEX alignment; use licensed LBMA PM or reliable XAUUSD spot for benchmark-grade v0.2 pricing.,-0.022479703040507948,-0.02255519212307966,-0.023611092273099876,-0.01109717993341841,-0.8427948444279607,0.08974358974358974,-1.435858547910192,False,,train_2009_2018,range,111146,53577,57569,-23584.0,0.2692307692307692,-0.7867147396354881,50019,64916,-14897,0.8461538461538461,1.2500204001128883,65353,129094,-63741,0.19230769230769232,-0.908294085849544,397695,-1676.0,0.27564102564102566,-0.7473901088619325
2014-06-03,1244.300048828125,COMEX GC futures proxy via Yahoo Finance GC=F,Keep GC futures for COT/COMEX alignment; use licensed LBMA PM or reliable XAUUSD spot for benchmark-grade v0.2 pricing.,-0.016674549690883556,-0.038779413806006136,-0.048918441956282366,-0.04920906605527353,-0.5884169308096666,0.057692307692307696,-1.5273421027146281,False,,train_2009_2018,range,111245,73063,38182,-19387.0,0.10897435897435898,-1.164170583537428,48855,63220,-14365,0.8525641025641025,1.2405666047166677,67407,116486,-49079,0.4230769230769231,-0.3293072245343636,382141,-15554.0,0.10897435897435898,-1.118649194223071
2014-06-10,1259.800048828125,COMEX GC futures proxy via Yahoo Finance GC=F,Keep GC futures for COT/COMEX alignment; use licensed LBMA PM or reliable XAUUSD spot for benchmark-grade v0.2 pricing.,0.012456802532956335,-0.004425458730752396,-0.02688083378192707,-0.030923039362980798,0.5521149405766395,0.08974358974358974,-1.4260802442660812,False,,train_2009_2018,range,111795,73741,38054,-128.0,0.10897435897435898,-1.1553741899351606,45471,59335,-13864,0.8653846153846154,1.2307731427720934,67848,117134,-49286,0.4166666666666667,-0.34299101753709516,378689,-3452.0,0.09615384615384616,-1.1915966538594593
2014-06-17,1271.699951171875,COMEX GC futures proxy via Yahoo Finance GC=F,Keep GC futures for COT/COMEX alignment; use licensed LBMA PM or reliable XAUUSD spot for benchmark-grade v0.2 pricing.,0.009445865917229845,0.022020333736670006,-0.01761301570345697,-0.006949886446772968,0.41863328371542974,0.11538461538461539,-1.3457210712715142,False,,train_2009_2018,range,113624,60065,53559,15505.0,0.25,-0.8325774674299078,45840,63426,-17586,0.7884615384615384,1.1649164482866898,66800,127539,-60739,0.22435897435897437,-0.8091565645025156,379843,1154.0,0.10897435897435898,-1.1546732125173993
2014-06-24,1320.9000244140625,COMEX GC futures proxy via Yahoo Finance GC=F,Keep GC futures for COT/COMEX alignment; use licensed LBMA PM or reliable XAUUSD spot for benchmark-grade v0.2 pricing.,0.03868842897795943,0.04849974060786333,0.043859648276598495,0.019212981800974083,1.576816800865016,0.24358974358974358,-1.0763637469733316,False,,train_2009_2018,bull,134571,34641,99930,46371.0,0.5833333333333334,0.1336691048654089,43455,81598,-38143,0.6410256410256411,0.8752588047905236,57677,151141,-93464,0.01282051282051282,-2.092354710101368,392388,12545.0,0.25,-0.8285656431168745
2014-07-01,1326.4000244140625,COMEX GC futures proxy via Yahoo Finance GC=F,Keep GC futures for COT/COMEX alignment; use licensed LBMA PM or reliable XAUUSD spot for benchmark-grade v0.2 pricing.,0.004163827616279869,0.04301334854324823,0.06598085056997216,0.013834728204856317,0.11201749471482352,0.27564102564102566,-1.0375960302760894,False,,train_2009_2018,bull,149227,23273,125954,26024.0,0.7692307692307693,0.6836389851671596,38911,91232,-52321,0.6089743589743589,0.6748186714703514,51592,159726,-108134,0.00641025641025641,-2.6071209579187857,401813,9425.0,0.3333333333333333,-0.579411087741726
2014-07-08,1316.0,COMEX GC futures proxy via Yahoo Finance GC=F,Keep GC futures for COT/COMEX alignment; use licensed LBMA PM or reliable XAUUSD spot for benchmark-grade v0.2 pricing.,-0.007840790276415044,-0.0037096103592215712,0.04461021510846308,0.01653022154922934,-0.38699137269701295,0.24358974358974358,-1.0797921299473519,False,,train_2009_2018,bull,154719,20943,133776,7822.0,0.8012820512820513,0.8676793930440162,35090,92825,-57735,0.6025641025641025,0.5926742841505326,57659,165927,-108268,0.00641025641025641,-2.5607188866054766,410992,9179.0,0.38461538461538464,-0.3330452504634684
2014-07-15,1296.9000244140625,COMEX GC futures proxy via Yahoo Finance GC=F,Keep GC futures for COT/COMEX alignment; use licensed LBMA PM or reliable XAUUSD spot for benchmark-grade v0.2 pricing.,-0.014513659259830947,-0.022240650977846332,0.01981605269306308,0.0018540165423426291,-0.6389082913235035,0.1987179487179487,-1.1646745744933358,False,,train_2009_2018,range,149260,27173,122087,-11689.0,0.7435897435897436,0.6442238784637692,36257,91384,-55127,0.6025641025641025,0.6188144929889013,59019,160798,-101779,0.019230769230769232,-2.2916709977993044,408368,-2624.0,0.3717948717948718,-0.3912774670721797
2014-07-22,1306.0999755859375,COMEX GC futures proxy via Yahoo Finance GC=F,Keep GC futures for COT/COMEX alignment; use licensed LBMA PM or reliable XAUUSD spot for benchmark-grade v0.2 pricing.,0.00709380137149096,-0.007522814904302844,-0.011204518551424902,0.03216370348239961,0.3185769435994533,0.21153846153846154,-1.103058739406532,False,,train_2009_2018,bull,148121,22395,125726,3639.0,0.7756410256410257,0.7505286156511349,35624,92941,-57317,0.5961538461538461,0.5794127730966553,61849,164723,-102874,0.019230769230769232,-2.305975943777447,405617,-2751.0,0.36538461538461536,-0.4565613551398737
2014-07-29,1298.300048828125,COMEX GC futures proxy via Yahoo Finance GC=F,Keep GC futures for COT/COMEX alignment; use licensed LBMA PM or reliable XAUUSD spot for benchmark-grade v0.2 pricing.,-0.005971921677981329,0.001079516067319819,-0.021185144050604676,0.043397892695461016,-0.2567433217152133,0.20512820512820512,-1.128823815068512,False,,train_2009_2018,range,135724,27094,108630,-17096.0,0.6538461538461539,0.40238263515700085,34871,90450,-55579,0.5961538461538461,0.5935266493857265,58093,151446,-93353,0.04487179487179487,-1.9451610092318443,374467,-31150.0,0.0641025641025641,-1.3254308541504745
2014-08-05,1284.0,COMEX GC futures proxy via Yahoo Finance GC=F,Keep GC futures for COT/COMEX alignment; use licensed LBMA PM or reliable XAUUSD spot for benchmark-grade v0.2 pricing.,-0.011014440645698564,-0.01692058494681703,-0.024316109422492405,0.019209358814032518,-0.5027633951328625,0.16025641025641027,-1.1872290062155975,False,,train_2009_2018,range,123819,33140,90679,-17951.0,0.5256410256410257,0.009197365415916758,31968,79502,-47534,0.6153846153846154,0.6938985870673382,58268,142376,-84108,0.07051282051282051,-1.582340797147136,360342,-14125.0,0.00641025641025641,-1.7197689154587805
2014-08-12,1308.800048828125,COMEX GC futures proxy via Yahoo Finance GC=F,Keep GC futures for COT/COMEX alignment; use licensed LBMA PM or reliable XAUUSD spot for benchmark-grade v0.2 pricing.,0.019314679772683085,0.00808749873303749,0.009175745385184175,0.029173625132298042,0.8673295708843334,0.25,-1.0463911601162612,False,,train_2009_2018,range,138357,21930,116427,25748.0,0.7115384615384616,0.6294505074270732,30213,85589,-55376,0.5897435897435898,0.5764920144378496,53137,158448,-105311,0.019230769230769232,-2.326888352971965,368114,7772.0,0.02564102564102564,-1.4944274057965676
2014-08-19,1295.0999755859375,COMEX GC futures proxy via Yahoo Finance GC=F,Keep GC futures for COT/COMEX alignment; use licensed LBMA PM or reliable XAUUSD spot for benchmark-grade v0.2 pricing.,-0.010467659482786718,0.008644840799016729,-0.008422019910891754,-0.01953217378398464,-0.4443356831033107,0.1987179487179487,-1.1058914345772781,False,,train_2009_2018,range,128398,25193,103205,-13222.0,0.6025641025641025,0.33734789981911145,30797,84900,-54103,0.5961538461538461,0.5846019452272319,58213,151772,-93559,0.04487179487179487,-1.8609093750435814,366401,-1713.0,0.02564102564102564,-1.5548292457196748
2014-08-26,1283.800048828125,COMEX GC futures proxy via Yahoo Finance GC=F,Keep GC futures for COT/COMEX alignment; use licensed LBMA PM or reliable XAUUSD spot for benchmark-grade v0.2 pricing.,-0.008725138576811453,-0.01910146628003606,-0.011168450631337534,-0.032116989446495214,-0.3335770145215566,0.16025641025641027,-1.1520691206273679,False,,train_2009_2018,range,118012,36830,81182,-22023.0,0.46794871794871795,-0.17946470748911916,31479,73638,-42159,0.6346153846153846,0.7399494600120755,62318,143707,-81389,0.08974358974358974,-1.3976238750215793,363608,-2793.0,0.019230769230769232,-1.637065402219106
2014-09-02,1263.699951171875,COMEX GC futures proxy via Yahoo Finance GC=F,Keep GC futures for COT/COMEX alignment; use licensed LBMA PM or reliable XAUUSD spot for benchmark-grade v0.2 pricing.,-0.015656719809753694,-0.024245251336566742,-0.015810006875486726,-0.039741678440824435,-0.6528028743709461,0.10256410256410256,-1.2456136220851652,False,,train_2009_2018,bear,116120,53202,62918,-18264.0,0.3076923076923077,-0.6176677760434542,32793,71204,-38411,0.6346153846153846,0.7815906097652692,69658,134954,-65296,0.1987179487179487,-0.8051512377382579,371515,7907.0,0.0641025641025641,-1.4057904357374027
2014-09-09,1246.800048828125,COMEX GC futures proxy via Yahoo Finance GC=F,Keep GC futures for COT/COMEX alignment; use licensed LBMA PM or reliable XAUUSD spot for benchmark-grade v0.2 pricing.,-0.013373350476177603,-0.028820687484608087,-0.04737163637448949,-0.03863056106315721,-0.5746832994848124,0.07692307692307693,-1.320403209418094,False,,train_2009_2018,bear,118708,58501,60207,-2711.0,0.30128205128205127,-0.6764319144437647,37265,76014,-38749,0.6282051282051282,0.7663055487710827,70734,129940,-59206,0.27564102564102566,-0.5772167584902216,384341,12826.0,0.19230769230769232,-1.0035800452067551
2014-09-16,1235.199951171875,COMEX GC futures proxy via Yahoo Finance GC=F,Keep GC futures for COT/COMEX alignment; use licensed LBMA PM or reliable XAUUSD spot for benchmark-grade v0.2 pricing.,-0.009303895734647294,-0.022552821952371627,-0.04625127445235422,-0.05428376520890421,-0.42022142707634824,0.038461538461538464,-1.3661375454164508,False,,train_2009_2018,bear,113659,73364,40295,-19912.0,0.1346153846153846,-1.1665579376398458,37158,70141,-32983,0.6730769230769231,0.8361797937837394,72485,115745,-43260,0.5,0.006131777841018942,386080,1739.0,0.22435897435897437,-0.9440834503587994
2014-09-23,1221.0,COMEX GC futures proxy via Yahoo Finance GC=F,Keep GC futures for COT/COMEX alignment; use licensed LBMA PM or reliable XAUUSD spot for benchmark-grade v0.2 pricing.,-0.011496074913541765,-0.02069301236583576,-0.048917313007933005,-0.05953943304392373,-0.5134238231251319,0.019230769230769232,-1.4207376285336288,False,,train_2009_2018,bear,110427,80297,30130,-10165.0,0.07051282051282051,-1.404303759558918,38784,69623,-30839,0.6730769230769231,0.8551662264373505,75993,109473,-33480,0.6346153846153846,0.37019380736375856,385788,-292.0,0.22435897435897437,-0.9427924289976712
2014-09-30,1210.5,COMEX GC futures proxy via Yahoo Finance GC=F,Keep GC futures for COT/COMEX alignment; use licensed LBMA PM or reliable XAUUSD spot for benchmark-grade v0.2 pricing.,-0.008599508599508643,-0.019996722917970722,-0.04209856233874243,-0.05724299065420557,-0.38597195084703984,0.019230769230769232,-1.4545000614824346,False,,train_2009_2018,bear,111264,80341,30923,793.0,0.08974358974358974,-1.3648732448801457,37100,68903,-31803,0.6666666666666666,0.8305692975616488,72866,101792,-28926,0.6602564102564102,0.5481241196052942,379874,-5914.0,0.15384615384615385,-1.1245715246275985
2014-10-07,1211.699951171875,COMEX GC futures proxy via Yahoo Finance GC=F,Keep GC futures for COT/COMEX alignment; use licensed LBMA PM or reliable XAUUSD spot for benchmark-grade v0.2 pricing.,0.0009912855612350668,-0.007616747606981944,-0.02815214652039899,-0.07419016964676273,0.13047027055587818,0.02564102564102564,-1.4274011544773062,False,,train_2009_2018,bear,110064,80201,29863,-1060.0,0.07051282051282051,-1.3721163156101945,39274,70192,-30918,0.6666666666666666,0.8319980567341683,62844,95333,-32489,0.6410256410256411,0.4289133193062829,380087,213.0,0.16025641025641027,-1.1031355532807816
2014-10-14,1233.5999755859375,COMEX GC futures proxy via Yahoo Finance GC=F,Keep GC futures for COT/COMEX alignment; use licensed LBMA PM or reliable XAUUSD spot for benchmark-grade v0.2 pricing.,0.01807380151569893,0.01908300337541302,-0.0012953170734985031,-0.047486681460383595,0.9877267308992755,0.057692307692307696,-1.2948929446837998,False,,train_2009_2018,bear,123582,81386,42196,12333.0,0.17307692307692307,-1.0488723150747146,42111,74570,-32459,0.6538461538461539,0.7994522612650015,55993,102357,-46364,0.47435897435897434,-0.07427526246620315,397855,17768.0,0.3782051282051282,-0.5074532176229901
2014-10-21,1251.0,COMEX GC futures proxy via Yahoo Finance GC=F,Keep GC futures for COT/COMEX alignment; use licensed LBMA PM or reliable XAUUSD spot for benchmark-grade v0.2 pricing.,0.014105078435817653,0.03243381233952891,0.024570024570024662,-0.02554918802041284,0.8914481026733424,0.12179487179487179,-1.1886226377648206,False,,train_2009_2018,range,132835,70347,62488,20292.0,0.34615384615384615,-0.5311539896065434,39585,84500,-44915,0.5705128205128205,0.6134246618782089,55548,115531,-59983,0.27564102564102566,-0.5768264467036982,411057,13202.0,0.48717948717948717,-0.06337517552482079
2014-10-28,1229.199951171875,COMEX GC futures proxy via Yahoo Finance GC=F,Keep GC futures for COT/COMEX alignment; use licensed LBMA PM or reliable XAUUSD spot for benchmark-grade v0.2 pricing.,-0.0174260981839528,-0.0035668162298500006,0.015448121579409335,-0.027300784468660355,-0.9144794582366642,0.04487179487179487,-1.28543692657978,False,,train_2009_2018,bear,128420,68353,60067,-2421.0,0.3333333333333333,-0.5825673637739698,38273,88088,-49815,0.5512820512820513,0.5343769705986351,64780,113829,-49049,0.46153846153846156,-0.15084325359617645,414410,3353.0,0.5192307692307693,0.05421140209190524
2014-11-04,1167.4000244140625,COMEX GC futures proxy via Yahoo Finance GC=F,Keep GC futures for COT/COMEX alignment; use licensed LBMA PM or reliable XAUUSD spot for benchmark-grade v0.2 pricing.,-0.050276545080313984,-0.06682651925334737,-0.036560145698585345,-0.06368304564047067,-2.6443638599110666,0.00641025641025641,-1.5881109564625837,False,,train_2009_2018,bear,113324,74519,38805,-21262.0,0.14102564102564102,-1.106746228758313,39318,77108,-37790,0.6089743589743589,0.6959833387977028,76965,94482,-17517,0.8333333333333334,1.0638439427244846,417377,2967.0,0.5641025641025641,0.16492610466988292
2014-11-11,1162.800048828125,COMEX GC futures proxy via Yahoo Finance GC=F,Keep GC futures for COT/COMEX alignment; use licensed LBMA PM or reliable XAUUSD spot for benchmark-grade v0.2 pricing.,-0.003940359336763177,-0.05401879676324972,-0.05739293787208766,-0.05861391289326223,-0.13351799923141555,0.00641025641025641,-1.5918430925160862,False,,train_2009_2018,bear,110478,79863,30615,-8190.0,0.09615384615384616,-1.3005141005456995,49129,86992,-37863,0.6025641025641025,0.6848397085020277,81186,93347,-12161,0.8717948717948718,1.2673974783658277,443422,26045.0,0.8589743589743589,1.0571107379395586
2014-11-18,1196.699951171875,COMEX GC futures proxy via Yahoo Finance GC=F,Keep GC futures for COT/COMEX alignment; use licensed LBMA PM or reliable XAUUSD spot for benchmark-grade v0.2 pricing.,0.029153681561945533,0.025098446243838834,-0.04340531481065146,-0.019901759891994275,1.6431551919876128,0.019230769230769232,-1.395917160847531,False,,train_2009_2018,bear,119566,71166,48400,17785.0,0.23717948717948717,-0.8366603229818429,56408,96660,-40252,0.5769230769230769,0.6407244820452502,77541,108286,-30745,0.6794871794871795,0.55435189071227,459657,16235.0,0.9294871794871795,1.6066672389727008
2014-11-25,1197.0999755859375,COMEX GC futures proxy via Yahoo Finance GC=F,Keep GC futures for COT/COMEX alignment; use licensed LBMA PM or reliable XAUUSD spot for benchmark-grade v0.2 pricing.,0.00033427294257903917,0.029497699791447562,-0.02611452722181984,-0.011069826033921926,0.048358310152048056,0.02564102564102564,-1.3756335730306997,False,,train_2009_2018,bear,113999,59549,54450,6050.0,0.3141025641025641,-0.6718941718487237,36606,73368,-36762,0.6282051282051282,0.6812933067541858,75262,106985,-31723,0.6730769230769231,0.5187649015796698,388145,-71512.0,0.27564102564102566,-0.811621094733752
2014-12-02,1199.199951171875,COMEX GC futures proxy via Yahoo Finance GC=F,Keep GC futures for COT/COMEX alignment; use licensed LBMA PM or reliable XAUUSD spot for benchmark-grade v0.2 pricing.,0.0017542190533499369,0.0020890783838938276,0.027239957249250102,-0.01031608525519112,0.10902611735755716,0.03205128205128205,-1.3475461976852894,False,,train_2009_2018,range,117804,49170,68634,14184.0,0.42948717948717946,-0.2980996993521799,30598,75927,-45329,0.5384615384615384,0.5473171907741148,68077,112156,-44079,0.5064102564102564,0.04849167121798891,368121,-20024.0,0.04487179487179487,-1.4684781090491446
2014-12-09,1231.5,COMEX GC futures proxy via Yahoo Finance GC=F,Keep GC futures for COT/COMEX alignment; use licensed LBMA PM or reliable XAUUSD spot for benchmark-grade v0.2 pricing.,0.026934664896009153,0.02873613325171509,0.05908148287498882,-0.001702314873133881,1.5392519378489307,0.09615384615384616,-1.164010331087828,False,,train_2009_2018,range,130648,39985,90663,22029.0,0.6217948717948718,0.2790339711429944,33262,88237,-54975,0.4935897435897436,0.3975220931723344,54078,115704,-61626,0.25,-0.618504757128699,375323,7202.0,0.10897435897435898,-1.2100913215073241
2014-12-16,1193.9000244140625,COMEX GC futures proxy via Yahoo Finance GC=F,Keep GC futures for COT/COMEX alignment; use licensed LBMA PM or reliable XAUUSD spot for benchmark-grade v0.2 pricing.,-0.03053185187652252,-0.004419552179462105,-0.0023397065864928512,-0.04564346569619304,-1.6830683438261738,0.019230769230769232,-1.340846330846245,False,,train_2009_2018,bear,127571,35746,91825,1162.0,0.6538461538461539,0.3130849812408306,34330,93684,-59354,0.4551282051282051,0.325225163796274,58092,113829,-55737,0.32051282051282054,-0.38119086490114823,371743,-3580.0,0.07692307692307693,-1.3123204152843486
2014-12-23,1177.9000244140625,COMEX GC futures proxy via Yahoo Finance GC=F,Keep GC futures for COT/COMEX alignment; use licensed LBMA PM or reliable XAUUSD spot for benchmark-grade v0.2 pricing.,-0.013401457134446737,-0.04352413770681085,-0.01603871987590455,-0.041734403510921836,-0.7395309614906571,0.019230769230769232,-1.403422062157526,False,,train_2009_2018,bear,123087,40890,82197,-9628.0,0.5769230769230769,0.06651374267694096,31936,82559,-50623,0.5064102564102564,0.4453630899201491,63961,118563,-54602,0.33974358974358976,-0.32765863238107823,375212,3469.0,0.11538461538461539,-1.1821003676782509
2014-12-30,1200.199951171875,COMEX GC futures proxy via Yahoo Finance GC=F,Keep GC futures for COT/COMEX alignment; use licensed LBMA PM or reliable XAUUSD spot for benchmark-grade v0.2 pricing.,0.018931935050179982,0.005276762399686108,0.0008338892934600661,0.02809656165141461,1.0484567861940044,0.05128205128205128,-1.270837577058512,False,,train_2009_2018,bear,124928,37878,87050,4853.0,0.5897435897435898,0.19621580523790055,28690,82890,-54200,0.48717948717948717,0.3844319379708945,59587,118521,-58934,0.2948717948717949,-0.48800189480536227,373982,-1230.0,0.10256410256410256,-1.2073836168152672
2015-01-06,1219.300048828125,COMEX GC futures proxy via Yahoo Finance GC=F,Keep GC futures for COT/COMEX alignment; use licensed LBMA PM or reliable XAUUSD spot for benchmark-grade v0.2 pricing.,0.015914096345030382,0.03514731603359689,-0.009906578296285051,0.04858960924274203,0.8950162294467232,0.08333333333333333,-1.157286216055439,False,,train_2009_2018,bear,128325,34129,94196,7146.0,0.6794871794871795,0.3847251851066126,32669,92020,-59351,0.4423076923076923,0.3003720581549392,58869,122190,-63321,0.24358974358974358,-0.6512436446814823,394021,20039.0,0.3717948717948718,-0.5390474547921081
2015-01-13,1234.300048828125,COMEX GC futures proxy via Yahoo Finance GC=F,Keep GC futures for COT/COMEX alignment; use licensed LBMA PM or reliable XAUUSD spot for benchmark-grade v0.2 pricing.,0.012302140079807788,0.028412013867318286,0.03383869971347875,0.031419820498387985,0.6928091661678493,0.1346153846153846,-1.066466075999012,False,,train_2009_2018,range,132173,30232,101941,7745.0,0.7307692307692307,0.5886551738393483,34607,99314,-64707,0.4230769230769231,0.21218679349176045,57011,129980,-72969,0.16666666666666666,-1.0212143286439677,402108,8087.0,0.46153846153846156,-0.2656454677271324
2015-01-20,1294.199951171875,COMEX GC futures proxy via Yahoo Finance GC=F,Keep GC futures for COT/COMEX alignment; use licensed LBMA PM or reliable XAUUSD spot for benchmark-grade v0.2 pricing.,0.04852944986968155,0.061428606039782174,0.09873497270336262,0.08111267025831359,2.5029649875554956,0.32051282051282054,-0.7482706266612393,False,,train_2009_2018,range,155602,26261,129341,27400.0,0.8846153846153846,1.2999914352283126,29306,114948,-85642,0.3974358974358974,-0.10968637364706059,56831,148999,-92168,0.0641025641025641,-1.7594075741285826,430128,28020.0,0.7243589743589743,0.6610606825366407
2015-01-27,1291.699951171875,COMEX GC futures proxy via Yahoo Finance GC=F,Keep GC futures for COT/COMEX alignment; use licensed LBMA PM or reliable XAUUSD spot for benchmark-grade v0.2 pricing.,-0.0019316953286362404,0.04650401042943075,0.07623729688595593,0.07713475964505134,-0.14347034395050764,0.32051282051282054,-0.750831328694939,False,,train_2009_2018,range,173110,19873,153237,23896.0,0.9551282051282052,1.9163979099961082,24610,121126,-96516,0.3782051282051282,-0.2834608866521397,49720,159364,-109644,0.00641025641025641,-2.3910406332581635,438279,8151.0,0.8205128205128205,0.9261614313661312
2015-02-03,1259.699951171875,COMEX GC futures proxy via Yahoo Finance GC=F,Keep GC futures for COT/COMEX alignment; use licensed LBMA PM or reliable XAUUSD spot for benchmark-grade v0.2 pricing.,-0.024773555167334704,-0.02665739553518054,0.033133683856224394,0.02289886412657327,-1.2983199035237278,0.21153846153846154,-0.9056987993872274,False,,train_2009_2018,range,167310,18984,148326,-4911.0,0.9423076923076923,1.7939995142313983,27037,117623,-90586,0.391025641025641,-0.20504515422903474,52559,165246,-112687,0.00641025641025641,-2.4440409150031472,419524,-18755.0,0.6346153846153846,0.31088414795827546
2015-02-10,1231.5999755859375,COMEX GC futures proxy via Yahoo Finance GC=F,Keep GC futures for COT/COMEX alignment; use licensed LBMA PM or reliable XAUUSD spot for benchmark-grade v0.2 pricing.,-0.022306879951687453,-0.04652781439792786,-0.002187533934516983,0.03157714247503862,-1.1317909620054734,0.1282051282051282,-1.0396737361692128,False,,train_2009_2018,bear,140835,21298,119537,-28789.0,0.8333333333333334,1.0558155930485555,23007,101513,-78506,0.40384615384615385,-0.030562338993526634,58748,150833,-92085,0.08333333333333333,-1.6285646334906227,393232,-26292.0,0.36538461538461536,-0.5515158790999081
2015-02-17,1208.0999755859375,COMEX GC futures proxy via Yahoo Finance GC=F,Keep GC futures for COT/COMEX alignment; use licensed LBMA PM or reliable XAUUSD spot for benchmark-grade v0.2 pricing.,-0.019080870790712523,-0.040962116048297914,-0.06652756825402095,0.02563880681375963,-0.9280383930203332,0.07051282051282051,-1.1502196287657336,False,,train_2009_2018,bear,128595,32903,95692,-23845.0,0.6858974358974359,0.44685214636144666,22366,96511,-74145,0.41025641025641024,0.025159208006050735,63983,133473,-69490,0.1987179487179487,-0.7601596782969499,389530,-3702.0,0.3333333333333333,-0.6641016490481626
2015-02-24,1196.9000244140625,COMEX GC futures proxy via Yahoo Finance GC=F,Keep GC futures for COT/COMEX alignment; use licensed LBMA PM or reliable XAUUSD spot for benchmark-grade v0.2 pricing.,-0.009270715502202487,-0.028174692968280013,-0.07339160048106119,-0.0027494808299154405,-0.3857940534460255,0.038461538461538464,-1.1976971270309233,False,,train_2009_2018,bear,124595,35108,89487,-6205.0,0.6217948717948718,0.3032688498655795,24350,95758,-71408,0.4166666666666667,0.05549253602582846,67813,132099,-64286,0.2564102564102564,-0.5569105113034993,399307,9777.0,0.46153846153846156,-0.32687243055777127
2015-03-03,1204.0,COMEX GC futures proxy via Yahoo Finance GC=F,Keep GC futures for COT/COMEX alignment; use licensed LBMA PM or reliable XAUUSD spot for benchmark-grade v0.2 pricing.,0.005931970457944802,-0.0033937386547409076,-0.04421683998642567,-0.01254822292743274,0.41463375851386336,0.07051282051282051,-1.14579553770982,False,,train_2009_2018,range,115279,42320,72959,-16528.0,0.47435897435897434,-0.13625832405444255,23666,89987,-66321,0.4166666666666667,0.1262954197565596,71498,128564,-57066,0.3782051282051282,-0.2768654177344893,405124,5817.0,0.5128205128205128,-0.12184164881775938
2015-03-10,1160.0999755859375,COMEX GC futures proxy via Yahoo Finance GC=F,Keep GC futures for COT/COMEX alignment; use licensed LBMA PM or reliable XAUUSD spot for benchmark-grade v0.2 pricing.,-0.036461814297394146,-0.030746134244704626,-0.05805456432067857,-0.06011510192569047,-1.7473339264529453,0.00641025641025641,-1.361581724689713,False,,train_2009_2018,bear,107032,58359,48673,-24286.0,0.2564102564102564,-0.7937838181373802,26168,78115,-51947,0.5,0.3454361309497364,78066,115461,-37395,0.6987179487179487,0.47495860413017665,410918,5794.0,0.5448717948717948,0.08271857490787052
2015-03-17,1148.300048828125,COMEX GC futures proxy via Yahoo Finance GC=F,Keep GC futures for COT/COMEX alignment; use licensed LBMA PM or reliable XAUUSD spot for benchmark-grade v0.2 pricing.,-0.01017147401615337,-0.046262417916839715,-0.04949915401563443,-0.11273366392236395,-0.3691356288494036,0.00641025641025641,-1.4050198177168347,False,,train_2009_2018,bear,97847,78623,19224,-29449.0,0.04487179487179487,-1.5837943594656785,30755,74063,-43308,0.5512820512820513,0.47466292991508785,76537,89719,-13182,0.8974358974358975,1.3964177020542703,429738,18820.0,0.75,0.7269317902587041
2015-03-24,1191.699951171875,COMEX GC futures proxy via Yahoo Finance GC=F,Keep GC futures for COT/COMEX alignment; use licensed LBMA PM or reliable XAUUSD spot for benchmark-grade v0.2 pricing.,0.037794914654964096,0.027239010646455064,-0.004344617876278489,-0.07741735989792098,2.0165547849218375,0.038461538461538464,-1.161037648763805,False,,train_2009_2018,range,98784,87349,11435,-7789.0,0.019230769230769232,-1.7698984867468925,27523,72822,-45299,0.532051282051282,0.4333824098735924,81595,89221,-7626,0.9487179487179487,1.5944923456019726,433767,4029.0,0.7884615384615384,0.8593563162235285
2015-03-31,1183.0999755859375,COMEX GC futures proxy via Yahoo Finance GC=F,Keep GC futures for COT/COMEX alignment; use licensed LBMA PM or reliable XAUUSD spot for benchmark-grade v0.2 pricing.,-0.007216561163303381,0.030305604178391343,-0.017358824264171457,-0.060808111895755856,-0.3050447723111729,0.038461538461538464,-1.1920217691678765,False,,train_2009_2018,range,103808,67752,36056,24621.0,0.1346153846153846,-1.081410310585561,25366,75694,-50328,0.4935897435897436,0.34337408605334274,70154,100941,-30787,0.7564102564102564,0.7188792602931716,387585,-46182.0,0.3076923076923077,-0.7118059099871827
2015-04-07,1210.5999755859375,COMEX GC futures proxy via Yahoo Finance GC=F,Keep GC futures for COT/COMEX alignment; use licensed LBMA PM or reliable XAUUSD spot for benchmark-grade v0.2 pricing.,0.023244020427251266,0.0158597173688535,0.04353073102556837,-0.01705099091936013,1.2705481193389763,0.12179487179487179,-1.0329031208413917,False,,train_2009_2018,range,112747,57072,55675,19619.0,0.36538461538461536,-0.5362706411508242,24724,85642,-60918,0.3974358974358974,0.16353611101904025,62352,109723,-47371,0.5576923076923077,0.09525425771565878,390571,2986.0,0.36538461538461536,-0.6064140185729985
2015-04-14,1192.800048828125,COMEX GC futures proxy via Yahoo Finance GC=F,Keep GC futures for COT/COMEX alignment; use licensed LBMA PM or reliable XAUUSD spot for benchmark-grade v0.2 pricing.,-0.014703392629094703,0.008198861839535887,0.03875293747954944,-0.012664454156943394,-0.6819988182937514,0.05128205128205128,-1.1139370490876317,False,,train_2009_2018,range,110439,62390,48049,-7626.0,0.2564102564102564,-0.7354308106405875,23642,83946,-60304,0.40384615384615385,0.16511054200337089,59580,102869,-43289,0.6089743589743589,0.2548473429052133,395089,4518.0,0.41025641025641024,-0.4517015612234379
2015-04-21,1202.9000244140625,COMEX GC futures proxy via Yahoo Finance GC=F,Keep GC futures for COT/COMEX alignment; use licensed LBMA PM or reliable XAUUSD spot for benchmark-grade v0.2 pricing.,0.008467450681160171,-0.0063604421998672,0.009398400353355596,0.005012950018893347,0.4900863149106463,0.10256410256410256,-1.0468765382645704,False,,train_2009_2018,range,108259,60134,48125,76.0,0.26282051282051283,-0.7238397986193097,21523,75074,-53551,0.46794871794871795,0.26777381470481615,58445,109900,-51455,0.4807692307692308,-0.049912805476299664,397379,2290.0,0.4358974358974359,-0.3742561150390853
2015-04-28,1214.0,COMEX GC futures proxy via Yahoo Finance GC=F,Keep GC futures for COT/COMEX alignment; use licensed LBMA PM or reliable XAUUSD spot for benchmark-grade v0.2 pricing.,0.009227679242374665,0.01777326484242092,0.026117847224837565,0.008305647840531671,0.5330500912322098,0.14743589743589744,-0.9754158307311994,False,,train_2009_2018,range,114952,64369,50583,2458.0,0.30128205128205127,-0.6470543400105511,18237,71952,-53715,0.46153846153846156,0.25634810985992057,57350,110507,-53157,0.4423076923076923,-0.10907807142449004,403575,6196.0,0.5064102564102564,-0.16148260255291041
2015-05-05,1193.199951171875,COMEX GC futures proxy via Yahoo Finance GC=F,Keep GC futures for COT/COMEX alignment; use licensed LBMA PM or reliable XAUUSD spot for benchmark-grade v0.2 pricing.,-0.017133483383958037,-0.008063906430555101,-0.014373058619665646,0.02853200265711542,-0.8017835745530614,0.057692307692307696,-1.073304264844111,False,,train_2009_2018,range,98957,76100,22857,-27726.0,0.0641025641025641,-1.3894039951049348,20250,60415,-40165,0.5705128205128205,0.4721841118154762,66517,100514,-33997,0.7628205128205128,0.6299826060856302,399988,-3587.0,0.48717948717948717,-0.27973024521120887
2015-05-12,1192.5999755859375,COMEX GC futures proxy via Yahoo Finance GC=F,Keep GC futures for COT/COMEX alignment; use licensed LBMA PM or reliable XAUUSD spot for benchmark-grade v0.2 pricing.,-0.0005028290399679003,-0.01762769721092461,-0.00016773409959536245,0.038578703190879304,0.04603386112542464,0.05128205128205128,-1.0627516248858981,False,,train_2009_2018,range,104207,76488,27719,4862.0,0.08333333333333333,-1.241203556182272,20691,64014,-43323,0.5384615384615384,0.41164231589716666,65253,99432,-34179,0.75,0.6339287720691045,405612,5624.0,0.5384615384615384,-0.08472197202364735
2015-05-19,1206.9000244140625,COMEX GC futures proxy via Yahoo Finance GC=F,Keep GC futures for COT/COMEX alignment; use licensed LBMA PM or reliable XAUUSD spot for benchmark-grade v0.2 pricing.,0.011990649942030362,0.011481791655063578,0.0033252971309467583,0.012754949958032835,0.6765609440717929,0.1346153846153846,-0.9734723404950235,False,,train_2009_2018,range,132306,53689,78617,50898.0,0.5961538461538461,0.142443987938748,17951,94860,-76909,0.32051282051282054,-0.15464260942570177,61564,116989,-55425,0.391025641025641,-0.17597515947871614,428597,22985.0,0.7435897435897436,0.700813539996581
2015-05-26,1187.199951171875,COMEX GC futures proxy via Yahoo Finance GC=F,Keep GC futures for COT/COMEX alignment; use licensed LBMA PM or reliable XAUUSD spot for benchmark-grade v0.2 pricing.,-0.01632287086227513,-0.00452794275080326,-0.0220758227579283,0.003465451500755057,-0.7906342675054864,0.04487179487179487,-1.0653644000425169,False,,train_2009_2018,range,125069,58825,66244,-12373.0,0.47435897435897434,-0.19294395687811688,17429,91862,-74433,0.3269230769230769,-0.11935880368775993,66036,101323,-35287,0.75,0.6270990990810313,411961,-16636.0,0.5961538461538461,0.13512861703459925
2015-06-02,1194.0999755859375,COMEX GC futures proxy via Yahoo Finance GC=F,Keep GC futures for COT/COMEX alignment; use licensed LBMA PM or reliable XAUUSD spot for benchmark-grade v0.2 pricing.,0.00581201541261156,-0.01060572422669337,0.0007542947124483668,-0.01362960542933589,0.3341616046184648,0.08333333333333333,-1.0155102297245189,False,,train_2009_2018,range,125229,63482,61747,-4497.0,0.4423076923076923,-0.3106304324783724,16934,90560,-73626,0.3333333333333333,-0.11372926151750767,67739,102263,-34524,0.7628205128205128,0.6660745866234742,398724,-13237.0,0.46794871794871795,-0.31132751910478873
2015-06-09,1177.300048828125,COMEX GC futures proxy via Yahoo Finance GC=F,Keep GC futures for COT/COMEX alignment; use licensed LBMA PM or reliable XAUUSD spot for benchmark-grade v0.2 pricing.,-0.014069112386983273,-0.008338866872406703,-0.012829051711405137,-0.012994633941563083,-0.6737243204987198,0.03205128205128205,-1.0918502323777135,False,,train_2009_2018,range,121125,83486,37639,-24108.0,0.16025641025641027,-0.9552701007958547,18488,79791,-61303,0.358974358974359,0.08606535241349242,77467,94753,-17286,0.8974358974358975,1.3501507444711456,406069,7345.0,0.5576923076923077,-0.059136208528724414
2015-06-16,1180.5,COMEX GC futures proxy via Yahoo Finance GC=F,Keep GC futures for COT/COMEX alignment; use licensed LBMA PM or reliable XAUUSD spot for benchmark-grade v0.2 pricing.,0.002718042163559087,-0.011389310664095875,-0.021874243002753646,-0.018621684229305435,0.20701610472651008,0.04487179487179487,-1.0613896460129701,False,,train_2009_2018,range,124527,89529,34998,-2641.0,0.14743589743589744,-1.0144128012702607,16454,75845,-59391,0.3782051282051282,0.10910541694875339,76500,93746,-17246,0.9038461538461539,1.356361423458109,415718,9649.0,0.6538461538461539,0.27107261082966805
2015-06-23,1176.199951171875,COMEX GC futures proxy via Yahoo Finance GC=F,Keep GC futures for COT/COMEX alignment; use licensed LBMA PM or reliable XAUUSD spot for benchmark-grade v0.2 pricing.,-0.003642565716327817,-0.0009344241999692526,-0.00926549903337004,-0.031136778276874,-0.08615152833075587,0.03205128205128205,-1.0707040272121184,False,,train_2009_2018,range,124843,84927,39916,4918.0,0.21153846153846154,-0.872651022914772,15949,91484,-75535,0.30128205128205127,-0.1748097293237285,71617,96970,-25353,0.8653846153846154,1.0502318360926899,430978,15260.0,0.7692307692307693,0.7870715692531993
2015-06-30,1171.5,COMEX GC futures proxy via Yahoo Finance GC=F,Keep GC futures for COT/COMEX alignment; use licensed LBMA PM or reliable XAUUSD spot for benchmark-grade v0.2 pricing.,-0.00399587771381249,-0.007623888182973326,-0.018926368016084938,-0.018186349362957044,-0.09697496245480745,0.03205128205128205,-1.0825480262036888,False,,train_2009_2018,range,115188,99565,15623,-24293.0,0.03205128205128205,-1.5055749886380285,16748,81821,-65073,0.33974358974358976,-0.005345080140911348,77261,86957,-9696,0.9551282051282052,1.6794486721461053,442301,11323.0,0.8653846153846154,1.1655029911003767
2015-07-07,1152.4000244140625,COMEX GC futures proxy via Yahoo Finance GC=F,Keep GC futures for COT/COMEX alignment; use licensed LBMA PM or reliable XAUUSD spot for benchmark-grade v0.2 pricing.,-0.01630386306951559,-0.020234592540239515,-0.021150109047262666,-0.03370782491599866,-0.7569864394003909,0.01282051282051282,-1.1703101972894498,False,,train_2009_2018,bear,111482,109383,2099,-13524.0,0.00641025641025641,-1.835045175253768,18678,72089,-53411,0.4551282051282051,0.1866730962164998,82437,81615,822,0.9935897435897436,2.1025010279336516,452145,9844.0,0.9166666666666666,1.487067424184413
2015-07-14,1153.300048828125,COMEX GC futures proxy via Yahoo Finance GC=F,Keep GC futures for COT/COMEX alignment; use licensed LBMA PM or reliable XAUUSD spot for benchmark-grade v0.2 pricing.,0.0007809999956569502,-0.015535596390845119,-0.023041042924078825,-0.0444112805548742,0.15676597776986412,0.019230769230769232,-1.1506902695256118,False,,train_2009_2018,bear,108413,109536,-1123,-3222.0,0.00641025641025641,-1.8848784204540292,22205,74248,-52043,0.46153846153846156,0.2003858167553668,81349,77775,3574,1.0,2.2070132913243756,462664,10519.0,0.9551282051282052,1.8195908416762037
2015-07-21,1103.4000244140625,COMEX GC futures proxy via Yahoo Finance GC=F,Keep GC futures for COT/COMEX alignment; use licensed LBMA PM or reliable XAUUSD spot for benchmark-grade v0.2 pricing.,-0.04326716578635903,-0.04251995744699333,-0.06189417597346458,-0.07058619457918125,-2.1017526338214823,0.00641025641025641,-1.4002235294088692,False,,train_2009_2018,bear,106297,119853,-13556,-12433.0,0.00641025641025641,-2.1657166758581967,26690,66493,-39803,0.5705128205128205,0.4065739706089107,80298,62079,18219,1.0,2.761095092026253,459760,-2904.0,0.9294871794871795,1.6985855059368375
2015-07-28,1096.300048828125,COMEX GC futures proxy via Yahoo Finance GC=F,Keep GC futures for COT/COMEX alignment; use licensed LBMA PM or reliable XAUUSD spot for benchmark-grade v0.2 pricing.,-0.0064346342476363505,-0.04942339164722831,-0.06419116617317544,-0.08190262855488517,-0.1760041107237808,0.00641025641025641,-1.4195063226070967,False,,train_2009_2018,bear,106284,120917,-14633,-1077.0,0.00641025641025641,-2.1454709863643058,22082,58546,-36464,0.6282051282051282,0.45600584915532505,83026,61828,21198,1.0,2.8234852256603418,438282,-21478.0,0.8205128205128205,0.975114525964084
2015-08-04,1090.699951171875,COMEX GC futures proxy via Yahoo Finance GC=F,Keep GC futures for COT/COMEX alignment; use licensed LBMA PM or reliable XAUUSD spot for benchmark-grade v0.2 pricing.,-0.0051081797015662955,-0.011509944681151851,-0.05354049977008535,-0.07355822140876578,-0.11279147782810664,0.00641025641025641,-1.4305424364002135,False,,train_2009_2018,bear,103573,114860,-11287,3346.0,0.019230769230769232,-2.0197317217634883,20798,60201,-39403,0.5641025641025641,0.39480057379681305,87818,63235,24583,1.0,2.8881090754710566,434273,-4009.0,0.7692307692307693,0.8320203510784326
2015-08-11,1107.5999755859375,COMEX GC futures proxy via Yahoo Finance GC=F,Keep GC futures for COT/COMEX alignment; use licensed LBMA PM or reliable XAUUSD spot for benchmark-grade v0.2 pricing.,0.015494659549498246,0.010307330342538501,-0.03962548452904657,-0.06175351496320414,0.9737094734234379,0.02564102564102564,-1.322611261894845,False,,train_2009_2018,bear,108507,113937,-5430,5857.0,0.02564102564102564,-1.8403761270002847,18426,62110,-43684,0.5064102564102564,0.3096352008289993,86266,67040,19226,0.9871794871794872,2.634033904557096,435489,1216.0,0.7948717948717948,0.8614755188705734
2015-08-18,1117.0999755859375,COMEX GC futures proxy via Yahoo Finance GC=F,Keep GC futures for COT/COMEX alignment; use licensed LBMA PM or reliable XAUUSD spot for benchmark-grade v0.2 pricing.,0.008577103836585387,0.02420466268995214,0.012416123680212943,-0.05024653803722301,0.5896376512064117,0.03205128205128205,-1.2568204961745575,False,,train_2009_2018,bear,112075,104158,7917,13347.0,0.04487179487179487,-1.4861482518663436,17508,63587,-46079,0.47435897435897434,0.2572015542582377,86133,70002,16131,0.9743589743589743,2.462783150667849,432728,-2761.0,0.7371794871794872,0.7618944348313846
2015-08-25,1138.199951171875,COMEX GC futures proxy via Yahoo Finance GC=F,Keep GC futures for COT/COMEX alignment; use licensed LBMA PM or reliable XAUUSD spot for benchmark-grade v0.2 pricing.,0.018888171199601178,0.027627280841848734,0.038219374694490105,-0.028425137710734072,1.09069249915525,0.038461538461538464,-1.130995847500674,False,,train_2009_2018,range,119456,78842,40614,32697.0,0.27564102564102566,-0.6687720363405275,14467,80360,-65893,0.28846153846153844,-0.11337459142402118,82325,79068,3257,0.9615384615384616,1.9511534055888855,432154,-574.0,0.7307692307692307,0.7411946527216939
2015-09-01,1138.699951171875,COMEX GC futures proxy via Yahoo Finance GC=F,Keep GC futures for COT/COMEX alignment; use licensed LBMA PM or reliable XAUUSD spot for benchmark-grade v0.2 pricing.,0.0004392901260321658,0.01933575871274007,0.0440084369201883,-0.011888296556704203,0.11782248264662572,0.04487179487179487,-1.1173303768882359,False,,train_2009_2018,bear,112641,72044,40597,-17.0,0.27564102564102566,-0.6592244310636912,12944,80229,-67285,0.27564102564102566,-0.15424452292239765,74975,76778,-1803,0.9487179487179487,1.7403235803816959,410274,-21880.0,0.5448717948717948,0.02704318193332807
2015-09-08,1120.4000244140625,COMEX GC futures proxy via Yahoo Finance GC=F,Keep GC futures for COT/COMEX alignment; use licensed LBMA PM or reliable XAUUSD spot for benchmark-grade v0.2 pricing.,-0.016070894478373732,-0.01563866413760251,0.011556562938125348,-0.0285268559968348,-0.7390045881274979,0.038461538461538464,-1.2077500147421019,False,,train_2009_2018,range,112684,85859,26825,-13772.0,0.1346153846153846,-0.9910289700029631,20513,77612,-57099,0.358974358974359,0.01906112080608132,74098,72978,1120,0.9551282051282052,1.816313912778293,421732,11458.0,0.6794871794871795,0.41840558524712085
2015-09-15,1102.800048828125,COMEX GC futures proxy via Yahoo Finance GC=F,Keep GC futures for COT/COMEX alignment; use licensed LBMA PM or reliable XAUUSD spot for benchmark-grade v0.2 pricing.,-0.015708653340258394,-0.031527095708403396,-0.012800937311194471,-0.0005437516518599361,-0.7111870053596299,0.019230769230769232,-1.2978475484442316,False,,train_2009_2018,range,104300,95493,8807,-18018.0,0.05128205128205128,-1.4290198528369706,17304,60606,-43302,0.5256410256410257,0.26815471648503514,78146,67823,10323,0.967948717948718,2.100251489218094,413333,-8399.0,0.6025641025641025,0.15448223354843446
2015-09-22,1125.0,COMEX GC futures proxy via Yahoo Finance GC=F,Keep GC futures for COT/COMEX alignment; use licensed LBMA PM or reliable XAUUSD spot for benchmark-grade v0.2 pricing.,0.02013053154600919,0.004105654664139369,-0.011597216427820523,0.026178919906601594,1.104910559146691,0.05128205128205128,-1.16790736225252,False,,train_2009_2018,bear,107531,86702,20829,12022.0,0.11538461538461539,-1.1193836576535088,19677,75195,-55518,0.358974358974359,0.01251419792408913,69713,71423,-1710,0.9358974358974359,1.6495974692155837,419304,5971.0,0.6602564102564102,0.3821300416768869
2015-09-29,1127.0999755859375,COMEX GC futures proxy via Yahoo Finance GC=F,Keep GC futures for COT/COMEX alignment; use licensed LBMA PM or reliable XAUUSD spot for benchmark-grade v0.2 pricing.,0.001866644965277775,0.022034753066645596,-0.010187034410600981,0.033373087048324646,0.15691971490151746,0.057692307692307696,-1.1512777295625949,False,,train_2009_2018,range,112633,72069,40564,19735.0,0.2948717948717949,-0.6068738754433782,25515,87605,-62090,0.28205128205128205,-0.14318589858639363,61785,72838,-11053,0.8910256410256411,1.3059164644814603,415700,-3604.0,0.6346153846153846,0.2768290145623188
2015-10-06,1146.800048828125,COMEX GC futures proxy via Yahoo Finance GC=F,Keep GC futures for COT/COMEX alignment; use licensed LBMA PM or reliable XAUUSD spot for benchmark-grade v0.2 pricing.,0.017478549967979706,0.019377821180555532,0.023563034486605794,0.03539190511578871,0.9350181506779714,0.07692307692307693,-1.032994368749383,False,,train_2009_2018,bear,115414,69576,45838,5274.0,0.358974358974359,-0.4598019429174424,25741,92163,-66422,0.25,-0.2621279923529508,63322,85369,-22047,0.8269230769230769,0.9143724008186889,430228,14528.0,0.7435897435897436,0.8245373695720624
2015-10-13,1165.800048828125,COMEX GC futures proxy via Yahoo Finance GC=F,Keep GC futures for COT/COMEX alignment; use licensed LBMA PM or reliable XAUUSD spot for benchmark-grade v0.2 pricing.,0.016567840243306042,0.03433597203483996,0.05712730976657654,0.043595089344302895,0.8913276497840725,0.11538461538461539,-0.91587482820685,False,,train_2009_2018,range,128350,51137,77213,31375.0,0.6730769230769231,0.3997125770121993,24080,103595,-79515,0.1794871794871795,-0.5771197124409208,63188,102167,-38979,0.6538461538461539,0.3243788711187014,435928,5700.0,0.8461538461538461,1.0484333010403923
2015-10-20,1178.0,COMEX GC futures proxy via Yahoo Finance GC=F,Keep GC futures for COT/COMEX alignment; use licensed LBMA PM or reliable XAUUSD spot for benchmark-grade v0.2 pricing.,0.010464874473232744,0.027206095084977733,0.047111111111111104,0.034967536931579835,0.5848843646565821,0.15384615384615385,-0.8357649912655092,False,,train_2009_2018,range,156199,39855,116344,39131.0,0.8974358974358975,1.4864252110023388,24068,125536,-101468,0.12179487179487179,-1.1049528527635988,56278,118110,-61832,0.30128205128205127,-0.4640633416564361,467792,31864.0,0.9871794871794872,2.2043108335031176
2015-10-27,1166.800048828125,COMEX GC futures proxy via Yahoo Finance GC=F,Keep GC futures for COT/COMEX alignment; use licensed LBMA PM or reliable XAUUSD spot for benchmark-grade v0.2 pricing.,-0.009507598617890523,0.0008577800292641768,0.03522320477520102,0.024677350365503337,-0.4469716735290713,0.12179487179487179,-0.8968717741538387,False,,train_2009_2018,range,147660,33568,114092,-2252.0,0.8910256410256411,1.437592885209129,24021,126967,-102946,0.11538461538461539,-1.1803701426149786,56525,119427,-62902,0.30128205128205127,-0.49541891038085334,466780,-1012.0,0.9807692307692307,2.152646356156174
2015-11-03,1114.199951171875,COMEX GC futures proxy via Yahoo Finance GC=F,Keep GC futures for COT/COMEX alignment; use licensed LBMA PM or reliable XAUUSD spot for benchmark-grade v0.2 pricing.,-0.045080644030722206,-0.05415963397973256,-0.02842701104657508,-0.0055338032016108984,-2.310761366252837,0.038461538461538464,-1.2151633813679896,False,,train_2009_2018,bear,116702,49495,67207,-46885.0,0.6089743589743589,0.147871227964947,26094,115320,-89226,0.16025641025641027,-0.8910415082841671,64033,99795,-35762,0.6987179487179487,0.4445995166290963,443900,-22880.0,0.9102564102564102,1.3231594568329161
2015-11-10,1088.199951171875,COMEX GC futures proxy via Yahoo Finance GC=F,Keep GC futures for COT/COMEX alignment; use licensed LBMA PM or reliable XAUUSD spot for benchmark-grade v0.2 pricing.,-0.023335129365832485,-0.06736381073620279,-0.06656381403848322,-0.013239115895728015,-1.1437859483998936,0.00641025641025641,-1.3740706022300315,False,,train_2009_2018,bear,91880,75011,16869,-50338.0,0.10256410256410256,-1.2438339793876858,25898,90778,-64880,0.2692307692307692,-0.3398849692340868,69343,76357,-7014,0.9166666666666666,1.424182682490128,436426,-7474.0,0.8525641025641025,1.0653145564380435
2015-11-17,1068.699951171875,COMEX GC futures proxy via Yahoo Finance GC=F,Keep GC futures for COT/COMEX alignment; use licensed LBMA PM or reliable XAUUSD spot for benchmark-grade v0.2 pricing.,-0.017919500895952623,-0.04083647639020693,-0.09278442175562396,-0.05004448784722226,-0.8334906809392458,0.00641025641025641,-1.4950906761822513,False,,train_2009_2018,bear,90510,104433,-13923,-30792.0,0.01282051282051282,-2.0809812543091266,25079,75078,-49999,0.44871794871794873,0.004538130181263555,73481,51955,21526,0.9935897435897436,2.3487631177309094,435376,-1050.0,0.8333333333333334,1.0528691498678084
2015-11-24,1074.300048828125,COMEX GC futures proxy via Yahoo Finance GC=F,Keep GC futures for COT/COMEX alignment; use licensed LBMA PM or reliable XAUUSD spot for benchmark-grade v0.2 pricing.,0.005240102846556072,-0.012773298077050299,-0.07927665077911361,-0.046845823708197454,0.3731915146810223,0.01282051282051282,-1.4604010355198502,False,,train_2009_2018,bear,91059,107723,-16664,-2741.0,0.00641025641025641,-2.1424473183597117,25625,67103,-41478,0.5384615384615384,0.20663263686577354,66384,36889,29495,1.0,2.5450528814681785,397705,-37671.0,0.4423076923076923,-0.3401641095505501
2015-12-01,1063.800048828125,COMEX GC futures proxy via Yahoo Finance GC=F,Keep GC futures for COT/COMEX alignment; use licensed LBMA PM or reliable XAUUSD spot for benchmark-grade v0.2 pricing.,-0.009773805755155296,-0.00458491865595867,-0.04523416312372053,-0.07237530211549503,-0.39951953735216944,0.00641025641025641,-1.5258618639469013,False,,train_2009_2018,bear,89982,110548,-20566,-3902.0,0.00641025641025641,-2.21221639181933,27538,59821,-32283,0.6538461538461539,0.44537523743043517,66447,37075,29372,0.9935897435897436,2.4751310053419417,390940,-6765.0,0.36538461538461536,-0.5893157750149591
2015-12-08,1076.300048828125,COMEX GC futures proxy via Yahoo Finance GC=F,Keep GC futures for COT/COMEX alignment; use licensed LBMA PM or reliable XAUUSD spot for benchmark-grade v0.2 pricing.,0.011750328469875448,0.0018616772866961728,-0.010935400549260343,-0.07677131261914627,0.7527443670710895,0.02564102564102564,-1.4423336558937763,False,,train_2009_2018,bear,92488,109910,-17422,3144.0,0.01282051282051282,-2.089590243195254,25951,62512,-36561,0.6153846153846154,0.31405860082895537,63378,40814,22564,0.9807692307692307,2.2032217347427174,394128,3188.0,0.3974358974358974,-0.4589132304455429
2015-12-15,1062.9000244140625,COMEX GC futures proxy via Yahoo Finance GC=F,Keep GC futures for COT/COMEX alignment; use licensed LBMA PM or reliable XAUUSD spot for benchmark-grade v0.2 pricing.,-0.012450082510590321,-0.0008460465996913413,-0.005427086200811226,-0.09770795890147499,-0.5628708297376216,0.00641025641025641,-1.5294267768312204,False,,train_2009_2018,bear,83617,110836,-27219,-9797.0,0.00641025641025641,-2.3130598006039227,20596,61412,-40816,0.5256410256410257,0.1762942775540345,68154,35604,32550,1.0,2.4556266470036365,390944,-3184.0,0.3717948717948718,-0.5719234810305945
2015-12-22,1074.800048828125,COMEX GC futures proxy via Yahoo Finance GC=F,Keep GC futures for COT/COMEX alignment; use licensed LBMA PM or reliable XAUUSD spot for benchmark-grade v0.2 pricing.,0.011195807828325632,-0.0013936634135000014,0.0004654193216739877,-0.07884812834246979,0.6924358640879128,0.03205128205128205,-1.4434002268544113,False,,train_2009_2018,bear,79979,100041,-20062,7157.0,0.019230769230769232,-2.0741168606761753,19453,73397,-53944,0.358974358974359,-0.23458235363373034,70804,39111,31693,0.9935897435897436,2.3681012166500097,405294,14350.0,0.5448717948717948,-0.0141523508870341
2015-12-29,1077.5,COMEX GC futures proxy via Yahoo Finance GC=F,Keep GC futures for COT/COMEX alignment; use licensed LBMA PM or reliable XAUUSD spot for benchmark-grade v0.2 pricing.,0.0025120497294532917,0.01373598198380499,0.0128783141032629,-0.032938388781363126,0.2422073115204677,0.04487179487179487,-1.4241865184289004,False,,train_2009_2018,bear,76071,103272,-27201,-7139.0,0.01282051282051282,-2.2205482990617877,23044,67018,-43974,0.46794871794871795,0.05179812398877233,65832,37193,28639,0.9743589743589743,2.2220062769376083,401880,-3414.0,0.5128205128205128,-0.13976105850665943
2016-01-05,1078.4000244140625,COMEX GC futures proxy via Yahoo Finance GC=F,Keep GC futures for COT/COMEX alignment; use licensed LBMA PM or reliable XAUUSD spot for benchmark-grade v0.2 pricing.,0.0008352894794083632,0.0033494374975724384,0.0019511060955761383,-0.009005630580353419,0.16777838628176642,0.05128205128205128,-1.417184570493093,False,,train_2009_2018,bear,79732,95659,-15927,11274.0,0.04487179487179487,-1.8807639814034252,22948,67800,-44852,0.46153846153846156,0.0065274657133921705,62783,37206,25577,0.967948717948718,2.0859852169014648,413688,11808.0,0.6474358974358975,0.3257287855422745
2016-01-12,1085.5999755859375,COMEX GC futures proxy via Yahoo Finance GC=F,Keep GC futures for COT/COMEX alignment; use licensed LBMA PM or reliable XAUUSD spot for benchmark-grade v0.2 pricing.,0.006676512434045101,0.007517378734048785,0.021356619296710067,0.01581362888201765,0.498819318139469,0.057692307692307696,-1.3689836965259303,False,,train_2009_2018,bear,82908,82816,92,16019.0,0.08974358974358974,-1.431137899422421,23309,75124,-51815,0.38461538461538464,-0.23967302798372367,52700,44470,8230,0.9102564102564102,1.5455190457473043,397565,-16123.0,0.44871794871794873,-0.29158650477033776
2016-01-19,1089.9000244140625,COMEX GC futures proxy via Yahoo Finance GC=F,Keep GC futures for COT/COMEX alignment; use licensed LBMA PM or reliable XAUUSD spot for benchmark-grade v0.2 pricing.,0.003960988324271275,0.01066394634611445,0.014049102065450514,0.014521060110677997,0.4306803113010323,0.07051282051282051,-1.3447042631126593,False,,train_2009_2018,range,84054,83615,439,347.0,0.09615384615384616,-1.40254545256324,24206,73168,-48962,0.4166666666666667,-0.1709007066146701,53388,44569,8819,0.9102564102564102,1.5393820101176934,408835,11270.0,0.5897435897435898,0.1665993105463772
2016-01-26,1121.699951171875,COMEX GC futures proxy via Yahoo Finance GC=F,Keep GC futures for COT/COMEX alignment; use licensed LBMA PM or reliable XAUUSD spot for benchmark-grade v0.2 pricing.,0.029176920860157107,0.033253478627293775,0.04102083635440845,0.05442742967302183,1.8520003292236744,0.1282051282051282,-1.103577217090705,False,,train_2009_2018,range,95745,78942,16803,16364.0,0.16666666666666666,-0.9549186973071943,19845,72454,-52609,0.3525641025641026,-0.32116670426020955,47192,54416,-7224,0.8461538461538461,1.058996223816891,385350,-23485.0,0.2564102564102564,-0.7596899060013483
2016-02-02,1127.300048828125,COMEX GC futures proxy via Yahoo Finance GC=F,Keep GC futures for COT/COMEX alignment; use licensed LBMA PM or reliable XAUUSD spot for benchmark-grade v0.2 pricing.,0.004992509494539332,0.034315096409112344,0.045344977102195205,0.04738455605899938,0.41386328724129084,0.14743589743589744,-1.0649319002871585,False,,train_2009_2018,range,100566,71530,29036,12233.0,0.24358974358974358,-0.6214213145805227,24395,80385,-55990,0.27564102564102566,-0.47276525934919256,48605,69970,-21365,0.7564102564102564,0.6407327285266464,379185,-6165.0,0.17307692307692307,-0.9932896960558228
2016-02-09,1198.699951171875,COMEX GC futures proxy via Yahoo Finance GC=F,Keep GC futures for COT/COMEX alignment; use licensed LBMA PM or reliable XAUUSD spot for benchmark-grade v0.2 pricing.,0.06333708795450965,0.06864580846201851,0.10418199901385705,0.12776359360107636,3.3671474398638988,0.3333333333333333,-0.47670851382923213,False,,train_2009_2018,bull,121059,60423,60636,31600.0,0.6282051282051282,0.22002419979758744,23988,91728,-67740,0.15384615384615385,-0.9355763547527082,52921,90104,-37183,0.6089743589743589,0.1785217218497633,410833,31648.0,0.6217948717948718,0.2769655558745081
2016-02-16,1207.9000244140625,COMEX GC futures proxy via Yahoo Finance GC=F,Keep GC futures for COT/COMEX alignment; use licensed LBMA PM or reliable XAUUSD spot for benchmark-grade v0.2 pricing.,0.007675042643651819,0.07149824544913708,0.10826681104391889,0.1238369645880264,0.4001923331586111,0.38461538461538464,-0.38888455720373005,False,,train_2009_2018,bull,126219,45206,81013,20377.0,0.7756410256410257,0.7543381922886885,26085,111860,-85775,0.07051282051282051,-1.6242784031711746,55745,101954,-46209,0.532051282051282,-0.08196350976162012,428912,18079.0,0.7884615384615384,1.013094170545251
2016-02-23,1222.300048828125,COMEX GC futures proxy via Yahoo Finance GC=F,Keep GC futures for COT/COMEX alignment; use licensed LBMA PM or reliable XAUUSD spot for benchmark-grade v0.2 pricing.,0.01192153665287643,0.019688077598716935,0.08968539006456222,0.13438519612819033,0.6041846593670458,0.4423076923076923,-0.2507732121597095,False,,train_2009_2018,bull,141373,32276,109097,28084.0,0.9230769230769231,1.4796652727244837,19329,123277,-103948,0.00641025641025641,-2.31361983859697,53429,112630,-59201,0.3525641025641026,-0.4562978199755809,445290,16378.0,0.9487179487179487,1.6639204635057647
2016-03-01,1230.300048828125,COMEX GC futures proxy via Yahoo Finance GC=F,Keep GC futures for COT/COMEX alignment; use licensed LBMA PM or reliable XAUUSD spot for benchmark-grade v0.2 pricing.,0.0065450377815741145,0.018544601342258105,0.09136875324992033,0.14085684437608936,0.31717210273312185,0.46153846153846156,-0.16417380177060895,False,,train_2009_2018,bull,133823,29453,104370,-4727.0,0.8974358974358975,1.3369333210583818,16920,129587,-112667,0.00641025641025641,-2.6187036489612523,56255,115019,-58764,0.36538461538461536,-0.43871251705515074,450555,5265.0,0.9615384615384616,1.8594491901243093
2016-03-08,1262.0999755859375,COMEX GC futures proxy via Yahoo Finance GC=F,Keep GC futures for COT/COMEX alignment; use licensed LBMA PM or reliable XAUUSD spot for benchmark-grade v0.2 pricing.,0.025847293746027455,0.032561503041720785,0.05289065403905391,0.16258290711985013,1.3109366968167069,0.5833333333333334,0.1520604316054593,False,,train_2009_2018,bull,160317,32890,127427,23057.0,0.9743589743589743,1.9051069191872185,17739,143726,-125987,0.00641025641025641,-3.0515629992781537,54685,124070,-69385,0.20512820512820512,-0.7437917470133917,499110,48555.0,1.0,3.649920896690922
2016-03-15,1230.4000244140625,COMEX GC futures proxy via Yahoo Finance GC=F,Keep GC futures for COT/COMEX alignment; use licensed LBMA PM or reliable XAUUSD spot for benchmark-grade v0.2 pricing.,-0.025116830508738475,8.126114116047134e-05,0.018627369438885877,0.12891090637008995,-1.4264025323775058,0.46794871794871795,-0.1307658808660137,False,,train_2009_2018,bull,159202,29425,129777,2350.0,0.9807692307692307,1.931875329488763,19486,143435,-123949,0.01282051282051282,-2.928601897554111,60147,121729,-61582,0.32051282051282054,-0.516316810503364,493086,-6024.0,0.9935897435897436,3.3033037287514735
2016-03-22,1248.199951171875,COMEX GC futures proxy via Yahoo Finance GC=F,Keep GC futures for COT/COMEX alignment; use licensed LBMA PM or reliable XAUUSD spot for benchmark-grade v0.2 pricing.,0.014466780237824883,-0.011013409938154362,0.02118947992236553,0.11277525675903033,0.7437137948297384,0.5576923076923077,0.06994897701637595,False,,train_2009_2018,bull,174457,29558,144899,15122.0,0.9871794871794872,2.2657968740662007,19858,150125,-130267,0.00641025641025641,-3.0854137980761966,59953,129680,-69727,0.1987179487179487,-0.7523797502483025,510579,17493.0,1.0,3.754488440132545
2016-03-29,1235.5999755859375,COMEX GC futures proxy via Yahoo Finance GC=F,Keep GC futures for COT/COMEX alignment; use licensed LBMA PM or reliable XAUUSD spot for benchmark-grade v0.2 pricing.,-0.0100945169675003,0.004226228111748664,0.00430783268102819,0.09607018723222338,-0.6136969565543414,0.5128205128205128,-0.0388761143674172,False,,train_2009_2018,bull,184135,29930,154205,9306.0,1.0,2.4346823339447443,24190,150685,-126495,0.01282051282051282,-2.8798861743360997,56815,138284,-81469,0.11538461538461539,-1.087531433209315,480461,-30118.0,0.9807692307692307,2.6084958321274887
2016-04-05,1228.4000244140625,COMEX GC futures proxy via Yahoo Finance GC=F,Keep GC futures for COT/COMEX alignment; use licensed LBMA PM or reliable XAUUSD spot for benchmark-grade v0.2 pricing.,-0.005827089117949158,-0.015862784435477062,-0.02670149102588293,0.024776903688994212,-0.3515377613581486,0.44871794871794873,-0.095835313819803,False,,train_2009_2018,bull,186716,33958,152758,-1447.0,0.9871794871794872,2.340083659410941,21204,151023,-129819,0.01282051282051282,-2.912417487166772,57395,134821,-77426,0.17307692307692307,-0.9665315392391254,474094,-6367.0,0.9743589743589743,2.332413577942015
2016-04-12,1259.4000244140625,COMEX GC futures proxy via Yahoo Finance GC=F,Keep GC futures for COT/COMEX alignment; use licensed LBMA PM or reliable XAUUSD spot for benchmark-grade v0.2 pricing.,0.025236078951387908,0.019261936952401415,0.023569570403584983,0.04263597893789428,1.334337505439792,0.5961538461538461,0.2637858960722229,False,,train_2009_2018,bull,202500,31866,170634,17876.0,1.0,2.69285937311016,21129,164322,-143193,0.00641025641025641,-3.2437017317347987,60602,149196,-88594,0.10256410256410256,-1.2823064381243183,504523,30429.0,0.9935897435897436,3.2391990092190963
2016-04-19,1253.0,COMEX GC futures proxy via Yahoo Finance GC=F,Keep GC futures for COT/COMEX alignment; use licensed LBMA PM or reliable XAUUSD spot for benchmark-grade v0.2 pricing.,-0.005081804263931233,0.020026029873836393,0.003845576843372278,0.02511654253905049,-0.3347110766730423,0.5961538461538461,0.20510435131343624,False,,train_2009_2018,bull,208661,34554,174107,3473.0,1.0,2.6911880566589645,20069,166296,-146227,0.00641025641025641,-3.210162736581817,56336,150230,-93894,0.057692307692307696,-1.4193159452008368,503331,-1192.0,0.9871794871794872,3.0821660631138026
2016-04-26,1242.199951171875,COMEX GC futures proxy via Yahoo Finance GC=F,Keep GC futures for COT/COMEX alignment; use licensed LBMA PM or reliable XAUUSD spot for benchmark-grade v0.2 pricing.,-0.008619352616221043,-0.01365735501727483,0.005341514823847149,0.009672357856999936,-0.5119023942281377,0.532051282051282,0.10056250467592757,False,,train_2009_2018,bull,206476,34426,172050,-2057.0,0.9935897435897436,2.5690648569055896,18752,165367,-146615,0.00641025641025641,-3.099957843164112,55117,148610,-93493,0.07051282051282051,-1.3916659365094277,497884,-5447.0,0.9743589743589743,2.8180745270757597
2016-05-03,1290.699951171875,COMEX GC futures proxy via Yahoo Finance GC=F,Keep GC futures for COT/COMEX alignment; use licensed LBMA PM or reliable XAUUSD spot for benchmark-grade v0.2 pricing.,0.03904363380005438,0.030087750336691865,0.050716318397607596,0.022660626051165034,2.008656884049639,0.7307692307692307,0.6962960099175542,False,,train_2009_2018,bull,248842,29947,218895,46845.0,1.0,3.461522256095784,19259,189227,-169968,0.00641025641025641,-3.6247674593597203,54485,179418,-124933,0.00641025641025641,-2.239105952328015,565774,67890.0,1.0,4.579560833055971
2016-05-10,1263.9000244140625,COMEX GC futures proxy via Yahoo Finance GC=F,Keep GC futures for COT/COMEX alignment; use licensed LBMA PM or reliable XAUUSD spot for benchmark-grade v0.2 pricing.,-0.020763870590899014,0.017469066249532483,0.0035731299926673454,0.02722691753517581,-1.1695145462332477,0.6474358974358975,0.39394469685451944,False,,train_2009_2018,bull,246782,35591,211191,-7704.0,0.9935897435897436,3.1641148374957453,20797,178897,-158100,0.01282051282051282,-3.149165078122902,54725,181621,-126896,0.00641025641025641,-2.2448607354996226,579777,14003.0,1.0,4.620960006467941
2016-05-17,1276.199951171875,COMEX GC futures proxy via Yahoo Finance GC=F,Keep GC futures for COT/COMEX alignment; use licensed LBMA PM or reliable XAUUSD spot for benchmark-grade v0.2 pricing.,0.009731724440400047,-0.011234214417405797,0.018515523680666446,0.022432303393147945,0.450437657900359,0.6923076923076923,0.5571343484460326,False,,train_2009_2018,bull,247059,34618,212441,1250.0,0.9935897435897436,3.070790399712257,21631,170642,-149011,0.019230769230769232,-2.7977253273494678,54437,195669,-141232,0.00641025641025641,-2.568335085918943,595077,15300.0,1.0,4.65855547404121
2016-05-24,1228.9000244140625,COMEX GC futures proxy via Yahoo Finance GC=F,Keep GC futures for COT/COMEX alignment; use licensed LBMA PM or reliable XAUUSD spot for benchmark-grade v0.2 pricing.,-0.037063100272319516,-0.027692063710676673,-0.01070675195669224,-0.005422427407137054,-1.9516727519945827,0.4551282051282051,-0.013532402694475672,False,,train_2009_2018,bull,205180,48719,156461,-55980.0,0.9615384615384616,1.8935033857279675,59557,156435,-96878,0.10256410256410256,-1.3380194186765684,47330,175665,-128335,0.01282051282051282,-2.170141948038253,542958,-52119.0,0.9807692307692307,3.210061728061959
2016-05-31,1214.800048828125,COMEX GC futures proxy via Yahoo Finance GC=F,Keep GC futures for COT/COMEX alignment; use licensed LBMA PM or reliable XAUUSD spot for benchmark-grade v0.2 pricing.,-0.011473655550344963,-0.048111506576512086,-0.05880522601309279,-0.011071292181408565,-0.6152928080993723,0.4230769230769231,-0.17698290730365124,False,,train_2009_2018,bull,192160,43549,148611,-7850.0,0.9358974358974359,1.7068418668380514,47227,142196,-94969,0.11538461538461539,-1.2686521666327377,47595,166664,-119069,0.03205128205128205,-1.886793913775867,494321,-48637.0,0.9423076923076923,1.986275311166822
2016-06-07,1244.4000244140625,COMEX GC futures proxy via Yahoo Finance GC=F,Keep GC futures for COT/COMEX alignment; use licensed LBMA PM or reliable XAUUSD spot for benchmark-grade v0.2 pricing.,0.024366129730148955,0.012612905600185353,-0.015428435495948412,-0.011910433308891522,1.1760831851849542,0.5705128205128205,0.2098136061405109,False,,train_2009_2018,bull,212061,34695,177366,28755.0,0.9807692307692307,2.228587271861327,26136,147563,-121427,0.07692307692307693,-1.9538012477936904,46410,168675,-122265,0.03205128205128205,-1.932988227883247,496330,2009.0,0.9423076923076923,1.995029911352832
2016-06-14,1285.5999755859375,COMEX GC futures proxy via Yahoo Finance GC=F,Keep GC futures for COT/COMEX alignment; use licensed LBMA PM or reliable XAUUSD spot for benchmark-grade v0.2 pricing.,0.0331082854094884,0.05828113591706785,0.007365636086595018,0.02601753837664611,1.552496607255069,0.75,0.7488317132025759,False,,train_2009_2018,bull,257500,28260,229240,51874.0,1.0,3.122129529039816,26395,176665,-150270,0.019230769230769232,-2.6540877250721606,44717,192524,-147807,0.00641025641025641,-2.527794023670416,545357,49027.0,0.9807692307692307,3.0499634495751664
2016-06-21,1270.5,COMEX GC futures proxy via Yahoo Finance GC=F,Keep GC futures for COT/COMEX alignment; use licensed LBMA PM or reliable XAUUSD spot for benchmark-grade v0.2 pricing.,-0.01174546972051349,0.02097394332519964,0.03385139129260928,0.02278220088595817,-0.6643222758157402,0.6794871794871795,0.5548529088835247,False,,train_2009_2018,bull,274936,24528,250408,21168.0,1.0,3.3712112165032835,28287,177414,-149127,0.02564102564102564,-2.5516919570737016,42538,205548,-163010,0.00641025641025641,-2.8231641526175446,571517,26160.0,0.9871794871794872,3.486612753715637
2016-06-28,1315.300048828125,COMEX GC futures proxy via Yahoo Finance GC=F,Keep GC futures for COT/COMEX alignment; use licensed LBMA PM or reliable XAUUSD spot for benchmark-grade v0.2 pricing.,0.0352617464211924,0.023102110925796504,0.08272966410970173,0.0190595015006505,1.5836874271764294,0.8782051282051282,1.121514177972979,False,,train_2009_2018,bull,285895,24845,261050,10642.0,1.0,3.40957296934871,30055,179646,-149591,0.02564102564102564,-2.4963871358483347,41808,218538,-176730,0.00641025641025641,-3.0531583283894186,613792,42275.0,1.0,4.14636550872322
2016-07-05,1356.4000244140625,COMEX GC futures proxy via Yahoo Finance GC=F,Keep GC futures for COT/COMEX alignment; use licensed LBMA PM or reliable XAUUSD spot for benchmark-grade v0.2 pricing.,0.031247604394568196,0.06761119591819176,0.09000321263472832,0.0731861683782169,1.3327133660064467,0.967948717948718,1.6258569757273371,False,,train_2009_2018,bull,300070,26994,273076,12026.0,1.0,3.458292452651964,29270,178378,-149108,0.038461538461538464,-2.4216873755746136,43240,234339,-191099,0.00641025641025641,-3.267767530803709,652971,39179.0,1.0,4.590228320177937
2016-07-12,1334.0999755859375,COMEX GC futures proxy via Yahoo Finance GC=F,Keep GC futures for COT/COMEX alignment; use licensed LBMA PM or reliable XAUUSD spot for benchmark-grade v0.2 pricing.,-0.01644061370299532,0.014293260898577742,0.03772557632314455,0.04536908527609307,-0.9220835858339242,0.9230769230769231,1.3336125423558993,False,,train_2009_2018,bull,296106,36977,259129,-13947.0,0.9871794871794872,3.098488763927262,35210,176993,-141783,0.07051282051282051,-2.1892612355731553,39218,222887,-183669,0.01282051282051282,-2.986041421588433,633020,-19951.0,0.9935897435897436,3.960942754072824
2016-07-19,1331.5,COMEX GC futures proxy via Yahoo Finance GC=F,Keep GC futures for COT/COMEX alignment; use licensed LBMA PM or reliable XAUUSD spot for benchmark-grade v0.2 pricing.,-0.0019488611299880443,-0.018357434359984492,0.04801259346713893,0.08348927784817728,-0.2870818123022235,0.9230769230769231,1.3014626688776691,False,,train_2009_2018,bull,287317,34920,252397,-6732.0,0.9807692307692307,2.886060524710153,31861,167764,-135903,0.07692307692307693,-2.003836743450765,37838,217412,-179574,0.019230769230769232,-2.8000656619620576,617069,-15951.0,0.9871794871794872,3.497485269628371
2016-07-26,1320.699951171875,COMEX GC futures proxy via Yahoo Finance GC=F,Keep GC futures for COT/COMEX alignment; use licensed LBMA PM or reliable XAUUSD spot for benchmark-grade v0.2 pricing.,-0.00811118950666545,-0.01004424305470597,0.00410545285736208,0.08717475970297173,-0.591776904518213,0.8846153846153846,1.165181535332232,False,,train_2009_2018,bull,278777,31356,247421,-4976.0,0.967948717948718,2.7194553072921237,31448,166649,-135201,0.08333333333333333,-1.9510732739605416,35575,209397,-173822,0.03205128205128205,-2.595610932599172,576325,-40744.0,0.9615384615384616,2.689683445289395
2016-08-02,1364.4000244140625,COMEX GC futures proxy via Yahoo Finance GC=F,Keep GC futures for COT/COMEX alignment; use licensed LBMA PM or reliable XAUUSD spot for benchmark-grade v0.2 pricing.,0.033088570347422186,0.02470899317616415,0.0058979650958468355,0.09643201353720898,1.396019396475307,0.9807692307692307,1.6992769762896853,False,,train_2009_2018,bull,288542,33813,254729,7308.0,0.9807692307692307,2.7453313994806203,29097,175971,-146874,0.05128205128205128,-2.1890273193494187,37132,214285,-177153,0.02564102564102564,-2.5923135930791656,582211,5886.0,0.967948717948718,2.7060583594224887
2016-08-09,1339.0,COMEX GC futures proxy via Yahoo Finance GC=F,Keep GC futures for COT/COMEX alignment; use licensed LBMA PM or reliable XAUUSD spot for benchmark-grade v0.2 pricing.,-0.01861625913189968,0.013856325815630566,0.003672906456587244,0.041537045292587615,-1.0884782282392649,0.9294871794871795,1.375742561941327,False,,train_2009_2018,bull,281496,36244,245252,-9477.0,0.9551282051282052,2.52878600041217,29067,165875,-136808,0.08333333333333333,-1.9122409266219857,32598,208731,-176133,0.038461538461538464,-2.50126131324948,575399,-6812.0,0.9487179487179487,2.5194767871514454
2016-08-16,1350.5,COMEX GC futures proxy via Yahoo Finance GC=F,Keep GC futures for COT/COMEX alignment; use licensed LBMA PM or reliable XAUUSD spot for benchmark-grade v0.2 pricing.,0.008588498879761097,-0.010187645972838388,0.014269620728501797,0.06296733569460833,0.228798512053594,0.9615384615384616,1.5266467027575543,False,,train_2009_2018,bull,277152,34425,242727,-2525.0,0.9487179487179487,2.4260199047444595,30091,169299,-139208,0.08333333333333333,-1.93342679730893,32762,204547,-171785,0.05128205128205128,-2.351040928069257,572496,-2903.0,0.9423076923076923,2.4079415659221466
2016-08-23,1340.5999755859375,COMEX GC futures proxy via Yahoo Finance GC=F,Keep GC futures for COT/COMEX alignment; use licensed LBMA PM or reliable XAUUSD spot for benchmark-grade v0.2 pricing.,-0.007330636367317678,0.001194903350214771,0.01506778613598403,0.019235099078992457,-0.5189670866617948,0.9358974358974359,1.42620613107287,False,,train_2009_2018,bull,284550,30866,253684,10957.0,0.9743589743589743,2.5163954057095257,23865,163651,-139786,0.08333333333333333,-1.910792507134242,32034,209723,-177689,0.02564102564102564,-2.4114893405579347,572973,477.0,0.9423076923076923,2.355783900448372
2016-08-30,1311.699951171875,COMEX GC futures proxy via Yahoo Finance GC=F,Keep GC futures for COT/COMEX alignment; use licensed LBMA PM or reliable XAUUSD spot for benchmark-grade v0.2 pricing.,-0.02155753016587303,-0.02873013611856723,-0.038625089635878185,-0.03295493397052762,-1.1728889452105347,0.8589743589743589,1.0810281304694163,False,,train_2009_2018,bull,266680,35086,231594,-22090.0,0.9358974358974359,2.1512357336832864,22280,158022,-135742,0.10897435897435898,-1.7841306154309862,31637,197108,-165471,0.0641025641025641,-2.1205539930085657,558398,-14575.0,0.9166666666666666,2.0774166229981725
2016-09-06,1349.4000244140625,COMEX GC futures proxy via Yahoo Finance GC=F,Keep GC futures for COT/COMEX alignment; use licensed LBMA PM or reliable XAUUSD spot for benchmark-grade v0.2 pricing.,0.02874138495507772,0.006564261516026626,0.007767008524318442,0.011468442476663121,1.187352356362188,0.9743589743589743,1.5732958633400373,False,,train_2009_2018,bull,291692,22157,269535,37941.0,0.9935897435897436,2.61069601315787,22474,176277,-153803,0.019230769230769232,-2.157447183476314,28000,204170,-176170,0.04487179487179487,-2.279781112577982,590656,32258.0,0.967948717948718,2.517305108402764
2016-09-13,1319.0,COMEX GC futures proxy via Yahoo Finance GC=F,Keep GC futures for COT/COMEX alignment; use licensed LBMA PM or reliable XAUUSD spot for benchmark-grade v0.2 pricing.,-0.02252854888398481,0.005565334375138953,-0.023324694557571246,-0.009387908374014264,-1.2383926255738253,0.8782051282051282,1.177285368460705,False,,train_2009_2018,bull,271631,28654,242977,-26558.0,0.9358974358974359,2.1921011681469023,24700,173534,-148834,0.057692307692307696,-2.004629244412215,29423,191960,-162537,0.08333333333333333,-1.973979947329734,575002,-15654.0,0.9358974358974359,2.2223375694773155
2016-09-20,1313.699951171875,COMEX GC futures proxy via Yahoo Finance GC=F,Keep GC futures for COT/COMEX alignment; use licensed LBMA PM or reliable XAUUSD spot for benchmark-grade v0.2 pricing.,-0.004018232621777917,-0.026456256555715707,-0.02006566082645589,-0.005300219776481985,-0.3430365654348142,0.8589743589743589,1.1090548075338607,False,,train_2009_2018,bull,246119,32972,213147,-29830.0,0.9038461538461539,1.7547916913531578,25040,163063,-138023,0.10897435897435898,-1.7298306752929435,33793,186385,-152592,0.08974358974358974,-1.7524198379679412,558791,-16211.0,0.9038461538461539,1.936697859759219
2016-09-27,1325.9000244140625,COMEX GC futures proxy via Yahoo Finance GC=F,Keep GC futures for COT/COMEX alignment; use licensed LBMA PM or reliable XAUUSD spot for benchmark-grade v0.2 pricing.,0.0092868034525726,0.005231254294209675,0.010825702348697286,-0.028217531010770625,0.28207149928288516,0.9038461538461539,1.2596007949175252,False,,train_2009_2018,bull,282151,26974,255177,42030.0,0.9743589743589743,2.267399097673825,26681,176013,-149332,0.038461538461538464,-1.9500878778181279,32038,197300,-165262,0.07692307692307693,-1.95830841252372,583161,24370.0,0.9615384615384616,2.252625236866141
2016-10-04,1266.300048828125,COMEX GC futures proxy via Yahoo Finance GC=F,Keep GC futures for COT/COMEX alignment; use licensed LBMA PM or reliable XAUUSD spot for benchmark-grade v0.2 pricing.,-0.04495058035184496,-0.03608122410407899,-0.06158290653805287,-0.054294212973767686,-2.1405162940481706,0.6666666666666666,0.49678163373864287,False,,train_2009_2018,range,244765,44649,200116,-55061.0,0.8782051282051282,1.5139978882315626,27604,155278,-127674,0.16025641025641027,-1.442710546026386,29901,173469,-143568,0.10897435897435898,-1.5284833713955568,544824,-38337.0,0.8782051282051282,1.6537968237138352
2016-10-11,1253.0,COMEX GC futures proxy via Yahoo Finance GC=F,Keep GC futures for COT/COMEX alignment; use licensed LBMA PM or reliable XAUUSD spot for benchmark-grade v0.2 pricing.,-0.010503078508472985,-0.05498153938588113,-0.05003790750568615,-0.07219548315438729,-0.5518766803378561,0.6153846153846154,0.32620946147430435,False,,train_2009_2018,range,203033,54240,148793,-51323.0,0.8205128205128205,0.8279898781529965,28660,143233,-114573,0.19230769230769232,-1.1348014580516057,34348,140974,-106626,0.1794871794871795,-0.8275478400832629,500328,-44496.0,0.8461538461538461,0.9816678905064086
2016-10-18,1260.800048828125,COMEX GC futures proxy via Yahoo Finance GC=F,Keep GC futures for COT/COMEX alignment; use licensed LBMA PM or reliable XAUUSD spot for benchmark-grade v0.2 pricing.,0.006225098825319186,-0.004343362384839122,-0.04026787265734544,-0.05952553200885613,0.21335378510980582,0.6410256410256411,0.4371226560681557,False,,train_2009_2018,range,190008,59054,130954,-17839.0,0.7884615384615384,0.5872552967446412,30322,136610,-106288,0.20512820512820512,-0.9371627471891611,35745,132128,-96383,0.21153846153846154,-0.6308767942905242,497061,-3267.0,0.8269230769230769,0.9218699628227662
2016-10-25,1271.9000244140625,COMEX GC futures proxy via Yahoo Finance GC=F,Keep GC futures for COT/COMEX alignment; use licensed LBMA PM or reliable XAUUSD spot for benchmark-grade v0.2 pricing.,0.00880391430524985,0.015083818367168877,-0.040727052572356315,-0.03034224917234707,0.31529091793741504,0.7051282051282052,0.5921847126659688,False,,train_2009_2018,range,199094,55184,143910,12956.0,0.7948717948717948,0.7515484607486631,29237,140772,-111535,0.20512820512820512,-1.0412398235235438,34869,140933,-106064,0.1858974358974359,-0.8073195445279787,507617,10556.0,0.8589743589743589,1.0643091342206645
2016-11-01,1286.4000244140625,COMEX GC futures proxy via Yahoo Finance GC=F,Keep GC futures for COT/COMEX alignment; use licensed LBMA PM or reliable XAUUSD spot for benchmark-grade v0.2 pricing.,0.0114002670977853,0.020304548377620968,0.015872995981117244,-0.04668741578491964,0.40251368545317606,0.7564102564102564,0.7860359776300772,False,,train_2009_2018,range,203670,37403,166267,22357.0,0.8461538461538461,1.0339859773429028,27666,153593,-125927,0.1794871794871795,-1.3442115899978635,36607,149931,-113324,0.15384615384615385,-0.9343334401820372,521506,13889.0,0.8653846153846154,1.2521836198130623
2016-11-08,1273.4000244140625,COMEX GC futures proxy via Yahoo Finance GC=F,Keep GC futures for COT/COMEX alignment; use licensed LBMA PM or reliable XAUUSD spot for benchmark-grade v0.2 pricing.,-0.010105721201242424,0.0011793379756328548,0.016280945262619806,-0.03457162667622249,-0.6454089740696524,0.7115384615384616,0.6145105627279737,False,,train_2009_2018,range,211670,38033,173637,7370.0,0.8589743589743589,1.116197579968635,27597,158095,-130498,0.14743589743589744,-1.42561657510348,31113,146201,-115088,0.15384615384615385,-0.9563455797879242,528203,6697.0,0.8653846153846154,1.332186273016717
2016-11-15,1224.0,COMEX GC futures proxy via Yahoo Finance GC=F,Keep GC futures for COT/COMEX alignment; use licensed LBMA PM or reliable XAUUSD spot for benchmark-grade v0.2 pricing.,-0.03879379885891965,-0.0485074807445568,-0.029187854856390194,-0.06828039469123748,-1.9559209730828693,0.4551282051282051,-0.03206634989970337,False,,train_2009_2018,range,178132,43452,134680,-38957.0,0.7756410256410257,0.6001329340358112,27283,134182,-106899,0.22435897435897437,-0.889792423920127,28878,121945,-93067,0.2692307692307692,-0.5412028832076315,479237,-48966.0,0.7756410256410257,0.6080887509634426
2016-11-22,1211.0,COMEX GC futures proxy via Yahoo Finance GC=F,Keep GC futures for COT/COMEX alignment; use licensed LBMA PM or reliable XAUUSD spot for benchmark-grade v0.2 pricing.,-0.0106209150326797,-0.04900268825012388,-0.04788114100565244,-0.08665813583104709,-0.6155818430133883,0.41025641025641024,-0.20094423869885236,False,,train_2009_2018,range,171864,47475,124389,-10291.0,0.7243589743589743,0.4578603237097546,20805,119000,-98195,0.2564102564102564,-0.6860155021666755,23389,117366,-93977,0.23717948717948717,-0.5509694595272533,461062,-18175.0,0.7435897435897436,0.3362847804227819
2016-11-29,1187.9000244140625,COMEX GC futures proxy via Yahoo Finance GC=F,Keep GC futures for COT/COMEX alignment; use licensed LBMA PM or reliable XAUUSD spot for benchmark-grade v0.2 pricing.,-0.019075124348420736,-0.029493444106158062,-0.07657027217864476,-0.06191267582009208,-0.9962908931315467,0.27564102564102566,-0.5023302913535985,False,,train_2009_2018,range,162086,55145,106941,-17448.0,0.6602564102564102,0.22237398638410177,24102,114690,-90588,0.28205128205128205,-0.5055642856676238,25014,102249,-77235,0.38461538461538464,-0.23555026922795497,405661,-55401.0,0.4423076923076923,-0.4772341545603394
2016-12-06,1167.5999755859375,COMEX GC futures proxy via Yahoo Finance GC=F,Keep GC futures for COT/COMEX alignment; use licensed LBMA PM or reliable XAUUSD spot for benchmark-grade v0.2 pricing.,-0.01708902130727552,-0.03583817044926718,-0.0830846920054108,-0.06815644406549282,-0.8730961180576811,0.22435897435897437,-0.760963837989585,False,,train_2009_2018,bear,150856,68538,82318,-24623.0,0.5448717948717948,-0.10652585272347581,21781,105209,-83428,0.3141025641025641,-0.3331994312035758,28749,100265,-71516,0.4166666666666667,-0.12562744974908577,393524,-12137.0,0.28846153846153844,-0.6574476423340904
2016-12-13,1156.699951171875,COMEX GC futures proxy via Yahoo Finance GC=F,Keep GC futures for COT/COMEX alignment; use licensed LBMA PM or reliable XAUUSD spot for benchmark-grade v0.2 pricing.,-0.00933540993660309,-0.026264898224559796,-0.05498370002297792,-0.0825666986236302,-0.5182435344652797,0.19230769230769232,-0.8958251628741376,False,,train_2009_2018,bear,146150,77432,68718,-13600.0,0.46153846153846156,-0.2909808399351215,22199,103372,-81173,0.32051282051282054,-0.27100656902459186,28815,97528,-68713,0.4423076923076923,-0.06998035254637186,397034,3510.0,0.3141025641025641,-0.607488645504261
2016-12-20,1131.5,COMEX GC futures proxy via Yahoo Finance GC=F,Keep GC futures for COT/COMEX alignment; use licensed LBMA PM or reliable XAUUSD spot for benchmark-grade v0.2 pricing.,-0.021786074380261256,-0.030918102381615298,-0.0656482246077622,-0.11038605371419963,-1.0555194370458125,0.15384615384615385,-1.2148762692774926,False,,train_2009_2018,bear,137588,83783,53805,-14913.0,0.3782051282051282,-0.49277527630411283,22130,101474,-79344,0.3333333333333333,-0.21769154630189244,39604,94282,-54678,0.5769230769230769,0.1929924730015358,398661,1627.0,0.3525641025641026,-0.585401597561496
2016-12-27,1137.300048828125,COMEX GC futures proxy via Yahoo Finance GC=F,Keep GC futures for COT/COMEX alignment; use licensed LBMA PM or reliable XAUUSD spot for benchmark-grade v0.2 pricing.,0.005125982172448085,-0.016771767236694046,-0.04259615670173611,-0.11590482956796466,0.17681052397186534,0.16025641025641027,-1.1292824694412724,False,,train_2009_2018,bear,130595,87229,43366,-10439.0,0.3076923076923077,-0.6342169238009059,23547,97994,-74447,0.358974358974359,-0.09215339805117083,41038,87558,-46520,0.6474358974358975,0.3458374734102783,401513,2852.0,0.3782051282051282,-0.5463506001251511
2017-01-03,1160.4000244140625,COMEX GC futures proxy via Yahoo Finance GC=F,Keep GC futures for COT/COMEX alignment; use licensed LBMA PM or reliable XAUUSD spot for benchmark-grade v0.2 pricing.,0.020311241180143824,0.02554133841278161,-0.006166453684843476,-0.08873880778508336,0.8499150128557846,0.21794871794871795,-0.8210224628131412,False,,train_2009_2018,bear,127786,91229,36557,-6809.0,0.23717948717948717,-0.7261518672589952,24768,97997,-73229,0.38461538461538464,-0.052344392139273554,45237,89620,-44383,0.6666666666666666,0.385523420805327,424673,23160.0,0.5833333333333334,-0.2097531675319701
2017-01-10,1184.199951171875,COMEX GC futures proxy via Yahoo Finance GC=F,Keep GC futures for COT/COMEX alignment; use licensed LBMA PM or reliable XAUUSD spot for benchmark-grade v0.2 pricing.,0.020510105357702146,0.041237932234396535,0.02377453199694468,-0.03251637976153998,0.8412853424167401,0.30128205128205127,-0.5065000072667141,False,,train_2009_2018,bear,135563,79884,55679,19122.0,0.391025641025641,-0.4754886578263366,24588,96661,-72073,0.391025641025641,-0.012954862905406817,43277,97020,-53743,0.5897435897435898,0.2116342826092213,444001,19328.0,0.7051282051282052,0.0726934720545288
2017-01-17,1212.0,COMEX GC futures proxy via Yahoo Finance GC=F,Keep GC futures for COT/COMEX alignment; use licensed LBMA PM or reliable XAUUSD spot for benchmark-grade v0.2 pricing.,0.023475806429998913,0.044467403050937104,0.07114449845338044,0.0008257638315440907,0.9498583396095565,0.4551282051282051,-0.14309609570295662,False,,train_2009_2018,bear,141566,82931,58635,2956.0,0.3974358974358974,-0.4392972406202275,23844,99443,-75599,0.3525641025641026,-0.08642745390791869,55461,102973,-47512,0.6346153846153846,0.3270547471020502,467937,23936.0,0.7628205128205128,0.42052623030275355
2017-01-24,1210.300048828125,COMEX GC futures proxy via Yahoo Finance GC=F,Keep GC futures for COT/COMEX alignment; use licensed LBMA PM or reliable XAUUSD spot for benchmark-grade v0.2 pricing.,-0.001402599976794594,0.0220402792876504,0.06418710706573805,0.018856826293198736,-0.14106675137181943,0.42948717948717946,-0.16183603308359737,False,,train_2009_2018,bear,135159,75405,59754,1119.0,0.3974358974358974,-0.42570423018724607,23117,108482,-85365,0.3141025641025641,-0.3153412786171022,58497,99506,-41009,0.6858974358974359,0.4464728774629281,482374,14437.0,0.782051282051282,0.624778370771806
2017-01-31,1208.5999755859375,COMEX GC futures proxy via Yahoo Finance GC=F,Keep GC futures for COT/COMEX alignment; use licensed LBMA PM or reliable XAUUSD spot for benchmark-grade v0.2 pricing.,-0.0014046708862266444,-0.002805300671668731,0.04153735794362223,0.03511476606482877,-0.1355708091731559,0.42948717948717946,-0.1803922710759323,False,,train_2009_2018,bear,140663,70826,69837,10083.0,0.46794871794871795,-0.2939744459364609,20746,110568,-89822,0.2948717948717949,-0.41510229900645235,58393,100374,-41981,0.6794871794871795,0.42633808056587774,398433,-83941.0,0.3269230769230769,-0.6195421460547811
2017-02-07,1234.199951171875,COMEX GC futures proxy via Yahoo Finance GC=F,Keep GC futures for COT/COMEX alignment; use licensed LBMA PM or reliable XAUUSD spot for benchmark-grade v0.2 pricing.,0.021181512579070194,0.019747088638797594,0.04222259927516503,0.06700095380957105,1.001727338833402,0.5641025641025641,0.15726125366755375,False,,train_2009_2018,bear,142542,72393,70149,312.0,0.46794871794871795,-0.29154497663190526,22551,115774,-93223,0.28205128205128205,-0.4895237692023197,62157,103080,-40923,0.6858974358974359,0.44300990745274776,415543,17110.0,0.5128205128205128,-0.3707379022580524
2017-02-14,1223.9000244140625,COMEX GC futures proxy via Yahoo Finance GC=F,Keep GC futures for COT/COMEX alignment; use licensed LBMA PM or reliable XAUUSD spot for benchmark-grade v0.2 pricing.,-0.0083454279414229,0.012659315850728436,0.009818501991800677,0.08166153284495148,-0.43158183392960736,0.5064102564102564,0.031710337432639325,False,,train_2009_2018,bear,135739,72114,63625,-6524.0,0.42948717948717946,-0.3780736872013822,20992,113422,-92430,0.28846153846153844,-0.4609677039023067,63220,98578,-35358,0.7115384615384616,0.5423132643587654,415128,-415.0,0.5,-0.3797396603429421
2017-02-21,1237.5,COMEX GC futures proxy via Yahoo Finance GC=F,Keep GC futures for COT/COMEX alignment; use licensed LBMA PM or reliable XAUUSD spot for benchmark-grade v0.2 pricing.,0.011111998786378363,0.002673836459798684,0.022473725584173376,0.08810335608014896,0.5233953145289988,0.5961538461538461,0.22052458911417827,False,,train_2009_2018,bear,142639,64597,78042,14417.0,0.5064102564102564,-0.18421328347916202,20557,116326,-95769,0.27564102564102566,-0.5360747589529476,61324,105119,-43795,0.6474358974358975,0.38135236600493355,427168,12040.0,0.5641025641025641,-0.2049552541306154
2017-02-28,1252.5999755859375,COMEX GC futures proxy via Yahoo Finance GC=F,Keep GC futures for COT/COMEX alignment; use licensed LBMA PM or reliable XAUUSD spot for benchmark-grade v0.2 pricing.,0.012202000473484853,0.023449587874315947,0.03640575946451463,0.07945531647022408,0.5701750660415446,0.6410256410256411,0.4302641474250983,False,,train_2009_2018,range,166437,52191,114246,36204.0,0.6858974358974359,0.29741605967958484,19559,126908,-107349,0.22435897435897437,-0.8159509618230689,56402,128960,-72558,0.40384615384615385,-0.15301477313252548,446081,18913.0,0.6987179487179487,0.07175860178834043
2017-03-07,1215.0999755859375,COMEX GC futures proxy via Yahoo Finance GC=F,Keep GC futures for COT/COMEX alignment; use licensed LBMA PM or reliable XAUUSD spot for benchmark-grade v0.2 pricing.,-0.02993773010610057,-0.018101029829545423,-0.015475592563265028,0.02609358696855546,-1.4317212889226472,0.48717948717948717,-0.05793251550710061,False,,train_2009_2018,bear,150277,60030,90247,-23999.0,0.5769230769230769,-0.021213041923103314,20164,118027,-97863,0.2692307692307692,-0.5701829358519153,57578,112363,-54785,0.5448717948717948,0.17389726512854098,434401,-11680.0,0.6217948717948718,-0.10432351116765182
2017-03-14,1201.9000244140625,COMEX GC futures proxy via Yahoo Finance GC=F,Keep GC futures for COT/COMEX alignment; use licensed LBMA PM or reliable XAUUSD spot for benchmark-grade v0.2 pricing.,-0.010863263465633599,-0.040475772122028575,-0.017975324422868977,-0.008333313189717417,-0.5227833654953737,0.3974358974358974,-0.2241762537898681,False,,train_2009_2018,bear,121179,74805,46374,-43873.0,0.3076923076923077,-0.5994437999842503,20937,109327,-88390,0.33974358974358976,-0.32809332209029246,56881,91778,-34897,0.717948717948718,0.5367852205416592,426170,-8231.0,0.5448717948717948,-0.22771103018385355
2017-03-21,1246.0999755859375,COMEX GC futures proxy via Yahoo Finance GC=F,Keep GC futures for COT/COMEX alignment; use licensed LBMA PM or reliable XAUUSD spot for benchmark-grade v0.2 pricing.,0.03677506470924885,0.025512304026713117,0.006949475220959567,0.02957938140420291,1.7551493136119645,0.6346153846153846,0.3835579737370776,False,,train_2009_2018,bear,130259,74064,56195,9821.0,0.3782051282051282,-0.4639752671109538,18872,117388,-98516,0.26282051282051283,-0.572783839967486,57057,87538,-30481,0.7692307692307693,0.6106315977688931,446880,20710.0,0.6987179487179487,0.07682291756707575
2017-03-28,1255.300048828125,COMEX GC futures proxy via Yahoo Finance GC=F,Keep GC futures for COT/COMEX alignment; use licensed LBMA PM or reliable XAUUSD spot for benchmark-grade v0.2 pricing.,0.007383093991203626,0.044429672459733505,0.002155575039768376,0.0386398098506886,0.32977144971017336,0.6794871794871795,0.5119542440699355,False,,train_2009_2018,bear,150879,59836,91043,34848.0,0.6153846153846154,0.00016391333797388972,17857,131503,-113646,0.21153846153846154,-0.9416639029282428,59196,97664,-38468,0.6730769230769231,0.45639887785591715,449418,2538.0,0.6987179487179487,0.10698852873579473
2017-04-04,1255.0,COMEX GC futures proxy via Yahoo Finance GC=F,Keep GC futures for COT/COMEX alignment; use licensed LBMA PM or reliable XAUUSD spot for benchmark-grade v0.2 pricing.,-0.00023902558468402724,0.007142303658161486,0.032836824307252765,0.016853062429937227,-0.04149250158326927,0.6794871794871795,0.514699513415324,False,,train_2009_2018,range,163428,54302,109126,18083.0,0.6794871794871795,0.2386046891780004,16834,139711,-122877,0.1987179487179487,-1.1601542122091542,58279,106418,-48139,0.5769230769230769,0.2733773718010519,427808,-21610.0,0.5384615384615384,-0.224328940362295
2017-04-11,1271.199951171875,COMEX GC futures proxy via Yahoo Finance GC=F,Keep GC futures for COT/COMEX alignment; use licensed LBMA PM or reliable XAUUSD spot for benchmark-grade v0.2 pricing.,0.012908327626992122,0.012666216621749715,0.05765864493729156,0.03864688766589186,0.6082440617739358,0.7564102564102564,0.7412883990826232,False,,train_2009_2018,range,179841,46830,133011,23885.0,0.7628205128205128,0.5510996704009387,17653,153297,-135644,0.14102564102564102,-1.4648086143650012,58431,110151,-51720,0.5448717948717948,0.20437896493282798,456131,28323.0,0.7115384615384616,0.19497727792658986
2017-04-18,1291.699951171875,COMEX GC futures proxy via Yahoo Finance GC=F,Keep GC futures for COT/COMEX alignment; use licensed LBMA PM or reliable XAUUSD spot for benchmark-grade v0.2 pricing.,0.016126495270159413,0.029242988981573736,0.03659415494691398,0.043797940340909,0.7411824487550349,0.8269230769230769,1.0213189818988022,False,,train_2009_2018,range,199001,47765,151236,18225.0,0.8076923076923077,0.7857864182841969,17577,167357,-149780,0.03205128205128205,-1.7962144114691052,56226,117510,-61284,0.44871794871794873,0.025251366740390746,472263,16132.0,0.7564102564102564,0.43075028880762056
2017-04-25,1265.5999755859375,COMEX GC futures proxy via Yahoo Finance GC=F,Keep GC futures for COT/COMEX alignment; use licensed LBMA PM or reliable XAUUSD spot for benchmark-grade v0.2 pricing.,-0.020205912032634776,-0.0044052673072989545,0.008205151244459863,0.010378413103448114,-0.9965259928538288,0.7435897435897436,0.66691772938402,False,,train_2009_2018,range,207394,47014,160380,9144.0,0.8333333333333334,0.8979108731746205,17618,169292,-151674,0.02564102564102564,-1.816999539909012,57558,120464,-62906,0.4166666666666667,-0.006950315659573132,475985,3722.0,0.7628205128205128,0.4789174430906173
2017-05-02,1255.0999755859375,COMEX GC futures proxy via Yahoo Finance GC=F,Keep GC futures for COT/COMEX alignment; use licensed LBMA PM or reliable XAUUSD spot for benchmark-grade v0.2 pricing.,-0.008296460337034017,-0.028334734821916396,7.966182146423861e-05,0.03291910196995218,-0.39475450215745644,0.6858974358974359,0.5292237831019356,False,,train_2009_2018,range,195331,51720,143611,-16769.0,0.7628205128205128,0.6702898533526448,17427,170723,-153296,0.02564102564102564,-1.8299689865580144,59280,109970,-50690,0.5512820512820513,0.2151694944080294,461905,-14080.0,0.717948717948718,0.2593398186436286
2017-05-09,1214.300048828125,COMEX GC futures proxy via Yahoo Finance GC=F,Keep GC futures for COT/COMEX alignment; use licensed LBMA PM or reliable XAUUSD spot for benchmark-grade v0.2 pricing.,-0.03250731220735248,-0.0405340769179946,-0.04476078078141521,0.010317018189684779,-1.5615036198264143,0.48717948717948717,-0.028115297232033334,False,,train_2009_2018,range,151419,55457,95962,-47649.0,0.6025641025641025,0.038845187488650845,17259,155245,-137986,0.14102564102564102,-1.427152177673045,59970,86406,-26436,0.7756410256410257,0.6591551347896718,433033,-28872.0,0.5641025641025641,-0.1842364577088035
2017-05-16,1235.0,COMEX GC futures proxy via Yahoo Finance GC=F,Keep GC futures for COT/COMEX alignment; use licensed LBMA PM or reliable XAUUSD spot for benchmark-grade v0.2 pricing.,0.017046817375863332,-0.01601464104606798,-0.04389560526067593,-0.008907772894159671,0.8499777581401311,0.6025641025641025,0.2655444264712039,False,,train_2009_2018,range,132094,66226,65868,-30094.0,0.44871794871794873,-0.3578451295882101,20336,148925,-128589,0.1987179487179487,-1.1771154126672603,63431,77701,-14270,0.8141025641025641,0.8752916004897536,435021,1988.0,0.5833333333333334,-0.15763036974022987
2017-05-23,1254.800048828125,COMEX GC futures proxy via Yahoo Finance GC=F,Keep GC futures for COT/COMEX alignment; use licensed LBMA PM or reliable XAUUSD spot for benchmark-grade v0.2 pricing.,0.016032428200910998,0.03335254745240679,-0.008533444189434691,-0.0003983111451854038,0.7713719795048897,0.6923076923076923,0.5427166053304231,False,,train_2009_2018,range,161893,50845,111048,45180.0,0.6538461538461539,0.23522143614699062,19274,166109,-146835,0.09615384615384616,-1.6151035246656682,57061,84517,-27456,0.7628205128205128,0.625960380500154,462572,27551.0,0.717948717948718,0.25735698469088153
2017-05-30,1262.0999755859375,COMEX GC futures proxy via Yahoo Finance GC=F,Keep GC futures for COT/COMEX alignment; use licensed LBMA PM or reliable XAUUSD spot for benchmark-grade v0.2 pricing.,0.005817601588898658,0.021943300069585003,0.005577244949536375,0.0056573510644919445,0.24500267238410525,0.7435897435897436,0.6423731519941732,False,,train_2009_2018,bull,175304,51171,124133,13085.0,0.6923076923076923,0.40154682241303086,21570,177812,-156242,0.019230769230769232,-1.8261870456721279,60524,87501,-26977,0.7628205128205128,0.6314859285137214,434246,-28326.0,0.5576923076923077,-0.18174280033916285
2017-06-06,1294.4000244140625,COMEX GC futures proxy via Yahoo Finance GC=F,Keep GC futures for COT/COMEX alignment; use licensed LBMA PM or reliable XAUUSD spot for benchmark-grade v0.2 pricing.,0.025592306039883717,0.03155879346906332,0.06596390707818789,0.01825053031256041,1.2333135148487055,0.8589743589743589,1.0863960710704876,False,,train_2009_2018,bull,229476,63427,166049,41916.0,0.8333333333333334,0.9448810140554996,18528,192484,-173956,0.00641025641025641,-2.2305559310174017,68622,111020,-42398,0.6153846153846154,0.3456492570739286,494041,59795.0,0.7884615384615384,0.7259144184040339
2017-06-13,1265.800048828125,COMEX GC futures proxy via Yahoo Finance GC=F,Keep GC futures for COT/COMEX alignment; use licensed LBMA PM or reliable XAUUSD spot for benchmark-grade v0.2 pricing.,-0.022095159955581645,0.002931679988718683,0.024939310792003955,-0.02005102061067099,-1.1160948772639863,0.7628205128205128,0.6898034200678811,False,,train_2009_2018,bull,214955,67459,147496,-18553.0,0.7692307692307693,0.6910047123941848,16856,183073,-166217,0.019230769230769232,-2.005581771808373,67130,104524,-37394,0.6538461538461539,0.43505695764337754,471134,-22907.0,0.7371794871794872,0.36582514471556093
2017-06-20,1241.0,COMEX GC futures proxy via Yahoo Finance GC=F,Keep GC futures for COT/COMEX alignment; use licensed LBMA PM or reliable XAUUSD spot for benchmark-grade v0.2 pricing.,-0.01959239048148631,-0.0412546534354673,-0.010997807053811481,-0.01943740207054634,-0.9754218907624935,0.6282051282051282,0.35450690818558733,False,,train_2009_2018,range,165035,65659,99376,-48120.0,0.5833333333333334,0.05469028912388124,16301,164235,-147934,0.10897435897435898,-1.5293246931135684,71455,88537,-17082,0.8076923076923077,0.8002826604999588,445841,-25293.0,0.6346153846153846,-0.029584662166183114
2017-06-27,1246.4000244140625,COMEX GC futures proxy via Yahoo Finance GC=F,Keep GC futures for COT/COMEX alignment; use licensed LBMA PM or reliable XAUUSD spot for benchmark-grade v0.2 pricing.,0.004351349245819813,-0.015326294569211751,-0.012439546371582955,-0.0069316798192219364,0.2712405611462417,0.6538461538461539,0.4404029326969784,False,,train_2009_2018,range,144515,71860,72655,-26721.0,0.46794871794871795,-0.29423842697620384,16646,156631,-139985,0.15384615384615385,-1.3142485888584174,74033,83911,-9878,0.8333333333333334,0.9213144264754797,453144,7303.0,0.6666666666666666,0.07834314549514754
2017-07-03,1217.9000244140625,COMEX GC futures proxy via Yahoo Finance GC=F,Keep GC futures for COT/COMEX alignment; use licensed LBMA PM or reliable XAUUSD spot for benchmark-grade v0.2 pricing.,-0.022865853210647935,-0.01861400127795121,-0.059100740541649266,0.0029646507791971644,-1.1109340120484656,0.5064102564102564,0.047949256375911305,False,,train_2009_2018,range,129780,96091,33689,-38966.0,0.21153846153846154,-0.8002091059774701,18166,146455,-128289,0.24358974358974358,-1.012871057903612,77273,56210,21063,0.9358974358974359,1.4700058059384666,457201,4057.0,0.6730769230769231,0.1367085416611359
2017-07-11,1213.5999755859375,COMEX GC futures proxy via Yahoo Finance GC=F,Keep GC futures for COT/COMEX alignment; use licensed LBMA PM or reliable XAUUSD spot for benchmark-grade v0.2 pricing.,-0.003530707563778712,-0.026315828133543606,-0.041238798568947965,-0.0173279549911437,-0.10044671806070457,0.4807692307692308,-0.005498945939205813,False,,train_2009_2018,range,123619,100397,23222,-10467.0,0.16666666666666666,-0.9279265855592868,24005,141642,-117637,0.2948717948717949,-0.7408579079581151,85352,41631,43721,1.0,1.8516324407139018,475669,18468.0,0.75,0.41653222642101145
2017-07-18,1241.0999755859375,COMEX GC futures proxy via Yahoo Finance GC=F,Keep GC futures for COT/COMEX alignment; use licensed LBMA PM or reliable XAUUSD spot for benchmark-grade v0.2 pricing.,0.02265985543277771,0.019049142546028408,8.056050438165485e-05,-0.010918132538313308,1.2498935874929331,0.6474358974358975,0.39429480141960577,False,,train_2009_2018,range,127028,98115,28913,5691.0,0.1858974358974359,-0.8432744046602447,24116,144914,-120798,0.2948717948717949,-0.8084376824687263,92227,45064,47163,1.0,1.8789335230274828,484204,8535.0,0.7756410256410257,0.5413631277590317
2017-07-25,1251.699951171875,COMEX GC futures proxy via Yahoo Finance GC=F,Keep GC futures for COT/COMEX alignment; use licensed LBMA PM or reliable XAUUSD spot for benchmark-grade v0.2 pricing.,0.008540791067966236,0.031394179591625715,0.004252187623555281,-0.00824025403315154,0.4920745417895978,0.6987179487179487,0.5524877840747868,False,,train_2009_2018,range,136359,62735,73624,44711.0,0.5,-0.25201129828328667,21746,159307,-137561,0.1858974358974359,-1.2050595844283867,94201,59983,34218,0.9871794871794872,1.6192516520814104,463827,-20377.0,0.6987179487179487,0.2172073500619388
2017-08-01,1272.5999755859375,COMEX GC futures proxy via Yahoo Finance GC=F,Keep GC futures for COT/COMEX alignment; use licensed LBMA PM or reliable XAUUSD spot for benchmark-grade v0.2 pricing.,0.016697311839387163,0.0253807111591704,0.044913334489989465,-0.016841817380213064,0.9580360079633442,0.8333333333333334,0.8548573441004711,False,,train_2009_2018,bull,158082,39624,118458,44834.0,0.6858974358974359,0.3353950394001949,19082,167618,-148536,0.10897435897435898,-1.4534372822842805,85526,80375,5151,0.8717948717948718,1.0857326210786222,448709,-15118.0,0.6153846153846154,-0.0273754893817614
2017-08-08,1256.4000244140625,COMEX GC futures proxy via Yahoo Finance GC=F,Keep GC futures for COT/COMEX alignment; use licensed LBMA PM or reliable XAUUSD spot for benchmark-grade v0.2 pricing.,-0.01272980628843412,0.003754952005700085,0.03526701523495057,-0.007426152671399455,-0.6291856899017301,0.75,0.6296333195919753,False,,train_2009_2018,range,164828,28843,135985,17527.0,0.7435897435897436,0.5638530290109732,19019,168329,-149310,0.08333333333333333,-1.4508658734271778,85898,96099,-10201,0.7948717948717948,0.801425089073104,448727,18.0,0.6153846153846154,-0.035389000794589426
2017-08-15,1273.699951171875,COMEX GC futures proxy via Yahoo Finance GC=F,Keep GC futures for COT/COMEX alignment; use licensed LBMA PM or reliable XAUUSD spot for benchmark-grade v0.2 pricing.,0.013769441596342302,0.0008643529836869224,0.026267002036275633,0.026349678623589945,0.7906161098686243,0.8525641025641025,0.8836295195396531,False,,train_2009_2018,range,195433,18877,176556,40571.0,0.8653846153846154,1.0867488904235734,16379,179160,-162781,0.02564102564102564,-1.7487090759437818,82435,116285,-33850,0.6538461538461539,0.3730309446739862,477921,29194.0,0.75,0.41584076553193733
2017-08-22,1285.0999755859375,COMEX GC futures proxy via Yahoo Finance GC=F,Keep GC futures for COT/COMEX alignment; use licensed LBMA PM or reliable XAUUSD spot for benchmark-grade v0.2 pricing.,0.008950321779924497,0.022843004309283987,0.026683730699831543,0.03104938255281886,0.5142764110422942,0.8653846153846154,1.0485800917779966,False,,train_2009_2018,range,209717,15638,194079,17523.0,0.8717948717948718,1.2996234419907138,15981,195128,-179147,0.00641025641025641,-2.101740784641875,86325,127096,-40771,0.5705128205128205,0.24488892797296197,500443,22522.0,0.8269230769230769,0.7623343131479533
2017-08-29,1313.0999755859375,COMEX GC futures proxy via Yahoo Finance GC=F,Keep GC futures for COT/COMEX alignment; use licensed LBMA PM or reliable XAUUSD spot for benchmark-grade v0.2 pricing.,0.021788188103601502,0.030933521178054812,0.031824611643067824,0.07816729556079616,1.1569461583758343,0.9166666666666666,1.44243354683197,False,,train_2009_2018,range,235065,13939,221126,27047.0,0.9038461538461539,1.6253842777620133,17352,205953,-188601,0.00641025641025641,-2.277663906064959,75594,135022,-59428,0.36538461538461536,-0.08922636495818924,538875,38432.0,0.8653846153846154,1.356385822052964
2017-09-05,1339.199951171875,COMEX GC futures proxy via Yahoo Finance GC=F,Keep GC futures for COT/COMEX alignment; use licensed LBMA PM or reliable XAUUSD spot for benchmark-grade v0.2 pricing.,0.01987660960414761,0.04209787301666612,0.06590251922068147,0.10349371960500964,1.0767509698032312,0.967948717948718,1.7925729430140385,False,,train_2009_2018,bull,251489,14301,237188,16062.0,0.9166666666666666,1.800167771232294,18473,212267,-193794,0.00641025641025641,-2.3463257958954897,76165,144178,-68013,0.3076923076923077,-0.24162143450559517,566817,27942.0,0.9038461538461539,1.7711661157815528
2017-09-12,1328.0,COMEX GC futures proxy via Yahoo Finance GC=F,Keep GC futures for COT/COMEX alignment; use licensed LBMA PM or reliable XAUUSD spot for benchmark-grade v0.2 pricing.,-0.008363165755848834,0.011347212467515133,0.04263174288274563,0.07001855299613235,-0.47559292356872473,0.9423076923076923,1.6109335321744946,False,,train_2009_2018,bull,270413,16896,253517,16329.0,0.9551282051282052,1.969569105862021,17582,209237,-191655,0.01282051282051282,-2.2495177075306496,76515,156958,-80443,0.25,-0.459238358783282,580606,13789.0,0.9487179487179487,1.952458624941328
2017-09-19,1306.199951171875,COMEX GC futures proxy via Yahoo Finance GC=F,Keep GC futures for COT/COMEX alignment; use licensed LBMA PM or reliable XAUUSD spot for benchmark-grade v0.2 pricing.,-0.01641569941876886,-0.024641577959380268,0.016418937037421477,0.04354078623153712,-0.898046479143159,0.8910256410256411,1.287555051274229,False,,train_2009_2018,range,251735,18353,233382,-20135.0,0.9038461538461539,1.6866840696332575,17562,207442,-189880,0.019230769230769232,-2.166568001169504,83263,146424,-63161,0.3333333333333333,-0.14723078867775566,570096,-10510.0,0.8974358974358975,1.7582783618749591
2017-09-26,1297.0,COMEX GC futures proxy via Yahoo Finance GC=F,Keep GC futures for COT/COMEX alignment; use licensed LBMA PM or reliable XAUUSD spot for benchmark-grade v0.2 pricing.,-0.007043294683651724,-0.02334337349397586,-0.012261043245205494,0.019173365458244662,-0.3703573828735757,0.8846153846153846,1.14527499906611,False,,train_2009_2018,range,219134,23158,195976,-37406.0,0.8461538461538461,1.2007816906235669,18923,208745,-189822,0.02564102564102564,-2.125049812939532,88232,131881,-43649,0.5448717948717948,0.203206391606694,549637,-20459.0,0.8653846153846154,1.4199617354170522
2017-10-03,1271.5,COMEX GC futures proxy via Yahoo Finance GC=F,Keep GC futures for COT/COMEX alignment; use licensed LBMA PM or reliable XAUUSD spot for benchmark-grade v0.2 pricing.,-0.01966075558982272,-0.026565573778152052,-0.050552534080242295,0.012018445791561971,-1.141453465686295,0.7948717948717948,0.7807328221443584,False,,train_2009_2018,range,204361,24917,179444,-16532.0,0.8333333333333334,0.9810035871019807,17710,203648,-185938,0.038461538461538464,-2.002216818753282,84906,123391,-38485,0.5961538461538461,0.29628658167081867,525127,-24510.0,0.8269230769230769,1.025802991062776
2017-10-10,1290.5999755859375,COMEX GC futures proxy via Yahoo Finance GC=F,Keep GC futures for COT/COMEX alignment; use licensed LBMA PM or reliable XAUUSD spot for benchmark-grade v0.2 pricing.,0.015021608797434194,-0.0049344829715207705,-0.02816266898649289,0.013268450233128615,0.8184568240678273,0.8461538461538461,1.039502689137885,False,,train_2009_2018,range,193154,21824,171330,-8114.0,0.7948717948717948,0.868426881932313,18662,201414,-182752,0.04487179487179487,-1.899272389460036,80325,120570,-40245,0.5833333333333334,0.26407337155452226,520005,-5122.0,0.8141025641025641,0.9339773135024051
2017-10-17,1283.0,COMEX GC futures proxy via Yahoo Finance GC=F,Keep GC futures for COT/COMEX alignment; use licensed LBMA PM or reliable XAUUSD spot for benchmark-grade v0.2 pricing.,-0.005888715116771248,0.009044435705859222,-0.017761408696318592,-0.0016340951099776957,-0.364655565945339,0.8205128205128205,0.9287241306387211,False,,train_2009_2018,range,196555,27040,169515,-1815.0,0.782051282051282,0.8358867754682213,18809,206035,-187226,0.038461538461538464,-1.963620324132,83262,117660,-34398,0.6538461538461539,0.36553352005842044,528800,8795.0,0.8333333333333334,1.0573450595891805
2017-10-24,1275.0,COMEX GC futures proxy via Yahoo Finance GC=F,Keep GC futures for COT/COMEX alignment; use licensed LBMA PM or reliable XAUUSD spot for benchmark-grade v0.2 pricing.,-0.00623538581449723,-0.012087382520563739,-0.016962220508866643,-0.029015289234878172,-0.3682774195946986,0.8076923076923077,0.8116045952223874,False,,train_2009_2018,range,192701,24333,168368,-1147.0,0.7756410256410257,0.8118823160791244,18360,201023,-182663,0.057692307692307696,-1.8299215690803678,84376,112366,-27990,0.6987179487179487,0.4773095839327763,526674,-2126.0,0.8205128205128205,1.0114424120585925
2017-10-31,1267.0,COMEX GC futures proxy via Yahoo Finance GC=F,Keep GC futures for COT/COMEX alignment; use licensed LBMA PM or reliable XAUUSD spot for benchmark-grade v0.2 pricing.,-0.006274509803921524,-0.01247077162899457,-0.0035391270153362075,-0.05391274925652145,-0.3520719974692772,0.7564102564102564,0.6915591839850815,False,,train_2009_2018,range,182652,16687,165965,-2403.0,0.7564102564102564,0.7718488385592365,17081,200789,-183708,0.05128205128205128,-1.8237478605411186,86265,113205,-26940,0.717948717948718,0.4974547910805351,531918,5244.0,0.8333333333333334,1.0789900179250123
2017-11-07,1273.699951171875,COMEX GC futures proxy via Yahoo Finance GC=F,Keep GC futures for COT/COMEX alignment; use licensed LBMA PM or reliable XAUUSD spot for benchmark-grade v0.2 pricing.,0.005288043545284227,-0.0010196461397058432,-0.013094703807343455,-0.040888590985033835,0.2955873936054431,0.8012820512820513,0.7746942877166635,False,,train_2009_2018,range,187782,17070,170712,4747.0,0.7884615384615384,0.8203492208922674,17307,198381,-181074,0.07051282051282051,-1.7391839898272519,82790,117003,-34213,0.6538461538461539,0.3705391065866192,536843,4925.0,0.8333333333333334,1.1414429538362336
2017-11-14,1281.5,COMEX GC futures proxy via Yahoo Finance GC=F,Keep GC futures for COT/COMEX alignment; use licensed LBMA PM or reliable XAUUSD spot for benchmark-grade v0.2 pricing.,0.0061239295965651586,0.011444356748224083,-0.001169134840218189,-0.018909778054818527,0.30966703234251947,0.8141025641025641,0.8735751264841133,False,,train_2009_2018,range,190657,14559,176098,5386.0,0.8141025641025641,0.8766304039591285,18323,202533,-184210,0.05128205128205128,-1.7799422304737402,83054,114635,-31581,0.6858974358974359,0.417756271519728,533054,-3789.0,0.8269230769230769,1.0717301860067794
2017-11-21,1281.0999755859375,COMEX GC futures proxy via Yahoo Finance GC=F,Keep GC futures for COT/COMEX alignment; use licensed LBMA PM or reliable XAUUSD spot for benchmark-grade v0.2 pricing.,-0.0003121532688743489,0.0058098647230488965,0.004784294577205861,-0.01225907819125871,-0.09304198966818554,0.8076923076923077,0.8587484470635761,False,,train_2009_2018,range,187292,14137,173155,-2943.0,0.7948717948717948,0.8296593483907784,19514,204896,-185382,0.05128205128205128,-1.7784087497323406,80549,120223,-39674,0.5769230769230769,0.2739111884917963,531612,-1442.0,0.8141025641025641,1.0363203039834328
2017-11-28,1294.699951171875,COMEX GC futures proxy via Yahoo Finance GC=F,Keep GC futures for COT/COMEX alignment; use licensed LBMA PM or reliable XAUUSD spot for benchmark-grade v0.2 pricing.,0.010615858125918143,0.010300391082227911,0.02186262918064319,0.018246127543747548,0.544809646793797,0.8782051282051282,1.0350308956610652,False,,train_2009_2018,range,208518,9978,198540,25385.0,0.8461538461538461,1.1318670743872725,17891,202648,-184757,0.057692307692307696,-1.7372983886026563,75448,137232,-61784,0.358974358974359,-0.11990361603813064,503810,-27802.0,0.75,0.5989052329001222
2017-12-05,1261.5999755859375,COMEX GC futures proxy via Yahoo Finance GC=F,Keep GC futures for COT/COMEX alignment; use licensed LBMA PM or reliable XAUUSD spot for benchmark-grade v0.2 pricing.,-0.02556575023887009,-0.015221294490370463,-0.009499863429220379,-0.022470169338748014,-1.653602125676897,0.6858974358974359,0.5754444031310426,False,,train_2009_2018,range,167174,32664,134510,-64030.0,0.6282051282051282,0.3327248084165079,20819,179239,-158420,0.1282051282051282,-1.151001406536334,82926,114396,-31470,0.6858974358974359,0.4191708522354609,472795,-31015.0,0.6282051282051282,0.11003891815583478
2017-12-12,1238.5,COMEX GC futures proxy via Yahoo Finance GC=F,Keep GC futures for COT/COMEX alignment; use licensed LBMA PM or reliable XAUUSD spot for benchmark-grade v0.2 pricing.,-0.018310063437666835,-0.04340770316783171,-0.033554428404213854,-0.03468433359314105,-1.1899779166335964,0.5576923076923077,0.2533890385987461,False,,train_2009_2018,range,123139,46913,76226,-58284.0,0.4166666666666667,-0.38991454711237883,19245,150986,-131741,0.34615384615384615,-0.5637728743920943,106267,93989,12278,0.8910256410256411,1.188750705909048,446618,-26177.0,0.4935897435897436,-0.3070575175199399
2017-12-19,1260.699951171875,COMEX GC futures proxy via Yahoo Finance GC=F,Keep GC futures for COT/COMEX alignment; use licensed LBMA PM or reliable XAUUSD spot for benchmark-grade v0.2 pricing.,0.01792486973909968,-0.0007133992006019829,-0.01592383483165094,-0.011215724571078445,0.9563399809374227,0.6730769230769231,0.5519728462262243,False,,train_2009_2018,range,116642,35397,81245,5019.0,0.44871794871794873,-0.32750580634806864,17300,148160,-130860,0.3525641025641026,-0.5354620142687274,106269,103626,2643,0.8461538461538461,1.007253870583708,453595,6977.0,0.5384615384615384,-0.20691463573308064
2017-12-26,1284.0999755859375,COMEX GC futures proxy via Yahoo Finance GC=F,Keep GC futures for COT/COMEX alignment; use licensed LBMA PM or reliable XAUUSD spot for benchmark-grade v0.2 pricing.,0.01856113692422312,0.03681871262489911,-0.008187206291575988,0.013496429033889035,0.9703856293632069,0.8141025641025641,0.8650801908697243,False,,train_2009_2018,range,127715,19957,107758,26513.0,0.5256410256410257,7.085839982661716e-05,19715,161264,-141549,0.27564102564102566,-0.7581490305284287,105936,113856,-7920,0.7948717948717948,0.8121870420665989,456470,2875.0,0.5448717948717948,-0.17107511856539026
2018-01-02,1313.699951171875,COMEX GC futures proxy via Yahoo Finance GC=F,Keep GC futures for COT/COMEX alignment; use licensed LBMA PM or reliable XAUUSD spot for benchmark-grade v0.2 pricing.,0.023051145665220485,0.04204013806039586,0.04129674745890832,0.03140457056875734,1.233403261222208,0.9102564102564102,1.2572010761160817,False,,train_2009_2018,bull,168423,20249,148174,40416.0,0.6666666666666666,0.4973908967357538,22495,180714,-158219,0.1346153846153846,-1.1081772012897344,108799,128180,-19381,0.7307692307692307,0.603491021211993,500731,44261.0,0.7371794871794872,0.5230356927667632
2018-01-09,1311.699951171875,COMEX GC futures proxy via Yahoo Finance GC=F,Keep GC futures for COT/COMEX alignment; use licensed LBMA PM or reliable XAUUSD spot for benchmark-grade v0.2 pricing.,-0.0015224176557332436,0.021493634538341633,0.05910371511657253,0.02356609533505649,-0.22022505913479998,0.8910256410256411,1.2172784213649803,False,,train_2009_2018,bull,216115,20065,196050,47876.0,0.8397435897435898,1.0800135959990493,21117,198371,-177254,0.10256410256410256,-1.5015222816247171,105725,148742,-43017,0.5,0.1818562999414077,555455,54724.0,0.8653846153846154,1.3762051402153328
2018-01-16,1335.4000244140625,COMEX GC futures proxy via Yahoo Finance GC=F,Keep GC futures for COT/COMEX alignment; use licensed LBMA PM or reliable XAUUSD spot for benchmark-grade v0.2 pricing.,0.018068212338510747,0.016518287317305758,0.05925285645704248,0.04238548892586613,0.9839341880303273,0.9551282051282052,1.5293586356248472,False,,train_2009_2018,bull,227373,25841,201532,5482.0,0.8525641025641025,1.1375063206583191,22861,212879,-190018,0.019230769230769232,-1.7483769003179426,108318,150807,-42489,0.5,0.18583083208645904,582333,26878.0,0.9551282051282052,1.7719417761132217
2018-01-23,1335.699951171875,COMEX GC futures proxy via Yahoo Finance GC=F,Keep GC futures for COT/COMEX alignment; use licensed LBMA PM or reliable XAUUSD spot for benchmark-grade v0.2 pricing.,0.00022459693899135047,0.01829686734268643,0.04018376806088808,0.03166756897062495,-0.11048118646652158,0.9551282051282052,1.5223948587759997,False,,train_2009_2018,bull,236003,26467,209536,8004.0,0.8525641025641025,1.2267723229987109,23933,217184,-193251,0.01282051282051282,-1.7863081252371524,109160,150461,-41301,0.5128205128205128,0.1997544366953238,582421,88.0,0.9551282051282052,1.7427437583927081
2018-01-30,1335.4000244140625,COMEX GC futures proxy via Yahoo Finance GC=F,Keep GC futures for COT/COMEX alignment; use licensed LBMA PM or reliable XAUUSD spot for benchmark-grade v0.2 pricing.,-0.00022454650653336294,0.0,0.016518287317305758,0.05849718631601064,-0.13941274396249986,0.9487179487179487,1.5018992241067528,False,,train_2009_2018,range,230597,23035,207562,-1974.0,0.8461538461538461,1.1932283710357094,22684,209619,-186935,0.057692307692307696,-1.6251501893054237,106587,144728,-38141,0.5641025641025641,0.24832666379462093,559332,-23089.0,0.8653846153846154,1.3628076222518721
2018-02-06,1326.0999755859375,COMEX GC futures proxy via Yahoo Finance GC=F,Keep GC futures for COT/COMEX alignment; use licensed LBMA PM or reliable XAUUSD spot for benchmark-grade v0.2 pricing.,-0.006964241918600789,-0.007187224628940836,0.010978139018147814,0.0707307029357589,-0.5249450481222296,0.9166666666666666,1.3609688116106293,False,,train_2009_2018,bull,206377,23448,182929,-24633.0,0.8012820512820513,0.8850639095875922,26595,202225,-175630,0.1282051282051282,-1.3664083997538536,104742,134563,-29821,0.6730769230769231,0.3901386326325953,535321,-24011.0,0.8012820512820513,0.9769371475396217
2018-02-13,1328.0999755859375,COMEX GC futures proxy via Yahoo Finance GC=F,Keep GC futures for COT/COMEX alignment; use licensed LBMA PM or reliable XAUUSD spot for benchmark-grade v0.2 pricing.,0.0015081819145017494,-0.005466563347808928,-0.005466563347808928,0.05346238361587252,-0.011894900274395714,0.9230769230769231,1.369149785736121,False,,train_2009_2018,range,186183,16426,169757,-13172.0,0.7243589743589743,0.7176084401252669,22749,194149,-171400,0.14102564102564102,-1.2600880206343834,98254,121390,-23136,0.7115384615384616,0.5040207858777948,511745,-23576.0,0.7371794871794872,0.6000146616164566
2018-02-20,1328.800048828125,COMEX GC futures proxy via Yahoo Finance GC=F,Keep GC futures for COT/COMEX alignment; use licensed LBMA PM or reliable XAUUSD spot for benchmark-grade v0.2 pricing.,0.000527123902610338,0.002036100815848707,-0.005165757727022768,0.03481043072350398,-0.060443580335471966,0.9230769230769231,1.3595916815839038,False,,train_2009_2018,range,190398,14943,175455,5698.0,0.7692307692307693,0.7788722475609079,30967,207285,-176318,0.1282051282051282,-1.3443514768645455,96427,134987,-38560,0.532051282051282,0.22563303495161185,528154,16409.0,0.7628205128205128,0.8455653933668965
2018-02-27,1315.5,COMEX GC futures proxy via Yahoo Finance GC=F,Keep GC futures for COT/COMEX alignment; use licensed LBMA PM or reliable XAUUSD spot for benchmark-grade v0.2 pricing.,-0.010009067082631717,-0.009487219198523467,-0.01490192006158908,0.0013702130585597772,-0.6909270162356104,0.8782051282051282,1.1701531588548555,False,,train_2009_2018,range,177475,27456,150019,-25436.0,0.6474358974358975,0.46389083418672306,30993,206218,-175225,0.14102564102564102,-1.3035340957665642,106048,130619,-24571,0.7051282051282052,0.47140942584527473,532860,4706.0,0.7884615384615384,0.9075472310847442
2018-03-06,1333.5999755859375,COMEX GC futures proxy via Yahoo Finance GC=F,Keep GC futures for COT/COMEX alignment; use licensed LBMA PM or reliable XAUUSD spot for benchmark-grade v0.2 pricing.,0.013759008427166375,0.0036122265061968584,0.005655682179381838,0.016695910062737296,0.7638666404815257,0.9294871794871795,1.3875215196978496,False,,train_2009_2018,range,172492,21786,150706,687.0,0.6474358974358975,0.46485436851903283,25642,199419,-173777,0.15384615384615385,-1.2571477126824209,106499,137625,-31126,0.6410256410256411,0.3536352452125129,508100,-24760.0,0.7115384615384616,0.5103799325303369
2018-03-13,1325.9000244140625,COMEX GC futures proxy via Yahoo Finance GC=F,Keep GC futures for COT/COMEX alignment; use licensed LBMA PM or reliable XAUUSD spot for benchmark-grade v0.2 pricing.,-0.005773808722883245,0.007905757821408121,-0.0016564650344974563,-0.007113973211261837,-0.503716328781988,0.8910256410256411,1.2698193789822967,False,,train_2009_2018,range,162337,26472,135865,-14841.0,0.5833333333333334,0.2763478599119228,25466,195189,-169723,0.17307692307692307,-1.1587045401958787,107910,126997,-19087,0.7371794871794872,0.5693536901145246,526762,18662.0,0.75,0.7939571176197692
2018-03-20,1311.0999755859375,COMEX GC futures proxy via Yahoo Finance GC=F,Keep GC futures for COT/COMEX alignment; use licensed LBMA PM or reliable XAUUSD spot for benchmark-grade v0.2 pricing.,-0.011162266049934977,-0.01687162598373193,-0.013320343612116314,-0.0184172916711981,-0.8305746051311788,0.8205128205128205,1.0637703969971917,False,,train_2009_2018,range,148152,36345,111807,-24058.0,0.5,-0.02539463162586477,25478,182047,-156569,0.21153846153846154,-0.8723659577292345,109340,120041,-10701,0.7756410256410257,0.7195839432567971,545499,18737.0,0.8333333333333334,1.074923617019016
2018-03-27,1341.300048828125,COMEX GC futures proxy via Yahoo Finance GC=F,Keep GC futures for COT/COMEX alignment; use licensed LBMA PM or reliable XAUUSD spot for benchmark-grade v0.2 pricing.,0.023034149801345993,0.011614770443094224,0.019612351826776786,0.0044181700660455014,1.4399712207445672,0.9743589743589743,1.4351289419775584,False,,train_2009_2018,range,183080,20917,162163,50356.0,0.6794871794871795,0.5837457946395148,25165,204181,-179016,0.12179487179487179,-1.3270781416759694,106631,153975,-47344,0.4166666666666667,0.06726448764257105,529690,-15809.0,0.7628205128205128,0.816013027618079
2018-04-03,1332.800048828125,COMEX GC futures proxy via Yahoo Finance GC=F,Keep GC futures for COT/COMEX alignment; use licensed LBMA PM or reliable XAUUSD spot for benchmark-grade v0.2 pricing.,-0.006337135384007708,0.016551043891591677,-0.0005998251143196631,0.005052464644852428,-0.5046978619267003,0.9166666666666666,1.308080786974158,False,,train_2009_2018,range,155590,28948,126642,-35521.0,0.532051282051282,0.14165515520910632,30267,197029,-166762,0.1858974358974359,-1.056016773015059,113668,135771,-22103,0.7115384615384616,0.5147845196347497,493141,-36549.0,0.6025641025641025,0.2310213577974948
2018-04-10,1342.0,COMEX GC futures proxy via Yahoo Finance GC=F,Keep GC futures for COT/COMEX alignment; use licensed LBMA PM or reliable XAUUSD spot for benchmark-grade v0.2 pricing.,0.006902724215807288,0.0005218453339255191,0.01214267689078019,0.010466097936588037,0.38323518578648574,0.9743589743589743,1.4060647929539833,False,,train_2009_2018,range,154044,28482,125562,-1080.0,0.5256410256410257,0.12250134639169014,32193,197288,-165095,0.1987179487179487,-1.008089907413778,116790,127347,-10557,0.7756410256410257,0.7159465865978334,499588,6447.0,0.6410256410256411,0.3243588906101063
2018-04-17,1347.199951171875,COMEX GC futures proxy via Yahoo Finance GC=F,Keep GC futures for COT/COMEX alignment; use licensed LBMA PM or reliable XAUUSD spot for benchmark-grade v0.2 pricing.,0.0038747773262854945,0.0108042480613737,0.027534113536844762,0.013847006071362689,0.19902085957398086,0.9743589743589743,1.451344747916113,False,,train_2009_2018,bull,157925,25287,132638,7076.0,0.5512820512820513,0.20357939977616163,33041,206888,-173847,0.16025641025641027,-1.1777528649094535,122287,133702,-11415,0.7564102564102564,0.6949933647974356,510229,10641.0,0.6923076923076923,0.4847716465984877
2018-04-24,1331.4000244140625,COMEX GC futures proxy via Yahoo Finance GC=F,Keep GC futures for COT/COMEX alignment; use licensed LBMA PM or reliable XAUUSD spot for benchmark-grade v0.2 pricing.,-0.0117279745624016,-0.007898640526033951,-0.007380917060811232,0.012086677623764697,-0.87330671484817,0.8910256410256411,1.2351651354854245,False,,train_2009_2018,range,143258,43597,99661,-32977.0,0.42948717948717946,-0.20859770940175948,32696,196159,-163463,0.21153846153846154,-0.9468517996816418,123783,122120,1663,0.8397435897435898,0.9188777575796335,506410,-3819.0,0.6730769230769231,0.41483319365065197
2018-05-01,1303.800048828125,COMEX GC futures proxy via Yahoo Finance GC=F,Keep GC futures for COT/COMEX alignment; use licensed LBMA PM or reliable XAUUSD spot for benchmark-grade v0.2 pricing.,-0.020730039867682848,-0.03221489304983882,-0.02175870268424618,-0.022345476382240825,-1.4456358705125858,0.7756410256410257,0.8758618583333794,False,,train_2009_2018,range,119064,79747,39317,-60344.0,0.20512820512820512,-0.9590897051889313,33204,181259,-148055,0.33974358974358976,-0.6110565375320844,124348,108165,16183,0.8974358974358975,1.1659073026500528,507756,1346.0,0.6794871794871795,0.427462023762063
2018-05-08,1312.0,COMEX GC futures proxy via Yahoo Finance GC=F,Keep GC futures for COT/COMEX alignment; use licensed LBMA PM or reliable XAUUSD spot for benchmark-grade v0.2 pricing.,0.006289270489938437,-0.014571146205739516,-0.02235469448584204,-0.010483463427195527,0.33172583421987656,0.8012820512820513,0.9676122133501284,False,,train_2009_2018,range,109508,67869,41639,2322.0,0.23076923076923078,-0.9324379281738795,34195,182428,-148233,0.33974358974358976,-0.6049883624373159,121849,108600,13249,0.8846153846153846,1.1045722193703447,491398,-16358.0,0.5641025641025641,0.15487564277864782
2018-05-15,1288.9000244140625,COMEX GC futures proxy via Yahoo Finance GC=F,Keep GC futures for COT/COMEX alignment; use licensed LBMA PM or reliable XAUUSD spot for benchmark-grade v0.2 pricing.,-0.017606688708793783,-0.011428151446577162,-0.04327488781980715,-0.01693230995748718,-1.300549571162305,0.7243589743589743,0.6693843211931989,False,,train_2009_2018,range,103256,84258,18998,-22641.0,0.14102564102564102,-1.2041619167384694,35688,175548,-139860,0.41025641025641024,-0.41741283167072235,121526,99755,21771,0.9294871794871795,1.2396768092027264,519958,28560.0,0.7051282051282052,0.6100299219571192
2018-05-22,1291.699951171875,COMEX GC futures proxy via Yahoo Finance GC=F,Keep GC futures for COT/COMEX alignment; use licensed LBMA PM or reliable XAUUSD spot for benchmark-grade v0.2 pricing.,0.0021723381990665924,-0.015472598192168396,-0.029818290907467238,-0.03697912163619532,0.10772826955403998,0.7435897435897436,0.6959268131735851,False,,train_2009_2018,range,91411,74880,16531,-2467.0,0.1282051282051282,-1.2262527849643632,37972,167276,-129304,0.5128205128205128,-0.18317378587304503,118596,104867,13729,0.8782051282051282,1.0893071069007279,502942,-17016.0,0.6346153846153846,0.32508198856552467
2018-05-29,1298.699951171875,COMEX GC futures proxy via Yahoo Finance GC=F,Keep GC futures for COT/COMEX alignment; use licensed LBMA PM or reliable XAUUSD spot for benchmark-grade v0.2 pricing.,0.005419215192854487,0.007603325760093371,-0.0039117176447677204,-0.02558530642779666,0.3388291112646319,0.7628205128205128,0.7747225720150394,False,,train_2009_2018,range,107882,53881,54001,37470.0,0.27564102564102566,-0.7633123421541247,33583,170958,-137375,0.44871794871794873,-0.3496694766297218,114188,113502,686,0.7948717948717948,0.8558947039577652,469382,-33560.0,0.47435897435897434,-0.23166573690258982
2018-06-05,1297.5,COMEX GC futures proxy via Yahoo Finance GC=F,Keep GC futures for COT/COMEX alignment; use licensed LBMA PM or reliable XAUUSD spot for benchmark-grade v0.2 pricing.,-0.000923963361045943,0.004490244675524613,-0.011051829268292734,-0.03315946348733234,-0.07782045651616,0.7564102564102564,0.7499697817004305,False,,train_2009_2018,range,100027,49147,50880,-3121.0,0.26282051282051283,-0.8035703439520941,42172,140296,-98124,0.6730769230769231,0.5078851946299924,97169,133392,-36223,0.5384615384615384,0.21552357609127534,450641,-18741.0,0.3717948717948718,-0.5465548696194197
2018-06-12,1295.0999755859375,COMEX GC futures proxy via Yahoo Finance GC=F,Keep GC futures for COT/COMEX alignment; use licensed LBMA PM or reliable XAUUSD spot for benchmark-grade v0.2 pricing.,-0.0018497297988920858,-0.0027719840773761106,0.0048102653847752475,-0.038672786129941406,-0.17902960295326104,0.7435897435897436,0.710620824000365,False,,train_2009_2018,range,104313,48809,55504,4624.0,0.27564102564102566,-0.7492208427670206,43227,138843,-95616,0.6987179487179487,0.5702970116556315,93548,138519,-44971,0.41025641025641024,0.06624086953383544,448695,-1946.0,0.33974358974358976,-0.5838955263947293
2018-06-19,1275.5999755859375,COMEX GC futures proxy via Yahoo Finance GC=F,Keep GC futures for COT/COMEX alignment; use licensed LBMA PM or reliable XAUUSD spot for benchmark-grade v0.2 pricing.,-0.015056752658170414,-0.01687863153299618,-0.012464176042842667,-0.041910806523142496,-1.1914392335801134,0.6410256410256411,0.45823360703481775,False,,train_2009_2018,range,94297,83769,10528,-44976.0,0.12179487179487179,-1.299086358129404,45041,116231,-71190,0.8141025641025641,1.1030641609603544,95221,138155,-42934,0.4423076923076923,0.10379000668922787,468345,19650.0,0.46794871794871795,-0.26331244187673125
2018-06-26,1256.5999755859375,COMEX GC futures proxy via Yahoo Finance GC=F,Keep GC futures for COT/COMEX alignment; use licensed LBMA PM or reliable XAUUSD spot for benchmark-grade v0.2 pricing.,-0.014894951680500368,-0.0297274347353621,-0.03241701483699044,-0.0362019262728297,-1.1369450662951628,0.5064102564102564,0.21282587778651885,False,,train_2009_2018,range,94845,94869,-24,-10552.0,0.08974358974358974,-1.4255015873062975,45108,116919,-71811,0.8141025641025641,1.0916454540423504,101135,124287,-23152,0.6666666666666666,0.4509092844937056,468573,228.0,0.46794871794871795,-0.2626779398084493
2018-07-03,1251.5999755859375,COMEX GC futures proxy via Yahoo Finance GC=F,Keep GC futures for COT/COMEX alignment; use licensed LBMA PM or reliable XAUUSD spot for benchmark-grade v0.2 pricing.,-0.003978991005207155,-0.018814675806947845,-0.035375741359585766,-0.046036603974133006,-0.35482391043405836,0.4423076923076923,0.14232246738176874,False,,train_2009_2018,range,104275,105529,-1254,-1230.0,0.08333333333333333,-1.4398230674194334,40794,112038,-71244,0.8205128205128205,1.110189035860044,96505,118411,-21906,0.6923076923076923,0.47603789967706406,494164,25591.0,0.5705128205128205,0.15797235624040315
2018-07-10,1253.800048828125,COMEX GC futures proxy via Yahoo Finance GC=F,Keep GC futures for COT/COMEX alignment; use licensed LBMA PM or reliable XAUUSD spot for benchmark-grade v0.2 pricing.,0.0017578086330318765,-0.0022281766769149947,-0.03188937343553522,-0.027232504399939073,0.08126301411042511,0.46794871794871795,0.16264267448067019,False,,train_2009_2018,range,107402,109929,-2527,-1273.0,0.08333333333333333,-1.4551307048566244,34107,103749,-69642,0.8333333333333334,1.1516765180651356,92406,123158,-30752,0.6153846153846154,0.32590020847306217,503593,9429.0,0.6410256410256411,0.3103696381447294
2018-07-17,1225.699951171875,COMEX GC futures proxy via Yahoo Finance GC=F,Keep GC futures for COT/COMEX alignment; use licensed LBMA PM or reliable XAUUSD spot for benchmark-grade v0.2 pricing.,-0.02241194493692511,-0.02069353221418635,-0.03911886592122371,-0.0510954575326279,-1.7221291305767157,0.3269230769230769,-0.2063817910292712,False,,train_2009_2018,bear,107775,134224,-26449,-23922.0,0.019230769230769232,-1.7452343158371144,29729,101723,-71994,0.8141025641025641,1.111858313749998,102289,103930,-1641,0.8076923076923077,0.8406284035858318,528278,24685.0,0.75,0.7126379743390127
2018-07-24,1223.9000244140625,COMEX GC futures proxy via Yahoo Finance GC=F,Keep GC futures for COT/COMEX alignment; use licensed LBMA PM or reliable XAUUSD spot for benchmark-grade v0.2 pricing.,-0.001468488887587549,-0.023847522132423582,-0.026022562316720843,-0.05759600336499371,-0.08688923118583379,0.3141025641025641,-0.24269014792974847,False,,train_2009_2018,bear,110249,146671,-36422,-9973.0,0.00641025641025641,-1.8603649768849144,27066,84366,-57300,0.8846153846153846,1.4478012234982685,96946,105314,-8368,0.7756410256410257,0.7281113437177155,496620,-31658.0,0.5705128205128205,0.1810835194430431
2018-07-31,1223.699951171875,COMEX GC futures proxy via Yahoo Finance GC=F,Keep GC futures for COT/COMEX alignment; use licensed LBMA PM or reliable XAUUSD spot for benchmark-grade v0.2 pricing.,-0.00016347188348431185,-0.0016317207144275203,-0.022291486863445398,-0.05687865034922923,0.040474769762484555,0.30128205128205127,-0.25959023457005653,False,,train_2009_2018,bear,110580,153108,-42528,-6106.0,0.00641025641025641,-1.9243771342810552,26485,79249,-52764,0.9166666666666666,1.5558586579807576,96716,91870,4846,0.8525641025641025,0.9658720710174857,452655,-43965.0,0.3525641025641026,-0.5530652504312582
2018-08-07,1209.5999755859375,COMEX GC futures proxy via Yahoo Finance GC=F,Keep GC futures for COT/COMEX alignment; use licensed LBMA PM or reliable XAUUSD spot for benchmark-grade v0.2 pricing.,-0.011522412477368071,-0.011684000770382452,-0.03525288843583907,-0.06601806934736254,-0.8617007705916351,0.23717948717948717,-0.45792791584105363,False,,train_2009_2018,bear,105849,171965,-66116,-23588.0,0.00641025641025641,-2.187921594540825,24692,72357,-47665,0.9487179487179487,1.6720573253516264,105342,83286,22056,0.9358974358974359,1.2693591288563495,459474,6819.0,0.38461538461538464,-0.4427567835153117
2018-08-14,1193.0,COMEX GC futures proxy via Yahoo Finance GC=F,Keep GC futures for COT/COMEX alignment; use licensed LBMA PM or reliable XAUUSD spot for benchmark-grade v0.2 pricing.,-0.013723525066951514,-0.0250878094278546,-0.026678593843959097,-0.0647538234296342,-0.9974469491749676,0.20512820512820512,-0.6900053021774475,False,,train_2009_2018,bear,104803,188127,-83324,-17208.0,0.00641025641025641,-2.3580373665838272,27574,66183,-38609,0.9871794871794872,1.8700130365895171,109688,78429,31259,0.967948717948718,1.4271220990321904,476739,17265.0,0.48717948717948717,-0.15975835550377226
2018-08-21,1192.5999755859375,COMEX GC futures proxy via Yahoo Finance GC=F,Keep GC futures for COT/COMEX alignment; use licensed LBMA PM or reliable XAUUSD spot for benchmark-grade v0.2 pricing.,-0.00033530965135164514,-0.01405423308789755,-0.02557402418805388,-0.05093108486665188,0.08193402510737471,0.1987179487179487,-0.7035326510186584,False,,train_2009_2018,bear,107143,197171,-90028,-6704.0,0.00641025641025641,-2.3886053155227813,26516,63915,-37399,0.9871794871794872,1.8808199006393147,109023,73309,35714,0.9871794871794872,1.4953125225598465,483730,6991.0,0.5128205128205128,-0.04846732033697057
2018-08-28,1207.4000244140625,COMEX GC futures proxy via Yahoo Finance GC=F,Keep GC futures for COT/COMEX alignment; use licensed LBMA PM or reliable XAUUSD spot for benchmark-grade v0.2 pricing.,0.012409902004948181,0.012070431193681896,-0.013320198911671799,-0.03531475873605927,1.1416845326022715,0.21794871794871795,-0.5135006042104024,False,,train_2009_2018,bear,105971,181743,-75772,14256.0,0.019230769230769232,-2.1833209411897316,26507,67699,-41192,0.967948717948718,1.7829464619471362,108361,75431,32930,0.9743589743589743,1.4360995973778268,479283,-4447.0,0.4935897435897436,-0.13117124664356744
2018-09-04,1192.699951171875,COMEX GC futures proxy via Yahoo Finance GC=F,Keep GC futures for COT/COMEX alignment; use licensed LBMA PM or reliable XAUUSD spot for benchmark-grade v0.2 pricing.,-0.012174981733432788,8.382994129130239e-05,-0.013971581312140824,-0.04873193115071073,-0.840439746143582,0.19230769230769232,-0.7240165777431056,False,,train_2009_2018,bear,101651,184373,-82722,-6950.0,0.019230769230769232,-2.2262252154824584,27115,65731,-38616,0.9743589743589743,1.8293225118790706,111868,66727,45141,0.9935897435897436,1.6343947369118927,473118,-6165.0,0.44871794871794873,-0.24159063492819413
2018-09-11,1195.4000244140625,COMEX GC futures proxy via Yahoo Finance GC=F,Keep GC futures for COT/COMEX alignment; use licensed LBMA PM or reliable XAUUSD spot for benchmark-grade v0.2 pricing.,0.0022638327766633104,-0.009938711079472973,0.0020117555859702207,-0.024720509068180352,0.35409955043944324,0.1987179487179487,-0.7029242354538082,False,,train_2009_2018,bear,100593,175812,-75219,7503.0,0.03205128205128205,-2.112781473689663,28256,68613,-40357,0.967948717948718,1.7893423893300333,111917,71547,40370,0.9807692307692307,1.5414980699614782,469450,-3668.0,0.4230769230769231,-0.3112585533831344
2018-09-18,1196.800048828125,COMEX GC futures proxy via Yahoo Finance GC=F,Keep GC futures for COT/COMEX alignment; use licensed LBMA PM or reliable XAUUSD spot for benchmark-grade v0.2 pricing.,0.0011711764977992978,0.0034376606222055184,0.0035217787423851288,-0.02214231150041157,0.2372959220237617,0.1987179487179487,-0.695240799708594,False,,train_2009_2018,bear,97904,180367,-82463,-7244.0,0.02564102564102564,-2.1611973145547596,29357,68328,-38971,0.967948717948718,1.8105104165559174,111685,71023,40662,0.9807692307692307,1.5333357250626012,469436,-14.0,0.4166666666666667,-0.3182613664494603
2018-09-25,1200.0,COMEX GC futures proxy via Yahoo Finance GC=F,Keep GC futures for COT/COMEX alignment; use licensed LBMA PM or reliable XAUUSD spot for benchmark-grade v0.2 pricing.,0.002673755883456419,0.0038480638213072016,-0.006128892052701174,-0.019367452903122806,0.34974991875366257,0.20512820512820512,-0.6623534366114537,False,,train_2009_2018,bear,98513,182190,-83677,-1214.0,0.01282051282051282,-2.1377831772206655,27277,67802,-40525,0.9551282051282052,1.7652499514673337,110272,62667,47605,1.0,1.6341541527321066,460279,-9157.0,0.34615384615384615,-0.4815523055858275
2018-10-02,1202.4000244140625,COMEX GC futures proxy via Yahoo Finance GC=F,Keep GC futures for COT/COMEX alignment; use licensed LBMA PM or reliable XAUUSD spot for benchmark-grade v0.2 pricing.,0.0020000203450520893,0.004679123794673057,0.008132869656493957,-0.005952340705353665,0.2630063425590728,0.21153846153846154,-0.6370449469924065,False,,train_2009_2018,bear,100671,180274,-79603,4074.0,0.038461538461538464,-2.058478507873705,31567,70177,-38610,0.9743589743589743,1.7925695965897683,108806,61321,47485,0.9935897435897436,1.6117723580494057,459776,-503.0,0.33974358974358976,-0.494633513274539
2018-10-09,1187.199951171875,COMEX GC futures proxy via Yahoo Finance GC=F,Keep GC futures for COT/COMEX alignment; use licensed LBMA PM or reliable XAUUSD spot for benchmark-grade v0.2 pricing.,-0.012641444555521075,-0.010666707356770888,-0.006859689706135708,-0.00486173413924984,-0.9800030845718997,0.14743589743589744,-0.8542766463936105,False,,train_2009_2018,bear,82218,191672,-109454,-29851.0,0.00641025641025641,-2.329431283025049,35501,69634,-34133,0.9935897435897436,1.8667380096839807,111386,51387,59999,1.0,1.7940877735214251,465253,5477.0,0.3717948717948718,-0.4045677432846432
2018-10-16,1227.300048828125,COMEX GC futures proxy via Yahoo Finance GC=F,Keep GC futures for COT/COMEX alignment; use licensed LBMA PM or reliable XAUUSD spot for benchmark-grade v0.2 pricing.,0.03377703782472996,0.020708602718297886,0.0254846246287046,0.02909615458036452,2.8049042304831318,0.3269230769230769,-0.2948560231980742,False,,train_2009_2018,bear,95333,144715,-49382,60072.0,0.07051282051282051,-1.6599949889181271,36197,98154,-61957,0.8461538461538461,1.25856761401178,105647,75686,29961,0.9102564102564102,1.2741861801260754,474418,9165.0,0.4551282051282051,-0.24745623827545313
2018-10-23,1233.4000244140625,COMEX GC futures proxy via Yahoo Finance GC=F,Keep GC futures for COT/COMEX alignment; use licensed LBMA PM or reliable XAUUSD spot for benchmark-grade v0.2 pricing.,0.004970239829911183,0.038915157633374164,0.027833353678385464,0.021533874005524867,0.4491422752022387,0.3525641025641026,-0.21562900158388082,False,,train_2009_2018,bear,99368,137484,-38116,11266.0,0.08333333333333333,-1.518652598160606,34663,102587,-67924,0.8269230769230769,1.1222614458258815,102239,80835,21404,0.8525641025641025,1.11817054420656,477832,3414.0,0.47435897435897434,-0.18991238023305315
2018-10-30,1222.5999755859375,COMEX GC futures proxy via Yahoo Finance GC=F,Keep GC futures for COT/COMEX alignment; use licensed LBMA PM or reliable XAUUSD spot for benchmark-grade v0.2 pricing.,-0.00875632285904615,-0.0038296040537726395,0.016799692915607345,0.025069192284852937,-0.6596421242034077,0.28205128205128205,-0.3830140563420054,False,,train_2009_2018,bear,80105,135628,-55523,-17407.0,0.07051282051282051,-1.6789938606779629,36057,97111,-61054,0.8461538461538461,1.2599015259338189,102321,72472,29849,0.9038461538461539,1.2452852010642452,474941,-2891.0,0.44871794871794873,-0.2436069418069336
2018-11-06,1223.800048828125,COMEX GC futures proxy via Yahoo Finance GC=F,Keep GC futures for COT/COMEX alignment; use licensed LBMA PM or reliable XAUUSD spot for benchmark-grade v0.2 pricing.,0.0009815747310255585,-0.007783343113275887,0.030828924495930332,0.023757757933778656,0.13598087647560536,0.28846153846153844,-0.38481765288170017,False,,train_2009_2018,bear,82188,129634,-47446,8077.0,0.08333333333333333,-1.581794500662555,37023,99334,-62311,0.8333333333333334,1.232382452814574,99126,74951,24175,0.8717948717948718,1.1447881389982,494911,19970.0,0.5576923076923077,0.09502728505335055
2018-11-13,1199.199951171875,COMEX GC futures proxy via Yahoo Finance GC=F,Keep GC futures for COT/COMEX alignment; use licensed LBMA PM or reliable XAUUSD spot for benchmark-grade v0.2 pricing.,-0.0201014027412455,-0.019139559039208942,-0.022895866160097644,0.0020052659139677687,-1.503638130469848,0.16666666666666666,-0.7723615889149124,False,,train_2009_2018,bear,79529,158723,-79194,-31748.0,0.05128205128205128,-1.8940905789256082,47551,89514,-41963,0.9166666666666666,1.6596035209304627,105368,65228,40140,0.9487179487179487,1.402492200142257,539520,44609.0,0.8076923076923077,0.8562569501921837
2018-11-20,1219.0,COMEX GC futures proxy via Yahoo Finance GC=F,Keep GC futures for COT/COMEX alignment; use licensed LBMA PM or reliable XAUUSD spot for benchmark-grade v0.2 pricing.,0.01651104872775888,-0.003922249253643484,-0.011675064155202475,0.015833333333333366,1.3573083351454505,0.26282051282051283,-0.5020332867115729,False,,train_2009_2018,bear,84356,136207,-51851,27343.0,0.08333333333333333,-1.6044659505042635,47454,93564,-46110,0.9038461538461539,1.5741200669579856,101125,78155,22970,0.8653846153846154,1.121783456903028,525940,-13580.0,0.7115384615384616,0.6111413982148193
2018-11-27,1211.199951171875,COMEX GC futures proxy via Yahoo Finance GC=F,Keep GC futures for COT/COMEX alignment; use licensed LBMA PM or reliable XAUUSD spot for benchmark-grade v0.2 pricing.,-0.006398727504614454,0.010006671521520127,-0.0093244107980609,0.007318634879520003,-0.4083298471434457,0.21794871794871795,-0.6521178477706249,False,,train_2009_2018,bear,79992,138382,-58390,-6539.0,0.07692307692307693,-1.6630298686138096,35196,76210,-41014,0.9358974358974359,1.6867919134802558,101201,76287,24914,0.8782051282051282,1.1548938794963644,442801,-83139.0,0.1794871794871795,-0.8516803006792307
2018-12-04,1241.0999755859375,COMEX GC futures proxy via Yahoo Finance GC=F,Keep GC futures for COT/COMEX alignment; use licensed LBMA PM or reliable XAUUSD spot for benchmark-grade v0.2 pricing.,0.02468628271090445,0.018129594410120964,0.014136236368333499,0.04540096582791997,1.9549013889692328,0.3974358974358974,-0.2059511506129205,False,,train_2009_2018,range,99414,109201,-9787,48603.0,0.16025641025641027,-1.1665928561330288,19212,74759,-55547,0.8653846153846154,1.3866851482973004,92265,94967,-2702,0.7564102564102564,0.7045955474379854,399919,-42882.0,0.057692307692307696,-1.6079832306132529
2018-12-11,1241.9000244140625,COMEX GC futures proxy via Yahoo Finance GC=F,Keep GC futures for COT/COMEX alignment; use licensed LBMA PM or reliable XAUUSD spot for benchmark-grade v0.2 pricing.,0.0006446288323769256,0.025346825032880993,0.03560713390661863,0.011896011574250354,0.041290870770661674,0.3974358974358974,-0.21825712875830686,False,,train_2009_2018,range,89942,90008,-66,9721.0,0.17307692307692307,-1.0711048667944547,18936,83116,-64180,0.8333333333333334,1.2115893354148806,95532,108720,-13188,0.7051282051282052,0.5387604360922497,402250,2331.0,0.07051282051282051,-1.571600375310938
2018-12-18,1249.199951171875,COMEX GC futures proxy via Yahoo Finance GC=F,Keep GC futures for COT/COMEX alignment; use licensed LBMA PM or reliable XAUUSD spot for benchmark-grade v0.2 pricing.,0.005878030931883327,0.006526448912476557,0.02477436519431908,0.012810058736068441,0.48771245718697415,0.42948717948717946,-0.11939624855205373,False,,train_2009_2018,range,100828,89630,11198,11264.0,0.1987179487179487,-0.9597313854781366,18531,78969,-60438,0.8589743589743589,1.2941731563950623,93951,126188,-32237,0.5705128205128205,0.23094398285706802,412485,10235.0,0.09615384615384616,-1.393551146886298
2018-12-24,1267.5,COMEX GC futures proxy via Yahoo Finance GC=F,Keep GC futures for COT/COMEX alignment; use licensed LBMA PM or reliable XAUUSD spot for benchmark-grade v0.2 pricing.,0.014649415260509446,0.02061355590842817,0.04648286913622557,0.03672503297126606,1.2195840437754017,0.5769230769230769,0.1774088684590448,False,,train_2009_2018,range,119146,77178,41968,30770.0,0.26282051282051283,-0.6506285019227609,20170,86065,-65895,0.8333333333333334,1.1853058301055164,90994,153318,-62324,0.2948717948717949,-0.2620068641130328,442727,30242.0,0.17307692307692307,-0.869096544024482
2018-12-31,1278.300048828125,COMEX GC futures proxy via Yahoo Finance GC=F,Keep GC futures for COT/COMEX alignment; use licensed LBMA PM or reliable XAUUSD spot for benchmark-grade v0.2 pricing.,0.008520748582347082,0.023294987827169766,0.0299734702876171,0.04453341871671568,0.7625203570966838,0.6474358974358975,0.35642288050985066,False,,train_2009_2018,range,121205,71021,50184,8216.0,0.27564102564102566,-0.5723654083139399,19300,92197,-72897,0.782051282051282,1.0438981742528157,91520,163237,-71717,0.25,-0.4105899364518445,451360,8633.0,0.2564102564102564,-0.723356044546922
2019-01-08,1283.199951171875,COMEX GC futures proxy via Yahoo Finance GC=F,Keep GC futures for COT/COMEX alignment; use licensed LBMA PM or reliable XAUUSD spot for benchmark-grade v0.2 pricing.,0.00383313944816166,0.012386549248027512,0.0332554359818924,0.07004670065064134,0.35523209965585906,0.6666666666666666,0.43650000413655254,False,,test_2019_2026,range,112690,80219,32471,-17713.0,0.22435897435897437,-0.7599201861509873,12969,75020,-62051,0.8589743589743589,1.2825799658555697,95600,154736,-59136,0.33974358974358976,-0.19227645554754552,455232,3872.0,0.27564102564102566,-0.6660716215198486
2019-01-15,1286.199951171875,COMEX GC futures proxy via Yahoo Finance GC=F,Keep GC futures for COT/COMEX alignment; use licensed LBMA PM or reliable XAUUSD spot for benchmark-grade v0.2 pricing.,0.002337905325869416,0.006180006291161666,0.02961895728965591,0.05512711334854381,0.26031532343332914,0.6858974358974359,0.4852174548472264,False,,test_2019_2026,range,115651,90716,24935,-7536.0,0.20512820512820512,-0.8412777910191419,43351,103302,-59951,0.8846153846153846,1.332612450444671,99528,147690,-48162,0.38461538461538464,-0.0010689702469707171,501605,46373.0,0.6025641025641025,0.15825196832968771
2019-01-22,1282.5,COMEX GC futures proxy via Yahoo Finance GC=F,Keep GC futures for COT/COMEX alignment; use licensed LBMA PM or reliable XAUUSD spot for benchmark-grade v0.2 pricing.,-0.002876653173951582,-0.0005454731908584032,0.01183431952662728,0.058867281788725245,-0.1877027166907289,0.6474358974358975,0.40283194509818093,False,,test_2019_2026,range,105295,89085,16210,-8725.0,0.1794871794871795,-0.9321023083279737,50087,110130,-60043,0.8846153846153846,1.3336127395638526,102479,134513,-32034,0.6025641025641025,0.27474841639373604,513509,11904.0,0.6794871794871795,0.36333872055990246
2019-01-29,1308.199951171875,COMEX GC futures proxy via Yahoo Finance GC=F,Keep GC futures for COT/COMEX alignment; use licensed LBMA PM or reliable XAUUSD spot for benchmark-grade v0.2 pricing.,0.020038948282163682,0.017104650004033495,0.02339036313982823,0.05406492378203365,1.7168074549050596,0.7756410256410257,0.9102837453815297,False,,test_2019_2026,bull,126404,94007,32397,16187.0,0.21794871794871795,-0.7638286821104925,14289,84947,-70658,0.8205128205128205,1.1075198310858596,102371,150322,-47951,0.3974358974358974,0.008087718879226385,483390,-30119.0,0.47435897435897434,-0.2039777263340939
2019-02-05,1314.199951171875,COMEX GC futures proxy via Yahoo Finance GC=F,Keep GC futures for COT/COMEX alignment; use licensed LBMA PM or reliable XAUUSD spot for benchmark-grade v0.2 pricing.,0.004586454841727594,0.024717310855263186,0.024158355033983225,0.05821718764513606,0.39608243705095886,0.8205128205128205,1.0194911511149307,False,,test_2019_2026,bull,134954,90079,44875,12478.0,0.2692307692307692,-0.632390572403347,15593,89160,-73567,0.7756410256410257,1.0458091652443366,111952,169627,-57675,0.3525641025641026,-0.15447807005367872,479736,-3654.0,0.4551282051282051,-0.28229747217387907
2019-02-12,1309.199951171875,COMEX GC futures proxy via Yahoo Finance GC=F,Keep GC futures for COT/COMEX alignment; use licensed LBMA PM or reliable XAUUSD spot for benchmark-grade v0.2 pricing.,-0.0038045960932668876,0.0007644091402878583,0.017882134095126068,0.048030741550793454,-0.3035304733922075,0.7692307692307693,0.9058642663454839,False,,test_2019_2026,bull,132365,89746,42619,-2256.0,0.26282051282051283,-0.6525557035173699,16566,90733,-74167,0.7692307692307693,1.029556483123465,113352,165296,-51944,0.3782051282051282,-0.05673171638674611,476083,-3653.0,0.4166666666666667,-0.35805230586297815
2019-02-19,1340.0999755859375,COMEX GC futures proxy via Yahoo Finance GC=F,Keep GC futures for COT/COMEX alignment; use licensed LBMA PM or reliable XAUUSD spot for benchmark-grade v0.2 pricing.,0.023602219345030928,0.0197078263402517,0.04491226166544826,0.057278087247288,1.8989880002500257,0.9487179487179487,1.5132941291225583,False,,test_2019_2026,bull,166411,84034,82377,39758.0,0.4166666666666667,-0.23719457979676717,15236,103673,-88437,0.717948717948718,0.7153269157047846,102849,180889,-78040,0.23076923076923078,-0.4965847921773674,504639,28556.0,0.6282051282051282,0.17286651513342713
2019-02-26,1325.0999755859375,COMEX GC futures proxy via Yahoo Finance GC=F,Keep GC futures for COT/COMEX alignment; use licensed LBMA PM or reliable XAUUSD spot for benchmark-grade v0.2 pricing.,-0.011193194741639712,0.012144840365927445,0.012918533133198462,0.036611065454246194,-0.9255719577857741,0.8397435897435898,1.192880481553668,False,,test_2019_2026,bull,154217,75658,78559,-3818.0,0.40384615384615385,-0.2751117084577814,15312,101061,-85749,0.7243589743589743,0.7687281812062347,102816,176912,-74096,0.25,-0.4279140721753208,501268,-3371.0,0.5833333333333334,0.1033282493880906
2019-03-05,1282.0,COMEX GC futures proxy via Yahoo Finance GC=F,Keep GC futures for COT/COMEX alignment; use licensed LBMA PM or reliable XAUUSD spot for benchmark-grade v0.2 pricing.,-0.03252582928082792,-0.043354956081193996,-0.024501561686379736,-0.0009351240785032688,-2.453566724441637,0.6089743589743589,0.3178063263558819,False,,test_2019_2026,bull,125903,94656,31247,-47312.0,0.21794871794871795,-0.7593113204036519,13920,86101,-72181,0.7884615384615384,1.0524712142346229,105762,147578,-41816,0.48717948717948717,0.11552552620186027,471311,-29957.0,0.3525641025641026,-0.45983704484524635
2019-03-12,1296.300048828125,COMEX GC futures proxy via Yahoo Finance GC=F,Keep GC futures for COT/COMEX alignment; use licensed LBMA PM or reliable XAUUSD spot for benchmark-grade v0.2 pricing.,0.011154484265308184,-0.021734153866448946,-0.009853271329717916,0.007852665246214308,0.8807519203044674,0.7115384615384616,0.5989488851441714,False,,test_2019_2026,bull,123293,105886,17407,-13840.0,0.19230769230769232,-0.8933624160740611,27128,87449,-60321,0.8846153846153846,1.293522684535899,104043,152196,-48153,0.391025641025641,0.006767552478326245,530030,58719.0,0.7564102564102564,0.6451500557914819
2019-03-19,1305.0,COMEX GC futures proxy via Yahoo Finance GC=F,Keep GC futures for COT/COMEX alignment; use licensed LBMA PM or reliable XAUUSD spot for benchmark-grade v0.2 pricing.,0.006711371475870864,0.017940717628705194,-0.026192057477346542,0.01754385964912286,0.5164763190192562,0.7371794871794872,0.7666011829829098,False,,test_2019_2026,bull,123909,93434,30475,13068.0,0.22435897435897437,-0.749525328484996,33592,97589,-63997,0.8461538461538461,1.199692522998995,99696,151358,-51662,0.3717948717948718,-0.054641342131948455,514163,-15867.0,0.6730769230769231,0.345039230065506
2019-03-26,1314.300048828125,COMEX GC futures proxy via Yahoo Finance GC=F,Keep GC futures for COT/COMEX alignment; use licensed LBMA PM or reliable XAUUSD spot for benchmark-grade v0.2 pricing.,0.007126474197796995,0.013885674089322286,-0.008150273154323262,0.004662970405086453,0.5886848083096766,0.8076923076923077,0.9429289505344033,False,,test_2019_2026,bull,135373,77386,57987,27512.0,0.3525641025641026,-0.4587247545729458,14704,84053,-69349,0.8205128205128205,1.0730694552200761,96748,178833,-82085,0.21794871794871795,-0.5699815217357648,509575,-4588.0,0.6474358974358975,0.25490458134579724
2019-04-02,1290.0,COMEX GC futures proxy via Yahoo Finance GC=F,Keep GC futures for COT/COMEX alignment; use licensed LBMA PM or reliable XAUUSD spot for benchmark-grade v0.2 pricing.,-0.018488965932696888,-0.011494252873563204,0.006240249609984483,-0.01841420793715287,-1.3951289271629113,0.6474358974358975,0.4450858301393615,False,,test_2019_2026,bull,110816,86198,24618,-33369.0,0.21153846153846154,-0.7944772439111094,16339,74574,-58235,0.8974358974358975,1.2938935654376942,98592,158587,-59995,0.3141025641025641,-0.1977680868548255,440170,-69405.0,0.1282051282051282,-1.0483570181506006
2019-04-09,1303.5,COMEX GC futures proxy via Yahoo Finance GC=F,Keep GC futures for COT/COMEX alignment; use licensed LBMA PM or reliable XAUUSD spot for benchmark-grade v0.2 pricing.,0.010465116279069875,-0.008217338831992493,0.005554231968427192,-0.004353766715903817,0.8475881793367093,0.717948717948718,0.7111451512914052,False,,test_2019_2026,bull,117917,80880,37037,12419.0,0.2692307692307692,-0.6574796343118289,16242,75839,-59597,0.8910256410256411,1.2482546991714962,89285,162497,-73212,0.24358974358974358,-0.4238961738471724,447539,7369.0,0.1794871794871795,-0.9004532364950666
2019-04-16,1272.5999755859375,COMEX GC futures proxy via Yahoo Finance GC=F,Keep GC futures for COT/COMEX alignment; use licensed LBMA PM or reliable XAUUSD spot for benchmark-grade v0.2 pricing.,-0.02370542724515723,-0.013488391018653068,-0.024827604914990475,-0.05036937633737859,-1.7079184056450278,0.5128205128205128,0.08501968924478513,False,,test_2019_2026,range,96196,111583,-15387,-52424.0,0.1346153846153846,-1.1835261519182003,18586,61796,-43210,0.9294871794871795,1.5701996962622817,102113,137333,-35220,0.5705128205128205,0.21477029761069089,440581,-6958.0,0.1346153846153846,-1.020161651443694
2019-04-23,1269.300048828125,COMEX GC futures proxy via Yahoo Finance GC=F,Keep GC futures for COT/COMEX alignment; use licensed LBMA PM or reliable XAUUSD spot for benchmark-grade v0.2 pricing.,-0.002593058951060545,-0.026237016625911047,-0.0342387570023478,-0.04210997493463742,-0.13331868160686094,0.47435897435897434,0.014909299153734177,False,,test_2019_2026,range,88989,122818,-33829,-18442.0,0.1282051282051282,-1.3543474358606329,17090,53073,-35983,0.9935897435897436,1.693251154458279,111538,132951,-21413,0.7115384615384616,0.44220526006344163,440048,-533.0,0.1282051282051282,-1.0197471004228738
2019-04-30,1282.800048828125,COMEX GC futures proxy via Yahoo Finance GC=F,Keep GC futures for COT/COMEX alignment; use licensed LBMA PM or reliable XAUUSD spot for benchmark-grade v0.2 pricing.,0.010635783093574824,0.008015144929962137,-0.005581357497577488,0.0006240630484595222,0.8362355962416405,0.5897435897435898,0.28881953057928356,False,,test_2019_2026,range,95159,95083,76,33905.0,0.1794871794871795,-0.9937293371172097,16898,67873,-50975,0.9038461538461539,1.3618918938586497,107267,144604,-37337,0.5448717948717948,0.16250535602671176,430011,-10037.0,0.10256410256410256,-1.1920376989998656
2019-05-07,1283.5,COMEX GC futures proxy via Yahoo Finance GC=F,Keep GC futures for COT/COMEX alignment; use licensed LBMA PM or reliable XAUUSD spot for benchmark-grade v0.2 pricing.,0.0005456432376302889,0.01118722967432717,-0.015343306482547003,-0.009874294797486471,0.06832074496057178,0.6025641025641025,0.30034876900444646,False,,test_2019_2026,range,102975,93428,9547,9471.0,0.1858974358974359,-0.8847932977487,19282,67234,-47952,0.9038461538461539,1.4044681727758783,97242,145649,-48407,0.358974358974359,-0.03581204330827681,450039,20028.0,0.23076923076923078,-0.8076087152571447
2019-05-14,1294.699951171875,COMEX GC futures proxy via Yahoo Finance GC=F,Keep GC futures for COT/COMEX alignment; use licensed LBMA PM or reliable XAUUSD spot for benchmark-grade v0.2 pricing.,0.00872610141945862,0.009276505995319262,0.017366003465277613,-0.00789275772270115,0.6694356705965329,0.6794871794871795,0.5238539279393991,False,,test_2019_2026,bull,138467,85921,52546,42999.0,0.358974358974359,-0.4330046037389687,37635,102517,-64882,0.7948717948717948,1.040399502946264,93005,165306,-72301,0.22435897435897437,-0.4586177580432922,517995,67956.0,0.6923076923076923,0.4840780420964813
2019-05-21,1272.0,COMEX GC futures proxy via Yahoo Finance GC=F,Keep GC futures for COT/COMEX alignment; use licensed LBMA PM or reliable XAUUSD spot for benchmark-grade v0.2 pricing.,-0.01753298217963828,-0.008959875340864842,0.002127118150170748,-0.03218446873363601,-1.3307598852398146,0.4935897435897436,0.06005334569047464,False,,test_2019_2026,range,114986,99049,15937,-36609.0,0.20512820512820512,-0.8018230029015962,42131,104863,-62732,0.8076923076923077,1.0767649510389614,97934,143140,-45206,0.40384615384615385,0.002566989488604849,508643,-9352.0,0.6602564102564102,0.31135746414548954
2019-05-28,1276.5,COMEX GC futures proxy via Yahoo Finance GC=F,Keep GC futures for COT/COMEX alignment; use licensed LBMA PM or reliable XAUUSD spot for benchmark-grade v0.2 pricing.,0.0035377358490567,-0.01405727339017937,-0.004911169775741908,-0.010465116279069764,0.29120582165433856,0.5384615384615384,0.14365635049384723,False,,test_2019_2026,bull,119314,93040,26274,10337.0,0.2564102564102564,-0.6865263697281655,47857,110653,-62796,0.8012820512820513,1.0678111195681608,101915,149073,-47158,0.391025641025641,-0.039823130694791035,505126,-3517.0,0.6282051282051282,0.24297297001245002
2019-06-04,1323.4000244140625,COMEX GC futures proxy via Yahoo Finance GC=F,Keep GC futures for COT/COMEX alignment; use licensed LBMA PM or reliable XAUUSD spot for benchmark-grade v0.2 pricing.,0.03674110804078534,0.04040882422489189,0.03108689085630112,0.015266608679756377,2.594744678705891,0.8333333333333334,1.0827767795761127,False,,test_2019_2026,bull,159663,63481,96182,69908.0,0.532051282051282,0.04130213562871537,19523,106293,-86770,0.6346153846153846,0.5700611685059778,92611,178417,-85806,0.16025641025641027,-0.7262401202947848,481495,-23631.0,0.48717948717948717,-0.20541413405518438
2019-06-11,1326.4000244140625,COMEX GC futures proxy via Yahoo Finance GC=F,Keep GC futures for COT/COMEX alignment; use licensed LBMA PM or reliable XAUUSD spot for benchmark-grade v0.2 pricing.,0.0022668882761494036,0.03909128430400499,0.024484494043190974,0.042275695316868145,0.12250542771630579,0.8589743589743589,1.1338449784191005,False,,test_2019_2026,bull,169640,40480,129160,32978.0,0.6217948717948718,0.3919302714805963,22226,114842,-92616,0.5961538461538461,0.4429629811016591,95607,205018,-109411,0.12179487179487179,-1.1547174100218345,496663,15168.0,0.5576923076923077,0.08977828234844244
2019-06-18,1346.5999755859375,COMEX GC futures proxy via Yahoo Finance GC=F,Keep GC futures for COT/COMEX alignment; use licensed LBMA PM or reliable XAUUSD spot for benchmark-grade v0.2 pricing.,0.01522915470451558,0.017530565772920337,0.058647779548693046,0.06089964845520912,1.0107195625216987,0.967948717948718,1.5199780437312278,False,,test_2019_2026,bull,191766,41250,150516,21356.0,0.7115384615384616,0.6259760812282357,22520,124772,-102252,0.5448717948717948,0.23912112317400952,99745,221348,-121603,0.10256410256410256,-1.3875411931538122,525636,28973.0,0.7371794871794872,0.6531824547482893
2019-06-25,1414.9000244140625,COMEX GC futures proxy via Yahoo Finance GC=F,Keep GC futures for COT/COMEX alignment; use licensed LBMA PM or reliable XAUUSD spot for benchmark-grade v0.2 pricing.,0.05072036986960882,0.066721952933539,0.10842148406898744,0.1029778379776447,3.1458979647971894,1.0,2.807433268131179,False,,test_2019_2026,bull,204918,27177,177741,27225.0,0.8269230769230769,0.9245970605568564,27515,155003,-127488,0.47435897435897434,-0.2836031304716573,110102,242764,-132662,0.09615384615384616,-1.607022972050549,577605,51969.0,0.9423076923076923,1.6721862476887903
2019-07-02,1404.5999755859375,COMEX GC futures proxy via Yahoo Finance GC=F,Keep GC futures for COT/COMEX alignment; use licensed LBMA PM or reliable XAUUSD spot for benchmark-grade v0.2 pricing.,-0.00727970079185658,0.04307143996104923,0.0613570724451411,0.09435136391580645,-0.6246306636002772,0.9935897435897436,2.566931397273488,False,,test_2019_2026,bull,214186,20099,194087,16346.0,0.8525641025641025,1.1120978975103786,26439,169945,-143506,0.3269230769230769,-0.6148125612395777,111301,254617,-143316,0.08974358974358974,-1.828318932687301,605949,28344.0,0.9871794871794872,2.2641298006643082
2019-07-09,1397.5,COMEX GC futures proxy via Yahoo Finance GC=F,Keep GC futures for COT/COMEX alignment; use licensed LBMA PM or reliable XAUUSD spot for benchmark-grade v0.2 pricing.,-0.005054802583899898,-0.012297705925383817,0.05360372005221126,0.07940067405971352,-0.4705488341691612,0.9871794871794872,2.3880585512153925,False,,test_2019_2026,bull,208301,25690,182611,-11476.0,0.8397435897435898,1.0022913481794398,23099,172713,-149614,0.2692307692307692,-0.7392301365475829,113865,242667,-128802,0.09615384615384616,-1.5902430957715594,598977,-6972.0,0.9871794871794872,2.154058687430133
2019-07-16,1409.199951171875,COMEX GC futures proxy via Yahoo Finance GC=F,Keep GC futures for COT/COMEX alignment; use licensed LBMA PM or reliable XAUUSD spot for benchmark-grade v0.2 pricing.,0.008372058083631506,0.0032749363988979763,0.0464874325864284,0.10786159683323504,0.37044252904123537,0.9935897435897436,2.5561489478921544,False,,test_2019_2026,bull,211322,31263,180059,-2552.0,0.8397435897435898,0.9866267979581779,36109,173109,-137000,0.3974358974358974,-0.4791023157154582,106552,246960,-140408,0.08333333333333333,-1.829277937661587,601900,2923.0,0.9935897435897436,2.2245507814771788
2019-07-23,1420.0999755859375,COMEX GC futures proxy via Yahoo Finance GC=F,Keep GC futures for COT/COMEX alignment; use licensed LBMA PM or reliable XAUUSD spot for benchmark-grade v0.2 pricing.,0.007734902633936391,0.016171717771690464,0.0036751368168421727,0.11249508467366831,0.3162862247081635,1.0,2.689868721195055,False,,test_2019_2026,bull,208153,29980,178173,-1886.0,0.8333333333333334,0.977386690060335,35072,175270,-140198,0.34615384615384615,-0.5441640955157586,105569,253210,-147641,0.0641025641025641,-1.9821507621159227,616859,14959.0,1.0,2.4914772066559507
2019-07-30,1429.699951171875,COMEX GC futures proxy via Yahoo Finance GC=F,Keep GC futures for COT/COMEX alignment; use licensed LBMA PM or reliable XAUUSD spot for benchmark-grade v0.2 pricing.,0.00676007024222125,0.014547261361279817,0.017869839115914,0.08032335257427325,0.24264637540294562,1.0,2.809321011466352,False,,test_2019_2026,bull,215581,29868,185713,7540.0,0.8653846153846154,1.0718701158932231,16484,151075,-134591,0.4230769230769231,-0.43067340587095987,103601,256977,-153376,0.05128205128205128,-2.1076538557382483,563298,-53561.0,0.8974358974358975,1.4385407323821104
2019-08-06,1472.4000244140625,COMEX GC futures proxy via Yahoo Finance GC=F,Keep GC futures for COT/COMEX alignment; use licensed LBMA PM or reliable XAUUSD spot for benchmark-grade v0.2 pricing.,0.029866457788704448,0.03682842738346359,0.053595724088774555,0.11007237433103612,1.6905292774675889,1.0,3.4383953344727622,False,,test_2019_2026,bull,248687,21854,226833,41120.0,0.9423076923076923,1.527622370781724,21577,160907,-139330,0.36538461538461536,-0.5279628536138179,97634,282629,-184995,0.00641025641025641,-2.700651522204855,600317,37019.0,0.9807692307692307,2.1583075542447934
2019-08-13,1502.199951171875,COMEX GC futures proxy via Yahoo Finance GC=F,Keep GC futures for COT/COMEX alignment; use licensed LBMA PM or reliable XAUUSD spot for benchmark-grade v0.2 pricing.,0.020239015392349735,0.05070994087995473,0.06599489300483041,0.11555025873086944,1.0239611588275035,1.0,3.773993297351359,False,,test_2019_2026,bull,245631,22020,223611,-3222.0,0.9423076923076923,1.496786446279691,20942,159798,-138856,0.3717948717948718,-0.5182504427183858,96263,281134,-184871,0.01282051282051282,-2.6856557707287716,593962,-6355.0,0.967948717948718,2.0199443571383555
2019-08-20,1504.5999755859375,COMEX GC futures proxy via Yahoo Finance GC=F,Keep GC futures for COT/COMEX alignment; use licensed LBMA PM or reliable XAUUSD spot for benchmark-grade v0.2 pricing.,0.0015976730742071066,0.0218690237964978,0.059502852934797845,0.06339667087716783,-0.19569473053577585,1.0,3.6431086815606846,False,,test_2019_2026,bull,249696,19850,229846,6235.0,0.9551282051282052,1.5717115489282767,21303,166620,-145317,0.3269230769230769,-0.6504331578710573,94900,285833,-190933,0.00641025641025641,-2.786616207088917,594807,845.0,0.967948717948718,2.0236301059891497
2019-08-27,1541.0,COMEX GC futures proxy via Yahoo Finance GC=F,Keep GC futures for COT/COMEX alignment; use licensed LBMA PM or reliable XAUUSD spot for benchmark-grade v0.2 pricing.,0.02419249302452453,0.02582881779343471,0.07784853649669365,0.09710951643521315,1.249037678086247,1.0,3.9827933176113226,False,,test_2019_2026,bull,258269,31553,226716,-3130.0,0.9487179487179487,1.5383008043305104,28589,172923,-144334,0.3333333333333333,-0.628653424882216,95266,284738,-189472,0.01282051282051282,-2.736112924632798,636183,41376.0,1.0,2.7679351490072253
2019-09-03,1545.9000244140625,COMEX GC futures proxy via Yahoo Finance GC=F,Keep GC futures for COT/COMEX alignment; use licensed LBMA PM or reliable XAUUSD spot for benchmark-grade v0.2 pricing.,0.0031797692498782837,0.027449188819800074,0.04991849957979255,0.10618964179897139,-0.12627107422195105,1.0,3.8530277843066343,False,,test_2019_2026,bull,265175,33549,231626,4910.0,0.967948717948718,1.6031230026176935,23849,178506,-154657,0.24358974358974358,-0.84105251008691,97751,280835,-183084,0.03205128205128205,-2.6103996951498885,634358,-1825.0,0.9935897435897436,2.6940823924376494
2019-09-10,1490.300048828125,COMEX GC futures proxy via Yahoo Finance GC=F,Keep GC futures for COT/COMEX alignment; use licensed LBMA PM or reliable XAUUSD spot for benchmark-grade v0.2 pricing.,-0.03596608752691588,-0.032900682136194015,-0.007921650066934682,0.057550454489306624,-2.467976132996955,0.9743589743589743,2.9501067514481347,False,,test_2019_2026,bull,239475,33294,206181,-25445.0,0.9166666666666666,1.328342688744093,23199,177027,-153828,0.25,-0.8229010341762563,109076,260859,-151783,0.057692307692307696,-2.0337661304366574,614753,-19605.0,0.9807692307692307,2.29618687710963
2019-09-17,1505.0999755859375,COMEX GC futures proxy via Yahoo Finance GC=F,Keep GC futures for COT/COMEX alignment; use licensed LBMA PM or reliable XAUUSD spot for benchmark-grade v0.2 pricing.,0.009930836927402709,-0.02639242394965957,0.00033231424173418844,0.05985494082198595,0.3290298364019819,0.9871794871794872,3.0468277549556353,False,,test_2019_2026,bull,241936,28080,213856,7675.0,0.9358974358974359,1.4138249320314797,21281,180842,-159561,0.21794871794871795,-0.9361331118878126,108242,267080,-158838,0.04487179487179487,-2.16147491793579,630990,16237.0,0.9871794871794872,2.5498652312738073
2019-09-24,1532.0999755859375,COMEX GC futures proxy via Yahoo Finance GC=F,Keep GC futures for COT/COMEX alignment; use licensed LBMA PM or reliable XAUUSD spot for benchmark-grade v0.2 pricing.,0.017939007665911832,0.028047993953084216,-0.0057754863167180925,0.0716234370226625,0.7956295243354623,0.9871794871794872,3.2798778235562716,False,,test_2019_2026,bull,265508,27637,237871,24015.0,0.9935897435897436,1.6867353289069273,20674,185082,-164408,0.20512820512820512,-1.0318900905649682,109466,290203,-180737,0.038461538461538464,-2.5568246920455038,658944,27954.0,1.0,2.993883594943435
2019-10-01,1482.0,COMEX GC futures proxy via Yahoo Finance GC=F,Keep GC futures for COT/COMEX alignment; use licensed LBMA PM or reliable XAUUSD spot for benchmark-grade v0.2 pricing.,-0.03270019997668705,-0.015347801448833742,-0.04133515971596047,0.006519950710920375,-2.136076317258372,0.9551282051282052,2.547402104743799,False,,test_2019_2026,bull,219990,29179,190811,-47060.0,0.8717948717948718,1.1621419352835216,23159,173858,-150699,0.28205128205128205,-0.7466175896659358,109866,262855,-152989,0.057692307692307696,-2.0356462226440293,604885,-54059.0,0.9551282051282052,1.9889906523639507
2019-10-08,1497.199951171875,COMEX GC futures proxy via Yahoo Finance GC=F,Keep GC futures for COT/COMEX alignment; use licensed LBMA PM or reliable XAUUSD spot for benchmark-grade v0.2 pricing.,0.010256377308957454,-0.022779208256768824,0.004629874600873496,-0.0033284517125030666,0.3295929147310844,0.9615384615384616,2.661080942838414,False,,test_2019_2026,bull,231976,31475,200501,9690.0,0.9038461538461539,1.2622639892906433,22269,176511,-154242,0.26282051282051283,-0.81219700573101,112484,269184,-156700,0.05128205128205128,-2.07821500813735,616957,12072.0,0.9743589743589743,2.1583860233292826
2019-10-15,1477.5999755859375,COMEX GC futures proxy via Yahoo Finance GC=F,Keep GC futures for COT/COMEX alignment; use licensed LBMA PM or reliable XAUUSD spot for benchmark-grade v0.2 pricing.,-0.013091087513458999,-0.0029689773374240724,-0.018271211511576957,-0.017944969053641846,-1.0013532584066325,0.9423076923076923,2.3541082935498245,False,,test_2019_2026,bull,213987,38200,175787,-24714.0,0.8012820512820513,0.9811739733547528,22787,168098,-145311,0.3525641025641026,-0.6239162915460323,117918,260882,-142964,0.08974358974358974,-1.80667373066393,607387,-9570.0,0.9551282051282052,1.9526079656559538
2019-10-22,1481.699951171875,COMEX GC futures proxy via Yahoo Finance GC=F,Keep GC futures for COT/COMEX alignment; use licensed LBMA PM or reliable XAUUSD spot for benchmark-grade v0.2 pricing.,0.002774753420195175,-0.010352658633115741,-0.03289604152286962,-0.038481537201898064,-0.05342208534831574,0.9423076923076923,2.345402460182634,False,,test_2019_2026,bull,218317,33879,184438,8651.0,0.8525641025641025,1.0718668250555985,22191,167457,-145266,0.358974358974359,-0.6178278683370236,119656,269747,-150091,0.07692307692307693,-1.916247809265335,625528,18141.0,0.9743589743589743,2.219233547308206
2019-10-29,1487.0,COMEX GC futures proxy via Yahoo Finance GC=F,Keep GC futures for COT/COMEX alignment; use licensed LBMA PM or reliable XAUUSD spot for benchmark-grade v0.2 pricing.,0.003577005468572203,0.006361684196925399,0.003373819163292824,-0.03810079790663512,-0.019858589842002516,0.9487179487179487,2.3507984914497677,False,,test_2019_2026,bull,230664,32106,198558,14120.0,0.8974358974358975,1.2232887351525998,22136,161711,-139575,0.40384615384615385,-0.49974675676425706,122994,284635,-161641,0.04487179487179487,-2.099598693630849,643442,17914.0,0.9935897435897436,2.4642086181136786
2019-11-05,1480.800048828125,COMEX GC futures proxy via Yahoo Finance GC=F,Keep GC futures for COT/COMEX alignment; use licensed LBMA PM or reliable XAUUSD spot for benchmark-grade v0.2 pricing.,-0.004169435892316775,-0.0006073445187322335,-0.010953715521372809,-0.006374555249776814,-0.477139545741773,0.9294871794871795,2.224683373640235,False,,test_2019_2026,bull,233167,35920,197247,-1311.0,0.8846153846153846,1.2049146776643263,17855,157995,-140140,0.391025641025641,-0.5097281256391951,126365,303363,-176998,0.04487179487179487,-2.337334055780217,690181,46739.0,1.0,3.130286087030957
2019-11-12,1452.0999755859375,COMEX GC futures proxy via Yahoo Finance GC=F,Keep GC futures for COT/COMEX alignment; use licensed LBMA PM or reliable XAUUSD spot for benchmark-grade v0.2 pricing.,-0.019381464273248827,-0.02347009039277903,-0.017257715499005788,-0.03521360764049375,-1.3893130884847908,0.9102564102564102,1.8536261570402264,False,,test_2019_2026,bull,209432,33991,175441,-21806.0,0.7692307692307693,0.9590310820521892,41974,164545,-122571,0.5128205128205128,-0.1500757064528354,123638,302535,-178897,0.04487179487179487,-2.324880588892602,708463,18282.0,1.0,3.2835091018465437
2019-11-19,1473.300048828125,COMEX GC futures proxy via Yahoo Finance GC=F,Keep GC futures for COT/COMEX alignment; use licensed LBMA PM or reliable XAUUSD spot for benchmark-grade v0.2 pricing.,0.014599596170114193,-0.005064829654709557,-0.0056690980769126265,-0.03837864871404684,0.6484298377253181,0.9166666666666666,2.0576906102052854,False,,test_2019_2026,bull,221795,26596,195199,19758.0,0.8653846153846154,1.1672742720814884,38835,166073,-127238,0.5064102564102564,-0.24133101451738323,122366,314223,-191857,0.00641025641025641,-2.4935843644371176,719211,10748.0,1.0,3.3062609927323874
2019-11-26,1459.800048828125,COMEX GC futures proxy via Yahoo Finance GC=F,Keep GC futures for COT/COMEX alignment; use licensed LBMA PM or reliable XAUUSD spot for benchmark-grade v0.2 pricing.,-0.009163102933946177,0.005302715633667354,-0.018291829974361185,-0.01497972413756743,-0.7716226444366604,0.9038461538461539,1.8700828385398005,False,,test_2019_2026,bull,218724,24437,194287,-912.0,0.8589743589743589,1.1463333046692363,24107,145103,-120996,0.5256410256410257,-0.11036848262504283,121252,305723,-184471,0.038461538461538464,-2.316335377478217,669268,-49943.0,0.9807692307692307,2.4897829129057305
2019-12-03,1478.199951171875,COMEX GC futures proxy via Yahoo Finance GC=F,Keep GC futures for COT/COMEX alignment; use licensed LBMA PM or reliable XAUUSD spot for benchmark-grade v0.2 pricing.,0.012604399046650894,0.003325800706819537,-0.001755873561935406,-0.01269035574381927,0.551758745029377,0.9230769230769231,2.043685801021214,False,,test_2019_2026,bull,232276,24314,207962,13675.0,0.9230769230769231,1.2802460242727682,25300,154111,-128811,0.48717948717948717,-0.2639807623694987,122418,316394,-193976,0.00641025641025641,-2.4171062034408637,701016,31748.0,0.9871794871794872,2.8794820251298505
2019-12-10,1462.5999755859375,COMEX GC futures proxy via Yahoo Finance GC=F,Keep GC futures for COT/COMEX alignment; use licensed LBMA PM or reliable XAUUSD spot for benchmark-grade v0.2 pricing.,-0.010553359559760667,0.0019180207317159859,0.007230907083903171,-0.010151597352356379,-0.8331868001850724,0.8974358974358975,1.8395336357019232,False,,test_2019_2026,bull,212929,29281,183648,-24314.0,0.8141025641025641,1.004595083190327,25199,147377,-122178,0.532051282051282,-0.12350772844535815,124100,304205,-180105,0.0641025641025641,-2.1446234009597354,690003,-11013.0,0.9743589743589743,2.64993110551344
2019-12-17,1474.5999755859375,COMEX GC futures proxy via Yahoo Finance GC=F,Keep GC futures for COT/COMEX alignment; use licensed LBMA PM or reliable XAUUSD spot for benchmark-grade v0.2 pricing.,0.008204567346032254,-0.0024353779629633365,0.0008823231621057914,-0.004791776891348465,0.2932755501941275,0.9102564102564102,1.9493127926276566,False,,test_2019_2026,bull,228616,26895,201721,18073.0,0.9038461538461539,1.1854985770745021,24515,157858,-133343,0.46794871794871795,-0.34504980914146127,123907,309183,-185276,0.03205128205128205,-2.1806793318913202,716987,26984.0,0.9935897435897436,2.947208205520896
2019-12-24,1499.0999755859375,COMEX GC futures proxy via Yahoo Finance GC=F,Keep GC futures for COT/COMEX alignment; use licensed LBMA PM or reliable XAUUSD spot for benchmark-grade v0.2 pricing.,0.016614675441225968,0.024955559010848116,0.026921445022118684,0.008137172552748817,0.7956648035900928,0.9615384615384616,2.1903941052051628,False,,test_2019_2026,bull,245366,26520,218846,17125.0,0.9358974358974359,1.351450280265569,26943,164091,-137148,0.44871794871794873,-0.4154458361480597,122413,325661,-203248,0.00641025641025641,-2.4056837766156876,748737,31750.0,1.0,3.270034973616576
2019-12-31,1519.5,COMEX GC futures proxy via Yahoo Finance GC=F,Keep GC futures for COT/COMEX alignment; use licensed LBMA PM or reliable XAUUSD spot for benchmark-grade v0.2 pricing.,0.013608181406372877,0.030448952365010884,0.027939419694462453,0.02613448804414986,0.6075306917678956,0.9807692307692307,2.3703612278113204,False,,test_2019_2026,bull,258357,25625,232732,13886.0,0.9743589743589743,1.4783458223775392,25430,171537,-146107,0.34615384615384615,-0.590386157017016,124486,344870,-220384,0.00641025641025641,-2.598162088780352,786166,37429.0,1.0,3.606854619035002
2020-01-07,1571.800048828125,COMEX GC futures proxy via Yahoo Finance GC=F,Keep GC futures for COT/COMEX alignment; use licensed LBMA PM or reliable XAUUSD spot for benchmark-grade v0.2 pricing.,0.03441924898198412,0.048495813772374996,0.07466161292559881,0.08243239119530132,1.7615886461882726,1.0,2.86396025220599,False,,test_2019_2026,bull,261083,31326,229757,-2975.0,0.9551282051282052,1.4259316933188426,23615,167363,-143748,0.3782051282051282,-0.5335325644111182,124087,336420,-212333,0.01282051282051282,-2.412084065928011,785857,-309.0,0.9935897435897436,3.4428543324654055
2020-01-14,1542.4000244140625,COMEX GC futures proxy via Yahoo Finance GC=F,Keep GC futures for COT/COMEX alignment; use licensed LBMA PM or reliable XAUUSD spot for benchmark-grade v0.2 pricing.,-0.01870468475680609,0.015070763023404155,0.04597860433381906,0.04690149548348965,-1.2757028873463916,0.9871794871794872,2.478417733590922,False,,test_2019_2026,bull,262402,31943,230459,702.0,0.9615384615384616,1.4131447152702437,40178,181318,-141140,0.3974358974358974,-0.47206633656796976,125556,334235,-208679,0.019230769230769232,-2.300941740108606,796883,11026.0,1.0,3.422415466692117
2020-01-21,1556.4000244140625,COMEX GC futures proxy via Yahoo Finance GC=F,Keep GC futures for COT/COMEX alignment; use licensed LBMA PM or reliable XAUUSD spot for benchmark-grade v0.2 pricing.,0.009076763341804517,-0.0097976994119221,0.03822296695437455,0.06617342947993765,0.29675343301262624,0.9935897435897436,2.558652999130584,False,,test_2019_2026,bull,258269,34437,223832,-6627.0,0.9294871794871795,1.3251349852825143,42645,185232,-142587,0.391025641025641,-0.494665739615319,121988,331304,-209316,0.019230769230769232,-2.2563963612399207,793829,-3054.0,0.9935897435897436,3.24555134495927
2020-01-28,1569.199951171875,COMEX GC futures proxy via Yahoo Finance GC=F,Keep GC futures for COT/COMEX alignment; use licensed LBMA PM or reliable XAUUSD spot for benchmark-grade v0.2 pricing.,0.008224059725667976,0.01737547091131142,0.03270809553923981,0.0615613604423797,0.26310765937146213,0.9935897435897436,2.6194917443823114,False,,test_2019_2026,bull,254259,34321,219938,-3894.0,0.9102564102564102,1.2678334579214934,22487,161450,-138963,0.44871794871794873,-0.41369608530768426,119308,341159,-221851,0.00641025641025641,-2.3774153163862723,715539,-78290.0,0.9551282051282052,2.272136536523892
2020-02-04,1550.4000244140625,COMEX GC futures proxy via Yahoo Finance GC=F,Keep GC futures for COT/COMEX alignment; use licensed LBMA PM or reliable XAUUSD spot for benchmark-grade v0.2 pricing.,-0.011980580769055393,-0.0038550500551802758,-0.013614978845443826,0.06003011779960632,-0.8745750490554086,0.9807692307692307,2.365497863493627,False,,test_2019_2026,bull,223762,42152,181610,-38328.0,0.75,0.8581467854056763,16469,155103,-138634,0.46153846153846156,-0.4010600659159116,119930,312983,-193053,0.05128205128205128,-1.9286799674561301,654572,-60967.0,0.9102564102564102,1.536584191553397
2020-02-11,1565.5999755859375,COMEX GC futures proxy via Yahoo Finance GC=F,Keep GC futures for COT/COMEX alignment; use licensed LBMA PM or reliable XAUUSD spot for benchmark-grade v0.2 pricing.,0.009803889920357411,-0.0022941471437397665,0.015041461880609397,0.06171165163883918,0.35471091420337475,0.9871794871794872,2.4558142155398057,False,,test_2019_2026,range,231499,35828,195671,14061.0,0.8141025641025641,0.9931587442892494,17009,158762,-141753,0.3974358974358974,-0.4590451958433853,120850,316888,-196038,0.04487179487179487,-1.9329470193075455,658024,3452.0,0.9102564102564102,1.5544275721657785
2020-02-18,1600.0,COMEX GC futures proxy via Yahoo Finance GC=F,Keep GC futures for COT/COMEX alignment; use licensed LBMA PM or reliable XAUUSD spot for benchmark-grade v0.2 pricing.,0.021972422681718617,0.03199172781533122,0.028013348048071096,0.06730706827916855,1.0538282956851994,1.0,2.7154976287113146,False,,test_2019_2026,bull,278286,39740,238546,42875.0,0.9935897435897436,1.419071642194198,17130,176211,-159081,0.23076923076923078,-0.8073056623169352,113558,340089,-226531,0.00641025641025641,-2.3014621530272596,715317,57293.0,0.9487179487179487,2.1747509576023587
2020-02-25,1646.9000244140625,COMEX GC futures proxy via Yahoo Finance GC=F,Keep GC futures for COT/COMEX alignment; use licensed LBMA PM or reliable XAUUSD spot for benchmark-grade v0.2 pricing.,0.029312515258788974,0.05192900491563801,0.0495157249935938,0.08384338559661897,1.4108050113833066,1.0,3.0572417875095574,False,,test_2019_2026,bull,263218,32372,230846,-7700.0,0.9551282051282052,1.324285890777245,20685,184340,-163655,0.21153846153846154,-0.89204572765706,111284,323250,-211966,0.03205128205128205,-2.0608477018824987,732917,17600.0,0.967948717948718,2.32095969074345
2020-03-03,1642.0999755859375,COMEX GC futures proxy via Yahoo Finance GC=F,Keep GC futures for COT/COMEX alignment; use licensed LBMA PM or reliable XAUUSD spot for benchmark-grade v0.2 pricing.,-0.0029145963670944575,0.02631248474121084,0.05914599440652801,0.04472574409844654,-0.46176912735241543,0.9935897435897436,2.912583318314076,False,,test_2019_2026,bull,242921,27560,215361,-15485.0,0.8846153846153846,1.1520539533261032,18481,178821,-160340,0.23076923076923078,-0.8144310130417055,109639,300310,-190671,0.08974358974358974,-1.7438141254906554,691985,-40932.0,0.9230769230769231,1.8250156552917798
2020-03-10,1659.0999755859375,COMEX GC futures proxy via Yahoo Finance GC=F,Keep GC futures for COT/COMEX alignment; use licensed LBMA PM or reliable XAUUSD spot for benchmark-grade v0.2 pricing.,0.010352597437883748,0.007407827427906799,0.05972151345046295,0.07566127419908963,0.3219745545878218,1.0,2.967770431374419,False,,test_2019_2026,bull,220642,10457,210185,-5176.0,0.8717948717948718,1.085377193608744,30447,171242,-140795,0.4358974358974359,-0.4064901677505211,114320,301829,-187509,0.10256410256410256,-1.6736175772280266,633470,-58515.0,0.8589743589743589,1.1517428410824244
2020-03-17,1524.9000244140625,COMEX GC futures proxy via Yahoo Finance GC=F,Keep GC futures for COT/COMEX alignment; use licensed LBMA PM or reliable XAUUSD spot for benchmark-grade v0.2 pricing.,-0.0808871997749745,-0.07137199495423874,-0.046937484741210955,-0.02023901278969642,-4.062973767248243,0.9166666666666666,1.7253362049879,False,,test_2019_2026,range,164979,10900,154079,-56106.0,0.5897435897435898,0.5067022888507442,28316,161694,-133378,0.5448717948717948,-0.24955694515956744,95537,263868,-168331,0.16666666666666666,-1.399301537702826,573925,-59545.0,0.7435897435897436,0.47350924336019395
2020-03-24,1660.199951171875,COMEX GC futures proxy via Yahoo Finance GC=F,Keep GC futures for COT/COMEX alignment; use licensed LBMA PM or reliable XAUUSD spot for benchmark-grade v0.2 pricing.,0.08872708019648767,0.0006629953602097505,0.008075734143330404,0.05799133496788689,3.519100274068733,1.0,2.8420502810513364,False,,test_2019_2026,bull,158965,1556,157409,3330.0,0.5897435897435898,0.5358568367602604,22853,157635,-134782,0.5384615384615384,-0.27559898960374424,92974,270015,-177041,0.16025641025641027,-1.4920212280164993,547334,-26591.0,0.6987179487179487,0.16697643172827858
2020-03-31,1583.4000244140625,COMEX GC futures proxy via Yahoo Finance GC=F,Keep GC futures for COT/COMEX alignment; use licensed LBMA PM or reliable XAUUSD spot for benchmark-grade v0.2 pricing.,-0.04625944405286975,0.03836317074129392,-0.03574688024152095,0.02128482938619114,-2.0463117291900836,0.967948717948718,2.123971924820643,False,,test_2019_2026,bull,156820,4222,152598,-4811.0,0.5769230769230769,0.4836301991487057,25659,137868,-112209,0.6474358974358975,0.1871317935702635,81549,253299,-171750,0.17307692307692307,-1.4034718401440929,495652,-51682.0,0.4166666666666667,-0.4241258265209299
2020-04-07,1664.800048828125,COMEX GC futures proxy via Yahoo Finance GC=F,Keep GC futures for COT/COMEX alignment; use licensed LBMA PM or reliable XAUUSD spot for benchmark-grade v0.2 pricing.,0.05140837637929474,0.002770809415457931,0.003435641809454104,0.0633623369884515,1.81693515074587,1.0,2.738103255281012,False,,test_2019_2026,bull,157005,4523,152482,-116.0,0.5705128205128205,0.48094288042243794,19757,129690,-109933,0.6474358974358975,0.23056350923247101,80746,246424,-165678,0.1858974358974359,-1.30773710350348,480050,-15602.0,0.3525641025641026,-0.603803706798721
2020-04-14,1756.699951171875,COMEX GC futures proxy via Yahoo Finance GC=F,Keep GC futures for COT/COMEX alignment; use licensed LBMA PM or reliable XAUUSD spot for benchmark-grade v0.2 pricing.,0.055201765766669464,0.10944797529729877,0.1520099174022118,0.09793746948242177,1.8625788657743347,1.0,3.3586218023648438,False,,test_2019_2026,bull,162412,7168,155244,2762.0,0.5833333333333334,0.5087249003328792,19415,127666,-108251,0.6474358974358975,0.2599113860035124,78256,250413,-172157,0.17307692307692307,-1.3738975749967255,489965,9915.0,0.3782051282051282,-0.4927455104512588
2020-04-21,1678.199951171875,COMEX GC futures proxy via Yahoo Finance GC=F,Keep GC futures for COT/COMEX alignment; use licensed LBMA PM or reliable XAUUSD spot for benchmark-grade v0.2 pricing.,-0.04468606033012834,0.008048956001162066,0.010842067539692746,0.01900535933803771,-1.864680347281612,0.9935897435897436,2.6418381097287376,False,,test_2019_2026,bull,155492,9221,146271,-8973.0,0.532051282051282,0.4185285524900652,18506,126959,-108453,0.6410256410256411,0.2503276149197902,76849,248469,-171620,0.1858974358974359,-1.349972675774251,493158,3193.0,0.391025641025641,-0.45798804039767627
2020-04-28,1710.5,COMEX GC futures proxy via Yahoo Finance GC=F,Keep GC futures for COT/COMEX alignment; use licensed LBMA PM or reliable XAUUSD spot for benchmark-grade v0.2 pricing.,0.01924684171607205,-0.026299284144145174,0.08027028775180867,0.041653995147071354,0.4921710706886419,0.9935897435897436,2.805260081870569,False,,test_2019_2026,bull,154025,7619,146406,135.0,0.532051282051282,0.41968925100286253,17954,130880,-112926,0.6217948717948718,0.1530486631864101,74946,255649,-180703,0.14743589743589744,-1.445719972625971,500816,7658.0,0.44871794871794873,-0.3742689803320965
2020-05-05,1704.4000244140625,COMEX GC futures proxy via Yahoo Finance GC=F,Keep GC futures for COT/COMEX alignment; use licensed LBMA PM or reliable XAUUSD spot for benchmark-grade v0.2 pricing.,-0.0035661944378471144,0.015612009298350937,0.023786625675445094,0.0273039898105758,-0.34640535267614864,0.9871794871794872,2.6786269415532296,False,,test_2019_2026,bull,142326,9085,133241,-13165.0,0.5,0.28317713079545065,17834,126428,-108594,0.6346153846153846,0.23860070795839197,76763,249805,-173042,0.1794871794871795,-1.329930369302369,490343,-10473.0,0.36538461538461536,-0.4996449694354614
2020-05-12,1704.4000244140625,COMEX GC futures proxy via Yahoo Finance GC=F,Keep GC futures for COT/COMEX alignment; use licensed LBMA PM or reliable XAUUSD spot for benchmark-grade v0.2 pricing.,0.0,-0.0035661944378471144,-0.029771690221157998,0.11771263500961138,-0.20866931139504297,0.9871794871794872,2.6033012349066476,False,,test_2019_2026,bull,144015,21798,122217,-11024.0,0.46153846153846156,0.16738042141984225,22089,127265,-105176,0.6474358974358975,0.30598028809254196,78459,251816,-173357,0.1794871794871795,-1.3155366695194335,496739,6396.0,0.4230769230769231,-0.43251312615681875
2020-05-19,1744.199951171875,COMEX GC futures proxy via Yahoo Finance GC=F,Keep GC futures for COT/COMEX alignment; use licensed LBMA PM or reliable XAUUSD spot for benchmark-grade v0.2 pricing.,0.023351282672912976,0.023351282672912976,0.03932785241348191,0.050596315185232665,0.6251589784418952,0.9935897435897436,2.806476759084386,False,,test_2019_2026,bull,153961,26897,127064,4847.0,0.4807692307692308,0.21565490712509205,21879,129189,-107310,0.6410256410256411,0.2569212497114448,79365,262229,-182864,0.14102564102564102,-1.4146212120907624,528205,31466.0,0.6089743589743589,-0.07608601893041594
2020-05-26,1704.800048828125,COMEX GC futures proxy via Yahoo Finance GC=F,Keep GC futures for COT/COMEX alignment; use licensed LBMA PM or reliable XAUUSD spot for benchmark-grade v0.2 pricing.,-0.02258909726334901,0.00023470101404154953,-0.0033323304132563125,0.07667047021739593,-1.0438823004225086,0.9807692307692307,2.4543683348532714,False,,test_2019_2026,bull,145566,32485,113081,-13983.0,0.44871794871794873,0.07403357530231677,16983,105449,-88466,0.6730769230769231,0.6374071638041824,77107,262963,-185856,0.10897435897435898,-1.4310536806355705,519374,-8831.0,0.5512820512820513,-0.1848113640815752
2020-06-02,1725.199951171875,COMEX GC futures proxy via Yahoo Finance GC=F,Keep GC futures for COT/COMEX alignment; use licensed LBMA PM or reliable XAUUSD spot for benchmark-grade v0.2 pricing.,0.011966155419676827,-0.0108932464923156,0.012203664902529665,0.03628057458687994,0.24062444748450612,0.9871794871794872,2.5277750664054093,False,,test_2019_2026,bull,133655,33300,100355,-12726.0,0.4358974358974359,-0.051306510444383564,17550,99413,-81863,0.6923076923076923,0.7633543920342662,75127,249887,-174760,0.19230769230769232,-1.276154420001646,475745,-43629.0,0.2692307692307692,-0.6872883594445254
2020-06-09,1714.699951171875,COMEX GC futures proxy via Yahoo Finance GC=F,Keep GC futures for COT/COMEX alignment; use licensed LBMA PM or reliable XAUUSD spot for benchmark-grade v0.2 pricing.,-0.006086251041722779,0.005807075352065594,0.006043139292580824,-0.023908465399559153,-0.42130581809600387,0.9807692307692307,2.3923102770948317,False,,test_2019_2026,bull,126407,35230,91177,-9178.0,0.4166666666666667,-0.14125790897596868,18289,101180,-82891,0.6858974358974359,0.7320357816189268,76023,236589,-160566,0.25,-1.087077835274422,475661,-84.0,0.2564102564102564,-0.6887599630232784
2020-06-16,1729.5999755859375,COMEX GC futures proxy via Yahoo Finance GC=F,Keep GC futures for COT/COMEX alignment; use licensed LBMA PM or reliable XAUUSD spot for benchmark-grade v0.2 pricing.,0.008689581173592087,0.0025504431593994514,-0.008370585938916153,0.03062806930614559,0.12982394524734878,0.9871794871794872,2.4309435470267506,False,,test_2019_2026,bull,135945,31257,104688,13511.0,0.4423076923076923,-0.0038071284964771275,17761,105338,-87577,0.6666666666666666,0.6268164004472071,76758,247201,-170443,0.23076923076923078,-1.193107795805515,489563,13902.0,0.33974358974358976,-0.5327312533948914
2020-06-23,1772.0999755859375,COMEX GC futures proxy via Yahoo Finance GC=F,Keep GC futures for COT/COMEX alignment; use licensed LBMA PM or reliable XAUUSD spot for benchmark-grade v0.2 pricing.,0.02457215575850258,0.03347525867416845,0.03947672737578478,0.036012847463278375,0.7539114210610421,1.0,2.63906243565485,False,,test_2019_2026,bull,161593,32078,129515,24827.0,0.5,0.24572666481380911,17771,111941,-94170,0.6410256410256411,0.48398137146409187,74444,267566,-193122,0.07051282051282051,-1.450563776141131,532101,42538.0,0.6474358974358975,-0.04597768552392001
2020-06-30,1793.0,COMEX GC futures proxy via Yahoo Finance GC=F,Keep GC futures for COT/COMEX alignment; use licensed LBMA PM or reliable XAUUSD spot for benchmark-grade v0.2 pricing.,0.011793930761243798,0.03665588882341675,0.03929982074371763,0.051983087489333,0.2560826156403242,1.0,2.696132877068908,False,,test_2019_2026,bull,173526,34971,138555,9040.0,0.532051282051282,0.3315424892323882,19798,115221,-95423,0.6346153846153846,0.45340404193597544,75447,281487,-206040,0.05128205128205128,-1.5849447521617148,561628,29527.0,0.717948717948718,0.29000693841996344
2020-07-07,1804.199951171875,COMEX GC futures proxy via Yahoo Finance GC=F,Keep GC futures for COT/COMEX alignment; use licensed LBMA PM or reliable XAUUSD spot for benchmark-grade v0.2 pricing.,0.0062464869893334996,0.018114088385630556,0.0521957208541548,0.05855428615833391,0.037349408429435654,1.0,2.688587802213485,False,,test_2019_2026,bull,179810,40467,139343,788.0,0.532051282051282,0.3326438044142603,20352,112705,-92353,0.6474358974358975,0.5132271183833872,72947,283186,-210239,0.038461538461538464,-1.6138078089423054,572776,11148.0,0.7371794871794872,0.41304538886267506
2020-07-14,1810.5999755859373,COMEX GC futures proxy via Yahoo Finance GC=F,Keep GC futures for COT/COMEX alignment; use licensed LBMA PM or reliable XAUUSD spot for benchmark-grade v0.2 pricing.,0.003547292200016594,0.009815937303924827,0.04683163803385204,0.03806904384411314,-0.06172089510669644,1.0,2.6502574137856283,False,,test_2019_2026,bull,177400,42427,134973,-4370.0,0.5064102564102564,0.2814680929393071,22532,118784,-96252,0.6153846153846154,0.4289886344053052,73071,278837,-205766,0.0641025641025641,-1.5393037248657793,580175,7399.0,0.75,0.49236765340549565
2020-07-21,1842.4000244140625,COMEX GC futures proxy via Yahoo Finance GC=F,Keep GC futures for COT/COMEX alignment; use licensed LBMA PM or reliable XAUUSD spot for benchmark-grade v0.2 pricing.,0.017563265910149006,0.02117286014633546,0.039670475592033405,0.08071326351763264,0.46291479321301804,1.0,2.7594469928736323,False,,test_2019_2026,bull,181256,40987,140269,5296.0,0.532051282051282,0.3314023181456558,23045,123303,-100258,0.6025641025641025,0.3412128237130552,71634,275235,-203601,0.07051282051282051,-1.4928247213150911,603138,22963.0,0.8012820512820513,0.7502630761762601
2020-07-28,1944.699951171875,COMEX GC futures proxy via Yahoo Finance GC=F,Keep GC futures for COT/COMEX alignment; use licensed LBMA PM or reliable XAUUSD spot for benchmark-grade v0.2 pricing.,0.055525361160558395,0.07406383375352754,0.08460677700606523,0.12723162891982498,1.8055581846297937,1.0,3.2423604133143105,False,,test_2019_2026,bull,159894,42758,117136,-23133.0,0.4358974358974359,0.0942860483547766,20494,110969,-90475,0.6474358974358975,0.5362534237430165,74894,262796,-187902,0.1346153846153846,-1.284483676404746,598629,-4509.0,0.7756410256410257,0.6878392781056324
2020-08-04,2001.199951171875,COMEX GC futures proxy via Yahoo Finance GC=F,Keep GC futures for COT/COMEX alignment; use licensed LBMA PM or reliable XAUUSD spot for benchmark-grade v0.2 pricing.,0.02905332514969894,0.08619188268210953,0.10918967150622261,0.16708462597447316,0.8356107498151464,1.0,3.41568699978765,False,,test_2019_2026,bull,165357,51885,113472,-3664.0,0.4358974358974359,0.05821013143419372,19158,116748,-97590,0.6025641025641025,0.38244725286754583,79645,258400,-178755,0.21794871794871795,-1.1581162036748598,561837,-36792.0,0.6923076923076923,0.24990955786599783
2020-08-11,1932.5999755859373,COMEX GC futures proxy via Yahoo Finance GC=F,Keep GC futures for COT/COMEX alignment; use licensed LBMA PM or reliable XAUUSD spot for benchmark-grade v0.2 pricing.,-0.03427942097728243,-0.0062220269911799075,0.06738097958966272,0.1173681792700243,-1.4240205773473333,0.9871794871794872,2.924313477022756,False,,test_2019_2026,bull,155418,57726,97692,-15780.0,0.3974358974358974,-0.09861099888572883,20119,113766,-93647,0.6282051282051282,0.45608189612975436,81712,256396,-174684,0.24358974358974358,-1.0948336657201596,553345,-8492.0,0.6666666666666666,0.14480840888179453
2020-08-18,1999.4000244140625,COMEX GC futures proxy via Yahoo Finance GC=F,Keep GC futures for COT/COMEX alignment; use licensed LBMA PM or reliable XAUUSD spot for benchmark-grade v0.2 pricing.,0.03456486063954989,-0.0008994237466168897,0.08521493590944273,0.1282659285365484,1.0235075207643873,0.9935897435897436,3.162698769263908,False,,test_2019_2026,bull,151016,55578,95438,-2254.0,0.391025641025641,-0.11556409325730184,19419,110411,-90992,0.6410256410256411,0.5019488576244822,82563,259342,-176779,0.23717948717948717,-1.1061831071510757,544010,-9335.0,0.6410256410256411,0.03179807130761408
2020-08-25,1911.800048828125,COMEX GC futures proxy via Yahoo Finance GC=F,Keep GC futures for COT/COMEX alignment; use licensed LBMA PM or reliable XAUUSD spot for benchmark-grade v0.2 pricing.,-0.043813131197499744,-0.010762665331973897,-0.01691772672896119,0.06625769594429731,-1.6829128919362986,0.9743589743589743,2.617772485357172,False,,test_2019_2026,bull,145055,58206,86849,-8589.0,0.38461538461538464,-0.1960202636091944,21545,114604,-93059,0.6217948717948718,0.4491630348457452,83785,257171,-173386,0.2564102564102564,-1.0530182288725827,549282,5272.0,0.6538461538461539,0.09303866568991667
2020-09-01,1968.199951171875,COMEX GC futures proxy via Yahoo Finance GC=F,Keep GC futures for COT/COMEX alignment; use licensed LBMA PM or reliable XAUUSD spot for benchmark-grade v0.2 pricing.,0.0295009419935528,-0.015604717845960292,-0.016490106338787225,0.0908990158732006,0.8440383667118593,0.9871794871794872,2.81628663539173,False,,test_2019_2026,bull,147175,49433,97742,10893.0,0.4166666666666667,-0.07453673249318508,17887,115747,-97860,0.5769230769230769,0.33822214724563304,80332,259878,-179546,0.21153846153846154,-1.1140486675245125,547704,-1578.0,0.6538461538461539,0.07593527593040854
2020-09-08,1933.0,COMEX GC futures proxy via Yahoo Finance GC=F,Keep GC futures for COT/COMEX alignment; use licensed LBMA PM or reliable XAUUSD spot for benchmark-grade v0.2 pricing.,-0.01788433698055769,0.011089000225138479,0.00020698769487537128,0.06760191431818185,-0.8159553220588691,0.9743589743589743,2.5631100984103155,False,,test_2019_2026,bull,155528,51236,104292,6550.0,0.4358974358974359,0.00361244767209146,17766,118943,-101177,0.5576923076923077,0.2577913656723904,79781,259644,-179863,0.21153846153846154,-1.105819271696086,557457,9753.0,0.6858974358974359,0.19257009679322376
2020-09-15,1956.300048828125,COMEX GC futures proxy via Yahoo Finance GC=F,Keep GC futures for COT/COMEX alignment; use licensed LBMA PM or reliable XAUUSD spot for benchmark-grade v0.2 pricing.,0.012053827640002623,-0.00604608405597451,-0.021556454466168273,0.06182154955750496,0.23105187699625065,0.9807692307692307,2.6016472979422844,False,,test_2019_2026,bull,166571,55473,111098,6806.0,0.4551282051282051,0.08372162999489412,19681,121622,-101941,0.5512820512820513,0.2313697113243479,81024,264269,-183245,0.1794871794871795,-1.1324942427271367,578925,21468.0,0.7371794871794872,0.4445768483650947
2020-09-22,1898.5999755859373,COMEX GC futures proxy via Yahoo Finance GC=F,Keep GC futures for COT/COMEX alignment; use licensed LBMA PM or reliable XAUUSD spot for benchmark-grade v0.2 pricing.,-0.029494490518850447,-0.017796184383891744,-0.006904526051392801,-0.023705443895423506,-1.1773367447373786,0.9487179487179487,2.2663245223789494,False,,test_2019_2026,bull,144670,63222,81448,-29650.0,0.3782051282051282,-0.22205212685714373,20734,113771,-93037,0.6217948717948718,0.41368463138815476,83669,257040,-173371,0.28205128205128205,-1.0030556870327403,575877,-3048.0,0.7243589743589743,0.4065101937442213
2020-09-29,1894.300048828125,COMEX GC futures proxy via Yahoo Finance GC=F,Keep GC futures for COT/COMEX alignment; use licensed LBMA PM or reliable XAUUSD spot for benchmark-grade v0.2 pricing.,-0.00226478816659903,-0.031692479912342475,-0.037546948570824634,-0.053417901734981954,-0.2598834290578352,0.9423076923076923,2.195373098087164,False,,test_2019_2026,bull,140320,45948,94372,12924.0,0.40384615384615385,-0.07967384179216433,18095,114937,-96842,0.5769230769230769,0.32101923993827014,80681,270017,-189336,0.1346153846153846,-1.176643722082857,562396,-13481.0,0.6987179487179487,0.24506049345570083
2020-10-06,1901.0999755859373,COMEX GC futures proxy via Yahoo Finance GC=F,Keep GC futures for COT/COMEX alignment; use licensed LBMA PM or reliable XAUUSD spot for benchmark-grade v0.2 pricing.,0.0035896777609327746,0.0013167597346188664,-0.01650285794829942,-0.016299286141949643,-0.0495795287711463,0.9487179487179487,2.177735258373984,False,,test_2019_2026,bull,139350,44738,94612,240.0,0.41025641025641024,-0.07203842350781017,17090,114476,-97386,0.5705128205128205,0.29937155501086277,80604,271686,-191082,0.11538461538461539,-1.1817499058863756,555555,-6841.0,0.6666666666666666,0.16191320151818442
2020-10-13,1888.5,COMEX GC futures proxy via Yahoo Finance GC=F,Keep GC futures for COT/COMEX alignment; use licensed LBMA PM or reliable XAUUSD spot for benchmark-grade v0.2 pricing.,-0.006627729076717159,-0.0030618427274565763,-0.03465728525066436,-0.05546665152540575,-0.41421755436030866,0.9294871794871795,2.0747736258548755,False,,test_2019_2026,bull,138169,56388,81781,-12831.0,0.38461538461538464,-0.20270339911617086,15637,116151,-100514,0.5384615384615384,0.21990161324439403,80511,264652,-184141,0.19230769230769232,-1.0862095663893037,553197,-2358.0,0.6474358974358975,0.13232956670891924
2020-10-20,1910.4000244140625,COMEX GC futures proxy via Yahoo Finance GC=F,Keep GC futures for COT/COMEX alignment; use licensed LBMA PM or reliable XAUUSD spot for benchmark-grade v0.2 pricing.,0.011596518090581043,0.004891930433726266,0.006215131665364915,-0.0007323069245241953,0.22207197722333868,0.9487179487179487,2.128529866905992,False,,test_2019_2026,bull,149108,58543,90565,8784.0,0.40384615384615385,-0.10409564810557251,16306,117914,-101608,0.5256410256410257,0.1854377116189012,80534,273050,-192516,0.10897435897435898,-1.1689753775951892,562993,9796.0,0.6987179487179487,0.24483715320158836
2020-10-27,1908.800048828125,COMEX GC futures proxy via Yahoo Finance GC=F,Keep GC futures for COT/COMEX alignment; use licensed LBMA PM or reliable XAUUSD spot for benchmark-grade v0.2 pricing.,-0.0008375081477651758,0.010749297764429455,0.007654542377787621,-0.030179810902029036,-0.212933471011167,0.9423076923076923,2.0771582400493793,False,,test_2019_2026,bull,149140,47265,101875,11310.0,0.46794871794871795,0.02086567103558087,16885,110953,-94068,0.6025641025641025,0.34521127887247344,78297,280691,-202394,0.08333333333333333,-1.2671627500646487,560900,-2093.0,0.6730769230769231,0.21800192202115484
2020-11-03,1908.5,COMEX GC futures proxy via Yahoo Finance GC=F,Keep GC futures for COT/COMEX alignment; use licensed LBMA PM or reliable XAUUSD spot for benchmark-grade v0.2 pricing.,-0.00015719238288436355,-0.0009945688807480035,0.0038924961912021327,-0.01267459906880497,-0.1918301847474545,0.9358974358974359,2.0336646297105405,False,,test_2019_2026,bull,140094,49399,90695,-11180.0,0.41025641025641024,-0.09318206249405284,15422,108060,-92638,0.6217948717948718,0.36783720308470647,76841,273541,-196700,0.08974358974358974,-1.1850474701181235,544774,-16126.0,0.6025641025641025,0.027687558675681127
2020-11-10,1875.4000244140625,COMEX GC futures proxy via Yahoo Finance GC=F,Keep GC futures for COT/COMEX alignment; use licensed LBMA PM or reliable XAUUSD spot for benchmark-grade v0.2 pricing.,-0.017343450660695536,-0.01749791678524315,-0.00693670933859547,-0.04135358707501113,-0.7998570936233317,0.9038461538461539,1.852639000819586,False,,test_2019_2026,bull,130105,50322,79783,-10912.0,0.3717948717948718,-0.20370235684384802,15986,108842,-92856,0.6153846153846154,0.3527366931933957,75840,266407,-190567,0.15384615384615385,-1.0994982388483432,547449,2675.0,0.6153846153846154,0.05807437266250764
2020-11-17,1884.5,COMEX GC futures proxy via Yahoo Finance GC=F,Keep GC futures for COT/COMEX alignment; use licensed LBMA PM or reliable XAUUSD spot for benchmark-grade v0.2 pricing.,0.004852285095165554,-0.012575320932669665,-0.01355738279055263,-0.007426512044268696,-0.010075771458759524,0.9038461538461539,1.8578713134977292,False,,test_2019_2026,bull,139550,49103,90447,10664.0,0.41025641025641024,-0.08390400054636787,16015,113514,-97499,0.5448717948717948,0.23481476868657394,74682,271755,-197073,0.08974358974358974,-1.1597661732806797,557533,10084.0,0.6602564102564102,0.174750812105726
2020-11-24,1804.800048828125,COMEX GC futures proxy via Yahoo Finance GC=F,Keep GC futures for COT/COMEX alignment; use licensed LBMA PM or reliable XAUUSD spot for benchmark-grade v0.2 pricing.,-0.042292359337689045,-0.037645288827377166,-0.05448449148136236,-0.04724700295255102,-1.61339341326283,0.8782051282051282,1.4890574067469953,False,,test_2019_2026,bull,137503,52155,85348,-5099.0,0.40384615384615385,-0.13135855462549278,16425,112076,-95651,0.5641025641025641,0.2674026413480002,74823,264001,-189178,0.1794871794871795,-1.0557415068048492,555253,-2280.0,0.6346153846153846,0.14413624842099088
2020-12-01,1814.0999755859373,COMEX GC futures proxy via Yahoo Finance GC=F,Keep GC futures for COT/COMEX alignment; use licensed LBMA PM or reliable XAUUSD spot for benchmark-grade v0.2 pricing.,0.005152884810619707,-0.03735740218310568,-0.049462941794112036,-0.04576297991544909,0.027458361664353614,0.8846153846153846,1.5063320543534986,False,,test_2019_2026,bull,134446,48903,85543,195.0,0.41025641025641024,-0.12593163562463253,18504,119429,-100925,0.5,0.13490736099912437,73475,265813,-192338,0.1346153846153846,-1.0782359195056461,538042,-17211.0,0.5641025641025641,-0.06353143691654918
2020-12-08,1870.800048828125,COMEX GC futures proxy via Yahoo Finance GC=F,Keep GC futures for COT/COMEX alignment; use licensed LBMA PM or reliable XAUUSD spot for benchmark-grade v0.2 pricing.,0.031255208646300936,0.03656914794680688,-0.0024527970171989155,-0.009372492015819467,0.89553265093178,0.8910256410256411,1.721079136266336,False,,test_2019_2026,bull,147844,49033,98811,13268.0,0.4807692307692308,0.015593612590134255,15367,118240,-102873,0.46794871794871795,0.08443478262006407,71031,268881,-197850,0.08974358974358974,-1.1274840827054178,549520,11478.0,0.6153846153846154,0.06437401341895507
2020-12-15,1852.300048828125,COMEX GC futures proxy via Yahoo Finance GC=F,Keep GC futures for COT/COMEX alignment; use licensed LBMA PM or reliable XAUUSD spot for benchmark-grade v0.2 pricing.,-0.009888817360031887,0.021057314236416103,-0.0170867345035155,-0.030412465893763452,-0.5033396927610849,0.8846153846153846,1.6161662835458794,False,,test_2019_2026,bull,151901,50022,101879,3068.0,0.5,0.04726248040275015,14192,118294,-104102,0.46153846153846156,0.05125071055623813,69353,271593,-202240,0.08974358974358974,-1.1631003390892638,550366,846.0,0.6153846153846154,0.06729841112085805
2020-12-21,1879.199951171875,COMEX GC futures proxy via Yahoo Finance GC=F,Keep GC futures for COT/COMEX alignment; use licensed LBMA PM or reliable XAUUSD spot for benchmark-grade v0.2 pricing.,0.014522432454055378,0.004490005411861953,0.04122334903085734,-0.015507175659610017,0.33395710969897163,0.8974358974358975,1.7014342853218776,False,,test_2019_2026,bull,158194,50070,108124,6245.0,0.5192307692307693,0.11460106827036298,12636,120377,-107741,0.4423076923076923,-0.04045107060910429,68376,275734,-207358,0.057692307692307696,-1.2061659575085828,560769,10403.0,0.6666666666666666,0.1837001152447639
2020-12-29,1879.699951171875,COMEX GC futures proxy via Yahoo Finance GC=F,Keep GC futures for COT/COMEX alignment; use licensed LBMA PM or reliable XAUUSD spot for benchmark-grade v0.2 pricing.,0.00026607067528305883,0.014792367122748118,0.0361611688819683,-0.015090410703759494,-0.1456920747620245,0.8974358974358975,1.6753239134325224,False,,test_2019_2026,range,159673,50678,108995,871.0,0.5256410256410257,0.126821998959742,12327,117811,-105484,0.44871794871794873,0.005272835146153313,69183,270953,-201770,0.10256410256410256,-1.1270815111686276,556414,-4355.0,0.6410256410256411,0.12758028393084175
2021-01-05,1952.699951171875,COMEX GC futures proxy via Yahoo Finance GC=F,Keep GC futures for COT/COMEX alignment; use licensed LBMA PM or reliable XAUUSD spot for benchmark-grade v0.2 pricing.,0.03883598547443112,0.03911238926659455,0.043778009517934535,0.041217833929571235,1.1696849395851767,0.9743589743589743,1.942160320168529,False,,test_2019_2026,bull,167096,50527,116569,7574.0,0.5576923076923077,0.21486094491529012,13307,118767,-105460,0.44871794871794873,-0.005217500443754766,66849,282312,-215463,0.02564102564102564,-1.2671699813832367,568888,12474.0,0.7051282051282052,0.27548593506006186
2021-01-12,1842.9000244140625,COMEX GC futures proxy via Yahoo Finance GC=F,Keep GC futures for COT/COMEX alignment; use licensed LBMA PM or reliable XAUUSD spot for benchmark-grade v0.2 pricing.,-0.05622979951011842,-0.01957755371269232,-0.00507478495182756,-0.02207480795220884,-1.9838995138494337,0.8589743589743589,1.4661539146955205,False,,test_2019_2026,range,131057,52823,78234,-38335.0,0.358974358974359,-0.19273071797643762,15210,113944,-98734,0.5128205128205128,0.14515851340814,67748,259315,-191567,0.1794871794871795,-0.9810269594897517,555538,-13350.0,0.6282051282051282,0.11818403453165349
2021-01-19,1839.5,COMEX GC futures proxy via Yahoo Finance GC=F,Keep GC futures for COT/COMEX alignment; use licensed LBMA PM or reliable XAUUSD spot for benchmark-grade v0.2 pricing.,-0.0018449315584243564,-0.05797099093690261,-0.021125985634002364,0.019226479517443495,-0.18200068750884935,0.8461538461538461,1.4310823416634553,False,,test_2019_2026,range,127161,49090,78071,-163.0,0.358974358974359,-0.18624041427202395,13477,114372,-100895,0.4935897435897436,0.078925445818852,67123,253695,-186572,0.24358974358974358,-0.9123800233312888,541330,-14208.0,0.5512820512820513,-0.04846240169439916
2021-01-26,1850.699951171875,COMEX GC futures proxy via Yahoo Finance GC=F,Keep GC futures for COT/COMEX alignment; use licensed LBMA PM or reliable XAUUSD spot for benchmark-grade v0.2 pricing.,0.006088584491369842,0.0042324199112713234,-0.015427994229568531,0.020175280347554336,0.08120182272250526,0.8589743589743589,1.4551489574673115,False,,test_2019_2026,range,142815,46416,96399,18328.0,0.47435897435897434,0.022033296066948253,10278,113013,-102735,0.4551282051282051,0.019989013815091886,66964,263177,-196213,0.1346153846153846,-1.0096440420841253,534574,-6756.0,0.532051282051282,-0.1273435509597714
2021-02-02,1830.5,COMEX GC futures proxy via Yahoo Finance GC=F,Keep GC futures for COT/COMEX alignment; use licensed LBMA PM or reliable XAUUSD spot for benchmark-grade v0.2 pricing.,-0.010914762903129871,-0.0048926338678988435,-0.06257999397118796,-0.021541612024956414,-0.4809005326154253,0.8333333333333334,1.3537845060727243,False,,test_2019_2026,range,137062,49284,87778,-8621.0,0.4230769230769231,-0.06618489003108093,10760,114887,-104127,0.4358974358974359,-0.026993175618804523,64507,258337,-193830,0.15384615384615385,-0.9699730726784441,520011,-14563.0,0.46794871794871795,-0.3002157215092928
2021-02-09,1835.300048828125,COMEX GC futures proxy via Yahoo Finance GC=F,Keep GC futures for COT/COMEX alignment; use licensed LBMA PM or reliable XAUUSD spot for benchmark-grade v0.2 pricing.,0.0026222610369435184,-0.008321123223674731,-0.0041239218000194144,-0.00917777873555381,-0.029357177125948226,0.8333333333333334,1.353965449989269,False,,test_2019_2026,range,134733,47093,87640,-138.0,0.4230769230769231,-0.06204522363324287,9490,112486,-102996,0.4423076923076923,-0.00942131606633122,63984,253183,-189199,0.23717948717948717,-0.9054012202966368,506741,-13270.0,0.3974358974358974,-0.4583775277459428
2021-02-16,1797.199951171875,COMEX GC futures proxy via Yahoo Finance GC=F,Keep GC futures for COT/COMEX alignment; use licensed LBMA PM or reliable XAUUSD spot for benchmark-grade v0.2 pricing.,-0.020759601505256686,-0.018191777562482914,-0.02299540572336234,-0.043635590746404884,-0.7728366211740237,0.7948717948717948,1.1847437053970156,False,,test_2019_2026,bear,125997,58041,67956,-19684.0,0.358974358974359,-0.27251876288544297,11567,111400,-99833,0.5064102564102564,0.06014656461114522,64698,239943,-175245,0.391025641025641,-0.7364388302826456,503016,-3725.0,0.3717948717948718,-0.5006293889012876
2021-02-23,1804.4000244140625,COMEX GC futures proxy via Yahoo Finance GC=F,Keep GC futures for COT/COMEX alignment; use licensed LBMA PM or reliable XAUUSD spot for benchmark-grade v0.2 pricing.,0.00400627277865917,-0.016836497353003854,-0.025017522007549142,-0.04005954605194717,0.05990897360859089,0.8012820512820513,1.1976609475670499,False,,test_2019_2026,bear,125124,56001,69123,1167.0,0.36538461538461536,-0.25413614861529377,10658,103728,-93070,0.5961538461538461,0.22536972987050946,64009,222668,-158659,0.4935897435897436,-0.5384518041736788,481125,-21891.0,0.24358974358974358,-0.7567583225717962
2021-03-02,1733.0999755859375,COMEX GC futures proxy via Yahoo Finance GC=F,Keep GC futures for COT/COMEX alignment; use licensed LBMA PM or reliable XAUUSD spot for benchmark-grade v0.2 pricing.,-0.03951454658801512,-0.03566657986171251,-0.053209518936936595,-0.11245966153384135,-1.337996998879549,0.7564102564102564,0.9008176400146453,False,,test_2019_2026,bear,106608,60648,45960,-23163.0,0.32051282051282054,-0.5037272068128759,12025,98920,-86895,0.6666666666666666,0.3778697351847321,63300,198608,-135308,0.5576923076923077,-0.2642908098267408,467008,-14117.0,0.1346153846153846,-0.9199475240746887
2021-03-09,1716.5999755859375,COMEX GC futures proxy via Yahoo Finance GC=F,Keep GC futures for COT/COMEX alignment; use licensed LBMA PM or reliable XAUUSD spot for benchmark-grade v0.2 pricing.,-0.009520512510780899,-0.04865886036364697,-0.06467611294293807,-0.06853331551085151,-0.34688940270585555,0.7371794871794872,0.8243784895517133,False,,test_2019_2026,bear,96223,66793,29430,-16530.0,0.2564102564102564,-0.6790115359206915,14579,96258,-81679,0.6923076923076923,0.5071269003960595,63924,190125,-126201,0.5769230769230769,-0.15250057025232822,473871,6863.0,0.1858974358974359,-0.8325084296927358
2021-03-16,1730.5999755859375,COMEX GC futures proxy via Yahoo Finance GC=F,Keep GC futures for COT/COMEX alignment; use licensed LBMA PM or reliable XAUUSD spot for benchmark-grade v0.2 pricing.,0.008155656646343212,-0.001442501895572823,-0.03705763264822626,-0.05920088307369531,0.18757980358357415,0.75,0.8692722402652846,False,,test_2019_2026,bear,100669,59548,41121,11691.0,0.30128205128205127,-0.5439912505951677,15152,94226,-79074,0.6923076923076923,0.5675929214051468,64465,194866,-130401,0.5705128205128205,-0.19286850115522453,476467,2596.0,0.22435897435897437,-0.7948032746395723
2021-03-23,1724.699951171875,COMEX GC futures proxy via Yahoo Finance GC=F,Keep GC futures for COT/COMEX alignment; use licensed LBMA PM or reliable XAUUSD spot for benchmark-grade v0.2 pricing.,-0.003409236390440218,0.004718615694476291,-0.04416984713135785,-0.06808234901622812,-0.17394200525837206,0.7307692307692307,0.8352470011551141,False,,test_2019_2026,bear,107941,64420,43521,2400.0,0.3269230769230769,-0.5096117861189469,15470,93043,-77573,0.6923076923076923,0.5989899663936062,63078,187308,-124230,0.5897435897435898,-0.11602493039696554,485457,8990.0,0.28846153846153844,-0.6839597433839839
2021-03-30,1683.9000244140625,COMEX GC futures proxy via Yahoo Finance GC=F,Keep GC futures for COT/COMEX alignment; use licensed LBMA PM or reliable XAUUSD spot for benchmark-grade v0.2 pricing.,-0.02365624625320495,-0.026984832908057532,-0.028388409131008818,-0.08008739447469948,-1.004168485048398,0.6858974358974359,0.663476310723625,False,,test_2019_2026,bear,113009,69936,43073,-448.0,0.3269230769230769,-0.5084925677388875,16441,89329,-72888,0.7115384615384616,0.7182022908070433,63726,184564,-120838,0.6025641025641025,-0.06965057574169581,467321,-18136.0,0.14102564102564102,-0.8952356545547812
2021-04-06,1741.5,COMEX GC futures proxy via Yahoo Finance GC=F,Keep GC futures for COT/COMEX alignment; use licensed LBMA PM or reliable XAUUSD spot for benchmark-grade v0.2 pricing.,0.03420629179335055,0.009740853078073153,0.014505432114761074,-0.05110883579391723,1.3499759770775117,0.7564102564102564,0.8825837322706186,False,,test_2019_2026,bear,121563,55091,66472,23399.0,0.391025641025641,-0.2450070535954886,11916,90527,-78611,0.6794871794871795,0.5493902913817426,65739,201927,-136188,0.5576923076923077,-0.2398875435540701,463353,-3968.0,0.1282051282051282,-0.9374846656675663
2021-04-13,1746.199951171875,COMEX GC futures proxy via Yahoo Finance GC=F,Keep GC futures for COT/COMEX alignment; use licensed LBMA PM or reliable XAUUSD spot for benchmark-grade v0.2 pricing.,0.0026987948158914143,0.036997402372204835,0.009014200743101108,-0.028377476844880345,0.10953448907269021,0.7628205128205128,0.8902233149106985,False,,test_2019_2026,bear,112070,58263,53807,-12665.0,0.3717948717948718,-0.3799554817103061,11585,86637,-75052,0.6858974358974359,0.6400867490252351,67517,201253,-133736,0.5705128205128205,-0.203035202785395,460733,-2620.0,0.1282051282051282,-0.9621902636877886
2021-04-20,1777.300048828125,COMEX GC futures proxy via Yahoo Finance GC=F,Keep GC futures for COT/COMEX alignment; use licensed LBMA PM or reliable XAUUSD spot for benchmark-grade v0.2 pricing.,0.017810158358656958,0.020557019137597,0.030498115118812397,-0.015018829095137964,0.7314883307340373,0.7756410256410257,1.0014819256960579,False,,test_2019_2026,bear,116843,60419,56424,2617.0,0.391025641025641,-0.34773600301237234,11755,87520,-75765,0.6794871794871795,0.6100871967916218,67853,205281,-137428,0.5576923076923077,-0.23734660720012074,471738,11005.0,0.1987179487179487,-0.8288007013906024
2021-04-27,1778.0,COMEX GC futures proxy via Yahoo Finance GC=F,Keep GC futures for COT/COMEX alignment; use licensed LBMA PM or reliable XAUUSD spot for benchmark-grade v0.2 pricing.,0.0003938283647357821,0.0182110008689349,0.05588216296788806,0.02590734813142115,-0.026690960921376364,0.7756410256410257,0.9915120223297312,False,,test_2019_2026,bear,117144,66493,50651,-5773.0,0.3525641025641026,-0.41271208353101557,11542,83268,-71726,0.7307692307692307,0.7159399559502956,69531,204982,-135451,0.5705128205128205,-0.20414825930546585,473305,1567.0,0.21153846153846154,-0.8065357461902171
2021-05-04,1775.800048828125,COMEX GC futures proxy via Yahoo Finance GC=F,Keep GC futures for COT/COMEX alignment; use licensed LBMA PM or reliable XAUUSD spot for benchmark-grade v0.2 pricing.,-0.0012373178694460307,-0.0008439767955833455,0.019695692694875033,0.03448681934297504,-0.10168995705701106,0.7628205128205128,0.9703010161724079,False,,test_2019_2026,bear,117434,63809,53625,2974.0,0.36538461538461536,-0.38072155555301823,11043,78286,-67243,0.7692307692307693,0.8346663583112531,68469,203149,-134680,0.5833333333333334,-0.18514166859069323,470341,-2964.0,0.19230769230769232,-0.8387380588804433
2021-05-11,1835.9000244140625,COMEX GC futures proxy via Yahoo Finance GC=F,Keep GC futures for COT/COMEX alignment; use licensed LBMA PM or reliable XAUUSD spot for benchmark-grade v0.2 pricing.,0.03384388666145055,0.032564693146266865,0.05136872967038508,0.060845978454653116,1.410060239730304,0.8333333333333334,1.1934810314953266,False,,test_2019_2026,range,131295,49680,81615,27990.0,0.44871794871794873,-0.0747222665120706,16359,87150,-70791,0.7371794871794872,0.7213718297987612,67146,223439,-156293,0.5064102564102564,-0.4345654287907274,498693,28352.0,0.3974358974358974,-0.5048924736402687
2021-05-18,1867.800048828125,COMEX GC futures proxy via Yahoo Finance GC=F,Keep GC futures for COT/COMEX alignment; use licensed LBMA PM or reliable XAUUSD spot for benchmark-grade v0.2 pricing.,0.017375687123400763,0.05180763457052051,0.050919933333525735,0.0829710104409862,0.6959409373451259,0.8653846153846154,1.302249431629977,False,,test_2019_2026,range,141776,49786,91990,10375.0,0.5192307692307693,0.03531763477641827,18969,84133,-65164,0.7756410256410257,0.8739701335417958,67198,234935,-167737,0.46794871794871795,-0.563270658194777,520410,21717.0,0.5,-0.2522170576318094
2021-05-25,1898.0999755859373,COMEX GC futures proxy via Yahoo Finance GC=F,Keep GC futures for COT/COMEX alignment; use licensed LBMA PM or reliable XAUUSD spot for benchmark-grade v0.2 pricing.,0.0162222539702912,0.03387981390311601,0.06754779279299061,0.12720467252585776,0.6169702467363213,0.9102564102564102,1.402175266529731,False,,test_2019_2026,bull,143862,36607,107255,15265.0,0.6025641025641025,0.20164741144214357,12526,90986,-78460,0.6410256410256411,0.47719276413244394,68215,240624,-172409,0.4358974358974359,-0.6104067484999599,510164,-10246.0,0.46153846153846156,-0.3759279382612879
2021-06-01,1902.9000244140625,COMEX GC futures proxy via Yahoo Finance GC=F,Keep GC futures for COT/COMEX alignment; use licensed LBMA PM or reliable XAUUSD spot for benchmark-grade v0.2 pricing.,0.0025288703913730615,0.01879214833941112,0.071573359663895,0.0926787392558499,0.017458919386307503,0.9230769230769231,1.4010905046080837,False,,test_2019_2026,range,147270,37297,109973,2718.0,0.6153846153846154,0.22781302338329693,11017,80820,-69803,0.7371794871794872,0.7242039530908476,64564,242936,-178372,0.3717948717948718,-0.6738696517848658,489198,-20966.0,0.32051282051282054,-0.6262752912005022
2021-06-08,1892.199951171875,COMEX GC futures proxy via Yahoo Finance GC=F,Keep GC futures for COT/COMEX alignment; use licensed LBMA PM or reliable XAUUSD spot for benchmark-grade v0.2 pricing.,-0.005623034896687362,-0.0031083844317741915,0.030666117985254093,0.08361012718046368,-0.3453624194686044,0.8910256410256411,1.340346776384004,False,,test_2019_2026,range,145037,37373,107664,-2309.0,0.5961538461538461,0.1984089420153477,13828,78884,-65056,0.7756410256410257,0.8552356666912351,63894,243644,-179750,0.3525641025641026,-0.6812351639414385,491858,2660.0,0.33974358974358976,-0.5999262809283531
2021-06-15,1854.5,COMEX GC futures proxy via Yahoo Finance GC=F,Keep GC futures for COT/COMEX alignment; use licensed LBMA PM or reliable XAUUSD spot for benchmark-grade v0.2 pricing.,-0.019923872817207644,-0.025434875081766672,-0.00712070268788656,0.04343664493948407,-0.9488572776485688,0.8397435897435898,1.1770101498780723,False,,test_2019_2026,range,138546,41754,96792,-10872.0,0.532051282051282,0.07116556494989228,15205,79346,-64141,0.7884615384615384,0.8796993583521034,65057,232142,-167085,0.4935897435897436,-0.5166912640735796,480127,-11731.0,0.27564102564102566,-0.7396647380681732
2021-06-22,1776.300048828125,COMEX GC futures proxy via Yahoo Finance GC=F,Keep GC futures for COT/COMEX alignment; use licensed LBMA PM or reliable XAUUSD spot for benchmark-grade v0.2 pricing.,-0.042167673859193844,-0.06125140330543344,-0.06416939482874873,-0.0009561030213020016,-1.8282858916213784,0.7243589743589743,0.8590875953011753,False,,test_2019_2026,bear,110038,47502,62536,-34256.0,0.358974358974359,-0.31729841003689174,14480,70690,-56210,0.8782051282051282,1.1050314927450804,66653,212825,-146172,0.5769230769230769,-0.24999991557154386,453940,-26187.0,0.08974358974358974,-1.0464141729683076
2021-06-29,1762.800048828125,COMEX GC futures proxy via Yahoo Finance GC=F,Keep GC futures for COT/COMEX alignment; use licensed LBMA PM or reliable XAUUSD spot for benchmark-grade v0.2 pricing.,-0.00760006734724028,-0.04944726404522781,-0.073624454142869,-0.007320644015399669,-0.3249034044920945,0.7051282051282052,0.795284256538443,False,,test_2019_2026,bear,115438,54056,61382,-1154.0,0.3525641025641026,-0.33578556466156934,14517,68972,-54455,0.8846153846153846,1.149620219118865,67200,207865,-140665,0.5961538461538461,-0.17314769765562127,453360,-580.0,0.08974358974358974,-1.0475339064898588
2021-07-06,1793.5,COMEX GC futures proxy via Yahoo Finance GC=F,Keep GC futures for COT/COMEX alignment; use licensed LBMA PM or reliable XAUUSD spot for benchmark-grade v0.2 pricing.,0.017415447198497525,0.00968302127966636,-0.05216148066738313,-0.023094952802560575,0.7404586991641074,0.7435897435897436,0.904501466102176,False,,test_2019_2026,bear,131218,53258,77960,16578.0,0.3782051282051282,-0.1556399637105439,14158,75008,-60850,0.8205128205128205,0.9613334853275973,66765,220641,-153876,0.5448717948717948,-0.32952573125395945,465811,12451.0,0.14743589743589744,-0.8965647440520007
2021-07-13,1809.4000244140625,COMEX GC futures proxy via Yahoo Finance GC=F,Keep GC futures for COT/COMEX alignment; use licensed LBMA PM or reliable XAUUSD spot for benchmark-grade v0.2 pricing.,0.008865360699226388,0.026435202118876955,-0.02431921034561202,-0.03126674316702327,0.3688953491064111,0.7692307692307693,0.9552326665508066,False,,test_2019_2026,range,135938,49647,86291,8331.0,0.4423076923076923,-0.07014876355751173,14757,75926,-61169,0.8076923076923077,0.9485710334875431,66111,225970,-159859,0.5192307692307693,-0.394782893217156,495798,29987.0,0.3782051282051282,-0.5417868359510927
2021-07-20,1810.9000244140625,COMEX GC futures proxy via Yahoo Finance GC=F,Keep GC futures for COT/COMEX alignment; use licensed LBMA PM or reliable XAUUSD spot for benchmark-grade v0.2 pricing.,0.0008290040785678965,0.009701714197971834,0.019478677382666287,-0.04594065238579248,0.038576091271413065,0.7756410256410257,0.9492425715006791,False,,test_2019_2026,range,135163,44735,90428,4137.0,0.46153846153846156,-0.03263223051736777,14367,78197,-63830,0.7756410256410257,0.8739203592450467,67561,232279,-164718,0.5064102564102564,-0.44653822722475056,490520,-5278.0,0.3525641025641026,-0.6030484089024422
2021-07-27,1799.5,COMEX GC futures proxy via Yahoo Finance GC=F,Keep GC futures for COT/COMEX alignment; use licensed LBMA PM or reliable XAUUSD spot for benchmark-grade v0.2 pricing.,-0.006295225722221298,-0.005471440411452644,0.020819123074266033,-0.054338127640679024,-0.23064383797952115,0.7371794871794872,0.8925645512217449,False,,test_2019_2026,range,131635,41405,90230,-198.0,0.4551282051282051,-0.04498132411232815,13874,70160,-56286,0.8717948717948718,1.093635272214835,67644,240172,-172528,0.44871794871794873,-0.5359754304712157,500187,9667.0,0.40384615384615385,-0.49468695776103416
2021-08-03,1810.0999755859373,COMEX GC futures proxy via Yahoo Finance GC=F,Keep GC futures for COT/COMEX alignment; use licensed LBMA PM or reliable XAUUSD spot for benchmark-grade v0.2 pricing.,0.005890511578737101,-0.0004417962434917211,0.009255631773592121,-0.04338863635161372,0.353832840166095,0.7628205128205128,0.9233249437065084,False,,test_2019_2026,range,132920,43047,89873,-357.0,0.44871794871794873,-0.06130308900542432,17427,73826,-56399,0.8717948717948718,1.094160208332069,73284,248169,-174885,0.41025641025641024,-0.5564337892901977,485663,-14524.0,0.3141025641025641,-0.6684540853144472
2021-08-10,1728.800048828125,COMEX GC futures proxy via Yahoo Finance GC=F,Keep GC futures for COT/COMEX alignment; use licensed LBMA PM or reliable XAUUSD spot for benchmark-grade v0.2 pricing.,-0.04491460574242323,-0.03928866416886634,-0.04454513899547352,-0.06778104673598007,-1.9712347125837129,0.6217948717948718,0.5880902460729445,False,,test_2019_2026,bear,111892,76489,35403,-54470.0,0.21794871794871795,-0.7139813052156092,15344,62975,-47631,0.9166666666666666,1.3535700419418675,72207,220217,-148010,0.6025641025641025,-0.19575141562690848,477232,-8431.0,0.24358974358974358,-0.7677669302689956
2021-08-17,1785.0,COMEX GC futures proxy via Yahoo Finance GC=F,Keep GC futures for COT/COMEX alignment; use licensed LBMA PM or reliable XAUUSD spot for benchmark-grade v0.2 pricing.,0.032508068940633406,-0.013866623901705899,-0.014302293922847986,0.004897793690663121,1.5838312197486815,0.7051282051282052,0.8040532366052591,False,,test_2019_2026,range,117272,58194,59078,23675.0,0.3141025641025641,-0.452659585840363,14549,66385,-51836,0.9038461538461539,1.2388254042697895,73900,236064,-162164,0.5256410256410257,-0.371208850619803,485485,8253.0,0.3076923076923077,-0.6707994748522518
2021-08-24,1805.5999755859373,COMEX GC futures proxy via Yahoo Finance GC=F,Keep GC futures for COT/COMEX alignment; use licensed LBMA PM or reliable XAUUSD spot for benchmark-grade v0.2 pricing.,0.011540602569152458,0.044423834213720426,0.0033898169413377754,0.024279513031704836,0.59131974231702,0.75,0.876591399686285,False,,test_2019_2026,range,126636,51192,75444,16366.0,0.34615384615384615,-0.2718832091058269,14405,69571,-55166,0.8974358974358975,1.148298127399942,73832,253344,-179512,0.36538461538461536,-0.5940743868208925,504735,19250.0,0.4358974358974359,-0.4465877149195158
2021-08-31,1815.0,COMEX GC futures proxy via Yahoo Finance GC=F,Keep GC futures for COT/COMEX alignment; use licensed LBMA PM or reliable XAUUSD spot for benchmark-grade v0.2 pricing.,0.005206039289523234,0.01680672268907557,0.0027070462848199917,0.011987733482018426,0.31840637860857124,0.782051282051282,0.9039991582312757,False,,test_2019_2026,range,136555,54878,81677,6233.0,0.391025641025641,-0.2122620120071899,13580,66321,-52741,0.9102564102564102,1.2266869902896482,72573,260344,-187771,0.2564102564102564,-0.698706784451218,507113,2378.0,0.44871794871794873,-0.42180275261357014
2021-09-07,1795.9000244140625,COMEX GC futures proxy via Yahoo Finance GC=F,Keep GC futures for COT/COMEX alignment; use licensed LBMA PM or reliable XAUUSD spot for benchmark-grade v0.2 pricing.,-0.010523402526687375,-0.005372148484177441,0.03881303429591032,-0.007461036707110513,-0.4547004384019659,0.7051282051282052,0.8152870208107664,False,,test_2019_2026,range,129044,61449,67595,-14082.0,0.32051282051282054,-0.40327255149033453,14223,66798,-52575,0.9166666666666666,1.2379331792328134,72865,256098,-183233,0.32051282051282054,-0.6277427923341169,506772,-341.0,0.4423076923076923,-0.42944461202292
2021-09-14,1804.699951171875,COMEX GC futures proxy via Yahoo Finance GC=F,Keep GC futures for COT/COMEX alignment; use licensed LBMA PM or reliable XAUUSD spot for benchmark-grade v0.2 pricing.,0.004900009264537708,-0.0056749580320247794,0.011036387211134535,-0.0034237523654535584,0.30568660702925365,0.7307692307692307,0.8411293271825239,False,,test_2019_2026,range,130837,59615,71222,3627.0,0.3333333333333333,-0.3764334540315223,13149,67186,-54037,0.9102564102564102,1.202544167812497,72791,253005,-180214,0.3525641025641026,-0.5767163347031828,506356,-416.0,0.42948717948717946,-0.437972338007054
2021-09-21,1776.0,COMEX GC futures proxy via Yahoo Finance GC=F,Keep GC futures for COT/COMEX alignment; use licensed LBMA PM or reliable XAUUSD spot for benchmark-grade v0.2 pricing.,-0.015902893527114492,-0.011080808588192492,-0.01639342932330945,-0.013059183106418404,-0.7358036921398203,0.6538461538461539,0.7118835391408777,False,,test_2019_2026,range,119777,72933,46844,-24378.0,0.23717948717948717,-0.7093146507754454,15089,61902,-46813,0.9551282051282052,1.4203618782436707,72105,237936,-165831,0.5384615384615384,-0.3586387893343933,492765,-13591.0,0.3269230769230769,-0.6026813876227626
2021-09-28,1735.800048828125,COMEX GC futures proxy via Yahoo Finance GC=F,Keep GC futures for COT/COMEX alignment; use licensed LBMA PM or reliable XAUUSD spot for benchmark-grade v0.2 pricing.,-0.022635107641821528,-0.03817803746213333,-0.043636336733815395,-0.04104741603223383,-1.039220404064108,0.6025641025641025,0.5337920844594328,False,,test_2019_2026,range,118923,88062,30861,-15983.0,0.15384615384615385,-0.9397963808528036,18460,60320,-41860,0.9807692307692307,1.5695810495312943,72672,220963,-148291,0.6410256410256411,-0.08396684722566153,490858,-1907.0,0.3141025641025641,-0.6289053134571646
2021-10-05,1759.5999755859375,COMEX GC futures proxy via Yahoo Finance GC=F,Keep GC futures for COT/COMEX alignment; use licensed LBMA PM or reliable XAUUSD spot for benchmark-grade v0.2 pricing.,0.013711214476506361,-0.009234247980891008,-0.0202127336347514,0.017815783137379304,0.7326669307101283,0.6282051282051282,0.6244477264867362,False,,test_2019_2026,range,126745,72579,54166,23305.0,0.2692307692307692,-0.6630766866779156,14867,57675,-42808,0.9743589743589743,1.5473714573747703,77225,238119,-160894,0.5705128205128205,-0.26105423681142687,483789,-7069.0,0.2564102564102564,-0.7152535188656384
2021-10-12,1758.300048828125,COMEX GC futures proxy via Yahoo Finance GC=F,Keep GC futures for COT/COMEX alignment; use licensed LBMA PM or reliable XAUUSD spot for benchmark-grade v0.2 pricing.,-0.000738762659609371,0.012962322483623723,-0.025710591011885553,-0.01495795583858539,0.020894489444818774,0.6217948717948718,0.6090440076236023,False,,test_2019_2026,range,131668,73149,58519,4353.0,0.28205128205128205,-0.621574486793633,14259,62099,-47840,0.9423076923076923,1.3902744465332295,77500,237274,-159774,0.5897435897435898,-0.23016399544702246,484382,593.0,0.2564102564102564,-0.7093685924144619
2021-10-19,1769.699951171875,COMEX GC futures proxy via Yahoo Finance GC=F,Keep GC futures for COT/COMEX alignment; use licensed LBMA PM or reliable XAUUSD spot for benchmark-grade v0.2 pricing.,0.006483479512696233,0.005739927100518516,-0.0035473247906109284,-0.019882601295678648,0.3798703244223364,0.6346153846153846,0.6480540060126145,False,,test_2019_2026,range,124560,66761,57799,-720.0,0.2692307692307692,-0.6468817756350725,12474,63126,-50652,0.9294871794871795,1.2989673887044437,76694,245232,-168538,0.5192307692307693,-0.35894841233978575,485974,1592.0,0.27564102564102566,-0.6913380991950098
2021-10-26,1792.699951171875,COMEX GC futures proxy via Yahoo Finance GC=F,Keep GC futures for COT/COMEX alignment; use licensed LBMA PM or reliable XAUUSD spot for benchmark-grade v0.2 pricing.,0.012996553446684267,0.019564295847387836,0.03278021704295053,-0.012286528279958686,0.682955895908136,0.6794871794871795,0.7375230685663184,False,,test_2019_2026,range,141280,54918,86362,28563.0,0.4230769230769231,-0.2695032180716256,13505,64600,-51095,0.9166666666666666,1.2811972863278454,72885,261444,-188559,0.25,-0.6810672664230358,509794,23820.0,0.46153846153846156,-0.41067742580594085
2021-11-02,1788.699951171875,COMEX GC futures proxy via Yahoo Finance GC=F,Keep GC futures for COT/COMEX alignment; use licensed LBMA PM or reliable XAUUSD spot for benchmark-grade v0.2 pricing.,-0.002231271327577833,0.01073628328204368,0.016537835865931605,-0.004009172640073166,-0.05822408355855501,0.6730769230769231,0.7101826014627768,False,,test_2019_2026,range,136944,51705,85239,-1123.0,0.3974358974358974,-0.30162988941556357,13986,66307,-52321,0.9038461538461539,1.24051028754313,71365,258921,-187556,0.2692307692307692,-0.6586514485130208,507616,-2178.0,0.4423076923076923,-0.4378811541078783
2021-11-09,1830.199951171875,COMEX GC futures proxy via Yahoo Finance GC=F,Keep GC futures for COT/COMEX alignment; use licensed LBMA PM or reliable XAUUSD spot for benchmark-grade v0.2 pricing.,0.02320120821427385,0.02091816869604224,0.040891713784385164,0.014129772643614036,1.1371510428552392,0.782051282051282,0.8827910914669655,False,,test_2019_2026,range,168133,42523,125610,40371.0,0.6538461538461539,0.2601343010398225,17412,76212,-58800,0.8397435897435898,1.0571429820270901,68244,284933,-216689,0.02564102564102564,-1.168567210259932,571025,63409.0,0.717948717948718,0.3172582975306283
2021-11-16,1853.5999755859373,COMEX GC futures proxy via Yahoo Finance GC=F,Keep GC futures for COT/COMEX alignment; use licensed LBMA PM or reliable XAUUSD spot for benchmark-grade v0.2 pricing.,0.012785501605482752,0.03628334890462925,0.047409180498934056,0.04369367994703666,0.622833674422017,0.8333333333333334,0.9761857048900834,False,,test_2019_2026,range,185468,43083,142385,16775.0,0.7051282051282052,0.4946487775999265,17998,86192,-68194,0.717948717948718,0.7869912783331561,68512,287857,-219345,0.02564102564102564,-1.2209726101578027,612612,41587.0,0.8205128205128205,0.8057980981918778
2021-11-23,1783.5,COMEX GC futures proxy via Yahoo Finance GC=F,Keep GC futures for COT/COMEX alignment; use licensed LBMA PM or reliable XAUUSD spot for benchmark-grade v0.2 pricing.,-0.03781828685219857,-0.02551631101398133,-0.005131896816230164,0.027480095535242333,-1.8413338074606185,0.6474358974358975,0.6531771781151352,False,,test_2019_2026,bear,152273,46934,105339,-37046.0,0.5705128205128205,-0.07108061482181527,14322,82848,-68526,0.717948717948718,0.7873187170537683,67987,267295,-199308,0.1282051282051282,-0.8562709865096353,559823,-52789.0,0.6538461538461539,0.168325402506772
2021-11-30,1773.5999755859375,COMEX GC futures proxy via Yahoo Finance GC=F,Keep GC futures for COT/COMEX alignment; use licensed LBMA PM or reliable XAUUSD spot for benchmark-grade v0.2 pricing.,-0.005550896783886983,-0.04315925822922562,-0.008441871749392482,0.007956353827146545,-0.25940538513132977,0.6089743589743589,0.59865580739791,False,,test_2019_2026,bear,137469,45384,92085,-13254.0,0.47435897435897434,-0.28428739810538173,13584,67407,-53823,0.9038461538461539,1.2264680796113112,70183,274963,-204780,0.09615384615384616,-0.9581244676230102,531868,-27955.0,0.5192307692307693,-0.17842013238266533
2021-12-07,1782.5999755859375,COMEX GC futures proxy via Yahoo Finance GC=F,Keep GC futures for COT/COMEX alignment; use licensed LBMA PM or reliable XAUUSD spot for benchmark-grade v0.2 pricing.,0.005074424968362301,-0.0005046394247617547,-0.02600807390223092,0.01382012516806097,0.28935560743024136,0.6410256410256411,0.6299426551761709,False,,test_2019_2026,bear,125067,44326,80741,-11344.0,0.3333333333333333,-0.46955355425947826,11713,65860,-54147,0.8910256410256411,1.2123537619608284,76290,267766,-191476,0.22435897435897437,-0.6947292872822497,499307,-32561.0,0.34615384615384615,-0.5850348927622626
2021-12-14,1770.4000244140625,COMEX GC futures proxy via Yahoo Finance GC=F,Keep GC futures for COT/COMEX alignment; use licensed LBMA PM or reliable XAUUSD spot for benchmark-grade v0.2 pricing.,-0.006843908526288911,-0.0018042124582335894,-0.04488560221607396,0.0003955886655948593,-0.30813973247627846,0.5897435897435898,0.5639488267563496,False,,test_2019_2026,range,121492,58075,63417,-17324.0,0.2564102564102564,-0.7461066873865709,11823,63346,-51523,0.9294871794871795,1.2864228866710752,76488,256376,-179888,0.41025641025641024,-0.4550810277883444,503709,4402.0,0.3782051282051282,-0.5427157011328312
2021-12-21,1787.9000244140625,COMEX GC futures proxy via Yahoo Finance GC=F,Keep GC futures for COT/COMEX alignment; use licensed LBMA PM or reliable XAUUSD spot for benchmark-grade v0.2 pricing.,0.0098847716666699,0.002973212667291225,0.0024670728421993804,-0.0026774847372951216,0.5328842217294244,0.6538461538461539,0.6355188179636296,False,,test_2019_2026,range,124120,52372,71748,8331.0,0.28846153846153844,-0.6214928694780375,11693,67486,-55793,0.8653846153846154,1.1550272179233907,74493,254729,-180236,0.3974358974358974,-0.4519877621610217,500846,-2863.0,0.3525641025641026,-0.5850574022857912
2021-12-28,1810.199951171875,COMEX GC futures proxy via Yahoo Finance GC=F,Keep GC futures for COT/COMEX alignment; use licensed LBMA PM or reliable XAUUSD spot for benchmark-grade v0.2 pricing.,0.012472692238549854,0.02248075362006663,0.020635981106081225,0.012019903050768388,0.6479685263993155,0.7435897435897436,0.7302469171680879,False,,test_2019_2026,range,130389,46726,83663,11915.0,0.36538461538461536,-0.44068690096243424,11047,69200,-58153,0.8397435897435898,1.0794115998218572,74017,261528,-187511,0.3076923076923077,-0.5908425922076551,508912,8066.0,0.4358974358974359,-0.49185842141301583
2022-01-04,1814.0,COMEX GC futures proxy via Yahoo Finance GC=F,Keep GC futures for COT/COMEX alignment; use licensed LBMA PM or reliable XAUUSD spot for benchmark-grade v0.2 pricing.,0.0020992425868009423,0.014598118032070007,0.01761473400881286,-0.008851465197287411,0.17278049653165767,0.7564102564102564,0.7383224124474312,False,,test_2019_2026,range,124252,44744,79508,-4155.0,0.3141025641025641,-0.5122312343583784,11574,65049,-53475,0.8974358974358975,1.214363209084461,74428,258411,-183983,0.36538461538461536,-0.5081853944183581,502717,-6195.0,0.358974358974359,-0.5743690303776806
2022-01-11,1818.5999755859373,COMEX GC futures proxy via Yahoo Finance GC=F,Keep GC futures for COT/COMEX alignment; use licensed LBMA PM or reliable XAUUSD spot for benchmark-grade v0.2 pricing.,0.0025358189558639666,0.004640384841809508,0.027225457810207132,-0.018882175475286256,0.14947515990713514,0.7692307692307693,0.7503867780766044,False,,test_2019_2026,range,119297,44987,74310,-5198.0,0.27564102564102566,-0.6014437470686393,15004,65710,-50706,0.9423076923076923,1.2919518356709598,81976,256343,-174367,0.5256410256410257,-0.2955275136471877,546516,43799.0,0.5576923076923077,-0.0329052851401829
2022-01-18,1812.300048828125,COMEX GC futures proxy via Yahoo Finance GC=F,Keep GC futures for COT/COMEX alignment; use licensed LBMA PM or reliable XAUUSD spot for benchmark-grade v0.2 pricing.,-0.003464163005821308,-0.0009371285401736928,0.013647309178855815,0.016148050926899415,-0.18878240407445898,0.7435897435897436,0.7103312272489664,False,,test_2019_2026,range,119807,48014,71793,-2517.0,0.2692307692307692,-0.6505869923239482,19188,70150,-50962,0.9358974358974359,1.2801232131972473,87223,257329,-170106,0.5961538461538461,-0.19074069563460158,539204,-7312.0,0.532051282051282,-0.12613245948768265
2022-01-25,1852.699951171875,COMEX GC futures proxy via Yahoo Finance GC=F,Keep GC futures for COT/COMEX alignment; use licensed LBMA PM or reliable XAUUSD spot for benchmark-grade v0.2 pricing.,0.02229206050613608,0.018750674168986015,0.023478069354982978,0.044598543456680906,1.2352876164125126,0.8269230769230769,0.896153344484473,False,,test_2019_2026,range,140640,39265,101375,29582.0,0.5384615384615384,-0.19068269144042482,13494,79264,-65770,0.7243589743589743,0.8419259546503479,86207,270183,-183976,0.3717948717948718,-0.48341774326092707,572078,32874.0,0.7115384615384616,0.27714066342609917
2022-02-01,1800.300048828125,COMEX GC futures proxy via Yahoo Finance GC=F,Keep GC futures for COT/COMEX alignment; use licensed LBMA PM or reliable XAUUSD spot for benchmark-grade v0.2 pricing.,-0.02828299439993287,-0.0066214201162547726,-0.0075523435346609435,0.009929357951645512,-1.5395435629094438,0.6666666666666666,0.6298918009795804,False,,test_2019_2026,range,108309,58395,49914,-51461.0,0.1346153846153846,-1.0098991517684157,13294,65627,-52333,0.8974358974358975,1.2292999561832305,95639,244648,-149009,0.75,0.31227877973376184,515331,-56747.0,0.44871794871794873,-0.4353401135530365
2022-02-08,1826.5999755859373,COMEX GC futures proxy via Yahoo Finance GC=F,Keep GC futures for COT/COMEX alignment; use licensed LBMA PM or reliable XAUUSD spot for benchmark-grade v0.2 pricing.,0.014608635252180147,-0.014087535096780734,0.004398988291761441,0.03174421057211352,0.7906416901811171,0.7628205128205128,0.749856706374075,False,,test_2019_2026,bull,117234,47767,69467,19553.0,0.24358974358974358,-0.7033769746975802,12653,66144,-53491,0.8717948717948718,1.187281394557582,97101,255044,-157943,0.7051282051282052,0.12818830808959666,512842,-2489.0,0.4358974358974359,-0.4704123996971334
2022-02-15,1854.800048828125,COMEX GC futures proxy via Yahoo Finance GC=F,Keep GC futures for COT/COMEX alignment; use licensed LBMA PM or reliable XAUUSD spot for benchmark-grade v0.2 pricing.,0.015438559957902998,0.030272731501327144,0.023450862911735593,0.03741821326725869,0.8031414778845154,0.8397435897435898,0.8796721887142149,False,,test_2019_2026,range,151530,43824,107706,38239.0,0.5833333333333334,-0.09622897296552387,13840,77522,-63682,0.75,0.8823233043309141,97299,272492,-175193,0.5128205128205128,-0.2590894080140497,558645,45803.0,0.6410256410256411,0.09973210828809442
2022-02-22,1906.0999755859373,COMEX GC futures proxy via Yahoo Finance GC=F,Keep GC futures for COT/COMEX alignment; use licensed LBMA PM or reliable XAUUSD spot for benchmark-grade v0.2 pricing.,0.027657928298106205,0.0435234868403509,0.02882281309517265,0.05297758645500972,1.4183921248292226,0.9230769230769231,1.125113074705514,False,,test_2019_2026,bull,183356,44380,138976,31270.0,0.6858974358974359,0.3968541173443257,14747,85658,-70911,0.6602564102564102,0.6677219334295408,97911,296722,-198811,0.14102564102564102,-0.8027813794191166,611488,52843.0,0.8141025641025641,0.753766112670683
2022-03-01,1942.4000244140625,COMEX GC futures proxy via Yahoo Finance GC=F,Keep GC futures for COT/COMEX alignment; use licensed LBMA PM or reliable XAUUSD spot for benchmark-grade v0.2 pricing.,0.01904414736533777,0.04722879732577301,0.07893127352767393,0.07078281389970376,0.9336076531545526,0.9615384615384616,1.2971453085950504,False,,test_2019_2026,bull,187215,38594,148621,9645.0,0.717948717948718,0.5414245126111555,18689,94503,-75814,0.6282051282051282,0.5256941521082246,95700,305695,-209995,0.0641025641025641,-1.0681564990717587,615600,4112.0,0.8269230769230769,0.7947307950425465
2022-03-08,2040.0999755859373,COMEX GC futures proxy via Yahoo Finance GC=F,Keep GC futures for COT/COMEX alignment; use licensed LBMA PM or reliable XAUUSD spot for benchmark-grade v0.2 pricing.,0.05029857390026882,0.07030061471922955,0.11688382943918163,0.12179698832814223,2.4642826520094028,1.0,1.7743454455178447,False,,test_2019_2026,bull,181510,38537,142973,-5648.0,0.6987179487179487,0.44113242357791277,23736,99813,-76077,0.6282051282051282,0.5221310925647646,100587,331456,-230869,0.00641025641025641,-1.5763728586215517,638502,22902.0,0.8717948717948718,1.0699498843250277
2022-03-15,1928.5,COMEX GC futures proxy via Yahoo Finance GC=F,Keep GC futures for COT/COMEX alignment; use licensed LBMA PM or reliable XAUUSD spot for benchmark-grade v0.2 pricing.,-0.05470318951103592,-0.007156108030968333,0.03973471491896885,0.06411739118310611,-2.7643933458229024,0.9358974358974359,1.1947628212259211,False,,test_2019_2026,bull,165597,39060,126537,-16436.0,0.6282051282051282,0.166540069001487,26287,93725,-67438,0.7051282051282052,0.7756643775578431,96765,326768,-230003,0.01282051282051282,-1.55644115550828,617605,-20897.0,0.8333333333333334,0.7990211038705802
2022-03-22,1920.699951171875,COMEX GC futures proxy via Yahoo Finance GC=F,Keep GC futures for COT/COMEX alignment; use licensed LBMA PM or reliable XAUUSD spot for benchmark-grade v0.2 pricing.,-0.004044619563456031,-0.0585265554840122,0.007659606407292241,0.0367031909063249,-0.3067875016742504,0.9294871794871795,1.1442527804126643,False,,test_2019_2026,bull,152589,37457,115132,-11405.0,0.5961538461538461,-0.0249564958521517,28886,93799,-64913,0.7307692307692307,0.8481087105871616,103016,319698,-216682,0.05128205128205128,-1.2116448179213575,605191,-12414.0,0.7756410256410257,0.6359594635268487
2022-03-29,1912.0,COMEX GC futures proxy via Yahoo Finance GC=F,Keep GC futures for COT/COMEX alignment; use licensed LBMA PM or reliable XAUUSD spot for benchmark-grade v0.2 pricing.,-0.004529573276954024,-0.008555872439720003,-0.015650753723210453,0.06204518588142238,-0.3533380199476399,0.9230769230769231,1.090425127822668,False,,test_2019_2026,bull,146486,38184,108302,-6830.0,0.5576923076923077,-0.14616282773277053,18389,70315,-51926,0.9038461538461539,1.2247720706420615,89623,323634,-234011,0.00641025641025641,-1.652780947982918,574521,-30670.0,0.6923076923076923,0.24347235844331386
2022-04-05,1922.9000244140625,COMEX GC futures proxy via Yahoo Finance GC=F,Keep GC futures for COT/COMEX alignment; use licensed LBMA PM or reliable XAUUSD spot for benchmark-grade v0.2 pricing.,0.00570084958894479,0.0011454538960367078,-0.05744814105897622,0.05272092965907005,0.18151216157224692,0.9294871794871795,1.1383714902536388,False,,test_2019_2026,bull,148320,46693,101627,-6675.0,0.4935897435897436,-0.26406059086184547,18989,71333,-52344,0.8846153846153846,1.2093919960526032,87989,314403,-226414,0.03205128205128205,-1.4506356049071714,560666,-13855.0,0.6089743589743589,0.06043973875670354
2022-04-12,1972.0999755859373,COMEX GC futures proxy via Yahoo Finance GC=F,Keep GC futures for COT/COMEX alignment; use licensed LBMA PM or reliable XAUUSD spot for benchmark-grade v0.2 pricing.,0.025586328226745225,0.03143304162444416,0.022608232090193026,0.06324127866608764,1.1467827218004745,0.9807692307692307,1.3906229255860338,False,,test_2019_2026,bull,165244,48219,117025,15398.0,0.6025641025641025,-0.024108876093765132,20272,72001,-51729,0.9166666666666666,1.2315729453169315,88326,324690,-236364,0.00641025641025641,-1.7356996764716728,577639,16973.0,0.7051282051282052,0.2658752018233727
2022-04-19,1955.699951171875,COMEX GC futures proxy via Yahoo Finance GC=F,Keep GC futures for COT/COMEX alignment; use licensed LBMA PM or reliable XAUUSD spot for benchmark-grade v0.2 pricing.,-0.008316020798686763,0.01705753099036289,0.018222523501729482,0.026021707266792538,-0.5169331893545668,0.9615384615384616,1.296164432359281,False,,test_2019_2026,bull,157560,56294,101266,-15759.0,0.47435897435897434,-0.3096825116263716,22596,72545,-49949,0.9615384615384616,1.2912333848714146,89457,315033,-225576,0.04487179487179487,-1.4801935369410675,575202,-2437.0,0.6858974358974359,0.22538013949701308
2022-04-26,1901.4000244140625,COMEX GC futures proxy via Yahoo Finance GC=F,Keep GC futures for COT/COMEX alignment; use licensed LBMA PM or reliable XAUUSD spot for benchmark-grade v0.2 pricing.,-0.027764957873663287,-0.035850084705198015,-0.005543920285532189,-0.021107907477692645,-1.4306776968847694,0.8589743589743589,0.9950116625413593,False,,test_2019_2026,bull,138215,57098,81117,-20149.0,0.26282051282051283,-0.6722784015831185,22665,66838,-44173,0.9871794871794872,1.4567393219662987,90532,295653,-205121,0.14743589743589744,-0.9077551476355863,557785,-17417.0,0.5769230769230769,-0.008652300688023829
2022-05-03,1868.800048828125,COMEX GC futures proxy via Yahoo Finance GC=F,Keep GC futures for COT/COMEX alignment; use licensed LBMA PM or reliable XAUUSD spot for benchmark-grade v0.2 pricing.,-0.017145248326155604,-0.044434169102309795,-0.028134575328440437,-0.08396643733531406,-0.8895549457761197,0.782051282051282,0.8084949130981195,False,,test_2019_2026,range,128828,60981,67847,-13270.0,0.16666666666666666,-0.9176052038506411,23431,63612,-40181,1.0,1.5687531755816009,92223,283894,-191671,0.28205128205128205,-0.4992454739650419,560441,2656.0,0.5897435897435898,0.016670364074099418
2022-05-10,1839.9000244140625,COMEX GC futures proxy via Yahoo Finance GC=F,Keep GC futures for COT/COMEX alignment; use licensed LBMA PM or reliable XAUUSD spot for benchmark-grade v0.2 pricing.,-0.015464481838056932,-0.032344587782863754,-0.06703511627629144,-0.04594242965306583,-0.7771464541907152,0.717948717948718,0.6383219426568943,False,,test_2019_2026,range,123931,61939,61992,-5855.0,0.1346153846153846,-1.0224531469554772,22242,65143,-42901,0.9807692307692307,1.4780848962484767,89722,274577,-184855,0.4230769230769231,-0.2707459231049526,571447,11006.0,0.6538461538461539,0.15570451249821557
2022-05-17,1818.199951171875,COMEX GC futures proxy via Yahoo Finance GC=F,Keep GC futures for COT/COMEX alignment; use licensed LBMA PM or reliable XAUUSD spot for benchmark-grade v0.2 pricing.,-0.011794158896811902,-0.027076250178813877,-0.07030730860202183,-0.053365961683636054,-0.5700684884699467,0.6666666666666666,0.5054142062026592,False,,test_2019_2026,range,115572,72212,43360,-18632.0,0.04487179487179487,-1.3590898678472498,24468,62025,-37557,1.0,1.6190649715074448,89655,258977,-169322,0.6923076923076923,0.28094198539791543,555756,-15691.0,0.5384615384615384,-0.052873861648222165
2022-05-24,1865.0999755859373,COMEX GC futures proxy via Yahoo Finance GC=F,Keep GC futures for COT/COMEX alignment; use licensed LBMA PM or reliable XAUUSD spot for benchmark-grade v0.2 pricing.,0.025794756172902833,0.013696369823083199,-0.01909122139582986,-0.02452930147179011,1.2753934207219468,0.7692307692307693,0.7731095144943863,False,,test_2019_2026,range,121174,60117,61057,17697.0,0.12179487179487179,-1.0567346202957288,21184,63194,-42010,0.9807692307692307,1.4797687547595928,88932,258869,-169937,0.6923076923076923,0.30823675127740824,530098,-25658.0,0.40384615384615385,-0.39040009021928634
2022-05-31,1842.699951171875,COMEX GC futures proxy via Yahoo Finance GC=F,Keep GC futures for COT/COMEX alignment; use licensed LBMA PM or reliable XAUUSD spot for benchmark-grade v0.2 pricing.,-0.0120100931356375,0.013474865613217757,-0.013966233398065575,-0.04170787468091364,-0.5687180746741174,0.717948717948718,0.6315795524281991,False,,test_2019_2026,range,112731,61938,50793,-10264.0,0.07692307692307693,-1.228189299505972,19970,65269,-45299,0.9551282051282052,1.3692903650161106,87433,242190,-154757,0.8205128205128205,0.9278076118954194,513722,-16376.0,0.358974358974359,-0.6085004887545844
2022-06-07,1847.5,COMEX GC futures proxy via Yahoo Finance GC=F,Keep GC futures for COT/COMEX alignment; use licensed LBMA PM or reliable XAUUSD spot for benchmark-grade v0.2 pricing.,0.0026048998509347054,-0.00943647837452155,0.004130645950916723,-0.06318136865699064,0.14029048086138357,0.7243589743589743,0.6529314153416332,False,,test_2019_2026,range,115215,57684,57531,6738.0,0.10897435897435898,-1.0969530056879662,16570,61112,-44542,0.9551282051282052,1.3736293008438785,83943,239287,-155344,0.8205128205128205,0.936103448746181,494130,-19592.0,0.21794871794871795,-0.8647852949297343
2022-06-14,1809.5,COMEX GC futures proxy via Yahoo Finance GC=F,Keep GC futures for COT/COMEX alignment; use licensed LBMA PM or reliable XAUUSD spot for benchmark-grade v0.2 pricing.,-0.020568335588633246,-0.018017014192007408,-0.004784925423778397,-0.07475581879739301,-0.99540637393052,0.5897435897435898,0.40736768982031263,False,,test_2019_2026,range,109111,72206,36905,-20626.0,0.02564102564102564,-1.43834944879077,14920,55975,-41055,0.9871794871794872,1.45184939593138,90077,227591,-137514,0.9230769230769231,1.6620491944685767,497456,3326.0,0.24358974358974358,-0.8176204160698869
2022-06-21,1834.5999755859373,COMEX GC futures proxy via Yahoo Finance GC=F,Keep GC futures for COT/COMEX alignment; use licensed LBMA PM or reliable XAUUSD spot for benchmark-grade v0.2 pricing.,0.01387122165567134,-0.006982421875000089,-0.016353010776496424,-0.035132033223103765,0.6662602978337877,0.6730769230769231,0.5559497862992727,False,,test_2019_2026,range,113220,63417,49803,12898.0,0.07051282051282051,-1.1970751756514024,13019,57208,-44189,0.9487179487179487,1.3446567396817632,89736,232476,-142740,0.9102564102564102,1.4616000174527934,500276,2820.0,0.2692307692307692,-0.772888668359226
2022-06-28,1817.5,COMEX GC futures proxy via Yahoo Finance GC=F,Keep GC futures for COT/COMEX alignment; use licensed LBMA PM or reliable XAUUSD spot for benchmark-grade v0.2 pricing.,-0.009320819695571969,0.0044211108040894675,-0.013675558604019589,-0.027450795958772534,-0.5147347361721542,0.6346153846153846,0.4363974513832871,False,,test_2019_2026,range,110850,74748,36102,-13701.0,0.02564102564102564,-1.417332688358107,13971,57758,-43787,0.9551282051282052,1.339346859188277,88706,226926,-138220,0.9230769230769231,1.638808272908549,497005,-3271.0,0.24358974358974358,-0.8057353041897186
2022-07-05,1761.800048828125,COMEX GC futures proxy via Yahoo Finance GC=F,Keep GC futures for COT/COMEX alignment; use licensed LBMA PM or reliable XAUUSD spot for benchmark-grade v0.2 pricing.,-0.030646465569119652,-0.03968163508481537,-0.046386983042963514,-0.04244794529572837,-1.528901350771997,0.391025641025641,0.06103550458814568,False,,test_2019_2026,range,103472,86438,17034,-19068.0,0.00641025641025641,-1.7218832131716164,15404,53894,-38490,0.9935897435897436,1.471098316377063,88196,215291,-127095,0.9807692307692307,2.0831757937556548,498210,1205.0,0.2564102564102564,-0.7807426395735899
2022-07-12,1723.300048828125,COMEX GC futures proxy via Yahoo Finance GC=F,Keep GC futures for COT/COMEX alignment; use licensed LBMA PM or reliable XAUUSD spot for benchmark-grade v0.2 pricing.,-0.021852650092505477,-0.051829409172971075,-0.04763744192974584,-0.052194425746510786,-1.0489068406997113,0.30128205128205127,-0.20980370443682414,False,,test_2019_2026,bear,91669,97802,-6133,-23167.0,0.00641025641025641,-2.081496622130972,18149,46218,-28069,1.0,1.7380039456842262,88915,198634,-109719,1.0,2.7259518840663914,542493,44283.0,0.46794871794871795,-0.1990238098085893
2022-07-19,1710.0,COMEX GC futures proxy via Yahoo Finance GC=F,Keep GC futures for COT/COMEX alignment; use licensed LBMA PM or reliable XAUUSD spot for benchmark-grade v0.2 pricing.,-0.0077177789423085175,-0.029401775112096407,-0.06791669968606773,-0.08315906794069383,-0.3382208019104806,0.27564102564102566,-0.31664767160130075,False,,test_2019_2026,bear,91056,109794,-18738,-12605.0,0.00641025641025641,-2.247160359946408,21601,46644,-25043,1.0,1.795018245415285,91690,178909,-87219,1.0,3.4716192627002767,524786,-17707.0,0.4166666666666667,-0.4228084196196456
2022-07-26,1717.699951171875,COMEX GC futures proxy via Yahoo Finance GC=F,Keep GC futures for COT/COMEX alignment; use licensed LBMA PM or reliable XAUUSD spot for benchmark-grade v0.2 pricing.,0.0045028954221491,-0.003249635871627854,-0.05491061833734523,-0.06783524356230952,0.25789638082203437,0.2948717948717949,-0.2812195109774817,False,,test_2019_2026,bear,92216,111309,-19093,-355.0,0.00641025641025641,-2.2060442085273824,16057,41222,-25165,0.9935897435897436,1.7632668742776536,90911,174168,-83257,1.0,3.4716222123030267,487515,-37271.0,0.16025641025641027,-0.9007954579612413
2022-08-02,1771.0999755859375,COMEX GC futures proxy via Yahoo Finance GC=F,Keep GC futures for COT/COMEX alignment; use licensed LBMA PM or reliable XAUUSD spot for benchmark-grade v0.2 pricing.,0.031088097998507314,0.035730979874817326,0.005278650527906548,-0.04135319318758457,1.5185151213139583,0.41025641025641024,0.07665572168677169,False,,test_2019_2026,range,96634,80779,15855,34948.0,0.02564102564102564,-1.603500543245927,13831,44218,-30387,0.9807692307692307,1.5955378771860091,87907,193085,-105178,0.9871794871794872,2.591680750444035,459649,-27866.0,0.019230769230769232,-1.2469526385773042
2022-08-09,1794.0,COMEX GC futures proxy via Yahoo Finance GC=F,Keep GC futures for COT/COMEX alignment; use licensed LBMA PM or reliable XAUUSD spot for benchmark-grade v0.2 pricing.,0.012929831590385854,0.04441989346047914,0.04102590910964832,-0.008565902182923413,0.6107845948927688,0.5064102564102564,0.22671414722662128,False,,test_2019_2026,range,100013,59279,40734,24879.0,0.07051282051282051,-1.1737931965730188,12940,49401,-36461,0.9743589743589743,1.4085724868415082,83302,201395,-118093,0.9743589743589743,2.0838534558742983,453540,-6109.0,0.01282051282051282,-1.30823868635277
2022-08-16,1773.199951171875,COMEX GC futures proxy via Yahoo Finance GC=F,Keep GC futures for COT/COMEX alignment; use licensed LBMA PM or reliable XAUUSD spot for benchmark-grade v0.2 pricing.,-0.011594230116011683,0.0011856900315538876,0.03695903577302628,-0.033467799646324625,-0.605208598774516,0.41025641025641024,0.06761793845237744,False,,test_2019_2026,range,96765,60392,36373,-4361.0,0.0641025641025641,-1.2372263024059438,14278,48802,-34524,0.9743589743589743,1.4452050385348036,82580,201765,-119185,0.967948717948718,2.003939567141996,453960,420.0,0.02564102564102564,-1.2853261625089096
2022-08-23,1746.800048828125,COMEX GC futures proxy via Yahoo Finance GC=F,Keep GC futures for COT/COMEX alignment; use licensed LBMA PM or reliable XAUUSD spot for benchmark-grade v0.2 pricing.,-0.014888282805502473,-0.026309894744634854,0.01694131599433124,-0.038899560479711104,-0.7484000208029962,0.34615384615384615,-0.1323573702339439,False,,test_2019_2026,bear,95850,73739,22111,-14262.0,0.038461538461538464,-1.4677797719571781,14957,47144,-32187,0.9743589743589743,1.4921267042806625,84037,189922,-105885,0.9807692307692307,2.404670687463778,457762,3802.0,0.03205128205128205,-1.2202756929716254
2022-08-30,1723.199951171875,COMEX GC futures proxy via Yahoo Finance GC=F,Keep GC futures for COT/COMEX alignment; use licensed LBMA PM or reliable XAUUSD spot for benchmark-grade v0.2 pricing.,-0.013510474580123,-0.028197609619240005,-0.027045353212325374,-0.02190946565243035,-0.6560299477011485,0.2692307692307692,-0.31379226155998824,False,,test_2019_2026,bear,91761,79973,11788,-10323.0,0.02564102564102564,-1.6313310098329579,14612,45959,-31347,0.9743589743589743,1.5006807462566378,86070,184402,-98332,0.9871794871794872,2.587257650017043,459165,1403.0,0.038461538461538464,-1.1866357576553017
2022-09-06,1700.4000244140625,COMEX GC futures proxy via Yahoo Finance GC=F,Keep GC futures for COT/COMEX alignment; use licensed LBMA PM or reliable XAUUSD spot for benchmark-grade v0.2 pricing.,-0.01323115564291144,-0.026562871031055257,-0.05217389943474782,-0.013288471981205419,-0.637910424425689,0.21153846153846154,-0.49604624727279034,False,,test_2019_2026,bear,85842,92804,-6962,-18750.0,0.019230769230769232,-1.927602396817777,15564,41624,-26060,0.9871794871794872,1.6316505965388932,87940,175944,-88004,0.9871794871794872,2.8477169573444416,465908,6743.0,0.07051282051282051,-1.0860708094304938
2022-09-13,1705.0,COMEX GC futures proxy via Yahoo Finance GC=F,Keep GC futures for COT/COMEX alignment; use licensed LBMA PM or reliable XAUUSD spot for benchmark-grade v0.2 pricing.,0.0027052314278357414,-0.01056171755314761,-0.03846151198391523,-0.0029239766081871066,0.18648325640756006,0.23076923076923078,-0.4770471343870132,False,,test_2019_2026,bear,80300,98637,-18337,-11375.0,0.019230769230769232,-2.0925240044502993,12589,39708,-27119,0.9807692307692307,1.58842232888822,88814,172633,-83819,0.9935897435897436,2.889861296928244,463674,-2234.0,0.0641025641025641,-1.100376873866832
2022-09-20,1659.699951171875,COMEX GC futures proxy via Yahoo Finance GC=F,Keep GC futures for COT/COMEX alignment; use licensed LBMA PM or reliable XAUUSD spot for benchmark-grade v0.2 pricing.,-0.02656894359420825,-0.023935587307587936,-0.04986266041993914,-0.0337660835121002,-1.2993577547222117,0.17307692307692307,-0.8281825607755493,False,,test_2019_2026,bear,78544,115239,-36695,-18358.0,0.00641025641025641,-2.3761402149256705,16194,33858,-17664,1.0,1.8410300257261478,96320,154084,-57764,1.0,3.540870522822184,469395,5721.0,0.09615384615384616,-1.0147073511678408
2022-09-27,1626.699951171875,COMEX GC futures proxy via Yahoo Finance GC=F,Keep GC futures for COT/COMEX alignment; use licensed LBMA PM or reliable XAUUSD spot for benchmark-grade v0.2 pricing.,-0.01988311199063386,-0.04592378230388561,-0.05600046583936735,-0.08153126667301225,-0.9635301668730764,0.14743589743589744,-1.0962689285305658,False,,test_2019_2026,bear,74171,117265,-43094,-6399.0,0.00641025641025641,-2.431464468258212,15381,28004,-12623,1.0,1.9591497333964651,95632,145147,-49515,1.0,3.6135671013058333,457061,-12334.0,0.03205128205128205,-1.1577378121010664
2022-10-04,1721.0999755859375,COMEX GC futures proxy via Yahoo Finance GC=F,Keep GC futures for COT/COMEX alignment; use licensed LBMA PM or reliable XAUUSD spot for benchmark-grade v0.2 pricing.,0.058031614463415204,0.036994653383407794,0.012173577319847473,-0.04063546511374716,2.7605256570197994,0.26282051282051283,-0.393449609754199,False,,test_2019_2026,bear,82806,89681,-6875,36219.0,0.04487179487179487,-1.79146353974525,12114,31266,-19152,0.9871794871794872,1.755640443505448,92811,170207,-77396,0.9871794871794872,2.7183809330239854,437065,-19996.0,0.00641025641025641,-1.3936322433894255
2022-10-11,1678.699951171875,COMEX GC futures proxy via Yahoo Finance GC=F,Keep GC futures for COT/COMEX alignment; use licensed LBMA PM or reliable XAUUSD spot for benchmark-grade v0.2 pricing.,-0.024635422122778028,0.031966559021864516,-0.015425248579545414,-0.05329348218036367,-1.1217169478428979,0.1858974358974359,-0.742152169118115,False,,test_2019_2026,bear,78365,83945,-5580,1295.0,0.057692307692307696,-1.7421427714515771,11578,34246,-22668,0.9807692307692307,1.636678318612246,89504,170564,-81060,0.9807692307692307,2.5528073332697856,431395,-5670.0,0.00641025641025641,-1.4445181353380936
2022-10-18,1649.0,COMEX GC futures proxy via Yahoo Finance GC=F,Keep GC futures for COT/COMEX alignment; use licensed LBMA PM or reliable XAUUSD spot for benchmark-grade v0.2 pricing.,-0.0176922332970475,-0.041891799784258055,-0.006446919013475938,-0.055988118899891304,-0.7712586661841531,0.14743589743589744,-0.9973951709113125,False,,test_2019_2026,bear,73344,99042,-25698,-20118.0,0.019230769230769232,-2.045796893716936,14351,29916,-15565,0.9935897435897436,1.8178301615178316,88947,163412,-74465,0.9871794871794872,2.6636799225619345,434701,3306.0,0.01282051282051282,-1.3830748051713808
2022-10-25,1652.800048828125,COMEX GC futures proxy via Yahoo Finance GC=F,Keep GC futures for COT/COMEX alignment; use licensed LBMA PM or reliable XAUUSD spot for benchmark-grade v0.2 pricing.,0.0023044565361582947,-0.015428547743549847,0.016044813696248994,-0.0408541691844142,0.17031591678937288,0.14743589743589744,-0.9894486298547404,False,,test_2019_2026,bear,72016,110804,-38788,-13090.0,0.01282051282051282,-2.22530218805732,18036,28462,-10426,1.0,1.936865028308443,91650,161437,-69787,0.9871794871794872,2.7093304545674943,456072,21371.0,0.05128205128205128,-1.098831570718819
2022-11-01,1645.0,COMEX GC futures proxy via Yahoo Finance GC=F,Keep GC futures for COT/COMEX alignment; use licensed LBMA PM or reliable XAUUSD spot for benchmark-grade v0.2 pricing.,-0.004719293682049042,-0.0024257125530624535,-0.04421589487271349,-0.032580583167865274,-0.15585947189545557,0.1282051282051282,-1.0767897959163018,False,,test_2019_2026,bear,78213,119614,-41401,-2613.0,0.01282051282051282,-2.2282495406735627,17255,26028,-8773,1.0,1.9557099526993071,94979,160988,-66009,0.9871794871794872,2.723430962476645,467276,11204.0,0.12179487179487179,-0.9468361122588519
2022-11-08,1712.0999755859375,COMEX GC futures proxy via Yahoo Finance GC=F,Keep GC futures for COT/COMEX alignment; use licensed LBMA PM or reliable XAUUSD spot for benchmark-grade v0.2 pricing.,0.04079025871485564,0.03587846382256443,0.019896363486962887,0.004164208554802151,1.9087813787368637,0.23717948717948717,-0.5533435641930079,False,,test_2019_2026,bear,88059,104405,-16346,25055.0,0.057692307692307696,-1.7848352855355671,16738,35324,-18586,0.967948717948718,1.6507100277910196,94889,167447,-72558,0.9743589743589743,2.4840236535972324,488471,21195.0,0.2564102564102564,-0.6670113553737658
2022-11-15,1773.800048828125,COMEX GC futures proxy via Yahoo Finance GC=F,Keep GC futures for COT/COMEX alignment; use licensed LBMA PM or reliable XAUUSD spot for benchmark-grade v0.2 pricing.,0.03603765791835367,0.07829790202317621,0.07568226126629773,0.06874742484368124,1.6329010597817677,0.4166666666666667,-0.053991731776169186,False,,test_2019_2026,range,95065,69608,25457,41803.0,0.11538461538461539,-1.083260781745433,14602,51584,-36982,0.8846153846153846,1.113750889453308,93757,191083,-97326,0.9230769230769231,1.8179110714171973,495171,6700.0,0.3269230769230769,-0.571124691050589
2022-11-22,1738.300048828125,COMEX GC futures proxy via Yahoo Finance GC=F,Keep GC futures for COT/COMEX alignment; use licensed LBMA PM or reliable XAUUSD spot for benchmark-grade v0.2 pricing.,-0.020013529723067358,0.015302887457387504,0.051730395373972504,0.06860521362643013,-0.8984184804507902,0.3141025641025641,-0.38227566864903084,False,,test_2019_2026,bear,92161,72730,19431,-6026.0,0.10897435897435898,-1.1707502434308834,14133,54527,-40394,0.8589743589743589,1.0037370992798813,96891,186561,-89670,0.9230769230769231,1.9718005936279719,449542,-45629.0,0.02564102564102564,-1.1596682323265592
2022-11-29,1748.4000244140625,COMEX GC futures proxy via Yahoo Finance GC=F,Keep GC futures for COT/COMEX alignment; use licensed LBMA PM or reliable XAUUSD spot for benchmark-grade v0.2 pricing.,0.005810260198028772,-0.014319553340210622,0.06285715769851818,0.015861977349009626,0.2659793081780746,0.33974358974358976,-0.3161646910939755,False,,test_2019_2026,bear,88032,73312,14720,-4711.0,0.09615384615384616,-1.2383158140229704,12158,48784,-36626,0.8846153846153846,1.0986231323658966,98970,181577,-82607,0.9487179487179487,2.1023965154763107,433661,-15881.0,0.01282051282051282,-1.3600821631433675
2022-12-06,1769.300048828125,COMEX GC futures proxy via Yahoo Finance GC=F,Keep GC futures for COT/COMEX alignment; use licensed LBMA PM or reliable XAUUSD spot for benchmark-grade v0.2 pricing.,0.01195380011566094,0.017833515002716904,0.03340930673316067,0.053970393930733884,0.5380407453334757,0.3717948717948718,-0.15033034758119962,False,,test_2019_2026,range,93629,70142,23487,8767.0,0.1282051282051282,-1.0786138486596066,11712,49665,-37953,0.8653846153846154,1.047588324599057,92319,184445,-92126,0.9102564102564102,1.8339624662424843,422100,-11561.0,0.00641025641025641,-1.5016574755356886
2022-12-13,1813.9000244140625,COMEX GC futures proxy via Yahoo Finance GC=F,Keep GC futures for COT/COMEX alignment; use licensed LBMA PM or reliable XAUUSD spot for benchmark-grade v0.2 pricing.,0.025207694769170397,0.03746282262947864,0.022606818402350237,0.10000001480537457,1.098909181078582,0.6089743589743589,0.2477641232872728,False,,test_2019_2026,range,103737,66288,37449,13962.0,0.1794871794871795,-0.8332944353348803,13758,50601,-36843,0.8782051282051282,1.0678226128651285,94229,195915,-101686,0.8910256410256411,1.575815736283639,437040,14940.0,0.03205128205128205,-1.2953437937919507
2022-12-20,1815.9000244140625,COMEX GC futures proxy via Yahoo Finance GC=F,Keep GC futures for COT/COMEX alignment; use licensed LBMA PM or reliable XAUUSD spot for benchmark-grade v0.2 pricing.,0.0011025966001880771,0.026338085287909374,0.04464130092975127,0.09868100845082828,0.02525475908067605,0.6282051282051282,0.2536670069118293,False,,test_2019_2026,range,104813,65718,39095,1646.0,0.1858974358974359,-0.7972812297200537,13860,51557,-37697,0.8589743589743589,1.0324557616737902,92184,197001,-104817,0.8846153846153846,1.4779131226639926,436653,-387.0,0.03205128205128205,-1.3039186449840747
2022-12-27,1814.800048828125,COMEX GC futures proxy via Yahoo Finance GC=F,Keep GC futures for COT/COMEX alignment; use licensed LBMA PM or reliable XAUUSD spot for benchmark-grade v0.2 pricing.,-0.0006057467763360691,0.0004961819295157266,0.03797759293461178,0.10322191418123094,-0.04031979197547154,0.6153846153846154,0.22974739710482334,False,,test_2019_2026,range,106983,56106,50877,11782.0,0.26282051282051283,-0.5849873102866281,13950,56342,-42392,0.8076923076923077,0.887074454002683,91331,202715,-111384,0.8589743589743589,1.302855498657093,440040,3387.0,0.05128205128205128,-1.2733015080187013
2023-01-03,1839.699951171875,COMEX GC futures proxy via Yahoo Finance GC=F,Keep GC futures for COT/COMEX alignment; use licensed LBMA PM or reliable XAUUSD spot for benchmark-grade v0.2 pricing.,0.013720465987329344,0.013106408082951715,0.03978969106476793,0.07452834379152917,0.5931117140240362,0.6923076923076923,0.4672202095234519,False,,test_2019_2026,range,109140,54559,54581,3704.0,0.28846153846153844,-0.5103713123444857,13217,57119,-43902,0.782051282051282,0.8338245593831429,90625,206697,-116072,0.8525641025641025,1.1746020586060537,449393,9353.0,0.057692307692307696,-1.1553134491878783
2023-01-10,1871.5999755859373,COMEX GC futures proxy via Yahoo Finance GC=F,Keep GC futures for COT/COMEX alignment; use licensed LBMA PM or reliable XAUUSD spot for benchmark-grade v0.2 pricing.,0.01733979739127678,0.03129817347894037,0.03180988499656334,0.05513582369243064,0.7388520099122349,0.7884615384615384,0.7828539466677543,False,,test_2019_2026,bull,116604,54795,61809,7228.0,0.33974358974358976,-0.3688072716052475,12243,60946,-48703,0.7307692307692307,0.6811720808712163,88381,212156,-123775,0.8269230769230769,0.9764184287098412,481519,32126.0,0.2564102564102564,-0.6743984325392289
2023-01-17,1907.199951171875,COMEX GC futures proxy via Yahoo Finance GC=F,Keep GC futures for COT/COMEX alignment; use licensed LBMA PM or reliable XAUUSD spot for benchmark-grade v0.2 pricing.,0.019021145570806253,0.03669076577243091,0.05027805800447216,0.09716383685176444,0.7899479061128357,0.8717948717948718,1.1439497996257817,False,,test_2019_2026,bull,124222,54845,69377,7568.0,0.3974358974358974,-0.21552748985055276,14854,58789,-43935,0.7756410256410257,0.8170789204012437,90498,222476,-131978,0.7948717948717948,0.7681995961406386,491818,10299.0,0.3525641025641026,-0.5096887605233639
2023-01-24,1933.9000244140625,COMEX GC futures proxy via Yahoo Finance GC=F,Keep GC futures for COT/COMEX alignment; use licensed LBMA PM or reliable XAUUSD spot for benchmark-grade v0.2 pricing.,0.013999619298323607,0.03328705366573925,0.06562705112491285,0.10609700149264545,0.5772248047869973,0.9358974358974359,1.4159816765206623,False,,test_2019_2026,bull,131501,51622,79879,10502.0,0.47435897435897434,-5.6410683346945954e-05,12705,54314,-41609,0.8205128205128205,0.8797494987183808,92041,230986,-138945,0.7371794871794872,0.590209778031761,499927,8109.0,0.4423076923076923,-0.36009380246039885
2023-01-31,1929.5,COMEX GC futures proxy via Yahoo Finance GC=F,Keep GC futures for COT/COMEX alignment; use licensed LBMA PM or reliable XAUUSD spot for benchmark-grade v0.2 pricing.,-0.0022752077969467877,0.01169255945839498,0.04881233419119413,0.09054425295357982,-0.17465088158719969,0.9166666666666666,1.3668730234257935,False,,test_2019_2026,bull,138125,53678,84447,4568.0,0.5256410256410257,0.10162053097892014,14955,51775,-36820,0.8782051282051282,1.0198964630137553,88758,232458,-143700,0.717948717948718,0.4675370248845559,471642,-28285.0,0.19230769230769232,-0.8559724808451953
2023-02-07,1871.699951171875,COMEX GC futures proxy via Yahoo Finance GC=F,Keep GC futures for COT/COMEX alignment; use licensed LBMA PM or reliable XAUUSD spot for benchmark-grade v0.2 pricing.,-0.029955972442666456,-0.03216302417754657,5.341717634199661e-05,0.031865001367141765,-1.3712851646889617,0.7692307692307693,0.7379574469535392,False,,test_2019_2026,range,115521,55945,59576,-24871.0,0.3269230769230769,-0.37467287557352336,15251,46233,-30982,0.9102564102564102,1.1956992662056798,90840,212824,-121984,0.8269230769230769,0.9827813257242789,439755,-31887.0,0.05128205128205128,-1.4270584051857578
2023-02-14,1854.0,COMEX GC futures proxy via Yahoo Finance GC=F,Keep GC futures for COT/COMEX alignment; use licensed LBMA PM or reliable XAUUSD spot for benchmark-grade v0.2 pricing.,-0.009456617852019011,-0.03912930811090953,-0.027894270414167366,0.020981317844428915,-0.43437931405472474,0.717948717948718,0.5340384535333641,False,,test_2019_2026,range,106106,64933,41173,-18403.0,0.20512820512820512,-0.7396060014303062,12225,42118,-29893,0.9166666666666666,1.2316091379147467,92860,192039,-99179,0.8910256410256411,1.5172459137195395,426116,-13639.0,0.01282051282051282,-1.701697914981602
2023-02-21,1833.0,COMEX GC futures proxy via Yahoo Finance GC=F,Keep GC futures for COT/COMEX alignment; use licensed LBMA PM or reliable XAUUSD spot for benchmark-grade v0.2 pricing.,-0.01132686084142398,-0.020676364899002597,-0.052174374652398825,0.010028626119790607,-0.49090648222245603,0.6217948717948718,0.2893709766178991,False,,test_2019_2026,range,104710,68004,36706,-4467.0,0.17307692307692307,-0.8315535087342324,10696,40479,-29783,0.9166666666666666,1.241058367963977,91556,191128,-99572,0.8846153846153846,1.4866966378904707,422648,-3468.0,0.01282051282051282,-1.8141997067103786
2023-02-28,1828.9000244140625,COMEX GC futures proxy via Yahoo Finance GC=F,Keep GC futures for COT/COMEX alignment; use licensed LBMA PM or reliable XAUUSD spot for benchmark-grade v0.2 pricing.,-0.0022367570026936567,-0.013538282408812052,-0.05213784689605472,-0.005870482711560099,-0.06005986276310391,0.6025641025641025,0.23226660030066237,False,,test_2019_2026,bull,99425,72850,26575,-10131.0,0.14102564102564102,-1.0475452554392723,12772,41995,-29223,0.9166666666666666,1.2660262575809054,93853,192117,-98264,0.8974358974358975,1.4956006595213744,426890,4242.0,0.02564102564102564,-1.752060132872037
2023-03-07,1813.9000244140625,COMEX GC futures proxy via Yahoo Finance GC=F,Keep GC futures for COT/COMEX alignment; use licensed LBMA PM or reliable XAUUSD spot for benchmark-grade v0.2 pricing.,-0.008201651156304002,-0.010420063058340201,-0.030880978931277836,-0.03082921132963301,-0.2981671175145049,0.5384615384615384,0.050507142968303914,False,,test_2019_2026,bull,103439,89040,14399,-12176.0,0.09615384615384616,-1.3159503649813271,11617,41216,-29599,0.9102564102564102,1.2494158208288322,95312,184633,-89321,0.9166666666666666,1.6826081730190083,458474,31584.0,0.14102564102564102,-1.0975801589385346
2023-03-14,1906.199951171875,COMEX GC futures proxy via Yahoo Finance GC=F,Keep GC futures for COT/COMEX alignment; use licensed LBMA PM or reliable XAUUSD spot for benchmark-grade v0.2 pricing.,0.05088479272038593,0.042265802245028405,0.028155313469188314,-0.0005243288724842143,2.4776105482462603,0.8525641025641025,1.1194474604252025,False,,test_2019_2026,bull,118560,58839,59721,45322.0,0.358974358974359,-0.29483965550071833,11602,47669,-36067,0.8589743589743589,1.017035264799201,100461,219834,-119373,0.8076923076923077,0.9539600539608394,459064,590.0,0.14743589743589744,-1.0718964369068222
2023-03-21,1938.0,COMEX GC futures proxy via Yahoo Finance GC=F,Keep GC futures for COT/COMEX alignment; use licensed LBMA PM or reliable XAUUSD spot for benchmark-grade v0.2 pricing.,0.01668243082714138,0.06841610558223854,0.05728314238952548,0.0021200556048288632,0.7888462574488047,0.9358974358974359,1.481170579809257,False,,test_2019_2026,bull,125090,43861,81229,21508.0,0.532051282051282,0.20314526095813554,14502,55788,-41286,0.7756410256410257,0.8254902972737875,94971,237253,-142282,0.6858974358974359,0.40253274382019566,469874,10810.0,0.22435897435897437,-0.8347135438316974
2023-03-28,1972.4000244140625,COMEX GC futures proxy via Yahoo Finance GC=F,Keep GC futures for COT/COMEX alignment; use licensed LBMA PM or reliable XAUUSD spot for benchmark-grade v0.2 pricing.,0.017750270595491502,0.03472881908400516,0.07846246272864166,0.022233751963753656,0.8147855405137634,0.9807692307692307,1.8865873761159413,False,,test_2019_2026,bull,130530,31370,99160,17931.0,0.7371794871794872,0.6258118520829125,15709,60038,-44329,0.6987179487179487,0.7056012610772331,93156,250335,-157179,0.6153846153846154,0.04516695582311552,478611,8737.0,0.28846153846153844,-0.6486874891478647
2023-04-04,2022.199951171875,COMEX GC futures proxy via Yahoo Finance GC=F,Keep GC futures for COT/COMEX alignment; use licensed LBMA PM or reliable XAUUSD spot for benchmark-grade v0.2 pricing.,0.025248390864630155,0.04344682723006965,0.11483539553129396,0.08040818717004905,1.1427349534745075,0.9935897435897436,2.439154875441539,False,,test_2019_2026,bull,142348,32217,110131,10971.0,0.8461538461538461,0.8923465150274981,15763,51702,-35939,0.8589743589743589,1.0001088185614102,93463,275774,-182311,0.34615384615384615,-0.5511211333494911,476592,-2019.0,0.28205128205128205,-0.69026316003276
2023-04-11,2004.800048828125,COMEX GC futures proxy via Yahoo Finance GC=F,Keep GC futures for COT/COMEX alignment; use licensed LBMA PM or reliable XAUUSD spot for benchmark-grade v0.2 pricing.,-0.008604442074912844,0.016426700473037847,0.05172599946591827,0.08133767466457664,-0.438694833032428,0.9871794871794872,2.181192653300823,False,,test_2019_2026,bull,135015,30409,104606,-5525.0,0.7884615384615384,0.7796427680178775,16516,51449,-34933,0.8589743589743589,1.0253916119307411,95817,277432,-181615,0.3525641025641026,-0.532767837438671,476567,-25.0,0.28205128205128205,-0.6883055455688736
2023-04-18,2007.4000244140625,COMEX GC futures proxy via Yahoo Finance GC=F,Keep GC futures for COT/COMEX alignment; use licensed LBMA PM or reliable XAUUSD spot for benchmark-grade v0.2 pricing.,0.0012968752606812295,-0.0073187257022906405,0.035810126116647245,0.09514458505949941,0.028178309482437,0.9871794871794872,2.173093249912548,False,,test_2019_2026,bull,137170,34474,102696,-1910.0,0.782051282051282,0.7475659798776517,17347,51291,-33944,0.8653846153846154,1.0502254715416193,97059,279540,-182481,0.34615384615384615,-0.5513412879004249,482254,5687.0,0.3269230769230769,-0.5676112657884828
2023-04-25,1994.0,COMEX GC futures proxy via Yahoo Finance GC=F,Keep GC futures for COT/COMEX alignment; use licensed LBMA PM or reliable XAUUSD spot for benchmark-grade v0.2 pricing.,-0.006675313465722366,-0.005387095253932217,0.010951113018949687,0.09027282704467776,-0.381742440490119,0.9615384615384616,1.980046671590909,False,,test_2019_2026,bull,135979,33176,102803,107.0,0.7884615384615384,0.7631858276693185,17543,52563,-35020,0.8461538461538461,1.0001080255233163,97156,274064,-176908,0.4230769230769231,-0.4194277729565019,473209,-9045.0,0.25,-0.751520094806235
2023-05-02,2014.300048828125,COMEX GC futures proxy via Yahoo Finance GC=F,Keep GC futures for COT/COMEX alignment; use licensed LBMA PM or reliable XAUUSD spot for benchmark-grade v0.2 pricing.,0.010180566112399703,0.0034372941766185328,-0.003906588138908762,0.1104801927982757,0.4209171231585561,0.9871794871794872,2.1732514495331055,False,,test_2019_2026,bull,143191,29401,113790,10987.0,0.8910256410256411,1.032243583567726,18762,54293,-35531,0.8397435897435898,0.9702455975900195,98325,280378,-182053,0.358974358974359,-0.5401836526556341,493804,20595.0,0.4358974358974359,-0.32264806914394756
2023-05-09,2036.199951171875,COMEX GC futures proxy via Yahoo Finance GC=F,Keep GC futures for COT/COMEX alignment; use licensed LBMA PM or reliable XAUUSD spot for benchmark-grade v0.2 pricing.,0.010872214572248406,0.021163465983889074,0.015662361122798396,0.0681985118717896,0.43232646466396696,0.9935897435897436,2.3724265535456457,False,,test_2019_2026,bull,143463,32477,110986,-2804.0,0.8717948717948718,0.9686542406903826,18250,55018,-36768,0.8076923076923077,0.9128275716101362,99775,285522,-185747,0.30128205128205127,-0.6255913438588843,518951,25147.0,0.6153846153846154,0.19878276329830877
2023-05-16,1988.4000244140625,COMEX GC futures proxy via Yahoo Finance GC=F,Keep GC futures for COT/COMEX alignment; use licensed LBMA PM or reliable XAUUSD spot for benchmark-grade v0.2 pricing.,-0.02347506527062959,-0.012858076645100858,-0.00946497946045699,0.02600620454801983,-1.2450976885745502,0.9423076923076923,1.7958094575559544,False,,test_2019_2026,bull,139786,35803,103983,-7003.0,0.7948717948717948,0.8072569595070089,18148,52362,-34214,0.8589743589743589,0.9987102108127435,99973,277316,-177343,0.42948717948717946,-0.42689065253467656,521832,2881.0,0.6410256410256411,0.25978937918680844
2023-05-23,1972.4000244140625,COMEX GC futures proxy via Yahoo Finance GC=F,Keep GC futures for COT/COMEX alignment; use licensed LBMA PM or reliable XAUUSD spot for benchmark-grade v0.2 pricing.,-0.008046670591203009,-0.03133283974449286,-0.01083248524871494,0.0,-0.4622777637701937,0.9358974358974359,1.592502679583206,False,,test_2019_2026,bull,128550,35411,93139,-10844.0,0.6858974358974359,0.5504230824110362,18435,44860,-26425,0.9294871794871795,1.2786298430529308,99737,260335,-160598,0.5769230769230769,-0.03267424985024988,479080,-42752.0,0.3141025641025641,-0.6259378817133023
2023-05-30,1958.0,COMEX GC futures proxy via Yahoo Finance GC=F,Keep GC futures for COT/COMEX alignment; use licensed LBMA PM or reliable XAUUSD spot for benchmark-grade v0.2 pricing.,-0.007300762642375447,-0.015288686401530693,-0.027950179945077758,-0.031747578242532715,-0.430848465584138,0.9102564102564102,1.4104242338864565,False,,test_2019_2026,bull,122904,36201,86703,-6436.0,0.6089743589743589,0.39757175874752304,12396,43768,-31372,0.8653846153846154,1.0762495926330522,93334,251967,-158633,0.6025641025641025,0.011647314469158088,449515,-29565.0,0.08974358974358974,-1.2342734029587152
2023-06-06,1965.5,COMEX GC futures proxy via Yahoo Finance GC=F,Keep GC futures for COT/COMEX alignment; use licensed LBMA PM or reliable XAUUSD spot for benchmark-grade v0.2 pricing.,0.003830439223697635,-0.003498288546265993,-0.034721516976358724,-0.019602976791175397,0.12145006022266305,0.9102564102564102,1.4749363261751929,False,,test_2019_2026,bull,120985,27557,93428,6725.0,0.6923076923076923,0.5597316178693524,13860,43638,-29778,0.8974358974358975,1.1221607563534273,91274,259683,-168409,0.532051282051282,-0.2199451680163436,436301,-13214.0,0.05128205128205128,-1.4948122879062307
2023-06-13,1944.5999755859373,COMEX GC futures proxy via Yahoo Finance GC=F,Keep GC futures for COT/COMEX alignment; use licensed LBMA PM or reliable XAUUSD spot for benchmark-grade v0.2 pricing.,-0.010633439030304115,-0.006843730548550919,-0.02202778529990823,-0.03128427222494223,-0.6122240039932172,0.8717948717948718,1.223639824212111,False,,test_2019_2026,bull,110512,35869,74643,-18785.0,0.47435897435897434,0.11048731958163578,14225,41384,-27159,0.9166666666666666,1.2056998716518597,93585,252488,-158903,0.5897435897435898,0.0046530109208065065,432898,-3403.0,0.038461538461538464,-1.5462209295399894
2023-06-20,1935.5,COMEX GC futures proxy via Yahoo Finance GC=F,Keep GC futures for COT/COMEX alignment; use licensed LBMA PM or reliable XAUUSD spot for benchmark-grade v0.2 pricing.,-0.004679613133901861,-0.015263291783261246,-0.018708184930703586,-0.029338014042126326,-0.29672849639840787,0.8525641025641025,1.1068345957913162,False,,test_2019_2026,bull,110314,34275,76039,1396.0,0.48717948717948717,0.15364357492107744,13663,40542,-26879,0.9230769230769231,1.2013069313691749,94588,254246,-159658,0.5833333333333334,-0.01847801903480425,438037,5139.0,0.08333333333333333,-1.4202391833607062
2023-06-27,1914.0,COMEX GC futures proxy via Yahoo Finance GC=F,Keep GC futures for COT/COMEX alignment; use licensed LBMA PM or reliable XAUUSD spot for benchmark-grade v0.2 pricing.,-0.011108240764660327,-0.015735871629185327,-0.022471910112359605,-0.04979399612608726,-0.6176032085503946,0.8012820512820513,0.8552748672871883,False,,test_2019_2026,bull,108209,38534,69675,-6364.0,0.44871794871794873,0.009265753620394925,11393,37626,-26233,0.9294871794871795,1.2109748734931063,95100,244202,-149102,0.6410256410256411,0.22566076286542835,431861,-6176.0,0.038461538461538464,-1.5235502147102853
2023-07-03,1921.699951171875,COMEX GC futures proxy via Yahoo Finance GC=F,Keep GC futures for COT/COMEX alignment; use licensed LBMA PM or reliable XAUUSD spot for benchmark-grade v0.2 pricing.,0.004022962994709944,-0.007129965811482841,-0.02228443084615872,-0.05623219857858408,0.1118091013564004,0.8076923076923077,0.9309748291715225,False,,test_2019_2026,range,123017,39869,83148,13473.0,0.5833333333333334,0.3531044592727791,13966,41391,-27425,0.8974358974358975,1.15121882105691,90454,247746,-157292,0.6025641025641025,0.021373345248151973,448063,16202.0,0.10897435897435898,-1.1799034298673594
2023-07-11,1931.300048828125,COMEX GC futures proxy via Yahoo Finance GC=F,Keep GC futures for COT/COMEX alignment; use licensed LBMA PM or reliable XAUUSD spot for benchmark-grade v0.2 pricing.,0.004995627777580891,0.009038687997975359,-0.0068394152652423434,-0.028716543394110894,0.13737894511585264,0.8269230769230769,1.0265174284106613,False,,test_2019_2026,range,124394,41951,82443,-705.0,0.5833333333333334,0.3468643975321957,13062,42136,-29074,0.8846153846153846,1.0755567465044908,89493,248168,-158675,0.5769230769230769,-0.019287116875023227,483170,35107.0,0.3717948717948718,-0.4566223453265411
2023-07-18,1977.199951171875,COMEX GC futures proxy via Yahoo Finance GC=F,Keep GC futures for COT/COMEX alignment; use licensed LBMA PM or reliable XAUUSD spot for benchmark-grade v0.2 pricing.,0.023766323814676582,0.02888067929967697,0.02154479523217523,0.0024335462879738756,1.0783444413173349,0.9358974358974359,1.5173327804253556,False,,test_2019_2026,range,147644,32326,115318,32875.0,0.9423076923076923,1.1818246102415122,14281,53555,-39274,0.6987179487179487,0.6758450132209268,84927,259368,-174441,0.4358974358974359,-0.4065436390644807,482104,-1066.0,0.36538461538461536,-0.46834562750404996
2023-07-25,1962.0999755859373,COMEX GC futures proxy via Yahoo Finance GC=F,Keep GC futures for COT/COMEX alignment; use licensed LBMA PM or reliable XAUUSD spot for benchmark-grade v0.2 pricing.,-0.007637050353449637,0.01594776884953797,0.02513060375440812,0.0020939609734103026,-0.5368527955268619,0.8974358974358975,1.346856672461342,False,,test_2019_2026,range,132603,37316,95287,-20031.0,0.7435897435897436,0.6826610311460538,16452,55396,-38944,0.6987179487179487,0.6785259448633658,86053,245319,-159266,0.5641025641025641,-0.04276427103620163,476176,-5928.0,0.3076923076923077,-0.58148963598834
2023-08-01,1940.699951171875,COMEX GC futures proxy via Yahoo Finance GC=F,Keep GC futures for COT/COMEX alignment; use licensed LBMA PM or reliable XAUUSD spot for benchmark-grade v0.2 pricing.,-0.010906694195167876,-0.01846044957585935,0.009887079399889531,-0.012617679383426617,-0.6758341325562476,0.8589743589743589,1.1216510554809584,False,,test_2019_2026,range,123802,43793,80009,-15278.0,0.5384615384615384,0.3027890140713897,16334,46546,-30212,0.8461538461538461,1.0042665808501274,88352,244985,-156633,0.6089743589743589,0.017819795846156734,439383,-36793.0,0.09615384615384616,-1.334851222812117
2023-08-08,1924.0999755859373,COMEX GC futures proxy via Yahoo Finance GC=F,Keep GC futures for COT/COMEX alignment; use licensed LBMA PM or reliable XAUUSD spot for benchmark-grade v0.2 pricing.,-0.008553602310297337,-0.019367004980799796,-0.0037280966500035095,-0.010542013914107473,-0.5305375530579158,0.8076923076923077,0.9382007249003007,False,,test_2019_2026,range,114585,55979,58606,-21403.0,0.34615384615384615,-0.23482728897763938,15411,41861,-26450,0.9166666666666666,1.1367686395006034,88184,229288,-141104,0.6858974358974359,0.39049908087079666,427759,-11624.0,0.03205128205128205,-1.5546707146449013
2023-08-15,1902.5,COMEX GC futures proxy via Yahoo Finance GC=F,Keep GC futures for COT/COMEX alignment; use licensed LBMA PM or reliable XAUUSD spot for benchmark-grade v0.2 pricing.,-0.01122601520711497,-0.01968359464780134,-0.037780676217193276,-0.01704985791785063,-0.6718033954307768,0.7243589743589743,0.7109021122608764,False,,test_2019_2026,range,113146,83610,29536,-29070.0,0.16025641025641027,-0.9622627215359908,17862,39392,-21530,0.9551282051282052,1.311791346672271,86688,207088,-120400,0.8012820512820513,0.8839656117401774,433611,5852.0,0.057692307692307696,-1.4121681781611441
2023-08-22,1896.4000244140625,COMEX GC futures proxy via Yahoo Finance GC=F,Keep GC futures for COT/COMEX alignment; use licensed LBMA PM or reliable XAUUSD spot for benchmark-grade v0.2 pricing.,-0.003206294657522979,-0.01439631595205415,-0.033484507410105335,-0.009195389543331989,-0.26303138021921346,0.6987179487179487,0.6440581025754514,False,,test_2019_2026,range,105085,95976,9109,-20427.0,0.08974358974358974,-1.4594977824694788,18338,35940,-17602,0.9743589743589743,1.446412420608576,87166,190600,-103434,0.8589743589743589,1.2790475289379206,430239,-3372.0,0.038461538461538464,-1.4607969373797989
2023-08-29,1936.5,COMEX GC futures proxy via Yahoo Finance GC=F,Keep GC futures for COT/COMEX alignment; use licensed LBMA PM or reliable XAUUSD spot for benchmark-grade v0.2 pricing.,0.021145314843753704,0.01787122207621561,-0.002164142462794838,0.007701539888732345,0.9897530845176167,0.8589743589743589,1.1000816078087703,False,,test_2019_2026,bull,120609,81367,39242,30133.0,0.22435897435897437,-0.6895292653485806,20564,41031,-20467,0.9487179487179487,1.3201183200915914,83759,203886,-120127,0.7948717948717948,0.865050682737177,442806,12567.0,0.1346153846153846,-1.1851275796040257
2023-09-05,1926.199951171875,COMEX GC futures proxy via Yahoo Finance GC=F,Keep GC futures for COT/COMEX alignment; use licensed LBMA PM or reliable XAUUSD spot for benchmark-grade v0.2 pricing.,-0.005318899472308236,0.01571394556748107,0.001091406690184149,-0.0026407588294448114,-0.41924497500436375,0.8205128205128205,0.9850114192478769,False,,test_2019_2026,bull,120222,69857,50365,11123.0,0.2948717948717949,-0.40082310309822367,17994,42368,-24374,0.9294871794871795,1.155768916372859,81715,215580,-133865,0.7243589743589743,0.5263704831205879,438672,-4134.0,0.11538461538461539,-1.2540706211587374
2023-09-12,1911.300048828125,COMEX GC futures proxy via Yahoo Finance GC=F,Keep GC futures for COT/COMEX alignment; use licensed LBMA PM or reliable XAUUSD spot for benchmark-grade v0.2 pricing.,-0.007735387146430517,-0.013013142872127514,0.004625518437910703,-0.03332991299372201,-0.5354213555458364,0.782051282051282,0.8231827932140205,False,,test_2019_2026,range,117737,83166,34571,-15794.0,0.1794871794871795,-0.7900334363838125,17361,39709,-22348,0.9358974358974359,1.2239526207848477,83274,205736,-122462,0.7692307692307693,0.7918259094631568,441221,2549.0,0.14102564102564102,-1.1882311329037025
2023-09-19,1932.0,COMEX GC futures proxy via Yahoo Finance GC=F,Keep GC futures for COT/COMEX alignment; use licensed LBMA PM or reliable XAUUSD spot for benchmark-grade v0.2 pricing.,0.010830299085989648,0.0030111353832171783,0.018772397768206606,-0.015340694134073685,0.4192621746587324,0.8461538461538461,1.0527225951169321,False,,test_2019_2026,range,121172,73782,47390,12819.0,0.28846153846153844,-0.459127225214646,15305,40593,-25288,0.9038461538461539,1.0947897415131507,82606,210250,-127644,0.7371794871794872,0.659179459989466,438078,-3143.0,0.11538461538461539,-1.2392826621556856
2023-09-26,1900.4000244140625,COMEX GC futures proxy via Yahoo Finance GC=F,Keep GC futures for COT/COMEX alignment; use licensed LBMA PM or reliable XAUUSD spot for benchmark-grade v0.2 pricing.,-0.016356095023777217,-0.005702937338774028,-0.018641867072521356,-0.020765665879198703,-1.0617132645405913,0.7051282051282052,0.6953294887848745,False,,test_2019_2026,range,114668,91230,23438,-23952.0,0.14102564102564102,-1.0533161722031217,13152,39819,-26667,0.8717948717948718,1.028774711846418,88126,196295,-108169,0.8333333333333334,1.1142007072932345,435620,-2458.0,0.08333333333333333,-1.274297584041061
2023-10-03,1824.5999755859373,COMEX GC futures proxy via Yahoo Finance GC=F,Keep GC futures for COT/COMEX alignment; use licensed LBMA PM or reliable XAUUSD spot for benchmark-grade v0.2 pricing.,-0.03988636489914599,-0.055590074748479656,-0.05274632860629325,-0.051712489612032675,-2.3321605517834683,0.4807692307692308,-0.1548647909888038,False,,test_2019_2026,bear,100500,108061,-7561,-30999.0,0.0641025641025641,-1.8056550831020455,16614,38810,-22196,0.9358974358974359,1.1959097075137524,85747,175533,-89786,0.9038461538461539,1.533095210225382,431226,-4394.0,0.04487179487179487,-1.3477314847981798
2023-10-10,1861.0,COMEX GC futures proxy via Yahoo Finance GC=F,Keep GC futures for COT/COMEX alignment; use licensed LBMA PM or reliable XAUUSD spot for benchmark-grade v0.2 pricing.,0.01994959163713328,-0.02073248995364041,-0.026317191201332024,-0.02181340341655713,1.0211287141980951,0.6217948717948718,0.2587881444956144,False,,test_2019_2026,bear,93934,120701,-26767,-19206.0,0.03205128205128205,-2.234544477533901,19010,37437,-18427,0.9615384615384616,1.3358194741859486,91619,163620,-72001,0.9743589743589743,1.921615131882158,436499,5273.0,0.10256410256410256,-1.2222190988307364
2023-10-17,1922.699951171875,COMEX GC futures proxy via Yahoo Finance GC=F,Keep GC futures for COT/COMEX alignment; use licensed LBMA PM or reliable XAUUSD spot for benchmark-grade v0.2 pricing.,0.03315419192470448,0.05376519615179465,-0.0048136898696299335,0.013868343397611227,1.6937752317821881,0.8012820512820513,0.9551368844969061,False,,test_2019_2026,range,104708,89605,15103,41870.0,0.1282051282051282,-1.1844539612846574,11737,41703,-29966,0.782051282051282,0.8582136901865015,84592,182625,-98033,0.8782051282051282,1.2870846206254254,439581,3082.0,0.15384615384615385,-1.1442299218478773
2023-10-24,1975.0,COMEX GC futures proxy via Yahoo Finance GC=F,Keep GC futures for COT/COMEX alignment; use licensed LBMA PM or reliable XAUUSD spot for benchmark-grade v0.2 pricing.,0.027201357547363747,0.06125738850080609,0.03925488035548641,0.019881229021430524,1.3082317458935004,0.9423076923076923,1.5328982012375434,False,,test_2019_2026,range,122456,66708,55748,40645.0,0.38461538461538464,-0.17667565049927528,10642,50787,-40145,0.6089743589743589,0.43007681973593986,81233,206961,-125728,0.7243589743589743,0.6229093563388548,463476,23895.0,0.2948717948717949,-0.6365927575464471
2023-10-31,1985.199951171875,COMEX GC futures proxy via Yahoo Finance GC=F,Keep GC futures for COT/COMEX alignment; use licensed LBMA PM or reliable XAUUSD spot for benchmark-grade v0.2 pricing.,0.005164532238923991,0.03250637207428375,0.08801927969683554,0.03063025723996371,0.07689379431670817,0.9487179487179487,1.6310501912998199,False,,test_2019_2026,range,140111,65271,74840,19092.0,0.5641025641025641,0.29774348405264167,11165,55350,-44185,0.5128205128205128,0.2520872762433272,79294,217816,-138522,0.6282051282051282,0.3117165265582638,475808,12332.0,0.391025641025641,-0.37038173487593246
2023-11-07,1966.800048828125,COMEX GC futures proxy via Yahoo Finance GC=F,Keep GC futures for COT/COMEX alignment; use licensed LBMA PM or reliable XAUUSD spot for benchmark-grade v0.2 pricing.,-0.009268538583676933,-0.004151874011075973,0.05685118153042712,0.02903782691473733,-0.6978130058920502,0.9102564102564102,1.4106204293808084,False,,test_2019_2026,range,140609,62374,78235,3395.0,0.6025641025641025,0.3819816051448558,10487,55470,-44983,0.48717948717948717,0.2079461000483907,82014,223122,-141108,0.6025641025641025,0.2432768517940881,484347,8539.0,0.48717948717948717,-0.1832951576343822
2023-11-14,1961.800048828125,COMEX GC futures proxy via Yahoo Finance GC=F,Keep GC futures for COT/COMEX alignment; use licensed LBMA PM or reliable XAUUSD spot for benchmark-grade v0.2 pricing.,-0.002542200465664557,-0.011787176566238067,0.020336037160878284,0.015424455915178603,-0.27676510733321036,0.8910256410256411,1.3427802645726368,False,,test_2019_2026,range,132924,68609,64315,-13920.0,0.4807692307692308,0.041926361584101776,12176,55241,-43065,0.5384615384615384,0.27796765879510243,83706,217660,-133954,0.6730769230769231,0.4056403834505532,486634,2287.0,0.5256410256410257,-0.12623603907111203
2023-11-21,1999.300048828125,COMEX GC futures proxy via Yahoo Finance GC=F,Keep GC futures for COT/COMEX alignment; use licensed LBMA PM or reliable XAUUSD spot for benchmark-grade v0.2 pricing.,0.019115097903275258,0.016524303026819842,0.01230382219145576,0.05204168761498296,0.9842248287103791,0.9615384615384616,1.727007469986257,False,,test_2019_2026,range,144381,65246,79135,14820.0,0.6153846153846154,0.41018674809709554,14081,59990,-45909,0.46794871794871795,0.14418039927269524,80946,225272,-144326,0.5705128205128205,0.15090493106024244,508429,21795.0,0.7243589743589743,0.34436161166978996
2023-11-28,2039.699951171875,COMEX GC futures proxy via Yahoo Finance GC=F,Keep GC futures for COT/COMEX alignment; use licensed LBMA PM or reliable XAUUSD spot for benchmark-grade v0.2 pricing.,0.02020702313663736,0.03970838026550316,0.027453154009916325,0.11788884054811088,1.0229421337026383,0.9935897435897436,2.122089033721917,False,,test_2019_2026,range,169695,54802,114893,35758.0,0.9358974358974359,1.2860385879946186,14333,64941,-50608,0.42948717948717946,-0.07514485895058384,76804,244788,-167984,0.38461538461538464,-0.4217368771356907,505658,-2771.0,0.6923076923076923,0.29050567837863994
2023-12-05,2018.5,COMEX GC futures proxy via Yahoo Finance GC=F,Keep GC futures for COT/COMEX alignment; use licensed LBMA PM or reliable XAUUSD spot for benchmark-grade v0.2 pricing.,-0.010393661655821007,0.009603336519262706,0.026286327988795488,0.08463191832348205,-0.7790596676322844,0.9743589743589743,1.862505650805588,False,,test_2019_2026,range,159907,50520,109387,-5506.0,0.9038461538461539,1.146548891577305,12631,62325,-49694,0.4358974358974359,-0.05078215033626101,76376,253627,-177251,0.2948717948717949,-0.6497702915172126,487469,-18189.0,0.532051282051282,-0.09049022337943588
2023-12-12,1977.800048828125,COMEX GC futures proxy via Yahoo Finance GC=F,Keep GC futures for COT/COMEX alignment; use licensed LBMA PM or reliable XAUUSD spot for benchmark-grade v0.2 pricing.,-0.020163463548117377,-0.030347552986009774,0.008155775105397556,0.028657668411894877,-1.3106465742181939,0.9230769230769231,1.4107503308582847,False,,test_2019_2026,range,149634,54106,95528,-13859.0,0.7884615384615384,0.8069076310758587,13420,58535,-45115,0.47435897435897434,0.1411183122421065,76081,243774,-167693,0.391025641025641,-0.4263839967946496,469939,-17530.0,0.3525641025641026,-0.4582782786979224
2023-12-19,2038.4000244140625,COMEX GC futures proxy via Yahoo Finance GC=F,Keep GC futures for COT/COMEX alignment; use licensed LBMA PM or reliable XAUUSD spot for benchmark-grade v0.2 pricing.,0.03064009206686169,0.009858818139243164,0.019556832206779395,0.0321012781843355,1.6408323611401798,0.9871794871794872,2.015741903601535,False,,test_2019_2026,bull,155697,47421,108276,12748.0,0.8846153846153846,1.121132642627709,12836,60852,-48016,0.4358974358974359,-0.009964033394837559,75017,254059,-179042,0.2692307692307692,-0.7092034602401275,481203,11264.0,0.46153846153846156,-0.20553598839239684
2023-12-26,2058.199951171875,COMEX GC futures proxy via Yahoo Finance GC=F,Keep GC futures for COT/COMEX alignment; use licensed LBMA PM or reliable XAUUSD spot for benchmark-grade v0.2 pricing.,0.009713464737375999,0.04065117825807918,0.009069961485938638,0.03677211454539253,0.4141156785461239,1.0,2.1774528194350236,False,,test_2019_2026,bull,152801,46347,106454,-1822.0,0.8653846153846154,1.0770995347168077,13243,58256,-45013,0.47435897435897434,0.11600468276116355,74400,261732,-187332,0.16666666666666666,-0.9156256661191121,491343,10140.0,0.5833333333333334,0.024235563703673354
2024-01-02,2064.39990234375,COMEX GC futures proxy via Yahoo Finance GC=F,Keep GC futures for COT/COMEX alignment; use licensed LBMA PM or reliable XAUUSD spot for benchmark-grade v0.2 pricing.,0.003012317228141548,0.012755042002690953,0.022739609781396997,0.049623678611243616,0.03781623836591958,1.0,2.2068745066565505,False,,test_2019_2026,bull,154384,45235,109149,2695.0,0.9038461538461539,1.1464147866438272,13674,55375,-41701,0.5705128205128205,0.2628412333550504,76117,269894,-193777,0.10897435897435898,-1.0813372944749713,500364,9021.0,0.6858974358974359,0.233588440150903
2024-01-09,2026.4000244140625,COMEX GC futures proxy via Yahoo Finance GC=F,Keep GC futures for COT/COMEX alignment; use licensed LBMA PM or reliable XAUUSD spot for benchmark-grade v0.2 pricing.,-0.018407227149422778,-0.01545035832874575,0.02457274465876047,0.032928929543317054,-1.1618100217382727,0.9615384615384616,1.7893426906033891,False,,test_2019_2026,range,134333,45874,88459,-20690.0,0.7307692307692307,0.6332355060381767,11949,56950,-45001,0.46794871794871795,0.08415485924561575,78213,250913,-172700,0.3269230769230769,-0.5686803800992962,489849,-10515.0,0.5705128205128205,0.010533305417192685
2024-01-16,2026.0,COMEX GC futures proxy via Yahoo Finance GC=F,Keep GC futures for COT/COMEX alignment; use licensed LBMA PM or reliable XAUUSD spot for benchmark-grade v0.2 pricing.,-0.00019740643961851934,-0.01860099988386643,-0.00608321441598636,0.013354649387181672,-0.0878310168825779,0.9551282051282052,1.755493459374364,False,,test_2019_2026,range,130931,47702,83229,-5230.0,0.6730769230769231,0.5031652707700305,12864,53418,-40554,0.5897435897435898,0.29693691652934623,75791,242657,-166866,0.3974358974358974,-0.4292461076368004,489334,-515.0,0.5705128205128205,0.006517503845989583
2024-01-23,2023.699951171875,COMEX GC futures proxy via Yahoo Finance GC=F,Keep GC futures for COT/COMEX alignment; use licensed LBMA PM or reliable XAUUSD spot for benchmark-grade v0.2 pricing.,-0.0011352659566263856,-0.0013324482874343957,-0.016762219812684775,-0.007844291014865945,-0.12630633932083166,0.9487179487179487,1.7051821509787888,False,,test_2019_2026,range,111298,50265,61033,-22196.0,0.4423076923076923,-0.03891081503010605,13724,52673,-38949,0.6153846153846154,0.36927590908602514,78535,231679,-153144,0.532051282051282,-0.09838401735149015,465872,-23462.0,0.3141025641025641,-0.5094313576561468
2024-01-30,2031.5,COMEX GC futures proxy via Yahoo Finance GC=F,Keep GC futures for COT/COMEX alignment; use licensed LBMA PM or reliable XAUUSD spot for benchmark-grade v0.2 pricing.,0.003854350455267941,0.002714708785784836,-0.015936787395890772,0.0064404260589545625,0.1599459858940334,0.9615384615384616,1.7519887447072156,False,,test_2019_2026,range,108093,52069,56024,-5009.0,0.391025641025641,-0.15791293939057624,15272,49631,-34359,0.7243589743589743,0.609100426972198,77882,214041,-136159,0.6474358974358975,0.31389889174338237,430328,-35544.0,0.04487179487179487,-1.2882546388766702
2024-02-06,2034.5,COMEX GC futures proxy via Yahoo Finance GC=F,Keep GC futures for COT/COMEX alignment; use licensed LBMA PM or reliable XAUUSD spot for benchmark-grade v0.2 pricing.,0.0014767413241447702,0.0053367836580076045,0.0039972243823278575,0.02866819181517899,-0.015820395228803387,0.9615384615384616,1.7512896616117923,False,,test_2019_2026,bull,114316,46247,68069,12045.0,0.5256410256410257,0.143532413498462,14285,50903,-36618,0.6730769230769231,0.47676079691189027,77734,221357,-143623,0.5705128205128205,0.12166616303951057,419121,-11207.0,0.00641025641025641,-1.5153739233643944
2024-02-13,1992.9000244140625,COMEX GC futures proxy via Yahoo Finance GC=F,Keep GC futures for COT/COMEX alignment; use licensed LBMA PM or reliable XAUUSD spot for benchmark-grade v0.2 pricing.,-0.020447272345017198,-0.01900072635291039,-0.016337599005892156,-0.022321428304083235,-1.31915754436113,0.8846153846153846,1.3300690516417357,False,,test_2019_2026,range,100642,66466,34176,-33893.0,0.20512820512820512,-0.6900874610916559,15888,48131,-32243,0.7371794871794872,0.7231408788404339,78854,199591,-120737,0.7564102564102564,0.683126271825292,420812,1691.0,0.01282051282051282,-1.456623650338599
2024-02-20,2027.5,COMEX GC futures proxy via Yahoo Finance GC=F,Keep GC futures for COT/COMEX alignment; use licensed LBMA PM or reliable XAUUSD spot for benchmark-grade v0.2 pricing.,0.01736162133678043,-0.003440648808060942,0.001877772851614834,-0.014915922602366849,0.9153633908694683,0.9487179487179487,1.6364444902226478,False,,test_2019_2026,bull,98840,48917,49923,15747.0,0.33974358974358976,-0.2972874611078003,10614,49065,-38451,0.6089743589743589,0.3473025218469315,77980,198940,-120960,0.7435897435897436,0.6707174378901395,407063,-13749.0,0.00641025641025641,-1.7320004265298403
2024-02-27,2034.0,COMEX GC futures proxy via Yahoo Finance GC=F,Keep GC futures for COT/COMEX alignment; use licensed LBMA PM or reliable XAUUSD spot for benchmark-grade v0.2 pricing.,0.003205918618989001,0.020623199900868805,0.0012306177701206789,-0.0147257817195382,0.06136870362798418,0.9551282051282052,1.6723397033411629,False,,test_2019_2026,bull,103885,47732,56153,6230.0,0.40384615384615385,-0.14482006065376593,11378,51050,-39672,0.5769230769230769,0.26105976792543956,78743,197423,-118680,0.782051282051282,0.7237954113795695,411195,4132.0,0.01282051282051282,-1.621011114119963
2024-03-05,2133.5,COMEX GC futures proxy via Yahoo Finance GC=F,Keep GC futures for COT/COMEX alignment; use licensed LBMA PM or reliable XAUUSD spot for benchmark-grade v0.2 pricing.,0.048918387413962705,0.052281134401972906,0.048660604571147736,0.05285233630852604,2.5594721244074776,1.0,2.5529662133739817,False,,test_2019_2026,bull,145106,35343,109763,53610.0,0.9102564102564102,1.1667635459857446,11650,60537,-48887,0.358974358974359,-0.32531451440499803,77009,234914,-157905,0.46153846153846156,-0.24601397376654974,471616,60421.0,0.3974358974358974,-0.31321058427741644
2024-03-12,2160.39990234375,COMEX GC futures proxy via Yahoo Finance GC=F,Keep GC futures for COT/COMEX alignment; use licensed LBMA PM or reliable XAUUSD spot for benchmark-grade v0.2 pricing.,0.012608344196742394,0.062143511476769886,0.08404830943736608,0.06633756285476311,0.607259149021677,1.0,2.7244460992439037,False,,test_2019_2026,bull,173994,32911,141083,31320.0,0.9807692307692307,1.9033810674653429,30471,78911,-48440,0.36538461538461536,-0.31456534604103015,75076,244909,-169833,0.3269230769230769,-0.5361723727515221,516057,44441.0,0.8269230769230769,0.6421056811093577
2024-03-19,2156.300048828125,COMEX GC futures proxy via Yahoo Finance GC=F,Keep GC futures for COT/COMEX alignment; use licensed LBMA PM or reliable XAUUSD spot for benchmark-grade v0.2 pricing.,-0.0018977289858128632,0.010686687990684396,0.06352653456381008,0.0655235958173861,-0.2481234192543082,0.9935897435897436,2.6154782610977896,False,,test_2019_2026,bull,172588,29692,142896,1813.0,0.9871794871794872,1.9105004175874163,32136,81346,-49210,0.34615384615384615,-0.38090022520977757,77067,245387,-168320,0.3525641025641026,-0.4917190039833856,535047,18990.0,0.8653846153846154,1.0419425482587366
2024-03-26,2175.60009765625,COMEX GC futures proxy via Yahoo Finance GC=F,Keep GC futures for COT/COMEX alignment; use licensed LBMA PM or reliable XAUUSD spot for benchmark-grade v0.2 pricing.,0.008950539531181523,0.007035824847061889,0.06961656718596365,0.07093285634075808,0.42418761956281903,1.0,2.7181323772573207,False,,test_2019_2026,bull,163006,27211,135795,-7101.0,0.9615384615384616,1.7095818275589432,32765,80270,-47505,0.38461538461538464,-0.28447386981921613,80421,251256,-170835,0.3141025641025641,-0.5466058808608347,503642,-31405.0,0.7243589743589743,0.36067399650046644
2024-04-02,2261.0,COMEX GC futures proxy via Yahoo Finance GC=F,Keep GC futures for COT/COMEX alignment; use licensed LBMA PM or reliable XAUUSD spot for benchmark-grade v0.2 pricing.,0.03925349260452338,0.04855537207299876,0.05976095617529875,0.11132956500368651,2.1949038977402977,1.0,3.3342575144129376,False,,test_2019_2026,bull,173073,25993,147080,11285.0,0.9935897435897436,1.9431469559474543,32235,77122,-44887,0.42948717948717946,-0.12957293664658412,80217,261044,-180827,0.20512820512820512,-0.7867815737930905,500045,-3597.0,0.6858974358974359,0.2782984223696558
2024-04-09,2343.5,COMEX GC futures proxy via Yahoo Finance GC=F,Keep GC futures for COT/COMEX alignment; use licensed LBMA PM or reliable XAUUSD spot for benchmark-grade v0.2 pricing.,0.036488279522335354,0.07717406453724052,0.0847528725851221,0.17592451768322803,1.9134325854318848,1.0,3.8291529890704408,False,,test_2019_2026,bull,174617,32885,141732,-5348.0,0.967948717948718,1.785001296262369,34191,76217,-42026,0.5064102564102564,0.04761499731587409,79228,261784,-182556,0.1794871794871795,-0.8205492204854743,505214,5169.0,0.7371794871794872,0.38376858454623636
2024-04-16,2390.800048828125,COMEX GC futures proxy via Yahoo Finance GC=F,Keep GC futures for COT/COMEX alignment; use licensed LBMA PM or reliable XAUUSD spot for benchmark-grade v0.2 pricing.,0.020183507074087892,0.05740824804428346,0.10875109896113155,0.17918621397194823,0.9481349355926857,1.0,3.973189840734712,False,,test_2019_2026,bull,169910,35174,134736,-6996.0,0.9423076923076923,1.596360299387986,37797,71700,-33903,0.7307692307692307,0.5877285090398567,78012,266867,-188855,0.11538461538461539,-0.965918234677612,517193,11979.0,0.8205128205128205,0.6351905030919189
2024-04-23,2327.699951171875,COMEX GC futures proxy via Yahoo Finance GC=F,Keep GC futures for COT/COMEX alignment; use licensed LBMA PM or reliable XAUUSD spot for benchmark-grade v0.2 pricing.,-0.02639287952465086,-0.006742073321154285,0.06991167801448461,0.14439525623002702,-1.6397642433539847,0.9871794871794872,3.3342411518277655,False,,test_2019_2026,bull,176400,34261,142139,7403.0,0.967948717948718,1.7380297866540477,37917,70510,-32593,0.7307692307692307,0.6683220433364396,75873,270152,-194279,0.09615384615384616,-1.0869799633797688,516249,-944.0,0.8141025641025641,0.6083819224292573
2024-04-30,2291.39990234375,COMEX GC futures proxy via Yahoo Finance GC=F,Keep GC futures for COT/COMEX alignment; use licensed LBMA PM or reliable XAUUSD spot for benchmark-grade v0.2 pricing.,-0.015594814447562166,-0.0415761019132892,0.01344533495964173,0.07400979720822587,-1.0039408099832359,0.9807692307692307,2.9555246207619863,False,,test_2019_2026,bull,171853,36826,135027,-7112.0,0.9358974358974359,1.5506820590999995,37917,68644,-30727,0.7628205128205128,0.7879205700985937,73085,269856,-196771,0.09615384615384616,-1.1343565831495754,519791,3542.0,0.8269230769230769,0.6771028990594661
2024-05-07,2315.199951171875,COMEX GC futures proxy via Yahoo Finance GC=F,Keep GC futures for COT/COMEX alignment; use licensed LBMA PM or reliable XAUUSD spot for benchmark-grade v0.2 pricing.,0.010386684927315093,-0.005370107944413949,-0.012075975604064482,0.07165342335934533,0.42691781907248644,0.9807692307692307,3.01544988050968,False,,test_2019_2026,bull,164780,38681,126099,-8928.0,0.9166666666666666,1.3331359635811137,35488,67658,-32170,0.7371794871794872,0.6775359530509053,73131,268227,-195096,0.10256410256410256,-1.0830437053902717,529835,10044.0,0.8461538461538461,0.8866441947198721
2024-05-14,2353.39990234375,COMEX GC futures proxy via Yahoo Finance GC=F,Keep GC futures for COT/COMEX alignment; use licensed LBMA PM or reliable XAUUSD spot for benchmark-grade v0.2 pricing.,0.016499633715238993,0.027057695139370175,-0.015643360264572137,0.09140650607634226,0.7325907109499082,0.9935897435897436,3.1574249449697604,False,,test_2019_2026,bull,171868,41433,130435,4336.0,0.9230769230769231,1.4180610563837588,35446,65005,-29559,0.8076923076923077,0.8520890985396218,75210,277761,-202551,0.08333333333333333,-1.2541903724652075,522952,-6883.0,0.8333333333333334,0.7384692308710529
2024-05-21,2421.699951171875,COMEX GC futures proxy via Yahoo Finance GC=F,Keep GC futures for COT/COMEX alignment; use licensed LBMA PM or reliable XAUUSD spot for benchmark-grade v0.2 pricing.,0.02902186269324858,0.04600034651266016,0.040383211741992664,0.11311814785297436,1.37228197318851,1.0,3.460505792014894,False,,test_2019_2026,bull,190605,42082,148523,18088.0,0.9935897435897436,1.8057097871397576,20490,57460,-36970,0.6025641025641025,0.31133650237402355,76171,297864,-221693,0.04487179487179487,-1.6979842692265394,530591,7639.0,0.8525641025641025,0.8977487450174575
2024-05-28,2355.199951171875,COMEX GC futures proxy via Yahoo Finance GC=F,Keep GC futures for COT/COMEX alignment; use licensed LBMA PM or reliable XAUUSD spot for benchmark-grade v0.2 pricing.,-0.027460049279771526,0.0007648716337296246,0.02784326243658608,0.04166295938605713,-1.6759865757365469,0.9871794871794872,2.918597497842863,False,,test_2019_2026,bull,174444,25616,148828,305.0,1.0,1.7931784040617464,18542,59186,-40644,0.5064102564102564,0.029927415552462856,69148,289454,-220306,0.05128205128205128,-1.6456414342470522,485430,-45161.0,0.4935897435897436,-0.06833518405017668
2024-06-04,2325.5,COMEX GC futures proxy via Yahoo Finance GC=F,Keep GC futures for COT/COMEX alignment; use licensed LBMA PM or reliable XAUUSD spot for benchmark-grade v0.2 pricing.,-0.012610373551127707,-0.039724141351748954,0.00444888089381279,-0.007680819287390617,-0.8546700588063453,0.9615384615384616,2.6480101469997903,False,,test_2019_2026,bull,172560,20261,152299,3471.0,1.0,1.8478038666405803,15962,55848,-39886,0.532051282051282,0.07488034030043612,56738,282783,-226045,0.038461538461538464,-1.7606785563156215,447488,-37942.0,0.21794871794871795,-0.8721775778566005
2024-06-11,2307.5,COMEX GC futures proxy via Yahoo Finance GC=F,Keep GC futures for COT/COMEX alignment; use licensed LBMA PM or reliable XAUUSD spot for benchmark-grade v0.2 pricing.,-0.007740270909481817,-0.02025303675305401,-0.019503656092633603,-0.03484191363847233,-0.5990608136265062,0.9487179487179487,2.4675664994652013,False,,test_2019_2026,bull,168424,15459,152965,666.0,1.0,1.8364552586534468,15922,56729,-40807,0.4935897435897436,-0.005272199699346968,55474,275178,-219704,0.0641025641025641,-1.58951345767649,436857,-10631.0,0.14743589743589744,-1.089123714426773
2024-06-18,2330.39990234375,COMEX GC futures proxy via Yahoo Finance GC=F,Keep GC futures for COT/COMEX alignment; use licensed LBMA PM or reliable XAUUSD spot for benchmark-grade v0.2 pricing.,0.00992411802546056,0.0021070317539237937,-0.03770080962505051,0.0011599223390093005,0.33044093904798494,0.967948717948718,2.5369251192278375,False,,test_2019_2026,bull,177639,17018,160621,7656.0,1.0,1.9647605147367848,15030,57588,-42558,0.4358974358974359,-0.14483618162573172,55910,281082,-225172,0.05128205128205128,-1.6906548064038738,444345,7488.0,0.22435897435897437,-0.9275338153410473
2024-06-25,2316.60009765625,COMEX GC futures proxy via Yahoo Finance GC=F,Keep GC futures for COT/COMEX alignment; use licensed LBMA PM or reliable XAUUSD spot for benchmark-grade v0.2 pricing.,-0.005921646612506826,0.003943704293066119,-0.016389204447978534,0.010997729068035644,-0.5244947407752151,0.9487179487179487,2.3928386063657463,False,,test_2019_2026,bull,174756,16554,158202,-2419.0,0.9935897435897436,1.8776077337333872,15601,58204,-42603,0.42948717948717946,-0.15455793340082066,58751,287636,-228885,0.03205128205128205,-1.7470346619919301,452190,7845.0,0.26282051282051283,-0.7605991221445805
2024-07-02,2323.0,COMEX GC futures proxy via Yahoo Finance GC=F,Keep GC futures for COT/COMEX alignment; use licensed LBMA PM or reliable XAUUSD spot for benchmark-grade v0.2 pricing.,0.002762627157887554,-0.0031753787563704172,-0.0010750376263168882,0.003369060553140013,-0.056926436898430625,0.9487179487179487,2.3701098401169918,False,,test_2019_2026,bull,167688,16873,150815,-7387.0,0.9743589743589743,1.6945106088123132,14424,59169,-44745,0.3525641025641026,-0.32800193044511605,59925,279979,-220054,0.07692307692307693,-1.5214535175600459,454730,2540.0,0.28205128205128205,-0.7044996752096375
2024-07-09,2360.10009765625,COMEX GC futures proxy via Yahoo Finance GC=F,Keep GC futures for COT/COMEX alignment; use licensed LBMA PM or reliable XAUUSD spot for benchmark-grade v0.2 pricing.,0.01597076954638399,0.01877751798595262,0.022795275257313063,0.0028470279555239397,0.6382846831775222,0.9871794871794872,2.5155266185271836,False,,test_2019_2026,bull,181982,24515,157467,6652.0,0.9871794871794872,1.8064239362174725,14031,66422,-52391,0.15384615384615385,-0.9240813292432402,62183,290421,-228238,0.038461538461538464,-1.6836101698801775,516324,61594.0,0.7948717948717948,0.599435310334448
2024-07-16,2462.39990234375,COMEX GC futures proxy via Yahoo Finance GC=F,Keep GC futures for COT/COMEX alignment; use licensed LBMA PM or reliable XAUUSD spot for benchmark-grade v0.2 pricing.,0.043345536398685436,0.060008567517757294,0.05664263883089071,0.016806355862616362,2.0179735059422215,1.0,2.9890604587075833,False,,test_2019_2026,bull,216502,31970,184532,27065.0,1.0,2.318608527582755,23789,84107,-60318,0.0641025641025641,-1.5419492905388814,62675,311661,-248986,0.00641025641025641,-2.1122331256596882,579862,63538.0,0.9615384615384616,1.911410436921478
2024-07-23,2404.60009765625,COMEX GC futures proxy via Yahoo Finance GC=F,Keep GC futures for COT/COMEX alignment; use licensed LBMA PM or reliable XAUUSD spot for benchmark-grade v0.2 pricing.,-0.023472956050918148,0.018855132476877534,0.037986703052042214,0.020974926761439194,-1.4063425480867369,0.9871794871794872,2.592390480936372,False,,test_2019_2026,bull,197802,34942,162860,-21672.0,0.9935897435897436,1.8444822228990456,15685,69900,-54215,0.10256410256410256,-1.0719856275402402,58598,305308,-246710,0.01282051282051282,-2.024152683058207,572306,-7556.0,0.9358974358974359,1.7267956638012532
2024-07-30,2405.0,COMEX GC futures proxy via Yahoo Finance GC=F,Keep GC futures for COT/COMEX alignment; use licensed LBMA PM or reliable XAUUSD spot for benchmark-grade v0.2 pricing.,0.00016630721430144213,-0.02331055255854908,0.03529918209212224,0.03418619651687815,-0.21291048452400327,0.9871794871794872,2.523412306244678,False,,test_2019_2026,bull,185586,33222,152364,-10496.0,0.9615384615384616,1.6102098342826925,19913,64678,-44765,0.34615384615384615,-0.34723128145776194,55083,283175,-228092,0.057692307692307696,-1.5924443451439703,510914,-61392.0,0.7435897435897436,0.44925673609000655
2024-08-06,2389.10009765625,COMEX GC futures proxy via Yahoo Finance GC=F,Keep GC futures for COT/COMEX alignment; use licensed LBMA PM or reliable XAUUSD spot for benchmark-grade v0.2 pricing.,-0.006611186005717307,-0.006445978279343678,0.012287614423133641,0.03536298923347769,-0.5629903011436199,0.967948717948718,2.380297750796272,False,,test_2019_2026,bull,180303,29517,150786,-1578.0,0.9423076923076923,1.5540303606895993,16637,63782,-47145,0.28846153846153844,-0.5327924465870162,56985,278874,-221889,0.08974358974358974,-1.4362843599570019,480645,-30269.0,0.4423076923076923,-0.17889915883547136
2024-08-13,2466.699951171875,COMEX GC futures proxy via Yahoo Finance GC=F,Keep GC futures for COT/COMEX alignment; use licensed LBMA PM or reliable XAUUSD spot for benchmark-grade v0.2 pricing.,0.0324807878881892,0.025654865352130907,0.0017462837064086134,0.058487836654577574,1.3824182901257518,1.0,2.703829448398336,False,,test_2019_2026,bull,203844,25929,177915,27129.0,0.9935897435897436,2.0536740961224327,16717,69652,-52935,0.1346153846153846,-0.9824586841250602,54827,294394,-239567,0.019230769230769232,-1.792098671707809,505872,25227.0,0.6923076923076923,0.3414485722326798
2024-08-20,2511.300048828125,COMEX GC futures proxy via Yahoo Finance GC=F,Keep GC futures for COT/COMEX alignment; use licensed LBMA PM or reliable XAUUSD spot for benchmark-grade v0.2 pricing.,0.01808087669319547,0.051148945702089055,0.04437326242973816,0.08404555942514924,0.630691470473754,1.0,2.8369382249646558,False,,test_2019_2026,bull,222142,28837,193305,15390.0,1.0,2.3020114505424205,15569,79564,-63995,0.057692307692307696,-1.826497598561644,53461,305972,-252511,0.00641025641025641,-2.0350557503144477,532867,26995.0,0.8461538461538461,0.8953115413805092
2024-08-27,2516.0,COMEX GC futures proxy via Yahoo Finance GC=F,Keep GC futures for COT/COMEX alignment; use licensed LBMA PM or reliable XAUUSD spot for benchmark-grade v0.2 pricing.,0.0018715211565691892,0.01998623659302523,0.04615384615384621,0.08308222126560483,-0.17108375185105112,1.0,2.770151403965058,False,,test_2019_2026,bull,217976,17685,200291,6986.0,1.0,2.3780598868473133,10714,79098,-68384,0.03205128205128205,-2.1322419105033728,52822,306757,-253935,0.00641025641025641,-2.0314576572668686,521759,-11108.0,0.7948717948717948,0.6629445914614583
2024-09-03,2489.89990234375,COMEX GC futures proxy via Yahoo Finance GC=F,Keep GC futures for COT/COMEX alignment; use licensed LBMA PM or reliable XAUUSD spot for benchmark-grade v0.2 pricing.,-0.010373647717110468,-0.008521541061714655,0.042191536799310425,0.054997584558553525,-0.7862761381627086,0.9871794871794872,2.568792121915656,False,,test_2019_2026,bull,212086,19996,192090,-8201.0,0.9871794871794872,2.172737786666025,11841,81470,-69629,0.02564102564102564,-2.190233990251689,55089,297347,-242258,0.03205128205128205,-1.7614188540906999,511136,-10623.0,0.7307692307692307,0.442755384078805
2024-09-10,2512.300048828125,COMEX GC futures proxy via Yahoo Finance GC=F,Keep GC futures for COT/COMEX alignment; use licensed LBMA PM or reliable XAUUSD spot for benchmark-grade v0.2 pricing.,0.00899640441902494,-0.0014705688282492524,0.01848627662824831,0.020264842618324952,0.179961252803929,0.9935897435897436,2.599744093194938,False,,test_2019_2026,bull,213645,23190,190455,-1635.0,0.9807692307692307,2.097200155756135,12568,87942,-75374,0.019230769230769232,-2.565156698877249,52865,284390,-231525,0.057692307692307696,-1.5202834732036574,511501,365.0,0.7307692307692307,0.44949219017810765
2024-09-17,2564.300048828125,COMEX GC futures proxy via Yahoo Finance GC=F,Keep GC futures for COT/COMEX alignment; use licensed LBMA PM or reliable XAUUSD spot for benchmark-grade v0.2 pricing.,0.020698164625780224,0.029880778104510064,0.021104606765221856,0.06641434944942981,0.7619084543841546,1.0,2.7560722958517383,False,,test_2019_2026,bull,241844,25489,216355,25900.0,1.0,2.50573505664632,12663,90250,-77587,0.00641025641025641,-2.653316901931186,45549,303089,-257540,0.00641025641025641,-2.019794354028054,537627,26126.0,0.8525641025641025,0.9800780147948193
2024-09-24,2651.199951171875,COMEX GC futures proxy via Yahoo Finance GC=F,Keep GC futures for COT/COMEX alignment; use licensed LBMA PM or reliable XAUUSD spot for benchmark-grade v0.2 pricing.,0.0338883518656341,0.05528794317722552,0.053736069623161686,0.10237004206730771,1.3717240932771406,1.0,3.042839549947697,False,,test_2019_2026,bull,256435,37406,219029,2674.0,1.0,2.486884854325129,13517,93547,-80030,0.00641025641025641,-2.742832599315745,45705,305381,-259676,0.00641025641025641,-2.0217805608680717,564640,27013.0,0.9102564102564102,1.5150898600617064
2024-10-01,2667.300048828125,COMEX GC futures proxy via Yahoo Finance GC=F,Keep GC futures for COT/COMEX alignment; use licensed LBMA PM or reliable XAUUSD spot for benchmark-grade v0.2 pricing.,0.006072758732940331,0.04016690638331144,0.07124790290460581,0.11644549822118977,-0.07605680482648729,1.0,3.0052842720370982,False,,test_2019_2026,bull,247867,33405,214462,-4567.0,0.9871794871794872,2.3458068558499092,12220,87446,-75226,0.038461538461538464,-2.346258164352958,42840,295138,-252298,0.03205128205128205,-1.840592278443002,533107,-31533.0,0.8333333333333334,0.8622206272982406
2024-10-08,2615.0,COMEX GC futures proxy via Yahoo Finance GC=F,Keep GC futures for COT/COMEX alignment; use licensed LBMA PM or reliable XAUUSD spot for benchmark-grade v0.2 pricing.,-0.019607861084508627,-0.013654176161203568,0.040878855700289485,0.06012083016325964,-1.3831060308614964,0.9871794871794872,2.696412076389711,False,,test_2019_2026,bull,227596,33537,194059,-20403.0,0.9743589743589743,1.9502250648073598,12830,83981,-71151,0.04487179487179487,-2.027321556987282,44853,277678,-232825,0.07692307692307693,-1.4332271077228003,520316,-12791.0,0.7692307692307693,0.5961022436160625
2024-10-15,2661.39990234375,COMEX GC futures proxy via Yahoo Finance GC=F,Keep GC futures for COT/COMEX alignment; use licensed LBMA PM or reliable XAUUSD spot for benchmark-grade v0.2 pricing.,0.017743748506214185,-0.002212029534122806,0.037866026465974256,0.05976978082952211,0.6027911835597145,0.9935897435897436,2.802428450544774,False,,test_2019_2026,bull,233871,34450,199421,5362.0,0.9743589743589743,2.0016992891048804,13088,87786,-74698,0.04487179487179487,-2.225575262398188,43311,281271,-237960,0.0641025641025641,-1.5148512734967043,541232,20916.0,0.8525641025641025,1.011487966307891
2024-10-22,2744.199951171875,COMEX GC futures proxy via Yahoo Finance GC=F,Keep GC futures for COT/COMEX alignment; use licensed LBMA PM or reliable XAUUSD spot for benchmark-grade v0.2 pricing.,0.031111464592452842,0.04940724710205546,0.03507845568528034,0.09069950364541923,1.3053730209921042,1.0,3.0324320642145026,False,,test_2019_2026,bull,242427,37267,205160,5739.0,0.9807692307692307,2.0577670912182437,12942,95037,-82095,0.00641025641025641,-2.651430723040916,39452,282058,-242606,0.05128205128205128,-1.5877761879342485,573760,32528.0,0.9358974358974359,1.6493852088559042
2024-10-29,2768.39990234375,COMEX GC futures proxy via Yahoo Finance GC=F,Keep GC futures for COT/COMEX alignment; use licensed LBMA PM or reliable XAUUSD spot for benchmark-grade v0.2 pricing.,0.008818581591163,0.04020440517254498,0.03790344230677878,0.11185188598860818,0.11836928087560775,1.0,3.0180718615595046,False,,test_2019_2026,bull,234856,39683,195173,-9987.0,0.9615384615384616,1.8567554829261768,12379,86999,-74620,0.057692307692307696,-2.121031331353347,40174,269225,-229051,0.11538461538461539,-1.3117123274495293,579468,5708.0,0.9551282051282052,1.7382660661285678
2024-11-05,2740.300048828125,COMEX GC futures proxy via Yahoo Finance GC=F,Keep GC futures for COT/COMEX alignment; use licensed LBMA PM or reliable XAUUSD spot for benchmark-grade v0.2 pricing.,-0.010150214747455921,-0.00142114365321111,0.04791588865320273,0.09075349105149755,-0.886765955715649,0.9871794871794872,2.813894925293628,False,,test_2019_2026,bull,219687,36684,183003,-12170.0,0.9230769230769231,1.6363940917275035,13066,82429,-69363,0.08333333333333333,-1.7635758321931807,39763,253459,-213696,0.21153846153846154,-1.014157516067699,558034,-21434.0,0.8717948717948718,1.3158231372581068
2024-11-12,2600.0,COMEX GC futures proxy via Yahoo Finance GC=F,Keep GC futures for COT/COMEX alignment; use licensed LBMA PM or reliable XAUUSD spot for benchmark-grade v0.2 pricing.,-0.05119879076312228,-0.060829326789522464,-0.0230705285175965,0.013921908704946473,-2.7782155433830864,0.9551282051282052,2.225039085255501,False,,test_2019_2026,bull,203661,38365,165296,-17707.0,0.9102564102564102,1.3377523910992313,13211,80667,-67456,0.10256410256410256,-1.6414832287756367,36733,234859,-198126,0.25,-0.7159342290187327,535981,-22053.0,0.8269230769230769,0.899710459131189
2024-11-19,2627.10009765625,COMEX GC futures proxy via Yahoo Finance GC=F,Keep GC futures for COT/COMEX alignment; use licensed LBMA PM or reliable XAUUSD spot for benchmark-grade v0.2 pricing.,0.010423114483173013,-0.04130932713747326,-0.04267176430260444,-0.009090168210425742,0.24311006337701216,0.9615384615384616,2.2730145609612813,False,,test_2019_2026,bull,193355,38181,155174,-10122.0,0.8782051282051282,1.161130383365268,13787,84104,-70317,0.07692307692307693,-1.8233196392958444,34758,226763,-192005,0.27564102564102566,-0.597953010840522,502952,-33029.0,0.6282051282051282,0.23754900799311532
2024-11-26,2620.300048828125,COMEX GC futures proxy via Yahoo Finance GC=F,Keep GC futures for COT/COMEX alignment; use licensed LBMA PM or reliable XAUUSD spot for benchmark-grade v0.2 pricing.,-0.002588423956206176,0.0078077110877403655,-0.053496553511016454,-0.017620814733853907,-0.3752596703971363,0.9551282051282052,2.198131014777627,False,,test_2019_2026,bull,203596,24306,179290,24116.0,0.9166666666666666,1.5357491456959553,14309,81389,-67080,0.11538461538461539,-1.5983970983970621,32845,238285,-205440,0.21794871794871795,-0.8597350738258739,472660,-30292.0,0.3974358974358974,-0.3745113886524978
2024-12-03,2644.699951171875,COMEX GC futures proxy via Yahoo Finance GC=F,Keep GC futures for COT/COMEX alignment; use licensed LBMA PM or reliable XAUUSD spot for benchmark-grade v0.2 pricing.,0.009311873407269688,0.006699346374859028,-0.03488672625362066,0.0113575339089389,0.19328472833652224,0.9615384615384616,2.2356137944206096,False,,test_2019_2026,bull,203580,22845,180735,1445.0,0.9166666666666666,1.53693705040543,10967,73308,-62341,0.14743589743589744,-1.286513476151493,32964,256898,-223934,0.16666666666666666,-1.2117548798928286,462040,-10620.0,0.3333333333333333,-0.5864732793196553
2024-12-10,2697.60009765625,COMEX GC futures proxy via Yahoo Finance GC=F,Keep GC futures for COT/COMEX alignment; use licensed LBMA PM or reliable XAUUSD spot for benchmark-grade v0.2 pricing.,0.020002324445514086,0.029500456965871447,0.037538499098557665,0.013601937567000233,0.6923725490668002,0.9807692307692307,2.3674664579370965,False,,test_2019_2026,bull,218482,22404,196078,15343.0,0.9615384615384616,1.7540014708495186,11204,77649,-66445,0.12179487179487179,-1.5327235374482833,33312,263738,-230426,0.10897435897435898,-1.3244968993626332,483346,21306.0,0.4935897435897436,-0.14801414455096557
2024-12-17,2644.39990234375,COMEX GC futures proxy via Yahoo Finance GC=F,Keep GC futures for COT/COMEX alignment; use licensed LBMA PM or reliable XAUUSD spot for benchmark-grade v0.2 pricing.,-0.019721305377591647,-0.00011345288072928117,0.006585133433984369,-0.03636763013041622,-1.2483782194262611,0.9487179487179487,2.1320084148833836,False,,test_2019_2026,bull,201880,18378,183502,-12576.0,0.9166666666666666,1.5298619433143643,9971,82426,-72455,0.0641025641025641,-1.8899171702583404,32522,245300,-212778,0.22435897435897437,-0.9768670379552894,466571,-16775.0,0.36538461538461536,-0.4864005788549714
2024-12-24,2620.0,COMEX GC futures proxy via Yahoo Finance GC=F,Keep GC futures for COT/COMEX alignment; use licensed LBMA PM or reliable XAUUSD spot for benchmark-grade v0.2 pricing.,-0.009227009243996775,-0.02876634595456573,-0.00011450933959233911,-0.05360493699559565,-0.7016067669672645,0.9294871794871795,2.0056331998294294,False,,test_2019_2026,bull,186099,20602,165497,-18005.0,0.8846153846153846,1.2295587282122846,9198,83987,-74789,0.05128205128205128,-2.0096805440339667,31583,230130,-198547,0.26282051282051283,-0.7007294396991764,454646,-11925.0,0.28205128205128205,-0.7222113393697219
2024-12-31,2629.199951171875,COMEX GC futures proxy via Yahoo Finance GC=F,Keep GC futures for COT/COMEX alignment; use licensed LBMA PM or reliable XAUUSD spot for benchmark-grade v0.2 pricing.,0.0035114317449904675,-0.005747977512177038,-0.005860778268299116,-0.04054304115484042,-0.06713943299914457,0.9423076923076923,1.997164460891597,False,,test_2019_2026,bull,182128,15959,166169,672.0,0.8846153846153846,1.2254472512823875,9983,83344,-73361,0.07051282051282051,-1.8932570633128873,31829,229764,-197935,0.27564102564102566,-0.6865666758791972,458584,3938.0,0.32051282051282054,-0.6353241967508026
2025-01-07,2656.699951171875,COMEX GC futures proxy via Yahoo Finance GC=F,Keep GC futures for COT/COMEX alignment; use licensed LBMA PM or reliable XAUUSD spot for benchmark-grade v0.2 pricing.,0.010459455541881768,0.014007614951097258,-0.015161678901150055,0.021807673527644234,0.25481297292761174,0.9615384615384616,2.048753321289455,False,,test_2019_2026,bull,191873,14232,177641,11472.0,0.8846153846153846,1.3869018471706083,10137,81104,-70967,0.08974358974358974,-1.722209004756275,32687,240366,-207679,0.23717948717948717,-0.8678968317432073,477043,18459.0,0.46153846153846156,-0.2507583621850075
2025-01-14,2677.5,COMEX GC futures proxy via Yahoo Finance GC=F,Keep GC futures for COT/COMEX alignment; use licensed LBMA PM or reliable XAUUSD spot for benchmark-grade v0.2 pricing.,0.007829280389360482,0.01837062594139982,0.01251705448442686,0.01918461439239172,0.11427592459236094,0.9743589743589743,2.0753847360857955,False,,test_2019_2026,bull,206968,11346,195622,17981.0,0.9551282051282052,1.6413550233562444,21043,95030,-73987,0.07051282051282051,-1.8774178534124084,30150,258615,-228465,0.1346153846153846,-1.253250887924909,526467,49424.0,0.8012820512820513,0.7644249324353671
2025-01-21,2755.0,COMEX GC futures proxy via Yahoo Finance GC=F,Keep GC futures for COT/COMEX alignment; use licensed LBMA PM or reliable XAUUSD spot for benchmark-grade v0.2 pricing.,0.02894491129785237,0.03700080951360896,0.0515267175572518,0.051406307927260864,1.1383481538892013,0.9935897435897436,2.279798263814132,False,,test_2019_2026,bull,226964,11095,215869,20247.0,0.9871794871794872,1.920500365844936,20111,100717,-80606,0.01282051282051282,-2.2481813889719513,30427,276429,-246002,0.05128205128205128,-1.5686519565603707,571387,44920.0,0.9166666666666666,1.686267750197005
2025-01-28,2766.800048828125,COMEX GC futures proxy via Yahoo Finance GC=F,Keep GC futures for COT/COMEX alignment; use licensed LBMA PM or reliable XAUUSD spot for benchmark-grade v0.2 pricing.,0.004283139320553575,0.03335202570611573,0.052335349236150464,0.046167845090384185,-0.09344424982623373,0.9935897435897436,2.265244535370522,False,,test_2019_2026,bull,227871,17331,210540,-5329.0,0.9743589743589743,1.8059971481267252,19532,100430,-80898,0.01282051282051282,-2.2205436795882814,29725,272549,-242824,0.057692307692307696,-1.4866023327949902,577505,6118.0,0.9487179487179487,1.7864964657839284
2025-02-04,2853.300048828125,COMEX GC futures proxy via Yahoo Finance GC=F,Keep GC futures for COT/COMEX alignment; use licensed LBMA PM or reliable XAUUSD spot for benchmark-grade v0.2 pricing.,0.0312635530119485,0.035680598485707815,0.07400161902721814,0.05771795134021218,1.2078201763568472,1.0,2.4792504019457104,False,,test_2019_2026,bull,240485,30952,209533,-1007.0,0.967948717948718,1.7597853628745157,19046,82490,-63444,0.19230769230769232,-1.1843976253798552,21824,286555,-264731,0.00641025641025641,-1.8646337811373856,542004,-35501.0,0.8525641025641025,1.05813104205675
2025-02-11,2912.5,COMEX GC futures proxy via Yahoo Finance GC=F,Keep GC futures for COT/COMEX alignment; use licensed LBMA PM or reliable XAUUSD spot for benchmark-grade v0.2 pricing.,0.0207478884655643,0.052660094188442086,0.08776844070961709,0.1013840975484197,0.6602517433991159,1.0,2.5924357634923183,True,level_zscore_156w>=2.5,test_2019_2026,bull,229071,34268,194803,-14730.0,0.9230769230769231,1.5189392343863317,20935,81836,-60901,0.1987179487179487,-1.037340861737693,19501,268488,-248987,0.04487179487179487,-1.5508581159568346,528719,-13285.0,0.7948717948717948,0.7962374883082132
2025-02-18,2931.60009765625,COMEX GC futures proxy via Yahoo Finance GC=F,Keep GC futures for COT/COMEX alignment; use licensed LBMA PM or reliable XAUUSD spot for benchmark-grade v0.2 pricing.,0.0065579734442060555,0.02744192601135076,0.06410166884074409,0.11893133498330144,-0.03771638760426006,1.0,2.5768269677772326,True,level_zscore_156w>=2.5,test_2019_2026,bull,222538,37209,185329,-9474.0,0.8910256410256411,1.3670097306050393,22176,82595,-60419,0.1987179487179487,-1.018319115429285,16566,252218,-235652,0.10897435897435898,-1.2948534575523145,522330,-6389.0,0.7756410256410257,0.6907386885937346
2025-02-25,2904.5,COMEX GC futures proxy via Yahoo Finance GC=F,Keep GC futures for COT/COMEX alignment; use licensed LBMA PM or reliable XAUUSD spot for benchmark-grade v0.2 pricing.,-0.009244131789296839,-0.0027467811158797817,0.04976866732028484,0.10470867714166032,-0.8113040545289086,0.9871794871794872,2.428713120451688,False,,test_2019_2026,bull,212694,32882,179812,-5517.0,0.8589743589743589,1.2781610639084084,24007,84497,-60490,0.19230769230769232,-1.037319417064215,14682,242292,-227610,0.1858974358974359,-1.1425842747208221,512179,-10151.0,0.7115384615384616,0.5049978692684826
2025-03-04,2909.60009765625,COMEX GC futures proxy via Yahoo Finance GC=F,Keep GC futures for COT/COMEX alignment; use licensed LBMA PM or reliable XAUUSD spot for benchmark-grade v0.2 pricing.,0.0017559296458082851,-0.007504434188547293,0.019731555695044367,0.09519334178962158,-0.22928445183194965,0.9871794871794872,2.3823632568501534,False,,test_2019_2026,bull,204965,38307,166658,-13154.0,0.8333333333333334,1.0791109178437264,24881,83460,-58579,0.20512820512820512,-0.9392779359081547,16574,229110,-212536,0.2692307692307692,-0.8701403472599458,489270,-22909.0,0.5641025641025641,0.040979885633353474
2025-03-11,2912.89990234375,COMEX GC futures proxy via Yahoo Finance GC=F,Keep GC futures for COT/COMEX alignment; use licensed LBMA PM or reliable XAUUSD spot for benchmark-grade v0.2 pricing.,0.0011341093541199498,0.0028920304161645927,0.00013730552575097477,0.08791779732726424,-0.2502683191603953,0.9935897435897436,2.3331402477342844,False,,test_2019_2026,bull,204907,37331,167576,918.0,0.8333333333333334,1.0854424863329917,24799,82058,-57259,0.20512820512820512,-0.8677499864937186,18459,226388,-207929,0.2692307692307692,-0.7900790883634358,511276,22006.0,0.7115384615384616,0.5529037842031015
2025-03-18,3035.10009765625,COMEX GC futures proxy via Yahoo Finance GC=F,Keep GC futures for COT/COMEX alignment; use licensed LBMA PM or reliable XAUUSD spot for benchmark-grade v0.2 pricing.,0.04195138844770341,0.043133075263880105,0.03530495175066539,0.10166972691696907,1.7738141322134455,1.0,2.609576989152885,True,level_zscore_156w>=2.5,test_2019_2026,bull,220879,37045,183834,16258.0,0.8782051282051282,1.3112844078622408,23881,88261,-64380,0.14743589743589744,-1.299043322100473,16899,237687,-220788,0.22435897435897437,-1.0261645397090087,533566,22290.0,0.8589743589743589,1.0864304023318248
2025-03-25,3023.699951171875,COMEX GC futures proxy via Yahoo Finance GC=F,Keep GC futures for COT/COMEX alignment; use licensed LBMA PM or reliable XAUUSD spot for benchmark-grade v0.2 pricing.,-0.0037561023088426015,0.038037712431853166,0.041039749069332165,0.09285091000795664,-0.5182356487558389,0.9935897435897436,2.50700560087059,True,level_zscore_156w>=2.5,test_2019_2026,bull,213505,38773,174732,-9102.0,0.8269230769230769,1.1667639807459897,14682,77439,-62757,0.16666666666666666,-1.1922616682186404,16248,232089,-215841,0.24358974358974358,-0.9393946832459859,511482,-22084.0,0.717948717948718,0.5958432413912309
2025-04-01,3118.89990234375,COMEX GC futures proxy via Yahoo Finance GC=F,Keep GC futures for COT/COMEX alignment; use licensed LBMA PM or reliable XAUUSD spot for benchmark-grade v0.2 pricing.,0.03148458931415443,0.027610227666695852,0.07193421695857638,0.09308514666191847,1.2767377555889965,1.0,2.687877947095839,True,level_zscore_156w>=2.5,test_2019_2026,bull,204833,62834,141999,-32733.0,0.6923076923076923,0.6848072246456983,11538,73853,-62315,0.1794871794871795,-1.1578945106612824,24256,227002,-202746,0.28846153846153844,-0.7021386018278926,498746,-12736.0,0.6346153846153846,0.3119137271660098
2025-04-08,2968.39990234375,COMEX GC futures proxy via Yahoo Finance GC=F,Keep GC futures for COT/COMEX alignment; use licensed LBMA PM or reliable XAUUSD spot for benchmark-grade v0.2 pricing.,-0.048254193694034275,-0.01828886785102235,0.019053177884809536,0.01919309951716741,-2.5739407164590267,0.9807692307692307,2.2260823684973428,True,abs_return_zscore_52w>=2.5,test_2019_2026,bull,175393,44407,130986,-11013.0,0.6538461538461539,0.5229136177757181,14087,66734,-52647,0.23717948717948717,-0.5765587915418222,27128,206664,-179536,0.4166666666666667,-0.28059084466940687,445468,-53278.0,0.23076923076923078,-0.9306571290962495
2025-04-15,3218.699951171875,COMEX GC futures proxy via Yahoo Finance GC=F,Keep GC futures for COT/COMEX alignment; use licensed LBMA PM or reliable XAUUSD spot for benchmark-grade v0.2 pricing.,0.08432153923414987,0.03199847765333175,0.060492190573023796,0.09793281619316185,3.363721845901216,1.0,2.8020542778935655,True,abs_1w_return>=5pct; abs_return_zscore_52w>=2.5; level_zscore_156w>=2.5,test_2019_2026,bull,168400,43546,124854,-6132.0,0.6346153846153846,0.43125880837325276,14214,65819,-51605,0.25,-0.5131755061767572,29121,209428,-180307,0.41025641025641024,-0.30153235770072767,456628,11160.0,0.3076923076923077,-0.6563127246348976
2025-04-22,3400.800048828125,COMEX GC futures proxy via Yahoo Finance GC=F,Keep GC futures for COT/COMEX alignment; use licensed LBMA PM or reliable XAUUSD spot for benchmark-grade v0.2 pricing.,0.05657566732492425,0.14566775391111086,0.12471478775865297,0.17087280042283526,2.0531260338364508,1.0,3.149640768341719,True,abs_1w_return>=5pct; level_zscore_156w>=2.5,test_2019_2026,bull,166360,45458,120902,-3952.0,0.6282051282051282,0.36997765483387346,18110,63420,-45310,0.32051282051282054,-0.13470422582513125,37696,194654,-156958,0.5705128205128205,0.1294193634345027,465351,8723.0,0.3782051282051282,-0.435993185073964
2025-04-29,3318.800048828125,COMEX GC futures proxy via Yahoo Finance GC=F,Keep GC futures for COT/COMEX alignment; use licensed LBMA PM or reliable XAUUSD spot for benchmark-grade v0.2 pricing.,-0.024111973307062273,0.03109954303749407,0.06409315872373988,0.14063786686751034,-1.3116095152316498,0.9935897435897436,2.845996477018845,True,level_zscore_156w>=2.5,test_2019_2026,bull,150715,44820,105895,-15007.0,0.5576923076923077,0.1483769123757586,17714,62788,-45074,0.33974358974358976,-0.11865524609611874,34475,180162,-145687,0.6025641025641025,0.3351610915773091,451868,-13483.0,0.2692307692307692,-0.7546086103641412
2025-05-06,3411.39990234375,COMEX GC futures proxy via Yahoo Finance GC=F,Keep GC futures for COT/COMEX alignment; use licensed LBMA PM or reliable XAUUSD spot for benchmark-grade v0.2 pricing.,0.027901606650970745,0.0031168705491160242,0.14923865199234854,0.17113530046085756,0.8315973210081009,1.0,2.9669777504572674,True,level_zscore_156w>=2.5,test_2019_2026,bull,144383,42292,102091,-3804.0,0.5256410256410257,0.08939147609652698,17705,62990,-45285,0.3333333333333333,-0.13040145537834202,37106,183924,-146818,0.5961538461538461,0.3094628973932079,452414,546.0,0.28205128205128205,-0.7326137015544066
2025-05-13,3240.300048828125,COMEX GC futures proxy via Yahoo Finance GC=F,Keep GC futures for COT/COMEX alignment; use licensed LBMA PM or reliable XAUUSD spot for benchmark-grade v0.2 pricing.,-0.050155319931290854,-0.023653127288496445,0.006710814298917622,0.0676089567294118,-2.2235660616788855,0.9807692307692307,2.4893758391017697,True,abs_1w_return>=5pct,test_2019_2026,bull,144410,43183,101227,-864.0,0.5192307692307693,0.07155526643139677,17651,59184,-41533,0.48717948717948717,0.09646558434725867,33350,183024,-149674,0.5833333333333334,0.25353249255270166,440842,-11572.0,0.21153846153846154,-1.0106226453100977
2025-05-20,3280.300048828125,COMEX GC futures proxy via Yahoo Finance GC=F,Keep GC futures for COT/COMEX alignment; use licensed LBMA PM or reliable XAUUSD spot for benchmark-grade v0.2 pricing.,0.01234453581373307,-0.03842992826069869,-0.035432838823183044,0.08486294996195021,0.24440722601644224,0.9807692307692307,2.5136235934869293,True,level_zscore_156w>=2.5,test_2019_2026,bull,149149,41520,107629,6402.0,0.5641025641025641,0.16066680583078966,20202,59019,-38817,0.5641025641025641,0.2583316380076395,34444,193275,-158831,0.5128205128205128,0.08060863520059315,448000,7158.0,0.25,-0.8198127110370858
2025-05-27,3299.10009765625,COMEX GC futures proxy via Yahoo Finance GC=F,Keep GC futures for COT/COMEX alignment; use licensed LBMA PM or reliable XAUUSD spot for benchmark-grade v0.2 pricing.,0.005731197923446452,0.01814648271520114,-0.005935865638796445,0.05777684470639333,-0.04312693513095412,0.9807692307692307,2.489202180450486,False,,test_2019_2026,bull,147502,36686,110816,3187.0,0.5961538461538461,0.20182094840281456,15935,62127,-46192,0.3141025641025641,-0.18423476132236563,39356,200751,-161395,0.48717948717948717,0.03336052090485765,437538,-10462.0,0.16666666666666666,-1.0695479145533084
2025-06-03,3350.199951171875,COMEX GC futures proxy via Yahoo Finance GC=F,Keep GC futures for COT/COMEX alignment; use licensed LBMA PM or reliable XAUUSD spot for benchmark-grade v0.2 pricing.,0.015489027917621412,0.021308996525705393,-0.017939834942783617,0.1286215002657385,0.32965141538645104,0.9871794871794872,2.5340658753584693,True,level_zscore_156w>=2.5,test_2019_2026,bull,159966,36384,123582,12766.0,0.6282051282051282,0.38238244132654003,14319,62427,-48108,0.2948717948717949,-0.29784608752593317,40187,212905,-172718,0.4358974358974359,-0.17675014714946363,415941,-21597.0,0.019230769230769232,-1.5877888936095763
2025-06-10,3320.89990234375,COMEX GC futures proxy via Yahoo Finance GC=F,Keep GC futures for COT/COMEX alignment; use licensed LBMA PM or reliable XAUUSD spot for benchmark-grade v0.2 pricing.,-0.008745761224752013,0.006607803353098296,0.024874194457631837,0.03175193485638994,-0.6499332161337639,0.9807692307692307,2.407111643156806,False,,test_2019_2026,bull,160680,36589,124091,509.0,0.6282051282051282,0.38244511266960424,13381,62746,-49365,0.2692307692307692,-0.36996989646170353,38867,212220,-173353,0.4358974358974359,-0.1844642973239061,417143,1202.0,0.02564102564102564,-1.534078886806153
2025-06-17,3386.60009765625,COMEX GC futures proxy via Yahoo Finance GC=F,Keep GC futures for COT/COMEX alignment; use licensed LBMA PM or reliable XAUUSD spot for benchmark-grade v0.2 pricing.,0.01978385294483931,0.010865066866126094,0.03240558706393348,-0.004175473702656585,0.49514445090733217,0.9871794871794872,2.483633050220161,False,,test_2019_2026,bull,167646,37135,130511,6420.0,0.6474358974358975,0.4693404953368061,11066,64028,-52962,0.23076923076923078,-0.5818320991634668,40135,224900,-184765,0.3525641025641026,-0.3934118999337822,441214,24071.0,0.23717948717948717,-0.9262942921557215
2025-06-24,3317.39990234375,COMEX GC futures proxy via Yahoo Finance GC=F,Keep GC futures for COT/COMEX alignment; use licensed LBMA PM or reliable XAUUSD spot for benchmark-grade v0.2 pricing.,-0.020433530182790482,-0.0010539311942313612,0.005546907988787764,-0.0004218833505409414,-1.1059358494566176,0.9615384615384616,2.2807519598488835,False,,test_2019_2026,bull,163829,38701,125128,-5383.0,0.6282051282051282,0.3829030239340235,12319,62734,-50415,0.2692307692307692,-0.426344774493393,40583,220728,-180145,0.40384615384615385,-0.30187271800676724,434958,-6256.0,0.1346153846153846,-1.0679686622263662
2025-07-01,3336.699951171875,COMEX GC futures proxy via Yahoo Finance GC=F,Keep GC futures for COT/COMEX alignment; use licensed LBMA PM or reliable XAUUSD spot for benchmark-grade v0.2 pricing.,0.005817824017686046,-0.014734584847767906,-0.004029610231257363,-0.021897154631608462,-0.05897017808245471,0.9743589743589743,2.269018490556366,False,,test_2019_2026,bull,165086,34726,130360,5232.0,0.6346153846153846,0.45095234620591246,12005,61418,-49413,0.28205128205128205,-0.36205958119964327,37260,223916,-186656,0.34615384615384615,-0.4172771557778875,437662,2704.0,0.19230769230769232,-0.9893239439805301
2025-07-08,3307.0,COMEX GC futures proxy via Yahoo Finance GC=F,Keep GC futures for COT/COMEX alignment; use licensed LBMA PM or reliable XAUUSD spot for benchmark-grade v0.2 pricing.,-0.008900995476516904,-0.003134955884095403,-0.004185583050527963,0.020584498400386453,-0.626643840722076,0.9487179487179487,2.1609168539440735,False,,test_2019_2026,bull,164685,35743,128942,-1418.0,0.6282051282051282,0.42036028247849755,13615,60427,-46812,0.34615384615384615,-0.1995703075742385,35359,226901,-191542,0.3333333333333333,-0.500496222494821,443144,5482.0,0.2692307692307692,-0.8437799370434429
2025-07-15,3329.800048828125,COMEX GC futures proxy via Yahoo Finance GC=F,Keep GC futures for COT/COMEX alignment; use licensed LBMA PM or reliable XAUUSD spot for benchmark-grade v0.2 pricing.,0.006894481048722367,-0.002067882172422042,-0.016771997634865254,0.015090082999475563,0.03182778829329011,0.967948717948718,2.16217800482958,False,,test_2019_2026,bull,172657,35930,136727,7785.0,0.6730769230769231,0.5262178412713511,14716,61452,-46736,0.3525641025641026,-0.18738072730013533,33649,237601,-203952,0.2692307692307692,-0.7239000759631228,448531,5387.0,0.3076923076923077,-0.7003822012451941
2025-07-22,3439.199951171875,COMEX GC futures proxy via Yahoo Finance GC=F,Keep GC futures for COT/COMEX alignment; use licensed LBMA PM or reliable XAUUSD spot for benchmark-grade v0.2 pricing.,0.032854796305937795,0.03997579412515129,0.03671551589004185,0.04246608146723241,1.0493016354992706,1.0,2.3305771531722526,False,,test_2019_2026,bull,194753,34819,159934,23207.0,0.7756410256410257,0.8644418561659458,11207,62569,-51362,0.26282051282051283,-0.45771295514333166,33299,264274,-230975,0.12179487179487179,-1.2212792511377977,489423,40892.0,0.6666666666666666,0.31443733035544885
2025-07-29,3323.39990234375,COMEX GC futures proxy via Yahoo Finance GC=F,Keep GC futures for COT/COMEX alignment; use licensed LBMA PM or reliable XAUUSD spot for benchmark-grade v0.2 pricing.,-0.033670635750232325,-0.0019220813233598033,-0.003985988858079326,-0.007999537107852506,-1.603184547222136,0.9551282051282052,2.055767628220158,False,,test_2019_2026,bull,170918,36662,134256,-25678.0,0.6410256410256411,0.4666856474474225,12294,60464,-48170,0.3269230769230769,-0.258205362152068,39149,250058,-210909,0.2564102564102564,-0.829228316507118,445259,-44164.0,0.28205128205128205,-0.7784751134855051
2025-08-05,3381.89990234375,COMEX GC futures proxy via Yahoo Finance GC=F,Keep GC futures for COT/COMEX alignment; use licensed LBMA PM or reliable XAUUSD spot for benchmark-grade v0.2 pricing.,0.017602455834082598,-0.01666086579484871,0.022648896989340805,0.018368515099461025,0.422603079979952,0.9743589743589743,2.126988929244715,False,,test_2019_2026,bull,186304,32317,153987,19731.0,0.75,0.7565460659567307,21760,55777,-34017,0.717948717948718,0.598414121316429,36874,273003,-236129,0.10256410256410256,-1.2914166396435633,449647,4388.0,0.33974358974358976,-0.6688255452508355
2025-08-12,3348.89990234375,COMEX GC futures proxy via Yahoo Finance GC=F,Keep GC futures for COT/COMEX alignment; use licensed LBMA PM or reliable XAUUSD spot for benchmark-grade v0.2 pricing.,-0.009757828721403072,0.007672865363574477,0.005736036169002645,-0.011132166250922615,-0.6407588310790874,0.9615384615384616,2.021954014183273,False,,test_2019_2026,bull,182337,34050,148287,-5700.0,0.6987179487179487,0.6602075310929791,9324,49074,-39750,0.5705128205128205,0.2533305773580791,35951,259266,-223315,0.1987179487179487,-1.0348220687484577,446152,-3495.0,0.2948717948717949,-0.7535692468879708
2025-08-19,3313.39990234375,COMEX GC futures proxy via Yahoo Finance GC=F,Keep GC futures for COT/COMEX alignment; use licensed LBMA PM or reliable XAUUSD spot for benchmark-grade v0.2 pricing.,-0.010600495994268155,-0.020254886891397206,-0.03657828873405855,-0.001205763585262698,-0.6511601741333526,0.9166666666666666,1.9175152958189319,False,,test_2019_2026,bull,173388,36003,137385,-10902.0,0.6538461538461539,0.4847694711126782,9389,49394,-40005,0.5641025641025641,0.2412592924194126,39607,249567,-209960,0.27564102564102566,-0.7709379136340276,438541,-7611.0,0.21153846153846154,-0.9369383032512203
2025-08-26,3388.60009765625,COMEX GC futures proxy via Yahoo Finance GC=F,Keep GC futures for COT/COMEX alignment; use licensed LBMA PM or reliable XAUUSD spot for benchmark-grade v0.2 pricing.,0.02269578002320416,0.011854697503713263,0.019618522365159485,0.015554334295520666,0.6643686099609216,0.9807692307692307,2.023784301707775,False,,test_2019_2026,bull,175494,33577,141917,4532.0,0.6666666666666666,0.5445921539480466,9620,51948,-42328,0.5,0.10467061711843176,45622,254259,-208637,0.28205128205128205,-0.735418827344058,443760,5219.0,0.28205128205128205,-0.8043442240857379
2025-09-02,3549.39990234375,COMEX GC futures proxy via Yahoo Finance GC=F,Keep GC futures for COT/COMEX alignment; use licensed LBMA PM or reliable XAUUSD spot for benchmark-grade v0.2 pricing.,0.047453166515198486,0.07122593316703618,0.04952837305560642,0.07329903306433327,1.5744244788350483,1.0,2.2807769203020145,False,,test_2019_2026,bull,196127,34625,161502,19585.0,0.782051282051282,0.8362914780231112,8209,63511,-55302,0.22435897435897437,-0.6748590397952546,47568,266164,-218596,0.24358974358974358,-0.9145015893207334,492908,49148.0,0.6858974358974359,0.4036498435689447
2025-09-09,3643.300048828125,COMEX GC futures proxy via Yahoo Finance GC=F,Keep GC futures for COT/COMEX alignment; use licensed LBMA PM or reliable XAUUSD spot for benchmark-grade v0.2 pricing.,0.026455217520677365,0.07516376787808032,0.08790950911322759,0.09414979740610296,0.7368285032677262,1.0,2.4004433582399862,False,,test_2019_2026,bull,198907,35388,163519,2017.0,0.7884615384615384,0.8582220510834151,9864,72418,-62554,0.17307692307692307,-1.102810803945178,48287,259108,-210821,0.28205128205128205,-0.7550862826471748,509625,16717.0,0.7628205128205128,0.8071856948248018
2025-09-16,3688.89990234375,COMEX GC futures proxy via Yahoo Finance GC=F,Keep GC futures for COT/COMEX alignment; use licensed LBMA PM or reliable XAUUSD spot for benchmark-grade v0.2 pricing.,0.012516085116374809,0.0393024183913131,0.11332770298399186,0.07260408080861724,0.2016653951149987,1.0,2.4270950108995213,False,,test_2019_2026,bull,195347,36376,158971,-4548.0,0.7564102564102564,0.7789580361106245,10992,76376,-65384,0.14743589743589744,-1.2611478963223208,46465,283452,-236987,0.10256410256410256,-1.2525899939415692,516221,6596.0,0.8076923076923077,0.9593904139026374
2025-09-23,3780.60009765625,COMEX GC futures proxy via Yahoo Finance GC=F,Keep GC futures for COT/COMEX alignment; use licensed LBMA PM or reliable XAUUSD spot for benchmark-grade v0.2 pricing.,0.02485841246444176,0.037685627587079384,0.11568198922945494,0.13757002128755857,0.6933030851934395,1.0,2.5317727766038645,True,level_zscore_156w>=2.5,test_2019_2026,bull,198826,38277,160549,1578.0,0.7628205128205128,0.7972553442645481,11851,79003,-67152,0.1346153846153846,-1.3569876385155677,49618,280869,-231251,0.1346153846153846,-1.1346234370977304,528789,12568.0,0.8846153846153846,1.2511730693344914
2025-09-30,3840.800048828125,COMEX GC futures proxy via Yahoo Finance GC=F,Keep GC futures for COT/COMEX alignment; use licensed LBMA PM or reliable XAUUSD spot for benchmark-grade v0.2 pricing.,0.01592338507561153,0.04117762761409294,0.08209842635425679,0.13569300089761516,0.3353967840568716,1.0,2.571529642781105,True,level_zscore_156w>=2.5,test_2019_2026,bull,184199,38972,145227,-15322.0,0.6602564102564102,0.5389247104735176,10432,75829,-65397,0.15384615384615385,-1.2348327930909058,41038,263877,-222839,0.21794871794871795,-0.9578175909410245,493748,-35041.0,0.6666666666666666,0.38695697025937137
2025-10-07,3976.60009765625,COMEX GC futures proxy via Yahoo Finance GC=F,Keep GC futures for COT/COMEX alignment; use licensed LBMA PM or reliable XAUUSD spot for benchmark-grade v0.2 pricing.,0.03535722950991915,0.05184362136622389,0.09148300836087642,0.18743474383130998,1.0546950501614214,1.0,2.7333285661340234,True,level_zscore_156w>=2.5,test_2019_2026,bull,170587,40828,129759,-15468.0,0.5512820512820513,0.2743133883851728,12169,77521,-65352,0.16666666666666666,-1.2171183219386241,45558,243978,-198420,0.36538461538461536,-0.4585327474392502,485559,-8189.0,0.5961538461538461,0.1785086282456807
2025-10-14,4138.7001953125,COMEX GC futures proxy via Yahoo Finance GC=F,Keep GC futures for COT/COMEX alignment; use licensed LBMA PM or reliable XAUUSD spot for benchmark-grade v0.2 pricing.,0.040763489834391375,0.0775620034100104,0.12193345031752378,0.24907959114291334,1.23153817570016,1.0,2.921525104225913,True,level>=4000; level_zscore_156w>=2.5,test_2019_2026,bull,152187,43877,108310,-21449.0,0.4423076923076923,-0.09766465277817957,14094,75551,-61457,0.21794871794871795,-0.9658768958594405,51318,226728,-175410,0.5384615384615384,0.020923183082054955,485788,229.0,0.5961538461538461,0.1767292227206337
2025-10-21,4087.699951171875,COMEX GC futures proxy via Yahoo Finance GC=F,Keep GC futures for COT/COMEX alignment; use licensed LBMA PM or reliable XAUUSD spot for benchmark-grade v0.2 pricing.,-0.012322768437875276,0.027938402350567104,0.08123045166983123,0.2063093411344592,-0.7860375944611344,0.9935897435897436,2.753499026365524,True,level>=4000; level_zscore_156w>=2.5,test_2019_2026,bull,135503,43276,92227,-16083.0,0.33974358974358976,-0.39191719313374174,13924,71702,-57778,0.2564102564102564,-0.7277918115121507,56832,209171,-152339,0.7051282051282052,0.5132339972332856,472421,-13367.0,0.46794871794871795,-0.15613496230923313
2025-10-28,3966.199951171875,COMEX GC futures proxy via Yahoo Finance GC=F,Keep GC futures for COT/COMEX alignment; use licensed LBMA PM or reliable XAUUSD spot for benchmark-grade v0.2 pricing.,-0.029723316645383413,-0.041679811535031974,0.032649422190569766,0.11742831472804816,-1.4014473825264877,0.9807692307692307,2.488313975401139,False,,test_2019_2026,bull,138605,34446,104159,11932.0,0.40384615384615385,-0.2069821902656969,12403,70597,-58194,0.2564102564102564,-0.7465532437759013,48310,227143,-178833,0.5192307692307693,-0.02444005119015065,457122,-15299.0,0.38461538461538464,-0.5323719601377749
2025-11-04,3947.699951171875,COMEX GC futures proxy via Yahoo Finance GC=F,Keep GC futures for COT/COMEX alignment; use licensed LBMA PM or reliable XAUUSD spot for benchmark-grade v0.2 pricing.,-0.004664414358266034,-0.034249089138713384,-0.007267551620644075,0.08355059925455799,-0.45735435622707876,0.9743589743589743,2.400027773266264,False,,test_2019_2026,bull,130688,30143,100545,-3614.0,0.36538461538461536,-0.2892370910417967,9805,69256,-59451,0.25,-0.8175714208789512,47195,224286,-177091,0.5384615384615384,0.02718428633027381,450399,-6723.0,0.34615384615384615,-0.6914843949709991
2025-11-10,4111.7998046875,COMEX GC futures proxy via Yahoo Finance GC=F,Keep GC futures for COT/COMEX alignment; use licensed LBMA PM or reliable XAUUSD spot for benchmark-grade v0.2 pricing.,0.041568471653199435,0.036710164718903204,-0.0064997195630327464,0.11464119752207425,1.2745454982450641,0.9935897435897436,2.595150667814926,True,level>=4000; level_zscore_156w>=2.5,test_2019_2026,bull,134155,30068,104087,3542.0,0.3974358974358974,-0.2365886786628423,9875,68621,-58746,0.2564102564102564,-0.7622929980123488,43176,229253,-186077,0.4423076923076923,-0.15591489715844753,459997,9598.0,0.4166666666666667,-0.4490898497845032
2025-11-18,4061.300048828125,COMEX GC futures proxy via Yahoo Finance GC=F,Keep GC futures for COT/COMEX alignment; use licensed LBMA PM or reliable XAUUSD spot for benchmark-grade v0.2 pricing.,-0.012281666972648986,0.028776274555143866,-0.006458375775888703,0.07424745911261343,-0.820971420225639,0.9807692307692307,2.4529686611739185,True,level>=4000,test_2019_2026,bull,130222,32017,98205,-5882.0,0.34615384615384615,-0.3560601849821114,10061,68958,-58897,0.2564102564102564,-0.7634049281807092,44947,231635,-186688,0.4358974358974359,-0.15761119513829033,471953,11956.0,0.47435897435897434,-0.15794769094149114
2025-11-25,4139.2001953125,COMEX GC futures proxy via Yahoo Finance GC=F,Keep GC futures for COT/COMEX alignment; use licensed LBMA PM or reliable XAUUSD spot for benchmark-grade v0.2 pricing.,0.01918108624031678,0.006663843554290505,0.04361863906773267,0.0776921846206029,0.3921246453348341,1.0,2.51021040731167,True,level>=4000; level_zscore_156w>=2.5,test_2019_2026,bull,136979,27670,109309,11104.0,0.44871794871794873,-0.1654767762670669,9950,56642,-46692,0.44871794871794873,0.032190759975681826,39044,233755,-194711,0.3974358974358974,-0.32344605838303464,432946,-39007.0,0.10897435897435898,-1.121401220215419
2025-12-02,4186.60009765625,COMEX GC futures proxy via Yahoo Finance GC=F,Keep GC futures for COT/COMEX alignment; use licensed LBMA PM or reliable XAUUSD spot for benchmark-grade v0.2 pricing.,0.01145146407690767,0.03085220183726145,0.06051628782310514,0.052808930956816935,0.08837689854251768,1.0,2.517396132621734,True,level>=4000; level_zscore_156w>=2.5,test_2019_2026,bull,140143,19819,120324,11015.0,0.5,0.02762318202642543,10094,58801,-48707,0.391025641025641,-0.09428786874206474,33860,240501,-206641,0.3333333333333333,-0.580805134660271,418490,-14456.0,0.03205128205128205,-1.476717441865058
2025-12-09,4206.7001953125,COMEX GC futures proxy via Yahoo Finance GC=F,Keep GC futures for COT/COMEX alignment; use licensed LBMA PM or reliable XAUUSD spot for benchmark-grade v0.2 pricing.,0.004801055077484628,0.01630749826414335,0.02308001243562785,0.016430279264252334,-0.16037129217544124,1.0,2.4832825209775877,True,level>=4000,test_2019_2026,bull,143383,19835,123548,3224.0,0.5064102564102564,0.07828919638423418,10463,59856,-49393,0.3717948717948718,-0.13384683463653946,34556,247742,-213186,0.28205128205128205,-0.7192162740297257,432569,14079.0,0.10256410256410256,-1.1276424683708102
2025-12-16,4304.5,COMEX GC futures proxy via Yahoo Finance GC=F,Keep GC futures for COT/COMEX alignment; use licensed LBMA PM or reliable XAUUSD spot for benchmark-grade v0.2 pricing.,0.023248579681641512,0.028161252470651155,0.05988229095312714,0.053037172839941915,0.5346357821500121,1.0,2.5598662430473236,True,level>=4000; level_zscore_156w>=2.5,test_2019_2026,bull,152873,20277,132596,9048.0,0.5769230769230769,0.23957105384002308,16057,60306,-44249,0.5512820512820513,0.2040163035709823,31970,262079,-230109,0.15384615384615385,-1.094330046766931,471093,38524.0,0.4551282051282051,-0.1835517144044197
2025-12-23,4482.7998046875,COMEX GC futures proxy via Yahoo Finance GC=F,Keep GC futures for COT/COMEX alignment; use licensed LBMA PM or reliable XAUUSD spot for benchmark-grade v0.2 pricing.,0.0414217225432687,0.06563329844200827,0.0830111116065646,0.13025058239007525,1.2035992106989484,1.0,2.738922079728043,True,level>=4000; level_zscore_156w>=2.5,test_2019_2026,bull,160581,24311,136270,3674.0,0.6025641025641025,0.3006482325423978,17158,68442,-51284,0.34615384615384615,-0.25083519832169426,30143,262385,-232242,0.1282051282051282,-1.1307385071628895,492103,21010.0,0.6602564102564102,0.32895492162845963
2025-12-30,4370.10009765625,COMEX GC futures proxy via Yahoo Finance GC=F,Keep GC futures for COT/COMEX alignment; use licensed LBMA PM or reliable XAUUSD spot for benchmark-grade v0.2 pricing.,-0.02514047290566135,0.015239887944302533,0.043830314746977406,0.10699905051268788,-1.3577723307764467,0.9935897435897436,2.509750196086946,True,level>=4000; level_zscore_156w>=2.5,test_2019_2026,bull,148642,22602,126040,-10230.0,0.5192307692307693,0.09675288980266525,12958,67439,-54481,0.30128205128205127,-0.45459274220139406,37010,257775,-220765,0.2564102564102564,-0.854841583491354,481866,-10237.0,0.5512820512820513,0.069927505876539
2026-01-06,4482.2001953125,COMEX GC futures proxy via Yahoo Finance GC=F,Keep GC futures for COT/COMEX alignment; use licensed LBMA PM or reliable XAUUSD spot for benchmark-grade v0.2 pricing.,0.02565160869344174,-0.00013375778556357076,0.06549076169178591,0.09008230172167897,0.5833253377833089,0.9935897435897436,2.595268095571199,True,level>=4000; level_zscore_156w>=2.5,test_2019_2026,bull,146445,23232,123213,-2827.0,0.4807692307692308,0.03499180287087221,13454,63996,-50542,0.36538461538461536,-0.19715740813928903,37456,258949,-221493,0.25,-0.860614081653721,488116,6250.0,0.6153846153846154,0.2241741007354179
2026-01-13,4589.2001953125,COMEX GC futures proxy via Yahoo Finance GC=F,Keep GC futures for COT/COMEX alignment; use licensed LBMA PM or reliable XAUUSD spot for benchmark-grade v0.2 pricing.,0.023872204573080147,0.050136173716880394,0.06614013133058427,0.1299830448717274,0.502042458032897,1.0,2.6649983984295122,True,level>=4000; level_zscore_156w>=2.5,test_2019_2026,bull,158825,24080,134745,11532.0,0.5833333333333334,0.25028423832171265,13998,65163,-51165,0.358974358974359,-0.23472488261446156,31166,277107,-245941,0.07051282051282051,-1.4113922134129337,527455,39339.0,0.8717948717948718,1.1909097882623547
2026-01-20,4759.60009765625,COMEX GC futures proxy via Yahoo Finance GC=F,Keep GC futures for COT/COMEX alignment; use licensed LBMA PM or reliable XAUUSD spot for benchmark-grade v0.2 pricing.,0.03713063172049025,0.06188922632992955,0.06174719037850185,0.14988400489696807,0.9980047735277142,1.0,2.8061979990578787,True,level>=4000; level_zscore_156w>=2.5,test_2019_2026,bull,163668,26224,137444,2699.0,0.6153846153846154,0.2959510812563924,18731,61020,-42289,0.6089743589743589,0.3438496761572885,29522,276922,-247400,0.057692307692307696,-1.4251205896485393,528004,549.0,0.8717948717948718,1.1954683849830772
2026-01-27,5079.89990234375,COMEX GC futures proxy via Yahoo Finance GC=F,Keep GC futures for COT/COMEX alignment; use licensed LBMA PM or reliable XAUUSD spot for benchmark-grade v0.2 pricing.,0.06729552864015265,0.10692488585101612,0.1624218642195807,0.21337118039709324,2.0141465907623806,1.0,3.1122727036044027,True,level>=4000; level>=5000; abs_1w_return>=5pct; level_zscore_156w>=2.5,test_2019_2026,bull,143321,25162,118159,-19285.0,0.44871794871794873,-0.08250104017194007,14609,55198,-40589,0.6538461538461539,0.4566056595378669,34124,241820,-207696,0.3717948717948718,-0.4950498523386786,488463,-39541.0,0.6153846153846154,0.2181826854406079
2026-02-03,4903.7001953125,COMEX GC futures proxy via Yahoo Finance GC=F,Keep GC futures for COT/COMEX alignment; use licensed LBMA PM or reliable XAUUSD spot for benchmark-grade v0.2 pricing.,-0.03468566515453497,0.030275673312808005,0.09403863764068499,0.16568806134001735,-1.6255819714620763,0.9935897435897436,2.7957521439822557,True,level>=4000; level_zscore_156w>=2.5,test_2019_2026,bull,118936,26864,92072,-26087.0,0.24358974358974358,-0.5956996442879752,14072,38706,-24634,0.9551282051282052,1.4893345353569887,40303,223447,-183144,0.532051282051282,0.08600099747217735,409694,-78769.0,0.01282051282051282,-1.7075435536522234
2026-02-10,5003.7998046875,COMEX GC futures proxy via Yahoo Finance GC=F,Keep GC futures for COT/COMEX alignment; use licensed LBMA PM or reliable XAUUSD spot for benchmark-grade v0.2 pricing.,0.020413076939468366,-0.014980629366562748,0.09034245439945732,0.16245784752874903,0.3416968019725361,0.9935897435897436,2.830556599370481,True,level>=4000; level>=5000; level_zscore_156w>=2.5,test_2019_2026,bull,119232,27210,92022,-50.0,0.23717948717948717,-0.6073058667635304,15737,34182,-18445,0.9871794871794872,1.8732041733168139,43244,222537,-179293,0.5961538461538461,0.19091803360932208,404391,-5303.0,0.00641025641025641,-1.8242008300921226
2026-02-17,4882.89990234375,COMEX GC futures proxy via Yahoo Finance GC=F,Keep GC futures for COT/COMEX alignment; use licensed LBMA PM or reliable XAUUSD spot for benchmark-grade v0.2 pricing.,-0.02416161858244059,-0.004241754622077654,0.02590549671351927,0.08925227872944053,-1.2107981563053736,0.9807692307692307,2.6078457008666978,True,level>=4000; level_zscore_156w>=2.5,test_2019_2026,bull,123011,27118,95893,3871.0,0.27564102564102566,-0.5432876974322896,13643,35041,-21398,0.9743589743589743,1.6709929029663335,41702,217086,-175384,0.6474358974358975,0.29953939009450137,407078,2687.0,0.019230769230769232,-1.7496171932848268
2026-02-24,5155.7998046875,COMEX GC futures proxy via Yahoo Finance GC=F,Keep GC futures for COT/COMEX alignment; use licensed LBMA PM or reliable XAUUSD spot for benchmark-grade v0.2 pricing.,0.05588889958869747,0.03037691473140236,0.014941220063948712,0.17978986510003114,1.531780661154883,1.0,2.845896374976036,True,level>=4000; level>=5000; abs_1w_return>=5pct; level_zscore_156w>=2.5,test_2019_2026,bull,121233,25259,95974,81.0,0.27564102564102566,-0.5566191756287282,14800,34618,-19818,0.9807692307692307,1.7585374545033339,38848,219836,-180988,0.5705128205128205,0.17998153833744637,420182,13104.0,0.0641025641025641,-1.4285665609549394
2026-03-03,5107.39990234375,COMEX GC futures proxy via Yahoo Finance GC=F,Keep GC futures for COT/COMEX alignment; use licensed LBMA PM or reliable XAUUSD spot for benchmark-grade v0.2 pricing.,-0.009387467352736656,0.04597677701569136,0.04154000018719928,0.1394850028530823,-0.7108024804070286,0.9935897435897436,2.707874542744524,True,level>=4000; level>=5000; level_zscore_156w>=2.5,test_2019_2026,bull,123456,25539,97917,1943.0,0.27564102564102566,-0.5363524982388636,15219,36010,-20791,0.967948717948718,1.6841984932303287,39360,219152,-179792,0.5961538461538461,0.22778842138941804,409789,-10393.0,0.03205128205128205,-1.659178033026287
2026-03-10,5229.7001953125,COMEX GC futures proxy via Yahoo Finance GC=F,Keep GC futures for COT/COMEX alignment; use licensed LBMA PM or reliable XAUUSD spot for benchmark-grade v0.2 pricing.,0.02394570531135165,0.014333448431766538,0.0451457691039876,0.13956680309005032,0.41974016836451694,1.0,2.763111817701357,True,level>=4000; level>=5000; level_zscore_156w>=2.5,test_2019_2026,bull,125077,26678,98399,482.0,0.28205128205128205,-0.5340986126062793,14826,34522,-19696,0.9807692307692307,1.7328394889829897,38318,221598,-183280,0.532051282051282,0.15247783060554346,413956,4167.0,0.04487179487179487,-1.5411928844738287
2026-03-17,5001.0,COMEX GC futures proxy via Yahoo Finance GC=F,Keep GC futures for COT/COMEX alignment; use licensed LBMA PM or reliable XAUUSD spot for benchmark-grade v0.2 pricing.,-0.043731033667568364,-0.02083249880138105,0.02418646706223959,0.05071852621875128,-1.8070338534235362,0.967948717948718,2.440494852848542,True,level>=4000; level>=5000,test_2019_2026,bull,130147,28104,102043,3644.0,0.30128205128205127,-0.46324637713625894,15879,33713,-17834,0.9935897435897436,1.8215605025767083,36975,217789,-180814,0.5897435897435898,0.22180546843597204,411388,-2568.0,0.04487179487179487,-1.5807700363620418
2026-03-24,4399.2998046875,COMEX GC futures proxy via Yahoo Finance GC=F,Keep GC futures for COT/COMEX alignment; use licensed LBMA PM or reliable XAUUSD spot for benchmark-grade v0.2 pricing.,-0.12031597586732656,-0.15878546754349454,-0.14672796242247665,-0.1339790371346169,-3.682198440628255,0.9230769230769231,1.7397275297016128,True,level>=4000; abs_1w_return>=5pct; abs_return_zscore_52w>=2.5,test_2019_2026,bull,119562,27941,91621,-10422.0,0.20512820512820512,-0.6751349385768568,12761,34977,-22216,0.9294871794871795,1.527949776756087,36069,217681,-181612,0.5769230769230769,0.20599729542823075,403925,-7463.0,0.00641025641025641,-1.7290849347228163
2026-03-31,4647.60009765625,COMEX GC futures proxy via Yahoo Finance GC=F,Keep GC futures for COT/COMEX alignment; use licensed LBMA PM or reliable XAUUSD spot for benchmark-grade v0.2 pricing.,0.05644086649975155,-0.07066584729929015,-0.09002619992151017,-0.05222588809590334,1.363025010868932,0.9423076923076923,1.9757335797600821,True,level>=4000; abs_1w_return>=5pct,test_2019_2026,bull,120092,27278,92814,1193.0,0.23076923076923078,-0.6477661300593622,10979,30889,-19910,0.9615384615384616,1.6519443043470654,30201,211931,-181730,0.5641025641025641,0.20290700088723224,361409,-42516.0,0.00641025641025641,-2.646202687733675
2026-04-07,4657.10009765625,COMEX GC futures proxy via Yahoo Finance GC=F,Keep GC futures for COT/COMEX alignment; use licensed LBMA PM or reliable XAUUSD spot for benchmark-grade v0.2 pricing.,0.0020440657114175753,0.05860030105110381,-0.10949004269297968,-0.06928728577559518,-0.21052652466083105,0.9423076923076923,1.9484833781985142,True,level>=4000,test_2019_2026,bull,120726,30694,90032,-2782.0,0.20512820512820512,-0.7019465107436714,11713,31009,-19296,0.9743589743589743,1.6710545305926696,30165,204620,-174455,0.6794871794871795,0.38607560900380156,354877,-6532.0,0.00641025641025641,-2.7108584404120215
2026-04-14,4825.0,COMEX GC futures proxy via Yahoo Finance GC=F,Keep GC futures for COT/COMEX alignment; use licensed LBMA PM or reliable XAUUSD spot for benchmark-grade v0.2 pricing.,0.036052457285220996,0.038170216588387484,-0.03519296140771844,-0.011857687747389267,0.8402676829036327,0.9487179487179487,2.086922022751549,True,level>=4000,test_2019_2026,bull,125422,30281,95141,5109.0,0.2564102564102564,-0.5963830658109295,13151,31681,-18530,0.9743589743589743,1.6989554493643937,28289,210841,-182552,0.5512820512820513,0.18084966339417288,362274,7397.0,0.019230769230769232,-2.477587012719601
2026-04-21,4698.39990234375,COMEX GC futures proxy via Yahoo Finance GC=F,Keep GC futures for COT/COMEX alignment; use licensed LBMA PM or reliable XAUUSD spot for benchmark-grade v0.2 pricing.,-0.02623836220854925,0.008868137643913698,0.06798811423071371,-0.08871560566178216,-1.0129642784687651,0.9358974358974359,1.9149477914074902,True,level>=4000,test_2019_2026,bull,123681,30705,92976,-2165.0,0.24358974358974358,-0.6388138277820496,12633,33051,-20418,0.9423076923076923,1.5688849497841213,28115,210637,-182522,0.5576923076923077,0.1825647158320571,365842,3568.0,0.02564102564102564,-2.3415542902945137
2026-04-28,4591.5,COMEX GC futures proxy via Yahoo Finance GC=F,Keep GC futures for COT/COMEX alignment; use licensed LBMA PM or reliable XAUUSD spot for benchmark-grade v0.2 pricing.,-0.02275240604581663,-0.04839378238341974,-0.012070766950138645,-0.10101028159298964,-0.9074643756800654,0.9166666666666666,1.7705350305893177,True,level>=4000,test_2019_2026,bull,122257,32505,89752,-3224.0,0.20512820512820512,-0.7003765779796516,12985,33177,-20192,0.9423076923076923,1.5661735875021543,28032,202653,-174621,0.6730769230769231,0.3815400394933825,369530,3688.0,0.03205128205128205,-2.21040523316055
2026-05-05,4555.7998046875,COMEX GC futures proxy via Yahoo Finance GC=F,Keep GC futures for COT/COMEX alignment; use licensed LBMA PM or reliable XAUUSD spot for benchmark-grade v0.2 pricing.,-0.007775279388544054,-0.030350779120592808,-0.021751796363520426,-0.12886023394400936,-0.42738383636350646,0.9038461538461539,1.7043042837272337,True,level>=4000,test_2019_2026,bull,123353,29099,94254,4502.0,0.2692307692307692,-0.6059767913130988,12898,32010,-19112,0.967948717948718,1.6118981645642676,27319,207142,-179823,0.6025641025641025,0.2486937181583262,367932,-1598.0,0.03205128205128205,-2.19517250980653
2026-05-12,4677.60009765625,COMEX GC futures proxy via Yahoo Finance GC=F,Keep GC futures for COT/COMEX alignment; use licensed LBMA PM or reliable XAUUSD spot for benchmark-grade v0.2 pricing.,0.026735216249719418,0.018752063085320625,-0.03054920255829019,-0.06466704705933812,0.605916220290947,0.9294871794871795,1.8004522081643355,True,level>=4000,test_2019_2026,bull,127242,29227,98015,3761.0,0.3141025641025641,-0.5285263634482319,11437,31639,-20202,0.9294871794871795,1.5327072915291573,25671,215727,-190056,0.48717948717948717,-0.008550135566635223,376496,8564.0,0.04487179487179487,-1.9778664410198716
2026-05-19,4506.2998046875,COMEX GC futures proxy via Yahoo Finance GC=F,Keep GC futures for COT/COMEX alignment; use licensed LBMA PM or reliable XAUUSD spot for benchmark-grade v0.2 pricing.,-0.03662140614683618,-0.010865271109821162,-0.040886280786874396,0.0243220523152321,-1.344205890778836,0.8910256410256411,1.5972769092879662,True,level>=4000,test_2019_2026,bull,122894,29354,93540,-4475.0,0.26282051282051283,-0.6195632217867347,14800,32714,-17914,0.9871794871794872,1.656748516992322,28950,202665,-173715,0.6923076923076923,0.40829795384430145,379325,2829.0,0.05128205128205128,-1.8840789025779374
2026-05-26,4500.39990234375,COMEX GC futures proxy via Yahoo Finance GC=F,Keep GC futures for COT/COMEX alignment; use licensed LBMA PM or reliable XAUUSD spot for benchmark-grade v0.2 pricing.,-0.0013092565074371842,-0.037882715839964054,-0.019841031831917655,-0.0316723023107629,-0.2427214028968739,0.8846153846153846,1.567216147432693,True,level>=4000,test_2019_2026,bull,124277,26831,97446,3906.0,0.30128205128205127,-0.5420590868410806,12586,32096,-19510,0.9487179487179487,1.5502496447574468,29033,195289,-166256,0.7628205128205128,0.5993631371589357,353489,-25836.0,0.00641025641025641,-2.3581206797165875
2026-06-02,4489.10009765625,COMEX GC futures proxy via Yahoo Finance GC=F,Keep GC futures for COT/COMEX alignment; use licensed LBMA PM or reliable XAUUSD spot for benchmark-grade v0.2 pricing.,-0.0025108445766375276,-0.003816813744473624,-0.014640614138185404,-0.03607395084433518,-0.26929827112710225,0.8782051282051282,1.532564304437907,True,level>=4000,test_2019_2026,bull,129367,17188,112179,14733.0,0.42948717948717946,-0.2450013833235033,10275,30429,-20154,0.9230769230769231,1.5023979212470753,27505,213696,-186191,0.5192307692307693,0.0959705859625813,326052,-27437.0,0.00641025641025641,-2.8240785438228344
2026-06-09,4260.0,COMEX GC futures proxy via Yahoo Finance GC=F,Keep GC futures for COT/COMEX alignment; use licensed LBMA PM or reliable XAUUSD spot for benchmark-grade v0.2 pricing.,-0.05103474920861373,-0.05341745346198079,-0.08927657109155007,-0.11709844559585492,-1.703003478798082,0.8397435897435898,1.280147061590595,True,level>=4000; abs_1w_return>=5pct,test_2019_2026,range,126280,20417,105863,-6316.0,0.358974358974359,-0.3788033922085572,10833,30133,-19300,0.9487179487179487,1.543078031964876,28443,210179,-181736,0.5705128205128205,0.21336213990610367,332709,6657.0,0.01282051282051282,-2.6247988951210997
2026-06-16,4330.89990234375,COMEX GC futures proxy via Yahoo Finance GC=F,Keep GC futures for COT/COMEX alignment; use licensed LBMA PM or reliable XAUUSD spot for benchmark-grade v0.2 pricing.,0.016643169564260596,-0.035240959629101565,-0.038923265194494405,-0.07821811843148474,0.3432342949852098,0.8461538461538461,1.334603398734117,True,level>=4000,test_2019_2026,range,128043,14322,113721,7858.0,0.42948717948717946,-0.22390022845998123,12191,29238,-17047,1.0,1.661351254978843,29455,219971,-190516,0.48717948717948717,-0.005262803244610542,339330,6621.0,0.019230769230769232,-2.439878955808408
2026-06-23,4172.89990234375,COMEX GC futures proxy via Yahoo Finance GC=F,Keep GC futures for COT/COMEX alignment; use licensed LBMA PM or reliable XAUUSD spot for benchmark-grade v0.2 pricing.,-0.03648202534408507,-0.0204460323136737,-0.0727713107960567,-0.0911684847340194,-1.2412806167077757,0.8141025641025641,1.1579649068515407,True,level>=4000,test_2019_2026,bear,131102,15707,115395,1674.0,0.4423076923076923,-0.1963936196361769,15839,25175,-9336,1.0,2.078047925704476,27738,223806,-196068,0.44871794871794873,-0.13977632039929289,352167,12837.0,0.02564102564102564,-2.1583281730681576
