date,gold_close,mm_net,mm_net_percentile_156w,gold_return_1w,gold_return_2w,gold_return_4w,gold_return_8w,mm_percentile,mm_percentile_pct,mm_velocity_4w,mm_velocity_8w,mm_velocity_12w,mm_velocity_26w,mm_acceleration_4w,mm_acceleration_8w,gold_return_4w_trailing,gold_return_8w_trailing,gold_return_12w_trailing,gold_return_26w_trailing,gold_velocity_4w,gold_velocity_8w,mm_lifecycle_state
2009-09-01,954.7000122070312,150038,,,,,,,,,,,,,,,,,,,,MM_NEUTRAL
2009-09-08,997.9000244140624,187549,,0.045249828904017,,,,,,,,,,,,,,,,,,MM_NEUTRAL
2009-09-15,1005.0,201860,,0.007114916737382,0.0526866944064319,,,,,,,,,,,,,,,,,MM_NEUTRAL
2009-09-22,1014.2000122070312,203066,,0.0091542410020211,0.0163342894019264,,,,,,,,,,,,,,,,,MM_NEUTRAL
2009-09-29,993.0999755859376,194449,,-0.0208046108924582,-0.0118408203124998,0.040222020412606,,,,,,,,,,0.04022202041260603,,,,0.04022202041260603,,MM_NEUTRAL
2009-10-06,1038.5999755859375,209375,,0.0458161324323409,0.0240583347320306,0.0407855999359985,,,,,,,,,,0.04078559993599851,,,,0.04078559993599851,,MM_NEUTRAL
2009-10-13,1064.199951171875,226854,,0.0246485424491704,0.0715939757666268,0.0589054240516169,,,,,,,,,,0.05890542405161692,,,,0.05890542405161692,,MM_NEUTRAL
2009-10-20,1057.800048828125,227275,,-0.0060138156712961,0.0184864949870189,0.0429895840034693,,,,,,,,,,0.042989584003469306,,,,0.042989584003469306,,MM_NEUTRAL
2009-10-27,1034.699951171875,210371,,-0.0218378678294081,-0.0277203545889239,0.0418890107830212,0.0837958918424055,,,,,,,,,0.04188901078302121,0.08379589184240555,,,0.04188901078302121,0.08379589184240555,MM_NEUTRAL
2009-11-03,1084.300048828125,218221,,0.0479366966240544,0.0250519935495916,0.0440016120897801,0.0865818441730112,,,,,,,,,0.04400161208978015,0.08658184417301129,,,0.04400161208978015,0.08658184417301129,MM_NEUTRAL
2009-11-09,1100.800048828125,214965,,0.0152171901290907,0.0638833485798338,0.0343921249159491,0.0953234316697761,,,,,,,,,0.03439212491594912,0.09532343166977619,,,0.03439212491594912,0.09532343166977619,MM_NEUTRAL
2009-11-17,1138.800048828125,214236,,0.034520347305992,0.0502628401233604,0.0765740180195067,0.1228554872031089,,,,,,,,,0.0765740180195067,0.1228554872031089,,,0.0765740180195067,0.1228554872031089,MM_NEUTRAL
2009-11-24,1165.5,221777,,0.0234456884677431,0.05877538908247,0.1264135063309746,0.1735978538438134,,,,,,,,,0.1264135063309746,0.17359785384381343,0.22080233067730992,,0.1264135063309746,0.17359785384381343,MM_NEUTRAL
2009-12-01,1199.0999755859375,217156,,0.0288288078815421,0.0529504075977724,0.1058746855926866,0.1545349545280436,,,,,,,,,0.10587468559268665,0.15453495452804367,0.20162335529555064,,0.10587468559268665,0.15453495452804367,MM_NEUTRAL
2009-12-08,1142.800048828125,207811,,-0.0469518204520866,-0.0194765775820463,0.038154068075044,0.0738583924662814,,,,,,,,,0.03815406807504407,0.07385839246628145,0.13711447644589558,,0.03815406807504407,0.07385839246628145,MM_NEUTRAL
2009-12-15,1122.4000244140625,208088,,-0.0178509131452886,-0.0639646007284719,-0.0144011448111007,0.0610701196861391,,,,,,,,,-0.014401144811100774,0.06107011968613918,0.10668508272995769,,-0.014401144811100774,0.06107011968613918,MM_NEUTRAL
2009-12-22,1086.0,202183,,-0.0324305271046877,-0.0497025257273747,-0.0682110682110682,0.0495796378167641,,,,,,,,,-0.06821106821106826,0.04957963781676411,0.09354549058290984,,-0.06821106821106826,0.04957963781676411,MM_NEUTRAL
2009-12-29,1097.0,195825,,0.0101289134438304,-0.0226300996628384,-0.0851471751019313,0.0117125800977329,,,,,,,,,-0.08514717510193137,0.011712580097732905,0.05622956459354378,,-0.08514717510193137,0.011712580097732905,MM_NEUTRAL
2010-01-05,1118.0999755859375,191599,,0.0192342530409639,0.0295579885690031,-0.0216136438456718,0.0157157757907346,,,,,,,,,-0.02161364384567188,0.015715775790734687,0.050648399630829566,,-0.02161364384567188,0.015715775790734687,MM_NEUTRAL
2010-01-12,1128.9000244140625,191043,,0.0096592872408081,0.029079329456757,0.0057911616701837,-0.0086933824987538,,,,,,,,,0.0057911616701837865,-0.008693382498753843,0.06721494829264274,,0.0057911616701837865,-0.008693382498753843,MM_NEUTRAL
2010-01-19,1139.699951171875,192625,,0.0095667698859498,0.0193184653050528,0.0494474688507136,-0.0221364640309952,,,,,,,,,0.049447468850713605,-0.02213646403099523,0.10147869426405176,,0.049447468850713605,-0.02213646403099523,MM_NEUTRAL
2010-01-26,1097.9000244140625,174367,,-0.0366762556362597,-0.0274603590482602,0.0008204415807315,-0.0843965918041352,,,,,,,,,0.000820441580731579,-0.08439659180413528,0.012542631166194251,,0.000820441580731579,-0.08439659180413528,MM_NEUTRAL
2010-02-02,1117.4000244140625,178601,,0.0177611800404202,-0.0195664891754036,-0.0006260184126273,-0.0222261317192878,,,,,,,,,-0.0006260184126273272,-0.02222613171928789,0.015079919013093468,,-0.0006260184126273272,-0.02222613171928789,MM_NEUTRAL
2010-02-09,1076.699951171875,152728,,-0.0364239058107499,-0.0193096573192096,-0.0462397662443856,-0.0407163865361146,,,,,,,,,-0.04623976624438564,-0.040716386536114646,-0.05453116876852415,,-0.04623976624438564,-0.040716386536114646,MM_NEUTRAL
2010-02-16,1119.300048828125,157154,,0.0395654310282862,0.0017003976844003,-0.017899362303889,0.0306630283868554,,,,,,,,,-0.017899362303889,0.030663028386855418,-0.039639597745066535,,-0.017899362303889,0.030663028386855418,MM_NEUTRAL
2010-02-23,1102.699951171875,164656,,-0.0148307843581618,0.0241478602945062,0.0043719160680173,0.0051959445504785,,,,,,,,,0.004371916068017345,0.0051959445504785595,-0.08039365055191239,,0.004371916068017345,0.0051959445504785595,MM_NEUTRAL
2010-03-02,1136.9000244140625,176671,,0.0310148496931028,0.0157240907872417,0.0174512256792058,0.0168142824779804,,,,,,,,,0.017451225679205873,0.016814282477980447,-0.005162779280690977,0.1908453020607277,0.017451225679205873,0.016814282477980447,MM_NEUTRAL
2010-03-09,1122.0,174408,,-0.013105835248567,0.0175025389341989,0.0420730480936872,-0.0061121660597392,,,,,,,,,0.04207304809368728,-0.006112166059739299,-0.0003564009313625771,0.12436113092471901,0.04207304809368728,-0.006112166059739299,MM_NEUTRAL
2010-03-16,1122.199951171875,170277,,0.0001782096006015,-0.0129299612336305,0.0025908176692979,-0.015354918618717,,,,,,,,,0.002590817669297918,-0.015354918618717073,0.0333332883718922,0.11661686683768657,0.002590817669297918,-0.015354918618717073,MM_NEUTRAL
2010-03-23,1103.5,153692,,-0.0166636535247994,-0.016488413547237,0.000725536286888,0.0051006243386562,,,,,,,,,0.0007255362868880955,0.005100624338656212,0.005925250683682881,0.08804968124447199,0.0007255362868880955,0.005100624338656212,MM_NEUTRAL
2010-03-30,1104.5,147220,,0.0009062075215224,-0.0157725467314372,-0.0284985695472747,-0.0115446788367729,,,,,,,,,-0.0284985695472747,-0.011544678836772904,-0.012163470067880544,0.11217402794551012,-0.0284985695472747,-0.011544678836772904,MM_NEUTRAL
2010-04-06,1135.0999755859375,175135,,0.0277048217165571,0.0286361355559017,0.0116755575632241,0.0542398319517896,,,,,,,,,0.011675557563224137,0.05423983195178961,0.005492028556818296,0.09291353963835647,0.011675557563224137,0.05423983195178961,MM_NEUTRAL
2010-04-13,1152.800048828125,196695,,0.0155934046541148,0.0437302388665685,0.0272679548990315,0.0299294188676875,,,,,,,,,0.027267954899031555,0.02992941886768752,0.01149433905194086,0.08325512283540837,0.027267954899031555,0.02992941886768752,MM_NEUTRAL
2010-04-20,1138.5999755859375,192240,,-0.0123178978493473,0.0030834288391146,0.03180786188123,0.0325564759261214,,,,,,,,,0.03180786188123008,0.03255647592612143,0.03707072617435836,0.07638487712997,0.03180786188123008,0.03255647592612143,MM_NEUTRAL
2010-04-27,1161.699951171875,205443,,0.020288052065037,0.0077202480627904,0.0517880952212539,0.0218136390405954,,,,,,,,,0.05178809522125394,0.02181363904059541,0.03964553945758342,0.12274089687175782,0.05178809522125394,0.02181363904059541,MM_NEUTRAL
2010-05-04,1168.5999755859375,207788,,0.0059395925833534,0.0263481474119666,0.0295128188886686,0.0415329550676804,,,,,,,,,0.029512818888668635,0.0415329550676804,0.08535342117740319,0.0777459402025491,0.029512818888668635,0.0415329550676804,MM_NEUTRAL
2010-05-11,1219.9000244140625,217530,,0.0438987248843669,0.0500990580084621,0.0582060832267901,0.0870611989780989,,,,,,,,,0.058206083226790106,0.08706119897809894,0.0898775763400197,0.10819401372004611,0.058206083226790106,0.08706119897809894,MM_NEUTRAL
2010-05-18,1214.300048828125,219795,,-0.0045905201031758,0.0391066868021054,0.0664852229627277,0.1004078376330992,,,,,,,,,0.06648522296272774,0.10040783763309924,0.10120622344967822,0.0662978545511066,0.06648522296272774,0.10040783763309924,MM_NEUTRAL
2010-05-25,1197.800048828125,205216,,-0.0135880748880176,-0.0181162186602565,0.0310752338586515,0.08447265625,,,,,,,,,0.03107523385865152,0.08447265625,0.05356673683374158,0.027713469608000807,0.03107523385865152,0.08447265625,MM_NEUTRAL
2010-06-01,1224.800048828125,206258,,0.022541324845007,0.0086469567469202,0.048091797378319,0.0790239407730446,,,,,,,,,0.048091797378319034,0.07902394077304464,0.0916221469056373,0.021432802739929313,0.048091797378319034,0.07902394077304464,MM_NEUTRAL
2010-06-08,1244.0,210016,,0.0156759882482413,0.0385706706366184,0.019755697273236,0.0791116822597153,,,,,,,,,0.019755697273236006,0.07911168225971532,0.10853685094259125,0.0885543812109999,0.019755697273236006,0.07911168225971532,MM_NEUTRAL
2010-06-15,1233.199951171875,211490,,-0.0086817112766278,0.0068581825676663,0.0155644417226117,0.0830844700635577,,,,,,,,,0.015564441722611733,0.08308447006355779,0.11753507129304497,0.09871696752292425,0.015564441722611733,0.08308447006355779,MM_NEUTRAL
2010-06-22,1239.9000244140625,218865,,0.0054330793930219,-0.0032958003102391,0.0351477490981289,0.0673152074796099,,,,,,,,,0.0351477490981289,0.06731520747960995,0.1225894290756564,0.14171272966304094,0.0351477490981289,0.06731520747960995,MM_NEUTRAL
2010-06-29,1242.0,214462,,0.0016936652508978,0.0071359464616931,0.0140430686529868,0.0628102224435351,,,,,,,,,0.014043068652986879,0.06281022244353518,0.09417674805153697,0.13217866909753884,0.014043068652986879,0.06281022244353518,MM_NEUTRAL
2010-07-06,1194.800048828125,181733,,-0.038003181297806,-0.0363738807144957,-0.0395497999773915,-0.0205754365797258,,,,,,,,,-0.0395497999773915,-0.020575436579725825,0.03643303107307716,0.06859858234232852,-0.0395497999773915,-0.020575436579725825,MM_NEUTRAL
2010-07-13,1213.300048828125,180754,,0.0154837623401045,-0.0231078511850845,-0.0161368011122929,-0.0008235196901829,,,,,,,,,-0.016136801112292987,-0.0008235196901829056,0.06560695138232897,0.07476306368039021,-0.016136801112292987,-0.0008235196901829056,MM_NEUTRAL
2010-07-20,1191.5,148371,,-0.0179675661013783,-0.0027620092846177,-0.0390354250028625,-0.0052596832286729,,,,,,,,,-0.0390354250028625,-0.0052596832286729844,0.025652104743625115,0.04545060195436745,-0.0390354250028625,-0.0052596832286729844,MM_NEUTRAL
2010-07-27,1158.0,152892,,-0.0281158203944608,-0.0455782136344071,-0.0676328502415458,-0.0545395543476983,,,,,,,,,-0.06763285024154586,-0.054539554347698305,-0.009070662166172472,0.05474084547726665,-0.06763285024154586,-0.054539554347698305,MM_NEUTRAL
2010-08-03,1185.199951171875,156365,,0.0234887315819301,-0.0052874937709819,-0.0080348989487119,-0.0472669202798432,,,,,,,,,-0.0080348989487119,-0.04726692027984325,-0.0284450139746939,0.06067650373765221,-0.0080348989487119,-0.04726692027984325,MM_NEUTRAL
2010-08-10,1196.199951171875,158593,,0.0092811343681913,0.0329878680240716,-0.0140938737064802,-0.0300032447818701,,,,,,,,,-0.014093873706480298,-0.03000324478187011,-0.014905786814154998,0.11098728096898003,-0.014093873706480298,-0.03000324478187011,MM_NEUTRAL
2010-08-17,1226.5999755859375,177219,,0.0254138318466579,0.0349308354030286,0.0294586450574381,-0.0107267106752499,,,,,,,,,0.029458645057438115,-0.010726710675249995,0.024044018687417124,0.09586341648975405,0.029458645057438115,-0.010726710675249995,MM_NEUTRAL
2010-08-24,1231.800048828125,196084,0.5192307692307693,0.0042394206307589,0.0297609924004542,0.0637306121140974,-0.0082125210723631,0.5192307692307693,51.92307692307693,,,,,,,0.06373061211409747,-0.008212521072363144,0.0057152185833904134,0.11707636108902619,0.06373061211409747,-0.008212521072363144,MM_NEUTRAL
2010-08-31,1248.300048828125,209200,0.7169811320754716,0.0133950311300095,0.0176912389320906,0.053240044090332,0.0447773667673294,0.7169811320754716,71.69811320754717,,,,,,,0.053240044090332006,0.04477736676732946,0.003456630890775747,0.09798577009572673,0.053240044090332006,0.04477736676732946,MM_NEUTRAL
2010-09-07,1257.300048828125,211027,0.7777777777777778,0.0072098050532394,0.0207014117463784,0.0510784987044954,0.0362647310881572,0.7777777777777778,77.77777777777779,,,,,,,0.051078498704495434,0.0362647310881572,0.019542733222903896,0.12058827881294554,0.051078498704495434,0.0362647310881572,MM_NEUTRAL
2010-09-14,1269.699951171875,218250,0.9090909090909092,0.0098623255087815,0.0171432360063108,0.0351377600226585,0.0656315158807174,0.9090909090909092,90.90909090909092,,,,,,,0.03513776002265856,0.06563151588071747,0.024034136761869274,0.1314382520209263,0.03513776002265856,0.06563151588071747,MM_NEUTRAL
2010-09-21,1272.4000244140625,213799,0.7857142857142857,0.0021265443380504,0.0120098425193027,0.0329598749606823,0.0987910400812284,0.7857142857142857,78.57142857142857,0.2664835164835164,,,,,,0.03295987496068231,0.09879104008122841,0.024476670220662244,0.15305847250934534,0.03295987496068231,0.09879104008122841,MM_NEUTRAL
2010-09-28,1306.5999755859375,224408,0.9649122807017544,0.0268783012540603,0.029062003491459,0.0467034562824404,0.1024299944444204,0.9649122807017544,96.49122807017544,0.24793114862628274,,,,,,0.046703456282440436,0.10242999444442047,0.09357208084103052,0.1829787013000792,0.046703456282440436,0.10242999444442047,MM_NEUTRAL
2010-10-05,1338.9000244140625,218716,0.896551724137931,0.0247206868449849,0.0522634381672721,0.0649009563484812,0.1192944984677431,0.896551724137931,89.65517241379311,0.11877394636015326,,,,,,0.06490095634848125,0.1192944984677431,0.10351930316598046,0.17954369941988912,0.06490095634848125,0.1192944984677431,MM_NEUTRAL
2010-10-12,1345.699951171875,223959,0.9491525423728814,0.0050787412307264,0.029924978047243,0.0598566613551929,0.0970976503803078,0.9491525423728814,94.91525423728814,0.04006163328197221,,,,,,0.059856661355192964,0.09709765038030782,0.1294166606562106,0.16733162228770015,0.059856661355192964,0.09709765038030782,MM_NEUTRAL
2010-10-19,1335.0999755859375,208747,0.6333333333333333,-0.0078769235123377,-0.0028381871378245,0.0492769176114626,0.0838609536150669,0.6333333333333333,63.33333333333333,-0.1523809523809524,0.11410256410256403,,,-0.4188644688644688,,0.04927691761146269,0.08386095361506696,0.1529360756355247,0.17258036554838196,0.04927691761146269,0.08386095361506696,MM_EXPANSION
2010-10-26,1338.0,198037,0.4754098360655737,0.0021721402644694,-0.0057218930305895,0.0240318574933244,0.0718576845815901,0.4754098360655737,47.54098360655737,-0.4895024446361807,-0.24157129600989796,,,-0.7374335932624634,,0.024031857493324482,0.07185768458159014,0.1289234349672752,0.15176039961978205,0.024031857493324482,0.07185768458159014,MM_DISTRIBUTION
2010-11-02,1356.4000244140625,195594,0.4193548387096774,0.013751886707072,0.0159538979983704,0.0130704307124487,0.0788196705140544,0.4193548387096774,41.93548387096774,-0.47719688542825367,-0.3584229390681004,,,-0.5959708317884069,,0.013070430712448733,0.07881967051405447,0.13392415965679083,0.16070516237514187,0.013070430712448733,0.07881967051405447,MM_DISTRIBUTION
2010-11-09,1409.800048828125,188674,0.3333333333333333,0.039368935013939,0.0536622188551008,0.0476332763484383,0.1103411065952582,0.3333333333333333,33.33333333333333,-0.615819209039548,-0.5757575757575759,,,-0.6558808423215202,,0.04763327634843839,0.1103411065952582,0.14935600594209553,0.15566851431556827,0.04763327634843839,0.1103411065952582,MM_DISTRIBUTION
2010-11-16,1338.300048828125,166602,0.171875,-0.0507164119191464,-0.0133441280301924,0.0023968791107071,0.0517919075366328,0.171875,17.1875,-0.4614583333333333,-0.6138392857142857,-0.3473557692307693,,-0.3090773809523809,,0.002396879110707184,0.051791907536632875,0.08645883729369785,0.10211644158267785,0.002396879110707184,0.051791907536632875,MM_RESET
2010-11-23,1377.5,170006,0.1846153846153846,0.0292908538755567,-0.022911085054206,0.0295216741405082,0.0542629922997417,0.1846153846153846,18.46153846153846,-0.2907944514501891,-0.7802968960863698,-0.532365747460087,,0.19870799318599158,,0.029521674140508214,0.05426299229974174,0.10350071787080761,0.15002499903693067,0.029521674140508214,0.05426299229974174,MM_RESET
2010-11-30,1385.0,175374,0.2575757575757575,0.0054446460980035,0.034894978306821,0.0210852072184914,0.0344312306709473,0.2575757575757575,25.75757575757575,-0.16177908113391987,-0.6389759665621735,-0.5202020202020203,,0.3154178042943338,,0.021085207218491497,0.03443123067094733,0.10156680681822805,0.13079681971367685,0.021085207218491497,0.03443123067094733,MM_RESET
2010-12-07,1408.300048828125,179757,0.3134328358208955,0.0168231399481046,0.022359382089383,-0.0010639806696324,0.0465186147935399,0.3134328358208955,31.343283582089548,-0.01990049751243783,-0.635719706551986,-0.5956580732700136,,0.5959187115271102,,-0.001063980669632425,0.046518614793539914,0.10915972512114247,0.13207399423482724,-0.001063980669632425,0.046518614793539914,MM_DISTRIBUTION
2010-12-14,1403.5999755859375,168625,0.1764705882352941,-0.0033374089890138,0.0134295852606047,0.0487931886537642,0.0513070191391002,0.1764705882352941,17.64705882352941,0.004595588235294101,-0.4568627450980392,-0.6092436974789917,,0.4660539215686274,-0.5709653092006033,0.04879318865376425,0.051307019139100296,0.10311218850557036,0.1381771254954529,0.04879318865376425,0.051307019139100296,MM_RESET
2010-12-21,1388.199951171875,157650,0.1304347826086956,-0.010971804418587,-0.0142725960089085,0.0077676596529037,0.0375186481105194,0.1304347826086956,13.04347826086956,-0.054180602006689005,-0.34497505345687807,-0.8344774980930588,,0.2366138494435001,-0.1034037574469801,0.007767659652903713,0.037518648110519415,0.062452148408578045,0.11960635844643552,0.007767659652903713,0.037518648110519415,MM_RESET
2010-12-28,1405.199951171875,167914,0.1857142857142857,0.0122460744834698,0.0011399085307546,0.0145848022901624,0.0359775330871827,0.1857142857142857,18.57142857142857,-0.07186147186147182,-0.2336405529953917,-0.7108374384236453,,0.08991760927244805,0.12478238607270872,0.014584802290162457,0.03597753308718277,0.04951820565305254,0.13140092686946447,0.014584802290162457,0.03597753308718277,MM_RESET
2011-01-04,1378.5,156135,0.0985915492957746,-0.0190008198830411,-0.006987430855106,-0.0211602980862793,-0.0222017646077844,0.0985915492957746,9.85915492957746,-0.21484128652512088,-0.23474178403755872,-0.8505609930771068,,-0.19494078901268305,0.34101579172001717,-0.021160298086279394,-0.022201764607784447,0.024373968951668434,0.15374953436941197,-0.021160298086279394,-0.022201764607784447,MM_RESET
2011-01-11,1384.0,139556,0.0138888888888888,0.0039898440333696,-0.015086786157511,-0.0139640751829989,0.0341477617159857,0.0138888888888888,1.38888888888888,-0.1625816993464053,-0.1579861111111112,-0.6194444444444445,,-0.1671772875816994,0.45585317460317454,-0.013964075182998914,0.03414776171598577,0.036626488883427344,0.14069063240930957,-0.013964075182998914,0.03414776171598577,MM_RESET
2011-01-18,1368.0999755859375,133240,0.0136986301369863,-0.0114884569465769,-0.0075444500646082,-0.0144791645965479,-0.0068239741662885,0.0136986301369863,1.36986301369863,-0.11673615247170929,-0.1709167544783983,-0.4617112059285874,,-0.06255555046502029,0.6093801416079715,-0.014479164596547967,-0.006823974166288549,0.022496244832539203,0.14821651329075736,-0.014479164596547967,-0.006823974166288549,MM_RESET
2011-01-25,1332.300048828125,138217,0.027027027027027,-0.0261676247326003,-0.0373554560490426,-0.0518786684293254,-0.0380505062612815,0.027027027027027,2.7027027027027,-0.1586872586872587,-0.2305487305487305,-0.3923278116826504,,-0.08682578682578687,0.408427236013443,-0.051878668429325425,-0.03805050626128159,-0.017767601852077708,0.15051817688093694,-0.051878668429325425,-0.03805050626128159,MM_RESET
2011-02-01,1339.5999755859375,123733,0.0133333333333333,0.0054791912409171,-0.0208318109119136,-0.0282190964193417,-0.0487822700136624,0.0133333333333333,1.33333333333333,-0.0852582159624413,-0.3000995024875622,-0.32,,0.1295830705626796,0.3356202040644238,-0.028219096419341727,-0.04878227001366242,-0.049794347290979535,0.13027339754899447,-0.028219096419341727,-0.04878227001366242,MM_RESET
2011-02-08,1363.4000244140625,141509,0.0657894736842105,0.0177665342355017,0.0233430717151836,-0.0148843754233652,-0.0286406040689003,0.0657894736842105,6.5789473684210495,0.0519005847953217,-0.1106811145510836,-0.1060855263157895,,0.214482284141727,0.3461816305469556,-0.014884375423365293,-0.028640604068900344,0.01875511818737219,0.13977602413240997,-0.014884375423365293,-0.028640604068900344,MM_RESET
2011-02-15,1373.5999755859375,154234,0.1558441558441558,0.0074812608106402,0.0253807111224591,0.0040201740356324,-0.0105171993224842,0.1558441558441558,15.58441558441558,0.1421455257071695,0.02540937323546022,-0.028771228771228785,,0.2588816781788788,0.3703844266923383,0.004020174035632484,-0.010517199322484294,-0.0028312336944192884,0.11984347213913749,0.004020174035632484,-0.010517199322484294,MM_ACCUMULATION
2011-02-22,1400.5,168449,0.2692307692307692,0.0195835941265125,0.027211364912423,0.0511896334702253,-0.0033446849809206,0.2692307692307692,26.923076923076923,0.24220374220374222,0.08351648351648353,0.011655011655011704,-0.25000000000000006,0.40089100089100094,0.3171570365118752,0.051189633470225315,-0.0033446849809206647,0.01119133574007214,0.13695400591383966,0.051189633470225315,-0.0033446849809206647,MM_ACCUMULATION
2011-03-01,1430.699951171875,188816,0.4683544303797468,0.0215636923754909,0.0415695811013538,0.0680053577532282,0.0378672115864164,0.4683544303797468,46.83544303797468,0.45502109704641347,0.36976288108397215,0.1549215945588513,-0.24862670169572487,0.5402793130088548,0.6045046651215309,0.06800535775322825,0.03786721158641648,0.015905632015272175,0.14611863751426002,0.06800535775322825,0.03786721158641648,MM_EXPANSION
2011-03-08,1426.9000244140625,188620,0.45,-0.0026559913940725,0.0188504280000445,0.0465747387875321,0.0309971274668081,0.45,45.0,0.3842105263157895,0.4361111111111112,0.2735294117647059,-0.3277777777777778,0.3323099415204678,0.5940972222222224,0.046574738787532155,0.03099712746680816,0.016600206065405798,0.13489220472393537,0.046574738787532155,0.03099712746680816,MM_EXPANSION
2011-03-15,1392.5999755859375,176238,0.3580246913580246,-0.0240381584142237,-0.0266303046664188,0.0138322658253506,0.0179080479769082,0.3580246913580246,35.80246913580246,0.2021805355138688,0.3443260612210383,0.22758990874932902,-0.5510662177328846,0.06003500980669929,0.5152428156994366,0.013832265825350687,0.01790804797690826,0.003169589806099715,0.09679454134075649,0.013832265825350687,0.01790804797690826,MM_ACCUMULATION
2011-03-22,1427.5,178875,0.4024390243902439,0.0250610548800118,0.000420474858555,0.0192788289896466,0.071455338649587,0.4024390243902439,40.243902439024396,0.1332082551594747,0.37541199736321695,0.21672473867595823,-0.38327526132404177,-0.10899548704426751,0.6059607279119474,0.019278828989646613,0.07145533864958709,0.015869662398954487,0.12189560877866268,0.019278828989646613,0.07145533864958709,MM_EXPANSION
2011-03-29,1416.0,191417,0.5060240963855421,-0.0080560420315236,0.0168031199370206,-0.0102746569326673,0.0570319691000631,0.5060240963855421,50.602409638554214,0.037669666005795355,0.4926907630522088,0.4074325470897675,-0.45888818431621226,-0.4173514310406181,0.7927902655397709,-0.010274656932667381,0.05703196910006314,0.027203482045701888,0.08372878192118649,-0.010274656932667381,0.05703196910006314,MM_EXPANSION
2011-04-05,1451.800048828125,206694,0.6904761904761905,0.0252825203588453,0.0170228012806479,0.0174504337991636,0.0648379219826209,0.6904761904761905,69.04761904761905,0.24047619047619045,0.62468671679198,0.6765873015873016,-0.20607553366174058,-0.14373433583959905,0.7353678313430636,0.017450433799163667,0.06483792198262095,0.04898847458679545,0.08432296837358755,0.017450433799163667,0.06483792198262095,MM_EXPANSION
2011-04-12,1452.9000244140625,201904,0.6235294117647059,0.0007576632793375,0.0260593392754677,0.0433003374158136,0.0577315450186273,0.6235294117647059,62.35294117647059,0.26550472040668127,0.4676852559205501,0.6098307816277195,-0.3256231306081755,0.06332418489281247,0.4422758826850899,0.04330033741581363,0.05773154501862732,0.06198380991258068,0.07966120021690903,0.04330033741581363,0.05773154501862732,MM_EXPANSION
2011-04-19,1494.5,211737,0.813953488372093,0.0286323731068243,0.0294117300838652,0.0469352014010509,0.0671188861121028,0.813953488372093,81.3953488372093,0.4115144639818491,0.5447227191413238,0.786926461345066,0.18062015503875972,0.2783062088223744,0.4612062356248402,0.0469352014010509,0.06711888611210282,0.12174431076133652,0.11939182632679346,0.0469352014010509,0.06711888611210282,MM_CROWDED_EXPANSION
2011-04-26,1503.0,202417,0.632183908045977,0.0056875209100033,0.0344827412375756,0.0614406779661016,0.0505347391456221,0.632183908045977,63.2183908045977,0.12615981166043488,0.16382947766623024,0.6188505747126437,0.15677407198040333,0.08849014565463953,-0.2059334034177419,0.06144067796610164,0.05053473914562212,0.12197672991341446,0.12331838565022424,0.06144067796610164,0.05053473914562212,MM_EXPANSION
2011-05-03,1540.0999755859375,192878,0.5227272727272727,0.0246839491589736,0.0305118605459602,0.0608209972365596,0.0793327838215989,0.5227272727272727,52.27272727272727,-0.16774891774891776,0.0727272727272727,0.4569377990430622,0.10337243401759533,-0.4082251082251082,-0.36338383838383853,0.06082099723655965,0.07933278382159892,0.12960242629290986,0.13543198751506202,0.06082099723655965,0.07933278382159892,MM_EXPANSION
2011-05-10,1516.5999755859375,180974,0.4044943820224719,-0.0152587496737407,0.0090485532840569,0.0438433134431011,0.0890420811244283,0.4044943820224719,40.44943820224719,-0.219035029742234,0.04646969066444728,0.24865022617831609,0.07116104868913858,-0.48453975014891526,-0.29785637055659103,0.043843313443101106,0.08904208112442835,0.10410600068553455,0.07575537172564895,0.043843313443101106,0.08904208112442835,MM_EXPANSION
2011-05-17,1479.800048828125,173788,0.2777777777777778,-0.0242647549454132,-0.0391532547975472,-0.0098360329018902,0.0366375123139228,0.2777777777777778,27.77777777777778,-0.5361757105943152,-0.12466124661246614,0.008547008547008572,0.10590277777777779,-0.9476901745761643,-0.5000732439756831,-0.00983603290189028,0.03663751231392287,0.05662266963807561,0.10573114760318791,-0.00983603290189028,0.03663751231392287,MM_RESET
2011-05-24,1523.199951171875,176892,0.3516483516483517,0.0293282206458358,0.0043518236134665,0.0134397546053726,0.0757061802061265,0.3516483516483517,35.16483516483517,-0.28053555639762534,-0.15437574473719046,-0.1167060787313951,0.16703296703296708,-0.4066953680580602,-0.6470665077893993,0.013439754605372611,0.07570618020612652,0.0646536682441583,0.10577128941696912,0.013439754605372611,0.07570618020612652,MM_DISTRIBUTION
2011-05-31,1535.9000244140625,187315,0.4347826086956521,0.0083377584357304,0.0379105107006612,-0.0027270639818541,0.057928070503801,0.4347826086956521,43.47826086956521,-0.0879446640316206,-0.25569358178053836,-0.015217391304347905,0.1772068511198946,0.07980425371729716,-0.8803802985725183,-0.002727063981854183,0.057928070503801,0.07638937426240444,0.10895308621953981,-0.002727063981854183,0.057928070503801,MM_DISTRIBUTION
2011-06-07,1543.300048828125,195870,0.5806451612903226,0.0048180378256621,0.0131959678969173,0.01760521803508,0.0622204025707273,0.5806451612903226,58.06451612903226,0.17615077926785072,-0.04288425047438327,0.222620469932298,0.26721232546942714,0.3951858090100847,-0.5105695063949334,0.017605218035080084,0.06222040257072736,0.10821490441200132,0.0958602537238682,0.017605218035080084,0.06222040257072736,MM_DISTRIBUTION
2011-06-14,1523.800048828125,187786,0.4468085106382978,-0.0126352617009291,-0.007878101044079,0.0297337468226495,0.0196052518087153,0.4468085106382978,44.68085106382978,0.16903073286052,-0.36714497773379523,0.04436948624805387,0.2703379224030037,0.7052064434548353,-0.9118676968751189,0.02973374682264951,0.019605251808715307,0.06746062965192645,0.08563698727054314,0.02973374682264951,0.019605251808715307,MM_DISTRIBUTION
2011-06-21,1546.0,206259,0.7052631578947368,0.0145688085447612,0.0017494661351984,0.0149685199310725,0.0286094477711245,0.7052631578947368,70.52631578947368,0.35361480624638514,0.0730792498487598,0.19923906150919468,0.5748283752860412,0.6341503626440105,-0.09075022781747044,0.01496851993107251,0.028609447771124508,0.09180790960451968,0.11367242067320005,0.01496851993107251,0.028609447771124508,MM_EXPANSION
2011-06-28,1499.699951171875,169571,0.2395833333333333,-0.0299482851410899,-0.0158157874287929,-0.0235692901014163,-0.0262320791211571,0.2395833333333333,23.95833333333333,-0.19519927536231882,-0.28314393939393945,-0.4508928571428572,0.053869047619047594,-0.10725461133069822,-0.35587121212121214,-0.023569290101416396,-0.026232079121157104,0.0329934569036654,0.06725021582956292,-0.023569290101416396,-0.026232079121157104,MM_RESET
2011-07-05,1512.300048828125,165423,0.1958762886597938,0.0084017457268064,-0.0217981572909928,-0.0200868262937846,-0.0028352412152394,0.1958762886597938,19.587628865979383,-0.38476887263052884,-0.2086180933626781,-0.4276531231049121,0.09728473936401921,-0.5609196518983796,-0.2550877840271254,-0.020086826293784665,-0.0028352412152394812,0.040883765858575005,0.09706205936026469,-0.020086826293784665,-0.0028352412152394812,MM_RESET
2011-07-12,1561.9000244140625,199105,0.6224489795918368,0.0327977081164365,0.0414750118472591,0.0250032644474833,0.0554804520049541,0.6224489795918368,62.244897959183675,0.17564046895353896,0.34467120181405897,-0.19150450878025627,0.6085600907029479,0.006609736093018959,0.4693324484265251,0.025003264447483353,0.055480452004954106,0.045098711551731396,0.12854048006796415,0.025003264447483353,0.055480452004954106,MM_EXPANSION
2011-07-19,1600.9000244140625,210289,0.797979797979798,0.0249695879316158,0.0585862413048212,0.0355110119107777,0.0510110791314093,0.797979797979798,79.7979797979798,0.0927166400850612,0.44633144633144634,0.165795889933821,0.7842811678428117,-0.26089816616132394,0.6007071910686368,0.03551101191077777,0.05101107913140934,0.0651364101224634,0.1701630385077817,0.03551101191077777,0.05101107913140934,MM_EXPANSION
2011-07-26,1616.5999755859375,213501,0.84,0.0098069529217612,0.0350214164266982,0.0779489419351624,0.0525424506081777,0.84,84.0,0.6004166666666667,0.40521739130434786,0.31727272727272726,0.812972972972973,0.7956159420289856,0.6609109730848862,0.07794894193516244,0.05254245060817775,0.04967210000175171,0.2133903147477021,0.07794894193516244,0.05254245060817775,MM_CROWDED_EXPANSION
2011-08-02,1641.9000244140625,228824,1.0,0.0156501603428238,0.025610593650285,0.0856972633746615,0.0638890510376173,1.0,100.0,0.8041237113402062,0.4193548387096774,0.5955056179775281,0.9866666666666667,1.188892583970735,0.46223908918406065,0.08569726337466155,0.06388905103761733,0.0826190497462691,0.22566441798858627,0.08569726337466155,0.06388905103761733,MM_CROWDED_EXPANSION
2011-08-09,1740.0,191410,0.4803921568627451,0.0597478373392106,0.07633306091653,0.1140277692567106,0.1418821001732761,0.4803921568627451,48.03921568627451,-0.14205682272909165,0.03358364622444732,0.20261437908496732,0.4146026831785346,-0.3176972916826306,0.40072862395824255,0.11402776925671065,0.14188210017327618,0.17583453344114375,0.2762211888237174,0.11402776925671065,0.14188210017327618,MM_EXPANSION
2011-08-16,1782.4000244140625,199875,0.6116504854368932,0.0243678301230243,0.0855715926127351,0.1133737255494327,0.1529107531785656,0.6116504854368932,61.165048543689316,-0.18632931254290486,-0.09361267245784366,0.2600021337885415,0.45580632959273737,-0.27904595262796605,-0.16669192230660346,0.1133737255494327,0.15291075317856562,0.17016812076626686,0.29761215498984184,0.1133737255494327,0.15291075317856562,MM_DISTRIBUTION
2011-08-23,1858.300048828125,192322,0.5096153846153846,0.042583047225335,0.0679885338092671,0.1495113676186856,0.2391145624670039,0.5096153846153846,50.96153846153846,-0.3303846153846154,0.2700320512820513,0.07483277591973247,0.24038461538461536,-0.9308012820512821,0.5531759906759908,0.14951136761868566,0.2391145624670039,0.20990951187532958,0.3268832908447876,0.14951136761868566,0.2391145624670039,MM_EXPANSION
2011-08-30,1826.699951171875,183072,0.4,-0.0170048414281522,0.0248540878315883,0.1125524843230094,0.2078951875901724,0.4,40.0,-0.6,0.2041237113402062,-0.1806451612903226,-0.06835443037974676,-1.404123711340206,0.4127418047028843,0.11255248432300946,0.20789518759017245,0.18363240677595027,0.2767875959425592,0.11255248432300946,0.20789518759017245,MM_EXPANSION
2011-09-06,1869.9000244140625,188195,0.4339622641509434,0.0236492442091946,0.0062422511333692,0.0746551864448634,0.1971957200753258,0.4339622641509434,43.39622641509434,-0.0464298927118017,-0.18848671544089335,-0.012846246487354385,-0.0160377358490566,0.09562693001728995,-0.5331579172549523,0.07465518644486346,0.19719572007532582,0.22712952125976438,0.31046323668114884,0.07465518644486346,0.19719572007532582,MM_DISTRIBUTION
2011-09-13,1826.800048828125,176269,0.308411214953271,-0.0230493475711049,5.479698851784676e-05,0.0249102467492718,0.141108139777025,0.308411214953271,30.8411214953271,-0.30323927048362215,-0.489568583026527,-0.3968519429414658,-0.04961347640475361,-0.11690995794071729,-0.9359000293579733,0.02491024674927189,0.14110813977702508,0.18163004452013265,0.31179095278922264,0.02491024674927189,0.14110813977702508,MM_DISTRIBUTION
2011-09-20,1806.5999755859373,151425,0.0833333333333333,-0.0110576268350474,-0.0338521033219197,-0.0278211655188787,0.1175306215943337,0.0833333333333333,8.33333333333333,-0.42628205128205127,-0.7566666666666667,-0.15625,-0.3191056910569106,-0.09589743589743588,-1.1618840579710146,-0.0278211655188787,0.1175306215943337,0.20464095112775627,0.2655691597799912,-0.0278211655188787,0.1175306215943337,MM_RESET
2011-09-27,1650.5999755859375,122475,0.0091743119266055,-0.0863500509842551,-0.0964528511783313,-0.0964033395155919,0.0052987094479031,0.0091743119266055,0.91743119266055,-0.3908256880733945,-0.9908256880733946,-0.1867019767331883,-0.4968497844589366,0.20917431192660546,-1.4101805267830718,-0.09640333951559199,0.005298709447903116,0.09145005772166748,0.16567794886012543,-0.09640333951559199,0.005298709447903116,MM_RESET
2011-10-04,1614.699951171875,120689,0.009090909090909,-0.0217496819005577,-0.1062216467438084,-0.1364779239051323,-0.0720115223150144,0.009090909090909,0.9090909090909001,-0.42487135506003443,-0.47130124777183613,-0.6133580705009277,-0.6813852813852814,-0.3784414623482327,-0.5048848939962834,-0.13647792390513236,-0.0720115223150144,0.033804933691335304,0.11220546691346422,-0.13647792390513236,-0.0720115223150144,MM_RESET
2011-10-11,1659.699951171875,122021,0.018018018018018,0.0278689548280106,0.0055131320250427,-0.0914714764560266,-0.0688398067557944,0.018018018018018,1.8018018018018,-0.290393196935253,-0.5936324674188751,-0.77996177996178,-0.6055113937466878,0.012846073548369141,-0.5000197949610314,-0.0914714764560266,-0.06883980675579449,0.036729293435630694,0.14233596481713362,-0.0914714764560266,-0.06883980675579449,MM_RESET
2011-10-18,1651.699951171875,117899,0.0089285714285714,-0.0048201483613657,0.0229144739696975,-0.0857411859334401,-0.1111769317266797,0.0089285714285714,0.89285714285714,-0.0744047619047619,-0.5006868131868132,-0.8310714285714286,-0.8050249169435216,0.35187728937728935,-0.7707188644688645,-0.08574118593344016,-0.11117693172667975,0.021712220781900937,0.1051856481578286,-0.08574118593344016,-0.11117693172667975,MM_RESET
2011-10-25,1699.5999755859375,126570,0.0530973451327433,0.0290004394442693,0.0240405046622373,0.0296861751634316,-0.06957901077536,0.0530973451327433,5.30973451327433,0.0439230332061378,-0.34690265486725674,-0.9469026548672567,-0.5790865629132337,0.43474872127953235,-0.5510263662074629,0.02968617516343164,-0.06957901077536,0.03514218302814509,0.13080504031000495,0.02968617516343164,-0.06957901077536,MM_RESET
2011-11-01,1711.0,133011,0.0614035087719298,0.0067074750399029,0.035902434207891,0.0596395935716942,-0.0849778182466488,0.0614035087719298,6.14035087719298,0.0523125996810208,-0.3725587553790136,-0.4189886480908153,-0.4613237639553429,0.47718395474105524,-0.18407203993812027,0.05963959357169424,-0.08497781824664885,-0.01666666666666672,0.1109668379476747,0.05963959357169424,-0.08497781824664885,MM_RESET
2011-11-08,1798.4000244140625,146055,0.1043478260869565,0.0510812533103812,0.0581313545818706,0.0835693663449557,-0.0155463234371385,0.1043478260869565,10.43478260869565,0.0863298080689385,-0.2040633888663145,-0.5073026593499367,-0.3001465559355154,0.37672300500419154,0.28550519416021247,0.08356936634495571,-0.015546323437138576,0.008976660559270266,0.18581040047772102,0.08356936634495571,-0.015546323437138576,MM_RESET
2011-11-15,1781.699951171875,150910,0.1379310344827586,-0.0092860726287126,0.0413208364534629,0.0787067892735393,-0.0137828101132274,0.1379310344827586,13.79310344827586,0.1290024630541872,0.05459770114942529,-0.371684350132626,-0.1398467432950192,0.20340722495894908,0.811264367816092,0.07870678927353936,-0.013782810113227462,-0.04122052179063085,0.2040139832289023,0.07870678927353936,-0.013782810113227462,MM_ACCUMULATION
2011-11-22,1702.199951171875,137682,0.0769230769230769,-0.0446203076717326,-0.05349203288269,0.0015297573683721,0.0312613451769985,0.0769230769230769,7.69230769230769,0.0238257317903336,0.0677487649964714,-0.32307692307692315,-0.27472527472527475,-0.0200973014158042,1.058574453069866,0.001529757368372131,0.03126134517699852,-0.06815569241140562,0.11751576006963904,0.001529757368372131,0.03126134517699852,MM_ACCUMULATION
2011-11-29,1713.4000244140625,133794,0.0762711864406779,0.0065797635785835,-0.0383341351684326,0.0014027027551504,0.0611259529490637,0.0762711864406779,7.6271186440677905,0.014867677668748101,0.0671802773497689,-0.35769107771026554,-0.35851142225497423,-0.037444922012272695,0.5384815251216051,0.00140270275515042,0.061125952949063755,-0.08369431411127959,0.11556741791687597,0.00140270275515042,0.061125952949063755,MM_ACCUMULATION
2011-12-06,1727.9000244140625,137692,0.0924369747899159,0.0084627056107102,0.0150981517914474,-0.0392015119233384,0.0410918089104197,0.0924369747899159,9.24369747899159,-0.0119108512970406,0.0744189567718979,-0.2159742401633551,-0.4882081865004067,-0.0982406593659791,0.668051424190773,-0.03920151192333843,0.04109180891041975,-0.05413839597689185,0.11961379494940716,-0.03920151192333843,0.04109180891041975,MM_ACCUMULATION
2011-12-13,1659.9000244140625,127137,0.0583333333333333,-0.0393541287338421,-0.0312244655291723,-0.0683616378154476,0.0049646264361571,0.0583333333333333,5.83333333333333,-0.0795977011494253,0.049404761904761896,-0.025,-0.3884751773049645,-0.2086001642036125,0.5500915750915751,-0.06836163781544768,0.004964626436157138,-0.08120223245563551,0.08931616434229994,-0.06836163781544768,0.004964626436157138,MM_ACCUMULATION
2011-12-20,1615.5999755859375,111470,0.0082644628099173,-0.0266883837439322,-0.0649922143882174,-0.0508753249148655,-0.0494233944496503,0.0082644628099173,0.82644628099173,-0.0686586141131596,-0.044832882322826,-0.0009098491166881998,-0.6969986950848195,-0.09248434590349319,0.30206977254443074,-0.05087532491486557,-0.04942339444965038,-0.021204410831022535,0.045019389124151044,-0.05087532491486557,-0.04942339444965038,MM_RESET
2011-12-27,1594.199951171875,106043,0.0081967213114754,-0.0132458682455112,-0.0395807411746856,-0.0695693192154299,-0.0682642015360169,0.0081967213114754,0.81967213114754,-0.0680744651292025,-0.0532067874604544,-0.0008941877794336004,-0.2313866120218579,-0.08294214279795059,0.31935196791855924,-0.06956931921542997,-0.06826420153601698,-0.012695857199427119,0.063012604572106,-0.06956931921542997,-0.06826420153601698,MM_RESET
2012-01-03,1599.699951171875,104562,0.008130081300813,0.0034500063784075,-0.0098415601970381,-0.0741941497950152,-0.1104871388705224,0.008130081300813,0.8130081300813,-0.0843068934891029,-0.0962177447861435,-0.009887936717205,-0.18774620735898082,-0.0723960421920623,0.107845644080171,-0.07419414979501526,-0.11048713887052242,-0.036151112710243405,0.05779269954495847,-0.07419414979501526,-0.11048713887052242,MM_RESET
2012-01-10,1631.0,103980,0.0080645161290322,0.0195661997771494,0.0230837096695892,-0.0174107018428799,-0.0845821155648319,0.0080645161290322,0.8064516129032201,-0.0502688172043011,-0.1298665183537264,-0.0008640552995391997,-0.6143844634628045,0.0293288839451242,-0.18446421950315167,-0.01741070184287996,-0.08458211556483197,-0.012532513037364024,0.04424097221706624,-0.01741070184287996,-0.08458211556483197,MM_RESET
2012-01-17,1655.199951171875,108655,0.032,0.014837493054491,0.0346940061849367,0.024511002837553,-0.0276113273106622,0.032,3.2,0.0237355371900827,-0.0449230769230769,-0.0210973451327433,-0.765979797979798,0.0923941513032423,-0.1126718419195483,0.02451100283755303,-0.027611327310662293,-0.02612380857369423,0.03391837462035552,0.02451100283755303,-0.027611327310662293,MM_RESET
2012-01-24,1664.199951171875,117156,0.0476190476190476,0.0054374095369129,0.0203555801176424,0.0439091720888236,-0.028714878336139,0.0476190476190476,4.76190476190476,0.039422326307572204,-0.0286521388216303,-0.013784461152882198,-0.7923809523809524,0.10749679143677471,-0.0958324161713992,0.04390917208882361,-0.02871487833613906,-0.02735245401994446,0.029444498518370166,0.04390917208882361,-0.02871487833613906,MM_RESET
2012-01-31,1737.800048828125,143948,0.1732283464566929,0.0442255136496207,0.0499033954162271,0.0863287503103837,0.0057295122832234,0.1732283464566929,17.322834645669293,0.16509826515587991,0.08079137166677701,0.06888052036973641,-0.8267716535433071,0.2494051586449828,0.006372414894879108,0.08632875031038378,0.005729512283223492,-0.0336966051842007,0.058407956019298934,0.08632875031038378,0.005729512283223492,MM_ACCUMULATION
2012-02-07,1746.4000244140625,155609,0.2578125,0.004948771633271,0.0493931472503077,0.0707541535340665,0.0521115722198595,0.2578125,25.78125,0.2497479838709678,0.1994791666666667,0.11988146551724141,-0.2225796568627451,0.3000168010752689,0.1500744047619048,0.07075415353406656,0.052111572219859514,-0.01981249802167573,0.0036781749506107353,0.07075415353406656,0.052111572219859514,MM_ACCUMULATION
2012-02-14,1715.9000244140625,148989,0.2015503875968992,-0.0174644981525542,-0.0126021543323299,0.0366723507931547,0.0620822297250585,0.2015503875968992,20.15503875968992,0.1695503875968992,0.1932859247869819,0.1246273106738223,-0.41010009783999396,0.1458148504068165,0.2381188071098079,0.036672350793154784,0.0620822297250585,0.008048451201491114,-0.0373092454494669,0.036672350793154784,0.0620822297250585,MM_ACCUMULATION
2012-02-21,1757.0999755859375,160294,0.3076923076923077,0.0240106944377156,0.0061268615565124,0.0558226337818634,0.1021829315038662,0.3076923076923077,30.76923076923077,0.2600732600732601,0.2994955863808323,0.2314211212516298,-0.20192307692307687,0.2206509337656879,0.35270237384128666,0.05582263378186347,0.10218293150386626,0.025504815308275308,-0.054458413917604975,0.05582263378186347,0.10218293150386626,MM_ACCUMULATION
2012-02-28,1787.0,177143,0.4503816793893129,0.0170166893344196,0.0414359663000858,0.028311629525533,0.1170844874321066,0.4503816793893129,45.03816793893129,0.27715333293262,0.4422515980884999,0.357944704599397,0.05038167938931287,0.1120550677767401,0.5384693428746434,0.02831162952553301,0.11708448743210664,0.03420335363788096,-0.02173315390215369,0.02831162952553301,0.11708448743210664,MM_EXPANSION
2012-03-06,1671.4000244140625,141841,0.1666666666666666,-0.0646894099529589,-0.0487735202109355,-0.0429454872603791,0.0247700946744711,0.1666666666666666,16.66666666666666,-0.0911458333333334,0.1586021505376344,0.10833333333333331,-0.2672955974842768,-0.34089381720430123,0.2884686688913608,-0.04294548726037917,0.02477009467447111,0.006928128098594,-0.106155407994179,-0.04294548726037917,0.02477009467447111,MM_ACCUMULATION
2012-03-13,1693.699951171875,133618,0.1203007518796992,0.0133420643963615,-0.0522104358299524,-0.0129378593894293,0.0232600296856837,0.1203007518796992,12.03007518796992,-0.0812496357172,0.0883007518796992,0.1120362890697819,-0.18811046307357182,-0.2508000233140992,0.1332238288027761,-0.012937859389429374,0.023260029685683747,0.0483411591768641,-0.07285969679146465,-0.012937859389429374,0.023260029685683747,MM_ACCUMULATION
2012-03-20,1646.699951171875,113098,0.044776119402985,-0.0277498974759257,-0.0147780739986805,-0.0628308155187626,-0.010515563341819,0.044776119402985,4.4776119402985,-0.2629161882893227,-0.0028429282160626,0.036579398091509605,-0.0385572139303483,-0.5229894483625828,0.0258092106055677,-0.06283081551876268,-0.010515563341819023,0.032931879066617764,-0.0885088157726791,-0.06283081551876268,-0.010515563341819023,MM_RESET
2012-03-27,1684.800048828125,124083,0.0962962962962963,0.0231372434481071,-0.005254710161379,-0.0571907952836457,-0.0304983303664539,0.0962962962962963,9.62962962962963,-0.3540853830930166,-0.07693205016039661,0.0881662149954833,0.08712198436969079,-0.6312387160256366,-0.15772342182717364,-0.05719079528364579,-0.030498330366453996,0.05319753719684073,0.020719782956525767,-0.05719079528364579,-0.030498330366453996,MM_RESET
2012-04-03,1670.0,113040,0.0441176470588235,-0.0087844541780606,0.0141495412151699,-0.0008376357506356,-0.043747150335557,0.0441176470588235,4.41176470588235,-0.1225490196078431,-0.21369485294117652,0.036053130929791295,0.0350267379679145,-0.031403186274509706,-0.4131740196078432,-0.000837635750635668,-0.043747150335557095,0.02391171060698949,0.03424787917284,-0.000837635750635668,-0.043747150335557095,MM_RESET
2012-04-10,1659.5,104230,0.0145985401459854,-0.0062874251497005,-0.0150166477296357,-0.0201924497595999,-0.0328690620733115,0.0145985401459854,1.45985401459854,-0.1057022117337138,-0.18695184745091378,-0.017401459854014603,-0.0034194778720326013,-0.024452576016513808,-0.3802377722378957,-0.020192449759599995,-0.03286906207331153,0.0025979029452487534,-0.00012047428918326997,-0.020192449759599995,-0.03286906207331153,MM_RESET
2012-04-17,1650.300048828125,107576,0.036231884057971,-0.0055438090821783,-0.0117963779472305,0.0021862499319855,-0.0607819294529317,0.036231884057971,3.6231884057971,-0.008544235345014,-0.2714604236343367,-0.0113871635610766,0.0273033126293996,0.2543719529443087,-0.5709560100151689,0.0021862499319855733,-0.060781929452931704,-0.00835230305947443,-0.0008475524521005529,0.0021862499319855733,-0.060781929452931704,MM_RESET
2012-04-24,1643.0,103350,0.0071942446043165,-0.0044234676193027,-0.0099427538415185,-0.0248100947392536,-0.0805819809736989,0.0071942446043165,0.71942446043165,-0.0891020516919798,-0.4431874347849964,-0.1660341018523764,-0.0459031005284268,0.2649833314010368,-0.8854390328734962,-0.024810094739253663,-0.08058198097369895,-0.054551758639926895,-0.03330193951457583,-0.024810094739253663,-0.08058198097369895,MM_RESET
2012-05-01,1661.699951171875,110056,0.0571428571428571,0.01138158927077,0.0069077755598716,-0.0049700891186377,-0.0058035617449437,0.0571428571428571,5.71428571428571,0.013025210084033602,-0.1095238095238095,-0.2006696428571429,-0.004260651629072701,0.1355742296918767,-0.2681259600614439,-0.004970089118637722,-0.005803561744943786,-0.048499812218340654,-0.028813587859804257,-0.004970089118637722,-0.005803561744943786,MM_RESET
2012-05-08,1604.0,90372,0.0070921985815602,-0.0347234475942443,-0.0237370663420571,-0.0334438083760169,-0.0529609457152144,0.0070921985815602,0.7092198581560201,-0.007506341564425199,-0.113208553298139,-0.19445818901533898,-0.0972556275053963,0.0981958701692886,-0.20150930517783822,-0.033443808376016904,-0.05296094571521448,-0.06521360383584907,-0.10809609751723626,-0.033443808376016904,-0.05296094571521448,MM_RESET
2012-05-15,1556.800048828125,80098,0.0070422535211267,-0.0294264034737374,-0.0631280648890745,-0.0566563638329855,-0.0545939788725764,0.0070422535211267,0.70422535211267,-0.029189630536844303,-0.0377338658818583,-0.300650054171181,-0.1308887809616319,-0.020645395191830302,-0.0348909376657957,-0.05665636383298556,-0.05459397887257644,-0.11399461017636103,-0.12622770865309108,-0.05665636383298556,-0.05459397887257644,MM_RESET
2012-05-22,1576.300048828125,74645,0.0069930069930069,0.0125256933378685,-0.0172692962418172,-0.0405964401533018,-0.0643993333662756,0.0069930069930069,0.69930069930069,-0.0002012376113096001,-0.0893032893032894,-0.44338867239630597,-0.06993006993007,0.08890081408067019,-0.012371239142892787,-0.04059644015330188,-0.06439933336627568,-0.11790707955896751,-0.07396305131901493,-0.04059644015330188,-0.06439933336627568,MM_RESET
2012-05-29,1548.5999755859375,72526,0.0069444444444444,-0.0175728429766786,-0.0052672616810104,-0.0680628145328983,-0.0726946253976422,0.0069444444444444,0.69444444444444,-0.0501984126984127,-0.0371732026143791,-0.1597222222222222,-0.0693267419962335,-0.06322362278244631,0.17652165032679742,-0.06806281453289831,-0.07269462539764227,-0.07347136953116573,-0.09618305502504132,-0.06806281453289831,-0.07269462539764227,MM_RESET
2012-06-05,1615.199951171875,88590,0.0275862068965517,0.0430065715071048,0.0246779808023664,0.0069825131994232,-0.026694817010018,0.0275862068965517,2.75862068965517,0.0204940083149915,0.0129876667505663,-0.0927145449831475,-0.0648507678933642,0.0280003498794167,0.1999395142014801,0.006982513199423224,-0.02669481701001808,-0.04634823301830149,-0.06522372339244831,0.006982513199423224,-0.02669481701001808,MM_ACCUMULATION
2012-06-12,1612.699951171875,87873,0.0273972602739726,-0.0015477959853739,0.0413922101230075,0.0359069248397239,-0.0227837947911047,0.0273972602739726,2.73972602739726,0.020355006752845902,-0.0088346237839984,-0.0173788591290124,-0.0309360730593607,0.049544637289690205,0.2626257998503383,0.03590692483972391,-0.022783794791104706,-0.020647355928931632,-0.028435491624773546,0.03590692483972391,-0.022783794791104706,MM_RESET
2012-06-19,1622.199951171875,93151,0.0476190476190476,0.0058907424118768,0.004333828759047,0.02911875970433,-0.012659798434647,0.0476190476190476,4.76190476190476,0.0406260406260407,0.0404248030147311,-0.048677248677248694,0.0393545848091303,0.0408272782373503,0.4836122377997275,0.02911875970433009,-0.01265979843464704,-0.037155802375357205,0.004085154546714875,0.02911875970433009,-0.01265979843464704,MM_ACCUMULATION
2012-06-26,1574.0,77495,0.0202702702702702,-0.0297127065853105,-0.0239969940742873,0.0164019274276767,-0.0527772484497135,0.0202702702702702,2.0270270270270196,0.0133258258258258,-0.036872586872586904,-0.0238473767885533,0.012073548958794799,0.0635242385242385,0.07265122265122259,0.016401927427676766,-0.05277724844971354,-0.057485029940119725,-0.012670901888452768,0.016401927427676766,-0.05277724844971354,MM_RESET
2012-07-03,1621.300048828125,96219,0.0604026845637583,0.0300508569429003,-0.0005547419373918,0.0037766826650931,0.0107855666010754,0.0604026845637583,6.040268456375831,0.032816477667206606,0.053310485982198105,0.045804144417772905,0.052272603262945305,0.012322469352215107,0.16651903928033712,0.003776682665093123,0.010785566601075436,-0.02301895219757455,0.013502593183444489,0.003776682665093123,0.010785566601075436,MM_ACCUMULATION
2012-07-10,1579.300048828125,80287,0.0333333333333333,-0.0259051370721647,0.0033672483024935,-0.0207105496093552,0.014452723082156,0.0333333333333333,3.33333333333333,0.005936073059360697,0.0262910798122066,-0.0028985507246377037,0.025268817204301096,-0.014418933693485205,0.0640249456940649,-0.020710549609355255,0.01445272308215606,-0.04302247948814941,-0.03169831463634276,-0.020710549609355255,0.01445272308215606,MM_ACCUMULATION
2012-07-17,1589.0999755859375,81356,0.0397350993377483,0.0062052342524046,-0.0198606502636335,-0.0204043746654203,0.0081202349561102,0.0397350993377483,3.97350993377483,-0.007883948281299305,0.032742092344741396,0.032540854733431795,0.007735099337748297,-0.048509988907340006,0.1220453816480308,-0.020404374665420333,0.00812023495611025,-0.03280585782961809,-0.039934737515633034,-0.020404374665420333,0.00812023495611025,MM_ACCUMULATION
2012-07-24,1576.0,59809,0.006578947368421,-0.0082436446964938,-0.0020895641905246,0.0012706480304955,0.0176934165349544,0.006578947368421,0.6578947368421,-0.013691322901849198,-0.0003654970760233996,-0.0505639097744361,-0.0410401002506266,-0.027017148727674998,0.036807705538355696,0.0012706480304955914,0.017693416534954487,-0.05157366172601563,-0.0529984099024684,0.0012706480304955914,0.017693416534954487,MM_RESET
2012-07-31,1610.5,80857,0.0457516339869281,0.0218908629441625,0.0134667577514573,-0.006661351078063,-0.0029098262221126,0.0457516339869281,4.57516339869281,-0.0146510505768302,0.018165427090376402,0.0386594354053679,-0.1274767124697648,-0.04746752824403681,0.005177760339810102,-0.006661351078063094,-0.002909826222112666,0.004052369077306661,-0.07325356499671465,-0.006661351078063094,-0.002909826222112666,MM_ACCUMULATION
2012-08-07,1609.699951171875,69710,0.0129870129870129,-0.000496770461425,0.0213832177486517,0.0192489719520412,-0.0018602344458559,0.0129870129870129,1.29870129870129,-0.020346320346320397,-0.014410247286959702,0.005944759465886199,-0.2448254870129871,-0.026282393405681094,-0.005575623502961301,0.019248971952041227,-0.001860234445855924,0.03397989509543642,-0.07827535005220354,0.019248971952041227,-0.001860234445855924,MM_RESET
2012-08-14,1599.4000244140625,66656,0.0129032258064516,-0.0063986625273325,-0.0068922543222214,0.0064816871099171,-0.0140549423277579,0.0129032258064516,1.2903225806451601,-0.026831873531296697,-0.034715821812596,0.0059102188134447006,-0.1886471617904476,-0.01894792524999739,-0.0751406248273271,0.006481687109917145,-0.014054942327757947,0.014654554888271942,-0.06789439847451595,0.006481687109917145,-0.014054942327757947,MM_RESET
2012-08-21,1639.9000244140625,91585,0.0897435897435897,0.0253219953618777,0.0187613059317057,0.0405457007703442,0.0418678681156687,0.0897435897435897,8.974358974358971,0.0831646423751687,0.0694733194733195,0.0827991452991453,-0.217948717948718,0.0968559652770179,0.1063459063459064,0.04054570077034425,0.04186786811566878,0.05895650927773022,-0.06670078697872184,0.04054570077034425,0.04186786811566878,MM_ACCUMULATION
2012-08-28,1666.5,113166,0.1794871794871795,0.0162204861210619,0.0419532165572646,0.0347718099968954,0.0278788316848233,0.1794871794871795,17.94871794871795,0.13373554550025138,0.11908449492342119,0.1519009725906278,-0.27089449990213343,0.14838659607708157,0.06577400894122308,0.03477180999689544,0.027878831684823302,0.031760803850263475,-0.06743144935646339,0.03477180999689544,0.027878831684823302,MM_ACCUMULATION
2012-09-04,1692.9000244140625,122927,0.2179487179487179,0.0158415988083182,0.032319043362986,0.0516866967546449,0.0719305844828099,0.2179487179487179,21.79487179487179,0.204961704961705,0.1846153846153846,0.1905514576747453,0.051282051282051294,0.22530802530802538,0.158324304803178,0.05168669675464499,0.07193058448280998,0.04973031293509367,0.01286346756368939,0.05168669675464499,0.07193058448280998,MM_ACCUMULATION
2012-09-11,1731.800048828125,137613,0.2756410256410256,0.0229783353139985,0.0391839476916442,0.0827810568919849,0.0897993049113041,0.2756410256410256,27.564102564102562,0.262737799834574,0.2359059263032773,0.228021978021978,0.15534027376132642,0.2895696733658707,0.2031638339585359,0.0827810568919849,0.08979930491130417,0.06756263158377918,0.022495187314546694,0.0827810568919849,0.08979930491130417,MM_ACCUMULATION
2012-09-18,1768.4000244140625,144302,0.3269230769230769,0.0211340654544409,0.0445980264109995,0.0783584353234663,0.1220812337652681,0.3269230769230769,32.69230769230769,0.23717948717948723,0.3203441295546559,0.30665280665280675,0.28214695752009195,0.15401484480431854,0.3207096266306793,0.07835843532346631,0.12208123376526814,0.12350700407500792,0.07390543320024978,0.07835843532346631,0.12208123376526814,MM_ACCUMULATION
2012-09-25,1763.800048828125,158228,0.4294871794871794,-0.0026012076014654,0.0184778837612655,0.0583858678836632,0.0951878601851132,0.4294871794871794,42.94871794871794,0.24999999999999992,0.3837355455002513,0.3690844949234211,0.3331908831908831,0.11626445449974854,0.3655701184098749,0.05838586788366329,0.09518786018511327,0.0878924293519876,0.04688983719756479,0.05838586788366329,0.09518786018511327,MM_EXPANSION
2012-10-02,1772.699951171875,162990,0.4487179487179487,0.0050458680674507,0.0024315351156123,0.0471380031939172,0.1012611076252656,0.4487179487179487,44.87179487179487,0.23076923076923078,0.4357309357309358,0.41538461538461535,0.4046003016591252,0.025807525807525794,0.4501411830178955,0.047138003193917255,0.10126110762526563,0.12245925179781825,0.06149697674962584,0.047138003193917255,0.10126110762526563,MM_EXPANSION
2012-10-09,1763.0,167473,0.4743589743589743,-0.0054718516607746,-0.0004535938348887,0.0180159084722209,0.1022883413084054,0.4743589743589743,47.43589743589743,0.19871794871794868,0.4614557485525227,0.434623875021226,0.4597604342129889,-0.06401985111662534,0.4961715703651187,0.0180159084722209,0.10228834130840547,0.1094330294416761,0.062368183187707205,0.0180159084722209,0.10228834130840547,MM_EXPANSION
2012-10-16,1744.699951171875,158584,0.4358974358974359,-0.0103800617289421,-0.0157951152317064,-0.013401986493435,0.0639062901381792,0.4358974358974359,43.58974358974359,0.10897435897435898,0.3461538461538462,0.4293184885290149,0.3996655518394649,-0.12820512820512825,0.2766805266805267,-0.013401986493435047,0.06390629013817928,0.10704311622580898,0.05720166003193361,-0.013401986493435047,0.06390629013817928,MM_EXPANSION
2012-10-23,1708.300048828125,146636,0.3397435897435897,-0.0208631302587594,-0.0310266314077566,-0.0314661517539215,0.02508253755063,0.3397435897435897,33.97435897435897,-0.0897435897435897,0.16025641025641021,0.2939919557566616,0.3325493451392732,-0.33974358974358965,0.04117191533298903,-0.031466151753921534,0.025082537550630057,0.06072651277747587,0.039744399773661065,-0.031466151753921534,0.025082537550630057,MM_ACCUMULATION
2012-10-30,1710.9000244140625,135428,0.2756410256410256,0.0015219665817611,-0.0193729166640429,-0.0348620344446665,0.0106326420582514,0.2756410256410256,27.564102564102562,-0.17307692307692307,0.05769230769230771,0.2626540126540127,0.2184981684981685,-0.40384615384615385,-0.1269230769230769,-0.03486203444466651,0.01063264205825143,0.06286890495866193,0.029608277479631795,-0.03486203444466651,0.01063264205825143,MM_ACCUMULATION
2012-11-06,1714.0999755859375,115169,0.1858974358974359,0.0018703320627813,0.003395145227439,-0.0277368260998652,-0.0102206217479695,0.1858974358974359,18.58974358974359,-0.2884615384615384,-0.0897435897435897,0.1729942100909843,0.1788052373158757,-0.48717948717948706,-0.325649516046867,-0.027736826099865275,-0.01022062174796956,0.07171436127362507,0.06864088253487366,-0.027736826099865275,-0.01022062174796956,MM_RESET
2012-11-13,1724.199951171875,124930,0.2435897435897435,0.0058922908405532,0.0077736434438169,-0.0117498713668391,-0.0249943862429161,0.2435897435897435,24.35897435897435,-0.1923076923076924,-0.08333333333333343,0.1538461538461538,0.2365474900686168,-0.3012820512820514,-0.40367746288798934,-0.011749871366839137,-0.024994386242916167,0.05140552808268484,0.10752819700240868,-0.011749871366839137,-0.024994386242916167,MM_RESET
2012-11-20,1723.199951171875,135939,0.2948717948717949,-0.0005799791371762,0.0053088942976191,0.0087220639921956,-0.0230185375509116,0.2948717948717949,29.48717948717949,-0.04487179487179482,-0.13461538461538453,0.11538461538461539,0.28787878787878796,0.04487179487179488,-0.5183509301156358,0.008722063992195661,-0.023018537550911655,0.03402337304042913,0.09319285528980381,0.008722063992195661,-0.023018537550911655,MM_RESET
2012-11-27,1742.199951171875,152307,0.4038461538461538,0.0110259984554195,0.0104396244691724,0.0182944218313001,-0.0172053933773944,0.4038461538461538,40.38461538461538,0.1282051282051282,-0.04487179487179488,0.1858974358974359,0.3969017094017094,0.30128205128205127,-0.4806027306027307,0.018294421831300145,-0.017205393377394462,0.029121581928546414,0.12501612981924914,0.018294421831300145,-0.017205393377394462,MM_DISTRIBUTION
2012-12-04,1694.4000244140625,118745,0.2051282051282051,-0.0274365331750011,-0.0167130498919912,-0.0114928834096394,-0.0389109334009855,0.2051282051282051,20.51282051282051,0.01923076923076919,-0.26923076923076916,-0.07051282051282051,0.1775419982316534,0.3076923076923076,-0.7306865177832919,-0.011492883409639498,-0.0389109334009855,-0.021596040743485534,0.049034222162231744,-0.011492883409639498,-0.0389109334009855,MM_RESET
2012-12-11,1708.199951171875,119655,0.2115384615384615,0.0081444325772981,-0.0195155555923016,-0.00927966619482,-0.0209205026775427,0.2115384615384615,21.15384615384615,-0.03205128205128199,-0.2243589743589744,-0.11538461538461542,0.1841412012644889,0.1602564102564104,-0.5705128205128206,-0.009279666194820013,-0.02092050267754275,-0.03404211287665759,0.05921746319307841,-0.009279666194820013,-0.02092050267754275,MM_RESET
2012-12-18,1669.5,108031,0.1474358974358974,-0.0226553988280621,-0.014695481619031,-0.0311629251935365,-0.0227126662290628,0.1474358974358974,14.743589743589741,-0.14743589743589747,-0.1923076923076923,-0.282051282051282,0.09981684981684981,-0.10256410256410264,-0.35256410256410253,-0.031162925193536584,-0.022712666229062872,-0.053464137780684595,0.029157964647918755,-0.031162925193536584,-0.022712666229062872,MM_RESET
2012-12-24,1658.5999755859375,98894,0.1089743589743589,-0.0065289154921008,-0.0290363991357747,-0.0479852932665419,-0.0305687346319586,0.1089743589743589,10.89743589743589,-0.2948717948717949,-0.16666666666666669,-0.33974358974358976,0.0887040887040887,-0.4230769230769231,-0.2243589743589744,-0.047985293266541995,-0.03056873463195864,-0.06436508079695591,0.05374839617912164,-0.047985293266541995,-0.03056873463195864,MM_RESET
2012-12-31,1674.800048828125,97119,0.1089743589743589,0.0097673179070585,0.003174632421758,-0.011567501949674,-0.0229274414080651,0.1089743589743589,10.89743589743589,-0.09615384615384619,-0.076923076923077,-0.36538461538461536,0.048571674410600604,-0.11538461538461538,0.012820512820512706,-0.011567501949674042,-0.02292744140806513,-0.05002833305268006,0.03299821031811456,-0.011567501949674042,-0.02292744140806513,MM_RESET
2013-01-08,1661.5,87349,0.0705128205128205,-0.0079412756391016,0.0017484773042022,-0.0273386913164571,-0.0363646635816572,0.0705128205128205,7.05128205128205,-0.14102564102564102,-0.17307692307692302,-0.3653846153846154,0.0371794871794872,-0.10897435897435903,-0.08974358974358959,-0.027338691316457164,-0.03636466358165724,-0.0476872548291134,0.05204834333594133,-0.027338691316457164,-0.03636466358165724,MM_RESET
2013-01-15,1683.4000244140625,91104,0.0961538461538461,0.0131808753620599,0.0051349267585434,0.0083258606852725,-0.0230965226819709,0.0961538461538461,9.61538461538461,-0.05128205128205131,-0.1987179487179488,-0.2435897435897436,0.056418746816097806,0.09615384615384616,-0.06410256410256426,0.008325860685272524,-0.023096522681970932,-0.014575908038604646,0.059341797417971964,0.008325860685272524,-0.023096522681970932,MM_RESET
2013-01-22,1692.800048828125,97897,0.1282051282051282,0.0055839516916571,0.0188384284249925,0.0206198442937426,-0.0283548982483449,0.1282051282051282,12.82051282051282,0.019230769230769287,-0.2756410256410256,-0.1474358974358974,0.12162618083670719,0.31410256410256415,-0.23076923076923073,0.02061984429374264,-0.028354898248344917,-0.010579212886583589,0.07411170610921647,0.02061984429374264,-0.028354898248344917,MM_RESET
2013-01-29,1660.699951171875,76501,0.0384615384615384,-0.0189627225486388,-0.0134846577836356,-0.008418973755175,-0.0198890892095219,0.0384615384615384,3.84615384615384,-0.07051282051282051,-0.16666666666666669,-0.1474358974358975,-0.0072900955253897,0.025641025641025675,0.10256410256410248,-0.008418973755175085,-0.019889089209521926,-0.031153389635752426,0.031170413642890304,-0.008418973755175085,-0.019889089209521926,MM_RESET
2013-02-05,1672.4000244140625,78548,0.0512820512820512,0.0070452662047297,-0.0120510537722307,0.0065603517388279,-0.0209576910087444,0.0512820512820512,5.12820512820512,-0.0192307692307693,-0.1602564102564103,-0.1923076923076923,0.038295038295038296,0.12179487179487172,0.0641025641025641,0.006560351738827963,-0.02095769100874445,-0.03004287682678919,0.03895140407784781,0.006560351738827963,-0.02095769100874445,MM_RESET
2013-02-12,1648.699951171875,66582,0.0128205128205128,-0.0141712944846977,-0.0072258688220784,-0.0206130882374588,-0.0124588492531446,0.0128205128205128,1.28205128205128,-0.0833333333333333,-0.1346153846153846,-0.2820512820512821,-8.27129859388015e-05,-0.03205128205128199,0.05769230769230768,-0.020613088237458888,-0.012458849253144666,-0.043233520259407965,0.03082401275807989,-0.020613088237458888,-0.012458849253144666,MM_RESET
2013-02-19,1603.5999755859375,42810,0.0064102564102564,-0.0273548716695727,-0.0411385122122499,-0.0526938035617012,-0.0331604972926459,0.0064102564102564,0.64102564102564,-0.12179487179487179,-0.1025641025641025,-0.3974358974358974,-0.0833333333333333,-0.14102564102564108,0.06410256410256418,-0.05269380356170128,-0.03316049729264592,-0.07955457437173585,-0.02213552551235254,-0.05269380356170128,-0.03316049729264592,MM_RESET
2013-02-26,1615.199951171875,50853,0.0128205128205128,0.0072337090063243,-0.0203190398448114,-0.0273980859503806,-0.0355863959389974,0.0128205128205128,1.28205128205128,-0.025641025641025602,-0.0961538461538461,-0.1923076923076923,-0.16666666666666669,0.04487179487179491,-0.019230769230769107,-0.027398085950380624,-0.035586395938997484,-0.04674225218426531,-0.030783107607635807,-0.027398085950380624,-0.035586395938997484,MM_RESET
2013-03-05,1574.5999755859375,41170,0.0064102564102564,-0.0251361916872775,-0.0180843105771461,-0.058478861157868,-0.0523021513175218,0.0064102564102564,0.64102564102564,-0.044871794871794796,-0.0641025641025641,-0.20512820512820512,-0.2115384615384615,-0.025641025641025494,0.10897435897435892,-0.058478861157868045,-0.052302151317521806,-0.07821097026392254,-0.0698801152590629,-0.058478861157868045,-0.052302151317521806,MM_RESET
2013-03-12,1591.5,44324,0.0192307692307692,0.0107329002134486,-0.0146730757109545,-0.0346939727457491,-0.0545919110616919,0.0192307692307692,1.92307692307692,0.006410256410256401,-0.0769230769230769,-0.12820512820512822,-0.2564102564102564,0.0897435897435897,0.12179487179487189,-0.034693972745749146,-0.05459191106169192,-0.04672057502246185,-0.08101399981081148,-0.034693972745749146,-0.05459191106169192,MM_RESET
2013-03-19,1611.300048828125,64779,0.0384615384615384,0.0124411239887685,0.0233075535445317,0.0048017419302928,-0.0481450836774373,0.0384615384615384,3.84615384615384,0.032051282051282,-0.08974358974358979,-0.07051282051282051,-0.28846153846153855,0.1538461538461538,0.18589743589743582,0.004801741930292813,-0.048145083677437306,-0.028517983512632572,-0.08883735207931287,0.004801741930292813,-0.048145083677437306,MM_RESET
2013-03-26,1595.800048828125,55935,0.032051282051282,-0.0096195615529665,0.0027018842778039,-0.012010836385721,-0.0390798484084697,0.032051282051282,3.2051282051282,0.0192307692307692,-0.006410256410256401,-0.0769230769230769,-0.3974358974358974,0.0448717948717948,0.1602564102564103,-0.012010836385721091,-0.039079848408469786,-0.047169809945537766,-0.09524889179565443,-0.012010836385721091,-0.039079848408469786,MM_RESET
2013-04-02,1575.0999755859375,44196,0.0192307692307692,-0.0129715958195317,-0.022466376308072,0.0003175409677076,-0.0581798896243228,0.0192307692307692,1.92307692307692,0.012820512820512801,-0.03205128205128199,-0.051282051282051294,-0.42948717948717946,0.0576923076923076,0.1282051282051283,0.0003175409677076413,-0.058179889624322856,-0.05200121842555672,-0.11146837086293737,0.0003175409677076413,-0.058179889624322856,MM_RESET
2013-04-09,1586.199951171875,49987,0.032051282051282,0.0070471562173748,-0.0060158524642857,-0.0033302223236726,-0.037908656426887,0.032051282051282,3.2051282051282,0.0128205128205128,0.0192307692307692,-0.0641025641025641,-0.4423076923076923,0.006410256410256398,0.1538461538461538,-0.003330222323672638,-0.03790865642688701,-0.0577403301844549,-0.10028363518328132,-0.003330222323672638,-0.03790865642688701,MM_ACCUMULATION
2013-04-16,1386.800048828125,68662,0.0769230769230769,-0.1257091845176483,-0.119547920561528,-0.1393284882994173,-0.1351957658134761,0.0769230769230769,7.69230769230769,0.0384615384615385,0.0705128205128205,-0.051282051282051294,-0.35897435897435903,0.0064102564102564985,0.17307692307692302,-0.13932848829941735,-0.13519576581347614,-0.18076559024902839,-0.20513550315821172,-0.13932848829941735,-0.13519576581347614,MM_ACCUMULATION
2013-04-23,1408.5999755859375,52919,0.0448717948717948,0.0157195889748011,-0.1119656922538219,-0.1173079756324471,-0.1279098451161066,0.0448717948717948,4.48717948717948,0.012820512820512803,0.03205128205128201,0.006410256410256401,-0.2948717948717949,-0.006410256410256398,0.1282051282051281,-0.1173079756324471,-0.1279098451161066,-0.1518034461360963,-0.17543760737335246,-0.1173079756324471,-0.1279098451161066,MM_ACCUMULATION
2013-04-30,1472.199951171875,51591,0.0448717948717948,0.0451511974217391,0.0615805446617301,-0.065329201961154,-0.0650324056914567,0.0448717948717948,4.48717948717948,0.025641025641025602,0.0384615384615384,-0.006410256410256394,-0.2307692307692308,0.012820512820512801,0.1025641025641025,-0.065329201961154,-0.06503240569145674,-0.11970824582613182,-0.13951725398094839,-0.065329201961154,-0.06503240569145674,MM_ACCUMULATION
2013-05-07,1449.0,48533,0.032051282051282,-0.0157586957895276,0.0286809776475094,-0.0864960001231323,-0.0895381715362865,0.032051282051282,3.2051282051282,0.0,0.0128205128205128,0.0192307692307692,-0.1538461538461539,-0.0128205128205128,0.0897435897435897,-0.0864960001231323,-0.08953817153628651,-0.12112570939905154,-0.15465840928870989,-0.0864960001231323,-0.08953817153628651,MM_ACCUMULATION
2013-05-14,1424.699951171875,39384,0.0064102564102564,-0.0167702200332126,-0.0322646390269133,0.0273290315902254,-0.115807169367345,0.0064102564102564,0.64102564102564,-0.0705128205128205,-0.032051282051282,0.0,-0.23717948717948711,-0.108974358974359,0.057692307692307786,0.027329031590225483,-0.11580716936734503,-0.11156150357803196,-0.17370375158428752,0.027329031590225483,-0.11580716936734503,MM_RESET
2013-05-21,1377.800048828125,36358,0.0064102564102564,-0.0329191436450692,-0.0491373023960489,-0.0218656306202196,-0.1366085933886819,0.0064102564102564,0.64102564102564,-0.0384615384615384,-0.0256410256410256,-0.0064102564102564,-0.2884615384615385,-0.051282051282051204,-0.019230769230769197,-0.021865630620219623,-0.13660859338868192,-0.14697864631032798,-0.2004409889339065,-0.021865630620219623,-0.13660859338868192,MM_RESET
2013-05-28,1379.0999755859375,47037,0.0448717948717948,0.0009434799765888,-0.0320067222213559,-0.0632386759093625,-0.1244365456402778,0.0448717948717948,4.48717948717948,0.0,0.025641025641025602,0.0384615384615384,-0.358974358974359,-0.025641025641025602,0.0576923076923076,-0.0632386759093625,-0.12443654564027784,-0.12415851837369096,-0.20841463997384546,-0.0632386759093625,-0.12443654564027784,MM_ACCUMULATION
2013-06-04,1397.0999755859375,53588,0.0833333333333333,0.0130519906595982,0.0140077849280291,-0.0358178222319272,-0.1192157239988763,0.0833333333333333,8.33333333333333,0.0512820512820513,0.0512820512820513,0.0641025641025641,-0.12179487179487179,0.0512820512820513,0.032051282051282104,-0.0358178222319272,-0.11921572399887637,-0.12214893145715522,-0.17546036623254524,-0.0358178222319272,-0.11921572399887637,MM_ACCUMULATION
2013-06-11,1377.0,55318,0.0897435897435897,-0.014386927161392,-0.0015227145407245,-0.0334806996607529,-0.0070666631692191,0.0897435897435897,8.974358974358971,0.0833333333333333,0.012820512820512803,0.0512820512820513,-0.1217948717948718,0.1538461538461538,-0.057692307692307696,-0.033480699660752955,-0.007066663169219112,-0.14541056397194796,-0.1938882804350054,-0.033480699660752955,-0.007066663169219112,MM_ACCUMULATION
2013-06-18,1366.5999755859375,39253,0.0128205128205128,-0.0075526684197985,-0.0218309358907607,-0.0081289540174669,-0.0298168399318118,0.0128205128205128,1.28205128205128,0.0064102564102564,-0.03205128205128201,-0.0192307692307692,-0.1346153846153846,0.0448717948717948,-0.06410256410256401,-0.008128954017466938,-0.029816839931811834,-0.14362706243210133,-0.18143158096080414,-0.008128954017466938,-0.029816839931811834,MM_RESET
2013-06-25,1274.800048828125,30289,0.0064102564102564,-0.0671739560938107,-0.0742192818967865,-0.0756289816577646,-0.1340849809067166,0.0064102564102564,0.64102564102564,-0.0384615384615384,-0.0384615384615384,-0.012820512820512801,-0.1025641025641025,-0.0384615384615384,-0.0769230769230768,-0.07562898165776466,-0.1340849809067166,-0.19065451807025824,-0.23139993513036594,-0.07562898165776466,-0.1340849809067166,MM_RESET
2013-07-02,1243.5999755859375,21384,0.0064102564102564,-0.0244744838775842,-0.0900043920659833,-0.1098704478436647,-0.1417529499061852,0.0064102564102564,0.64102564102564,-0.0769230769230769,-0.0256410256410256,-0.0256410256410256,-0.1025641025641025,-0.1282051282051282,-0.038461538461538394,-0.10987044784366473,-0.14175294990618525,-0.21598788685677783,-0.2574636139662777,-0.10987044784366473,-0.14175294990618525,MM_RESET
2013-07-09,1245.9000244140625,23882,0.0128205128205128,0.001849508582566,-0.0226702410630037,-0.0952069539476669,-0.125500058177683,0.0128205128205128,1.28205128205128,-0.0769230769230769,0.0064102564102564,-0.0641025641025641,-0.057692307692307696,-0.1602564102564102,0.0384615384615384,-0.09520695394766698,-0.12550005817768306,-0.1016008216419706,-0.2501354051073954,-0.09520695394766698,-0.12550005817768306,MM_ACCUMULATION
2013-07-16,1290.800048828125,41841,0.0512820512820512,0.0360382242027634,0.0379543857902928,-0.0554660676949835,-0.0631441405986282,0.0512820512820512,5.12820512820512,0.038461538461538394,0.044871794871794796,0.006410256410256394,-0.04487179487179491,0.03205128205128199,0.0705128205128204,-0.05546606769498352,-0.06314414059862827,-0.08362908476468711,-0.2332184685114217,-0.05546606769498352,-0.06314414059862827,MM_ACCUMULATION
2013-07-23,1335.0999755859375,55354,0.1282051282051282,0.0343197436334394,0.0715947904518463,0.0473014782304439,-0.0319048660567959,0.1282051282051282,12.82051282051282,0.12179487179487179,0.0833333333333334,0.0833333333333334,0.0,0.1602564102564102,0.05769230769230779,0.04730147823044395,-0.03190486605679599,-0.09312592048166113,-0.2113067479468781,0.04730147823044395,-0.03190486605679599,MM_ACCUMULATION
2013-07-30,1324.0,52029,0.1089743589743589,-0.0083139658369524,0.0257204446203858,0.0646510340884987,-0.0523226518240255,0.1089743589743589,10.89743589743589,0.1025641025641025,0.025641025641025605,0.0769230769230769,0.07051282051282051,0.1794871794871794,-0.025641025641025696,0.0646510340884987,-0.05232265182402551,-0.0862663906142167,-0.20274580663068142,0.0646510340884987,-0.05232265182402551,MM_ACCUMULATION
2013-08-06,1283.199951171875,34744,0.0256410256410256,-0.0308157468490369,-0.0388735116194464,0.0299381379138783,-0.0681191349514342,0.0256410256410256,2.56410256410256,0.0128205128205128,-0.0641025641025641,0.019230769230769197,-0.0256410256410256,0.0897435897435897,-0.0769230769230769,0.029938137913878338,-0.06811913495143429,-0.09931915831372795,-0.23271948550619437,0.029938137913878338,-0.06811913495143429,MM_RESET
2013-08-13,1321.199951171875,37988,0.0384615384615384,0.0296134674610115,-0.0021148405046261,0.0235512094776795,-0.0332211511964918,0.0384615384615384,3.84615384615384,-0.012820512820512796,0.025641025641025602,0.032051282051282,0.025641025641025602,-0.05128205128205119,0.05769230769230761,0.023551209477679524,-0.03322115119649183,-0.0410800520034752,-0.1986413596768879,0.023551209477679524,-0.03322115119649183,MM_ACCUMULATION
2013-08-20,1373.0999755859375,48416,0.0961538461538461,0.0392824904118624,0.0700592486244733,0.0284622879895739,0.0771100745157453,0.0961538461538461,9.61538461538461,-0.03205128205128209,0.0897435897435897,0.0512820512820513,0.0897435897435897,-0.15384615384615388,0.1282051282051281,0.028462287989573953,0.07711007451574536,-0.004350663553199463,-0.1437390892424888,0.028462287989573953,0.07711007451574536,MM_ACCUMULATION
2013-08-27,1420.5999755859375,70389,0.2051282051282051,0.034593256750828,0.07523465643932,0.0729607066359043,0.1423287258562418,0.2051282051282051,20.51282051282051,0.09615384615384619,0.1987179487179487,0.12179487179487179,0.1923076923076923,-0.006410256410256318,0.2243589743589743,0.07296070663590437,0.1423287258562418,0.016820557161733696,-0.12048042438631179,0.07296070663590437,0.1423287258562418,MM_ACCUMULATION
2013-09-03,1412.0,75400,0.2243589743589743,-0.0060537630112167,0.0283300743614556,0.1003741067091681,0.1333172584726876,0.2243589743589743,22.43589743589743,0.1987179487179487,0.2115384615384615,0.1346153846153846,0.21794871794871792,0.1858974358974359,0.20512820512820512,0.10037410670916813,0.1333172584726876,0.02541757443718229,-0.10326430719359758,0.10037410670916813,0.1333172584726876,MM_ACCUMULATION
2013-09-10,1364.0999755859375,64780,0.1794871794871795,-0.0339235300382878,-0.0397719280381488,0.0324705010592916,0.0567864301092637,0.1794871794871795,17.94871794871795,0.14102564102564108,0.1282051282051283,0.16666666666666669,0.1602564102564103,0.15384615384615388,0.08333333333333351,0.03247050105929161,0.056786430109263764,-0.0018293575623167246,-0.14288408697082156,0.03247050105929161,0.056786430109263764,MM_ACCUMULATION
2013-09-17,1309.5,54780,0.1474358974358974,-0.0400263738458646,-0.0725920679886685,-0.0463185323113837,-0.0191745757277108,0.1474358974358974,14.743589743589741,0.05128205128205131,0.019230769230769218,0.14102564102564102,0.108974358974359,0.0833333333333334,-0.06410256410256418,-0.04631853231138372,-0.019174575727710863,0.027219916726370696,-0.187302202992931,-0.04631853231138372,-0.019174575727710863,MM_ACCUMULATION
2013-09-24,1316.0,64012,0.1794871794871795,0.0049637266132112,-0.0352613272097425,-0.0736308442795758,-0.0060422960725075,0.1794871794871795,17.94871794871795,-0.025641025641025605,0.07051282051282058,0.1730769230769231,0.1474358974358975,-0.12179487179487179,0.044871794871794976,-0.07363084427957589,-0.0060422960725075026,0.05821809732663463,-0.17533528027749845,-0.07363084427957589,-0.0060422960725075026,MM_ACCUMULATION
2013-10-01,1286.0,61383,0.1794871794871795,-0.0227963525835865,-0.0179457808323787,-0.0892351274787535,0.0021820830226557,0.1794871794871795,17.94871794871795,-0.04487179487179482,0.15384615384615388,0.16666666666666669,0.1602564102564103,-0.24358974358974353,0.21794871794871798,-0.0892351274787535,0.0021820830226557675,0.032185548439005895,-0.18354388931940158,-0.0892351274787535,0.0021820830226557675,MM_ACCUMULATION
2013-10-08,1324.199951171875,71556,0.2371794871794871,0.0297044721398715,0.0062309659360753,-0.0292500734023719,0.0022706631175235,0.2371794871794871,23.71794871794871,0.0576923076923076,0.19871794871794868,0.1858974358974359,0.2051282051282051,-0.08333333333333348,0.17307692307692307,-0.029250073402371957,0.0022706631175235525,0.025875349457937125,-0.16517463627863305,-0.029250073402371957,0.0022706631175235525,MM_ACCUMULATION
2013-10-15,1273.0,52790,0.1346153846153846,-0.0386648188036592,-0.0101088646967341,-0.027873234058801,-0.0729007190778094,0.1346153846153846,13.461538461538462,-0.012820512820512803,0.038461538461538505,0.006410256410256415,0.05769230769230771,-0.06410256410256411,-0.0512820512820512,-0.027873234058801044,-0.07290071907780948,-0.04651335234927523,-0.08205944968367174,-0.027873234058801044,-0.07290071907780948,MM_ACCUMULATION
2013-10-22,1342.5,66598,0.2179487179487179,0.0545954438334641,0.0138197020864787,0.0201367781155015,-0.0549767541377892,0.2179487179487179,21.79487179487179,0.03846153846153841,0.012820512820512803,0.10897435897435899,0.1730769230769231,0.06410256410256401,-0.1858974358974359,0.02013677811550152,-0.05497675413778924,0.013972809667673669,-0.046926009322442175,0.02013677811550152,-0.05497675413778924,MM_ACCUMULATION
2013-10-29,1345.199951171875,88403,0.3333333333333333,0.0020111368133146,0.0567163795537117,0.0460341766499805,-0.0473088164505134,0.3333333333333333,33.33333333333333,0.15384615384615383,0.108974358974359,0.3076923076923077,0.2884615384615385,0.19871794871794865,-0.1025641025641025,0.04603417664998055,-0.047308816450513436,0.04831671006796623,-0.08626545592458934,0.04603417664998055,-0.047308816450513436,MM_ACCUMULATION
2013-11-05,1308.0,78084,0.2884615384615384,-0.0276538451696107,-0.0256983240223463,-0.0122337651179782,-0.0411259999926619,0.2884615384615384,28.84615384615384,0.051282051282051294,0.10897435897435889,0.24999999999999997,0.2564102564102564,-0.006410256410256304,-0.019230769230769412,-0.012233765117978246,-0.04112599999266198,-0.009990880759696452,-0.09730848861283647,-0.012233765117978246,-0.04112599999266198,MM_ACCUMULATION
2013-11-12,1271.0999755859375,46107,0.0897435897435897,-0.0282110278394973,-0.055084729613159,-0.0014925564918009,-0.0293241881741599,0.0897435897435897,8.974358974358971,-0.04487179487179491,-0.05769230769230771,-0.006410256410256401,0.0833333333333333,-0.032051282051282104,-0.07692307692307693,-0.0014925564918009115,-0.029324188174159938,-0.07428446712809378,-0.10781215754208118,-0.0014925564918009115,-0.029324188174159938,MM_RESET
2013-11-19,1273.4000244140625,34531,0.0256410256410256,0.0018094948251925,-0.0264525807231937,-0.0514711177548882,-0.0323708021169737,0.0256410256410256,2.56410256410256,-0.1923076923076923,-0.15384615384615388,-0.1794871794871795,0.019230769230769197,-0.2307692307692307,-0.22435897435897445,-0.05147111775488822,-0.03237080211697374,-0.10361815690666987,-0.0757729864379516,-0.05147111775488822,-0.03237080211697374,MM_RESET
2013-11-26,1241.4000244140625,15961,0.0064102564102564,-0.0251295738860413,-0.023365550894755,-0.0771631954546139,-0.034681162975068,0.0064102564102564,0.64102564102564,-0.3269230769230769,-0.1730769230769231,-0.21794871794871792,-0.0384615384615384,-0.4807692307692307,-0.326923076923077,-0.07716319545461392,-0.03468116297506807,-0.12082151245462991,-0.09984769314013686,-0.07716319545461392,-0.03468116297506807,MM_RESET
2013-12-03,1221.699951171875,9941,0.0064102564102564,-0.0158692386456862,-0.0406000253266656,-0.065978630602542,-0.0774052286509229,0.0064102564102564,0.64102564102564,-0.282051282051282,-0.2307692307692307,-0.1730769230769231,-0.0769230769230769,-0.33333333333333326,-0.4294871794871794,-0.06597863060254205,-0.07740522865092292,-0.1043911934335281,-0.12554579305643498,-0.06597863060254205,-0.07740522865092292,MM_RESET
2013-12-10,1262.4000244140625,15803,0.0128205128205128,0.0333142955462568,0.0169163843942341,-0.0068444271410395,-0.0083267679386783,0.0128205128205128,1.28205128205128,-0.0769230769230769,-0.1217948717948718,-0.1346153846153846,-0.0769230769230769,-0.03205128205128199,-0.1602564102564103,-0.0068444271410395,-0.00832676793867837,-0.035967908045771324,-0.08322438314156677,-0.0068444271410395,-0.00832676793867837,MM_RESET
2013-12-17,1231.199951171875,13762,0.0128205128205128,-0.0247148864375765,0.0077760500775068,-0.033139683079247,-0.0829050643040036,0.0128205128205128,1.28205128205128,-0.0128205128205128,-0.2051282051282051,-0.16666666666666669,0.0,0.1794871794871795,-0.2179487179487179,-0.033139683079247084,-0.08290506430400368,-0.0644377270730433,-0.09907802343989436,-0.033139683079247084,-0.08290506430400368,MM_RESET
2013-12-24,1205.0999755859375,11193,0.0128205128205128,-0.0211988114205943,-0.0453897716412993,-0.0292412180717158,-0.1041480677009309,0.0128205128205128,1.28205128205128,0.0064102564102564,-0.32051282051282054,-0.16666666666666669,0.0064102564102564,0.3333333333333333,-0.4294871794871795,-0.02924121807171587,-0.10414806770093099,-0.06290826159724927,-0.05467529853506059,-0.02924121807171587,-0.10414806770093099,MM_RESET
2013-12-31,1201.9000244140625,17725,0.0384615384615384,-0.0026553408320493,-0.0237978621830876,-0.0162068654736542,-0.0811161892858849,0.0384615384615384,3.84615384615384,0.032051282051282,-0.24999999999999997,-0.19871794871794868,0.032051282051282,0.314102564102564,-0.35897435897435886,-0.01620686547365424,-0.08111618928588493,-0.09235759799687426,-0.033531643607686235,-0.01620686547365424,-0.08111618928588493,MM_RESET
2014-01-07,1229.4000244140625,24238,0.0576923076923076,0.0228804388396668,0.0201643426441113,-0.0261406839051011,-0.0328061930397352,0.0576923076923076,5.769230769230759,0.044871794871794796,-0.032051282051282104,-0.07692307692307701,0.044871794871794796,0.1217948717948717,0.025641025641025605,-0.02614068390510116,-0.0328061930397352,-0.03424978443514337,-0.013243438218696446,-0.02614068390510116,-0.0328061930397352,MM_RESET
2014-01-14,1245.199951171875,28270,0.0641025641025641,0.0128517377940859,0.0360262300343339,0.011371020593913,-0.0221454945041039,0.0641025641025641,6.41025641025641,0.051282051282051294,0.0384615384615385,-0.1538461538461538,0.0128205128205129,0.0641025641025641,0.19230769230769237,0.01137102059391304,-0.02214549450410397,-0.07247675890363126,-0.035327003355514974,0.01137102059391304,-0.02214549450410397,MM_ACCUMULATION
2014-01-21,1242.300048828125,30217,0.0705128205128205,-0.0023288648068294,0.0104929430274012,0.0308688689700622,0.0007250075691656,0.0705128205128205,7.05128205128205,0.057692307692307696,0.0641025641025641,-0.26282051282051283,-0.057692307692307696,0.051282051282051294,0.2371794871794872,0.030868868970062247,0.0007250075691656033,-0.076494131786214,-0.06950784844190061,0.030868868970062247,0.0007250075691656033,MM_ACCUMULATION
2014-01-28,1251.0,47238,0.1666666666666666,0.0070030997584535,0.0046579256790577,0.0408519632153883,0.0239830154695674,0.1666666666666666,16.66666666666666,0.1282051282051282,0.16025641025641021,-0.12179487179487178,0.057692307692307696,0.0961538461538462,0.3910256410256409,0.04085196321538831,0.023983015469567492,-0.04357798165137616,-0.05513595166163143,0.04085196321538831,0.023983015469567492,MM_ACCUMULATION
2014-02-04,1251.699951171875,43652,0.141025641025641,0.0005595133268385,0.007566531412936,0.0181388696233684,-0.0084759767389531,0.141025641025641,14.1025641025641,0.0833333333333334,0.1282051282051282,0.051282051282051294,0.11538461538461539,0.0384615384615386,0.25,0.018138869623368414,-0.008475976738953173,-0.015262390674753767,-0.02454800592162809,0.018138869623368414,-0.008475976738953173,MM_ACCUMULATION
2014-02-11,1290.0999755859375,52086,0.2179487179487179,0.0306782982440092,0.03125497648756,0.0360584855241974,0.0478395278995913,0.2179487179487179,21.79487179487179,0.1538461538461538,0.2051282051282051,0.1923076923076923,0.1794871794871795,0.1025641025641025,0.4102564102564102,0.03605848552419744,0.04783952789959134,0.013114458027090992,-0.02353918917295794,0.03605848552419744,0.04783952789959134,MM_ACCUMULATION
2014-02-18,1324.699951171875,68770,0.3269230769230769,0.0268196079689273,0.0583206861449945,0.0663285028616706,0.0992448576955502,0.3269230769230769,32.69230769230769,0.25641025641025644,0.31410256410256415,0.32051282051282054,0.23076923076923084,0.19871794871794873,0.6346153846153847,0.06632850286167069,0.09924485769555025,0.06710159909746238,-0.03524872571162119,0.06632850286167069,0.09924485769555025,MM_ACCUMULATION
2014-02-25,1343.0,96256,0.4807692307692308,0.0138144859233491,0.0410045929890328,0.0735411670663468,0.1173974313335461,0.4807692307692308,48.07692307692308,0.3141025641025642,0.4423076923076924,0.4743589743589744,0.27564102564102566,0.18589743589743601,0.6923076923076924,0.07354116706634684,0.11739743133354619,0.09928792148331667,-0.054624790172849935,0.07354116706634684,0.11739743133354619,MM_EXPANSION
2014-03-04,1337.800048828125,101167,0.5064102564102564,-0.0038718921607409,0.0098891055628569,0.0687865311296376,0.0881731106730101,0.5064102564102564,50.641025641025635,0.3653846153846154,0.4487179487179488,0.4935897435897436,0.28205128205128205,0.28205128205128205,0.4807692307692309,0.06878653112963762,0.08817311067301015,0.05972752135287629,-0.052549540489996494,0.06878653112963762,0.08817311067301015,MM_EXPANSION
2014-03-11,1346.5,106031,0.5384615384615384,0.0065031774961406,0.0026061057334325,0.0437175610273512,0.0813524355930066,0.5384615384615384,53.84615384615385,0.32051282051282054,0.47435897435897434,0.5256410256410257,0.3589743589743589,0.16666666666666674,0.43589743589743585,0.04371756102735125,0.08135243559300664,0.09364851640741256,-0.012902262224861905,0.04371756102735125,0.08135243559300664,MM_EXPANSION
2014-03-18,1359.0,121063,0.6410256410256411,0.0092833271444485,0.0158468757647642,0.0258926927549003,0.093938619162061,0.6410256410256411,64.1025641025641,0.31410256410256415,0.5705128205128206,0.6282051282051283,0.49358974358974367,0.05769230769230771,0.5064102564102565,0.02589269275490036,0.09393861916206103,0.12770726705826552,0.037800687285223455,0.02589269275490036,0.09393861916206103,MM_EXPANSION
2014-03-25,1311.4000244140625,107013,0.5512820512820513,-0.0350257362663263,-0.0260675644901132,-0.0235293935859549,0.0482813944157174,0.5512820512820513,55.12820512820513,0.07051282051282054,0.3846153846153847,0.5128205128205129,0.3717948717948718,-0.24358974358974367,0.22435897435897448,-0.02352939358595496,0.04828139441571744,0.09110574737976429,-0.003495422177764107,-0.02352939358595496,0.04828139441571744,MM_EXPANSION
2014-04-01,1279.5999755859375,91453,0.4615384615384615,-0.0242489310935718,-0.0584253306946743,-0.0435043138869437,0.0222897064012359,0.4615384615384615,46.15384615384615,-0.04487179487179488,0.3205128205128205,0.4038461538461539,0.28205128205128205,-0.4102564102564103,0.1923076923076923,-0.04350431388694376,0.022289706401235954,0.04083288610295943,-0.004976690835196362,-0.04350431388694376,0.022289706401235954,MM_EXPANSION
2014-04-08,1308.699951171875,81527,0.4230769230769231,0.0227414630674811,-0.0020589241969809,-0.0280728175478091,0.014417468365186,0.4230769230769231,42.30769230769231,-0.11538461538461536,0.20512820512820518,0.358974358974359,0.185897435897436,-0.4358974358974359,8.326672684688674e-17,-0.028072817547809104,0.014417468365186092,0.050995825963725094,-0.01170518091794448,-0.028072817547809104,0.014417468365186092,MM_EXPANSION
2014-04-15,1300.0,72990,0.358974358974359,-0.0066477813834138,0.0159425014092557,-0.0434142752023546,-0.0186456949364455,0.358974358974359,35.8974358974359,-0.2820512820512821,0.03205128205128205,0.2884615384615385,0.22435897435897437,-0.5961538461538463,-0.2820512820512821,-0.043414275202354635,-0.018645694936445523,0.046446066895275306,0.02120974076983506,-0.043414275202354635,-0.018645694936445523,MM_ACCUMULATION
2014-04-22,1280.5999755859375,77106,0.3846153846153846,-0.014923095703125,-0.0214716716087407,-0.0234863872614967,-0.0464631603976638,0.3846153846153846,38.46153846153846,-0.16666666666666674,-0.0961538461538462,0.21794871794871798,0.16666666666666669,-0.23717948717948728,-0.5384615384615385,-0.023486387261496766,-0.04646316039766385,0.023661051627448026,-0.046108025634310934,-0.023486387261496766,-0.04646316039766385,MM_DISTRIBUTION
2014-04-29,1296.0,77407,0.391025641025641,0.0120256322877221,-0.003076923076923,0.0128165244818427,-0.0312453635090989,0.391025641025641,39.1025641025641,-0.07051282051282048,-0.11538461538461536,0.25,0.05769230769230771,-0.025641025641025605,-0.5641025641025641,0.012816524481842784,-0.0312453635090989,0.03539190745086329,-0.03657445209466026,0.012816524481842784,-0.0312453635090989,MM_DISTRIBUTION
2014-05-06,1308.300048828125,90639,0.4807692307692308,0.009490778416763,0.0216305433158494,-0.0003055722156877,-0.0283698114904381,0.4807692307692308,48.07692307692308,0.05769230769230771,-0.057692307692307654,0.2628205128205129,0.1923076923076924,0.17307692307692307,-0.5320512820512819,-0.00030557221568772164,-0.028369811490438157,0.014107490571745318,0.00022939512853592525,-0.00030557221568772164,-0.028369811490438157,MM_DISTRIBUTION
2014-05-13,1294.5999755859375,82454,0.4487179487179487,-0.0104716599639806,-0.0010802657515914,-0.0041538649338942,-0.0473878031008554,0.4487179487179487,44.87179487179487,0.0897435897435897,-0.1923076923076924,0.12179487179487175,0.358974358974359,0.3717948717948718,-0.762820512820513,-0.004153864933894247,-0.04738780310085544,-0.022722108171975064,0.018487924200586425,-0.004153864933894247,-0.04738780310085544,MM_DISTRIBUTION
2014-05-20,1294.5,81153,0.4358974358974359,-7.722507942442558e-05,-0.0105480763686327,0.0108543063244261,-0.012887009378861,0.4358974358974359,43.58974358974359,0.05128205128205132,-0.11538461538461542,-0.04487179487179488,0.4102564102564103,0.21794871794871806,-0.5000000000000001,0.010854306324426188,-0.012887009378861003,-0.03611317944899484,0.016569793608765204,0.010854306324426188,-0.012887009378861003,MM_DISTRIBUTION
2014-05-27,1265.4000244140625,57569,0.2692307692307692,-0.0224797030405079,-0.0225551921230796,-0.0236110922730998,-0.0110971799334184,0.2692307692307692,26.923076923076923,-0.1217948717948718,-0.1923076923076923,-0.23717948717948717,0.26282051282051283,-0.05128205128205132,-0.5128205128205128,-0.023611092273099876,-0.01109717993341841,-0.05411871862127893,0.019333010736267697,-0.023611092273099876,-0.01109717993341841,MM_RESET
2014-06-03,1244.300048828125,38182,0.1089743589743589,-0.0166745496908835,-0.0387794138060061,-0.0489184419562823,-0.0492090660552735,0.1089743589743589,10.89743589743589,-0.37179487179487186,-0.31410256410256415,-0.4294871794871795,0.1025641025641025,-0.42948717948717957,-0.5192307692307694,-0.048918441956282366,-0.04920906605527353,-0.07590044647001482,0.01849889380332015,-0.048918441956282366,-0.04920906605527353,MM_RESET
2014-06-10,1259.800048828125,38054,0.1089743589743589,0.0124568025329563,-0.0044254587307523,-0.026880833781927,-0.0309230393629807,0.1089743589743589,10.89743589743589,-0.33974358974358976,-0.25000000000000006,-0.5320512820512822,0.0961538461538461,-0.42948717948717946,-0.2820512820512821,-0.02688083378192707,-0.030923039362980798,-0.07299481322433776,-0.0020595496955446713,-0.02688083378192707,-0.030923039362980798,MM_RESET
2014-06-17,1271.699951171875,53559,0.25,0.0094458659172298,0.02202033373667,-0.0176130157034569,-0.0069498864467729,0.25,25.0,-0.1858974358974359,-0.13461538461538458,-0.3012820512820513,0.2371794871794872,-0.23717948717948723,-0.03846153846153838,-0.01761301570345697,-0.006949886446772968,-0.030273045983757352,0.03289473814667665,-0.01761301570345697,-0.006949886446772968,MM_RESET
2014-06-24,1320.9000244140625,99930,0.5833333333333334,0.0386884289779594,0.0484997406078633,0.0438596482765984,0.019212981800974,0.5833333333333334,58.333333333333336,0.31410256410256415,0.19230769230769235,0.12179487179487186,0.5705128205128206,0.43589743589743596,0.3076923076923077,0.043859648276598495,0.019212981800974083,0.03227574993443816,0.09609165311933676,0.043859648276598495,0.019212981800974083,MM_EXPANSION
2014-07-01,1326.4000244140625,125954,0.7692307692307693,0.0041638276162798,0.0430133485432482,0.0659808505699721,0.0138347282048563,0.7692307692307693,76.92307692307693,0.6602564102564104,0.2884615384615385,0.3461538461538462,0.7307692307692308,1.0320512820512822,0.34615384615384615,0.06598085056997216,0.013834728204856317,0.013524928480617815,0.10358598674685515,0.06598085056997216,0.013834728204856317,MM_EXPANSION
2014-07-08,1316.0,133776,0.8012820512820513,-0.007840790276415,-0.0037096103592215,0.044610215108463,0.0165302215492293,0.8012820512820513,80.12820512820514,0.6923076923076924,0.35256410256410264,0.44230769230769235,0.7435897435897437,1.0320512820512822,0.544871794871795,0.04461021510846308,0.01653022154922934,0.012307692307692353,0.07044084420545826,0.04461021510846308,0.01653022154922934,MM_CROWDED_EXPANSION
2014-07-15,1296.9000244140625,122087,0.7435897435897436,-0.0145136592598309,-0.0222406509778463,0.019816052693063,0.0018540165423426,0.7435897435897436,74.35897435897436,0.4935897435897436,0.3076923076923077,0.35897435897435903,0.6794871794871795,0.6794871794871795,0.42307692307692313,0.01981605269306308,0.0018540165423426291,0.012728446930249993,0.04151949507669972,0.01981605269306308,0.0018540165423426291,MM_EXPANSION
2014-07-22,1306.0999755859375,125726,0.7756410256410257,0.0070938013714909,-0.0075228149043028,-0.0112045185514249,0.0321637034823996,0.7756410256410257,77.56410256410257,0.1923076923076923,0.5064102564102564,0.38461538461538464,0.7051282051282052,-0.12179487179487186,0.6987179487179487,-0.011204518551424902,0.03216370348239961,0.0077931910385320435,0.05135629417224585,-0.011204518551424902,0.03216370348239961,MM_EXPANSION
2014-07-29,1298.300048828125,108630,0.6538461538461539,-0.0059719216779813,0.0010795160673198,-0.0211851440506046,0.043397892695461,0.6538461538461539,65.38461538461539,-0.11538461538461542,0.5448717948717949,0.17307692307692307,0.4871794871794872,-0.7756410256410258,0.858974358974359,-0.021185144050604676,0.043397892695461016,-0.007643506555669144,0.03780979122951633,-0.021185144050604676,0.043397892695461016,MM_EXPANSION
2014-08-05,1284.0,90679,0.5256410256410257,-0.0110144406456985,-0.016920584946817,-0.0243161094224924,0.0192093588140325,0.5256410256410257,52.56410256410257,-0.27564102564102566,0.41666666666666674,0.07692307692307698,0.3846153846153847,-0.9679487179487181,0.6666666666666667,-0.024316109422492405,0.019209358814032518,-0.008187838549232107,0.025804945344836794,-0.024316109422492405,0.019209358814032518,MM_EXPANSION
2014-08-12,1308.800048828125,116427,0.7115384615384616,0.019314679772683,0.0080874987330374,0.0091757453851841,0.029173625132298,0.7115384615384616,71.15384615384616,-0.03205128205128205,0.46153846153846156,0.27564102564102566,0.49358974358974367,-0.5256410256410257,0.5961538461538461,0.009175745385184175,0.029173625132298042,0.011046773911259189,0.014495057434362302,0.009175745385184175,0.029173625132298042,MM_EXPANSION
2014-08-19,1295.0999755859375,103205,0.6025641025641025,-0.0104676594827867,0.0086448407990167,-0.0084220199108917,-0.0195321737839846,0.6025641025641025,60.256410256410255,-0.17307692307692313,0.019230769230769162,0.3333333333333333,0.2756410256410256,-0.3653846153846154,-0.17307692307692318,-0.008422019910891754,-0.01953217378398464,0.023470800220370958,-0.02234466420848913,-0.008422019910891754,-0.01953217378398464,MM_EXPANSION
2014-08-26,1283.800048828125,81182,0.4679487179487179,-0.0087251385768114,-0.019101466280036,-0.0111684506313375,-0.0321169894464952,0.4679487179487179,46.79487179487179,-0.18589743589743596,-0.3012820512820514,0.358974358974359,-0.012820512820512886,-0.07051282051282054,-0.5897435897435899,-0.011168450631337534,-0.032116989446495214,0.031744754842050193,-0.04408038061941544,-0.011168450631337534,-0.032116989446495214,MM_DISTRIBUTION
2014-09-02,1263.699951171875,62918,0.3076923076923077,-0.0156567198097536,-0.0242452513365667,-0.0158100068754867,-0.0397416784408244,0.3076923076923077,30.76923076923077,-0.21794871794871795,-0.4935897435897436,0.1987179487179488,-0.19871794871794868,0.05769230769230771,-0.8461538461538463,-0.015810006875486726,-0.039741678440824435,0.003095651843622038,-0.055389516334043765,-0.015810006875486726,-0.039741678440824435,MM_DISTRIBUTION
2014-09-09,1246.800048828125,60207,0.3012820512820512,-0.0133733504761776,-0.028820687484608,-0.0473716363744894,-0.0386305610631572,0.3012820512820512,30.12820512820512,-0.41025641025641035,-0.4423076923076924,0.05128205128205121,-0.23717948717948723,-0.3782051282051283,-0.7500000000000001,-0.04737163637448949,-0.03863056106315721,-0.019580013603684332,-0.07404378104112519,-0.04737163637448949,-0.03863056106315721,MM_DISTRIBUTION
2014-09-16,1235.199951171875,40295,0.1346153846153846,-0.0093038957346472,-0.0225528219523716,-0.0462512744523542,-0.0542837652089042,0.1346153846153846,13.461538461538462,-0.46794871794871795,-0.6410256410256411,-0.4487179487179488,-0.5064102564102565,-0.2948717948717948,-1.1474358974358974,-0.04625127445235422,-0.05428376520890421,-0.06488006030600468,-0.09109643033710446,-0.04625127445235422,-0.05428376520890421,MM_RESET
2014-09-23,1221.0,30130,0.0705128205128205,-0.0114960749135417,-0.0206930123658357,-0.048917313007933,-0.0595394330439237,0.0705128205128205,7.05128205128205,-0.3974358974358974,-0.5833333333333334,-0.6987179487179488,-0.48076923076923084,-0.21153846153846145,-1.1282051282051282,-0.048917313007933005,-0.05953943304392373,-0.07946322562880148,-0.06893398103637638,-0.048917313007933005,-0.05953943304392373,MM_RESET
2014-09-30,1210.5,30923,0.0897435897435897,-0.0085995085995086,-0.0199967229179707,-0.0420985623387424,-0.0572429906542055,0.0897435897435897,8.974358974358971,-0.217948717948718,-0.43589743589743596,-0.7115384615384617,-0.3717948717948718,-5.551115123125783e-17,-0.8525641025641026,-0.04209856233874243,-0.05724299065420557,-0.08016717325227962,-0.05400123234161214,-0.04209856233874243,-0.05724299065420557,MM_RESET
2014-10-07,1211.699951171875,29863,0.0705128205128205,0.000991285561235,-0.0076167476069819,-0.0281521465203989,-0.0741901696467627,0.0705128205128205,7.05128205128205,-0.23076923076923073,-0.6410256410256411,-0.6730769230769231,-0.3525641025641026,0.17948717948717963,-1.1025641025641026,-0.02815214652039899,-0.07419016964676273,-0.06569517436834094,-0.07411935785062218,-0.02815214652039899,-0.07419016964676273,MM_RESET
2014-10-14,1233.5999755859375,42196,0.173076923076923,0.0180738015156989,0.019083003375413,-0.0012953170734985,-0.0474866814603835,0.173076923076923,17.3076923076923,0.03846153846153838,-0.4294871794871795,-0.6025641025641026,-0.185897435897436,0.5064102564102564,-0.4487179487179487,-0.0012953170734985031,-0.047486681460383595,-0.05550876759451384,-0.0510769418569712,-0.0012953170734985031,-0.047486681460383595,MM_RESET
2014-10-21,1251.0,62488,0.3461538461538461,0.0141050784358176,0.0324338123395289,0.0245700245700246,-0.0255491880204128,0.3461538461538461,34.615384615384606,0.2756410256410256,-0.1217948717948718,-0.30769230769230776,-0.03846153846153849,0.673076923076923,0.17948717948717957,0.024570024570024662,-0.02554918802041284,-0.03643229380667368,-0.02311414661115707,0.024570024570024662,-0.02554918802041284,MM_DISTRIBUTION
2014-10-28,1229.199951171875,60067,0.3333333333333333,-0.0174260981839528,-0.00356681622985,0.0154481215794093,-0.0273007844686603,0.3333333333333333,33.33333333333333,0.2435897435897436,0.025641025641025605,-0.19230769230769235,-0.05769230769230771,0.4615384615384616,0.5192307692307692,0.015448121579409335,-0.027300784468660355,-0.042679165753991444,-0.05154324755256556,0.015448121579409335,-0.027300784468660355,MM_ACCUMULATION
2014-11-04,1167.4000244140625,38805,0.141025641025641,-0.0502765450803139,-0.0668265192533473,-0.0365601456985853,-0.0636830456404706,0.141025641025641,14.1025641025641,0.0705128205128205,-0.16025641025641021,-0.5705128205128206,-0.33974358974358976,0.3012820512820512,0.28205128205128216,-0.036560145698585345,-0.06368304564047067,-0.10803791193365975,-0.10769702603028253,-0.036560145698585345,-0.06368304564047067,MM_RESET
2014-11-11,1162.800048828125,30615,0.0961538461538461,-0.0039403593367631,-0.0540187967632497,-0.0573929378720876,-0.0586139128932622,0.0961538461538461,9.61538461538461,-0.07692307692307689,-0.038461538461538505,-0.5064102564102564,-0.3525641025641026,-0.11538461538461527,0.6025641025641025,-0.05739293787208766,-0.05861391289326223,-0.10215421917366385,-0.10180745345538855,-0.05739293787208766,-0.05861391289326223,MM_RESET
2014-11-18,1196.699951171875,48400,0.2371794871794871,0.0291536815619455,0.0250984462438388,-0.0434053148106514,-0.0199017598919942,0.2371794871794871,23.71794871794871,-0.108974358974359,0.16666666666666657,-0.2307692307692308,-0.19871794871794882,-0.3846153846153846,0.75,-0.04340531481065146,-0.019901759891994275,-0.06784553228188184,-0.07555044328167249,-0.04340531481065146,-0.019901759891994275,MM_ACCUMULATION
2014-11-25,1197.0999755859375,54450,0.3141025641025641,0.000334272942579,0.0294976997914475,-0.0261145272218198,-0.0110698260339219,0.3141025641025641,31.41025641025641,-0.019230769230769218,0.2243589743589744,0.0064102564102563875,0.04487179487179488,-0.26282051282051283,0.6602564102564104,-0.02611452722181984,-0.011069826033921926,-0.05270236461129629,-0.05397506520497419,-0.02611452722181984,-0.011069826033921926,MM_ACCUMULATION
2014-12-02,1199.199951171875,68634,0.4294871794871794,0.0017542190533499,0.0020890783838938,0.0272399572492501,-0.0103160852551911,0.4294871794871794,42.94871794871794,0.28846153846153844,0.3589743589743589,0.1282051282051282,0.3205128205128205,0.21794871794871795,1.0,0.027239957249250102,-0.01031608525519112,-0.03817781183196911,-0.03624535553038433,0.027239957249250102,-0.01031608525519112,MM_EXPANSION
2014-12-09,1231.5,90663,0.6217948717948718,0.0269346648960091,0.028736133251715,0.0590814828749888,-0.0017023148731338,0.6217948717948718,62.17948717948718,0.5256410256410257,0.4487179487179488,0.4871794871794872,0.5128205128205129,0.6025641025641025,0.8782051282051283,0.05908148287498882,-0.001702314873133881,-0.0029954269091128083,-0.022463921044017954,0.05908148287498882,-0.001702314873133881,MM_EXPANSION
2014-12-16,1193.9000244140625,91825,0.6538461538461539,-0.0305318518765225,-0.0044195521794621,-0.0023397065864928,-0.045643465696193,0.6538461538461539,65.38461538461539,0.41666666666666674,0.30769230769230776,0.5833333333333334,0.40384615384615385,0.5256410256410258,0.42948717948717957,-0.0023397065864928512,-0.04564346569619304,-0.022194902199785038,-0.06117789552961739,-0.0023397065864928512,-0.04564346569619304,MM_EXPANSION
2014-12-23,1177.9000244140625,82197,0.5769230769230769,-0.0134014571344467,-0.0435241377068108,-0.0160387198759045,-0.0417344035109218,0.5769230769230769,57.692307692307686,0.2628205128205128,0.24358974358974356,0.48717948717948717,-0.0064102564102564985,0.282051282051282,0.21794871794871795,-0.01603871987590455,-0.041734403510921836,-0.02693100007099336,-0.10825951802327605,-0.01603871987590455,-0.041734403510921836,MM_EXPANSION
2014-12-30,1200.199951171875,87050,0.5897435897435898,0.0189319350501799,0.0052767623996861,0.00083388929346,0.0280965616514146,0.5897435897435898,58.97435897435898,0.16025641025641035,0.4487179487179488,0.5192307692307693,-0.17948717948717952,-0.12820512820512808,0.608974358974359,0.0008338892934600661,0.02809656165141461,-0.009490798434775849,-0.09514480618163168,0.0008338892934600661,0.02809656165141461,MM_EXPANSION
2015-01-06,1219.300048828125,94196,0.6794871794871795,0.0159140963450303,0.0351473160335968,-0.009906578296285,0.048589609242742,0.6794871794871795,67.94871794871796,0.05769230769230771,0.5833333333333334,0.5064102564102565,-0.1217948717948718,-0.46794871794871795,0.6217948717948719,-0.009906578296285051,0.04858960924274203,-0.011592029053843267,-0.07348020605765582,-0.009906578296285051,0.04858960924274203,MM_EXPANSION
2015-01-13,1234.300048828125,101941,0.7307692307692307,0.0123021400798077,0.0284120138673182,0.0338386997134787,0.0314198204983879,0.7307692307692307,73.07692307692307,0.07692307692307687,0.4935897435897436,0.38461538461538464,-0.012820512820512886,-0.33974358974358987,0.32692307692307704,0.03383869971347875,0.031419820498387985,-0.013349281512290201,-0.04826892929870985,0.03383869971347875,0.031419820498387985,MM_EXPANSION
2015-01-20,1294.199951171875,129341,0.8846153846153846,0.0485294498696815,0.0614286060397821,0.0987349727033626,0.0811126702583135,0.8846153846153846,88.46153846153845,0.3076923076923077,0.5705128205128205,0.5512820512820513,0.10897435897435892,0.044871794871794934,0.3461538461538461,0.09873497270336262,0.08111267025831359,0.052879924000998724,-0.009111112959575673,0.09873497270336262,0.08111267025831359,MM_CROWDED_EXPANSION
2015-01-27,1291.699951171875,153237,0.9551282051282052,-0.0019316953286362,0.0465040104294307,0.0762372968859559,0.0771347596450513,0.9551282051282052,95.51282051282051,0.3653846153846154,0.5256410256410258,0.8141025641025642,0.3012820512820513,0.20512820512820507,0.16666666666666685,0.07623729688595593,0.07713475964505134,0.10647586444946389,-0.005083645850747165,0.07623729688595593,0.07713475964505134,MM_CROWDED_EXPANSION
2015-02-03,1259.699951171875,148326,0.9423076923076924,-0.0247735551673347,-0.0266573955351805,0.0331336838562243,0.0228988641265732,0.9423076923076924,94.23076923076924,0.2628205128205129,0.3205128205128206,0.8461538461538463,0.41666666666666674,0.20512820512820518,-0.1282051282051282,0.033133683856224394,0.02289886412657327,0.08333324585031288,-0.018925271672994515,0.033133683856224394,0.02289886412657327,MM_CROWDED_EXPANSION
2015-02-10,1231.5999755859375,119537,0.8333333333333334,-0.0223068799516874,-0.0465278143979278,-0.0021875339345169,0.0315771424750386,0.8333333333333334,83.33333333333334,0.10256410256410264,0.17948717948717952,0.5961538461538463,0.1217948717948718,0.025641025641025772,-0.12820512820512825,-0.002187533934516983,0.03157714247503862,0.029163554640314393,-0.058985383834078364,-0.002187533934516983,0.03157714247503862,MM_CROWDED_EXPANSION
2015-02-17,1208.0999755859375,95692,0.6858974358974359,-0.0190808707907125,-0.0409621160482979,-0.0665275682540209,0.0256388068137596,0.6858974358974359,68.58974358974359,-0.19871794871794868,0.10897435897435903,0.3717948717948718,0.08333333333333337,-0.5064102564102564,-0.13461538461538453,-0.06652756825402095,0.02563880681375963,0.0091888732974168,-0.06717628109029872,-0.06652756825402095,0.02563880681375963,MM_EXPANSION
2015-02-24,1196.9000244140625,89487,0.6217948717948718,-0.0092707155022024,-0.02817469296828,-0.0733916004810611,-0.0027494808299154,0.6217948717948718,62.17948717948718,-0.33333333333333337,0.03205128205128205,0.1923076923076924,0.1538461538461539,-0.6987179487179488,-0.41666666666666674,-0.07339160048106119,-0.0027494808299154405,-0.0019178842990820177,-0.06768968773087858,-0.07339160048106119,-0.0027494808299154405,MM_EXPANSION
2015-03-03,1204.0,72959,0.4743589743589743,0.0059319704579448,-0.0033937386547409,-0.0442168399864256,-0.0125482229274327,0.4743589743589743,47.43589743589743,-0.4679487179487181,-0.20512820512820523,-0.14743589743589752,0.16666666666666657,-0.7307692307692311,-0.7884615384615385,-0.04421683998642567,-0.01254822292743274,-0.022330491270807995,-0.047242188398055274,-0.04421683998642567,-0.01254822292743274,MM_DISTRIBUTION
2015-03-10,1160.0999755859375,48673,0.2564102564102564,-0.0364618142973941,-0.0307461342447046,-0.0580545643206785,-0.0601151019256904,0.2564102564102564,25.64102564102564,-0.576923076923077,-0.47435897435897434,-0.39743589743589747,-0.04487179487179482,-0.6794871794871796,-0.967948717948718,-0.05805456432067857,-0.06011510192569047,-0.028310619094520262,-0.0695380733451827,-0.05805456432067857,-0.06011510192569047,MM_RESET
2015-03-17,1148.300048828125,19224,0.0448717948717948,-0.0101714740161533,-0.0462624179168397,-0.0494991540156344,-0.1127336639223639,0.0448717948717948,4.48717948717948,-0.6410256410256411,-0.8397435897435898,-0.532051282051282,-0.08974358974358981,-0.4423076923076924,-1.4102564102564101,-0.04949915401563443,-0.11273366392236395,-0.02512944644912607,-0.0703529029946165,-0.04949915401563443,-0.11273366392236395,MM_RESET
2015-03-24,1191.699951171875,11435,0.0192307692307692,0.037794914654964,0.027239010646455,-0.0043446178762784,-0.0774173598979209,0.0192307692307692,1.92307692307692,-0.6025641025641026,-0.935897435897436,-0.5705128205128206,-0.051282051282051294,-0.2692307692307693,-1.4615384615384617,-0.004344617876278489,-0.07741735989792098,-0.007082153262629731,-0.02399676398699835,-0.004344617876278489,-0.07741735989792098,MM_RESET
2015-03-31,1183.0999755859375,36056,0.1346153846153846,-0.0072165611633033,0.0303056041783913,-0.0173588242641714,-0.0608081118957558,0.1346153846153846,13.461538461538462,-0.33974358974358965,-0.8076923076923078,-0.5448717948717949,0.04487179487179491,0.12820512820512847,-1.1282051282051284,-0.017358824264171457,-0.060808111895755856,-0.029689224794979374,-0.022635294848461385,-0.017358824264171457,-0.060808111895755856,MM_RESET
2015-04-07,1210.5999755859375,55675,0.3653846153846153,0.0232440204272512,0.0158597173688535,0.0435307310255683,-0.0170509909193601,0.3653846153846153,36.53846153846153,0.10897435897435892,-0.46794871794871806,-0.3653846153846154,0.2948717948717948,0.6858974358974359,-0.6474358974358976,0.04353073102556837,-0.01705099091936013,-0.01920122523262391,-0.0009077953538527694,0.04353073102556837,-0.01705099091936013,MM_DISTRIBUTION
2015-04-14,1192.800048828125,48049,0.2564102564102564,-0.0147033926290947,0.0081988618395358,0.0387529374795494,-0.0126644541569433,0.2564102564102564,25.64102564102564,0.2115384615384616,-0.4294871794871795,-0.6282051282051282,0.0833333333333334,0.8525641025641026,-0.5384615384615385,0.03875293747954944,-0.012664454156943394,-0.07834948707263834,-0.03307387124293126,0.03875293747954944,-0.012664454156943394,MM_RESET
2015-04-21,1202.9000244140625,48125,0.2628205128205128,0.0084674506811601,-0.0063604421998672,0.0093984003533555,0.0050129500188933,0.2628205128205128,26.282051282051277,0.24358974358974358,-0.35897435897435903,-0.6923076923076924,-0.08333333333333331,0.8461538461538463,-0.3910256410256411,0.009398400353355596,0.005012950018893347,-0.06874655888718595,-0.03844922109187654,0.009398400353355596,0.005012950018893347,MM_RESET
2015-04-28,1214.0,50583,0.3012820512820512,0.0092276792423746,0.0177732648424209,0.0261178472248375,0.0083056478405316,0.3012820512820512,30.12820512820512,0.1666666666666666,-0.17307692307692307,-0.6410256410256412,-0.032051282051282104,0.5064102564102563,0.03205128205128216,0.026117847224837565,0.008305647840531671,-0.03627844164744243,-0.012365727119809877,0.026117847224837565,0.008305647840531671,MM_DISTRIBUTION
2015-05-05,1193.199951171875,22857,0.0641025641025641,-0.017133483383958,-0.0080639064305551,-0.0143730586196656,0.0285320026571154,0.0641025641025641,6.41025641025641,-0.3012820512820512,-0.1923076923076923,-0.7692307692307693,-0.0769230769230769,-0.41025641025641013,0.28205128205128205,-0.014373058619665646,0.02853200265711542,-0.031178974647018465,0.022100330836263282,-0.014373058619665646,0.02853200265711542,MM_RESET
2015-05-12,1192.5999755859375,27719,0.0833333333333333,-0.0005028290399679,-0.0176276972109246,-0.0001677340995953,0.0385787031908793,0.0833333333333333,8.33333333333333,-0.17307692307692307,0.0384615384615385,-0.6025641025641026,-0.012820512820512803,-0.3846153846153847,0.8782051282051283,-0.00016773409959536245,0.038578703190879304,-0.01283006399572384,0.02562773091370696,-0.00016773409959536245,0.038578703190879304,MM_ACCUMULATION
2015-05-19,1206.9000244140625,78617,0.5961538461538461,0.0119906499420303,0.0114817916550635,0.0033252971309467,0.0127549499580328,0.5961538461538461,59.61538461538461,0.33333333333333337,0.576923076923077,-0.02564102564102566,0.35897435897435903,0.08974358974358979,1.512820512820513,0.0033252971309467583,0.012754949958032835,0.008354916698155579,0.008523501009755297,0.0033252971309467583,0.012754949958032835,MM_EXPANSION
2015-05-26,1187.199951171875,66244,0.4743589743589743,-0.0163228708622751,-0.0045279427508032,-0.0220758227579283,0.003465451500755,0.4743589743589743,47.43589743589743,0.17307692307692307,0.33974358974358965,0.0,0.1602564102564102,0.006410256410256471,1.1474358974358974,-0.0220758227579283,0.003465451500755057,-0.01395352892701407,-0.008270006362014026,-0.0220758227579283,0.003465451500755057,MM_EXPANSION
2015-06-02,1194.0999755859375,61747,0.4423076923076923,0.0058120154126115,-0.0106057242266933,0.0007542947124483,-0.0136296054293358,0.4423076923076923,44.230769230769226,0.3782051282051282,0.07692307692307698,0.1858974358974359,0.012820512820512886,0.6794871794871794,0.544871794871795,0.0007542947124483668,-0.01362960542933589,0.029307818908303584,-0.004252815038020774,0.0007542947124483668,-0.01362960542933589,MM_EXPANSION
2015-06-09,1177.300048828125,37639,0.1602564102564102,-0.0140691123869832,-0.0083388668724067,-0.0128290517114051,-0.012994633941563,0.1602564102564102,16.02564102564102,0.07692307692307689,-0.0961538461538462,0.11538461538461539,-0.4615384615384616,0.24999999999999994,0.3333333333333333,-0.012829051711405137,-0.012994633941563083,0.025254723301279425,-0.04401132860079171,-0.012829051711405137,-0.012994633941563083,MM_RESET
2015-06-16,1180.5,34998,0.1474358974358974,0.002718042163559,-0.0113893106640958,-0.0218742430027536,-0.0186216842293054,0.1474358974358974,14.743589743589741,-0.44871794871794873,-0.11538461538461536,0.12820512820512822,-0.5064102564102564,-0.7820512820512822,0.24358974358974367,-0.021874243002753646,-0.018621684229305435,-0.009398297919590681,-0.011223740799099935,-0.021874243002753646,-0.018621684229305435,MM_RESET
2015-06-23,1176.199951171875,39916,0.2115384615384615,-0.0036425657163278,-0.0009344241999692,-0.00926549903337,-0.031136778276874,0.2115384615384615,21.15384615384615,-0.2628205128205128,-0.0897435897435897,0.0769230769230769,-0.36538461538461536,-0.43589743589743585,0.08333333333333337,-0.00926549903337004,-0.031136778276874,-0.005832156670145472,-0.0014433086059516542,-0.00926549903337004,-0.031136778276874,MM_RESET
2015-06-30,1171.5,15623,0.032051282051282,-0.0039958777138124,-0.0076238881829733,-0.0189263680160849,-0.018186349362957,0.032051282051282,3.2051282051282,-0.4102564102564103,-0.0320512820512821,-0.3333333333333333,-0.5576923076923077,-0.7884615384615385,0.1602564102564102,-0.018926368016084938,-0.018186349362957044,-0.0322980145171512,-0.02391264150931882,-0.018926368016084938,-0.018186349362957044,MM_RESET
2015-07-07,1152.4000244140625,2099,0.0064102564102564,-0.0163038630695155,-0.0202345925402395,-0.0211501090472626,-0.0337078249159986,0.0064102564102564,0.64102564102564,-0.1538461538461538,-0.0769230769230769,-0.25,-0.6730769230769231,-0.23076923076923067,-0.11538461538461539,-0.021150109047262666,-0.03370782491599866,-0.03386990506393239,-0.054867564778956934,-0.021150109047262666,-0.03370782491599866,MM_RESET
2015-07-14,1153.300048828125,-1123,0.0064102564102564,0.0007809999956569,-0.0155355963908451,-0.0230410429240788,-0.0444112805548742,0.0064102564102564,0.64102564102564,-0.14102564102564102,-0.5897435897435898,-0.2564102564102564,-0.7243589743589743,0.3076923076923077,-1.1666666666666667,-0.023041042924078825,-0.0444112805548742,-0.04123366412773821,-0.06562423786412663,-0.023041042924078825,-0.0444112805548742,MM_RESET
2015-07-21,1103.4000244140625,-13556,0.0064102564102564,-0.043267165786359,-0.0425199574469933,-0.0618941759734645,-0.0705861945791812,0.0064102564102564,0.64102564102564,-0.20512820512820512,-0.4679487179487179,-0.2948717948717948,-0.8782051282051282,0.057692307692307654,-0.8076923076923075,-0.06189417597346458,-0.07058619457918125,-0.09110376901642303,-0.1474269308888836,-0.06189417597346458,-0.07058619457918125,MM_RESET
2015-07-28,1096.300048828125,-14633,0.0064102564102564,-0.0064346342476363,-0.0494233916472283,-0.0641911661731754,-0.0819026285548851,0.0064102564102564,0.64102564102564,-0.0256410256410256,-0.4358974358974359,-0.057692307692307696,-0.9487179487179488,0.3846153846153847,-0.5128205128205129,-0.06419116617317544,-0.08190262855488517,-0.08121011256209143,-0.1512734456376471,-0.06419116617317544,-0.08190262855488517,MM_RESET
2015-08-04,1090.699951171875,-11287,0.0192307692307692,-0.0051081797015662,-0.0115099446811518,-0.0535404997700853,-0.0735582214087657,0.0192307692307692,1.92307692307692,0.012820512820512801,-0.141025641025641,-0.0641025641025641,-0.9230769230769232,0.1666666666666666,-0.044871794871794796,-0.05354049977008535,-0.07355822140876578,-0.08544359089391884,-0.13415893192881567,-0.05354049977008535,-0.07355822140876578,MM_RESET
2015-08-11,1107.5999755859375,-5430,0.0256410256410256,0.0154946595494982,0.0103073303425385,-0.0396254845290465,-0.0617535149632041,0.0256410256410256,2.56410256410256,0.019230769230769197,-0.1217948717948718,-0.5705128205128206,-0.8076923076923078,0.16025641025641021,-0.006410256410256443,-0.03962548452904657,-0.06175351496320414,-0.08227694657337847,-0.10068204161907901,-0.03962548452904657,-0.06175351496320414,MM_RESET
2015-08-18,1117.0999755859375,7917,0.0448717948717948,0.0085771038365853,0.0242046626899521,0.0124161236802129,-0.050246538037223,0.0448717948717948,4.48717948717948,0.0384615384615384,-0.1666666666666667,-0.42948717948717946,-0.6410256410256411,0.24358974358974353,-0.07692307692307701,0.012416123680212943,-0.05024653803722301,-0.05904647782097905,-0.07532489184586266,0.012416123680212943,-0.05024653803722301,MM_RESET
2015-08-25,1138.199951171875,40614,0.2756410256410256,0.0188881711996011,0.0276272808418487,0.0382193746944901,-0.028425137710734,0.2756410256410256,27.564102564102562,0.2692307692307692,0.2435897435897436,-0.16666666666666669,-0.3461538461538462,0.2948717948717948,0.2756410256410257,0.038219374694490105,-0.028425137710734072,-0.0468135211095978,-0.04904342221141145,0.038219374694490105,-0.028425137710734072,MM_ACCUMULATION
2015-09-01,1138.699951171875,40597,0.2756410256410256,0.0004392901260321,0.01933575871274,0.0440084369201883,-0.0118882965567042,0.2756410256410256,27.564102564102562,0.2564102564102564,0.2692307692307692,0.11538461538461542,-0.19871794871794868,0.24358974358974358,0.34615384615384615,0.0440084369201883,-0.011888296556704203,-0.032786966835406384,-0.0542359209535922,0.0440084369201883,-0.011888296556704203,MM_ACCUMULATION
2015-09-08,1120.4000244140625,26825,0.1346153846153846,-0.0160708944783737,-0.0156386641376025,0.0115565629381253,-0.0285268559968348,0.1346153846153846,13.461538461538462,0.108974358974359,0.12820512820512822,-0.012820512820512803,-0.12179487179487178,0.08974358974358981,0.717948717948718,0.011556562938125348,-0.0285268559968348,-0.050910610407401524,-0.03422114645922958,0.011556562938125348,-0.0285268559968348,MM_ACCUMULATION
2015-09-15,1102.800048828125,8807,0.0512820512820512,-0.0157086533402583,-0.0315270957084033,-0.0128009373111944,-0.0005437516518599,0.0512820512820512,5.12820512820512,0.006410256410256394,0.044871794871794796,-0.1602564102564103,0.006410256410256394,-0.03205128205128201,0.5128205128205127,-0.012800937311194471,-0.0005437516518599361,-0.062404272564898555,-0.03962379000717986,-0.012800937311194471,-0.0005437516518599361,MM_ACCUMULATION
2015-09-22,1125.0,20829,0.1153846153846153,0.0201305315460091,0.0041056546641393,-0.0115972164278205,0.0261789199066015,0.1153846153846153,11.53846153846153,-0.1602564102564103,0.10897435897435889,0.08333333333333329,0.09615384615384609,-0.4294871794871795,0.5448717948717948,-0.011597216427820523,0.026178919906601594,-0.03969270166453265,-0.055970423684489234,-0.011597216427820523,0.026178919906601594,MM_ACCUMULATION
2015-09-29,1127.0999755859375,40564,0.2948717948717949,0.0018666449652777,0.0220347530666455,-0.0101870344106009,0.0333730870483246,0.2948717948717949,29.48717948717949,0.019230769230769273,0.27564102564102566,0.2884615384615385,0.16025641025641027,-0.23717948717948711,0.41666666666666663,-0.010187034410600981,0.033373087048324646,-0.021954224481198548,-0.047333277960947995,-0.010187034410600981,0.033373087048324646,MM_ACCUMULATION
2015-10-06,1146.800048828125,45838,0.358974358974359,0.0174785499679797,0.0193778211805555,0.0235630344866057,0.0353919051157887,0.358974358974359,35.8974358974359,0.22435897435897437,0.33333333333333337,0.3525641025641026,-0.006410256410256332,0.11538461538461536,0.4551282051282052,0.023563034486605794,0.03539190511578871,-0.005636000801876873,-0.05270108049269784,0.023563034486605794,0.03539190511578871,MM_ACCUMULATION
2015-10-13,1165.800048828125,77213,0.6730769230769231,0.016567840243306,0.0343359720348399,0.0571273097665765,0.0435950893443028,0.6730769230769231,67.3076923076923,0.6217948717948719,0.6282051282051283,0.6666666666666667,0.41666666666666674,0.6153846153846155,0.794871794871795,0.05712730976657654,0.043595089344302895,0.05655249504566462,-0.02263581396272274,0.05712730976657654,0.043595089344302895,MM_EXPANSION
2015-10-20,1178.0,116344,0.8974358974358975,0.0104648744732327,0.0272060950849777,0.0471111111111111,0.0349675369315798,0.8974358974358975,89.74358974358975,0.7820512820512822,0.6217948717948718,0.8910256410256411,0.6346153846153847,0.9423076923076925,0.3782051282051282,0.047111111111111104,0.034967536931579835,0.07452334902220148,-0.02069999493614727,0.047111111111111104,0.034967536931579835,MM_CROWDED_EXPANSION
2015-10-27,1166.800048828125,114092,0.8910256410256411,-0.0095075986178905,0.0008577800292641,0.035223204775201,0.0246773503655033,0.8910256410256411,89.1025641025641,0.5961538461538463,0.6153846153846154,0.8717948717948719,0.5897435897435899,0.576923076923077,0.3461538461538462,0.03522320477520102,0.024677350365503337,0.06977179890260943,-0.038879696187705926,0.03522320477520102,0.024677350365503337,MM_CROWDED_EXPANSION
2015-11-03,1114.199951171875,67207,0.6089743589743589,-0.0450806440307222,-0.0541596339797325,-0.028427011046575,-0.0055338032016108,0.6089743589743589,60.89743589743589,0.24999999999999994,0.47435897435897434,0.5833333333333334,0.5448717948717948,0.025641025641025578,0.34615384615384615,-0.02842701104657508,-0.0055338032016108984,0.005958807991527815,-0.06620851762725255,-0.02842701104657508,-0.0055338032016108984,MM_EXPANSION
2015-11-10,1088.199951171875,16869,0.1025641025641025,-0.0233351293658324,-0.0673638107362027,-0.0665638140384832,-0.013239115895728,0.1025641025641025,10.25641025641025,-0.5705128205128206,0.05128205128205131,0.0576923076923077,0.019230769230769204,-1.1923076923076925,0.006410256410256512,-0.06656381403848322,-0.013239115895728015,-0.02587058011428567,-0.08753985120850738,-0.06656381403848322,-0.013239115895728015,MM_ACCUMULATION
2015-11-17,1068.699951171875,-13923,0.0128205128205128,-0.0179195008959526,-0.0408364763902069,-0.0927844217556239,-0.0500444878472222,0.0128205128205128,1.28205128205128,-0.8846153846153847,-0.10256410256410249,-0.26282051282051283,-0.5833333333333334,-1.666666666666667,-0.2115384615384614,-0.09278442175562396,-0.05004448784722226,-0.06106132751845905,-0.1145083026320115,-0.09278442175562396,-0.05004448784722226,MM_RESET
2015-11-24,1074.300048828125,-16664,0.0064102564102564,0.005240102846556,-0.0127732980770502,-0.0792766507791136,-0.0468458237081974,0.0064102564102564,0.64102564102564,-0.8846153846153847,-0.2884615384615385,-0.2692307692307692,-0.4679487179487179,-1.4807692307692308,-0.5641025641025641,-0.07927665077911361,-0.046845823708197454,-0.05655563810069009,-0.09509763054850828,-0.07927665077911361,-0.046845823708197454,MM_RESET
2015-12-01,1063.800048828125,-20566,0.0064102564102564,-0.0097738057551552,-0.0045849186559586,-0.0452341631237205,-0.072375302115495,0.0064102564102564,0.64102564102564,-0.6025641025641025,-0.3525641025641026,-0.12820512820512822,-0.4358974358974359,-0.8525641025641024,-0.6858974358974359,-0.04523416312372053,-0.07237530211549503,-0.050517649368615136,-0.10911978010373469,-0.04523416312372053,-0.07237530211549503,MM_RESET
2015-12-08,1076.300048828125,-17422,0.0128205128205128,0.0117503284698754,0.0018616772866961,-0.0109354005492603,-0.0767713126191462,0.0128205128205128,1.28205128205128,-0.0897435897435897,-0.6602564102564104,-0.038461538461538394,-0.14743589743589738,0.4807692307692309,-1.2884615384615388,-0.010935400549260343,-0.07677131261914627,-0.02402974140975045,-0.08578951483144381,-0.010935400549260343,-0.07677131261914627,MM_RESET
2015-12-15,1062.9000244140625,-27219,0.0064102564102564,-0.0124500825105903,-0.0008460465996913,-0.0054270862008112,-0.0977079589014749,0.0064102564102564,0.64102564102564,-0.0064102564102564,-0.8910256410256411,-0.10897435897435889,-0.14102564102564102,0.8782051282051283,-1.5128205128205128,-0.005427086200811226,-0.09770795890147499,-0.05519997829861112,-0.09961878490973108,-0.005427086200811226,-0.09770795890147499,MM_RESET
2015-12-22,1074.800048828125,-20062,0.0192307692307692,0.0111958078283256,-0.0013936634135,0.0004654193216739,-0.0788481283424697,0.0192307692307692,1.92307692307692,0.012820512820512801,-0.8717948717948719,-0.27564102564102566,-0.19230769230769232,0.8974358974358975,-1.4871794871794872,0.0004654193216739877,-0.07884812834246979,-0.04640220733801692,-0.08620974881245569,0.0004654193216739877,-0.07884812834246979,MM_RESET
2015-12-29,1077.5,-27201,0.0128205128205128,0.0025120497294532,0.0137359819838049,0.0128783141032629,-0.0329383887813631,0.0128205128205128,1.28205128205128,0.0064102564102564,-0.5961538461538461,-0.3461538461538462,-0.0192307692307692,0.6089743589743589,-1.0705128205128205,0.0128783141032629,-0.032938388781363126,-0.06042905988619407,-0.08023900981647458,0.0128783141032629,-0.032938388781363126,MM_RESET
2016-01-05,1078.4000244140625,-15927,0.0448717948717948,0.0008352894794083,0.0033494374975724,0.0019511060955761,-0.0090056305803534,0.0448717948717948,4.48717948717948,0.03205128205128201,-0.0576923076923077,-0.6282051282051283,0.0384615384615384,0.12179487179487171,-0.108974358974359,0.0019511060955761383,-0.009005630580353419,-0.07496999549958672,-0.06421381328729603,0.0019511060955761383,-0.009005630580353419,MM_RESET
2016-01-12,1085.5999755859375,92,0.0897435897435897,0.0066765124340451,0.0075173787340487,0.02135661929671,0.0158136288820176,0.0897435897435897,8.974358974358971,0.0833333333333333,0.0769230769230769,-0.8076923076923077,0.0833333333333333,0.0897435897435897,0.1794871794871794,0.021356619296710067,0.01581362888201765,-0.07843805128528225,-0.0587011795507838,0.021356619296710067,0.01581362888201765,MM_ACCUMULATION
2016-01-19,1089.9000244140625,439,0.0961538461538461,0.0039609883242712,0.0106639463461144,0.0140491020654505,0.0145210601106779,0.0961538461538461,9.61538461538461,0.0769230769230769,0.0897435897435897,-0.7948717948717949,0.0897435897435897,0.0641025641025641,0.3782051282051282,0.014049102065450514,0.014521060110677997,-0.06590677167977244,-0.012234910006612365,0.014049102065450514,0.014521060110677997,MM_ACCUMULATION
2016-01-26,1121.699951171875,16803,0.1666666666666666,0.0291769208601571,0.0332534786272937,0.0410208363544084,0.0544274296730218,0.1666666666666666,16.66666666666666,0.1538461538461538,0.16025641025641021,-0.4423076923076923,0.16025641025641021,0.1474358974358974,0.5128205128205128,0.04102083635440845,0.05442742967302183,0.0067312873170670695,0.023168750535859983,0.04102083635440845,0.05442742967302183,MM_ACCUMULATION
2016-02-02,1127.300048828125,29036,0.2435897435897435,0.0049925094945393,0.0343150964091123,0.0453449771021952,0.0473845560589993,0.2435897435897435,24.35897435897435,0.1987179487179487,0.2307692307692307,0.141025641025641,0.2243589743589743,0.16666666666666669,0.8910256410256411,0.045344977102195205,0.04738455605899938,0.03593098640938486,0.03355652268703779,0.045344977102195205,0.04738455605899938,MM_ACCUMULATION
2016-02-09,1198.699951171875,60636,0.6282051282051282,0.0633370879545096,0.0686458084620185,0.104181999013857,0.1277635936010763,0.6282051282051282,62.82051282051282,0.5384615384615385,0.6217948717948718,0.6153846153846154,0.6025641025641026,0.45512820512820523,1.5128205128205128,0.10418199901385705,0.12776359360107636,0.12164312336446681,0.08224988948536605,0.10418199901385705,0.12776359360107636,MM_EXPANSION
2016-02-16,1207.9000244140625,81013,0.7756410256410257,0.0076750426436518,0.071498245449137,0.1082668110439188,0.1238369645880264,0.7756410256410257,77.56410256410257,0.6794871794871795,0.7564102564102565,0.7692307692307693,0.7307692307692308,0.6025641025641026,1.6282051282051284,0.10826681104391889,0.1238369645880264,0.12436002002575708,0.08128193609573642,0.10826681104391889,0.1238369645880264,MM_EXPANSION
2016-02-23,1222.300048828125,109097,0.9230769230769232,0.0119215366528764,0.0196880775987169,0.0896853900645622,0.1343851961281903,0.9230769230769232,92.30769230769232,0.7564102564102566,0.9102564102564105,0.9166666666666669,0.6474358974358976,0.6025641025641029,1.5064102564102566,0.08968539006456222,0.13438519612819033,0.14899416499802065,0.0738886849974485,0.08968539006456222,0.13438519612819033,MM_CROWDED_EXPANSION
2016-03-01,1230.300048828125,104370,0.8974358974358975,0.0065450377815741,0.0185446013422581,0.0913687532499203,0.1408568443760893,0.8974358974358975,89.74358974358975,0.653846153846154,0.8525641025641026,0.8846153846153847,0.6217948717948718,0.4551282051282053,0.9102564102564104,0.09136875324992033,0.14085684437608936,0.14308277711933126,0.08044269920445779,0.09136875324992033,0.14085684437608936,MM_CROWDED_EXPANSION
2016-03-08,1262.0999755859375,127427,0.9743589743589745,0.0258472937460274,0.0325615030417207,0.0528906540390539,0.1625829071198501,0.9743589743589745,97.43589743589745,0.34615384615384626,0.8846153846153848,0.9679487179487181,0.8397435897435899,-0.1923076923076923,0.8076923076923079,0.05289065403905391,0.16258290711985013,0.18741174766807123,0.12647264198872188,0.05289065403905391,0.16258290711985013,MM_CROWDED_EXPANSION
2016-03-15,1230.4000244140625,129777,0.9807692307692308,-0.0251168305087384,8.126114116047134e-05,0.0186273694388858,0.1289109063700899,0.9807692307692308,98.07692307692308,0.20512820512820518,0.8846153846153847,0.9615384615384617,0.9294871794871796,-0.47435897435897434,0.7948717948717949,0.018627369438885877,0.12891090637008995,0.14477109091648366,0.11570544970643581,0.018627369438885877,0.12891090637008995,MM_CROWDED_EXPANSION
2016-03-22,1248.199951171875,144899,0.9871794871794872,0.0144667802378248,-0.0110134099381543,0.0211894799223655,0.1127752567590303,0.9871794871794872,98.71794871794873,0.06410256410256399,0.8205128205128206,0.9743589743589745,0.8717948717948719,-0.6923076923076926,0.6602564102564104,0.02118947992236553,0.11277525675903033,0.15842222846577725,0.1095110677083333,0.02118947992236553,0.11277525675903033,MM_CROWDED_EXPANSION
2016-03-29,1235.5999755859375,154205,1.0,-0.0100945169675003,0.0042262281117486,0.0043078326810281,0.0960701872322233,1.0,100.0,0.10256410256410253,0.7564102564102565,0.9551282051282052,0.7051282051282051,-0.5512820512820514,0.5256410256410258,0.00430783268102819,0.09607018723222338,0.14577146477466751,0.09626475232917553,0.00430783268102819,0.09607018723222338,MM_CROWDED_EXPANSION
2016-04-05,1228.4000244140625,152758,0.9871794871794872,-0.0058270891179491,-0.015862784435477,-0.0267014910258829,0.0247769036889942,0.9871794871794872,98.71794871794873,0.012820512820512775,0.35897435897435903,0.8974358974358976,0.6282051282051282,-0.3333333333333335,-0.2628205128205128,-0.02670149102588293,0.024776903688994212,0.13154021005854455,0.07115449259818374,-0.02670149102588293,0.024776903688994212,MM_CROWDED_EXPANSION
2016-04-12,1259.4000244140625,170634,1.0,0.0252360789513879,0.0192619369524014,0.0235695704035849,0.0426359789378942,1.0,100.0,0.019230769230769162,0.22435897435897434,0.9038461538461539,0.32692307692307687,-0.18589743589743601,-0.5320512820512822,0.023569570403584983,0.04263597893789428,0.15551885145715483,0.08028818979723429,0.023569570403584983,0.04263597893789428,MM_CROWDED_EXPANSION
2016-04-19,1253.0,174107,1.0,-0.0050818042639312,0.0200260298738363,0.0038455768433722,0.0251165425390504,1.0,100.0,0.012820512820512775,0.07692307692307676,0.8333333333333334,0.10256410256410253,-0.05128205128205121,-0.8333333333333337,0.003845576843372278,0.02511654253905049,0.11705451951830059,0.06366723259762308,0.003845576843372278,0.02511654253905049,MM_CROWDED_EXPANSION
2016-04-26,1242.199951171875,172050,0.9935897435897436,-0.008619352616221,-0.0136573550172748,0.0053415148238471,0.0096723578569999,0.9935897435897436,99.35897435897436,-0.0064102564102563875,0.09615384615384615,0.7500000000000001,0.10256410256410253,-0.10897435897435892,-0.7564102564102565,0.005341514823847149,0.009672357856999936,0.1019248623853013,0.06462109975010533,0.005341514823847149,0.009672357856999936,MM_CROWDED_EXPANSION
2016-05-03,1290.699951171875,218895,1.0,0.0390436338000543,0.0300877503366918,0.0507163183976075,0.022660626051165,1.0,100.0,0.012820512820512775,0.02564102564102555,0.3717948717948718,0.3910256410256411,0.0,-0.8589743589743593,0.050716318397607596,0.022660626051165034,0.07674981542299952,0.1584096281949785,0.050716318397607596,0.022660626051165034,MM_CROWDED_EXPANSION
2016-05-10,1263.9000244140625,211191,0.9935897435897436,-0.020763870590899,0.0174690662495324,0.0035731299926673,0.0272269175351758,0.9935897435897436,99.35897435897436,-0.0064102564102563875,0.012820512820512775,0.21794871794871795,0.8910256410256411,-0.02564102564102555,-0.8717948717948719,0.0035731299926673454,0.02722691753517581,0.0463614528256715,0.16145936512217007,0.0035731299926673454,0.02722691753517581,MM_CROWDED_EXPANSION
2016-05-17,1276.199951171875,212441,0.9935897435897436,0.0097317244404,-0.0112342144174057,0.0185155236806664,0.0224323033931479,0.9935897435897436,99.35897435897436,-0.0064102564102563875,0.0064102564102563875,0.07051282051282037,0.9807692307692308,-0.019230769230769162,-0.8141025641025642,0.018515523680666446,0.022432303393147945,0.04409711215787504,0.19416113921636047,0.018515523680666446,0.022432303393147945,MM_CROWDED_EXPANSION
2016-05-24,1228.9000244140625,156461,0.9615384615384616,-0.0370631002723195,-0.0276920637106766,-0.0107067519566922,-0.005422427407137,0.9615384615384616,96.15384615384616,-0.03205128205128205,-0.038461538461538436,0.0641025641025641,0.9551282051282052,-0.02564102564102566,-0.7948717948717949,-0.01070675195669224,-0.005422427407137054,-0.0011379536361036946,0.1439076315360679,-0.01070675195669224,-0.005422427407137054,MM_DISTRIBUTION
2016-05-31,1214.800048828125,148611,0.935897435897436,-0.0114736555503449,-0.048111506576512,-0.0588052260130927,-0.0110712921814085,0.935897435897436,93.5897435897436,-0.06410256410256399,-0.05128205128205121,-0.038461538461538436,0.9294871794871796,-0.07692307692307676,-0.41025641025641024,-0.05880522601309279,-0.011071292181408565,-0.037477163198464725,0.1419439679160952,-0.05880522601309279,-0.011071292181408565,MM_DISTRIBUTION
2016-06-07,1244.4000244140625,177366,0.9807692307692308,0.0243661297301489,0.0126129056001853,-0.0154284354959484,-0.0119104333088915,0.9807692307692308,98.07692307692308,-0.012820512820512775,-0.019230769230769162,0.0,0.9679487179487181,-0.0064102564102563875,-0.2435897435897435,-0.015428435495948412,-0.011910433308891522,0.011378413298282375,0.1561831905229074,-0.015428435495948412,-0.011910433308891522,MM_DISTRIBUTION
2016-06-14,1285.5999755859375,229240,1.0,0.0331082854094884,0.0582811359170678,0.007365636086595,0.0260175383766461,1.0,100.0,0.0064102564102563875,0.0,0.012820512820512775,0.9935897435897436,0.012820512820512775,-0.07692307692307676,0.007365636086595018,0.02601753837664611,0.029963167663121126,0.20952107070901738,0.007365636086595018,0.02601753837664611,MM_NEUTRAL
2016-06-21,1270.5,250408,1.0,-0.0117454697205134,0.0209739433251996,0.0338513912926092,0.0227822008859581,1.0,100.0,0.038461538461538436,0.0064102564102563875,0.0,0.9807692307692308,0.07051282051282048,-0.08974358974358976,0.03385139129260928,0.02278220088595817,0.02824540717355739,0.18208033334688656,0.03385139129260928,0.02278220088595817,MM_CROWDED_EXPANSION
2016-06-28,1315.300048828125,261050,1.0,0.0352617464211924,0.0231021109257965,0.0827296641097017,0.0190595015006505,1.0,100.0,0.06410256410256399,0.0,0.012820512820512775,0.9871794871794872,0.12820512820512797,-0.02564102564102555,0.08272966410970173,0.0190595015006505,0.07074244764486481,0.22069610100058012,0.08272966410970173,0.0190595015006505,MM_NEUTRAL
2016-07-05,1356.4000244140625,273076,1.0,0.0312476043945681,0.0676111959181917,0.0900032126347283,0.0731861683782169,1.0,100.0,0.019230769230769162,0.0064102564102563875,0.0,0.9551282051282052,0.03205128205128194,-0.0064102564102563875,0.09000321263472832,0.0731861683782169,0.07702080206416495,0.2577893116712868,0.09000321263472832,0.0731861683782169,MM_CROWDED_EXPANSION
2016-07-12,1334.0999755859375,259129,0.9871794871794872,-0.0164406137029953,0.0142932608985777,0.0377255763231445,0.045369085276093,0.9871794871794872,98.71794871794873,-0.012820512820512775,-0.0064102564102563875,-0.012820512820512775,0.8974358974358976,-0.019230769230769162,-0.012820512820512775,0.03772557632314455,0.04536908527609307,0.06472464132955902,0.22890567942936402,0.03772557632314455,0.04536908527609307,MM_DISTRIBUTION
2016-07-19,1331.5,252397,0.9807692307692308,-0.001948861129988,-0.0183574343599844,0.0480125934671389,0.0834892778481772,0.9807692307692308,98.07692307692308,-0.019230769230769162,0.019230769230769273,-0.012820512820512775,0.8846153846153847,-0.0576923076923076,0.05769230769230771,0.04801259346713893,0.08348927784817728,0.07188862690252118,0.22167168563540796,0.04801259346713893,0.08348927784817728,MM_CROWDED_EXPANSION
2016-07-26,1320.699951171875,247421,0.967948717948718,-0.0081111895066654,-0.0100442430547059,0.004105452857362,0.0871747597029717,0.967948717948718,96.7948717948718,-0.03205128205128205,0.03205128205128194,-0.03205128205128205,0.8012820512820513,-0.09615384615384603,0.08333333333333315,0.00410545285736208,0.08717475970297173,0.023243202242908545,0.17740929719404774,0.00410545285736208,0.08717475970297173,MM_CROWDED_EXPANSION
2016-08-02,1364.4000244140625,254729,0.9807692307692308,0.0330885703474221,0.0247089931761641,0.0058979650958468,0.0964320135372089,0.9807692307692308,98.07692307692308,-0.019230769230769162,0.0,-0.012820512820512775,0.7371794871794873,-0.038461538461538325,0.019230769230769162,0.0058979650958468355,0.09643201353720898,0.0795157829406572,0.2103255258725596,0.0058979650958468355,0.09643201353720898,MM_NEUTRAL
2016-08-09,1339.0,245252,0.9551282051282052,-0.0186162591318996,0.0138563258156305,0.0036729064565872,0.0415370452925876,0.9551282051282052,95.51282051282051,-0.03205128205128205,-0.04487179487179482,-0.038461538461538436,0.326923076923077,-0.019230769230769273,-0.04487179487179482,0.003672906456587244,0.041537045292587615,0.04920862813892035,0.11704350925430895,0.003672906456587244,0.041537045292587615,MM_DISTRIBUTION
2016-08-16,1350.5,242727,0.9487179487179488,0.008588498879761,-0.0101876459728383,0.0142696207285017,0.0629673356946083,0.9487179487179488,94.87179487179488,-0.03205128205128205,-0.05128205128205121,-0.012820512820512775,0.17307692307692313,-0.012820512820512886,-0.0576923076923076,0.014269620728501797,0.06296733569460833,0.09895025890646902,0.11805610787623833,0.014269620728501797,0.06296733569460833,MM_DISTRIBUTION
2016-08-23,1340.5999755859375,253684,0.9743589743589745,-0.0073306363673176,0.0011949033502147,0.015067786135984,0.0192350990789924,0.9743589743589745,97.43589743589745,0.0064102564102564985,-0.02564102564102555,0.038461538461538436,0.05128205128205121,0.03846153846153855,-0.02564102564102555,0.01506778613598403,0.019235099078992457,0.10355607647461595,0.09678468627341719,0.01506778613598403,0.019235099078992457,MM_DISTRIBUTION
2016-08-30,1311.699951171875,231594,0.935897435897436,-0.021557530165873,-0.0287301361185672,-0.0386250896358781,-0.0329549339705276,0.935897435897436,93.5897435897436,-0.04487179487179482,-0.06410256410256399,-0.04487179487179482,0.03846153846153855,-0.02564102564102566,-0.07051282051282037,-0.038625089635878185,-0.03295493397052762,0.05408222873468782,0.0661626425369033,-0.038625089635878185,-0.03295493397052762,MM_DISTRIBUTION
2016-09-06,1349.4000244140625,269535,0.9935897435897436,0.0287413849550777,0.0065642615160266,0.0077670085243184,0.0114684424766631,0.9935897435897436,99.35897435897436,0.038461538461538436,0.0064102564102563875,-0.0064102564102563875,0.019230769230769162,0.07051282051282048,0.012820512820512775,0.007767008524318442,0.011468442476663121,0.04962667240176866,0.06917047026135581,0.007767008524318442,0.011468442476663121,MM_CROWDED_EXPANSION
2016-09-13,1319.0,242977,0.935897435897436,-0.0225285488839848,0.0055653343751389,-0.0233246945575712,-0.0093879083740142,0.935897435897436,93.5897435897436,-0.012820512820512775,-0.04487179487179482,-0.06410256410256399,-0.04487179487179482,0.019230769230769273,-0.0641025641025641,-0.023324694557571246,-0.009387908374014264,0.038173947264856345,0.07200908145960927,-0.023324694557571246,-0.009387908374014264,MM_DISTRIBUTION
2016-09-20,1313.699951171875,213147,0.903846153846154,-0.0040182326217779,-0.0264562565557157,-0.0200656608264558,-0.0053002197764819,0.903846153846154,90.3846153846154,-0.07051282051282048,-0.06410256410256399,-0.09615384615384603,-0.08333333333333326,-0.07692307692307698,-0.09615384615384592,-0.02006566082645589,-0.005300219776481985,-0.0012165267215458186,0.0524755668661141,-0.02006566082645589,-0.005300219776481985,MM_DISTRIBUTION
2016-09-27,1325.9000244140625,255177,0.9743589743589745,0.0092868034525726,0.0052312542942096,0.0108257023486972,-0.0282175310107706,0.9743589743589745,97.43589743589745,0.038461538461538436,-0.0064102564102563875,-0.02564102564102555,-0.02564102564102555,0.08333333333333326,-0.0064102564102563875,0.010825702348697286,-0.028217531010770625,-0.022485991927916227,0.07308194449041117,0.010825702348697286,-0.028217531010770625,MM_DISTRIBUTION
2016-10-04,1266.300048828125,200116,0.8782051282051282,-0.0449505803518449,-0.0360812241040789,-0.0615829065380528,-0.0542942129737676,0.8782051282051282,87.82051282051282,-0.11538461538461542,-0.07692307692307698,-0.10897435897435903,-0.10897435897435903,-0.15384615384615385,-0.03205128205128216,-0.06158290653805287,-0.054294212973767686,-0.050820724082567104,0.030853161560413067,-0.06158290653805287,-0.054294212973767686,MM_DISTRIBUTION
2016-10-11,1253.0,148793,0.8205128205128205,-0.0105030785084729,-0.0549815393858811,-0.0500379075056861,-0.0721954831543872,0.8205128205128205,82.05128205128204,-0.11538461538461553,-0.1282051282051283,-0.16025641025641035,-0.17948717948717952,-0.10256410256410275,-0.0769230769230771,-0.05003790750568615,-0.07219548315438729,-0.05895606458880964,-0.005081804263931233,-0.05003790750568615,-0.07219548315438729,MM_DISTRIBUTION
2016-10-18,1260.800048828125,130954,0.7884615384615384,0.0062250988253191,-0.0043433623848391,-0.0402678726573454,-0.0595255320088561,0.7884615384615384,78.84615384615384,-0.11538461538461553,-0.18589743589743601,-0.17948717948717952,-0.21153846153846156,-0.044871794871795045,-0.16025641025641046,-0.04026787265734544,-0.05952553200885613,-0.04535466385881215,0.006225098825319186,-0.04026787265734544,-0.05952553200885613,MM_DISTRIBUTION
2016-10-25,1271.9000244140625,143910,0.7948717948717948,0.0088039143052498,0.0150838183671688,-0.0407270525723563,-0.030342249172347,0.7948717948717948,79.48717948717949,-0.17948717948717963,-0.1410256410256412,-0.18589743589743601,-0.1987179487179488,-0.21794871794871806,-0.0769230769230772,-0.040727052572356315,-0.03034224917234707,-0.06779536671418918,0.02390925326809823,-0.040727052572356315,-0.03034224917234707,MM_DISTRIBUTION
2016-11-01,1286.4000244140625,166267,0.8461538461538461,0.0114002670977853,0.0203045483776209,0.0158729959811172,-0.0466874157849196,0.8461538461538461,84.61538461538461,-0.03205128205128205,-0.14743589743589747,-0.10897435897435903,-0.15384615384615385,0.08333333333333337,-0.15384615384615385,0.015872995981117244,-0.04668741578491964,-0.03928302881698098,-0.0033314689087176053,0.015872995981117244,-0.04668741578491964,MM_DISTRIBUTION
2016-11-08,1273.4000244140625,173637,0.8589743589743589,-0.0101057212012424,0.0011793379756328,0.0162809452626198,-0.0345716266762224,0.8589743589743589,85.8974358974359,0.038461538461538436,-0.0769230769230771,-0.08974358974358987,-0.1346153846153847,0.15384615384615397,-0.03205128205128227,0.016280945262619806,-0.03457162667622249,-0.057089948601212526,0.00751641729289787,0.016280945262619806,-0.03457162667622249,MM_DISTRIBUTION
2016-11-15,1224.0,134680,0.7756410256410257,-0.0387937988589196,-0.0485074807445568,-0.0291878548563901,-0.0682803946912374,0.7756410256410257,77.56410256410257,-0.012820512820512775,-0.1282051282051283,-0.1987179487179488,-0.21794871794871795,0.10256410256410275,-0.06410256410256432,-0.029187854856390194,-0.06828039469123748,-0.0869759642767225,-0.0409026431351468,-0.029187854856390194,-0.06828039469123748,MM_DISTRIBUTION
2016-11-22,1211.0,124389,0.7243589743589743,-0.0106209150326797,-0.0490026882501238,-0.0478811410056524,-0.086658135831047,0.7243589743589743,72.43589743589743,-0.07051282051282048,-0.2500000000000001,-0.21153846153846168,-0.23717948717948723,0.10897435897435914,-0.24358974358974372,-0.04788114100565244,-0.08665813583104709,-0.07677056866694976,-0.014565891495198935,-0.04788114100565244,-0.08665813583104709,MM_DISTRIBUTION
2016-11-29,1187.9000244140625,106941,0.6602564102564102,-0.0190751243484207,-0.029493444106158,-0.0765702721786447,-0.061912675820092,0.6602564102564102,66.02564102564102,-0.1858974358974359,-0.21794871794871795,-0.33333333333333337,-0.27564102564102577,-0.15384615384615385,-0.14102564102564097,-0.07657027217864476,-0.06191267582009208,-0.1196828198295955,-0.022143581933514067,-0.07657027217864476,-0.06191267582009208,MM_DISTRIBUTION
2016-12-06,1167.5999755859375,82318,0.5448717948717948,-0.0170890213072755,-0.0358381704492671,-0.0830846920054108,-0.0681564440654928,0.5448717948717948,54.48717948717948,-0.3141025641025641,-0.27564102564102566,-0.3910256410256412,-0.435897435897436,-0.35256410256410253,-0.14743589743589736,-0.0830846920054108,-0.06815644406549282,-0.11478394572711337,-0.06171652790210047,-0.0830846920054108,-0.06815644406549282,MM_DISTRIBUTION
2016-12-13,1156.699951171875,68718,0.4615384615384615,-0.009335409936603,-0.0262648982245597,-0.0549837000229779,-0.0825666986236302,0.4615384615384615,46.15384615384615,-0.31410256410256415,-0.3269230769230769,-0.44230769230769246,-0.5384615384615385,-0.3012820512820514,-0.1410256410256409,-0.05498370002297792,-0.0825666986236302,-0.1195097859750619,-0.10026448884717332,-0.05498370002297792,-0.0825666986236302,MM_DISTRIBUTION
2016-12-20,1131.5,53805,0.3782051282051282,-0.0217860743802612,-0.0309181023816152,-0.0656482246077622,-0.1103860537141996,0.3782051282051282,37.82051282051282,-0.34615384615384615,-0.41666666666666663,-0.5961538461538463,-0.6217948717948718,-0.27564102564102566,-0.27564102564102544,-0.0656482246077622,-0.11038605371419963,-0.1466174076736827,-0.10940574576938211,-0.0656482246077622,-0.11038605371419963,MM_DISTRIBUTION
2016-12-27,1137.300048828125,43366,0.3076923076923077,0.005125982172448,-0.016771767236694,-0.0425961567017361,-0.1159048295679646,0.3076923076923077,30.76923076923077,-0.35256410256410253,-0.5384615384615384,-0.5705128205128205,-0.6923076923076923,-0.16666666666666663,-0.39102564102564097,-0.04259615670173611,-0.11590482956796466,-0.10187159048077177,-0.135330337863661,-0.04259615670173611,-0.11590482956796466,MM_DISTRIBUTION
2017-01-03,1160.4000244140625,36557,0.2371794871794871,0.0203112411801438,0.0255413384127816,-0.0061664536848434,-0.0887388077850833,0.2371794871794871,23.71794871794871,-0.3076923076923077,-0.6217948717948718,-0.5833333333333334,-0.7628205128205129,0.0064102564102563875,-0.5448717948717947,-0.006166453684843476,-0.08873880778508336,-0.0739026141946828,-0.14450014484824858,-0.006166453684843476,-0.08873880778508336,MM_RESET
2017-01-10,1184.199951171875,55679,0.391025641025641,0.0205101053577021,0.0412379322343965,0.0237745319969446,-0.0325163797615399,0.391025641025641,39.1025641025641,-0.07051282051282048,-0.38461538461538464,-0.3974358974358974,-0.5961538461538463,0.24358974358974367,-0.25641025641025633,0.02377453199694468,-0.03251637976153998,-0.0607551512449952,-0.11236041313037748,0.02377453199694468,-0.03251637976153998,MM_DISTRIBUTION
2017-01-17,1212.0,58635,0.3974358974358974,0.0234758064299989,0.0444674030509371,0.0711444984533804,0.000825763831544,0.3974358974358974,39.743589743589745,0.019230769230769218,-0.3269230769230769,-0.3974358974358974,-0.5833333333333335,0.36538461538461536,-0.07692307692307682,0.07114449845338044,0.0008257638315440907,-0.04709491568856383,-0.08974840405557638,0.07114449845338044,0.0008257638315440907,MM_DISTRIBUTION
2017-01-24,1210.300048828125,59754,0.3974358974358974,-0.0014025999767945,0.0220402792876504,0.064187107065738,0.0188568262931987,0.3974358974358974,39.743589743589745,0.0897435897435897,-0.26282051282051283,-0.44871794871794873,-0.5705128205128205,0.44230769230769224,-0.04487179487179488,0.06418710706573805,0.018856826293198736,-0.05915731820714165,-0.08359196367486099,0.06418710706573805,0.018856826293198736,MM_DISTRIBUTION
2017-01-31,1208.5999755859375,69837,0.4679487179487179,-0.0014046708862266,-0.0028053006716687,0.0415373579436222,0.0351147660648287,0.4679487179487179,46.79487179487179,0.2307692307692308,-0.07692307692307693,-0.391025641025641,-0.512820512820513,0.5384615384615385,0.19871794871794873,0.04153735794362223,0.03511476606482877,-0.05088742546392033,-0.1141894210204466,0.04153735794362223,0.03511476606482877,MM_DISTRIBUTION
2017-02-07,1234.199951171875,70149,0.4679487179487179,0.0211815125790701,0.0197470886387975,0.042222599275165,0.067000953809571,0.4679487179487179,46.79487179487179,0.07692307692307687,0.0064102564102563875,-0.30769230769230776,-0.4871794871794873,0.14743589743589736,0.3333333333333333,0.04222259927516503,0.06700095380957105,0.008333293441074252,-0.0782674001703697,0.04222259927516503,0.06700095380957105,MM_EXPANSION
2017-02-14,1223.9000244140625,63625,0.4294871794871794,-0.0083454279414229,0.0126593158507284,0.0098185019918006,0.0816615328449514,0.4294871794871794,42.94871794871794,0.03205128205128199,0.05128205128205121,-0.29487179487179493,-0.5192307692307694,0.012820512820512775,0.46794871794871784,0.009818501991800677,0.08166153284495148,0.01065237358716975,-0.0937430400488245,0.009818501991800677,0.08166153284495148,MM_EXPANSION
2017-02-21,1237.5,78042,0.5064102564102564,0.0111119987863783,0.0026738364597986,0.0224737255841733,0.0881033560801489,0.5064102564102564,50.641025641025635,0.10897435897435898,0.19871794871794868,-0.15384615384615385,-0.46794871794871806,0.019230769230769273,0.7371794871794871,0.022473725584173376,0.08810335608014896,0.04175433501687387,-0.07690584623565688,0.022473725584173376,0.08810335608014896,MM_EXPANSION
2017-02-28,1252.5999755859375,114246,0.6858974358974359,0.0122020004734848,0.0234495878743159,0.0364057594645146,0.079455316470224,0.6858974358974359,68.58974358974359,0.217948717948718,0.4487179487179488,0.14102564102564108,-0.2500000000000001,-0.012820512820512803,1.0705128205128207,0.03640575946451463,0.07945531647022408,0.07279890525635246,-0.045056017218829236,0.03640575946451463,0.07945531647022408,MM_EXPANSION
2017-03-07,1215.0999755859375,90247,0.5769230769230769,-0.0299377301061005,-0.0181010298295454,-0.015475592563265,0.0260935869685554,0.5769230769230769,57.692307692307686,0.10897435897435898,0.18589743589743585,0.11538461538461536,-0.41666666666666674,0.032051282051282104,0.5705128205128205,-0.015475592563265028,0.02609358696855546,0.050488481783799166,-0.09952574951704252,-0.015475592563265028,0.02609358696855546,MM_EXPANSION
2017-03-14,1201.9000244140625,46374,0.3076923076923077,-0.0108632634656335,-0.0404757721220285,-0.0179753244228689,-0.0083333131897174,0.3076923076923077,30.76923076923077,-0.1217948717948717,-0.0897435897435897,-0.07051282051282048,-0.6282051282051283,-0.1538461538461537,0.23717948717948723,-0.017975324422868977,-0.008333313189717417,0.06221831587632565,-0.0887793598073825,-0.017975324422868977,-0.008333313189717417,MM_DISTRIBUTION
2017-03-21,1246.0999755859375,56195,0.3782051282051282,0.0367750647092488,0.0255123040267131,0.0069494752209595,0.0295793814042029,0.3782051282051282,37.82051282051282,-0.1282051282051282,-0.019230769230769218,0.07051282051282048,-0.5256410256410258,-0.23717948717948717,0.2435897435897436,0.006949475220959567,0.02957938140420291,0.09566510339107093,-0.05145769817958468,0.006949475220959567,0.02957938140420291,MM_DISTRIBUTION
2017-03-28,1255.300048828125,91043,0.6153846153846154,0.0073830939912036,0.0444296724597335,0.0021555750397683,0.0386398098506886,0.6153846153846154,61.53846153846154,-0.07051282051282048,0.14743589743589752,0.3782051282051283,-0.35897435897435903,-0.2884615384615385,0.22435897435897445,0.002155575039768376,0.0386398098506886,0.08178216340695244,-0.05324683180176937,0.002155575039768376,0.0386398098506886,MM_EXPANSION
2017-04-04,1255.0,109126,0.6794871794871795,-0.000239025584684,0.0071423036581614,0.0328368243072527,0.0168530624299372,0.6794871794871795,67.94871794871796,0.10256410256410264,0.21153846153846162,0.2884615384615385,-0.19871794871794868,-0.006410256410256332,0.20512820512820523,0.032836824307252765,0.016853062429937227,0.059787241806640745,-0.008923674004895132,0.032836824307252765,0.016853062429937227,MM_EXPANSION
2017-04-11,1271.199951171875,133011,0.7628205128205128,0.0129083276269921,0.0126662166217497,0.0576586449372915,0.0386468876658918,0.7628205128205128,76.28205128205127,0.45512820512820507,0.33333333333333337,0.36538461538461536,-0.05769230769230771,0.5769230769230768,0.28205128205128216,0.05765864493729156,0.03864688766589186,0.04884484420121704,0.014525100695830018,0.05765864493729156,0.03864688766589186,MM_EXPANSION
2017-04-18,1291.699951171875,151236,0.8076923076923077,0.0161264952701594,0.0292429889815737,0.0365941549469139,0.043797940340909,0.8076923076923077,80.76923076923077,0.4294871794871795,0.3012820512820513,0.4102564102564103,0.019230769230769273,0.5576923076923077,0.10256410256410264,0.03659415494691398,0.043797940340909,0.0672559688174561,0.024508170326032586,0.03659415494691398,0.043797940340909,MM_CROWDED_EXPANSION
2017-04-25,1265.5999755859375,160380,0.8333333333333334,-0.0202059120326347,-0.0044052673072989,0.0082051512444598,0.0103784131034481,0.8333333333333334,83.33333333333334,0.21794871794871795,0.14743589743589747,0.3653846153846155,0.03846153846153855,0.28846153846153844,-0.3012820512820513,0.008205151244459863,0.010378413103448114,0.04716200657903036,-0.004953257887566509,0.008205151244459863,0.010378413103448114,MM_CROWDED_EXPANSION
2017-05-02,1255.0999755859375,143611,0.7628205128205128,-0.008296460337034,-0.0283347348219163,7.966182146423861e-05,0.0329191019699521,0.7628205128205128,76.28205128205127,0.08333333333333326,0.1858974358974359,0.2948717948717949,-0.08333333333333337,-0.019230769230769384,5.551115123125783e-17,7.966182146423861e-05,0.03291910196995218,0.016934066797051672,-0.024331505157100475,7.966182146423861e-05,0.03291910196995218,MM_EXPANSION
2017-05-09,1214.300048828125,95962,0.6025641025641025,-0.0325073122073524,-0.0405340769179946,-0.0447607807814152,0.0103170181896847,0.6025641025641025,60.256410256410255,-0.16025641025641024,0.2948717948717948,0.17307692307692313,-0.2564102564102564,-0.6153846153846153,0.3846153846153845,-0.04476078078141521,0.010317018189684779,-0.007843757982220367,-0.04641116259843925,-0.04476078078141521,0.010317018189684779,MM_EXPANSION
2017-05-16,1235.0,65868,0.4487179487179487,0.0170468173758633,-0.0160146410460679,-0.0438956052606759,-0.0089077728941596,0.4487179487179487,44.87179487179487,-0.35897435897435903,0.07051282051282048,-0.05769230769230771,-0.326923076923077,-0.7884615384615385,0.0897435897435897,-0.04389560526067593,-0.008907772894159671,-0.002020202020202033,0.008986928104575131,-0.04389560526067593,-0.008907772894159671,MM_EXPANSION
2017-05-23,1254.800048828125,111048,0.6538461538461539,0.0160324282009109,0.0333525474524067,-0.0085334441894346,-0.0003983111451854,0.6538461538461539,65.38461538461539,-0.17948717948717952,0.038461538461538436,-0.03205128205128205,-0.07051282051282048,-0.39743589743589747,-0.10897435897435909,-0.008533444189434691,-0.0003983111451854038,0.0017564053050203032,0.03616849614213469,-0.008533444189434691,-0.0003983111451854038,MM_EXPANSION
2017-05-30,1262.0999755859375,124133,0.6923076923076923,0.0058176015888986,0.021943300069585,0.0055772449495363,0.0056573510644919,0.6923076923076923,69.23076923076923,-0.07051282051282048,0.012820512820512775,0.11538461538461542,0.03205128205128205,-0.15384615384615374,-0.19871794871794884,0.005577244949536375,0.0056573510644919445,0.038679944814693945,0.06246312791219477,0.005577244949536375,0.0056573510644919445,MM_EXPANSION
2017-06-06,1294.4000244140625,166049,0.8333333333333334,0.0255923060398837,0.0315587934690633,0.0659639070781878,0.0182505303125604,0.8333333333333334,83.33333333333334,0.23076923076923084,0.0705128205128206,0.5256410256410257,0.28846153846153855,0.3910256410256411,-0.2628205128205128,0.06596390707818789,0.01825053031256041,0.07696147609706117,0.10859887930752388,0.06596390707818789,0.01825053031256041,MM_CROWDED_EXPANSION
2017-06-13,1265.800048828125,147496,0.7692307692307693,-0.0220951599555816,0.0029316799887186,0.0249393107920039,-0.0200510206106709,0.7692307692307693,76.92307692307693,0.3205128205128206,-0.038461538461538436,0.3910256410256411,0.30769230769230776,0.6794871794871796,-0.33974358974358976,0.024939310792003955,-0.02005102061067099,0.015809384181172392,0.09432013682175633,0.024939310792003955,-0.02005102061067099,MM_DISTRIBUTION
2017-06-20,1241.0,99376,0.5833333333333334,-0.0195923904814863,-0.0412546534354673,-0.0109978070538114,-0.0194374020705463,0.5833333333333334,58.333333333333336,-0.07051282051282048,-0.25,-0.03205128205128205,0.20512820512820518,0.10897435897435903,-0.39743589743589747,-0.010997807053811481,-0.01943740207054634,-0.011391737649874778,0.09677419354838701,-0.010997807053811481,-0.01943740207054634,MM_DISTRIBUTION
2017-06-27,1246.4000244140625,72655,0.4679487179487179,0.0043513492458198,-0.0153262945692117,-0.0124395463715829,-0.0069316798192219,0.4679487179487179,46.79487179487179,-0.2243589743589744,-0.2948717948717949,-0.21153846153846162,0.1602564102564102,-0.1538461538461539,-0.4807692307692308,-0.012439546371582955,-0.0069316798192219364,-0.006852570187998008,0.09592892895621885,-0.012439546371582955,-0.0069316798192219364,MM_DISTRIBUTION
2017-07-03,1217.9000244140625,33689,0.2115384615384615,-0.0228658532106479,-0.0186140012779512,-0.0591007405416492,0.0029646507791971,0.2115384615384615,21.15384615384615,-0.6217948717948718,-0.391025641025641,-0.5512820512820513,-0.025641025641025578,-0.8525641025641026,-0.6858974358974359,-0.059100740541649266,0.0029646507791971644,-0.04192883008583914,0.0495518776199908,-0.059100740541649266,0.0029646507791971644,MM_RESET
2017-07-11,1213.5999755859375,23222,0.1666666666666666,-0.0035307075637787,-0.0263158281335436,-0.0412387985689479,-0.0173279549911437,0.1666666666666666,16.66666666666666,-0.6025641025641026,-0.28205128205128205,-0.6410256410256411,-0.22435897435897442,-0.9230769230769232,-0.35256410256410253,-0.041238798568947965,-0.0173279549911437,-0.0604629391795537,0.0248269089903006,-0.041238798568947965,-0.0173279549911437,MM_RESET
2017-07-18,1241.0999755859375,28913,0.1858974358974359,0.0226598554327777,0.0190491425460284,8.056050438165485e-05,-0.0109181325383133,0.1858974358974359,18.58974358974359,-0.39743589743589747,-0.46794871794871795,-0.6474358974358975,-0.2115384615384615,-0.326923076923077,-0.5064102564102564,8.056050438165485e-05,-0.010918132538313308,-0.019358407453079485,0.024009880846483034,8.056050438165485e-05,-0.010918132538313308,MM_RESET
2017-07-25,1251.699951171875,73624,0.5,0.0085407910679662,0.0313941795916257,0.0042521876235552,-0.0082402540331515,0.5,50.0,0.032051282051282104,-0.1923076923076923,-0.2628205128205128,0.10256410256410259,0.2564102564102565,-0.20512820512820507,0.004252187623555281,-0.00824025403315154,-0.0027089669988044074,0.03420631304099797,0.004252187623555281,-0.00824025403315154,MM_DISTRIBUTION
2017-08-01,1272.5999755859375,118458,0.6858974358974359,0.0166973118393871,0.0253807111591704,0.0449133344899894,-0.016841817380213,0.6858974358974359,68.58974358974359,0.4743589743589744,-0.14743589743589747,0.08333333333333337,0.217948717948718,1.0961538461538463,-0.21794871794871806,0.044913334489989465,-0.016841817380213064,0.04801113762127862,0.0529538319483851,0.044913334489989465,-0.016841817380213064,MM_DISTRIBUTION
2017-08-08,1256.4000244140625,135985,0.7435897435897436,-0.0127298062884341,0.0037549520057,0.0352670152349505,-0.0074261526713994,0.7435897435897436,74.35897435897436,0.576923076923077,-0.02564102564102566,0.29487179487179493,0.2756410256410257,1.1794871794871797,0.012820512820512775,0.03526701523495057,-0.007426152671399455,0.017327954991143812,0.017987420288834377,0.03526701523495057,-0.007426152671399455,MM_DISTRIBUTION
2017-08-15,1273.699951171875,176556,0.8653846153846154,0.0137694415963423,0.0008643529836869,0.0262670020362756,0.0263496786235899,0.8653846153846154,86.53846153846155,0.6794871794871795,0.28205128205128205,0.21153846153846156,0.435897435897436,1.076923076923077,0.532051282051282,0.026267002036275633,0.026349678623589945,0.015062082888346096,0.040689538168490635,0.026267002036275633,0.026349678623589945,MM_CROWDED_EXPANSION
2017-08-22,1285.0999755859375,194079,0.8717948717948718,0.0089503217799244,0.0228430043092839,0.0266837306998315,0.0310493825528188,0.8717948717948718,87.17948717948718,0.3717948717948718,0.4038461538461539,0.17948717948717952,0.3653846153846154,0.3397435897435897,0.6987179487179488,0.026683730699831543,0.03104938255281886,0.018223595947161053,0.03846462673611106,0.026683730699831543,0.03104938255281886,MM_CROWDED_EXPANSION
2017-08-29,1313.0999755859375,221126,0.903846153846154,0.0217881881036015,0.0309335211780548,0.0318246116430678,0.0781672955607961,0.903846153846154,90.3846153846154,0.21794871794871806,0.6923076923076925,0.0705128205128206,0.21794871794871806,-0.25641025641025633,1.0833333333333335,0.031824611643067824,0.07816729556079616,0.014446809965365848,0.04829953790450903,0.031824611643067824,0.07816729556079616,MM_CROWDED_EXPANSION
2017-09-05,1339.199951171875,237188,0.9166666666666666,0.0198766096041476,0.0420978730166661,0.0659025192206814,0.1034937196050096,0.9166666666666666,91.66666666666666,0.17307692307692302,0.75,0.14743589743589736,0.33974358974358976,-0.40384615384615397,1.032051282051282,0.06590251922068147,0.10349371960500964,0.05798696438011941,0.10213149376955166,0.06590251922068147,0.10349371960500964,MM_CROWDED_EXPANSION
2017-09-12,1328.0,253517,0.9551282051282052,-0.0083631657558488,0.0113472124675151,0.0426317428827456,0.0700185529961323,0.9551282051282052,95.51282051282051,0.08974358974358976,0.7692307692307693,0.3717948717948718,0.6474358974358975,-0.5897435897435898,1.2371794871794872,0.04263174288274563,0.07001855299613235,0.07010475423045937,0.10491719196645533,0.04263174288274563,0.07001855299613235,MM_CROWDED_EXPANSION
2017-09-19,1306.199951171875,233382,0.903846153846154,-0.0164156994187688,-0.0246415779593802,0.0164189370374214,0.0435407862315371,0.903846153846154,90.3846153846154,0.03205128205128216,0.40384615384615397,0.43589743589743607,0.5256410256410258,-0.33974358974358965,0.5961538461538463,0.016418937037421477,0.04354078623153712,0.04797811744742608,0.04823046044734691,0.016418937037421477,0.04354078623153712,MM_CROWDED_EXPANSION
2017-09-26,1297.0,195976,0.8461538461538461,-0.0070432946836517,-0.0233433734939758,-0.0122610432452054,0.0191733654582446,0.8461538461538461,84.61538461538461,-0.05769230769230782,0.16025641025641024,0.6346153846153846,0.23076923076923073,-0.2756410256410259,0.3076923076923077,-0.012261043245205494,0.019173365458244662,0.06494783972435902,0.033219110610888336,-0.012261043245205494,0.019173365458244662,MM_CROWDED_EXPANSION
2017-10-03,1271.5,179444,0.8333333333333334,-0.0196607555898227,-0.026565573778152,-0.0505525340802422,0.0120184457915619,0.8333333333333334,83.33333333333334,-0.08333333333333326,0.08974358974358976,0.6666666666666667,0.15384615384615385,-0.2564102564102563,0.11538461538461542,-0.050552534080242295,0.012018445791561971,0.04770931573734405,0.013147410358565814,-0.050552534080242295,0.012018445791561971,MM_CROWDED_EXPANSION
2017-10-10,1290.5999755859375,171330,0.7948717948717948,0.0150216087974341,-0.0049344829715207,-0.0281626689864928,0.0132684502331286,0.7948717948717948,79.48717948717949,-0.16025641025641035,-0.0705128205128206,0.6089743589743589,0.03205128205128205,-0.2500000000000001,-0.35256410256410264,-0.02816266898649289,0.013268450233128615,0.03988397467869609,0.015261190339236785,-0.02816266898649289,0.013268450233128615,MM_DISTRIBUTION
2017-10-17,1283.0,169515,0.782051282051282,-0.0058887151167712,0.0090444357058592,-0.0177614086963185,-0.0016340951099776,0.782051282051282,78.2051282051282,-0.12179487179487192,-0.08974358974358976,0.28205128205128205,-0.02564102564102566,-0.15384615384615408,-0.49358974358974367,-0.017761408696318592,-0.0016340951099776957,0.025006031836001252,-0.006735272509673873,-0.017761408696318592,-0.0016340951099776957,MM_DISTRIBUTION
2017-10-24,1275.0,168368,0.7756410256410257,-0.0062353858144972,-0.0120873825205637,-0.0169622205088666,-0.0290152892348781,0.7756410256410257,77.56410256410257,-0.07051282051282048,-0.1282051282051283,0.08974358974358976,-0.05769230769230771,-0.012820512820512664,-0.8205128205128208,-0.016962220508866643,-0.029015289234878172,0.0018859220965783408,0.007427326639849685,-0.016962220508866643,-0.029015289234878172,MM_DISTRIBUTION
2017-10-31,1267.0,165965,0.7564102564102564,-0.0062745098039215,-0.0124707716289945,-0.0035391270153362,-0.0539127492565214,0.7564102564102564,75.64102564102564,-0.07692307692307698,-0.16025641025641024,0.012820512820512775,-0.0064102564102563875,0.0064102564102562765,-0.9102564102564102,-0.0035391270153362075,-0.05391274925652145,0.00843678397004255,0.009481335866098561,-0.0035391270153362075,-0.05391274925652145,MM_DISTRIBUTION
2017-11-07,1273.699951171875,170712,0.7884615384615384,0.0052880435452842,-0.0010196461397058,-0.0130947038073434,-0.0408885909850338,0.7884615384615384,78.84615384615384,-0.0064102564102563875,-0.16666666666666674,-0.07692307692307698,0.1858974358974359,0.15384615384615397,-0.935897435897436,-0.013094703807343455,-0.040888590985033835,0.0,0.048916989175018744,-0.013094703807343455,-0.040888590985033835,MM_DISTRIBUTION
2017-11-14,1281.5,176098,0.8141025641025641,0.0061239295965651,0.011444356748224,-0.0011691348402181,-0.0189097780548185,0.8141025641025641,81.41025641025641,0.03205128205128205,-0.08974358974358987,-0.05769230769230771,0.3653846153846154,0.15384615384615397,-0.49358974358974383,-0.001169134840218189,-0.018909778054818527,-0.0028013194726707047,0.03765182186234828,-0.001169134840218189,-0.018909778054818527,MM_DISTRIBUTION
2017-11-21,1281.0999755859375,173155,0.7948717948717948,-0.0003121532688743,0.0058098647230488,0.0047842945772058,-0.0122590781912587,0.7948717948717948,79.48717948717949,0.019230769230769162,-0.05128205128205132,-0.10897435897435914,0.14102564102564097,0.08974358974358965,-0.21153846153846156,0.004784294577205861,-0.01225907819125871,-0.024369812348614794,0.020959456275423616,0.004784294577205861,-0.01225907819125871,MM_DISTRIBUTION
2017-11-28,1294.699951171875,198540,0.8461538461538461,0.0106158581259181,0.0103003910822279,0.0218626291806431,0.0182461275437475,0.8461538461538461,84.61538461538461,0.08974358974358976,0.012820512820512775,-0.07051282051282048,0.15384615384615385,0.16666666666666674,-0.07692307692307698,0.02186262918064319,0.018246127543747548,-0.033228794520982485,0.02582994708545394,0.02186262918064319,0.018246127543747548,MM_CROWDED_EXPANSION
2017-12-05,1261.5999755859375,134510,0.6282051282051282,-0.02556575023887,-0.0152212944903704,-0.0094998634292203,-0.022470169338748,0.6282051282051282,62.82051282051282,-0.16025641025641024,-0.16666666666666663,-0.326923076923077,-0.20512820512820518,-0.15384615384615385,-0.09615384615384603,-0.009499863429220379,-0.022470169338748014,-0.05000001838408319,-0.025339963079012318,-0.009499863429220379,-0.022470169338748014,MM_DISTRIBUTION
2017-12-12,1238.5,76226,0.4166666666666667,-0.0183100634376668,-0.0434077031678317,-0.0335544284042138,-0.034684333593141,0.4166666666666667,41.66666666666667,-0.3974358974358974,-0.36538461538461536,-0.4871794871794873,-0.3525641025641026,-0.42948717948717946,-0.2756410256410256,-0.033554428404213854,-0.03468433359314105,-0.051829699665152384,-0.0215674259559393,-0.033554428404213854,-0.03468433359314105,MM_DISTRIBUTION
2017-12-19,1260.699951171875,81245,0.4487179487179487,0.0179248697390996,-0.0007133992006019,-0.0159238348316509,-0.0112157245710784,0.4487179487179487,44.87179487179487,-0.34615384615384615,-0.326923076923077,-0.39743589743589747,-0.1346153846153847,-0.3653846153846153,-0.19871794871794868,-0.01592383483165094,-0.011215724571078445,-0.027987701486603678,0.015874255577659202,-0.01592383483165094,-0.011215724571078445,MM_DISTRIBUTION
2017-12-26,1284.0999755859375,107758,0.5256410256410257,0.0185611369242231,0.0368187126248991,-0.0081872062915759,0.013496429033889,0.5256410256410257,52.56410256410257,-0.3205128205128205,-0.23076923076923073,-0.3076923076923077,0.057692307692307765,-0.41025641025641024,-0.07051282051282048,-0.008187206291575988,0.013496429033889035,0.009909536441948585,0.03024707191384879,-0.008187206291575988,0.013496429033889035,MM_DISTRIBUTION
2018-01-02,1313.699951171875,148174,0.6666666666666666,0.0230511456652204,0.0420401380603958,0.0412967474589083,0.0314045705687573,0.6666666666666666,66.66666666666666,0.038461538461538436,-0.1217948717948718,-0.1282051282051282,0.4551282051282051,0.19871794871794868,0.044871794871794934,0.04129674745890832,0.03140457056875734,0.01789863321161933,0.07865992678988754,0.04129674745890832,0.03140457056875734,MM_DISTRIBUTION
2018-01-09,1311.699951171875,196050,0.8397435897435898,-0.0015224176557332,0.0214936345383416,0.0591037151165725,0.0235660953350564,0.8397435897435898,83.97435897435898,0.4230769230769231,0.02564102564102566,0.05769230769230771,0.6730769230769231,0.8205128205128205,0.11538461538461553,0.05910371511657253,0.02356609533505649,0.022369408551734304,0.0808338641722317,0.05910371511657253,0.02356609533505649,MM_CROWDED_EXPANSION
2018-01-16,1335.4000244140625,201532,0.8525641025641025,0.0180682123385107,0.0165182873173057,0.0592528564570424,0.0423854889258661,0.8525641025641025,85.25641025641025,0.40384615384615385,0.05769230769230771,0.07692307692307687,0.6666666666666666,0.75,0.10897435897435903,0.05925285645704248,0.04238548892586613,0.04737256816789226,0.07598102544769203,0.05925285645704248,0.04238548892586613,MM_CROWDED_EXPANSION
2018-01-23,1335.699951171875,209536,0.8525641025641025,0.0002245969389913,0.0182968673426864,0.040183768060888,0.0316675689706249,0.8525641025641025,85.25641025641025,0.32692307692307687,0.0064102564102563875,0.09615384615384615,0.35256410256410253,0.6474358974358974,-0.0064102564102563875,0.04018376806088808,0.03166756897062495,0.05422253446872527,0.06710873474218548,0.04018376806088808,0.03166756897062495,MM_CROWDED_EXPANSION
2018-01-30,1335.4000244140625,207562,0.8461538461538461,-0.0002245465065333,0.0,0.0165182873173057,0.0584971863160106,0.8461538461538461,84.61538461538461,0.17948717948717952,0.21794871794871795,0.05769230769230771,0.16025641025641024,0.14102564102564108,0.3846153846153846,0.016518287317305758,0.05849718631601064,0.04844160760579452,0.04934783123754993,0.016518287317305758,0.05849718631601064,MM_CROWDED_EXPANSION
2018-02-06,1326.0999755859375,182929,0.8012820512820513,-0.0069642419186007,-0.0071872246289408,0.0109781390181478,0.0707307029357589,0.8012820512820513,80.12820512820514,-0.038461538461538436,0.38461538461538464,-0.012820512820512775,0.05769230769230771,-0.4615384615384615,0.75,0.010978139018147814,0.0707307029357589,0.03480294622390745,0.05547592312757277,0.010978139018147814,0.0707307029357589,MM_CROWDED_EXPANSION
2018-02-13,1328.0999755859375,169757,0.7243589743589743,0.0015081819145017,-0.0054665633478089,-0.0054665633478089,0.0534623836158725,0.7243589743589743,72.43589743589743,-0.1282051282051282,0.27564102564102566,-0.07051282051282048,-0.14102564102564108,-0.532051282051282,0.6025641025641026,-0.005466563347808928,0.05346238361587252,0.036687222617816095,0.04271023514133887,-0.005466563347808928,0.05346238361587252,MM_EXPANSION
2018-02-20,1328.800048828125,175455,0.7692307692307693,0.0005271239026103,0.0020361008158487,-0.0051657577270227,0.0348104307235039,0.7692307692307693,76.92307692307693,-0.08333333333333326,0.2435897435897436,-0.07692307692307687,-0.10256410256410253,-0.41025641025641013,0.47435897435897434,-0.005165757727022768,0.03481043072350398,0.026338224254496057,0.03400519342649777,-0.005165757727022768,0.03481043072350398,MM_EXPANSION
2018-02-27,1315.5,150019,0.6474358974358975,-0.0100090670826317,-0.0094872191985234,-0.014901920061589,0.0013702130585597,0.6474358974358975,64.74358974358975,-0.19871794871794868,-0.019230769230769162,0.019230769230769273,-0.2564102564102565,-0.3782051282051282,0.10256410256410264,-0.01490192006158908,0.0013702130585597772,0.04272354586011251,0.0018277545188374322,-0.01490192006158908,0.0013702130585597772,MM_DISTRIBUTION
2018-03-06,1333.5999755859375,150706,0.6474358974358975,0.0137590084271663,0.0036122265061968,0.0056556821793818,0.0166959100627372,0.6474358974358975,64.74358974358975,-0.15384615384615385,-0.1923076923076923,0.23076923076923078,-0.26923076923076916,-0.11538461538461542,-0.21794871794871795,0.005655682179381838,0.016695910062737296,0.07678641549126963,-0.004181582877924361,0.005655682179381838,0.016695910062737296,MM_DISTRIBUTION
2018-03-13,1325.9000244140625,135865,0.5833333333333334,-0.0057738087228832,0.0079057578214081,-0.0016564650344974,-0.0071139732112618,0.5833333333333334,58.333333333333336,-0.14102564102564097,-0.26923076923076916,0.1346153846153847,-0.3717948717948718,-0.012820512820512775,-0.32692307692307687,-0.0016564650344974563,-0.007113973211261837,0.051717360012254465,-0.001581306917121661,-0.0016564650344974563,-0.007113973211261837,MM_DISTRIBUTION
2018-03-20,1311.0999755859375,111807,0.5,-0.0111622660499349,-0.0168716259837319,-0.0133203436121163,-0.0184172916711981,0.5,50.0,-0.2692307692307693,-0.35256410256410253,-0.02564102564102566,-0.40384615384615397,-0.18589743589743601,-0.3589743589743589,-0.013320343612116314,-0.0184172916711981,0.021026400212864838,0.0037513585953408146,-0.013320343612116314,-0.0184172916711981,MM_DISTRIBUTION
2018-03-27,1341.300048828125,162163,0.6794871794871795,0.0230341498013459,0.0116147704430942,0.0196123518267767,0.0044181700660455,0.6794871794871795,67.94871794871796,0.03205128205128205,-0.16666666666666663,0.012820512820512886,-0.16666666666666663,0.23076923076923073,-0.3846153846153846,0.019612351826776786,0.0044181700660455014,0.0210094379859187,0.03415578167164601,0.019612351826776786,0.0044181700660455014,MM_DISTRIBUTION
2018-04-03,1332.800048828125,126642,0.532051282051282,-0.0063371353840077,0.0165510438915916,-0.0005998251143196,0.0050524646448524,0.532051282051282,53.205128205128204,-0.11538461538461542,-0.2692307692307693,-0.3076923076923077,-0.3012820512820513,0.038461538461538436,-0.653846153846154,-0.0005998251143196631,0.005052464644852428,0.01608607032225562,0.048210813077565806,-0.0005998251143196631,0.005052464644852428,MM_DISTRIBUTION
2018-04-10,1342.0,125562,0.5256410256410257,0.0069027242158072,0.0005218453339255,0.0121426768907801,0.010466097936588,0.5256410256410257,52.56410256410257,-0.05769230769230771,-0.19871794871794868,-0.32692307692307687,-0.26923076923076916,0.08333333333333326,-0.47435897435897434,0.01214267689078019,0.010466097936588037,0.004942321001404348,0.0398264569861988,0.01214267689078019,0.010466097936588037,MM_DISTRIBUTION
2018-04-17,1347.199951171875,132638,0.5512820512820513,0.0038747773262854,0.0108042480613737,0.0275341135368447,0.0138470060713626,0.5512820512820513,55.12820512820513,0.05128205128205132,-0.21794871794871795,-0.3012820512820512,-0.23076923076923073,0.3205128205128206,-0.46153846153846156,0.027534113536844762,0.013847006071362689,0.00860971806573052,0.050038933103565775,0.027534113536844762,0.013847006071362689,MM_DISTRIBUTION
2018-04-24,1331.4000244140625,99661,0.4294871794871794,-0.0117279745624016,-0.0078986405260339,-0.0073809170608112,0.0120866776237646,0.4294871794871794,42.94871794871794,-0.2500000000000001,-0.21794871794871806,-0.41666666666666674,-0.34615384615384626,-0.28205128205128216,-0.1987179487179489,-0.007380917060811232,0.012086677623764697,-0.002995357141583943,0.04423531326593144,-0.007380917060811232,0.012086677623764697,MM_DISTRIBUTION
2018-05-01,1303.800048828125,39317,0.2051282051282051,-0.0207300398676828,-0.0322148930498388,-0.0217587026842461,-0.0223454763822408,0.2051282051282051,20.51282051282051,-0.326923076923077,-0.4423076923076924,-0.5961538461538463,-0.5512820512820513,-0.21153846153846156,-0.2500000000000001,-0.02175870268424618,-0.022345476382240825,-0.016816173115423827,0.029045026699388243,-0.02175870268424618,-0.022345476382240825,MM_RESET
2018-05-08,1312.0,41639,0.2307692307692307,0.0062892704899384,-0.0145711462057395,-0.022354694485842,-0.0104834634271955,0.2307692307692307,23.07692307692307,-0.29487179487179493,-0.35256410256410264,-0.4935897435897436,-0.5576923076923077,-0.23717948717948723,-0.08333333333333348,-0.02235469448584204,-0.010483463427195527,-0.012122562971085382,0.030069914655242558,-0.02235469448584204,-0.010483463427195527,MM_RESET
2018-05-15,1288.9000244140625,18998,0.141025641025641,-0.0176066887087937,-0.0114281514465771,-0.0432748878198071,-0.0169323099574871,0.141025641025641,14.1025641025641,-0.41025641025641035,-0.35897435897435903,-0.6282051282051283,-0.6730769230769231,-0.4615384615384617,-0.0064102564102564985,-0.04327488781980715,-0.01693230995748718,-0.030027109382822936,0.005774502078862653,-0.04327488781980715,-0.01693230995748718,MM_RESET
2018-05-22,1291.699951171875,16531,0.1282051282051282,0.0021723381990665,-0.0154725981921683,-0.0298182909074672,-0.0369791216361953,0.1282051282051282,12.82051282051282,-0.3012820512820512,-0.5512820512820513,-0.5192307692307693,-0.6666666666666666,-0.0512820512820511,-0.3846153846153847,-0.029818290907467238,-0.03697912163619532,-0.018092017353192658,0.008274120512014926,-0.029818290907467238,-0.03697912163619532,MM_RESET
2018-05-29,1298.699951171875,54001,0.2756410256410256,0.0054192151928544,0.0076033257600933,-0.0039117176447677,-0.0255853064277966,0.2756410256410256,27.564102564102562,0.07051282051282051,-0.25641025641025644,-0.37179487179487186,-0.5705128205128205,0.39743589743589747,0.01282051282051283,-0.0039117176447677204,-0.02558530642779666,-0.026169784832763443,0.0030895189239634746,-0.0039117176447677204,-0.02558530642779666,MM_RESET
2018-06-05,1297.5,50880,0.2628205128205128,-0.0009239633610459,0.0044902446755246,-0.0110518292682927,-0.0331594634873323,0.2628205128205128,26.282051282051277,0.032051282051282076,-0.2628205128205129,-0.3205128205128206,-0.3653846153846154,0.326923076923077,-0.06410256410256421,-0.011051829268292734,-0.03315946348733234,-0.021419431247550524,0.028455948881410675,-0.011051829268292734,-0.03315946348733234,MM_RESET
2018-06-12,1295.0999755859375,55504,0.2756410256410256,-0.001849729798892,-0.0027719840773761,0.0048102653847752,-0.0386727861299414,0.2756410256410256,27.564102564102562,0.1346153846153846,-0.2756410256410257,-0.2243589743589744,-0.14102564102564108,0.5448717948717949,-0.057692307692307765,0.0048102653847752475,-0.038672786129941406,-0.012203493477184746,0.045700424372981496,0.0048102653847752475,-0.038672786129941406,MM_RESET
2018-06-19,1275.5999755859375,10528,0.1217948717948717,-0.0150567526581704,-0.0168786315329961,-0.0124641760428426,-0.0419108065231424,0.1217948717948717,12.17948717948717,-0.0064102564102564985,-0.3076923076923077,-0.5576923076923078,-0.326923076923077,0.2948717948717947,-0.08974358974358965,-0.012464176042842667,-0.041910806523142496,-0.04898238339705474,0.011818850631517996,-0.012464176042842667,-0.041910806523142496,MM_RESET
2018-06-26,1256.5999755859375,-24,0.0897435897435897,-0.0148949516805003,-0.0297274347353621,-0.0324170148369904,-0.0362019262728297,0.0897435897435897,8.974358974358971,-0.1858974358974359,-0.11538461538461539,-0.44230769230769235,-0.43589743589743596,-0.2564102564102564,0.326923076923077,-0.03241701483699044,-0.0362019262728297,-0.057172922006708427,-0.021415777994584606,-0.03241701483699044,-0.0362019262728297,MM_RESET
2018-07-03,1251.5999755859375,-1254,0.0833333333333333,-0.0039789910052071,-0.0188146758069478,-0.0353757413595857,-0.046036603974133,0.0833333333333333,8.33333333333333,-0.17948717948717946,-0.1474358974358974,-0.44230769230769235,-0.5833333333333334,-0.21153846153846154,0.20512820512820523,-0.035375741359585766,-0.046036603974133006,-0.06736216424296759,-0.04727104962631823,-0.035375741359585766,-0.046036603974133006,MM_RESET
2018-07-10,1253.800048828125,-2527,0.0833333333333333,0.0017578086330318,-0.0022281766769149,-0.0318893734355352,-0.027232504399939,0.0833333333333333,8.33333333333333,-0.1923076923076923,-0.057692307692307696,-0.467948717948718,-0.7564102564102565,-0.32692307692307687,0.3012820512820513,-0.03188937343553522,-0.027232504399939073,-0.06932890864678642,-0.044141118014087044,-0.03188937343553522,-0.027232504399939073,MM_RESET
2018-07-17,1225.699951171875,-26449,0.0192307692307692,-0.0224119449369251,-0.0206935322141863,-0.0391188659212237,-0.0510954575326279,0.0192307692307692,1.92307692307692,-0.10256410256410249,-0.10897435897435899,-0.4102564102564102,-0.8333333333333334,-0.09615384615384599,0.44230769230769235,-0.03911886592122371,-0.0510954575326279,-0.07939016922333708,-0.0821477244545663,-0.03911886592122371,-0.0510954575326279,MM_RESET
2018-07-24,1223.9000244140625,-36422,0.0064102564102564,-0.0014684888875875,-0.0238475221324235,-0.0260225623167208,-0.0575960033649937,0.0064102564102564,0.64102564102564,-0.0833333333333333,-0.2692307692307692,-0.1987179487179487,-0.8461538461538461,0.1025641025641026,-0.012820512820512775,-0.026022562316720843,-0.05759600336499371,-0.0612824217071305,-0.08370137818731294,-0.026022562316720843,-0.05759600336499371,MM_RESET
2018-07-31,1223.699951171875,-42528,0.0064102564102564,-0.0001634718834843,-0.0016317207144275,-0.0222914868634453,-0.0568786503492292,0.0064102564102564,0.64102564102564,-0.0769230769230769,-0.2564102564102564,-0.2243589743589743,-0.8397435897435898,0.10256410256410256,0.0064102564102564985,-0.022291486863445398,-0.05687865034922923,-0.06730186648485137,-0.08364540302535828,-0.022291486863445398,-0.05687865034922923,MM_RESET
2018-08-07,1209.5999755859375,-66116,0.0064102564102564,-0.011522412477368,-0.0116840007703824,-0.035252888435839,-0.0660180693473625,0.0064102564102564,0.64102564102564,-0.0769230769230769,-0.2692307692307692,-0.1346153846153846,-0.7948717948717949,0.11538461538461539,0.0064102564102564985,-0.03525288843583907,-0.06601806934736254,-0.0615253683963386,-0.08785159651973029,-0.03525288843583907,-0.06601806934736254,MM_RESET
2018-08-14,1193.0,-83324,0.0064102564102564,-0.0137235250669515,-0.0250878094278546,-0.026678593843959,-0.0647538234296342,0.0064102564102564,0.64102564102564,-0.012820512820512801,-0.1153846153846153,-0.12179487179487179,-0.717948717948718,0.08974358974358969,0.1923076923076924,-0.026678593843959097,-0.0647538234296342,-0.07641089641780274,-0.10172425123818973,-0.026678593843959097,-0.0647538234296342,MM_RESET
2018-08-21,1192.5999755859375,-90028,0.0064102564102564,-0.0003353096513516,-0.0140542330878975,-0.0255740241880538,-0.0509310848666518,0.0064102564102564,0.64102564102564,0.0,-0.0833333333333333,-0.2692307692307692,-0.7628205128205129,0.0833333333333333,0.03205128205128209,-0.02557402418805388,-0.05093108486665188,-0.08169706596985604,-0.10249854623523158,-0.02557402418805388,-0.05093108486665188,MM_RESET
2018-08-28,1207.4000244140625,-75772,0.0192307692307692,0.0124099020049481,0.0120704311936818,-0.0133201989116717,-0.0353147587360592,0.0192307692307692,1.92307692307692,0.012820512820512801,-0.0641025641025641,-0.24358974358974358,-0.6282051282051283,0.0897435897435897,0.08333333333333331,-0.013320198911671799,-0.03531475873605927,-0.06944121432442196,-0.08217405973845493,-0.013320198911671799,-0.03531475873605927,MM_RESET
2018-09-04,1192.699951171875,-82722,0.0192307692307692,-0.0121749817334327,8.382994129130239e-05,-0.0139715813121408,-0.0487319311507107,0.0192307692307692,1.92307692307692,0.012820512820512801,-0.0641025641025641,-0.2564102564102564,-0.6282051282051283,0.0897435897435897,-0.006410256410256401,-0.013971581312140824,-0.04873193115071073,-0.07906727383554624,-0.10565388946723397,-0.013971581312140824,-0.04873193115071073,MM_RESET
2018-09-11,1195.4000244140625,-75219,0.032051282051282,0.0022638327766633,-0.0099387110794729,0.0020117555859702,-0.0247205090681803,0.032051282051282,3.2051282051282,0.0256410256410256,0.0128205128205128,-0.0897435897435897,-0.5512820512820513,0.0384615384615384,0.12179487179487179,0.0020117555859702207,-0.024720509068180352,-0.06287233670966141,-0.09842371038319431,0.0020117555859702207,-0.024720509068180352,MM_ACCUMULATION
2018-09-18,1196.800048828125,-82463,0.0256410256410256,0.0011711764977992,0.0034376606222055,0.0035217787423851,-0.0221423115004115,0.0256410256410256,2.56410256410256,0.019230769230769197,0.019230769230769197,-0.0641025641025641,-0.4743589743589744,0.019230769230769197,0.28846153846153844,0.0035217787423851288,-0.02214231150041157,-0.047588674136276765,-0.08717865066447827,0.0035217787423851288,-0.02214231150041157,MM_ACCUMULATION
2018-09-25,1200.0,-83677,0.0128205128205128,0.0026737558834564,0.0038480638213072,-0.0061288920527011,-0.0193674529031228,0.0128205128205128,1.28205128205128,-0.006410256410256401,0.0064102564102564,-0.0705128205128205,-0.6666666666666667,-0.019230769230769204,0.2628205128205128,-0.006128892052701174,-0.019367452903122806,-0.04122721044459987,-0.10534559284596823,-0.006128892052701174,-0.019367452903122806,MM_ACCUMULATION
2018-10-02,1202.4000244140625,-79603,0.0384615384615384,0.002000020345052,0.004679123794673,0.0081328696564939,-0.0059523407053536,0.0384615384615384,3.84615384615384,0.0192307692307692,0.032051282051282,-0.0448717948717949,-0.49358974358974367,0.0064102564102564,0.3012820512820512,0.008132869656493957,-0.005952340705353665,-0.04099539193837487,-0.09783915038772528,0.008132869656493957,-0.005952340705353665,MM_ACCUMULATION
2018-10-09,1187.199951171875,-109454,0.0064102564102564,-0.012641444555521,-0.0106667073567708,-0.0068596897061357,-0.0048617341392498,0.0064102564102564,0.64102564102564,-0.0256410256410256,0.0,-0.012820512820512801,-0.5192307692307693,-0.0512820512820512,0.1153846153846153,-0.006859689706135708,-0.00486173413924984,-0.031410623752730626,-0.1153502599315388,-0.006859689706135708,-0.00486173413924984,MM_NEUTRAL
2018-10-16,1227.300048828125,-49382,0.0705128205128205,0.0337770378247299,0.0207086027182978,0.0254846246287046,0.0290961545803645,0.0705128205128205,7.05128205128205,0.0448717948717949,0.0641025641025641,0.0641025641025641,-0.48076923076923084,0.025641025641025703,0.1474358974358974,0.0254846246287046,0.02909615458036452,0.0027780246312931745,-0.08899933691316864,0.0254846246287046,0.02909615458036452,MM_ACCUMULATION
2018-10-23,1233.4000244140625,-38116,0.0833333333333333,0.0049702398299111,0.0389151576333741,0.0278333536783854,0.0215338740055248,0.0833333333333333,8.33333333333333,0.0705128205128205,0.0641025641025641,0.0769230769230769,-0.3461538461538461,0.0769230769230769,0.1282051282051282,0.027833353678385464,0.021533874005524867,0.007926839608760394,-0.07360672840841276,0.027833353678385464,0.021533874005524867,MM_ACCUMULATION
2018-10-30,1222.5999755859375,-55523,0.0705128205128205,-0.0087563228590461,-0.0038296040537726,0.0167996929156073,0.0250691922848529,0.0705128205128205,7.05128205128205,0.0320512820512821,0.051282051282051294,0.0641025641025641,-0.13461538461538458,0.012820512820512896,0.11538461538461539,0.016799692915607345,0.025069192284852937,0.010747354714274682,-0.06227954456296525,0.016799692915607345,0.025069192284852937,MM_ACCUMULATION
2018-11-06,1223.800048828125,-47446,0.0833333333333333,0.0009815747310255,-0.0077833431132758,0.0308289244959303,0.0237577579337786,0.0833333333333333,8.33333333333333,0.0769230769230769,0.0512820512820513,0.0769230769230769,-0.1474358974358974,0.1025641025641025,0.038461538461538505,0.030828924495930332,0.023757757933778656,0.02581730832198237,-0.06722557253953887,0.030828924495930332,0.023757757933778656,MM_ACCUMULATION
2018-11-13,1199.199951171875,-79194,0.0512820512820512,-0.0201014027412455,-0.0191395590392089,-0.0228958661600976,0.0020052659139677,0.0512820512820512,5.12820512820512,-0.0192307692307693,0.0256410256410256,0.044871794871794796,-0.0897435897435898,-0.06410256410256421,0.006410256410256401,-0.022895866160097644,0.0020052659139677687,0.005534106759221391,-0.06959428314307414,-0.022895866160097644,0.0020052659139677687,MM_ACCUMULATION
2018-11-20,1219.0,-51851,0.0833333333333333,0.0165110487277588,-0.0039222492536434,-0.0116750641552024,0.0158333333333333,0.0833333333333333,8.33333333333333,0.0,0.0705128205128205,0.0641025641025641,-0.04487179487179489,-0.0705128205128205,0.0641025641025641,-0.011675064155202475,0.015833333333333366,0.00960740048979769,-0.05628238284434328,-0.011675064155202475,0.015833333333333366,MM_ACCUMULATION
2018-11-27,1211.199951171875,-58390,0.0769230769230769,-0.0063987275046144,0.0100066715215201,-0.0093244107980609,0.00731863487952,0.0769230769230769,7.69230769230769,0.006410256410256401,0.0384615384615385,0.057692307692307696,-0.1987179487179487,-0.025641025641025696,0.0064102564102564985,-0.0093244107980609,0.007318634879520003,0.015511026039552567,-0.06737506990821462,-0.0093244107980609,0.007318634879520003,MM_ACCUMULATION
2018-12-04,1241.0999755859375,-9787,0.1602564102564102,0.0246862827109044,0.0181295944101209,0.0141362363683334,0.0454009658279199,0.1602564102564102,16.02564102564102,0.07692307692307689,0.1538461538461538,0.1282051282051282,-0.10256410256410259,-1.3877787807814457e-17,0.1538461538461538,0.014136236368333499,0.04540096582791997,0.03822983958384585,-0.043468226908718655,0.014136236368333499,0.04540096582791997,MM_ACCUMULATION
2018-12-11,1241.9000244140625,-66,0.173076923076923,0.0006446288323769,0.0253468250328809,0.0356071339066186,0.0118960115742503,0.173076923076923,17.3076923076923,0.12179487179487179,0.10256410256410249,0.14743589743589738,-0.10256410256410262,0.14102564102564108,0.038461538461538394,0.03560713390661863,0.011896011574250354,0.037683801592503396,-0.041077872113931546,0.03560713390661863,0.011896011574250354,MM_ACCUMULATION
2018-12-18,1249.199951171875,11198,0.1987179487179487,0.0058780309318833,0.0065264489124765,0.024774365194319,0.0128100587360684,0.1987179487179487,19.871794871794872,0.1153846153846154,0.1153846153846154,0.1858974358974359,0.07692307692307701,0.1153846153846154,0.05128205128205131,0.02477436519431908,0.012810058736068441,0.04099995930989575,-0.020696162526920636,0.02477436519431908,0.012810058736068441,MM_ACCUMULATION
2018-12-24,1267.5,41968,0.2628205128205128,0.0146494152605094,0.0206135559084281,0.0464828691362255,0.036725032971266,0.2628205128205128,26.282051282051277,0.18589743589743588,0.1923076923076923,0.22435897435897437,0.17307692307692307,0.17948717948717946,0.141025641025641,0.04648286913622557,0.03672503297126606,0.054141695163106185,0.008674219820018703,0.04648286913622557,0.03672503297126606,MM_ACCUMULATION
2018-12-31,1278.300048828125,50184,0.2756410256410256,0.008520748582347,0.0232949878271697,0.0299734702876171,0.0445334187167156,0.2756410256410256,27.564102564102562,0.11538461538461542,0.1923076923076923,0.2692307692307692,0.1923076923076923,0.03846153846153853,0.141025641025641,0.0299734702876171,0.04453341871671568,0.07673526061580938,0.02133275308645466,0.0299734702876171,0.04453341871671568,MM_ACCUMULATION
2019-01-08,1283.199951171875,32471,0.2243589743589743,0.0038331394481616,0.0123865492480275,0.0332554359818924,0.0700467006506413,0.2243589743589743,22.43589743589743,0.05128205128205132,0.17307692307692313,0.1538461538461538,0.14102564102564102,-0.07051282051282047,0.14743589743589752,0.0332554359818924,0.07004670065064134,0.04554705460749031,0.023448637102246872,0.0332554359818924,0.07004670065064134,MM_ACCUMULATION
2019-01-15,1286.199951171875,24935,0.2051282051282051,0.0023379053258694,0.0061800062911616,0.0296189572896559,0.0551271133485438,0.2051282051282051,20.51282051282051,0.0064102564102563875,0.12179487179487179,0.12179487179487179,0.1858974358974359,-0.10897435897435902,0.051282051282051294,0.02961895728965591,0.05512711334854381,0.04280843660830613,0.049359551611433794,0.02961895728965591,0.05512711334854381,MM_ACCUMULATION
2019-01-22,1282.5,16210,0.1794871794871795,-0.0028766531739515,-0.0005454731908584,0.0118343195266272,0.0588672817887252,0.1794871794871795,17.94871794871795,-0.08333333333333329,0.10256410256410259,0.10897435897435899,0.1730769230769231,-0.26923076923076916,0.0641025641025641,0.01183431952662728,0.058867281788725245,0.04899396827270097,0.04787970783315565,0.01183431952662728,0.058867281788725245,MM_ACCUMULATION
2019-01-29,1308.199951171875,32397,0.2179487179487179,0.0200389482821636,0.0171046500040334,0.0233903631398282,0.0540649237820336,0.2179487179487179,21.79487179487179,-0.05769230769230771,0.05769230769230771,0.13461538461538458,0.2115384615384615,-0.17307692307692313,-0.09615384615384609,0.02339036313982823,0.05406492378203365,0.06896543469218597,0.06905287519140502,0.02339036313982823,0.05406492378203365,MM_ACCUMULATION
2019-02-05,1314.199951171875,44875,0.2692307692307692,0.0045864548417275,0.0247173108552631,0.0241583550339832,0.058217187645136,0.2692307692307692,26.923076923076923,0.04487179487179491,0.09615384615384623,0.217948717948718,0.26282051282051283,-0.006410256410256415,-0.006410256410256263,0.024158355033983225,0.05821718764513606,0.09589726874790183,0.08647484928665672,0.024158355033983225,0.05821718764513606,MM_ACCUMULATION
2019-02-12,1309.199951171875,42619,0.2628205128205128,-0.0038045960932668,0.0007644091402878,0.017882134095126,0.0480307415507934,0.2628205128205128,26.282051282051277,0.05769230769230768,0.06410256410256407,0.17948717948717946,0.2564102564102564,0.051282051282051294,-0.051282051282051336,0.017882134095126068,0.048030741550793454,0.07399503787684569,0.09740146787248527,0.017882134095126068,0.048030741550793454,MM_ACCUMULATION
2019-02-19,1340.0999755859375,82377,0.4166666666666667,0.0236022193450309,0.0197078263402517,0.0449122616654482,0.057278087247288,0.4166666666666667,41.66666666666667,0.2371794871794872,0.1538461538461539,0.33974358974358976,0.4102564102564103,0.3205128205128205,-0.03846153846153838,0.04491226166544826,0.057278087247288,0.10642340621740254,0.12367935856072076,0.04491226166544826,0.057278087247288,MM_EXPANSION
2019-02-26,1325.0999755859375,78559,0.4038461538461538,-0.0111931947416397,0.0121448403659274,0.0129185331331984,0.0366110654542461,0.4038461538461538,40.38461538461538,0.1858974358974359,0.1282051282051282,0.2435897435897436,0.3846153846153846,0.2435897435897436,-0.0641025641025641,0.012918533133198462,0.036611065454246194,0.0676818964244541,0.0974821507304453,0.012918533133198462,0.036611065454246194,MM_EXPANSION
2019-03-05,1282.0,31247,0.2179487179487179,-0.0325258292808279,-0.0433549560811939,-0.0245015616863797,-0.0009351240785032,0.2179487179487179,21.79487179487179,-0.05128205128205132,-0.006410256410256415,0.04487179487179491,0.1987179487179487,-0.09615384615384623,-0.17948717948717954,-0.024501561686379736,-0.0009351240785032688,0.03228921394446149,0.07487218284899244,-0.024501561686379736,-0.0009351240785032688,MM_RESET
2019-03-12,1296.300048828125,17407,0.1923076923076923,0.0111544842653081,-0.0217341538664489,-0.0098532713297179,0.0078526652462143,0.1923076923076923,19.23076923076923,-0.07051282051282048,-0.012820512820512803,-0.006410256410256415,0.1602564102564103,-0.12820512820512817,-0.13461538461538458,-0.009853271329717916,0.007852665246214308,0.03770421029240789,0.08440691178964932,-0.009853271329717916,0.007852665246214308,MM_RESET
2019-03-19,1305.0,30475,0.2243589743589743,0.0067113714758708,0.0179407176287051,-0.0261920574773465,0.0175438596491228,0.2243589743589743,22.43589743589743,-0.19230769230769237,0.04487179487179482,-0.038461538461538464,0.1987179487179487,-0.42948717948717957,-0.057692307692307765,-0.026192057477346542,0.01754385964912286,0.029585798816567976,0.09040770952325872,-0.026192057477346542,0.01754385964912286,MM_ACCUMULATION
2019-03-26,1314.300048828125,57987,0.3525641025641026,0.0071264741977969,0.0138856740893222,-0.0081502731543232,0.0046629704050864,0.3525641025641026,35.256410256410255,-0.05128205128205121,0.1346153846153847,0.07692307692307698,0.3397435897435898,-0.23717948717948711,0.07692307692307698,-0.008150273154323262,0.004662970405086453,0.02816240211599985,0.09525004069010423,-0.008150273154323262,0.004662970405086453,MM_ACCUMULATION
2019-04-02,1290.0,24618,0.2115384615384615,-0.0184889659326968,-0.0114942528735632,0.0062402496099844,-0.0184142079371528,0.2115384615384615,21.15384615384615,-0.0064102564102563875,-0.05769230769230771,-0.012820512820512803,0.1730769230769231,0.044871794871794934,-0.15384615384615394,0.006240249609984483,-0.01841420793715287,0.005299290123814915,0.07285426963345709,0.006240249609984483,-0.01841420793715287,MM_RESET
2019-04-09,1303.5,37037,0.2692307692307692,0.0104651162790698,-0.0082173388319924,0.0055542319684271,-0.0043537667159038,0.2692307692307692,26.923076923076923,0.07692307692307693,0.006410256410256443,0.06410256410256412,0.26282051282051283,0.1474358974358974,-0.057692307692307626,0.005554231968427192,-0.004353766715903817,0.01345051273898945,0.0979616354543531,0.005554231968427192,-0.004353766715903817,MM_ACCUMULATION
2019-04-16,1272.5999755859375,-15387,0.1346153846153846,-0.0237054272451572,-0.013488391018653,-0.0248276049149904,-0.0503693763373785,0.1346153846153846,13.461538461538462,-0.0897435897435897,-0.28205128205128205,-0.04487179487179488,0.06410256410256411,0.10256410256410267,-0.43589743589743596,-0.024827604914990475,-0.05036937633737859,-0.007719317281920102,0.0369102297364583,-0.024827604914990475,-0.05036937633737859,MM_RESET
2019-04-23,1269.300048828125,-33829,0.1282051282051282,-0.0025930589510605,-0.026237016625911,-0.0342387570023478,-0.0421099749346374,0.1282051282051282,12.82051282051282,-0.2243589743589744,-0.2756410256410256,-0.0897435897435897,0.04487179487179489,-0.17307692307692318,-0.4038461538461538,-0.0342387570023478,-0.04210997493463742,-0.02973544090787017,0.029106553999880935,-0.0342387570023478,-0.04210997493463742,MM_RESET
2019-04-30,1282.800048828125,76,0.1794871794871795,0.0106357830935748,0.0080151449299621,-0.0055813574975774,0.0006240630484595,0.1794871794871795,17.94871794871795,-0.03205128205128202,-0.03846153846153841,-0.08974358974358973,0.10897435897435899,-0.025641025641025633,-0.03205128205128199,-0.005581357497577488,0.0006240630484595222,-0.02389278915719839,0.04923938691667029,-0.005581357497577488,0.0006240630484595222,MM_RESET
2019-05-07,1283.5,9547,0.1858974358974359,0.0005456432376302,0.0111872296743271,-0.015343306482547,-0.0098742947974864,0.1858974358974359,18.58974358974359,-0.08333333333333331,-0.0064102564102563875,-0.07692307692307687,0.1025641025641026,-0.16025641025641024,0.006410256410256415,-0.015343306482547003,-0.009874294797486471,-0.019630272021375128,0.04878243895237788,-0.015343306482547003,-0.009874294797486471,MM_RESET
2019-05-14,1294.699951171875,52546,0.358974358974359,0.0087261014194586,0.0092765059953192,0.0173660034652776,-0.0078927577227011,0.358974358974359,35.8974358974359,0.22435897435897437,0.13461538461538466,-0.05769230769230771,0.30769230769230776,0.3141025641025641,0.08974358974358984,0.017366003465277613,-0.00789275772270115,-0.03387808763611988,0.07963642752543154,0.017366003465277613,-0.00789275772270115,MM_ACCUMULATION
2019-05-21,1272.0,15937,0.2051282051282051,-0.0175329821796382,-0.0089598753408648,0.0021271181501707,-0.032184468733636,0.2051282051282051,20.51282051282051,0.0769230769230769,-0.1474358974358975,-0.1987179487179487,0.12179487179487179,0.3012820512820513,-0.28205128205128216,0.002127118150170748,-0.03218446873363601,-0.0400724296764533,0.04347826086956519,0.002127118150170748,-0.03218446873363601,MM_RESET
2019-05-28,1276.5,26274,0.2564102564102564,0.0035377358490567,-0.0140572733901793,-0.0049111697757419,-0.0104651162790697,0.2564102564102564,25.64102564102564,0.0769230769230769,0.04487179487179488,0.03846153846153849,0.1794871794871795,0.10897435897435892,0.10256410256410259,-0.004911169775741908,-0.010465116279069764,-0.00429017160686429,0.053913516727725375,-0.004911169775741908,-0.010465116279069764,MM_ACCUMULATION
2019-06-04,1323.4000244140625,96182,0.532051282051282,0.0367411080407853,0.0404088242248918,0.0310868908563011,0.0152666086797563,0.532051282051282,53.205128205128204,0.34615384615384615,0.26282051282051283,0.33974358974358976,0.37179487179487186,0.42948717948717946,0.2564102564102564,0.03108689085630112,0.015266608679756377,0.02090563493416231,0.06631218310134135,0.03108689085630112,0.015266608679756377,MM_EXPANSION
2019-06-11,1326.4000244140625,129160,0.6217948717948718,0.0022668882761494,0.0390912843040049,0.0244844940431909,0.0422756953168681,0.6217948717948718,62.17948717948718,0.26282051282051283,0.4871794871794872,0.39743589743589747,0.4487179487179488,0.038461538461538464,0.7692307692307693,0.024484494043190974,0.042275695316868145,0.016398486141044,0.06804090372722849,0.024484494043190974,0.042275695316868145,MM_EXPANSION
2019-06-18,1346.5999755859375,150516,0.7115384615384616,0.0152291547045155,0.0175305657729203,0.058647779548693,0.0608996484552091,0.7115384615384616,71.15384615384616,0.5064102564102565,0.5833333333333334,0.358974358974359,0.5128205128205129,0.4294871794871796,0.858974358974359,0.058647779548693046,0.06089964845520912,0.02457576318787491,0.07796992332787989,0.058647779548693046,0.06089964845520912,MM_EXPANSION
2019-06-25,1414.9000244140625,177741,0.8269230769230769,0.0507203698696088,0.066721952933539,0.1084214840689874,0.1029778379776447,0.8269230769230769,82.6923076923077,0.5705128205128205,0.6474358974358974,0.6153846153846154,0.5641025641025641,0.4935897435897436,0.6858974358974358,0.10842148406898744,0.1029778379776447,0.09682172435198644,0.11629193247657788,0.10842148406898744,0.1029778379776447,MM_CROWDED_EXPANSION
2019-07-02,1404.5999755859375,194087,0.8525641025641025,-0.0072797007918565,0.0430714399610492,0.0613570724451411,0.0943513639158064,0.8525641025641025,85.25641025641025,0.3205128205128205,0.6666666666666666,0.5833333333333333,0.5769230769230769,-0.02564102564102566,0.673076923076923,0.0613570724451411,0.09435136391580645,0.07756039553965288,0.09880303679374602,0.0613570724451411,0.09435136391580645,MM_CROWDED_EXPANSION
2019-07-09,1397.5,182611,0.8397435897435898,-0.0050548025838998,-0.0122977059253838,0.0536037200522112,0.0794006740597135,0.8397435897435898,83.97435897435898,0.21794871794871795,0.4807692307692308,0.7051282051282052,0.6153846153846154,-0.04487179487179488,0.34615384615384615,0.05360372005221126,0.07940067405971352,0.09814554990585744,0.08907423096746614,0.05360372005221126,0.07940067405971352,MM_CROWDED_EXPANSION
2019-07-16,1409.199951171875,180059,0.8397435897435898,0.0083720580836315,0.0032749363988979,0.0464874325864284,0.107861596833235,0.8397435897435898,83.97435897435898,0.1282051282051282,0.6346153846153847,0.7115384615384616,0.6346153846153847,-0.3782051282051283,0.7820512820512822,0.0464874325864284,0.10786159683323504,0.1102181493437362,0.09563054320436959,0.0464874325864284,0.10786159683323504,MM_CROWDED_EXPANSION
2019-07-23,1420.0999755859375,178173,0.8333333333333334,0.0077349026339363,0.0161717177716904,0.0036751368168421,0.1124950846736683,0.8333333333333334,83.33333333333334,0.0064102564102564985,0.576923076923077,0.6538461538461539,0.6538461538461539,-0.564102564102564,0.5320512820512822,0.0036751368168421727,0.11249508467366831,0.10703143243815738,0.1072904293067738,0.0036751368168421727,0.11249508467366831,MM_CROWDED_EXPANSION
2019-07-30,1429.699951171875,185713,0.8653846153846154,0.0067600702422212,0.0145472613612798,0.017869839115914,0.0803233525742732,0.8653846153846154,86.53846153846155,0.012820512820512886,0.33333333333333337,0.6794871794871795,0.6474358974358976,-0.3076923076923076,0.07051282051282054,0.017869839115914,0.08032335257427325,0.11390724672526287,0.09287571054498311,0.017869839115914,0.08032335257427325,MM_CROWDED_EXPANSION
2019-08-06,1472.4000244140625,226833,0.9423076923076924,0.0298664577887044,0.0368284273834635,0.0535957240887745,0.1100723743310361,0.9423076923076924,94.23076923076924,0.10256410256410264,0.3205128205128206,0.5833333333333335,0.6730769230769231,-0.11538461538461531,-0.16666666666666663,0.053595724088774555,0.11007237433103612,0.13725193476785513,0.12037747612235128,0.053595724088774555,0.11007237433103612,MM_CROWDED_EXPANSION
2019-08-13,1502.199951171875,223611,0.9423076923076924,0.0202390153923497,0.0507099408799547,0.0659948930048304,0.1155502587308694,0.9423076923076924,94.23076923076924,0.10256410256410264,0.23076923076923084,0.7371794871794873,0.6794871794871796,-0.02564102564102555,-0.35256410256410253,0.06599489300483041,0.11555025873086944,0.18097480438040492,0.14741827619779868,0.06599489300483041,0.11555025873086944,MM_CROWDED_EXPANSION
2019-08-20,1504.5999755859375,229846,0.9551282051282052,0.0015976730742071,0.0218690237964978,0.0595028529347978,0.0633966708771678,0.9551282051282052,95.51282051282051,0.1217948717948718,0.1282051282051283,0.6987179487179488,0.5384615384615385,0.11538461538461531,-0.519230769230769,0.059502852934797845,0.06339667087716783,0.17869171608769086,0.12275203566664872,0.059502852934797845,0.06339667087716783,MM_CROWDED_EXPANSION
2019-08-27,1541.0,226716,0.9487179487179488,0.0241924930245245,0.0258288177934347,0.0778485364966936,0.0971095164352131,0.9487179487179488,94.87179487179488,0.08333333333333337,0.09615384615384626,0.41666666666666674,0.5448717948717949,0.07051282051282048,-0.5705128205128204,0.07784853649669365,0.09710951643521315,0.16442494451538203,0.16293112096586904,0.07784853649669365,0.09710951643521315,MM_CROWDED_EXPANSION
2019-09-03,1545.9000244140625,231626,0.967948717948718,0.0031797692498782,0.0274491888198,0.0499184995797925,0.1061896417989713,0.967948717948718,96.7948717948718,0.02564102564102555,0.1282051282051282,0.34615384615384615,0.75,-0.0769230769230771,-0.3525641025641026,0.04991849957979255,0.10618964179897139,0.1654855216826192,0.2058502530530908,0.04991849957979255,0.10618964179897139,MM_CROWDED_EXPANSION
2019-09-10,1490.300048828125,206181,0.9166666666666666,-0.0359660875269158,-0.032900682136194,-0.0079216500669346,0.0575504544893066,0.9166666666666666,91.66666666666666,-0.025641025641025772,0.07692307692307687,0.20512820512820507,0.7243589743589743,-0.12820512820512842,-0.5576923076923078,-0.007921650066934682,0.057550454489306624,0.10671325994912495,0.14965670962936306,-0.007921650066934682,0.057550454489306624,MM_CROWDED_EXPANSION
2019-09-17,1505.0999755859375,213856,0.935897435897436,0.0099308369274027,-0.0263924239496595,0.0003323142417341,0.0598549408219859,0.935897435897436,93.5897435897436,-0.019230769230769162,0.10256410256410264,0.10897435897435914,0.7115384615384617,-0.14102564102564097,-0.47435897435897434,0.00033231424173418844,0.05985494082198595,0.06375005273551282,0.15333331462523936,0.00033231424173418844,0.05985494082198595,MM_CROWDED_EXPANSION
2019-09-24,1532.0999755859375,237871,0.9935897435897436,0.0179390076659118,0.0280479939530842,-0.005775486316718,0.0716234370226625,0.9935897435897436,99.35897435897436,0.04487179487179482,0.1282051282051282,0.14102564102564108,0.641025641025641,-0.03846153846153855,-0.20512820512820518,-0.0057754863167180925,0.0716234370226625,0.09077317543510044,0.16571552816421975,-0.0057754863167180925,0.0716234370226625,MM_CROWDED_EXPANSION
2019-10-01,1482.0,190811,0.8717948717948718,-0.032700199976687,-0.0153478014488337,-0.0413351597159604,0.0065199507109203,0.8717948717948718,87.17948717948718,-0.09615384615384615,-0.0705128205128206,0.03205128205128205,0.6602564102564104,-0.1217948717948717,-0.3910256410256412,-0.04133515971596047,0.006519950710920375,0.0604651162790697,0.14883720930232558,-0.04133515971596047,0.006519950710920375,MM_DISTRIBUTION
2019-10-08,1497.199951171875,200501,0.903846153846154,0.0102563773089574,-0.0227792082567688,0.0046298746008734,-0.003328451712503,0.903846153846154,90.3846153846154,-0.012820512820512664,-0.038461538461538436,0.06410256410256421,0.6346153846153848,0.012820512820513108,-0.2692307692307693,0.004629874600873496,-0.0033284517125030666,0.062446780477688923,0.14859988582422323,0.004629874600873496,-0.0033284517125030666,MM_DISTRIBUTION
2019-10-15,1477.5999755859375,175787,0.8012820512820513,-0.0130910875134589,-0.002968977337424,-0.0182712115115769,-0.0179449690536418,0.8012820512820513,80.12820512820514,-0.1346153846153847,-0.15384615384615385,-0.03205128205128205,0.6666666666666667,-0.11538461538461553,-0.28205128205128216,-0.018271211511576957,-0.017944969053641846,0.04049010702663747,0.1610875404155283,-0.018271211511576957,-0.017944969053641846,MM_DISTRIBUTION
2019-10-22,1481.699951171875,184438,0.8525641025641025,0.0027747534201951,-0.0103526586331157,-0.0328960415228696,-0.038481537201898,0.8525641025641025,85.25641025641025,-0.14102564102564108,-0.09615384615384626,-0.012820512820512886,0.7243589743589743,-0.1858974358974359,-0.1923076923076925,-0.03289604152286962,-0.038481537201898064,0.03637126794148471,0.1673362437351571,-0.03289604152286962,-0.038481537201898064,MM_DISTRIBUTION
2019-10-29,1487.0,198558,0.8974358974358975,0.0035770054685722,0.0063616841969253,0.0033738191632928,-0.0381007979066351,0.8974358974358975,89.74358974358975,0.02564102564102566,-0.07051282051282048,-0.044871794871794934,0.717948717948718,0.1217948717948718,-0.19871794871794868,0.003373819163292824,-0.03810079790663512,0.009915767008865428,0.15918299298352667,0.003373819163292824,-0.03810079790663512,MM_DISTRIBUTION
2019-11-05,1480.800048828125,197247,0.8846153846153846,-0.0041694358923167,-0.0006073445187322,-0.0109537155213728,-0.0063745552497768,0.8846153846153846,88.46153846153845,-0.019230769230769384,-0.03205128205128205,-0.05769230769230782,0.6987179487179487,-0.0064102564102567205,-0.10897435897435892,-0.010953715521372809,-0.006374555249776814,-0.014245708320690498,0.15372033410839503,-0.010953715521372809,-0.006374555249776814,MM_DISTRIBUTION
2019-11-12,1452.0999755859375,175441,0.7692307692307693,-0.0193814642732488,-0.023470090392779,-0.0172577154990057,-0.0352136076404937,0.7692307692307693,76.92307692307693,-0.03205128205128205,-0.16666666666666674,-0.1858974358974359,0.4102564102564103,0.10256410256410264,-0.2692307692307694,-0.017257715499005788,-0.03521360764049375,-0.03489299538208146,0.12157258851488684,-0.017257715499005788,-0.03521360764049375,MM_DISTRIBUTION
2019-11-19,1473.300048828125,195199,0.8653846153846154,0.0145995961701141,-0.0050648296547095,-0.0056690980769126,-0.0383786487140468,0.8653846153846154,86.53846153846155,0.012820512820512886,-0.1282051282051282,-0.08333333333333337,0.6602564102564104,0.15384615384615397,-0.2564102564102564,-0.0056690980769126265,-0.03837864871404684,-0.043932479670262814,0.1582547553680227,-0.0056690980769126265,-0.03837864871404684,MM_DISTRIBUTION
2019-11-26,1459.800048828125,194287,0.8589743589743589,-0.0091631029339461,0.0053027156336673,-0.0182918299743611,-0.0149797241375674,0.8589743589743589,85.8974358974359,-0.03846153846153855,-0.012820512820512886,-0.10897435897435903,0.6025641025641025,-0.06410256410256421,0.05769230769230771,-0.018291829974361185,-0.01497972413756743,-0.055695694563800635,0.14359580793429294,-0.018291829974361185,-0.01497972413756743,MM_DISTRIBUTION
2019-12-03,1478.199951171875,207962,0.9230769230769232,0.0126043990466508,0.0033258007068195,-0.0017558735619354,-0.0126903557438192,0.9230769230769232,92.30769230769232,0.03846153846153866,0.019230769230769273,0.0064102564102566095,0.3910256410256412,0.05769230769230804,0.05769230769230771,-0.001755873561935406,-0.01269035574381927,-0.008119235898680133,0.11697137970535443,-0.001755873561935406,-0.01269035574381927,MM_CROWDED_EXPANSION
2019-12-10,1462.5999755859375,183648,0.8141025641025641,-0.0105533595597606,0.0019180207317159,0.0072309070839031,-0.0101515973523563,0.8141025641025641,81.41025641025641,0.04487179487179482,0.012820512820512775,-0.12179487179487192,0.1923076923076923,0.07692307692307687,0.16666666666666663,0.007230907083903171,-0.010151597352356379,-0.028237326881528024,0.1026839178716401,0.007230907083903171,-0.010151597352356379,MM_CROWDED_EXPANSION
2019-12-17,1474.5999755859375,201721,0.903846153846154,0.0082045673460322,-0.0024353779629633,0.0008823231621057,-0.0047917768913484,0.903846153846154,90.3846153846154,0.03846153846153855,0.05128205128205143,-0.08974358974358965,0.1923076923076924,0.02564102564102566,0.1474358974358977,0.0008823231621057914,-0.004791776891348465,-0.03753018792263196,0.09505421232783262,0.0008823231621057914,-0.004791776891348465,MM_CROWDED_EXPANSION
2019-12-24,1499.0999755859375,218846,0.935897435897436,0.0166146754412259,0.0249555590108481,0.0269214450221186,0.0081371725527488,0.935897435897436,93.5897435897436,0.0769230769230771,0.03846153846153855,0.06410256410256421,0.10897435897435914,0.11538461538461564,0.10897435897435903,0.026921445022118684,0.008137172552748817,0.011538445064735114,0.05950947043537136,0.026921445022118684,0.008137172552748817,MM_CROWDED_EXPANSION
2019-12-31,1519.5,232732,0.9743589743589745,0.0136081814063728,0.0304489523650108,0.0279394196944624,0.0261344880441498,0.9743589743589745,97.43589743589745,0.05128205128205121,0.08974358974358987,0.07051282051282048,0.12179487179487192,0.012820512820512553,0.12179487179487192,0.027939419694462453,0.02613448804414986,0.014894502775444574,0.08180266724419627,0.027939419694462453,0.02613448804414986,MM_CROWDED_EXPANSION
2020-01-07,1571.800048828125,229757,0.9551282051282052,0.0344192489819841,0.0484958137723749,0.0746616129255988,0.0824323911953013,0.9551282051282052,95.51282051282051,0.14102564102564108,0.1858974358974359,0.15384615384615385,0.11538461538461542,0.09615384615384626,0.35256410256410264,0.07466161292559881,0.08243239119530132,0.06375208094114426,0.12472275408094813,0.07466161292559881,0.08243239119530132,MM_CROWDED_EXPANSION
2020-01-14,1542.4000244140625,230459,0.9615384615384616,-0.018704684756806,0.0150707630234041,0.045978604333819,0.0469014954834896,0.9615384615384616,96.15384615384616,0.0576923076923076,0.09615384615384615,0.10897435897435903,0.1217948717948718,0.01923076923076905,0.22435897435897434,0.04597860433381906,0.04690149548348965,0.04096650822872738,0.09452176969735193,0.04597860433381906,0.04690149548348965,MM_CROWDED_EXPANSION
2020-01-21,1556.4000244140625,223832,0.9294871794871796,0.0090767633418045,-0.0097976994119221,0.0382229669543745,0.0661734294799376,0.9294871794871796,92.94871794871796,-0.0064102564102563875,0.0705128205128207,0.03205128205128216,0.09615384615384626,-0.08333333333333348,0.08333333333333359,0.03822296695437455,0.06617342947993765,0.04667116638470925,0.09597919243107311,0.03822296695437455,0.06617342947993765,MM_CROWDED_EXPANSION
2020-01-28,1569.199951171875,219938,0.9102564102564102,0.0082240597256679,0.0173754709113114,0.0327080955392398,0.0615613604423797,0.9102564102564102,91.02564102564102,-0.06410256410256421,-0.012820512820512997,0.02564102564102566,0.04487179487179482,-0.11538461538461542,-0.03205128205128227,0.03270809553923981,0.0615613604423797,0.059697392915206704,0.09757292072763701,0.03270809553923981,0.0615613604423797,MM_DISTRIBUTION
2020-02-04,1550.4000244140625,181610,0.75,-0.0119805807690553,-0.0038550500551802,-0.0136149788454438,0.0600301177996063,0.75,75.0,-0.20512820512820518,-0.0641025641025641,-0.019230769230769273,-0.1923076923076924,-0.34615384615384626,-0.07692307692307687,-0.013614978845443826,0.06003011779960632,0.06769509708755406,0.05297473424794319,-0.013614978845443826,0.06003011779960632,MM_DISTRIBUTION
2020-02-11,1565.5999755859375,195671,0.8141025641025641,0.0098038899203574,-0.0022941471437397,0.0150414618806093,0.0617116516388391,0.8141025641025641,81.41025641025641,-0.14743589743589747,-0.08974358974358987,-0.05128205128205132,-0.1282051282051283,-0.20512820512820507,-0.1410256410256413,0.015041461880609397,0.06171165163883918,0.06264842442055762,0.0422047839667441,0.015041461880609397,0.06171165163883918,MM_DISTRIBUTION
2020-02-18,1600.0,238546,0.9935897435897436,0.0219724226817186,0.0319917278153312,0.028013348048071,0.0673070682791685,0.9935897435897436,99.35897435897436,0.06410256410256399,0.0576923076923076,0.1346153846153847,0.038461538461538436,0.07051282051282037,0.01923076923076905,0.028013348048071096,0.06730706827916855,0.09604051683956483,0.06340557354914944,0.028013348048071096,0.06730706827916855,MM_CROWDED_EXPANSION
2020-02-25,1646.9000244140625,230846,0.9551282051282052,0.0293125152587889,0.051929004915638,0.0495157249935938,0.0838433855966189,0.9551282051282052,95.51282051282051,0.044871794871794934,-0.019230769230769273,0.03205128205128194,0.0064102564102563875,0.10897435897435914,-0.10897435897435914,0.0495157249935938,0.08384338559661897,0.11412534082987014,0.06872162518758107,0.0495157249935938,0.08384338559661897,MM_DISTRIBUTION
2020-03-03,1642.0999755859375,215361,0.8846153846153846,-0.0029145963670944,0.0263124847412108,0.059145994406528,0.0447257440984465,0.8846153846153846,88.46153846153845,0.13461538461538458,-0.0705128205128206,0.07051282051282048,-0.08333333333333337,0.33974358974358976,-0.2564102564102565,0.05914599440652801,0.04472574409844654,0.1227266532177329,0.062229089625855494,0.05914599440652801,0.04472574409844654,MM_DISTRIBUTION
2020-03-10,1659.0999755859375,210185,0.8717948717948718,0.0103525974378837,0.0074078274279067,0.0597215134504629,0.0756612741990896,0.8717948717948718,87.17948717948718,0.05769230769230771,-0.08974358974358976,-0.03205128205128216,-0.04487179487179482,0.20512820512820518,-0.1858974358974359,0.05972151345046295,0.07566127419908963,0.12511867832270118,0.1132657325553641,0.05972151345046295,0.07566127419908963,MM_DISTRIBUTION
2020-03-17,1524.9000244140625,154079,0.5897435897435898,-0.0808871997749745,-0.0713719949542387,-0.0469374847412109,-0.0202390127896964,0.5897435897435898,58.97435897435898,-0.40384615384615385,-0.33974358974358987,-0.34615384615384626,-0.34615384615384626,-0.46794871794871784,-0.4102564102564106,-0.046937484741210955,-0.02023901278969642,0.017210359047628465,0.013155304730117168,-0.046937484741210955,-0.02023901278969642,MM_DISTRIBUTION
2020-03-24,1660.199951171875,157409,0.5897435897435898,0.0887270801964876,0.0006629953602097,0.0080757341433304,0.0579913349678868,0.5897435897435898,58.97435897435898,-0.3653846153846154,-0.3205128205128205,-0.3846153846153847,-0.40384615384615385,-0.41025641025641035,-0.3076923076923075,0.008075734143330404,0.05799133496788689,0.09259621663170448,0.08361071576738777,0.008075734143330404,0.05799133496788689,MM_DISTRIBUTION
2020-03-31,1583.4000244140625,152598,0.5769230769230769,-0.0462594440528697,0.0383631707412939,-0.0357468802415209,0.0212848293861911,0.5769230769230769,57.692307692307686,-0.3076923076923077,-0.17307692307692313,-0.3782051282051283,-0.29487179487179493,-0.4423076923076923,-0.10897435897435903,-0.03574688024152095,0.02128482938619114,0.007380058038925608,0.06842106910530532,-0.03574688024152095,0.02128482938619114,MM_DISTRIBUTION
2020-04-07,1664.800048828125,152482,0.5705128205128205,0.0514083763792947,0.0027708094154579,0.0034356418094541,0.0633623369884515,0.5705128205128205,57.05128205128205,-0.3012820512820513,-0.2435897435897436,-0.3910256410256411,-0.3333333333333335,-0.35897435897435903,-0.15384615384615374,0.003435641809454104,0.0633623369884515,0.07935686104553885,0.11194236115561429,0.003435641809454104,0.0633623369884515,MM_DISTRIBUTION
2020-04-14,1756.699951171875,155244,0.5833333333333334,0.0552017657666694,0.1094479752972987,0.1520099174022118,0.0979374694824217,0.5833333333333334,58.333333333333336,-0.0064102564102563875,-0.41025641025641024,-0.34615384615384626,-0.21794871794871795,0.39743589743589747,-0.46794871794871784,0.1520099174022118,0.09793746948242177,0.12869437395005145,0.1888873715467283,0.1520099174022118,0.09793746948242177,MM_DISTRIBUTION
2020-04-21,1678.199951171875,146271,0.532051282051282,-0.0446860603301283,0.008048956001162,0.0108420675396927,0.0190053593380377,0.532051282051282,53.205128205128204,-0.05769230769230771,-0.42307692307692313,-0.3782051282051282,-0.3205128205128205,0.3076923076923077,-0.40384615384615385,0.010842067539692746,0.01900535933803771,0.06946214847801846,0.13261794322432707,0.010842067539692746,0.01900535933803771,MM_DISTRIBUTION
2020-04-28,1710.5,146406,0.532051282051282,0.019246841716072,-0.0262992841441451,0.0802702877518086,0.0416539951470713,0.532051282051282,53.205128205128204,-0.04487179487179482,-0.35256410256410253,-0.21794871794871795,-0.3653846153846154,0.2628205128205129,-0.28205128205128194,0.08027028775180867,0.041653995147071354,0.10326365651757752,0.15030262273032946,0.08027028775180867,0.041653995147071354,MM_DISTRIBUTION
2020-05-05,1704.4000244140625,133241,0.5,-0.0035661944378471,0.0156120092983509,0.023786625675445,0.0273039898105758,0.5,50.0,-0.07051282051282048,-0.3717948717948718,-0.3141025641025641,-0.3846153846153846,0.23076923076923084,-0.28205128205128205,0.023786625675445094,0.0273039898105758,0.08865613885576229,0.15099943828533102,0.023786625675445094,0.0273039898105758,MM_DISTRIBUTION
2020-05-12,1704.4000244140625,122217,0.4615384615384615,0.0,-0.0035661944378471,-0.0297716902211579,0.1177126350096113,0.4615384615384615,46.15384615384615,-0.12179487179487186,-0.12820512820512825,-0.5320512820512822,-0.30769230769230776,-0.11538461538461547,0.21153846153846162,-0.029771690221157998,0.11771263500961138,0.06525001525878915,0.17374840098480093,-0.029771690221157998,0.11771263500961138,MM_DISTRIBUTION
2020-05-19,1744.199951171875,127064,0.4807692307692308,0.0233512826729129,0.0233512826729129,0.0393278524134819,0.0505963151852326,0.4807692307692308,48.07692307692308,-0.051282051282051266,-0.10897435897435898,-0.4743589743589744,-0.38461538461538464,0.006410256410256443,0.2115384615384615,0.03932785241348191,0.050596315185232665,0.059080651718631305,0.18387286592383267,0.03932785241348191,0.050596315185232665,MM_DISTRIBUTION
2020-05-26,1704.800048828125,113081,0.4487179487179487,-0.022589097263349,0.0002347010140415,-0.0033323304132563,0.0766704702173959,0.4487179487179487,44.87179487179487,-0.08333333333333337,-0.1282051282051282,-0.4358974358974359,-0.41025641025641024,-0.03846153846153855,0.044871794871794934,-0.0033323304132563125,0.07667047021739593,0.038182859858952645,0.16783120414105834,-0.0033323304132563125,0.07667047021739593,MM_DISTRIBUTION
2020-06-02,1734.0,100355,0.4358974358974359,0.0171280797369444,-0.0058479253855167,0.0173668007286689,0.0415665239922269,0.4358974358974359,43.58974358974359,-0.0641025641025641,-0.13461538461538458,-0.4358974358974359,-0.48717948717948734,0.0064102564102563875,0.10897435897435903,0.01736680072866892,0.041566523992226934,0.04514497348938251,0.17304834073721476,0.01736680072866892,0.041566523992226934,MM_DISTRIBUTION
2020-06-09,1721.9000244140625,91177,0.4166666666666667,-0.0069780712721669,0.0100304875036176,0.0102675426832479,-0.0198098296380083,0.4166666666666667,41.66666666666667,-0.04487179487179482,-0.16666666666666669,-0.17307692307692307,-0.3974358974358974,0.07692307692307704,0.24358974358974356,0.010267542683247921,-0.01980982963800837,0.1291887971971779,0.17728705945331757,0.010267542683247921,-0.01980982963800837,MM_DISTRIBUTION
2020-06-16,1736.5,104688,0.4423076923076923,0.0084789914506828,0.0014417531718569,-0.004414603478633,0.0347396320607771,0.4423076923076923,44.230769230769226,-0.03846153846153849,-0.08974358974358976,-0.14743589743589747,-0.4615384615384617,0.012820512820512775,0.33333333333333337,-0.0044146034786330945,0.034739632060777126,0.045958349037576784,0.1776075062730118,-0.0044146034786330945,0.034739632060777126,MM_DISTRIBUTION
2020-06-23,1782.0,129515,0.5,0.026202130722718,0.0349032898157886,0.0452838743317387,0.0418006430868167,0.5,50.0,0.05128205128205132,-0.03205128205128205,-0.07692307692307687,-0.435897435897436,0.1346153846153847,0.3205128205128205,0.04528387433173875,0.04180064308681675,0.12542628048741467,0.18871324729592387,0.04528387433173875,0.04180064308681675,MM_DISTRIBUTION
2020-06-30,1800.5,138555,0.532051282051282,0.0103815937149269,0.0368557443132737,0.0383506343713955,0.0563834629250106,0.532051282051282,53.205128205128204,0.09615384615384615,0.03205128205128205,-0.038461538461538436,-0.4423076923076924,0.16025641025641024,0.40384615384615385,0.03835063437139552,0.05638346292501062,0.08151126092733829,0.18492925304376429,0.03835063437139552,0.05638346292501062,MM_EXPANSION
2020-07-07,1809.9000244140625,139343,0.532051282051282,0.0052207855673771,0.0156565793569374,0.0511063352995451,0.0618986144618654,0.532051282051282,53.205128205128204,0.11538461538461536,0.07051282051282054,-0.05128205128205132,-0.42307692307692313,0.1602564102564102,0.1987179487179488,0.051106335299545114,0.0618986144618654,0.030284097865829862,0.1514823566543695,0.051106335299545114,0.0618986144618654,MM_EXPANSION
2020-07-14,1813.4000244140625,134973,0.5064102564102564,0.0019338084716216,0.0071646900383572,0.0442844943357687,0.0396743923743916,0.5064102564102564,50.641025641025635,0.0641025641025641,0.025641025641025605,-0.02564102564102566,-0.4551282051282052,0.10256410256410259,0.13461538461538458,0.044284494335768754,0.03967439237439163,0.08056255343576812,0.17570020468778802,0.044284494335768754,0.03967439237439163,MM_EXPANSION
2020-07-21,1843.9000244140625,140269,0.532051282051282,0.016819234360524,0.0187855680100381,0.0347362651032898,0.0815931320987199,0.532051282051282,53.205128205128204,0.03205128205128205,0.08333333333333337,0.0,-0.3974358974358976,-0.019230769230769273,0.21153846153846156,0.034736265103289865,0.08159313209871999,0.07798890640985823,0.18472114847738785,0.034736265103289865,0.08159313209871999,MM_EXPANSION
2020-07-28,1944.5999755859373,117136,0.4358974358974359,0.0546124788972082,0.0723502533393134,0.0800333105170436,0.1214532731176107,0.4358974358974359,43.58974358974359,-0.09615384615384615,0.0,-0.0641025641025641,-0.47435897435897434,-0.1923076923076923,0.13461538461538458,0.08003331051704365,0.12145327311761078,0.14092932863835794,0.2392302039862506,0.08003331051704365,0.12145327311761078,MM_NEUTRAL
2020-08-04,2021.0,113472,0.4358974358974359,0.0392882985566438,0.0960464088296841,0.116636263184912,0.1737034504588712,0.4358974358974359,43.58974358974359,-0.09615384615384615,0.019230769230769218,-0.025641025641025605,-0.3141025641025641,-0.2115384615384615,0.1858974358974359,0.11663626318491205,0.17370345045887126,0.18575450073393296,0.3035345511967402,0.11663626318491205,0.17370345045887126,MM_EXPANSION
2020-08-11,1946.300048828125,97692,0.3974358974358974,-0.0369618758891019,0.0008742534523973,0.0732877592504746,0.1208177649456521,0.3974358974358974,39.743589743589745,-0.10897435897435898,-0.04487179487179488,-0.08333333333333337,-0.4166666666666667,-0.17307692307692307,0.04487179487179488,0.0732877592504746,0.1208177649456521,0.11586979894160931,0.24316561010401627,0.0732877592504746,0.1208177649456521,MM_DISTRIBUTION
2020-08-18,2013.0999755859373,95438,0.391025641025641,0.0343214946729477,-0.0039089680425842,0.0917619984443796,0.129685732652041,0.391025641025641,39.1025641025641,-0.14102564102564102,-0.10897435897435898,-0.057692307692307654,-0.6025641025641026,-0.17307692307692307,-0.07692307692307693,0.0917619984443796,0.12968573265204109,0.18084227940381448,0.2581874847412109,0.0917619984443796,0.12968573265204109,MM_DISTRIBUTION
2020-08-25,1923.0999755859373,86849,0.3846153846153846,-0.0447071685914677,-0.0119200907671747,-0.0110562584952834,0.0680921830524505,0.3846153846153846,38.46153846153846,-0.05128205128205132,-0.14743589743589747,-0.05128205128205132,-0.5705128205128206,0.04487179487179482,-0.17948717948717952,-0.011056258495283466,0.06809218305245057,0.10905419583964093,0.16770899695028052,-0.011056258495283466,0.06809218305245057,MM_DISTRIBUTION
2020-09-01,1978.9000244140625,97742,0.4166666666666667,0.0290156775708574,-0.0169886998095663,-0.0208312595675098,0.0933753233440128,0.4166666666666667,41.66666666666667,-0.019230769230769218,-0.11538461538461536,0.0,-0.4679487179487179,0.07692307692307693,-0.1858974358974359,-0.020831259567509863,0.09337532334401288,0.14925372922708058,0.20510325426924592,-0.020831259567509863,0.09337532334401288,MM_DISTRIBUTION
2020-09-08,1943.199951171875,104292,0.4358974358974359,-0.0180403622223199,0.0104518620150331,-0.0015928158960467,0.071578209446508,0.4358974358974359,43.58974358974359,0.03846153846153849,-0.07051282051282048,-0.0064102564102563875,-0.4358974358974359,0.14743589743589747,-0.09615384615384609,-0.001592815896046762,0.07157820944650806,0.11903250859307524,0.17123740568171786,-0.001592815896046762,0.07157820944650806,MM_DISTRIBUTION
2020-09-15,1966.199951171875,111098,0.4551282051282051,0.0118361468597862,-0.0064177437392006,-0.023297414426927,0.0663267667110507,0.4551282051282051,45.51282051282051,0.0641025641025641,-0.07692307692307693,-0.04487179487179488,-0.13461538461538464,0.20512820512820512,-0.1602564102564103,-0.02329741442692701,0.06632676671105076,0.10336697596625988,0.2893959733047944,-0.02329741442692701,0.06632676671105076,MM_DISTRIBUTION
2020-09-22,1907.5999755859373,81448,0.3782051282051282,-0.0298036705529423,-0.0183202843147811,-0.0080599033834823,-0.019027049503511,0.3782051282051282,37.82051282051282,-0.0064102564102563875,-0.05769230769230771,-0.15384615384615385,-0.21153846153846156,0.044871794871794934,-0.05769230769230771,-0.008059903383482392,-0.019027049503511084,0.059483463252395063,0.14901820966771595,-0.008059903383482392,-0.019027049503511084,MM_DISTRIBUTION
2020-09-29,1903.199951171875,94372,0.4038461538461538,-0.0023065760486344,-0.0320415021689179,-0.0382536117581795,-0.05828800040976,0.4038461538461538,40.38461538461538,-0.012820512820512886,-0.032051282051282104,-0.12820512820512825,-0.17307692307692307,0.006410256410256332,-0.05128205128205132,-0.03825361175817954,-0.05828800040976001,0.051549768218837055,0.2019703939793449,-0.03825361175817954,-0.05828800040976001,MM_DISTRIBUTION
2020-10-06,1908.800048828125,94612,0.4102564102564102,0.0029424641655764,0.0006291010995735,-0.0177027085262144,-0.0192673272667176,0.4102564102564102,41.02564102564102,-0.025641025641025716,0.012820512820512775,-0.0961538461538462,-0.1602564102564103,-0.06410256410256421,0.057692307692307654,-0.017702708526214472,-0.01926732726671765,0.05260837274163355,0.14656414755138614,-0.017702708526214472,-0.01926732726671765,MM_EXPANSION
2020-10-13,1894.5999755859373,81781,0.3846153846153846,-0.0074392670153721,-0.0045186926264065,-0.0364154090957348,-0.0588644386454324,0.3846153846153846,38.46153846153846,-0.07051282051282054,-0.006410256410256443,-0.14743589743589747,-0.1987179487179488,-0.13461538461538464,0.10256410256410253,-0.03641540909573482,-0.05886443864543245,0.02749604127153571,0.07849947529290402,-0.03641540909573482,-0.05886443864543245,MM_DISTRIBUTION
2020-10-20,1915.4000244140625,90565,0.4038461538461538,0.0109785965882811,0.0034576568614346,0.0040889331767417,-0.0040039266130865,0.4038461538461538,40.38461538461538,0.025641025641025605,0.019230769230769218,-0.032051282051282104,-0.12820512820512825,0.03205128205128199,0.16666666666666669,0.004088933176741749,-0.0040039266130865725,-0.015015916660739648,0.1413419617111491,0.004088933176741749,-0.0040039266130865725,MM_EXPANSION
2020-10-27,1911.9000244140625,101875,0.4679487179487179,-0.001827294536592,0.0091312409221238,0.0045712870246925,-0.0338571929725647,0.4679487179487179,46.79487179487179,0.0641025641025641,0.05128205128205121,0.03205128205128199,-0.06410256410256415,0.07692307692307698,0.16666666666666657,0.004571287024692561,-0.03385719297256473,-0.053983164565035824,0.11774336417074682,0.004571287024692561,-0.03385719297256473,MM_EXPANSION
2020-11-03,1910.4000244140625,90695,0.4102564102564102,-0.0007845598518989,-0.00261042076656,0.0008382101555999,-0.0168793369606827,0.4102564102564102,41.02564102564102,0.0,-0.025641025641025716,0.012820512820512775,-0.08974358974358981,0.025641025641025716,0.04487179487179477,0.0008382101555999277,-0.016879336960682778,-0.018445267180503877,0.12086364529994564,0.0008382101555999277,-0.016879336960682778,MM_DISTRIBUTION
2020-11-10,1876.4000244140625,79783,0.3717948717948718,-0.0177973197055565,-0.0185679164949431,-0.0096062236917564,-0.0456718182218908,0.3717948717948718,37.17948717948718,-0.012820512820512775,-0.08333333333333331,-0.019230769230769218,-0.0897435897435897,0.057692307692307765,-0.0064102564102563875,-0.009606223691756455,-0.045671818221890814,-0.06790519737207124,0.1009152766582071,-0.009606223691756455,-0.045671818221890814,MM_DISTRIBUTION
2020-11-17,1885.0999755859373,90447,0.4102564102564102,0.004636511969025,-0.0132433252223628,-0.015819175337744,-0.0117949257118693,0.4102564102564102,41.02564102564102,0.0064102564102563875,0.03205128205128199,0.025641025641025605,-0.0705128205128206,-0.019230769230769218,0.0897435897435897,-0.015819175337744018,-0.011794925711869353,-0.01975976313369876,0.08078203666924533,-0.015819175337744018,-0.011794925711869353,MM_EXPANSION
2020-11-24,1804.5999755859373,85348,0.4038461538461538,-0.0427033054175169,-0.038264787835177,-0.0561222069448998,-0.0518074706366117,0.4038461538461538,40.38461538461538,-0.0641025641025641,0.0,-0.012820512820512886,-0.04487179487179488,-0.1282051282051282,0.032051282051282104,-0.05612220694489989,-0.05180747063661173,-0.088079259526885,0.058540546632676715,-0.05612220694489989,-0.05180747063661173,MM_NEUTRAL
2020-12-01,1814.0999755859373,85543,0.4102564102564102,0.0052643245752652,-0.0376637849024062,-0.0504083163722013,-0.0496123589793112,0.4102564102564102,41.02564102564102,0.0,0.0,-0.025641025641025716,-0.025641025641025716,0.0,-0.012820512820512775,-0.050408316372201334,-0.049612358979311266,-0.0664367943752171,0.04619375754667665,-0.050408316372201334,-0.049612358979311266,MM_NEUTRAL
2020-12-08,1874.9000244140625,98811,0.4807692307692308,0.0335152690845979,0.0389560289145518,-0.0007994031019417,-0.0103979475486809,0.4807692307692308,48.07692307692308,0.10897435897435898,0.0961538461538462,0.02564102564102566,0.0641025641025641,0.12179487179487175,0.10256410256410264,-0.0007994031019417092,-0.010397947548680953,-0.046434711130674544,0.08885533296398185,-0.0007994031019417092,-0.010397947548680953,MM_EXPANSION
2020-12-15,1855.300048828125,101879,0.5,-0.0104538777165267,0.0227110268434242,-0.0158081412889253,-0.031377244867856,0.5,50.0,0.08974358974358981,0.0961538461538462,0.1217948717948718,0.05769230769230771,0.08333333333333343,0.07692307692307698,-0.01580814128892538,-0.03137724486785609,-0.027416611148649128,0.06841350350021602,-0.01580814128892538,-0.03137724486785609,MM_EXPANSION
2020-12-21,1882.800048828125,108124,0.5192307692307693,0.0148224002998167,0.0042135710230903,0.0433337439322512,-0.0152204483573118,0.5192307692307693,51.92307692307693,0.11538461538461547,0.05128205128205138,0.11538461538461547,0.019230769230769273,0.17948717948717957,1.6653345369377348e-16,0.0433337439322512,-0.015220448357311844,-0.010718738370705028,0.05656568396640016,0.0433337439322512,-0.015220448357311844,MM_EXPANSION
2020-12-29,1882.9000244140625,108995,0.5256410256410257,5.3099417540281024e-05,0.0148762867781795,0.0379251693699536,-0.0143948909383178,0.5256410256410257,52.56410256410257,0.11538461538461547,0.11538461538461547,0.11538461538461547,-0.0064102564102563875,0.11538461538461547,0.1410256410256412,0.037925169369953604,-0.014394890938317806,-0.013568746726490999,0.045765078819251626,0.037925169369953604,-0.014394890938317806,MM_EXPANSION
2021-01-05,1954.4000244140625,116569,0.5576923076923077,0.0379733385059835,0.0380284542856805,0.0424022609018019,0.0415689613009659,0.5576923076923077,55.769230769230774,0.07692307692307693,0.1858974358974359,0.17307692307692313,0.02564102564102566,-0.03205128205128205,0.2692307692307692,0.04240226090180199,0.04156896130096599,0.03156341686831854,0.07983866404266204,0.04240226090180199,0.04156896130096599,MM_EXPANSION
2021-01-12,1844.199951171875,78234,0.358974358974359,-0.0563856282570534,-0.0205534402997474,-0.0059829123937452,-0.021696474958231,0.358974358974359,35.8974358974359,-0.14102564102564102,-0.05128205128205121,-0.04487179487179482,-0.1474358974358974,-0.23076923076923084,-0.0833333333333332,-0.0059829123937452655,-0.021696474958231016,-0.037172429954399844,0.01698462906316789,-0.0059829123937452655,-0.021696474958231016,MM_DISTRIBUTION
2021-01-19,1840.199951171875,78071,0.358974358974359,-0.0021689622090371,-0.0584322921692682,-0.0226259276351542,0.0197273501427255,0.358974358974359,35.8974358974359,-0.1602564102564103,-0.04487179487179482,-0.10897435897435892,-0.17307692307692307,-0.27564102564102577,-0.04487179487179482,-0.022625927635154253,0.01972735014272553,-0.03750199922935893,-0.002006656105643989,-0.022625927635154253,0.01972735014272553,MM_DISTRIBUTION
2021-01-26,1850.9000244140625,96399,0.4743589743589743,0.0058146253266517,0.0036330514150215,-0.0169950605900905,0.0202855682285312,0.4743589743589743,47.43589743589743,-0.05128205128205138,0.0641025641025641,0.0641025641025641,0.03846153846153838,-0.16666666666666685,0.0641025641025641,-0.016995060590090594,0.020285568228531226,-0.031145309484723827,-0.048184692146589936,-0.016995060590090594,0.020285568228531226,MM_EXPANSION
2021-02-02,1833.4000244140625,87778,0.4230769230769231,-0.009454859673223,-0.0036952108130869,-0.0619115833444978,-0.0221345135525129,0.4230769230769231,42.30769230769231,-0.13461538461538464,-0.05769230769230771,0.051282051282051266,-0.01282051282051283,-0.21153846153846156,-0.1538461538461539,-0.06191158334449787,-0.022134513552512947,-0.022916222255660812,-0.09282532191288351,-0.06191158334449787,-0.022134513552512947,MM_DISTRIBUTION
2021-02-09,1837.5,87640,0.4230769230769231,0.0022362689709507,-0.0072397343115842,-0.0036329852235478,-0.0095941617849728,0.4230769230769231,42.30769230769231,0.0641025641025641,-0.07692307692307693,0.012820512820512886,0.02564102564102566,0.20512820512820512,-0.17307692307692313,-0.0036329852235478244,-0.009594161784972854,-0.025250637208852567,-0.05590096393083577,-0.0036329852235478244,-0.009594161784972854,MM_DISTRIBUTION
2021-02-16,1799.0,67956,0.358974358974359,-0.0209523809523809,-0.0187629671408215,-0.0223888448348441,-0.0445082040869305,0.358974358974359,35.8974358974359,0.0,-0.1602564102564103,-0.04487179487179482,-0.03205128205128205,0.1602564102564103,-0.21153846153846168,-0.022388844834844157,-0.04450820408693057,-0.0031031672734668225,-0.10635337448832904,-0.022388844834844157,-0.04450820408693057,MM_DISTRIBUTION
2021-02-23,1805.9000244140625,69123,0.3653846153846153,0.0038354777176556,-0.017197265625,-0.0243124963025734,-0.0408943645449054,0.3653846153846153,36.53846153846153,-0.10897435897435898,-0.16025641025641035,-0.04487179487179488,-0.019230769230769273,-0.0576923076923076,-0.2756410256410258,-0.024312496302573483,-0.04089436454490547,-0.004520120876594036,-0.060943244064139646,-0.024312496302573483,-0.04089436454490547,MM_DISTRIBUTION
2021-03-02,1733.5999755859375,45960,0.3205128205128205,-0.0400354658899698,-0.0363535433096512,-0.0544344101119013,-0.1129758729379476,0.3205128205128205,32.05128205128205,-0.10256410256410259,-0.23717948717948723,-0.1602564102564103,-0.0961538461538462,0.03205128205128205,-0.42307692307692313,-0.05443441011190131,-0.11297587293794764,-0.07536404447606937,-0.1239577774530356,-0.05443441011190131,-0.11297587293794764,MM_DISTRIBUTION
2021-03-09,1716.9000244140625,29430,0.2564102564102564,-0.0096331053340206,-0.0492829053639759,-0.0656326397746598,-0.0690271825877238,0.2564102564102564,25.64102564102564,-0.16666666666666669,-0.10256410256410259,-0.2435897435897436,-0.17948717948717952,-0.23076923076923078,-0.05128205128205138,-0.06563263977465983,-0.06902718258772389,-0.07459711139525971,-0.11645735510714639,-0.06563263977465983,-0.06902718258772389,MM_RESET
2021-03-16,1730.9000244140625,41121,0.3012820512820512,0.0081542313477325,-0.0015574245557787,-0.0378543499643899,-0.0593956796315575,0.3012820512820512,30.12820512820512,-0.057692307692307765,-0.057692307692307765,-0.21794871794871806,-0.1538461538461539,-0.057692307692307765,-0.012820512820512941,-0.037854349964389966,-0.05939567963155756,-0.08067772491752734,-0.11967243037391562,-0.037854349964389966,-0.05939567963155756,MM_DISTRIBUTION
2021-03-23,1725.0999755859375,43521,0.3269230769230769,-0.0033508860975887,0.0047760213496843,-0.0447422602224844,-0.06796696048883,0.3269230769230769,32.69230769230769,-0.03846153846153838,-0.14743589743589736,-0.19871794871794873,-0.051282051282051266,0.0705128205128206,-0.21153846153846145,-0.0447422602224844,-0.06796696048883,-0.0838069184672886,-0.0956699529962739,-0.0447422602224844,-0.06796696048883,MM_DISTRIBUTION
2021-03-30,1683.9000244140625,43073,0.3269230769230769,-0.0238826455016795,-0.0271535035744829,-0.0286686385970195,-0.0815424882781807,0.3269230769230769,32.69230769230769,0.006410256410256443,-0.09615384615384615,-0.23076923076923078,-0.07692307692307687,0.10897435897435903,-0.038461538461538436,-0.028668638597019513,-0.08154248827818078,-0.13840564706352632,-0.1152269506011604,-0.028668638597019513,-0.08154248827818078,MM_DISTRIBUTION
2021-04-06,1743.0,66472,0.391025641025641,0.0350970810197013,0.0103762243738845,0.0152018027927076,-0.0514285714285713,0.391025641025641,39.1025641025641,0.13461538461538464,-0.03205128205128205,0.03205128205128205,-0.019230769230769162,0.3012820512820513,0.04487179487179488,0.015201802792707664,-0.05142857142857138,-0.05487471741205108,-0.08686087834601386,0.015201802792707664,-0.05142857142857138,MM_DISTRIBUTION
2021-04-13,1747.5999755859375,53807,0.3717948717948718,0.0026391139334123,0.0378288201486547,0.0096481315710468,-0.0285714421423359,0.3717948717948718,37.17948717948718,0.0705128205128206,0.01282051282051283,0.01282051282051283,-0.012820512820512775,0.12820512820512836,0.17307692307692313,0.009648131571046825,-0.02857144214233598,-0.05032060539234773,-0.07758893797860289,0.009648131571046825,-0.02857144214233598,MM_ACCUMULATION
2021-04-20,1778.4000244140625,56424,0.391025641025641,0.0176241984769989,0.0203098246781769,0.0308967883499164,-0.0152278640169588,0.391025641025641,39.1025641025641,0.0641025641025641,0.025641025641025716,-0.08333333333333326,-0.012820512820512775,0.10256410256410248,0.18589743589743607,0.030896788349916493,-0.015227864016958859,-0.03917013293192384,-0.07152552900374398,0.030896788349916493,-0.015227864016958859,MM_ACCUMULATION
2021-04-27,1778.800048828125,50651,0.3525641025641026,0.0002249350025702,0.0178530977786988,0.0563572795523203,0.0260729544755042,0.3525641025641026,35.256410256410255,0.02564102564102566,0.032051282051282104,-0.07051282051282048,-0.11538461538461531,0.019230769230769218,0.26923076923076933,0.056357279552320394,0.026072954475504284,-0.029780721533145593,-0.06961659808897613,0.056357279552320394,0.026072954475504284,MM_ACCUMULATION
2021-05-04,1776.0,53625,0.3653846153846153,-0.0015741223022619,-0.0013495413748958,0.0189328743545611,0.0344224909695058,0.3653846153846153,36.53846153846153,-0.025641025641025716,0.10897435897435892,-0.057692307692307765,-0.04487179487179488,-0.16025641025641035,0.2115384615384615,0.018932874354561147,0.03442249096950589,-0.033469387755102,-0.07035177067446086,0.018932874354561147,0.03442249096950589,MM_ACCUMULATION
2021-05-11,1836.0999755859373,81615,0.4487179487179487,0.0338400763434332,0.0322126856222888,0.0506408796271169,0.0607776010676797,0.4487179487179487,44.87179487179487,0.07692307692307687,0.14743589743589747,0.0897435897435897,0.07692307692307687,0.0064102564102562765,0.20512820512820523,0.05064087962711694,0.06077760106767971,0.020622554522477632,-0.02147732269440228,0.05064087962711694,0.06077760106767971,MM_EXPANSION
2021-05-18,1868.0,91990,0.5192307692307693,0.0173737949121657,0.0518018018018018,0.0503823517520802,0.082835792960652,0.5192307692307693,51.92307692307693,0.12820512820512825,0.19230769230769235,0.15384615384615397,0.10897435897435909,0.06410256410256415,0.3397435897435897,0.05038235175208028,0.08283579296065202,0.03438727213378612,-0.009071123976128748,0.05038235175208028,0.08283579296065202,MM_EXPANSION
2021-05-25,1898.0,107255,0.6025641025641025,0.0160599571734474,0.0337127744878429,0.0670114391161638,0.1271453010759571,0.6025641025641025,60.256410256410255,0.24999999999999994,0.2756410256410256,0.28205128205128205,0.19871794871794873,0.22435897435897428,0.37179487179487175,0.0670114391161638,0.12714530107595712,0.09483157979308188,0.05175663619508608,0.0670114391161638,0.12714530107595712,MM_EXPANSION
2021-06-01,1905.0,109973,0.6153846153846154,0.0036880927291886,0.0198072805139186,0.072635135135135,0.0929432013769362,0.6153846153846154,61.53846153846154,0.2500000000000001,0.2243589743589744,0.35897435897435903,0.20512820512820523,0.2756410256410258,0.25641025641025644,0.07263513513513509,0.09294320137693624,0.10955790838789903,0.05010750545030063,0.07263513513513509,0.09294320137693624,MM_EXPANSION
2021-06-08,1894.4000244140625,107664,0.5961538461538461,-0.0055642916461614,-0.0018967205405361,0.0317521102354574,0.0840009446549148,0.5961538461538461,59.61538461538461,0.14743589743589747,0.22435897435897434,0.29487179487179493,0.11538461538461536,0.0705128205128206,0.2115384615384615,0.03175211023545743,0.08400094465491481,0.0944595283920846,0.010400554560819453,0.03175211023545743,0.08400094465491481,MM_EXPANSION
2021-06-15,1856.4000244140625,96792,0.532051282051282,-0.0200591213631098,-0.0255117982078412,-0.0062098370374398,0.0438596485206972,0.532051282051282,53.205128205128204,0.012820512820512775,0.14102564102564102,0.20512820512820512,0.03205128205128205,-0.11538461538461547,0.11538461538461531,-0.006209837037439825,0.043859648520697236,0.07611155914805945,0.0005928828529015995,-0.006209837037439825,0.043859648520697236,MM_EXPANSION
2021-06-22,1777.4000244140625,62536,0.358974358974359,-0.0425554831722946,-0.0617609789337857,-0.0635405561569744,-0.000787061151131,0.358974358974359,35.8974358974359,-0.24358974358974356,0.0064102564102563875,0.03205128205128205,-0.1602564102564103,-0.4935897435897435,-0.025641025641025716,-0.0635405561569744,-0.0007870611511310299,0.05552586177587049,-0.05598046615712837,-0.0635405561569744,-0.0007870611511310299,MM_ACCUMULATION
2021-06-29,1763.5999755859375,61382,0.3525641025641026,-0.0077641772468605,-0.0499892521049797,-0.0742257346005577,-0.0069819957286387,0.3525641025641026,35.256410256410255,-0.26282051282051283,-0.01282051282051272,-0.038461538461538436,-0.17307692307692307,-0.512820512820513,-0.12179487179487164,-0.0742257346005577,-0.006981995728638779,0.011818689378047864,-0.06335973619483581,-0.0742257346005577,-0.006981995728638779,MM_DISTRIBUTION
2021-07-06,1794.199951171875,77960,0.3782051282051282,0.0173508596107634,0.0094519672144997,-0.0528927744673036,-0.0228201214373913,0.3782051282051282,37.82051282051282,-0.21794871794871795,-0.07051282051282048,0.0064102564102563875,-0.17948717948717952,-0.3653846153846154,-0.21794871794871795,-0.05289277446730367,-0.022820121437391316,0.026665127166938474,-0.08196892715973858,-0.05289277446730367,-0.022820121437391316,MM_DISTRIBUTION
2021-07-13,1809.9000244140625,86291,0.4423076923076923,0.0087504590733786,0.026253146671054,-0.0250484806014139,-0.0311027706562834,0.4423076923076923,44.230769230769226,-0.08974358974358976,-0.07692307692307698,0.051282051282051266,0.08333333333333331,-0.10256410256410253,-0.26923076923076933,-0.02504848060141396,-0.03110277065628342,0.017712550364127777,-0.018598811227609535,-0.02504848060141396,-0.03110277065628342,MM_DISTRIBUTION
2021-07-20,1811.4000244140625,90428,0.4615384615384615,0.0008287750592663,0.0095864862948822,0.0191290646635433,-0.0456269629009153,0.4615384615384615,46.15384615384615,0.10256410256410253,-0.14102564102564102,0.10897435897435892,0.10256410256410253,0.3461538461538461,-0.41666666666666663,0.01912906466354336,-0.04562696290091539,0.018326947768758206,-0.01565043338875871,0.01912906466354336,-0.04562696290091539,MM_DISTRIBUTION
2021-07-27,1799.800048828125,90230,0.4551282051282051,-0.0064038729323137,-0.0055804052432162,0.0205262382305038,-0.0552230714812992,0.4551282051282051,45.51282051282051,0.10256410256410253,-0.1602564102564103,0.08974358974358981,-0.019230769230769162,0.36538461538461536,-0.3846153846153847,0.020526238230503813,-0.055223071481299235,0.013400928394214473,-0.02760817705543772,0.020526238230503813,-0.055223071481299235,MM_DISTRIBUTION
2021-08-03,1814.0999755859373,89873,0.4487179487179487,0.0079452863484046,0.001490532811905,0.0110913080791605,-0.0423881164449213,0.4487179487179487,44.87179487179487,0.07051282051282048,-0.14743589743589747,0.0,0.025641025641025605,0.28846153846153844,-0.3717948717948718,0.011091308079160589,-0.04238811644492135,-0.011981918355496557,-0.010526916423650334,0.011091308079160589,-0.04238811644492135,MM_DISTRIBUTION
2021-08-10,1731.699951171875,35403,0.2179487179487179,-0.0454219863971101,-0.0378375907371437,-0.0432068468906198,-0.0671730616258458,0.2179487179487179,21.79487179487179,-0.2243589743589744,-0.31410256410256415,-0.3012820512820514,-0.20512820512820518,-0.13461538461538464,-0.4551282051282052,-0.04320684689061982,-0.0671730616258458,-0.07296576489728324,-0.0575782578656463,-0.04320684689061982,-0.0671730616258458,MM_RESET
2021-08-17,1787.800048828125,59078,0.3141025641025641,0.032395968838762,-0.0144975068142634,-0.0130285830119558,0.0058512570446773,0.3141025641025641,31.41025641025641,-0.1474358974358974,-0.04487179487179488,-0.28846153846153844,-0.04487179487179488,-0.24999999999999994,-0.051282051282051266,-0.013028583011955863,0.0058512570446773715,-0.05806109123913328,-0.006225653792037211,-0.013028583011955863,0.0058512570446773715,MM_DISTRIBUTION
2021-08-24,1808.5,75444,0.3461538461538461,0.0115784487115566,0.0443495126139796,0.0048338431691563,0.0254593020161191,0.3461538461538461,34.615384615384606,-0.10897435897435903,-0.0064102564102564985,-0.26923076923076933,-0.019230769230769218,-0.21153846153846156,0.006410256410256221,0.00483384316915636,0.025459302016119123,-0.05065616797900263,0.0014397118061844072,0.00483384316915636,0.025459302016119123,MM_DISTRIBUTION
2021-08-31,1818.0999755859373,81677,0.391025641025641,0.0053082530195949,0.0169481630664869,0.0022049501426777,0.0133207140031701,0.391025641025641,39.1025641025641,-0.057692307692307654,0.01282051282051283,-0.20512820512820512,0.07051282051282054,-0.12820512820512814,0.08333333333333331,0.002204950142677742,0.013320714003170142,-0.04027662998564663,0.04874250184010287,0.002204950142677742,0.013320714003170142,MM_ACCUMULATION
2021-09-07,1798.5,67595,0.3205128205128205,-0.0107804718382555,-0.0055294442908487,0.0385748401638055,-0.0062987039396019,0.3205128205128205,32.05128205128205,0.10256410256410259,-0.1217948717948718,-0.21153846153846156,0.0641025641025641,0.326923076923077,-0.04487179487179482,0.038574840163805524,-0.006298703939601968,-0.031189411577570714,0.047527505635504674,0.038574840163805524,-0.006298703939601968,MM_DISTRIBUTION
2021-09-14,1807.0999755859373,71222,0.3333333333333333,0.0047817490052473,-0.0060502723434968,0.0107953497207158,-0.0023738814012195,0.3333333333333333,33.33333333333333,0.019230769230769218,-0.1282051282051282,-0.02564102564102566,0.032051282051282104,0.16666666666666663,0.01282051282051283,0.01079534972071583,-0.002373881401219524,0.01670977313149624,0.04402331162810502,0.01079534972071583,-0.002373881401219524,MM_DISTRIBUTION
2021-09-21,1778.199951171875,46844,0.2371794871794871,-0.0159924878559591,-0.0112872109136085,-0.0167542432005114,-0.0120013874154043,0.2371794871794871,23.71794871794871,-0.108974358974359,-0.21794871794871803,-0.1153846153846155,-0.08974358974358984,2.7755575615628914e-17,-0.05769230769230774,-0.016754243200511443,-0.012001387415404352,0.008278507477914143,0.03078081058339932,-0.016754243200511443,-0.012001387415404352,MM_RESET
2021-09-28,1737.5,30861,0.1538461538461538,-0.0228882871946165,-0.0385147343955721,-0.0443319821067383,-0.042224781774332,0.1538461538461538,15.38461538461538,-0.23717948717948723,-0.2948717948717949,-0.2243589743589744,-0.17307692307692313,-0.17948717948717957,-0.1474358974358974,-0.04433198210673839,-0.04222478177433209,-0.03160180175840577,0.03183085385641493,-0.04433198210673839,-0.04222478177433209,MM_RESET
2021-10-05,1760.9000244140625,54166,0.2692307692307692,0.0134676399505395,-0.0097288984550986,-0.0209062972398874,0.0168620858494725,0.2692307692307692,26.923076923076923,-0.051282051282051266,0.05128205128205132,-0.17307692307692307,-0.1217948717948718,-0.15384615384615385,0.3653846153846155,-0.02090629723988746,0.016862085849472574,-0.027073318602702012,0.010269664035606807,-0.02090629723988746,0.016862085849472574,MM_ACCUMULATION
2021-10-12,1759.300048828125,58519,0.282051282051282,-0.0009086123935229,0.0125467906924461,-0.0264511800141624,-0.0159413800322252,0.282051282051282,28.2051282051282,-0.05128205128205132,-0.032051282051282104,-0.17948717948717952,-0.08974358974358981,-0.07051282051282054,0.012820512820512775,-0.026451180014162468,-0.015941380032225227,-0.02876226945110616,0.006694937860859618,-0.026451180014162468,-0.015941380032225227,MM_RESET
2021-10-19,1770.5,57799,0.2692307692307692,0.0063661404314376,0.0054517436838197,-0.0043301942319818,-0.0210118883052253,0.2692307692307692,26.923076923076923,0.03205128205128213,-0.07692307692307687,-0.1858974358974359,-0.1217948717948718,0.14102564102564114,-0.07051282051282037,-0.004330194231981888,-0.02101188830522538,-0.016279613308824326,-0.0044422088987911,-0.004330194231981888,-0.02101188830522538,MM_RESET
2021-10-26,1793.4000244140625,86362,0.4230769230769231,0.0129342131680669,0.0193826946169026,0.0321726759217626,-0.0135855846782653,0.4230769230769231,42.30769230769231,0.2692307692307693,0.03205128205128205,-0.025641025641025605,0.07051282051282048,0.5064102564102565,0.019230769230769218,0.03217267592176265,-0.013585584678265317,-0.011410590072462146,0.008207766575875741,0.03217267592176265,-0.013585584678265317,MM_EXPANSION
2021-11-02,1789.4000244140625,85239,0.3974358974358974,-0.002230400326501,0.0106749643682928,0.0161849052216824,-0.0050597584575687,0.3974358974358974,39.743589743589745,0.1282051282051282,0.07692307692307693,0.17948717948717952,0.032051282051282104,0.17948717948717946,0.19871794871794873,0.016184905221682477,-0.005059758457568786,0.03331990233246862,0.007545058791701864,0.016184905221682477,-0.005059758457568786,MM_ACCUMULATION
2021-11-09,1830.800048828125,125610,0.6538461538461539,0.0231362601146822,0.0208542566660674,0.0406411629713909,0.0131149762394873,0.6538461538461539,65.38461538461539,0.37179487179487186,0.32051282051282054,0.33974358974358976,0.20512820512820518,0.4230769230769232,0.44871794871794873,0.040641162971390976,0.01311497623948732,0.02405190671528712,-0.0028865131682827005,0.040641162971390976,0.01311497623948732,MM_EXPANSION
2021-11-16,1854.0999755859373,142385,0.7051282051282052,0.0127266365175848,0.036157343405123,0.0472182861259176,0.0426836275437092,0.7051282051282052,70.51282051282051,0.43589743589743596,0.46794871794871806,0.3589743589743591,0.1858974358974359,0.40384615384615385,0.6858974358974361,0.04721828612591761,0.042683627543709246,0.025214252466650322,-0.007441126559990741,0.04721828612591761,0.042683627543709246,MM_EXPANSION
2021-11-23,1783.800048828125,105339,0.5705128205128205,-0.0379159310088421,-0.0256718367634325,-0.005352947170319,0.0266475101169065,0.5705128205128205,57.05128205128205,0.1474358974358974,0.4166666666666667,0.17948717948717946,-0.03205128205128205,-0.12179487179487186,0.7115384615384616,-0.005352947170319089,0.02664751011690658,-0.018865808931523786,-0.060168572798669606,-0.005352947170319089,0.02664751011690658,MM_EXPANSION
2021-11-30,1773.5999755859375,92085,0.4743589743589743,-0.0057181707383002,-0.0434172919799321,-0.008829802510648,0.0072121931942734,0.4743589743589743,47.43589743589743,0.07692307692307687,0.20512820512820507,0.1538461538461538,-0.14102564102564114,-0.05128205128205132,0.15384615384615374,-0.008829802510648022,0.007212193194273464,-0.013844884300284965,-0.06897639076853679,-0.008829802510648022,0.007212193194273464,MM_EXPANSION
2021-12-07,1784.699951171875,80741,0.3333333333333333,0.0062584436957213,0.0005044861078129,-0.0251803017406286,0.0144375044840525,0.3333333333333333,33.33333333333333,-0.32051282051282054,0.05128205128205132,0.0,-0.26282051282051283,-0.6923076923076924,0.08333333333333343,-0.025180301740628686,0.014437504484052566,-0.012395564560172878,-0.057907554808081074,-0.025180301740628686,0.014437504484052566,MM_ACCUMULATION
2021-12-14,1772.300048828125,63417,0.2564102564102564,-0.0069478919050834,-0.000732931199654,-0.0441184012916896,0.0010166895386189,0.2564102564102564,25.64102564102564,-0.4487179487179488,-0.01282051282051283,0.0192307692307693,-0.27564102564102566,-0.8846153846153848,0.06410256410256404,-0.044118401291689646,0.0010166895386189978,-0.0033179071565387908,-0.045302722732123435,-0.044118401291689646,0.0010166895386189978,MM_RESET
2021-12-21,1788.699951171875,71748,0.2884615384615384,0.009253457028675,0.0022412731044081,0.0027468899033662,-0.0026207612234884,0.2884615384615384,28.84615384615384,-0.2820512820512821,-0.1346153846153847,0.13461538461538458,-0.0705128205128206,-0.4294871794871795,-0.16666666666666674,0.0027468899033662453,-0.0026207612234884214,0.029467597796762668,0.006357559695397086,0.0027468899033662453,-0.0026207612234884214,MM_RESET
2021-12-28,1810.9000244140625,83663,0.3653846153846153,0.0124112896786534,0.0217795940430405,0.0210306998993965,0.0120152004619762,0.3653846153846153,36.53846153846153,-0.10897435897435898,-0.032051282051282104,0.09615384615384609,0.01282051282051272,-0.18589743589743585,-0.10897435897435903,0.021030699899396543,0.012015200461976239,0.028394570564355348,0.026820168679357215,0.021030699899396543,0.012015200461976239,MM_DISTRIBUTION
2022-01-04,1814.5999755859373,79508,0.3141025641025641,0.0020431559567026,0.0144798038357936,0.0167535301350958,-0.0088486305495552,0.3141025641025641,31.41025641025641,-0.019230769230769218,-0.33974358974358976,0.032051282051282104,-0.0641025641025641,0.3012820512820513,-0.6602564102564104,0.01675353013509584,-0.008848630549555203,0.03143291378559776,0.011369983819661922,0.01675353013509584,-0.008848630549555203,MM_DISTRIBUTION
2022-01-11,1818.5,74310,0.2756410256410256,0.002149247474118,0.0041967946785999,0.0260677932060224,-0.0192006774471192,0.2756410256410256,27.564102564102562,0.019230769230769218,-0.42948717948717957,0.0064102564102563875,-0.16666666666666669,0.467948717948718,-0.8974358974358976,0.026067793206022483,-0.019200677447119285,0.02711098559728886,0.004751630183949862,0.026067793206022483,-0.019200677447119285,MM_RESET
2022-01-18,1812.4000244140625,71793,0.2692307692307692,-0.0033543995523439,-0.0012123615129909,0.0132498875659163,0.0160331734516581,0.2692307692307692,26.923076923076923,-0.019230769230769162,-0.30128205128205127,-0.15384615384615385,-0.1923076923076923,0.26282051282051294,-0.717948717948718,0.013249887565916385,0.01603317345165811,0.01059440155087965,0.0005520591733034763,0.013249887565916385,0.01603317345165811,MM_RESET
2022-01-25,1852.5,101375,0.5384615384615384,0.0221253448718647,0.0186967280725873,0.0229719890800694,0.0444858059879011,0.5384615384615384,53.84615384615385,0.17307692307692313,0.06410256410256415,0.14102564102564102,0.08333333333333331,0.2820512820512821,-0.1410256410256409,0.022971989080069477,0.044485805987901195,0.03526320259585303,0.02928100330155492,0.022971989080069477,0.044485805987901195,MM_EXPANSION
2022-02-01,1801.5,49914,0.1346153846153846,-0.0275303643724695,-0.0060141383067937,-0.0072192085099677,0.0094133743978048,0.1346153846153846,13.461538461538462,-0.1794871794871795,-0.1987179487179487,-0.5192307692307693,-0.3141025641025641,-0.16025641025641027,-0.25,-0.007219208509967712,0.009413374397804875,-0.01600395895055806,-0.00694557949148733,-0.007219208509967712,0.009413374397804875,MM_RESET
2022-02-08,1827.9000244140625,69467,0.2435897435897435,0.0146544681732236,-0.0132793390477395,0.0051691088336884,0.0313716492998468,0.2435897435897435,24.35897435897435,-0.032051282051282104,-0.012820512820512886,-0.4615384615384617,0.025641025641025605,-0.05128205128205132,-5.551115123125783e-17,0.005169108833688485,0.031371649299846815,-0.014130819004835482,0.05555239126563882,0.005169108833688485,0.031371649299846815,MM_RESET
2022-02-15,1856.199951171875,107706,0.5833333333333334,0.0154822071118927,0.030363558796489,0.0241668098476066,0.0377369049268307,0.5833333333333334,58.333333333333336,0.31410256410256415,0.294871794871795,0.012820512820512886,0.2692307692307693,0.3333333333333333,0.4294871794871797,0.024166809847606663,0.037736904926830794,0.04058745395332486,0.03825925745364267,0.024166809847606663,0.037736904926830794,MM_EXPANSION
2022-02-22,1907.4000244140625,138976,0.6858974358974359,0.0275832747489641,0.0434925318333445,0.0296356407093454,0.0532884194041709,0.6858974358974359,68.58974358974359,0.14743589743589747,0.3205128205128206,0.21153846153846162,0.3397435897435898,-0.02564102564102566,0.3525641025641027,0.029635640709345434,0.05328841940417095,0.07543981206016981,0.054686217536114246,0.029635640709345434,0.05328841940417095,MM_EXPANSION
2022-03-01,1943.800048828125,148621,0.717948717948718,0.0190835818119716,0.0471932442412497,0.078989757884055,0.0712003058417702,0.717948717948718,71.7948717948718,0.5833333333333334,0.40384615384615385,0.38461538461538464,0.3269230769230769,0.7628205128205129,0.7435897435897436,0.07898975788405505,0.07120030584177028,0.08914669244641438,0.06913815242843135,0.07898975788405505,0.07120030584177028,MM_EXPANSION
2022-03-08,2043.300048828125,142973,0.6987179487179487,0.0511883925818328,0.0712488322714632,0.1178401562104631,0.1236183936365824,0.6987179487179487,69.87179487179486,0.4551282051282052,0.4230769230769231,0.4423076923076923,0.3782051282051282,0.4871794871794873,0.8525641025641026,0.11784015621046318,0.12361839363658245,0.15290864556438377,0.13611345500590777,0.11784015621046318,0.12361839363658245,MM_EXPANSION
2022-03-15,1929.699951171875,126537,0.6282051282051282,-0.0555963857199544,-0.0072538827564855,0.0395970272241399,0.064720770899203,0.6282051282051282,62.82051282051282,0.04487179487179482,0.358974358974359,0.3397435897435898,0.2948717948717949,-0.26923076923076933,0.6602564102564102,0.039597027224139936,0.06472077089920303,0.0788282014027133,0.06784349357659947,0.039597027224139936,0.06472077089920303,MM_EXPANSION
2022-03-22,1921.5,115132,0.5961538461538461,-0.0042493399903417,-0.0596094777651377,0.0073922488232476,0.037246963562753,0.5961538461538461,59.61538461538461,-0.08974358974358976,0.05769230769230771,0.23076923076923084,0.35897435897435903,-0.23717948717948723,-0.006410256410256443,0.007392248823247627,0.03724696356275303,0.06107458948305178,0.08058714023340685,0.007392248823247627,0.03724696356275303,MM_EXPANSION
2022-03-29,1912.199951171875,108302,0.5576923076923077,-0.0048399941858574,-0.0090687673953521,-0.0162568663764058,0.0614487655686233,0.5576923076923077,55.769230769230774,-0.16025641025641024,0.42307692307692313,0.2435897435897436,0.4038461538461539,-0.7435897435897436,0.6217948717948718,-0.016256866376405887,0.06144876556862333,0.05378594560733552,0.10054673448741003,-0.016256866376405887,0.06144876556862333,MM_EXPANSION
2022-04-05,1927.5,101627,0.4935897435897436,0.0080012808382035,0.0031225604996096,-0.0566730514661998,0.0544887435065626,0.4935897435897436,49.358974358974365,-0.20512820512820507,0.2500000000000001,0.217948717948718,0.2243589743589744,-0.6602564102564102,0.262820512820513,-0.05667305146619983,0.05448874350656263,0.059939510585647504,0.09461069525589538,-0.05667305146619983,0.05448874350656263,MM_EXPANSION
2022-04-12,1976.0999755859373,117025,0.6025641025641025,0.0252139951159207,0.0334170202100996,0.0240452016314165,0.0645943473591654,0.6025641025641025,60.256410256410255,-0.02564102564102566,0.019230769230769162,0.3333333333333333,0.32051282051282054,-0.07051282051282048,-0.2756410256410258,0.024045201631416546,0.06459434735916547,0.09032219651663165,0.12323078539230603,0.024045201631416546,0.06459434735916547,MM_EXPANSION
2022-04-19,1959.0,101266,0.4743589743589743,-0.0086533959805686,0.0163424124513618,0.0195160031225605,0.0270525190969255,0.4743589743589743,47.43589743589743,-0.12179487179487186,-0.21153846153846162,-0.06410256410256415,0.20512820512820507,-0.032051282051282104,-0.5320512820512822,0.01951600312256052,0.02705251909692552,0.0574898785425102,0.1064670996893533,0.01951600312256052,0.02705251909692552,MM_DISTRIBUTION
2022-04-26,1904.0999755859373,81117,0.2628205128205128,-0.0280245147596032,-0.0364354035167937,-0.0042359459223778,-0.020423949091946,0.2628205128205128,26.282051282051277,-0.29487179487179493,-0.4551282051282052,0.12820512820512817,-0.1602564102564103,-0.1346153846153847,-0.858974358974359,-0.0042359459223778595,-0.020423949091946003,0.05695252599829992,0.06172630180934813,-0.0042359459223778595,-0.020423949091946003,MM_RESET
2022-05-03,1870.5999755859373,67847,0.1666666666666666,-0.0175936140063712,-0.0451250762705782,-0.0295201164275292,-0.0845201728161435,0.1666666666666666,16.66666666666666,-0.326923076923077,-0.532051282051282,-0.0769230769230769,-0.2307692307692308,-0.12179487179487192,-0.9551282051282051,-0.029520116427529275,-0.08452017281614355,0.0233601130267298,0.04537831120152336,-0.029520116427529275,-0.08452017281614355,MM_RESET
2022-05-10,1841.0,61992,0.1346153846153846,-0.015823787005378,-0.0331390034110576,-0.0683669739664252,-0.0459656700089612,0.1346153846153846,13.461538461538462,-0.46794871794871795,-0.4935897435897436,-0.4487179487179488,-0.5192307692307693,-0.4423076923076923,-0.8525641025641026,-0.06836697396642522,-0.045965670008961235,-0.008188746671541902,0.005571308116582019,-0.06836697396642522,-0.045965670008961235,MM_RESET
2022-05-17,1818.9000244140625,43360,0.0448717948717948,-0.0120043322031164,-0.0276381652125706,-0.0715160671699527,-0.0533957718375943,0.0448717948717948,4.48717948717948,-0.42948717948717946,-0.5512820512820513,-0.6410256410256411,-0.6602564102564104,-0.3076923076923076,-0.608974358974359,-0.07151606716995274,-0.053395771837594364,-0.046398237845879486,-0.018984926182716078,-0.07151606716995274,-0.053395771837594364,MM_RESET
2022-05-24,1865.4000244140625,61057,0.1217948717948717,0.0255649015206207,0.0132536797469107,-0.0203245374024889,-0.0244743896835326,0.1217948717948717,12.17948717948717,-0.14102564102564108,-0.435897435897436,-0.5961538461538463,-0.4487179487179488,0.15384615384615385,-0.8589743589743591,-0.020324537402488962,-0.02447438968353266,-0.04033337917720914,0.04574502374273681,-0.020324537402488962,-0.02447438968353266,MM_RESET
2022-05-31,1842.699951171875,50793,0.0769230769230769,-0.0121690109065575,0.0130847910486335,-0.0149150137807111,-0.0439948372649157,0.0769230769230769,7.69230769230769,-0.0897435897435897,-0.41666666666666674,-0.6217948717948718,-0.39743589743589736,0.23717948717948728,-0.6666666666666669,-0.01491501378071114,-0.04399483726491571,-0.09817456705455385,0.03896029349183383,-0.01491501378071114,-0.04399483726491571,MM_RESET
2022-06-07,1852.0999755859373,57531,0.1089743589743589,0.0051012235649565,-0.0071298641867997,0.00602931862354,-0.062749861612256,0.1089743589743589,10.89743589743589,-0.025641025641025703,-0.4935897435897436,-0.5192307692307693,-0.2243589743589744,0.44230769230769224,-0.5128205128205128,0.006029318623540059,-0.06274986161225604,-0.040213493055649696,0.03776546548892212,0.006029318623540059,-0.06274986161225604,MM_RESET
2022-06-14,1813.5,36905,0.0256410256410256,-0.0208411943711221,-0.0158462863980134,-0.0029688406957947,-0.0742725880551301,0.0256410256410256,2.56410256410256,-0.019230769230769204,-0.4487179487179487,-0.5705128205128206,-0.23076923076923078,0.41025641025641024,-0.23717948717948706,-0.0029688406957947278,-0.07427258805513015,-0.05620608899297419,0.02324660048343241,-0.0029688406957947278,-0.07427258805513015,MM_RESET
2022-06-21,1838.800048828125,49803,0.0705128205128205,0.0139509505531429,-0.007180998290119,-0.0142596629343847,-0.0342943792842168,0.0705128205128205,7.05128205128205,-0.0512820512820512,-0.1923076923076923,-0.4871794871794872,-0.2179487179487179,0.08974358974358988,0.2628205128205129,-0.014259662934384743,-0.03429437928421686,-0.03838505607050535,0.02800922403079764,-0.014259662934384743,-0.03429437928421686,MM_RESET
2022-06-28,1821.199951171875,36102,0.0256410256410256,-0.009571512502116,0.0042459063533912,-0.0116676618927172,-0.0264086523355098,0.0256410256410256,2.56410256410256,-0.0512820512820513,-0.141025641025641,-0.467948717948718,-0.3397435897435897,0.0384615384615384,0.3910256410256411,-0.011667661892717285,-0.02640865233550982,-0.055149182271400754,0.0056877390352596535,-0.011667661892717285,-0.02640865233550982,MM_RESET
2022-07-05,1763.9000244140625,17034,0.0064102564102564,-0.0314627324259162,-0.0407330989912669,-0.0476215929671784,-0.0418794001009981,0.0064102564102564,0.64102564102564,-0.1025641025641025,-0.12820512820512822,-0.5961538461538461,-0.3076923076923077,-0.0769230769230768,0.3653846153846154,-0.047621592967178494,-0.04187940010099811,-0.10738320621098885,-0.027940015349941616,-0.047621592967178494,-0.04187940010099811,MM_RESET
2022-07-12,1724.800048828125,-6133,0.0064102564102564,-0.0221667753527731,-0.0529320804570196,-0.0489109187603391,-0.0517345507300494,0.0064102564102564,0.64102564102564,-0.019230769230769197,-0.0384615384615384,-0.4679487179487179,-0.2692307692307692,6.938893903907228e-18,0.5128205128205129,-0.04891091876033915,-0.0517345507300494,-0.11955076629498473,-0.05152595610221333,-0.04891091876033915,-0.0517345507300494,MM_RESET
2022-07-19,1710.699951171875,-18738,0.0064102564102564,-0.0081749172408882,-0.030160481039655,-0.0696650501711095,-0.0829313129717471,0.0064102564102564,0.64102564102564,-0.0641025641025641,-0.1153846153846153,-0.2564102564102564,-0.26282051282051283,-0.0128205128205129,0.3205128205128207,-0.06966505017110958,-0.08293131297174716,-0.1015703098019044,-0.05611348039738995,-0.06966505017110958,-0.08293131297174716,MM_RESET
2022-07-26,1717.699951171875,-19093,0.0064102564102564,0.004091892324662,-0.0041164757973389,-0.0568306626262544,-0.0678352435623095,0.0064102564102564,0.64102564102564,-0.019230769230769197,-0.0705128205128205,-0.16025641025641021,-0.532051282051282,0.032051282051282104,0.34615384615384626,-0.05683066262625447,-0.06783524356230952,-0.08173849375047093,-0.07276655807186239,-0.05683066262625447,-0.06783524356230952,MM_RESET
2022-08-02,1789.699951171875,15855,0.0256410256410256,0.0419165174632967,0.0461799276640435,0.0146266377916643,-0.0336914989669071,0.0256410256410256,2.56410256410256,0.019230769230769197,-0.08333333333333331,-0.108974358974359,-0.108974358974359,0.1217948717948717,0.4102564102564103,0.014626637791664399,-0.03369149896690715,-0.027865317125543188,-0.006550124245420452,0.014626637791664399,-0.03369149896690715,MM_RESET
2022-08-09,1812.300048828125,40734,0.0705128205128205,0.0126278696277841,0.0550737034088582,0.0507305180443669,-0.0006616769627102,0.0705128205128205,7.05128205128205,0.0641025641025641,0.0448717948717949,0.025641025641025696,-0.17307692307692302,0.08333333333333329,0.49358974358974356,0.0507305180443669,-0.0006616769627102448,-0.003628553245010546,-0.008534370248689083,0.0507305180443669,-0.0006616769627102448,MM_ACCUMULATION
2022-08-16,1789.699951171875,36373,0.0641025641025641,-0.0124703951042013,0.0,0.0461799276640435,-0.0267022494846798,0.0641025641025641,6.41025641025641,0.057692307692307696,-0.006410256410256401,-0.0576923076923076,-0.5192307692307693,0.12179487179487179,0.1858974358974359,0.04617992766404355,-0.026702249484679808,-0.040581147341823165,-0.03582588177422186,0.04617992766404355,-0.026702249484679808,MM_RESET
2022-08-23,1761.199951171875,22111,0.0384615384615384,-0.0159244570473048,-0.0281962678803062,0.0253245626340752,-0.0329453116673938,0.0384615384615384,3.84615384615384,0.032051282051282,0.012820512820512803,-0.0384615384615385,-0.6474358974358975,0.0512820512820512,0.1538461538461538,0.02532456263407523,-0.032945311667393895,-0.04422857880262576,-0.0766488787726104,0.02532456263407523,-0.032945311667393895,MM_ACCUMULATION
2022-08-30,1736.300048828125,11788,0.0256410256410256,-0.0141380326107674,-0.0298373491650286,-0.0298373491650286,-0.0156471314722645,0.0256410256410256,2.56410256410256,0.0,0.019230769230769197,-0.08333333333333331,-0.6923076923076924,-0.019230769230769197,0.1474358974358974,-0.02983734916502867,-0.015647131472264597,-0.06252358311336692,-0.10674966292191279,-0.02983734916502867,-0.015647131472264597,MM_ACCUMULATION
2022-09-06,1712.9000244140625,-6962,0.0192307692307692,-0.0134769473915846,-0.0274244424806362,-0.0548474434342904,-0.0068993646087542,0.0192307692307692,1.92307692307692,-0.051282051282051294,0.012820512820512801,-0.006410256410256398,-0.6794871794871795,-0.11538461538461539,0.051282051282051204,-0.05484744343429049,-0.006899364608754288,-0.05547282910721674,-0.16169922014319615,-0.05484744343429049,-0.006899364608754288,MM_ACCUMULATION
2022-09-13,1717.4000244140625,-18337,0.0192307692307692,0.0026271235541253,-0.0108852294433894,-0.0403977922167743,0.0039165683249116,0.0192307692307692,1.92307692307692,-0.04487179487179489,0.012820512820512801,-0.051282051282051294,-0.608974358974359,-0.10256410256410259,0.12820512820512808,-0.04039779221677431,0.003916568324911607,-0.06602132977505148,-0.11001706593239335,-0.04039779221677431,0.003916568324911607,MM_ACCUMULATION
2022-09-20,1671.0999755859375,-36695,0.0064102564102564,-0.0269593852159875,-0.0244030872977678,-0.0511582887144564,-0.0271292873671826,0.0064102564102564,0.64102564102564,-0.032051282051282,0.0,-0.019230769230769197,-0.5897435897435898,-0.064102564102564,0.0705128205128205,-0.05115828871445649,-0.027129287367182675,-0.08241817461578216,-0.13031487088944183,-0.05115828871445649,-0.027129287367182675,MM_NEUTRAL
2022-09-27,1636.199951171875,-43094,0.0064102564102564,-0.0208844622846849,-0.0472808152369108,-0.0576513821581761,-0.0857685669039047,0.0064102564102564,0.64102564102564,-0.019230769230769197,-0.019230769230769197,0.0,-0.5512820512820513,-0.019230769230769197,0.06410256410256412,-0.05765138215817611,-0.08576856690390477,-0.07239643487425385,-0.14433637017449763,-0.05765138215817611,-0.08576856690390477,MM_RESET
2022-10-04,1730.5,-6875,0.0448717948717948,0.0576335726942087,0.0355454642342598,0.0102749578697436,-0.0451360407350972,0.0448717948717948,4.48717948717948,0.025641025641025602,-0.025641025641025696,0.0384615384615384,-0.4487179487179488,0.0769230769230769,-0.0705128205128206,0.01027495786974364,-0.04513604073509725,0.0033047025803063512,-0.1022049286640726,0.01027495786974364,-0.04513604073509725,MM_RESET
2022-10-11,1686.0,-5580,0.0576923076923076,-0.0257151112395261,0.0304364077217196,-0.0182834656851571,-0.0579426462541798,0.0576923076923076,5.769230769230759,0.038461538461538394,-0.0064102564102564985,0.0512820512820512,-0.5448717948717949,0.08333333333333329,-9.71445146547012e-17,-0.018283465685157152,-0.057942646254179886,-0.014438505802817692,-0.14680430098174524,-0.018283465685157152,-0.057942646254179886,MM_RESET
2022-10-18,1655.800048828125,-25698,0.0192307692307692,-0.0179121893071618,-0.043166686606111,-0.00915560228672,-0.0598455060560378,0.0192307692307692,1.92307692307692,0.012820512820512801,-0.0192307692307692,0.012820512820512801,-0.45512820512820507,0.0448717948717948,-0.03205128205128201,-0.009155602286720077,-0.05984550605603789,-0.03603650468844677,-0.154772818362366,-0.009155602286720077,-0.05984550605603789,MM_RESET
2022-10-25,1658.0,-38788,0.0128205128205128,0.0013286333536661,-0.0166073546856464,0.0133235848176815,-0.0450959204205354,0.0128205128205128,1.28205128205128,0.0064102564102564,-0.0128205128205128,-0.0128205128205128,-0.24999999999999997,0.0256410256410256,-0.03205128205128199,0.013323584817681589,-0.04509592042053545,-0.07358772686205828,-0.12924740231153375,0.013323584817681589,-0.04509592042053545,MM_RESET
2022-11-01,1649.699951171875,-41401,0.0128205128205128,-0.0050060608131031,-0.0036840786788038,-0.0466917358151546,-0.0368965335637767,0.0128205128205128,1.28205128205128,-0.03205128205128201,-0.006410256410256401,-0.057692307692307696,-0.1538461538461538,-0.05769230769230761,-0.019230769230769204,-0.04669173581515462,-0.03689653356377676,-0.08972029646050661,-0.11809046685402025,-0.04669173581515462,-0.03689653356377676,MM_RESET
2022-11-08,1716.0,-16346,0.0576923076923076,0.0401891560832188,0.0349819059107359,0.0177935943060498,-0.0008151999500175,0.0576923076923076,5.769230769230759,0.0,0.038461538461538394,-0.0064102564102564985,-0.07692307692307701,-0.038461538461538394,0.02564102564102559,0.017793594306049876,-0.0008151999500175533,-0.041180059888595966,-0.06789788158609456,0.017793594306049876,-0.0008151999500175533,MM_ACCUMULATION
2022-11-15,1776.800048828125,25457,0.1153846153846153,0.0354312638858538,0.0770443725636069,0.0730764563545196,0.0632517950968947,0.1153846153846153,11.53846153846153,0.09615384615384609,0.10897435897435889,0.0769230769230769,0.07051282051282048,0.08333333333333329,0.10897435897435889,0.07307645635451965,0.06325179509689471,0.00885765278716355,-0.02314584365322636,0.07307645635451965,0.06325179509689471,MM_ACCUMULATION
2022-11-22,1739.9000244140625,19431,0.1089743589743589,-0.0207676853894728,0.0139277531550481,0.0493968784162017,0.0633786067331902,0.1089743589743589,10.89743589743589,0.0961538461538461,0.1025641025641025,0.08333333333333331,-0.012820512820512789,0.0897435897435897,0.1217948717948717,0.04939687841620177,0.06337860673319029,0.002073360297586424,-0.06727779476652496,0.04939687841620177,0.06337860673319029,MM_ACCUMULATION
2022-11-29,1748.4000244140625,14720,0.0961538461538461,0.0048853381692792,-0.0159838043863143,0.0598291059971696,0.0103438453707382,0.0961538461538461,9.61538461538461,0.0833333333333333,0.0512820512820513,0.0769230769230769,0.019230769230769204,0.11538461538461531,0.076923076923077,0.05982910599716962,0.010343845370738292,0.020725085815877398,-0.05117486799619331,0.05982910599716962,0.010343845370738292,MM_ACCUMULATION
2022-12-06,1782.4000244140625,23487,0.1282051282051282,0.0194463506778972,0.0244266908463965,0.0386946529219478,0.0571767641839042,0.1282051282051282,12.82051282051282,0.0705128205128206,0.0705128205128206,0.10897435897435899,0.019230769230769287,0.0705128205128206,0.0769230769230771,0.03869465292194785,0.05717676418390427,0.037847909092802334,-0.037632931316153306,0.03869465292194785,0.05717676418390427,MM_ACCUMULATION
2022-12-13,1825.5,37449,0.1794871794871795,0.0241808656842372,0.0440974459559253,0.0274087966195153,0.102488190703931,0.1794871794871795,17.94871794871795,0.0641025641025642,0.1602564102564103,0.1730769230769231,0.15384615384615388,-0.032051282051281896,0.1794871794871795,0.02740879661951534,0.102488190703931,0.09239424730404,0.006617038875103454,0.02740879661951534,0.102488190703931,MM_ACCUMULATION
2022-12-20,1825.4000244140625,39095,0.1858974358974359,-5.476613855792678e-05,0.0241247752530386,0.04914075452628,0.1009650328190967,0.1858974358974359,18.58974358974359,0.076923076923077,0.1730769230769231,0.17948717948717952,0.1153846153846154,-0.019230769230769107,0.1858974358974359,0.049140754526280084,0.10096503281909674,0.11563383381516368,-0.007287374406261482,0.049140754526280084,0.10096503281909674,MM_ACCUMULATION
2022-12-27,1823.0999755859373,50877,0.2628205128205128,-0.0012600245411213,-0.0013147216730006,0.0427247484150024,0.1051100379137954,0.2628205128205128,26.282051282051277,0.16666666666666669,0.24999999999999997,0.21794871794871798,0.23717948717948717,0.08333333333333338,0.2564102564102564,0.0427247484150024,0.10511003791379547,0.05351053197684896,0.001043281608282376,0.0427247484150024,0.10511003791379547,MM_ACCUMULATION
2023-01-03,1846.0999755859373,54581,0.2884615384615384,0.0126158742296114,0.011339953377353,0.0357383024570003,0.0758158365885415,0.2884615384615384,28.84615384615384,0.1602564102564102,0.23076923076923078,0.23076923076923078,0.282051282051282,0.08974358974358959,0.1923076923076924,0.03573830245700038,0.07581583658854152,0.09495846713282163,0.0466012529248534,0.03573830245700038,0.07581583658854152,MM_ACCUMULATION
2023-01-10,1876.5,61809,0.3397435897435897,0.0164671604008954,0.0292907822550434,0.0279375513557929,0.0561120826384664,0.3397435897435897,33.97435897435897,0.16025641025641021,0.2243589743589744,0.3205128205128205,0.3333333333333333,0.09615384615384602,0.1153846153846155,0.0279375513557929,0.056112082638466454,0.13328901115087732,0.08795219554576428,0.0279375513557929,0.056112082638466454,MM_ACCUMULATION
2023-01-17,1909.9000244140625,69377,0.3974358974358974,0.0177991070685119,0.0345593682204972,0.0462912232222214,0.0977067633855859,0.3974358974358974,39.743589743589745,0.2115384615384615,0.2884615384615385,0.38461538461538464,0.391025641025641,0.13461538461538453,0.185897435897436,0.046291223222221456,0.09770676338558593,0.151930050913186,0.11644360725311897,0.046291223222221456,0.09770676338558593,MM_ACCUMULATION
2023-01-24,1935.4000244140625,79879,0.4743589743589743,0.0133514842002386,0.0313882357655541,0.0615984039997765,0.106954928728435,0.4743589743589743,47.43589743589743,0.2115384615384615,0.3782051282051282,0.4615384615384615,0.4679487179487179,0.04487179487179482,0.32692307692307687,0.06159840399977656,0.10695492872843504,0.1731830524934177,0.1267392905807938,0.06159840399977656,0.10695492872843504,MM_EXPANSION
2023-01-31,1929.5,84447,0.5256410256410257,-0.0030484780095261,0.0102623044847336,0.0451763314647095,0.0825291593194936,0.5256410256410257,52.56410256410257,0.23717948717948728,0.39743589743589747,0.46794871794871806,0.5000000000000001,0.0769230769230771,0.32692307692307687,0.04517633146470956,0.08252915931949367,0.12441724941724952,0.07811367974647676,0.04517633146470956,0.08252915931949367,MM_EXPANSION
2023-02-07,1884.800048828125,59576,0.3269230769230769,-0.0231665981714822,-0.026144453315927,0.0044231541849852,0.0324842776379759,0.3269230769230769,32.69230769230769,-0.012820512820512775,0.14743589743589744,0.21153846153846162,0.25641025641025644,-0.173076923076923,-0.012820512820512858,0.0044231541849852896,0.0324842776379759,0.06078342921660229,0.04000441320237247,0.0044231541849852896,0.0324842776379759,MM_ACCUMULATION
2023-02-14,1865.4000244140625,41173,0.2051282051282051,-0.0102928819564306,-0.0332210290676017,-0.0232996488984559,0.0219130050756077,0.2051282051282051,20.51282051282051,-0.19230769230769232,0.01923076923076919,0.09615384615384619,0.141025641025641,-0.40384615384615385,-0.1538461538461539,-0.023299648898455927,0.021913005075607783,0.0721305812052413,0.042297633853439986,-0.023299648898455927,0.021913005075607783,MM_ACCUMULATION
2023-02-21,1842.5,36706,0.173076923076923,-0.0122762003400613,-0.0224427248155182,-0.0480004253602237,0.0106412290460524,0.173076923076923,17.3076923076923,-0.3012820512820513,-0.08974358974358979,0.07692307692307689,0.13461538461538458,-0.5128205128205128,-0.33974358974358976,-0.04800042536022375,0.01064122904605247,0.05382062129487397,0.0461617369305678,-0.04800042536022375,0.01064122904605247,MM_RESET
2023-02-28,1836.699951171875,26575,0.141025641025641,-0.0031479233802578,-0.0153854791822479,-0.0480953867987172,-0.0050918284699499,0.141025641025641,14.1025641025641,-0.3846153846153847,-0.14743589743589738,0.012820512820512803,0.11538461538461539,-0.621794871794872,-0.3782051282051282,-0.04809538679871728,-0.005091828469949933,0.030464500681132378,0.057824050866964294,-0.04809538679871728,-0.005091828469949933,MM_RESET
2023-03-07,1820.0,14399,0.0961538461538461,-0.0090923676244559,-0.0122116689280868,-0.0343803306183138,-0.030109245936584,0.0961538461538461,9.61538461538461,-0.23076923076923084,-0.2435897435897436,-0.08333333333333338,0.0769230769230769,-0.21794871794871806,-0.467948717948718,-0.034380330618313804,-0.03010924593658404,-0.003012873185428644,0.06252552633512498,-0.034380330618313804,-0.03010924593658404,MM_RESET
2023-03-14,1910.9000244140625,59721,0.358974358974359,0.0499450683593749,0.0403985818123671,0.0243915510906524,0.0005235876156957,0.358974358974359,35.8974358974359,0.15384615384615388,-0.038461538461538436,0.17307692307692307,0.33974358974358976,0.3461538461538462,-0.3269230769230769,0.024391551090652497,0.0005235876156957087,0.04683904834911168,0.11267031399165006,0.024391551090652497,0.0005235876156957087,MM_DISTRIBUTION
2023-03-21,1941.0999755859373,81229,0.532051282051282,0.0158040456256391,0.0665384481241413,0.0535142336965739,0.002945102356088,0.532051282051282,53.205128205128204,0.35897435897435903,0.057692307692307765,0.2692307692307693,0.5256410256410257,0.6602564102564104,-0.32051282051282043,0.05351423369657393,0.002945102356088025,0.06472491996061547,0.16157022556674372,0.05351423369657393,0.002945102356088025,MM_EXPANSION
2023-03-28,1973.5,99160,0.7371794871794872,0.0166915794248476,0.0327594195332812,0.074481435435789,0.0228038351904638,0.7371794871794872,73.71794871794873,0.5961538461538463,0.21153846153846156,0.44871794871794884,0.7307692307692308,0.980769230769231,-0.1858974358974359,0.074481435435789,0.022803835190463806,0.06901036027240459,0.20614842861139615,0.074481435435789,0.022803835190463806,MM_EXPANSION
2023-04-04,2038.199951171875,110131,0.8461538461538461,0.0327843684681403,0.0500231707831675,0.1198900830614697,0.0813878917496455,0.8461538461538461,84.61538461538461,0.75,0.5192307692307692,0.5064102564102564,0.8012820512820513,0.9807692307692308,0.3717948717948717,0.11989008306146975,0.08138789174964556,0.08617103712863039,0.17780985332093335,0.11989008306146975,0.08138789174964556,MM_CROWDED_EXPANSION
2023-04-11,2019.0,104606,0.7884615384615384,-0.0094200528072998,0.0230554851786166,0.0565701890234073,0.0823415747698323,0.7884615384615384,78.84615384615384,0.42948717948717946,0.5833333333333334,0.391025641025641,0.7307692307692308,0.27564102564102555,0.5641025641025642,0.05657018902340738,0.08234157476983239,0.05712339608949324,0.197508896797153,0.05657018902340738,0.08234157476983239,MM_EXPANSION
2023-04-18,2019.699951171875,102696,0.782051282051282,0.0003466821059312,-0.0090766364651139,0.0404924921820224,0.0961736505681818,0.782051282051282,78.2051282051282,0.25,0.608974358974359,0.30769230769230776,0.7628205128205129,-0.10897435897435903,0.6987179487179488,0.040492492182022444,0.09617365056818183,0.04355684907223978,0.2197728539755126,0.040492492182022444,0.09617365056818183,MM_EXPANSION
2023-04-25,2004.5,102803,0.7884615384615384,-0.0075258461847541,-0.0071817731550272,0.0157081327590575,0.0913595324707572,0.7884615384615384,78.84615384615384,0.05128205128205121,0.6474358974358975,0.2628205128205128,0.7756410256410257,-0.544871794871795,0.7948717948717948,0.01570813275905758,0.09135953247075723,0.038870173620108917,0.20898673100120635,0.01570813275905758,0.09135953247075723,MM_EXPANSION
2023-05-02,2023.300048828125,113790,0.8910256410256411,0.0093789218399227,0.0017824913320223,-0.0073103241589144,0.1117033235319369,0.8910256410256411,89.1025641025641,0.044871794871794934,0.7948717948717949,0.5641025641025641,0.8782051282051283,-0.7051282051282051,1.0384615384615385,-0.007310324158914416,0.1117033235319369,0.0734825957194305,0.2264654838541158,-0.007310324158914416,0.1117033235319369,MM_CROWDED_EXPANSION
2023-05-09,2042.9000244140625,110986,0.8717948717948718,0.0096871324632694,0.0191569091614181,0.0118375554304419,0.0690773972021248,0.8717948717948718,87.17948717948718,0.08333333333333337,0.5128205128205128,0.6666666666666667,0.8141025641025642,-0.3461538461538461,0.5512820512820512,0.01183755543044196,0.0690773972021248,0.09515385315584202,0.19050117972847458,0.01183755543044196,0.0690773972021248,MM_CROWDED_EXPANSION
2023-05-16,1993.0,103983,0.7948717948717948,-0.024426072650508,-0.0149755587885614,-0.0132197612602719,0.0267374298422709,0.7948717948717948,79.48717948717949,0.012820512820512775,0.2628205128205128,0.6217948717948718,0.6794871794871795,-0.23717948717948723,0.205128205128205,-0.013219761260271912,0.0267374298422709,0.08168249660786975,0.12167939285822738,-0.013219761260271912,0.0267374298422709,MM_EXPANSION
2023-05-23,1974.5,93139,0.6858974358974359,-0.0092824887104867,-0.0334818266173748,-0.0149663257670241,0.0005067139599697,0.6858974358974359,68.58974358974359,-0.10256410256410253,-0.05128205128205132,0.5448717948717949,0.576923076923077,-0.15384615384615374,-0.2628205128205129,-0.014966325767024169,0.0005067139599697068,0.07502589017885253,0.13483531944023186,-0.014966325767024169,0.0005067139599697068,MM_DISTRIBUTION
2023-05-30,1958.0,86703,0.6089743589743589,-0.0083565459610027,-0.0175614651279478,-0.0322740311630724,-0.0393484216922699,0.6089743589743589,60.89743589743589,-0.28205128205128216,-0.23717948717948723,0.5128205128205128,0.5128205128205128,-0.3269230769230771,-0.7564102564102564,-0.03227403116307248,-0.03934842169226993,0.07582417582417578,0.119881018450672,-0.03227403116307248,-0.03934842169226993,MM_DISTRIBUTION
2023-06-06,1981.5,93428,0.6923076923076923,0.0120020429009193,0.0035452013167891,-0.0300553251163981,-0.0185735512630015,0.6923076923076923,69.23076923076923,-0.17948717948717952,-0.09615384615384615,0.3333333333333333,0.5641025641025641,-0.2628205128205129,-0.6794871794871795,-0.03005532511639819,-0.01857355126300153,0.03694592845462208,0.11170330613712176,-0.03005532511639819,-0.01857355126300153,MM_DISTRIBUTION
2023-06-13,1958.5999755859373,74643,0.4743589743589743,-0.0115569136583713,0.0003064226690179,-0.0172604236899461,-0.0302520062697858,0.4743589743589743,47.43589743589743,-0.32051282051282054,-0.30769230769230776,-0.057692307692307765,0.2948717948717948,-0.3333333333333333,-0.9166666666666667,-0.01726042368994618,-0.03025200626978586,0.009015506784866956,0.07291151771346871,-0.01726042368994618,-0.03025200626978586,MM_DISTRIBUTION
2023-06-20,1947.699951171875,76039,0.4871794871794871,-0.005565212166819,-0.0170578091486878,-0.0135730811993542,-0.0283362678114866,0.4871794871794871,48.71794871794871,-0.1987179487179488,-0.3012820512820513,-0.2500000000000001,0.3012820512820512,-0.09615384615384626,-0.9487179487179488,-0.013573081199354298,-0.02833626781148668,-0.013073244909108217,0.0669989728947602,-0.013573081199354298,-0.02833626781148668,MM_DISTRIBUTION
2023-06-27,1923.800048828125,69675,0.4487179487179487,-0.0122708337746633,-0.0177677561480625,-0.0174667779223058,-0.0491770857503954,0.4487179487179487,44.87179487179487,-0.16025641025641024,-0.4423076923076924,-0.39743589743589747,0.1858974358974359,0.12179487179487192,-1.2371794871794872,-0.017466777922305887,-0.04917708575039548,-0.056127909471283766,0.05523562864939602,-0.017466777922305887,-0.04917708575039548,MM_DISTRIBUTION
2023-07-03,1929.5,83148,0.5833333333333334,0.0029628604985987,-0.0093443300447405,-0.0262427453949029,-0.0555093362665104,0.5833333333333334,58.333333333333336,-0.10897435897435892,-0.28846153846153844,-0.20512820512820507,0.294871794871795,0.0705128205128206,-0.8012820512820512,-0.0262427453949029,-0.055509336266510445,-0.044328875681030167,0.04517633146470956,-0.0262427453949029,-0.055509336266510445,MM_DISTRIBUTION
2023-07-11,1937.0999755859373,82443,0.5833333333333334,0.0039388316071196,0.0069133623142976,-0.0109772287695286,-0.0280481808399712,0.5833333333333334,58.333333333333336,0.10897435897435909,-0.21153846153846145,-0.19871794871794868,0.24358974358974367,0.4294871794871796,-0.47435897435897423,-0.010977228769528669,-0.028048180839971293,-0.04089715184575382,0.03229415165784033,-0.010977228769528669,-0.028048180839971293,MM_DISTRIBUTION
2023-07-18,1980.800048828125,115318,0.9423076923076924,0.0225595342485971,0.0265872240622571,0.0169944542209052,0.003190705914472,0.9423076923076924,94.23076923076924,0.4551282051282053,0.2564102564102565,0.15384615384615397,0.5448717948717949,0.6538461538461541,0.3076923076923078,0.016994454220905286,0.003190705914472014,-0.011823372996694892,0.03712237473572144,0.016994454220905286,0.003190705914472014,MM_CROWDED_EXPANSION
2023-07-25,1963.699951171875,95287,0.7435897435897436,-0.0086329246944267,0.0137318547938609,0.0207401503955959,0.0029111088722548,0.7435897435897436,74.35897435897436,0.29487179487179493,0.1346153846153847,-0.14743589743589747,0.26923076923076933,0.4551282051282052,0.3717948717948719,0.020740150395595958,0.002911108872254875,-0.02945687550927989,0.014622262271790643,0.020740150395595958,0.002911108872254875,MM_EXPANSION
2023-08-01,1978.800048828125,80009,0.5384615384615384,0.007689615537872,-0.0010096930284221,0.0255506860990542,-0.0013625794458113,0.5384615384615384,53.84615384615385,-0.044871794871794934,-0.15384615384615385,-0.33333333333333337,0.012820512820512775,0.06410256410256399,-0.05769230769230771,0.0255506860990542,-0.0013625794458113072,-0.03137695179396871,0.0255506860990542,0.0255506860990542,-0.0013625794458113072,MM_DISTRIBUTION
2023-08-08,1959.9000244140625,58606,0.3461538461538461,-0.0095512552798122,-0.001935085222946,0.0117701972616197,0.0006637643440878,0.3461538461538461,34.615384615384606,-0.23717948717948728,-0.1282051282051282,-0.44871794871794873,0.019230769230769162,-0.34615384615384637,0.17948717948717957,0.011770197261619764,0.0006637643440878804,-0.016608116199667622,0.03984506241531083,0.011770197261619764,0.0006637643440878804,MM_DISTRIBUTION
2023-08-15,1935.199951171875,29536,0.1602564102564102,-0.0126027210237786,-0.0220336044978726,-0.0230210503494422,-0.0064178263148176,0.1602564102564102,16.02564102564102,-0.7820512820512822,-0.3269230769230769,-0.5256410256410258,-0.04487179487179491,-1.2371794871794874,-0.025641025641025605,-0.02302105034944224,-0.006417826314817687,-0.019903797836477555,0.037418208343670045,-0.02302105034944224,-0.006417826314817687,MM_RESET
2023-08-22,1926.0,9109,0.0897435897435897,-0.0047540054795391,-0.0172968130985137,-0.0191984275140287,0.0011435446075671,0.0897435897435897,8.974358974358971,-0.653846153846154,-0.358974358974359,-0.5192307692307692,-0.08333333333333329,-0.9487179487179489,0.08333333333333343,-0.019198427514028782,0.0011435446075671596,-0.01634320735444328,0.04531886024423337,-0.019198427514028782,0.0011435446075671596,MM_RESET
2023-08-29,1965.0999755859373,39242,0.2243589743589743,0.020301129587714,0.015450612426874,-0.0069234247544622,0.0184503630919601,0.2243589743589743,22.43589743589743,-0.3141025641025641,-0.35897435897435903,-0.46794871794871795,0.08333333333333331,-0.26923076923076916,-0.0705128205128206,-0.006923424754462282,0.01845036309196013,-0.008276570484008428,0.06990800230170358,-0.006923424754462282,0.01845036309196013,MM_RESET
2023-09-05,1952.5999755859373,50365,0.2948717948717949,-0.00636099951926,0.0138109945929061,-0.0037247046977856,0.0080016520547998,0.2948717948717949,29.48717948717949,-0.05128205128205121,-0.2884615384615385,-0.1794871794871794,0.1987179487179488,0.18589743589743607,-0.07692307692307704,-0.00372470469778563,0.008001652054799857,-0.003063412679868427,0.07285712944282263,-0.00372470469778563,0.008001652054799857,MM_RESET
2023-09-12,1935.0999755859373,34571,0.1794871794871795,-0.0089624092076251,-0.015266398846224,-5.166163107706012e-05,-0.0230715226755091,0.1794871794871795,17.94871794871795,0.0192307692307693,-0.7628205128205129,-0.3076923076923076,-0.1794871794871795,0.8012820512820514,-1.0192307692307694,-5.166163107706012e-05,-0.02307152267550916,-0.0064691563905193705,0.012664163934633432,-5.166163107706012e-05,-0.02307152267550916,MM_RESET
2023-09-19,1953.699951171875,47390,0.2884615384615384,0.0096118938662617,0.000563338932547,0.0143821137964044,-0.005092427686843,0.2884615384615384,28.84615384615384,0.19871794871794868,-0.45512820512820523,-0.1602564102564103,-0.24358974358974367,0.8525641025641026,-0.5897435897435899,0.014382113796404417,-0.005092427686843037,0.015542104992648964,0.006491152307667392,0.014382113796404417,-0.005092427686843037,MM_RESET
2023-09-26,1919.800048828125,23438,0.141025641025641,-0.0173516421103537,-0.007906530386462,-0.0230522249863166,-0.0298160493956631,0.141025641025641,14.1025641025641,-0.08333333333333331,-0.39743589743589747,-0.4423076923076924,-0.5961538461538463,0.23076923076923078,-0.2435897435897436,-0.02305222498631665,-0.02981604939566318,-0.005027183815431435,-0.027210514908474814,-0.02305222498631665,-0.02981604939566318,MM_RESET
2023-10-03,1841.5,-7561,0.0641025641025641,-0.0407855228860529,-0.0574294692000042,-0.0568984825233331,-0.0604112571759672,0.0641025641025641,6.41025641025641,-0.23076923076923078,-0.282051282051282,-0.5192307692307693,-0.782051282051282,-0.17948717948717957,-0.1538461538461538,-0.05689848252333318,-0.06041125717596729,-0.04935211232813119,-0.09650669997258177,-0.05689848252333318,-0.06041125717596729,MM_RESET
2023-10-10,1875.300048828125,-26767,0.032051282051282,0.0183546287418545,-0.0231794972748143,-0.0309027582617301,-0.0309528234059106,0.032051282051282,3.2051282051282,-0.1474358974358975,-0.1282051282051282,-0.9102564102564104,-0.7564102564102564,-0.1666666666666668,0.19871794871794873,-0.030902758261730168,-0.030952823405910657,-0.05326130724926814,-0.07117382425551011,-0.030902758261730168,-0.030952823405910657,MM_RESET
2023-10-17,1935.699951171875,15103,0.1282051282051282,0.0322081271109089,0.0511539240683545,-0.0092132878383925,0.0050363194038811,0.1282051282051282,12.82051282051282,-0.1602564102564102,0.03846153846153849,-0.6153846153846154,-0.6538461538461539,-0.35897435897435886,0.39743589743589747,-0.009213287838392592,0.005036319403881162,-0.014258797523160505,-0.04159033620378183,-0.009213287838392592,0.005036319403881162,MM_ACCUMULATION
2023-10-24,1986.0999755859373,55748,0.3846153846153846,0.026037105793979,0.0590838393179007,0.0345348083506313,0.0106864791923568,0.3846153846153846,38.46153846153846,0.24358974358974358,0.16025641025641027,-0.15384615384615385,-0.40384615384615385,0.32692307692307687,0.5192307692307693,0.034534808350631385,0.01068647919235688,0.003689067403316093,-0.009179358650068692,0.034534808350631385,0.01068647919235688,MM_ACCUMULATION
2023-10-31,1994.300048828125,74840,0.5641025641025641,0.0041287313544065,0.0302733373634551,0.0829758614325957,0.0213561783076814,0.5641025641025641,56.41025641025641,0.5,0.2692307692307692,0.217948717948718,-0.326923076923077,0.7307692307692308,0.5576923076923077,0.08297586143259572,0.02135617830768144,0.017551928152226504,-0.014333019967451954,0.08297586143259572,0.02135617830768144,MM_EXPANSION
2023-11-07,1973.5,78235,0.6025641025641025,-0.0104297489439201,-0.0063440792209968,0.0523649275395903,0.0198439485807111,0.6025641025641025,60.256410256410255,0.5705128205128205,0.423076923076923,0.44230769230769235,-0.2692307692307693,0.717948717948718,1.185897435897436,0.05236492753959032,0.019843948580711146,0.01979126177888335,-0.03397132683180004,0.05236492753959032,0.019843948580711146,MM_EXPANSION
2023-11-14,1966.5,64315,0.4807692307692308,-0.0035469977197871,-0.0139397523679852,0.015911582169271,0.0065516963443885,0.4807692307692308,48.07692307692308,0.3525641025641026,0.1923076923076924,0.3910256410256411,-0.31410256410256404,0.5128205128205128,0.6474358974358976,0.01591158216927102,0.006551696344388569,0.02102803738317749,-0.01329653788258911,0.01591158216927102,0.006551696344388569,MM_EXPANSION
2023-11-21,2001.5999755859373,79135,0.6153846153846154,0.017848957836734,0.0142386499041993,0.00780423956021,0.0426085658283759,0.6153846153846154,61.53846153846154,0.23076923076923084,0.47435897435897445,0.3910256410256411,-0.07051282051282048,-0.012820512820512747,0.8717948717948719,0.007804239560210036,0.04260856582837591,0.018574118596239142,0.013724981304602313,0.007804239560210036,0.04260856582837591,MM_EXPANSION
2023-11-28,2040.0,114893,0.935897435897436,0.0191846647094515,0.0373760488176964,0.0229152835846986,0.107792560412707,0.935897435897436,93.5897435897436,0.3717948717948719,0.8717948717948719,0.6410256410256412,0.3269230769230771,-0.12820512820512808,1.153846153846154,0.02291528358469863,0.10779256041270702,0.044760844774586195,0.04187946884576088,0.02291528358469863,0.10779256041270702,MM_CROWDED_EXPANSION
2023-12-05,2036.300048828125,109387,0.903846153846154,-0.0018137015548407,0.0173361678983983,0.0318216614279833,0.0858529279624393,0.903846153846154,90.3846153846154,0.30128205128205143,0.8717948717948719,0.7243589743589745,0.21153846153846168,-0.26923076923076905,1.0,0.03182166142798337,0.08585292796243937,0.0522970774218241,0.027655840942783172,0.03182166142798337,0.08585292796243937,MM_CROWDED_EXPANSION
2023-12-12,1993.199951171875,95528,0.7884615384615384,-0.0211658874540879,-0.0229412004059436,0.0135773969854435,0.0297050170224932,0.7884615384615384,78.84615384615384,0.30769230769230765,0.6602564102564102,0.5,0.31410256410256415,-0.044871794871794934,0.6217948717948718,0.01357739698544358,0.029705017022493285,0.020218048312028225,0.01766566732218333,0.01357739698544358,0.029705017022493285,MM_EXPANSION
2023-12-19,2052.10009765625,108276,0.8846153846153846,0.0295505458194225,0.0077591948383135,0.0252298774411852,0.033231017009021,0.8846153846153846,88.46153846153845,0.26923076923076916,0.5,0.7435897435897436,0.39743589743589747,0.038461538461538325,0.33974358974358976,0.02522987744118521,0.03323101700902109,0.06891345216335565,0.05360176059025945,0.02522987744118521,0.03323101700902109,MM_CROWDED_EXPANSION
2023-12-26,2069.800048828125,106454,0.8653846153846154,0.0086252864526883,0.0384307141946367,0.0146078670726101,0.0378578940738454,0.8653846153846154,86.53846153846155,-0.0705128205128206,0.3012820512820513,0.8012820512820513,0.41666666666666674,-0.4423076923076925,0.032051282051282104,0.014607867072610192,0.03785789407384543,0.12397504687924243,0.07589146288302429,0.014607867072610192,0.03785789407384543,MM_CROWDED_EXPANSION
2024-01-02,2073.39990234375,109149,0.903846153846154,0.001739227669679,0.0103795154592249,0.0182192469803139,0.0506206751171776,0.903846153846154,90.3846153846154,0.0,0.30128205128205143,0.8717948717948719,0.3205128205128206,-0.30128205128205143,-0.12179487179487158,0.018219246980313963,0.050620675117177605,0.10563635064128407,0.0745788558402436,0.018219246980313963,0.050620675117177605,MM_CROWDED_EXPANSION
2024-01-09,2033.0,88459,0.7307692307692307,-0.0194848578405364,-0.0177795187747533,0.0199679158153325,0.0338164251207728,0.7307692307692307,73.07692307692307,-0.05769230769230771,0.24999999999999994,0.6025641025641025,0.14743589743589736,-0.36538461538461536,0.05769230769230754,0.019967915815332526,0.033816425120772875,0.05026608011702405,0.0495070082198803,0.019967915815332526,0.033816425120772875,MM_EXPANSION
2024-01-16,2030.199951171875,83229,0.6730769230769231,-0.001377298980878,-0.020835320346568,-0.0106720654169782,0.0142885571216924,0.6730769230769231,67.3076923076923,-0.21153846153846145,0.05769230769230771,0.28846153846153855,-0.2692307692307693,-0.4807692307692306,-0.41666666666666674,-0.010672065416978294,0.014288557121692413,0.022204308004649898,0.024939368500609627,-0.010672065416978294,0.014288557121692413,MM_EXPANSION
2024-01-23,2025.800048828125,61033,0.4423076923076923,-0.002167226110517,-0.0035415401730816,-0.0212580920678361,-0.0069607603783701,0.4423076923076923,44.230769230769226,-0.42307692307692313,-0.4935897435897437,-0.1217948717948718,-0.3012820512820513,-0.35256410256410253,-1.3653846153846156,-0.021258092067836132,-0.006960760378370123,0.01579501540829309,0.031624025666034505,-0.021258092067836132,-0.006960760378370123,MM_DISTRIBUTION
2024-01-30,2031.5,56024,0.391025641025641,0.0028136790574035,0.0006403550681668,-0.020208307281382,-0.0023572404424816,0.391025641025641,39.1025641025641,-0.512820512820513,-0.512820512820513,-0.2115384615384615,-0.1474358974358974,-0.512820512820513,-1.384615384615385,-0.02020830728138201,-0.002357240442481645,0.029389409678236555,0.0266322770727061,-0.02020830728138201,-0.002357240442481645,MM_DISTRIBUTION
2024-02-06,2051.39990234375,68069,0.5256410256410257,0.0097956693791534,0.0126369103063423,0.0090506160077472,0.0291992537615992,0.5256410256410257,52.56410256410257,-0.20512820512820507,-0.2628205128205128,0.04487179487179488,0.17948717948717957,-0.14743589743589736,-0.923076923076923,0.009050616007747259,0.029199253761599264,0.04317310060704305,0.046685992545483224,0.009050616007747259,0.029199253761599264,MM_DISTRIBUTION
2024-02-13,2007.199951171875,34176,0.2051282051282051,-0.0215462383133469,-0.0119616287610755,-0.0113289333825093,-0.0218800956813249,0.2051282051282051,20.51282051282051,-0.46794871794871806,-0.6794871794871795,-0.41025641025641035,0.04487179487179491,-0.2564102564102566,-1.1794871794871795,-0.011328933382509399,-0.021880095681324985,0.002797749627419188,0.03720545773908257,-0.011328933382509399,-0.021880095681324985,MM_RESET
2024-02-20,2039.800048828125,49923,0.3397435897435897,0.0162415795383099,-0.0056546037183544,0.006910849867981,-0.0144941536826155,0.3397435897435897,33.97435897435897,-0.10256410256410259,-0.5256410256410258,-0.5961538461538463,0.25,0.32051282051282054,-0.8269230769230771,0.006910849867981073,-0.01449415368261553,-9.801528033093199e-05,0.059086214344820975,0.006910849867981073,-0.01449415368261553,MM_DISTRIBUTION
2024-02-27,2044.0999755859373,56153,0.4038461538461538,0.0021080138517903,0.0183838308647421,0.006202301543656,-0.0141313437531719,0.4038461538461538,40.38461538461538,0.012820512820512775,-0.5000000000000002,-0.5000000000000002,0.1794871794871795,0.5256410256410258,-0.8012820512820517,0.006202301543656086,-0.014131343753171932,0.0038304407851392774,0.04020151696172314,0.006202301543656086,-0.014131343753171932,MM_DISTRIBUTION
2024-03-05,2141.89990234375,109763,0.9102564102564102,0.0478449821074815,0.0500538538442931,0.0441162154178726,0.053566110351082,0.9102564102564102,91.02564102564102,0.3846153846153846,0.17948717948717952,0.1217948717948718,0.6153846153846154,0.5897435897435896,-0.07051282051282043,0.044116215417872695,0.05356611035108205,0.07460362974846002,0.09694762323297046,0.044116215417872695,0.05356611035108205,MM_CROWDED_EXPANSION
2024-03-12,2166.10009765625,141083,0.9807692307692308,0.0112984716447388,0.059684028925905,0.0791650808837471,0.0669392915736848,0.9807692307692308,98.07692307692308,0.7756410256410258,0.3076923076923077,0.09615384615384626,0.8012820512820513,1.2435897435897438,0.25,0.07916508088374719,0.06693929157368483,0.05555284565806606,0.11937374036727344,0.07916508088374719,0.06693929157368483,MM_CROWDED_EXPANSION
2024-03-19,2159.699951171875,142896,0.9871794871794872,-0.0029546863929788,0.00831040181133,0.0587802232932748,0.066097294459642,0.9871794871794872,98.71794871794873,0.6474358974358976,0.5448717948717949,0.1217948717948718,0.6987179487179489,0.7500000000000002,1.0384615384615388,0.058780223293274814,0.06609729445964208,0.0434341000207481,0.10544096081715937,0.058780223293274814,0.06609729445964208,MM_CROWDED_EXPANSION
2024-03-26,2177.199951171875,135795,0.9615384615384616,0.0081029774485592,0.0051243492983703,0.0651142200360257,0.0717203796071253,0.9615384615384616,96.15384615384616,0.5576923076923077,0.5705128205128205,0.0576923076923076,0.8205128205128206,0.5448717948717949,1.0833333333333335,0.06511422003602574,0.0717203796071253,0.05006272485630503,0.1340764120205491,0.06511422003602574,0.0717203796071253,MM_CROWDED_EXPANSION
2024-04-02,2281.800048828125,147080,0.9935897435897436,0.048043404373562,0.0565356764443121,0.0653159124435698,0.112313618725018,0.9935897435897436,99.35897435897436,0.08333333333333337,0.46794871794871795,0.2628205128205129,0.9294871794871795,-0.3012820512820512,0.7307692307692307,0.06531591244356982,0.112313618725018,0.12238074216828587,0.2390985874711513,0.06531591244356982,0.112313618725018,MM_CROWDED_EXPANSION
2024-04-09,2362.39990234375,141732,0.967948717948718,0.0353229256687144,0.0850633636438358,0.0906236073300117,0.1769629134180161,0.967948717948718,96.7948717948718,-0.012820512820512886,0.7628205128205129,0.2948717948717948,0.9358974358974359,-0.7884615384615387,1.4423076923076925,0.09062360733001174,0.17696291341801618,0.16362917897821938,0.25974502257386156,0.09062360733001174,0.17696291341801618,MM_CROWDED_EXPANSION
2024-04-16,2407.800048828125,134736,0.9423076923076924,0.0192178074674542,0.0552195623208573,0.1148771140739381,0.1804098397837659,0.9423076923076924,94.23076923076924,-0.04487179487179482,0.6025641025641026,0.5000000000000001,0.8141025641025642,-0.6923076923076924,1.1282051282051284,0.11487711407393819,0.1804098397837659,0.18856747496919923,0.2438911554295593,0.11487711407393819,0.1804098397837659,MM_CROWDED_EXPANSION
2024-04-23,2342.10009765625,142139,0.967948717948718,-0.0272862986292616,-0.008592873995364,0.0757395508830587,0.1457854927007136,0.967948717948718,96.7948717948718,0.0064102564102563875,0.5641025641025641,0.5769230769230769,0.5833333333333334,-0.5512820512820513,1.0641025641025643,0.07573955088305873,0.14578549270071361,0.15289199983079005,0.179245821683919,0.07573955088305873,0.14578549270071361,MM_CROWDED_EXPANSION
2024-04-30,2302.89990234375,135027,0.935897435897436,-0.0167371989573493,-0.0435668013776433,0.0092470212394206,0.0751669113126283,0.935897435897436,93.5897435897436,-0.0576923076923076,0.025641025641025772,0.41025641025641035,0.3717948717948719,-0.14102564102564097,-0.15384615384615374,0.009247021239420672,0.07516691131262832,0.12259920638226518,0.1547409346436921,0.009247021239420672,0.07516691131262832,MM_CROWDED_EXPANSION
2024-05-07,2324.199951171875,126099,0.9166666666666666,0.0092492291160579,-0.0076427760292089,-0.016169976613179,0.0729882491057043,0.9166666666666666,91.66666666666666,-0.05128205128205132,-0.06410256410256421,0.7115384615384616,0.3141025641025641,-0.038461538461538436,-0.3717948717948719,-0.016169976613179093,0.07298824910570434,0.15793145063346792,0.1777045610194452,-0.016169976613179093,0.07298824910570434,MM_DISTRIBUTION
2024-05-14,2359.89990234375,130435,0.9230769230769232,0.0153601032277257,0.0247514014577832,-0.0198937393109897,0.0926980394027625,0.9230769230769232,92.30769230769232,-0.019230769230769162,-0.06410256410256399,0.5833333333333335,0.44230769230769246,0.02564102564102566,-0.6089743589743589,-0.0198937393109897,0.09269803940276256,0.1569270741509805,0.20005080210717008,-0.0198937393109897,0.09269803940276256,MM_DISTRIBUTION
2024-05-21,2425.89990234375,148523,0.9935897435897436,0.0279672879067673,0.0437569715637407,0.0357797708011535,0.1142292654553902,0.9935897435897436,99.35897435897436,0.02564102564102566,0.03205128205128205,0.5897435897435899,0.3782051282051282,0.019230769230769273,-0.5384615384615384,0.035779770801153576,0.11422926545539025,0.18678143501683198,0.21198038166122846,0.035779770801153576,0.11422926545539025,MM_CROWDED_EXPANSION
2024-05-28,2356.5,148828,1.0,-0.028607900217441,-0.0014406976924629,0.0232750444783549,0.0327372905484155,1.0,100.0,0.06410256410256399,0.0064102564102563875,0.08974358974358976,0.06410256410256399,0.12179487179487158,-0.46153846153846156,0.023275044478354934,0.032737290548415565,0.10019146899508535,0.1551470588235293,0.023275044478354934,0.032737290548415565,MM_CROWDED_EXPANSION
2024-06-04,2347.39990234375,152299,1.0,-0.0038617006816252,-0.0323591257512967,0.0099819084671168,-0.0063494753725305,1.0,100.0,0.08333333333333337,0.03205128205128205,0.019230769230769162,0.09615384615384603,0.1346153846153847,-0.7307692307692308,0.009981908467116885,-0.0063494753725305,0.08369871959456954,0.15277702011285643,0.009981908467116885,-0.0063494753725305,MM_CROWDED_EXPANSION
2024-06-11,2326.60009765625,152965,1.0,-0.0088607845074597,-0.0126882674915128,-0.0141106852262793,-0.0337237102438779,1.0,100.0,0.07692307692307676,0.0576923076923076,0.012820512820512775,0.21153846153846156,0.09615384615384592,-0.544871794871795,-0.01411068522627934,-0.03372371024387799,0.0772793213213776,0.16726879121603266,-0.01411068522627934,-0.03372371024387799,MM_CROWDED_EXPANSION
2024-06-18,2346.89990234375,160621,1.0,0.0087250940580418,-0.0002130016276735,-0.0325652348325152,0.002049359330245,1.0,100.0,0.0064102564102563875,0.03205128205128205,0.038461538461538436,0.11538461538461542,-0.019230769230769273,-0.532051282051282,-0.03256523483251528,0.002049359330245082,0.07794412776857462,0.1436576144722168,-0.03256523483251528,0.002049359330245082,MM_CROWDED_EXPANSION
2024-06-25,2330.800048828125,158202,0.9935897435897436,-0.006860051210342,0.0018051882556464,-0.0109059839473265,0.012115223269574,0.9935897435897436,99.35897435897436,-0.0064102564102563875,0.0576923076923076,0.0,0.1282051282051282,-0.07051282051282037,0.032051282051281826,-0.010905983947326559,0.012115223269574038,0.02147427423588888,0.1260991370387552,-0.010905983947326559,0.012115223269574038,MM_CROWDED_EXPANSION
2024-07-02,2333.39990234375,150815,0.9743589743589745,0.0011154339545049,-0.0057522691898866,-0.0059640455748599,0.0039583303352348,0.9743589743589745,97.43589743589745,-0.02564102564102555,0.05769230769230782,0.0064102564102564985,0.07051282051282048,-0.10897435897435892,0.12179487179487203,-0.005964045574859966,0.00395833033523485,-0.01227565238689221,0.12539790307991172,-0.005964045574859966,0.00395833033523485,MM_CROWDED_EXPANSION
2024-07-09,2367.89990234375,157467,0.9871794871794872,0.0147852924675906,0.0159172184393414,0.0177511402707772,0.0033899742917293,0.9871794871794872,98.71794871794873,-0.012820512820512775,0.06410256410256399,0.04487179487179482,0.2564102564102565,-0.08974358974358954,0.12820512820512797,0.017751140270777288,0.0033899742917293807,-0.01657120428409098,0.16473187523057065,0.017751140270777288,0.0033899742917293807,MM_CROWDED_EXPANSION
2024-07-16,2467.800048828125,184532,1.0,0.0421893452444901,0.0575984195205367,0.051514828716656,0.0172720013896261,1.0,100.0,0.0,0.0064102564102563875,0.03205128205128205,0.32692307692307687,-0.0064102564102563875,-0.02564102564102566,0.051514828716656025,0.017272001389626146,0.053669760441777736,0.21554531976205493,0.051514828716656025,0.017272001389626146,MM_CROWDED_EXPANSION
2024-07-23,2407.300048828125,162860,0.9935897435897436,-0.0245157625427268,0.0166392787319162,0.0328213482055066,0.0215574151615214,0.9935897435897436,99.35897435897436,0.0,-0.0064102564102563875,0.0576923076923076,0.5512820512820513,0.0064102564102563875,-0.012820512820512775,0.03282134820550664,0.02155741516152143,0.04533420943659894,0.1883206589024855,0.03282134820550664,0.02155741516152143,MM_DISTRIBUTION
2024-07-30,2405.0,152364,0.9615384615384616,-0.0009554475061156,-0.0254477865246605,0.0306848807117599,0.0245378291098756,0.9615384615384616,96.15384615384616,-0.012820512820512886,-0.038461538461538436,0.044871794871794934,0.5705128205128205,0.012820512820512664,-0.07051282051282048,0.0306848807117599,0.024537829109875675,0.03476467194114918,0.18385429485601779,0.0306848807117599,0.024537829109875675,MM_DISTRIBUTION
2024-08-06,2431.60009765625,150786,0.9423076923076924,0.0110603316658004,0.0100943165933777,0.0269015574726996,0.0451302310636769,0.9423076923076924,94.23076923076924,-0.04487179487179482,-0.0576923076923076,0.019230769230769162,0.41666666666666674,-0.03205128205128205,-0.1153846153846152,0.026901557472699622,0.04513023106367697,0.030382727352668892,0.185336947163796,0.026901557472699622,0.04513023106367697,MM_DISTRIBUTION
2024-08-13,2507.800048828125,177915,0.9935897435897436,0.0313373696790528,0.0427443030470373,0.0162087686232905,0.0685585892792832,0.9935897435897436,99.35897435897436,-0.0064102564102563875,-0.0064102564102563875,0.0,0.7884615384615385,-0.0064102564102563875,-0.038461538461538436,0.01620876862329057,0.06855858927928327,0.03376072788710216,0.24940220697194704,0.01620876862329057,0.06855858927928327,MM_DISTRIBUTION
2024-08-20,2550.60009765625,193305,1.0,0.0170667708727916,0.0489389682599128,0.0595272902926593,0.0943024044205917,1.0,100.0,0.0064102564102563875,0.0064102564102563875,0.0,0.6602564102564104,0.0064102564102563875,-0.05128205128205121,0.05952729029265935,0.09430240442059179,0.08236795996446,0.25041672546364646,0.05952729029265935,0.09430240442059179,MM_CROWDED_EXPANSION
2024-08-27,2552.89990234375,200291,1.0,0.0009016719985281,0.017983831500721,0.061496840891372,0.0940687448300336,1.0,100.0,0.038461538461538436,0.02564102564102555,0.0,0.5961538461538463,0.05128205128205132,-0.03205128205128227,0.061496840891372084,0.09406874483003369,0.08754366897383759,0.2489114685361542,0.061496840891372084,0.09406874483003369,MM_CROWDED_EXPANSION
2024-09-03,2523.0,192090,0.9871794871794872,-0.0117121326677555,-0.0108210211712967,0.037588377476974,0.0655011208466758,0.9871794871794872,98.71794871794873,0.04487179487179482,0.0,-0.012820512820512775,0.07692307692307698,0.08974358974358965,-0.06410256410256399,0.03758837747697408,0.06550112084667581,0.08441498070149556,0.1779261940482071,0.03758837747697408,0.06550112084667581,MM_NEUTRAL
2024-09-10,2543.10009765625,190455,0.9807692307692308,0.0079667450084224,-0.0038386952338017,0.0140761018186519,0.0305130267194388,0.9807692307692308,98.07692307692308,-0.012820512820512775,-0.019230769230769162,-0.019230769230769162,0.0,-0.0064102564102563875,-0.02564102564102555,0.014076101818651932,0.030513026719438896,0.08359972878117339,0.17404551175078153,0.014076101818651932,0.030513026719438896,MM_DISTRIBUTION
2024-09-17,2592.39990234375,216355,1.0,0.0193857114523079,0.0275068974806778,0.0163882235893857,0.0768910604250316,1.0,100.0,0.0,0.0064102564102563875,0.0064102564102563875,0.012820512820512775,-0.0064102564102563875,0.012820512820512775,0.016388223589385742,0.07689106042503169,0.11223607689863901,0.2003518826479056,0.016388223589385742,0.07689106042503169,MM_CROWDED_EXPANSION
2024-09-24,2677.0,219029,1.0,0.0326338917000283,0.0526522343603987,0.0486114232455088,0.1130977130977131,1.0,100.0,0.0,0.038461538461538436,0.02564102564102555,0.038461538461538436,-0.038461538461538436,0.07692307692307687,0.04861142324550882,0.1130977130977131,0.147252983644649,0.2295609314886804,0.04861142324550882,0.1130977130977131,MM_CROWDED_EXPANSION
2024-10-01,2690.300048828125,214462,0.9871794871794872,0.0049682662787169,0.0377642918424216,0.0663099678272394,0.1063908294053896,0.9871794871794872,98.71794871794873,0.0,0.04487179487179482,0.0,-0.0064102564102563875,-0.04487179487179482,0.10256410256410242,0.06630996782723941,0.10639082940538969,0.13615446588990654,0.1790253270481763,0.06630996782723941,0.10639082940538969,MM_CROWDED_EXPANSION
2024-10-08,2635.39990234375,194059,0.9743589743589745,-0.0204067001776583,-0.0155398198192939,0.0362942083060608,0.0508811910962563,0.9743589743589745,97.43589743589745,-0.0064102564102563875,-0.019230769230769162,-0.02564102564102555,0.0064102564102564985,0.0064102564102563875,-0.012820512820512775,0.03629420830606089,0.05088119109625633,0.06791468117330357,0.11556045178005436,0.03629420830606089,0.05088119109625633,MM_DISTRIBUTION
2024-10-15,2678.89990234375,199421,0.9743589743589745,0.0165060338513765,-0.0042375000102091,0.0333667656451446,0.0503018112503779,0.9743589743589745,97.43589743589745,-0.02564102564102555,-0.02564102564102555,-0.019230769230769162,0.03205128205128205,-0.02564102564102555,-0.03205128205128194,0.033366765645144625,0.050301811250377915,0.11282343206358503,0.11259234488659842,0.033366765645144625,0.050301811250377915,MM_DISTRIBUTION
2024-10-22,2759.800048828125,205160,0.9807692307692308,0.0301990180422926,0.0472035179077534,0.030930163925336,0.0810451464604724,0.9807692307692308,98.07692307692308,-0.019230769230769162,-0.019230769230769162,0.019230769230769273,0.012820512820512886,-0.019230769230769162,-0.04487179487179471,0.030930163925336096,0.08104514646047245,0.14752600782874215,0.17834419271399593,0.030930163925336096,0.08104514646047245,MM_DISTRIBUTION
2024-10-29,2781.10009765625,195173,0.9615384615384616,0.0077179681322092,0.0381500612333762,0.0337509003383011,0.1022988892811138,0.9615384615384616,96.15384615384616,-0.02564102564102566,-0.02564102564102566,0.019230769230769162,0.02564102564102555,-0.02564102564102566,-0.02564102564102566,0.03375090033830119,0.10229888928111386,0.1437325160238614,0.20765131598894815,0.03375090033830119,0.10229888928111386,MM_DISTRIBUTION
2024-11-05,2749.699951171875,183003,0.9230769230769232,-0.0112905488410277,-0.0036597208049686,0.0433710454062299,0.0812393714687162,0.9230769230769232,92.30769230769232,-0.05128205128205121,-0.0576923076923076,-0.07051282051282037,0.0064102564102566095,-0.04487179487179482,-0.038461538461538436,0.043371045406229936,0.08123937146871629,0.09645900695184517,0.18307374965112633,0.043371045406229936,0.08123937146871629,MM_DISTRIBUTION
2024-11-12,2606.300048828125,165296,0.9102564102564102,-0.052151109171979,-0.0628528433677868,-0.0271006219575833,0.005361883585865,0.9102564102564102,91.02564102564102,-0.06410256410256421,-0.08974358974358976,-0.08974358974358976,-0.012820512820512997,-0.03846153846153866,-0.09615384615384615,-0.027100621957583337,0.00536188358586509,0.021837978922316204,0.10441127025754815,-0.027100621957583337,0.00536188358586509,MM_DISTRIBUTION
2024-11-19,2631.0,155174,0.8782051282051282,0.0094770174995701,-0.0431683286466536,-0.0466700654211584,-0.0171834142697049,0.8782051282051282,87.82051282051282,-0.10256410256410264,-0.1217948717948718,-0.1217948717948718,-0.11538461538461542,-0.08333333333333348,-0.16025641025641024,-0.04667006542115848,-0.017183414269704933,0.030592698751936265,0.0845459853714885,-0.04667006542115848,-0.017183414269704933,MM_DISTRIBUTION
2024-11-26,2621.300048828125,179290,0.9166666666666666,-0.0036867925396711,0.0057552851624833,-0.0574592942421581,-0.025647696817333,0.9166666666666666,91.66666666666666,-0.044871794871794934,-0.0705128205128206,-0.0705128205128206,-0.08333333333333337,-0.019230769230769273,-0.11538461538461542,-0.05745929424215812,-0.025647696817333032,0.03896157305910619,0.11237006103463831,-0.05745929424215812,-0.025647696817333032,MM_DISTRIBUTION
2024-12-03,2667.89990234375,180735,0.9166666666666666,0.0177773824619802,0.0140250484012733,-0.0297487181440517,0.0123320942567755,0.9166666666666666,91.66666666666666,-0.0064102564102566095,-0.05769230769230782,-0.06410256410256421,-0.08333333333333337,0.0448717948717946,-0.03846153846153866,-0.029748718144051778,0.012332094256775505,0.0490738861606419,0.13653404333875896,-0.029748718144051778,0.012332094256775505,MM_DISTRIBUTION
2024-12-10,2718.39990234375,196078,0.9615384615384616,0.0189287461480978,0.0370426321698786,0.0430111082436686,0.0147448585015967,0.9615384615384616,96.15384615384616,0.05128205128205132,-0.012820512820512886,-0.038461538461538436,-0.038461538461538436,0.11538461538461553,0.012820512820512664,0.043011108243668605,0.014744858501596791,0.048603612384835015,0.1684001496785752,0.043011108243668605,0.014744858501596791,MM_DISTRIBUTION
2024-12-17,2662.0,183502,0.9166666666666666,-0.0207474633497165,-0.0022114406685823,0.0117825921702774,-0.0354373675982987,0.9166666666666666,91.66666666666666,0.038461538461538436,-0.06410256410256421,-0.08333333333333337,-0.08333333333333337,0.14102564102564108,-0.044871794871795045,0.01178259217027744,-0.03543736759829874,-0.0056032872618603236,0.13426226544283915,0.01178259217027744,-0.03543736759829874,MM_DISTRIBUTION
2024-12-24,2635.5,165497,0.8846153846153846,-0.0099549211119459,-0.0304958451007429,0.0054171406963592,-0.0523534186270222,0.8846153846153846,88.46153846153845,-0.03205128205128205,-0.07692307692307698,-0.10256410256410264,-0.10897435897435903,0.012820512820512886,-0.05128205128205132,0.005417140696359235,-0.05235341862702225,-0.02036949330317095,0.13072762347206557,0.005417140696359235,-0.05235341862702225,MM_DISTRIBUTION
2024-12-31,2641.0,166169,0.8846153846153846,0.0020868905331057,-0.0078888054094665,-0.0100828004529399,-0.0395315682082144,0.8846153846153846,88.46153846153845,-0.03205128205128205,-0.03846153846153866,-0.08974358974358987,-0.08974358974358987,-0.02564102564102544,0.01923076923076894,-0.010082800452939966,-0.03953156820821446,0.002124951758277538,0.13182485237411967,-0.010082800452939966,-0.03953156820821446,MM_DISTRIBUTION
2025-01-07,2665.39990234375,177641,0.8846153846153846,0.0092388876727564,0.011345058753083,-0.0194967635020529,0.0226757673362274,0.8846153846153846,88.46153846153845,-0.07692307692307698,-0.02564102564102566,-0.08974358974358987,-0.10256410256410264,-0.1282051282051283,0.0641025641025641,-0.019496763502052983,0.022675767336227448,-0.005039382019533023,0.1256387568180286,-0.019496763502052983,0.022675767336227448,MM_DISTRIBUTION
2025-01-14,2682.300048828125,195622,0.9551282051282052,0.0063405669331324,0.0156380343915656,0.0076258635717976,0.0194983081824875,0.9551282051282052,95.51282051282051,0.03846153846153855,0.07692307692307698,-0.02564102564102566,-0.04487179487179482,1.1102230246251565e-16,0.1987179487179488,0.00762586357179762,0.019498308182487545,-0.028081744557149402,0.08691952174239503,0.00762586357179762,0.019498308182487545,MM_CROWDED_EXPANSION
2025-01-21,2759.199951171875,215869,0.9871794871794872,0.0286693885635005,0.0351917356737516,0.0469360467356763,0.0526074466009334,0.9871794871794872,98.71794871794873,0.10256410256410264,0.0705128205128206,0.02564102564102566,-0.0064102564102563875,0.1346153846153847,0.1410256410256412,0.04693604673567631,0.052607446600933416,-0.007874634394796187,0.14618032451544827,0.04693604673567631,0.052607446600933416,MM_CROWDED_EXPANSION
2025-01-28,2767.5,210540,0.9743589743589745,0.0030081360448703,0.0317637660294933,0.0478985232866338,0.0373327715814042,0.9743589743589745,97.43589743589745,0.08974358974358987,0.05769230769230782,0.05128205128205121,0.012820512820512886,0.12179487179487192,0.11538461538461564,0.0478985232866338,0.037332771581404245,0.006473451338041114,0.1507276507276507,0.0478985232866338,0.037332771581404245,MM_CROWDED_EXPANSION
2025-02-04,2875.800048828125,209533,0.967948717948718,0.0391328089713189,0.0422586618293929,0.0789375531601712,0.0579017628527236,0.967948717948718,96.7948717948718,0.08333333333333337,0.0064102564102563875,0.05769230769230771,0.02564102564102555,0.16025641025641035,0.019230769230769273,0.07893755316017126,0.05790176285272364,0.10340329008594984,0.18267804463407722,0.07893755316017126,0.05790176285272364,MM_CROWDED_EXPANSION
2025-02-11,2932.60009765625,194803,0.9230769230769232,0.0197510424451348,0.0596567651874435,0.0933154547484271,0.1016529292472765,0.9230769230769232,92.30769230769232,-0.03205128205128194,0.0064102564102566095,0.044871794871795045,-0.07051282051282037,-0.07051282051282048,0.07051282051282082,0.09331545474842717,0.10165292924727654,0.11463325642578859,0.16939151469696734,0.09331545474842717,0.10165292924727654,MM_CROWDED_EXPANSION
2025-02-18,2949.0,185329,0.8910256410256411,0.0055922736812485,0.0254537693612264,0.0687880734223389,0.1189527603870232,0.8910256410256411,89.1025641025641,-0.09615384615384615,0.0064102564102564985,-0.02564102564102555,-0.10897435897435892,-0.1987179487179488,0.08333333333333348,0.06878807342233895,0.11895276038702329,0.12501428492261923,0.15619849725162327,0.06878807342233895,0.11895276038702329,MM_CROWDED_EXPANSION
2025-02-25,2918.800048828125,179812,0.8589743589743589,-0.0102407430219989,-0.0047057383784288,0.0546702976795392,0.1051874474926637,0.8589743589743589,85.8974358974359,-0.11538461538461553,-0.02564102564102566,-0.05769230769230771,-0.14102564102564108,-0.2051282051282054,0.012820512820512997,0.05467029767953924,0.10518744749266373,0.09404406299650114,0.14332725938390767,0.05467029767953924,0.10518744749266373,MM_DISTRIBUTION
2025-03-04,2920.60009765625,166658,0.8333333333333334,0.0006167085096657,-0.0096303500657002,0.0155782905860859,0.095745555887541,0.8333333333333334,83.33333333333334,-0.13461538461538458,-0.05128205128205121,-0.1282051282051282,-0.15384615384615385,-0.21794871794871795,-0.02564102564102555,0.015578290586085952,0.09574555588754108,0.07438206392597602,0.15759020913842647,0.015578290586085952,0.09574555588754108,MM_DISTRIBUTION
2025-03-11,2920.89990234375,167576,0.8333333333333334,0.0001026517419282,0.0007194235577967,-0.0039897002396783,0.0889534538165732,0.8333333333333334,83.33333333333334,-0.08974358974358987,-0.1217948717948718,-0.08333333333333326,-0.14743589743589747,-0.05769230769230793,-0.1987179487179488,-0.003989700239678373,0.08895345381657327,0.09725766429141625,0.14855876299784065,-0.003989700239678373,0.08895345381657327,MM_DISTRIBUTION
2025-03-18,3040.800048828125,183834,0.8782051282051282,0.041049043271961,0.0411559087696853,0.0311292128952611,0.1020586048998188,0.8782051282051282,87.82051282051282,-0.012820512820512886,-0.10897435897435903,-0.0064102564102563875,-0.1217948717948718,0.08333333333333326,-0.17948717948717963,0.03112921289526116,0.10205860489981888,0.15378487908485106,0.17296719772245917,0.03112921289526116,0.10205860489981888,MM_DISTRIBUTION
2025-03-25,3025.89990234375,174732,0.8269230769230769,-0.0049000744031549,0.0359478255025951,0.0366931107729098,0.0933694317411923,0.8269230769230769,82.6923076923077,-0.03205128205128205,-0.14743589743589758,-0.05769230769230771,-0.17307692307692313,0.08333333333333348,-0.2051282051282054,0.03669311077290982,0.09336943174119239,0.1457402129283416,0.13033242523113553,0.03669311077290982,0.09336943174119239,MM_DISTRIBUTION
2025-04-01,3146.0,141999,0.6923076923076923,0.0396907040987128,0.0345961422923606,0.0771758867380134,0.0939564457139432,0.6923076923076923,69.23076923076923,-0.14102564102564108,-0.27564102564102566,-0.1923076923076923,-0.29487179487179493,-0.0064102564102564985,-0.28205128205128205,0.07717588673801346,0.09395644571394324,0.1803106908023997,0.16938629256999582,0.07717588673801346,0.09395644571394324,MM_DISTRIBUTION
2025-04-08,2990.199951171875,130986,0.6538461538461539,-0.0495232195893594,-0.0117981269453835,0.0237255815485215,0.0196412233504523,0.6538461538461539,65.38461538461539,-0.17948717948717952,-0.2692307692307694,-0.3012820512820513,-0.3205128205128206,-0.08974358974358965,-0.275641025641026,0.023725581548521557,0.019641223350452375,0.11478950778764263,0.1346285429063685,0.023725581548521557,0.019641223350452375,MM_DISTRIBUTION
2025-04-15,3240.39990234375,124854,0.6346153846153846,0.0836733179243818,0.0300063262376828,0.0656405716622332,0.0988131238873346,0.6346153846153846,63.46153846153846,-0.2435897435897436,-0.2564102564102565,-0.35256410256410264,-0.33974358974358987,-0.23076923076923073,-0.262820512820513,0.06564057166223325,0.09881312388733465,0.17439836173072631,0.2096009632568756,0.06564057166223325,0.09881312388733465,MM_DISTRIBUTION
2025-04-22,3419.39990234375,120902,0.6282051282051282,0.0552400954803544,0.143535535476037,0.1300439580619337,0.1715087861933577,0.6282051282051282,62.82051282051282,-0.19871794871794868,-0.23076923076923073,-0.34615384615384626,-0.35256410256410264,-0.16666666666666663,-0.20512820512820507,0.1300439580619337,0.17150878619335774,0.23555552026874427,0.23900276898527717,0.1300439580619337,0.17150878619335774,MM_DISTRIBUTION
2025-04-29,3333.60009765625,105895,0.5576923076923077,-0.0250920650224883,0.0287619423902245,0.0596313088544977,0.1414092947307055,0.5576923076923077,55.769230769230774,-0.13461538461538458,-0.27564102564102566,-0.41025641025641024,-0.40384615384615385,0.0064102564102564985,-0.22435897435897445,0.059631308854497744,0.14140929473070551,0.15919050040168004,0.19866239279399367,0.059631308854497744,0.14140929473070551,MM_DISTRIBUTION
2025-05-06,3422.800048828125,102091,0.5256410256410257,0.0267578439401261,0.0009943693576304,0.1446726321718758,0.1718306560528304,0.5256410256410257,52.56410256410257,-0.1282051282051282,-0.3076923076923077,-0.3974358974358976,-0.3974358974358976,0.05128205128205132,-0.1858974358974359,0.14467263217187587,0.17183065605283043,0.16715540300351406,0.24479038062657943,0.14467263217187587,0.17183065605283043,MM_DISTRIBUTION
2025-05-13,3247.800048828125,101227,0.5192307692307693,-0.0511277309522989,-0.0257379548580072,0.002283713957349,0.0680741899092558,0.5192307692307693,51.92307692307693,-0.11538461538461531,-0.3589743589743589,-0.3717948717948718,-0.39102564102564097,0.1282051282051283,-0.2499999999999999,0.002283713957349054,0.06807418990925584,0.10132249875487442,0.24613436211553563,0.002283713957349054,0.06807418990925584,MM_DISTRIBUTION
2025-05-20,3284.60009765625,107629,0.5641025641025641,0.011330761831044,-0.040376285263637,-0.0394220648468477,0.0854952918674276,0.5641025641025641,56.41025641025641,-0.0641025641025641,-0.2628205128205128,-0.2948717948717948,-0.3141025641025641,0.13461538461538458,-0.1153846153846152,-0.03942206484684774,0.08549529186742766,0.12532549085539135,0.24842269010119722,-0.03942206484684774,0.08549529186742766,MM_DISTRIBUTION
2025-05-27,3300.39990234375,110816,0.5961538461538461,0.004810267374337,0.0161955331993433,-0.0099592615610498,0.0490781634913382,0.5961538461538461,59.61538461538461,0.038461538461538436,-0.09615384615384615,-0.23717948717948723,-0.3205128205128205,0.17307692307692302,0.17948717948717952,-0.00995926156104987,0.0490781634913382,0.13004170101626888,0.25906986642724195,-0.00995926156104987,0.0490781634913382,MM_DISTRIBUTION
2025-06-03,3377.10009765625,123582,0.6282051282051282,0.0232396671864012,0.0281617235735953,-0.0133516274745647,0.1293893896067877,0.6282051282051282,62.82051282051282,0.10256410256410253,-0.02564102564102566,-0.20512820512820518,-0.28846153846153844,0.23076923076923073,0.24358974358974372,-0.013351627474564753,0.1293893896067877,0.1561848096699383,0.2658271379257773,-0.013351627474564753,0.1293893896067877,MM_DISTRIBUTION
2025-06-10,3343.39990234375,124091,0.6282051282051282,-0.0099790335903541,0.0130287241765654,0.0294352645108553,0.0317862001926061,0.6282051282051282,62.82051282051282,0.10897435897435892,-0.0064102564102563875,-0.25,-0.33333333333333337,0.22435897435897423,0.2500000000000001,0.02943526451085532,0.03178620019260614,0.09951323620645236,0.22991466393930393,0.02943526451085532,0.03178620019260614,MM_DISTRIBUTION
2025-06-17,3406.89990234375,130511,0.6474358974358975,0.0189926427752438,0.008824080964666,0.0372343058671793,-0.0036556122000916,0.6474358974358975,64.74358974358975,0.08333333333333337,0.019230769230769273,-0.1794871794871794,-0.26923076923076916,0.14743589743589747,0.25,0.03723430586717935,-0.0036556122000916957,0.12591295558220272,0.27982716091049964,0.03723430586717935,-0.0036556122000916957,MM_EXPANSION
2025-06-24,3333.89990234375,125128,0.6282051282051282,-0.0214271044329128,-0.0028414189978711,0.0101502851143009,8.99342088784838e-05,0.6282051282051282,62.82051282051282,0.03205128205128205,0.07051282051282048,-0.0641025641025641,-0.2564102564102564,-0.0064102564102563875,0.34615384615384615,0.010150285114300939,8.99342088784838e-05,0.05972660595796242,0.2649971171860179,0.010150285114300939,8.99342088784838e-05,MM_EXPANSION
2025-07-01,3349.800048828125,130360,0.6346153846153846,0.0047692333153726,-0.0167600619778537,-0.0080838731570531,-0.0213275677686732,0.6346153846153846,63.46153846153846,0.0064102564102563875,0.10897435897435892,-0.019230769230769273,-0.25,-0.09615384615384615,0.41666666666666663,-0.008083873157053167,-0.021327567768673283,0.12025954903628455,0.26838320667479176,-0.008083873157053167,-0.021327567768673283,MM_EXPANSION
2025-07-08,3316.89990234375,128942,0.6282051282051282,-0.0098215254656421,-0.0050991332967281,-0.0079260635203773,0.021275895214226,0.6282051282051282,62.82051282051282,0.0,0.10897435897435892,-0.0064102564102563875,-0.2564102564102564,-0.10897435897435892,0.46794871794871784,-0.007926063520377391,0.021275895214226015,0.023608197230430727,0.2444286125422006,-0.007926063520377391,0.021275895214226015,MM_EXPANSION
2025-07-15,3336.699951171875,136727,0.6730769230769231,0.0059694441831463,-0.0039107103305562,-0.0206052285608924,0.0158618559235874,0.6730769230769231,67.3076923076923,0.02564102564102566,0.10897435897435903,0.044871794871794934,-0.28205128205128205,-0.05769230769230771,0.3717948717948718,-0.02060522856089242,0.015861855923587465,-0.02418551603607122,0.24396968662385543,-0.02060522856089242,0.015861855923587465,MM_EXPANSION
2025-07-22,3443.699951171875,159934,0.7756410256410257,0.0320676121814371,0.0382284821855876,0.0329344167624634,0.0434189955969765,0.7756410256410257,77.56410256410257,0.14743589743589747,0.17948717948717952,0.21794871794871795,-0.21153846153846156,0.11538461538461542,0.27564102564102566,0.03293441676246345,0.043418995596976595,0.03302731290205818,0.24807915776791822,0.03293441676246345,0.043418995596976595,MM_EXPANSION
2025-07-29,3324.0,134256,0.6410256410256411,-0.0347591116732285,-0.0038061412046997,-0.0077019668195272,-0.0157235782537515,0.6410256410256411,64.1025641025641,0.0064102564102564985,0.012820512820512886,0.11538461538461542,-0.33333333333333337,1.1102230246251565e-16,0.03846153846153855,-0.007701966819527284,-0.01572357825375159,-0.02886527036890496,0.2010840108401084,-0.007701966819527284,-0.01572357825375159,MM_EXPANSION
2025-08-05,3434.699951171875,153987,0.75,0.0333032344079047,-0.002613468109188,0.0355151051573447,0.0273075466575574,0.75,75.0,0.1217948717948718,0.1217948717948718,0.23076923076923073,-0.21794871794871795,0.1217948717948718,0.1282051282051282,0.035515105157344795,0.027307546657557413,0.057546616027420505,0.19434588387725316,0.035515105157344795,0.027307546657557413,MM_EXPANSION
2025-08-12,3399.0,148287,0.6987179487179487,-0.0103939067980871,0.0225631768953069,0.0186711570533169,-0.0023187949661553,0.6987179487179487,69.87179487179486,0.02564102564102555,0.05128205128205121,0.13461538461538458,-0.22435897435897456,-1.1102230246251565e-16,0.03205128205128194,0.0186711570533169,-0.002318794966155391,0.034829172180010914,0.15903972134369737,0.0186711570533169,-0.002318794966155391,MM_EXPANSION
2025-08-19,3358.699951171875,137385,0.6538461538461539,-0.011856442726721,-0.0221271147641498,-0.0246827543645534,0.0074387502788222,0.6538461538461539,65.38461538461539,-0.1217948717948718,0.02564102564102566,0.05769230769230771,-0.23717948717948723,-0.2692307692307693,-0.04487179487179482,-0.024682754364553472,0.007438750278822237,0.01766454082934721,0.1389284337646235,-0.024682754364553472,0.007438750278822237,MM_EXPANSION
2025-08-26,3433.0,141917,0.6666666666666666,0.0221216690708561,0.010002942041777,0.032791817087846,0.024837288781156,0.6666666666666666,66.66666666666666,0.02564102564102555,0.03205128205128205,0.038461538461538436,-0.1923076923076923,0.01923076923076905,-0.07692307692307687,0.032791817087846065,0.024837288781156097,0.016552634132031008,0.17616826866174762,0.032791817087846065,0.024837288781156097,MM_EXPANSION
2025-09-02,3592.199951171875,161502,0.782051282051282,0.0463734200908461,0.0695209466146358,0.0458555338862316,0.082999203151592,0.782051282051282,78.2051282051282,0.03205128205128205,0.15384615384615385,0.15384615384615385,-0.05128205128205132,-0.08974358974358976,0.044871794871794934,0.04585553388623165,0.08299920315159204,0.0744152826748945,0.2299526915905319,0.04585553388623165,0.08299920315159204,MM_EXPANSION
2025-09-09,3682.199951171875,163519,0.7884615384615384,0.0250542846231707,0.0725895575799229,0.0833186087590101,0.1035454206419301,0.7884615384615384,78.84615384615384,0.08974358974358976,0.11538461538461531,0.14102564102564097,-0.044871794871794934,0.06410256410256421,0.0064102564102562765,0.0833186087590101,0.10354542064193017,0.08080661502227704,0.26063886962276683,0.0833186087590101,0.10354542064193017,MM_EXPANSION
2025-09-16,3725.10009765625,158971,0.7564102564102564,0.011650683573205,0.0369968677386733,0.1090898716202783,0.081714478750861,0.7564102564102564,75.64102564102564,0.10256410256410253,-0.019230769230769273,0.1282051282051282,-0.1217948717948718,0.22435897435897434,-0.1987179487179488,0.10908987162027839,0.08171447875086102,0.11734011421203272,0.2250394757431824,0.10908987162027839,0.08171447875086102,MM_DISTRIBUTION
2025-09-23,3815.699951171875,160549,0.7628205128205128,0.0243214547637602,0.0362554999104578,0.1114768281887197,0.1479241730360634,0.7628205128205128,76.28205128205127,0.09615384615384615,0.1217948717948717,0.1282051282051282,-0.0641025641025641,0.0705128205128206,0.10897435897435881,0.11147682818871973,0.14792417303606342,0.1390828991440065,0.2610132768160556,0.11147682818871973,0.14792417303606342,MM_EXPANSION
2025-09-30,3873.199951171875,145227,0.6602564102564102,0.0150693190596238,0.0397572815852131,0.078225044212344,0.1276676292642067,0.6602564102564102,66.02564102564102,-0.1217948717948718,-0.08974358974358976,0.03205128205128205,-0.03205128205128205,-0.15384615384615385,-0.21153846153846156,0.078225044212344,0.12766762926420672,0.16771686370005878,0.23115065199360307,0.078225044212344,0.12766762926420672,MM_DISTRIBUTION
2025-10-07,4004.39990234375,129759,0.5512820512820513,0.0338737872626946,0.0494535612303377,0.087502024725554,0.1781111804482935,0.5512820512820513,55.12820512820513,-0.23717948717948711,-0.14743589743589736,-0.1217948717948718,-0.10256410256410253,-0.32692307692307687,-0.19871794871794857,0.08750202472555402,0.17811118044829355,0.2001078793247124,0.33917462635714535,0.08750202472555402,0.17811118044829355,MM_DISTRIBUTION
2025-10-14,4163.39990234375,108310,0.4423076923076923,0.0397063240129784,0.0749251148482721,0.1176612153223126,0.239586733816788,0.4423076923076923,44.230769230769226,-0.3141025641025641,-0.21153846153846156,-0.33333333333333337,-0.1923076923076923,-0.41666666666666663,-0.23717948717948723,0.11766121532231266,0.23958673381678808,0.20899031895242914,0.2848413861919954,0.11766121532231266,0.23958673381678808,MM_DISTRIBUTION
2025-10-21,4109.10009765625,92227,0.3397435897435897,-0.0130421784986189,0.0261462885490582,0.0768928768611028,0.196941479072604,0.3397435897435897,33.97435897435897,-0.4230769230769231,-0.3269230769230769,-0.3012820512820514,-0.2884615384615385,-0.5192307692307692,-0.358974358974359,0.0768928768611028,0.19694147907260406,0.23619136511920868,0.20170211587119735,0.0768928768611028,0.19694147907260406,MM_DISTRIBUTION
2025-10-28,3983.10009765625,104159,0.4038461538461538,-0.0306636482454802,-0.0433059059702628,0.0283745088995788,0.1088191503250961,0.4038461538461538,40.38461538461538,-0.25641025641025644,-0.37820512820512825,-0.3461538461538462,-0.1538461538461539,-0.13461538461538464,-0.5320512820512822,0.02837450889957882,0.10881915032509615,0.15966464444653106,0.19483440753935755,0.02837450889957882,0.10881915032509615,MM_DISTRIBUTION
2025-11-04,3960.5,100545,0.3653846153846153,-0.0056739969124924,-0.0361636597125021,-0.010962916645277,0.0755798306769177,0.3653846153846153,36.53846153846153,-0.18589743589743601,-0.42307692307692313,-0.33333333333333337,-0.16025641025641035,0.0512820512820511,-0.5384615384615384,-0.010962916645277043,0.07557983067691776,0.16519564577817003,0.15709359106617082,-0.010962916645277043,0.07557983067691776,MM_DISTRIBUTION
2025-11-10,4122.0,104087,0.3974358974358974,0.0407776795859109,0.0348723102453494,-0.0099437727133644,0.1065474462266049,0.3974358974358974,39.743589743589745,-0.04487179487179488,-0.358974358974359,-0.25641025641025644,-0.12179487179487186,0.2692307692307692,-0.3397435897435897,-0.00994377271336444,0.10654744622660495,0.22726056507721215,0.26916680153610595,-0.00994377271336444,0.10654744622660495,MM_DISTRIBUTION
2025-11-18,4066.5,98205,0.3461538461538461,-0.0134643377001455,0.0267642974371922,-0.0103672572202726,0.0657284514080043,0.3461538461538461,34.615384615384606,0.0064102564102563875,-0.4166666666666667,-0.32051282051282054,-0.217948717948718,0.42948717948717946,-0.5384615384615383,-0.010367257220272652,0.06572845140800432,0.18453247888144486,0.238050258508389,-0.010367257220272652,0.06572845140800432,MM_DISTRIBUTION
2025-11-25,4140.0,109309,0.4487179487179487,0.018074511250461,0.0043668122270741,0.0393914033031892,0.0688836239263614,0.4487179487179487,44.87179487179487,0.04487179487179488,-0.21153846153846156,-0.33333333333333337,-0.14743589743589747,0.3012820512820513,-0.1217948717948718,0.03939140330318924,0.06888362392636149,0.15249709266585154,0.2543934439762938,0.03939140330318924,0.06888362392636149,MM_DISTRIBUTION
2025-12-02,4220.7998046875,120324,0.5,0.0195168610356279,0.0379441300104512,0.0657239754292386,0.0540405323197348,0.5,50.0,0.1346153846153847,-0.05128205128205132,-0.28846153846153844,-0.1282051282051282,0.3205128205128207,0.09615384615384603,0.06572397542923869,0.054040532319734824,0.14627121304051216,0.24982964159599175,0.06572397542923869,0.054040532319734824,MM_DISTRIBUTION
2025-12-09,4236.2001953125,123548,0.5064102564102564,0.0036486901387497,0.0232367621527778,0.0277050449569384,0.0174857795735086,0.5064102564102564,50.641025641025635,0.10897435897435898,0.0641025641025641,-0.25,-0.1217948717948718,0.15384615384615385,0.27564102564102566,0.027705044956938485,0.01748577957350861,0.13720439297129827,0.2670336540785594,0.027705044956938485,0.01748577957350861,MM_EXPANSION
2025-12-16,4332.2998046875,132596,0.5769230769230769,0.022685332360198,0.0264167942474247,0.0653632865332596,0.0543183913087341,0.5769230769230769,57.692307692307686,0.23076923076923078,0.23717948717948717,-0.1858974358974359,-0.0705128205128206,0.2243589743589744,0.5641025641025641,0.06536328653325962,0.05431839130873417,0.13538796554403265,0.2716252102702308,0.06536328653325962,0.05431839130873417,MM_EXPANSION
2025-12-23,4505.7001953125,136270,0.6025641025641025,0.0400250209917103,0.0636183342558294,0.0883333805102657,0.131204359630269,0.6025641025641025,60.256410256410255,0.15384615384615385,0.19871794871794873,-0.05769230769230771,-0.02564102564102566,0.10897435897435898,0.576923076923077,0.08833338051026574,0.131204359630269,0.16330172779984053,0.35148034652899085,0.08833338051026574,0.131204359630269,MM_EXPANSION
2025-12-30,4386.2998046875,126040,0.5192307692307693,-0.026499852508877,0.0124645113298882,0.0392105780085092,0.1075116285033455,0.5192307692307693,51.92307692307693,0.019230769230769273,0.15384615384615397,-0.03205128205128205,-0.11538461538461531,-0.11538461538461542,0.5769230769230771,0.039210578008509245,0.1075116285033455,0.09537007083638827,0.3094213806050836,0.039210578008509245,0.1075116285033455,MM_EXPANSION
2026-01-06,4496.10009765625,123213,0.4807692307692308,0.0250325554243715,-0.0021306561111716,0.0613521293519929,0.0907569378108321,0.4807692307692308,48.07692307692308,-0.025641025641025605,0.08333333333333337,0.03846153846153849,-0.1474358974358974,-0.13461538461538458,0.44230769230769235,0.06135212935199297,0.09075693781083216,0.07991069873571588,0.35551274685113854,0.06135212935199297,0.09075693781083216,MM_EXPANSION
2026-01-13,4599.10009765625,134745,0.5833333333333334,0.0229087426353546,0.0485147624294484,0.0615839865653053,0.1309726048582933,0.5833333333333334,58.333333333333336,0.0064102564102564985,0.23717948717948728,0.24358974358974367,-0.08974358974358976,-0.22435897435897428,0.653846153846154,0.06158398656530539,0.13097260485829332,0.11924752095464553,0.3783379281799102,0.06158398656530539,0.13097260485829332,MM_EXPANSION
2026-01-20,4765.7998046875,137444,0.6153846153846154,0.0362461576159653,0.0599852541476646,0.057726790088163,0.1511593731129226,0.6153846153846154,61.53846153846154,0.012820512820512886,0.16666666666666674,0.21153846153846162,-0.16025641025641024,-0.14102564102564097,0.3782051282051283,0.05772679008816306,0.1511593731129226,0.1965051562454605,0.38391842270280274,0.05772679008816306,0.1511593731129226,MM_EXPANSION
2026-01-27,5082.60009765625,118159,0.4487179487179487,0.0664736887724815,0.1051292621890087,0.1587443457979402,0.2041793813607693,0.4487179487179487,44.87179487179487,-0.0705128205128206,-0.05128205128205132,0.08333333333333337,-0.1923076923076924,-0.08974358974358987,0.0,0.15874434579794028,0.2041793813607693,0.28332283743372044,0.5290614012202919,0.15874434579794028,0.2041793813607693,MM_DISTRIBUTION
2026-02-03,4935.0,92072,0.2435897435897435,-0.029040273643467,0.0355030010169707,0.0976179117036433,0.1649591078015495,0.2435897435897435,24.35897435897435,-0.23717948717948728,-0.2628205128205129,-0.1538461538461539,-0.5064102564102565,-0.21153846153846168,-0.326923076923077,0.09761791170364331,0.16495910780154954,0.19723435225618635,0.4368067284352575,0.09761791170364331,0.16495910780154954,MM_RESET
2026-02-10,5031.0,92022,0.2371794871794871,0.019452887537994,-0.010152303282732,0.0939096547526441,0.1612769722345888,0.2371794871794871,23.71794871794871,-0.34615384615384626,-0.33974358974358976,-0.108974358974359,-0.46153846153846156,-0.35256410256410275,-0.5769230769230769,0.09390965475264412,0.1612769722345888,0.2371818517152342,0.48014121800529574,0.09390965475264412,0.1612769722345888,MM_RESET
2026-02-17,4905.89990234375,95893,0.2756410256410256,-0.0248658512534784,-0.0058966763234549,0.0293969749880076,0.0888207580805304,0.2756410256410256,27.564102564102562,-0.3397435897435898,-0.3269230769230769,-0.17307692307692307,-0.37820512820512825,-0.3525641025641027,-0.5256410256410257,0.02939697498800764,0.08882075808053047,0.18499997641153376,0.46065441202392776,0.02939697498800764,0.08882075808053047,MM_RESET
2026-02-24,5176.2998046875,95974,0.2756410256410256,0.0551172889227864,0.0288808993614588,0.0184353884293313,0.1801062479030166,0.2756410256410256,27.564102564102562,-0.17307692307692307,-0.24358974358974367,-0.2243589743589744,-0.391025641025641,-0.10256410256410248,-0.39743589743589763,0.018435388429331345,0.18010624790301666,0.22637889599474703,0.5078065262707545,0.018435388429331345,0.18010624790301666,MM_RESET
2026-03-03,5123.7001953125,97917,0.2756410256410256,-0.0101616234298035,0.0443955843584777,0.0382371216438703,0.1395876613119464,0.2756410256410256,27.564102564102562,0.032051282051282104,-0.20512820512820518,-0.23076923076923078,-0.5064102564102564,0.2692307692307694,-0.28846153846153855,0.038237121643870386,0.13958766131194644,0.20950379091669213,0.4263404779683846,0.038237121643870386,0.13958766131194644,MM_RESET
2026-03-10,5242.10009765625,98399,0.282051282051282,0.023108280701527,0.0127118396251244,0.0419598683474955,0.1398099598501192,0.282051282051282,28.2051282051282,0.04487179487179491,-0.3012820512820514,-0.2948717948717949,-0.5064102564102564,0.3910256410256412,-0.5384615384615387,0.041959868347495544,0.13980995985011924,0.21000400110453032,0.42363265633848335,0.041959868347495544,0.13980995985011924,MM_RESET
2026-03-17,5008.2001953125,102043,0.3012820512820512,-0.0446195032499144,-0.0225423025542491,0.0208525031095472,0.0508624786099034,0.3012820512820512,30.12820512820512,0.025641025641025605,-0.3141025641025642,-0.3012820512820513,-0.4551282051282052,0.3653846153846154,-0.48076923076923095,0.020852503109547227,0.05086247860990345,0.11152539632414404,0.3444471461219385,0.020852503109547227,0.05086247860990345,MM_DISTRIBUTION
2026-03-24,4402.0,91621,0.2051282051282051,-0.121041526231296,-0.1602602167081586,-0.149585579256116,-0.1339078590837977,0.2051282051282051,20.51282051282051,-0.07051282051282051,-0.24358974358974358,-0.3141025641025642,-0.5576923076923077,0.10256410256410256,-0.19230769230769226,-0.14958557925611604,-0.13390785908379776,0.00357937122668206,0.15365465218198326,-0.14958557925611604,-0.13390785908379776,MM_RESET
2026-03-31,4647.60009765625,92814,0.2307692307692307,0.0557928436293162,-0.0720019335476562,-0.0929211467313833,-0.0582370622783687,0.2307692307692307,23.07692307692307,-0.04487179487179491,-0.012820512820512803,-0.2500000000000001,-0.4294871794871795,-0.07692307692307701,0.2500000000000001,-0.0929211467313833,-0.05823706227836878,0.033695869021905134,0.19993807607326675,-0.0929211467313833,-0.05823706227836878,MM_RESET
2026-04-07,4684.7001953125,90032,0.2051282051282051,0.0079826355273036,0.0642208530923444,-0.1063314114495761,-0.0688331951277082,0.2051282051282051,20.51282051282051,-0.0769230769230769,-0.03205128205128199,-0.3782051282051283,-0.34615384615384626,-0.1217948717948718,0.30769230769230776,-0.10633141144957614,-0.06883319512770825,0.0186123580349713,0.1698882003694422,-0.10633141144957614,-0.06883319512770825,MM_RESET
2026-04-14,4850.10009765625,95141,0.2564102564102564,0.0353064007189294,0.0435708743749529,-0.0315682463740618,-0.0113740202201928,0.2564102564102564,25.64102564102564,-0.04487179487179482,-0.019230769230769218,-0.35897435897435903,-0.1858974358974359,-0.07051282051282043,0.3076923076923077,-0.03156824637406186,-0.011374020220192849,0.017688592979888673,0.16493736163223915,-0.03156824637406186,-0.011374020220192849,MM_RESET
2026-04-21,4719.60009765625,92976,0.2435897435897435,-0.0269066611765522,0.0074497621808693,0.0721490453558042,-0.0882289906426355,0.2435897435897435,24.35897435897435,0.03846153846153841,-0.032051282051282104,-0.20512820512820518,-0.0961538461538462,0.10897435897435892,0.21153846153846156,0.07214904535580424,-0.08822899064263556,-0.07142013792652913,0.148572676617982,0.07214904535580424,-0.08822899064263556,MM_RESET
2026-04-28,4608.39990234375,89752,0.2051282051282051,-0.0235613596515776,-0.0498340633071261,-0.0084345026441212,-0.1005719057177039,0.2051282051282051,20.51282051282051,-0.025641025641025605,-0.07051282051282051,-0.03846153846153841,-0.1987179487179487,0.0192307692307693,0.13461538461538466,-0.008434502644121267,-0.10057190571770391,-0.06618036426671736,0.15698822257955336,-0.008434502644121267,-0.10057190571770391,MM_RESET
2026-05-05,4568.5,94254,0.2692307692307692,-0.0086580815878104,-0.032015445065205,-0.0248041903361861,-0.1284981372174517,0.2692307692307692,26.923076923076923,0.06410256410256412,-0.012820512820512775,0.03205128205128213,-0.09615384615384609,0.14102564102564102,0.2884615384615386,-0.024804190336186194,-0.12849813721745174,-0.09193003379049891,0.153515970205782,-0.024804190336186194,-0.12849813721745174,MM_RESET
2026-05-12,4686.7001953125,98015,0.3141025641025641,0.0258728675303709,0.016990776544572,-0.0336900061965135,-0.0641947181546201,0.3141025641025641,31.41025641025641,0.05769230769230771,0.012820512820512886,0.03846153846153849,-0.08333333333333331,0.10256410256410253,0.3269230769230771,-0.03369000619651352,-0.06419471815462019,-0.044680835605008795,0.13699665097343527,-0.03369000619651352,-0.06419471815462019,MM_ACCUMULATION
2026-05-19,4511.2001953125,93540,0.2628205128205128,-0.0374463892901726,-0.0125423672293969,-0.0441562628255816,0.0248069503208767,0.2628205128205128,26.282051282051277,0.019230769230769273,0.05769230769230768,-0.01282051282051283,-0.08333333333333331,-0.019230769230769135,0.30128205128205127,-0.044156262825581605,0.024806950320876764,-0.12848939096856526,0.10935698888786427,-0.044156262825581605,0.024806950320876764,MM_ACCUMULATION
2026-05-26,4502.2998046875,97446,0.3012820512820512,-0.0019729540343272,-0.0393454633196789,-0.0230231967504143,-0.031263510180668,0.3012820512820512,30.12820512820512,0.09615384615384612,0.07051282051282051,0.025641025641025605,-0.14743589743589747,0.12179487179487172,0.08333333333333331,-0.02302319675041431,-0.031263510180668086,-0.12127961569521539,0.08751203011775366,-0.02302319675041431,-0.031263510180668086,MM_ACCUMULATION
2026-06-02,4519.89990234375,112179,0.4294871794871794,0.0039091349798443,0.0019284684018876,-0.0106380863863959,-0.0351784076030412,0.4294871794871794,42.94871794871794,0.1602564102564102,0.2243589743589743,0.1474358974358974,-0.0705128205128206,0.09615384615384606,0.2564102564102563,-0.010638086386395962,-0.03517840760304125,-0.13776924931963752,0.070863369858025,-0.010638086386395962,-0.03517840760304125,MM_EXPANSION
2026-06-09,4286.39990234375,105863,0.358974358974359,-0.0516604360815425,-0.0479532487194587,-0.0854119692505867,-0.1162244456737915,0.358974358974359,35.8974358974359,0.04487179487179488,0.10256410256410259,0.057692307692307765,-0.1474358974358974,-0.01282051282051283,0.1217948717948718,-0.0854119692505867,-0.11622444567379153,-0.14412369011213444,0.011850173437694789,-0.0854119692505867,-0.11622444567379153,MM_ACCUMULATION
2026-06-16,4354.39990234375,113721,0.4294871794871794,0.0158641287675511,-0.0366158551241768,-0.0347579992419042,-0.0773794787176689,0.4294871794871794,42.94871794871794,0.16666666666666663,0.1858974358974359,0.2243589743589743,-0.14743589743589747,0.14743589743589736,0.217948717948718,-0.03475799924190426,-0.07737947871766893,-0.01081328888147437,0.005101239215332676,-0.03475799924190426,-0.07737947871766893,MM_EXPANSION
2026-06-23,4149.39990234375,115395,0.4423076923076923,-0.0470788178847926,-0.0319615535463898,-0.0783821419391782,-0.0996007312140079,0.4423076923076923,44.230769230769226,0.14102564102564108,0.2371794871794872,0.2115384615384616,-0.16025641025641024,0.04487179487179496,0.3076923076923077,-0.07838214193917825,-0.09960073121400792,-0.10719515122734824,-0.07907767439551938,-0.07838214193917825,-0.09960073121400792,MM_EXPANSION
2026-06-30,4038.5,120091,0.4487179487179487,-0.0267267327695046,-0.0725472876695861,-0.1065067618188014,-0.1160118200722337,0.4487179487179487,44.87179487179487,0.019230769230769273,0.17948717948717946,0.24358974358974358,-0.0705128205128206,-0.1410256410256409,0.19230769230769224,-0.10650676181880148,-0.11601182007223376,-0.13793843114210091,-0.07929230106793372,-0.10650676181880148,-0.11601182007223376,MM_EXPANSION
2026-07-07,4157.39990234375,116161,0.4358974358974359,0.0294416001841648,0.0019279896342314,-0.0300951854560896,-0.1129366656519101,0.4358974358974359,43.58974358974359,0.07692307692307693,0.1217948717948718,0.17948717948717952,-0.04487179487179488,0.03205128205128205,0.10897435897435892,-0.03009518545608969,-0.11293666565191018,-0.14282183488279732,-0.07533199616464481,-0.03009518545608969,-0.11293666565191018,MM_EXPANSION
2026-07-14,4069.699951171875,120779,0.4551282051282051,-0.021094903841806,0.0077256286175251,-0.065382132453805,-0.0978675795854459,0.4551282051282051,45.51282051282051,0.025641025641025716,0.19230769230769235,0.21153846153846162,-0.12820512820512825,-0.1410256410256409,0.13461538461538466,-0.06538213245380509,-0.0978675795854459,-0.13770237584474898,-0.11510950734778813,-0.06538213245380509,-0.0978675795854459,MM_EXPANSION
2026-07-21,4076.39990234375,124831,0.4871794871794871,0.0016463010178295,-0.0194833313856422,-0.0175929054123625,-0.0945960777423864,0.4871794871794871,48.71794871794871,0.04487179487179482,0.1858974358974359,0.28205128205128205,-0.1282051282051283,-0.09615384615384626,0.11538461538461539,-0.01759290541236258,-0.09459607774238643,-0.11544137038312019,-0.1446556570978237,-0.01759290541236258,-0.09459607774238643,MM_EXPANSION
2026-07-28,4038.699951171875,119795,0.4294871794871794,-0.0092483446362068,-0.0076172691775652,4.951124721430666e-05,-0.1064625238542016,0.4294871794871794,42.94871794871794,-0.019230769230769273,0.0,0.1602564102564102,-0.019230769230769273,-0.03846153846153855,-0.2243589743589743,4.9511247214306664e-05,-0.10646252385420163,-0.11596805271492283,-0.2053870315246228,4.9511247214306664e-05,-0.10646252385420163,MM_NEUTRAL
2026-08-04,4152.60009765625,130766,0.5448717948717948,0.028202180865485,0.0186930127411415,-0.0011545208063323,-0.0312149607446425,0.5448717948717948,54.48717948717948,0.10897435897435892,0.18589743589743585,0.23076923076923073,0.3012820512820513,0.03205128205128199,0.08333333333333326,-0.001154520806332382,-0.031214960744642584,-0.11396079872794962,-0.15854101364614992,-0.001154520806332382,-0.031214960744642584,MM_EXPANSION
2026-08-11,4441.10009765625,137662,0.6153846153846154,0.0694745444336986,0.0996360589668499,0.0912598351083424,0.0199109400277714,0.6153846153846154,61.53846153846154,0.1602564102564103,0.18589743589743601,0.35256410256410264,0.3782051282051283,0.13461538461538458,1.1102230246251565e-16,0.09125983510834246,0.019910940027771495,-0.015539123652523745,-0.1172530117956172,0.09125983510834246,0.019910940027771495,MM_EXPANSION
2026-08-18,4420.60009765625,141648,0.6217948717948718,-0.0046159734185722,0.0645378783647527,0.0844372984884529,0.0653588956705077,0.6217948717948718,62.17948717948718,0.1346153846153847,0.17948717948717952,0.3205128205128206,0.3461538461538462,0.08974358974358987,-0.05769230769230768,0.08443729848845294,0.06535889567050779,-0.01814621650610415,-0.09892166867400864,0.08443729848845294,0.06535889567050779,MM_EXPANSION
2026-08-25,4694.5,144747,0.6538461538461539,0.0619598914837304,0.0570579128530517,0.1623789973894538,0.1624365482233503,0.6538461538461539,65.38461538461539,0.22435897435897445,0.20512820512820518,0.22435897435897445,0.37820512820512825,0.24358974358974372,0.025641025641025716,0.16237899738945383,0.1624365482233503,0.0386291956522562,-0.09307803312536045,0.16237899738945383,0.1624365482233503,MM_EXPANSION
2026-09-01,4396.39990234375,136771,0.5833333333333334,-0.0634998610408457,-0.0054744140564378,0.0587101572398223,0.0574878543354135,0.5833333333333334,58.333333333333336,0.03846153846153855,0.14743589743589747,0.2243589743589744,0.30769230769230776,-0.07051282051282037,0.02564102564102566,0.058710157239822314,0.05748785433541359,0.025662561241626802,-0.14194825326316562,0.058710157239822314,0.05748785433541359,MM_EXPANSION
2026-09-08,4439.0,134972,0.5512820512820513,0.0096897685839587,-0.0544253914154861,-0.0004728778028124,0.0907438025552189,0.5512820512820513,55.12820512820513,-0.0641025641025641,0.0961538461538462,0.12179487179487192,0.26923076923076933,-0.2243589743589744,-0.09615384615384615,-0.00047287780281246583,0.09074380255521897,0.019428646783386627,-0.15320197682133485,-0.00047287780281246583,0.09074380255521897,MM_EXPANSION
2026-09-15,4332.7998046875,133116,0.5256410256410257,-0.023924351275625,-0.0144664041190485,-0.0198616230894309,0.0628986136017546,0.5256410256410257,52.56410256410257,-0.09615384615384615,0.03846153846153855,0.08333333333333337,0.22435897435897445,-0.23076923076923084,-0.14743589743589736,-0.019861623089430958,0.06289861360175464,0.04419913882972781,-0.1348589042540973,-0.019861623089430958,0.06289861360175464,MM_EXPANSION
2026-09-22,4376.39990234375,127389,0.4679487179487179,0.0100627999496032,-0.0141022972868326,-0.0677601656526254,0.0836160039752118,0.4679487179487179,46.79487179487179,-0.18589743589743596,0.03846153846153849,0.019230769230769218,0.2628205128205128,-0.4102564102564104,0.03846153846153849,-0.06776016565262544,0.08361600397521185,0.08366965515506997,-0.005815560576158618,-0.06776016565262544,0.08361600397521185,MM_EXPANSION
2026-09-29,4179.7001953125,120318,0.3846153846153846,-0.0449455514624952,-0.0353350296058837,-0.0492902629070949,0.0065260552470596,0.3846153846153846,38.46153846153846,-0.1987179487179488,-0.16025641025641024,-0.05128205128205132,0.15384615384615388,-0.23717948717948734,-0.3461538461538461,-0.04929026290709493,0.006526055247059626,0.00536399997416126,-0.10067559439541895,-0.04929026290709493,0.006526055247059626,MM_DISTRIBUTION
