date,gold_close,mm_net,mm_net_percentile_52w,mm_net_percentile_104w,mm_net_percentile_156w,mm_net_percentile_260w,mm_net_percentile_full_history,mm_net_zscore_52w,mm_net_zscore_104w,mm_net_zscore_156w,mm_net_zscore_260w,gold_return_1w,gold_return_2w,gold_return_4w,gold_return_8w
2009-09-01,954.7000122070312,150038,,,,,0.7025171624713958,,,,,,,,
2009-09-08,997.9000244140624,187549,,,,,0.8421052631578947,,,,,0.045249828904017,,,
2009-09-15,1005.0,201860,,,,,0.897025171624714,,,,,0.007114916737382,0.0526866944064319,,
2009-09-22,1014.2000122070312,203066,,,,,0.9016018306636155,,,,,0.0091542410020211,0.0163342894019264,,
2009-09-29,993.0999755859376,194449,,,,,0.8672768878718535,,,,,-0.0208046108924582,-0.0118408203124998,0.040222020412606,
2009-10-06,1038.5999755859375,209375,,,,,0.9187643020594966,,,,,0.0458161324323409,0.0240583347320306,0.0407855999359985,
2009-10-13,1064.199951171875,226854,,,,,0.9679633867276888,,,,,0.0246485424491704,0.0715939757666268,0.0589054240516169,
2009-10-20,1057.800048828125,227275,,,,,0.9691075514874142,,,,,-0.0060138156712961,0.0184864949870189,0.0429895840034693,
2009-10-27,1034.699951171875,210371,,,,,0.9256292906178489,,,,,-0.0218378678294081,-0.0277203545889239,0.0418890107830212,0.0837958918424055
2009-11-03,1084.300048828125,218221,,,,,0.948512585812357,,,,,0.0479366966240544,0.0250519935495916,0.0440016120897801,0.0865818441730112
2009-11-09,1100.800048828125,214965,,,,,0.9416475972540046,,,,,0.0152171901290907,0.0638833485798338,0.0343921249159491,0.0953234316697761
2009-11-17,1138.800048828125,214236,,,,,0.9382151029748284,,,,,0.034520347305992,0.0502628401233604,0.0765740180195067,0.1228554872031089
2009-11-24,1165.5,221777,,,,,0.959954233409611,,,,,0.0234456884677431,0.05877538908247,0.1264135063309746,0.1735978538438134
2009-12-01,1199.0999755859375,217156,,,,,0.9462242562929062,,,,,0.0288288078815421,0.0529504075977724,0.1058746855926866,0.1545349545280436
2009-12-08,1142.800048828125,207811,,,,,0.9130434782608695,,,,,-0.0469518204520866,-0.0194765775820463,0.038154068075044,0.0738583924662814
2009-12-15,1122.4000244140625,208088,,,,,0.9153318077803204,,,,,-0.0178509131452886,-0.0639646007284719,-0.0144011448111007,0.0610701196861391
2009-12-22,1086.0,202183,,,,,0.8993135011441648,,,,,-0.0324305271046877,-0.0497025257273747,-0.0682110682110682,0.0495796378167641
2009-12-29,1097.0,195825,,,,,0.8752860411899314,,,,,0.0101289134438304,-0.0226300996628384,-0.0851471751019313,0.0117125800977329
2010-01-05,1118.0999755859375,191599,,,,,0.8546910755148741,,,,,0.0192342530409639,0.0295579885690031,-0.0216136438456718,0.0157157757907346
2010-01-12,1128.9000244140625,191043,,,,,0.851258581235698,,,,,0.0096592872408081,0.029079329456757,0.0057911616701837,-0.0086933824987538
2010-01-19,1139.699951171875,192625,,,,,0.8592677345537757,,,,,0.0095667698859498,0.0193184653050528,0.0494474688507136,-0.0221364640309952
2010-01-26,1097.9000244140625,174367,,,,,0.7906178489702517,,,,,-0.0366762556362597,-0.0274603590482602,0.0008204415807315,-0.0843965918041352
2010-02-02,1117.4000244140625,178601,,,,,0.8146453089244852,,,,,0.0177611800404202,-0.0195664891754036,-0.0006260184126273,-0.0222261317192878
2010-02-09,1076.699951171875,152728,,,,,0.717391304347826,,,,,-0.0364239058107499,-0.0193096573192096,-0.0462397662443856,-0.0407163865361146
2010-02-16,1119.300048828125,157154,,,,,0.7356979405034325,,,,,0.0395654310282862,0.0017003976844003,-0.017899362303889,0.0306630283868554
2010-02-23,1102.699951171875,164656,,,,,0.7574370709382151,,,,,-0.0148307843581618,0.0241478602945062,0.0043719160680173,0.0051959445504785
2010-03-02,1136.9000244140625,176671,,,,,0.8043478260869565,,,,,0.0310148496931028,0.0157240907872417,0.0174512256792058,0.0168142824779804
2010-03-09,1122.0,174408,,,,,0.7917620137299771,,,,,-0.013105835248567,0.0175025389341989,0.0420730480936872,-0.0061121660597392
2010-03-16,1122.199951171875,170277,,,,,0.7803203661327232,,,,,0.0001782096006015,-0.0129299612336305,0.0025908176692979,-0.015354918618717
2010-03-23,1103.5,153692,,,,,0.7231121281464531,,,,,-0.0166636535247994,-0.016488413547237,0.000725536286888,0.0051006243386562
2010-03-30,1104.5,147220,,,,,0.6876430205949656,,,,,0.0009062075215224,-0.0157725467314372,-0.0284985695472747,-0.0115446788367729
2010-04-06,1135.0999755859375,175135,,,,,0.7940503432494279,,,,,0.0277048217165571,0.0286361355559017,0.0116755575632241,0.0542398319517896
2010-04-13,1152.800048828125,196695,,,,,0.8821510297482837,,,,,0.0155934046541148,0.0437302388665685,0.0272679548990315,0.0299294188676875
2010-04-20,1138.5999755859375,192240,,,,,0.8569794050343249,,,,,-0.0123178978493473,0.0030834288391146,0.03180786188123,0.0325564759261214
2010-04-27,1161.699951171875,205443,,,,,0.9050343249427918,,,,,0.020288052065037,0.0077202480627904,0.0517880952212539,0.0218136390405954
2010-05-04,1168.5999755859375,207788,,,,,0.9118993135011442,,,,,0.0059395925833534,0.0263481474119666,0.0295128188886686,0.0415329550676804
2010-05-11,1219.9000244140625,217530,,,,,0.9473684210526315,,,,,0.0438987248843669,0.0500990580084621,0.0582060832267901,0.0870611989780989
2010-05-18,1214.300048828125,219795,,,,,0.9565217391304348,,,,,-0.0045905201031758,0.0391066868021054,0.0664852229627277,0.1004078376330992
2010-05-25,1197.800048828125,205216,,,,,0.9038901601830663,,,,,-0.0135880748880176,-0.0181162186602565,0.0310752338586515,0.08447265625
2010-06-01,1224.800048828125,206258,,,,,0.9073226544622426,,,,,0.022541324845007,0.0086469567469202,0.048091797378319,0.0790239407730446
2010-06-08,1244.0,210016,,,,,0.9221967963386728,,,,,0.0156759882482413,0.0385706706366184,0.019755697273236,0.0791116822597153
2010-06-15,1233.199951171875,211490,,,,,0.9302059496567505,,,,,-0.0086817112766278,0.0068581825676663,0.0155644417226117,0.0830844700635577
2010-06-22,1239.9000244140625,218865,,,,,0.9530892448512586,,,,,0.0054330793930219,-0.0032958003102391,0.0351477490981289,0.0673152074796099
2010-06-29,1242.0,214462,,,,,0.9399313501144165,,,,,0.0016936652508978,0.0071359464616931,0.0140430686529868,0.0628102224435351
2010-07-06,1194.800048828125,181733,,,,,0.8272311212814645,,,,,-0.038003181297806,-0.0363738807144957,-0.0395497999773915,-0.0205754365797258
2010-07-13,1213.300048828125,180754,,,,,0.8237986270022883,,,,,0.0154837623401045,-0.0231078511850845,-0.0161368011122929,-0.0008235196901829
2010-07-20,1191.5,148371,,,,,0.6933638443935927,,,,,-0.0179675661013783,-0.0027620092846177,-0.0390354250028625,-0.0052596832286729
2010-07-27,1158.0,152892,,,,,0.7196796338672768,,,,,-0.0281158203944608,-0.0455782136344071,-0.0676328502415458,-0.0545395543476983
2010-08-03,1185.199951171875,156365,,,,,0.7334096109839817,,,,,0.0234887315819301,-0.0052874937709819,-0.0080348989487119,-0.0472669202798432
2010-08-10,1196.199951171875,158593,,,,,0.7437070938215103,,,,,0.0092811343681913,0.0329878680240716,-0.0140938737064802,-0.0300032447818701
2010-08-17,1226.5999755859375,177219,,,,,0.8077803203661327,,,,,0.0254138318466579,0.0349308354030286,0.0294586450574381,-0.0107267106752499
2010-08-24,1231.800048828125,196084,,,,,0.8810068649885584,,,,,0.0042394206307589,0.0297609924004542,0.0637306121140974,-0.0082125210723631
2010-08-31,1248.300048828125,209200,0.7115384615384616,0.7115384615384616,0.7115384615384616,0.7115384615384616,0.9176201372997712,0.7436937429476358,0.7436937429476358,0.7436937429476358,0.7436937429476358,0.0133950311300095,0.0176912389320906,0.053240044090332,0.0447773667673294
2010-09-07,1257.300048828125,211027,0.7692307692307693,0.7735849056603774,0.7735849056603774,0.7735849056603774,0.9279176201372997,0.794402067437022,0.8109358998579107,0.8109358998579107,0.8109358998579107,0.0072098050532394,0.0207014117463784,0.0510784987044954,0.0362647310881572
2010-09-14,1269.699951171875,218250,0.9038461538461539,0.9074074074074074,0.9074074074074074,0.9074074074074074,0.9496567505720824,1.0844488054318295,1.108176589685312,1.108176589685312,1.108176589685312,0.0098623255087815,0.0171432360063108,0.0351377600226585,0.0656315158807174
2010-09-21,1272.4000244140625,213799,0.7692307692307693,0.7818181818181819,0.7818181818181819,0.7818181818181819,0.9359267734553776,0.8685579145490441,0.8955509782448984,0.8955509782448984,0.8955509782448984,0.0021265443380504,0.0120098425193027,0.0329598749606823,0.0987910400812284
2010-09-28,1306.5999755859375,224408,0.9615384615384616,0.9642857142857143,0.9642857142857143,0.9642857142857143,0.9645308924485125,1.3087756065047529,1.3359847557927542,1.3359847557927542,1.3359847557927542,0.0268783012540603,0.029062003491459,0.0467034562824404,0.1024299944444204
2010-10-05,1338.9000244140625,218716,0.8846153846153846,0.8947368421052632,0.8947368421052632,0.8947368421052632,0.9508009153318078,1.0238128137608526,1.0614581102575558,1.0614581102575558,1.0614581102575558,0.0247206868449849,0.0522634381672721,0.0649009563484812,0.1192944984677431
2010-10-12,1345.699951171875,223959,0.9423076923076923,0.9482758620689655,0.9482758620689655,0.9482758620689655,0.9633867276887872,1.2292236480264662,1.265195899014479,1.265195899014479,1.265195899014479,0.0050787412307264,0.029924978047243,0.0598566613551929,0.0970976503803078
2010-10-19,1335.0999755859375,208747,0.6153846153846154,0.6271186440677966,0.6271186440677966,0.6271186440677966,0.9164759725400458,0.5969180738491818,0.5937576478066335,0.5937576478066335,0.5937576478066335,-0.0078769235123377,-0.0028381871378245,0.0492769176114626,0.0838609536150669
2010-10-26,1338.0,198037,0.4807692307692308,0.4666666666666667,0.4666666666666667,0.4666666666666667,0.8844393592677345,0.16490307831393042,0.1312604418140191,0.1312604418140191,0.1312604418140191,0.0021721402644694,-0.0057218930305895,0.0240318574933244,0.0718576845815901
2010-11-02,1356.4000244140625,195594,0.4230769230769231,0.4098360655737705,0.4098360655737705,0.4098360655737705,0.8718535469107551,0.07121194618011442,0.025333040828191163,0.025333040828191163,0.025333040828191163,0.013751886707072,0.0159538979983704,0.0130704307124487,0.0788196705140544
2010-11-09,1409.800048828125,188674,0.34615384615384615,0.3225806451612903,0.3225806451612903,0.3225806451612903,0.8466819221967964,-0.20865906981718949,-0.2743181563886008,-0.2743181563886008,-0.2743181563886008,0.039368935013939,0.0536622188551008,0.0476332763484383,0.1103411065952582
2010-11-16,1338.300048828125,166602,0.17307692307692307,0.15873015873015872,0.15873015873015872,0.15873015873015872,0.7665903890160183,-1.151571126268828,-1.2343378760750408,-1.2343378760750408,-1.2343378760750408,-0.0507164119191464,-0.0133441280301924,0.0023968791107071,0.0517919075366328
2010-11-23,1377.5,170006,0.19230769230769232,0.171875,0.171875,0.171875,0.7791762013729977,-0.9594446717113463,-1.0624317098811582,-1.0624317098811582,-1.0624317098811582,0.0292908538755567,-0.022911085054206,0.0295216741405082,0.0542629922997417
2010-11-30,1385.0,175374,0.28846153846153844,0.24615384615384617,0.24615384615384617,0.24615384615384617,0.7951945080091534,-0.6884989214882479,-0.8122590493039693,-0.8122590493039693,-0.8122590493039693,0.0054446460980035,0.034894978306821,0.0210852072184914,0.0344312306709473
2010-12-07,1408.300048828125,179757,0.36538461538461536,0.30303030303030304,0.30303030303030304,0.30303030303030304,0.8192219679633868,-0.46522632965388455,-0.6114224918282821,-0.6114224918282821,-0.6114224918282821,0.0168231399481046,0.022359382089383,-0.0010639806696324,0.0465186147935399
2010-12-14,1403.5999755859375,168625,0.19230769230769232,0.16417910447761194,0.16417910447761194,0.16417910447761194,0.7745995423340961,-0.9375818398398192,-1.0918607093044144,-1.0918607093044144,-1.0918607093044144,-0.0033374089890138,0.0134295852606047,0.0487931886537642,0.0513070191391002
2010-12-21,1388.199951171875,157650,0.1346153846153846,0.11764705882352941,0.11764705882352941,0.11764705882352941,0.7391304347826086,-1.3891988851304777,-1.5535775472910827,-1.5535775472910827,-1.5535775472910827,-0.010971804418587,-0.0142725960089085,0.0077676596529037,0.0375186481105194
2010-12-28,1405.199951171875,167914,0.21153846153846154,0.17391304347826086,0.17391304347826086,0.17391304347826086,0.7711670480549199,-0.8830592649857082,-1.0721181514746132,-1.0721181514746132,-1.0721181514746132,0.0122460744834698,0.0011399085307546,0.0145848022901624,0.0359775330871827
2011-01-04,1378.5,156135,0.09615384615384616,0.08571428571428572,0.08571428571428572,0.08571428571428572,0.7322654462242563,-1.3658656828713227,-1.56443555096051,-1.56443555096051,-1.56443555096051,-0.0190008198830411,-0.006987430855106,-0.0211602980862793,-0.0222017646077844
2011-01-11,1384.0,139556,0.0,0.0,0.0,0.0,0.6613272311212814,-2.0211544704430917,-2.2358759386500444,-2.2358759386500444,-2.2358759386500444,0.0039898440333696,-0.015086786157511,-0.0139640751829989,0.0341477617159857
2011-01-18,1368.0999755859375,133240,0.0,0.0,0.0,0.0,0.6292906178489702,-2.1659771931109884,-2.4090819835118102,-2.4090819835118102,-2.4090819835118102,-0.0114884569465769,-0.0075444500646082,-0.0144791645965479,-0.0068239741662885
2011-01-25,1332.300048828125,138217,0.019230769230769232,0.0136986301369863,0.0136986301369863,0.0136986301369863,0.6567505720823799,-1.835088372257268,-2.1011159222350715,-2.1011159222350715,-2.1011159222350715,-0.0261676247326003,-0.0373554560490426,-0.0518786684293254,-0.0380505062612815
2011-02-01,1339.5999755859375,123733,0.0,0.0,0.0,0.0,0.5892448512585813,-2.3082034636207602,-2.5976323523126754,-2.5976323523126754,-2.5976323523126754,0.0054791912409171,-0.0208318109119136,-0.0282190964193417,-0.0487822700136624
2011-02-08,1363.4000244140625,141509,0.07692307692307693,0.05333333333333334,0.05333333333333334,0.05333333333333334,0.6647597254004577,-1.5126270689421997,-1.7949155409062951,-1.7949155409062951,-1.7949155409062951,0.0177665342355017,0.0233430717151836,-0.0148843754233652,-0.0286406040689003
2011-02-15,1373.5999755859375,154234,0.17307692307692307,0.14473684210526316,0.14473684210526316,0.14473684210526316,0.7276887871853547,-1.030344490368014,-1.2695084611871452,-1.2695084611871452,-1.2695084611871452,0.0074812608106402,0.0253807111224591,0.0040201740356324,-0.0105171993224842
2011-02-22,1400.5,168449,0.3269230769230769,0.2597402597402597,0.2597402597402597,0.2597402597402597,0.7734553775743707,-0.5146150374593786,-0.7178281239897817,-0.7178281239897817,-0.7178281239897817,0.0195835941265125,0.027211364912423,0.0511896334702253,-0.0033446849809206
2011-03-01,1430.699951171875,188816,0.5576923076923077,0.46153846153846156,0.46153846153846156,0.46153846153846156,0.8478260869565217,0.21616177384568583,0.051417726877964295,0.051417726877964295,0.051417726877964295,0.0215636923754909,0.0415695811013538,0.0680053577532282,0.0378672115864164
2011-03-08,1426.9000244140625,188620,0.5192307692307693,0.4430379746835443,0.4430379746835443,0.4430379746835443,0.8455377574370709,0.20068857091028017,0.04371117052659935,0.04371117052659935,0.04371117052659935,-0.0026559913940725,0.0188504280000445,0.0465747387875321,0.0309971274668081
2011-03-15,1392.5999755859375,176238,0.4230769230769231,0.35,0.35,0.35,0.8009153318077803,-0.25570697236576223,-0.4259712532613058,-0.4259712532613058,-0.4259712532613058,-0.0240381584142237,-0.0266303046664188,0.0138322658253506,0.0179080479769082
2011-03-22,1427.5,178875,0.4423076923076923,0.3950617283950617,0.3950617283950617,0.3950617283950617,0.8157894736842105,-0.16497145895457588,-0.322399764002725,-0.322399764002725,-0.322399764002725,0.0250610548800118,0.000420474858555,0.0192788289896466,0.071455338649587
2011-03-29,1416.0,191417,0.5576923076923077,0.5,0.5,0.5,0.8535469107551488,0.27374771079391347,0.1603577886058236,0.1603577886058236,0.1603577886058236,-0.0080560420315236,0.0168031199370206,-0.0102746569326673,0.0570319691000631
2011-04-05,1451.800048828125,206694,0.7115384615384616,0.6867469879518072,0.6867469879518072,0.6867469879518072,0.9096109839816934,0.815232697241536,0.7482947228149134,0.7482947228149134,0.7482947228149134,0.0252825203588453,0.0170228012806479,0.0174504337991636,0.0648379219826209
2011-04-12,1452.9000244140625,201904,0.6346153846153846,0.6190476190476191,0.6190476190476191,0.6190476190476191,0.8981693363844394,0.6114550113817973,0.5562337757489402,0.5562337757489402,0.5562337757489402,0.0007576632793375,0.0260593392754677,0.0433003374158136,0.0577315450186273
2011-04-19,1494.5,211737,0.8269230769230769,0.8117647058823529,0.8117647058823529,0.8117647058823529,0.931350114416476,0.969780299054581,0.9336363658293816,0.9336363658293816,0.9336363658293816,0.0286323731068243,0.0294117300838652,0.0469352014010509,0.0671188861121028
2011-04-26,1503.0,202417,0.6153846153846154,0.627906976744186,0.627906976744186,0.627906976744186,0.9004576659038902,0.6065307902222813,0.561488554438694,0.561488554438694,0.561488554438694,0.0056875209100033,0.0344827412375756,0.0614406779661016,0.0505347391456221
2011-05-03,1540.0999755859375,192878,0.5384615384615384,0.5172413793103449,0.5172413793103449,0.5172413793103449,0.8604118993135011,0.25964942219998455,0.1852261143925645,0.1852261143925645,0.1852261143925645,0.0246839491589736,0.0305118605459602,0.0608209972365596,0.0793327838215989
2011-05-10,1516.5999755859375,180974,0.4423076923076923,0.3977272727272727,0.3977272727272727,0.3977272727272727,0.8249427917620137,-0.16744291734499336,-0.2827366907674605,-0.2827366907674605,-0.2827366907674605,-0.0152587496737407,0.0090485532840569,0.0438433134431011,0.0890420811244283
2011-05-17,1479.800048828125,173788,0.3269230769230769,0.2696629213483146,0.2696629213483146,0.2696629213483146,0.7883295194508009,-0.41233319727417533,-0.5643607440684562,-0.5643607440684562,-0.5643607440684562,-0.0242647549454132,-0.0391532547975472,-0.0098360329018902,0.0366375123139228
2011-05-24,1523.199951171875,176892,0.38461538461538464,0.34444444444444444,0.34444444444444444,0.34444444444444444,0.8054919908466819,-0.26733459754396527,-0.43739349779867814,-0.43739349779867814,-0.43739349779867814,0.0293282206458358,0.0043518236134665,0.0134397546053726,0.0757061802061265
2011-05-31,1535.9000244140625,187315,0.5192307692307693,0.42857142857142855,0.42857142857142855,0.42857142857142855,0.8409610983981693,0.15047352020584243,-0.020133687680365872,-0.020133687680365872,-0.020133687680365872,0.0083377584357304,0.0379105107006612,-0.0027270639818541,0.057928070503801
2011-06-07,1543.300048828125,195870,0.6538461538461539,0.5760869565217391,0.5760869565217391,0.5760869565217391,0.8764302059496567,0.4952204670968545,0.32200259464741554,0.32200259464741554,0.32200259464741554,0.0048180378256621,0.0131959678969173,0.01760521803508,0.0622204025707273
2011-06-14,1523.800048828125,187786,0.5384615384615384,0.44086021505376344,0.44086021505376344,0.44086021505376344,0.8432494279176201,0.19588206423777402,-0.004679890491705534,-0.004679890491705534,-0.004679890491705534,-0.0126352617009291,-0.007878101044079,0.0297337468226495,0.0196052518087153
2011-06-21,1546.0,206259,0.7692307692307693,0.7021276595744681,0.7021276595744681,0.7021276595744681,0.9084668192219679,0.9426225606744446,0.7415440981391407,0.7415440981391407,0.7415440981391407,0.0145688085447612,0.0017494661351984,0.0149685199310725,0.0286094477711245
2011-06-28,1499.699951171875,169571,0.3076923076923077,0.23157894736842105,0.23157894736842105,0.23157894736842105,0.7768878718535469,-0.49633783201043247,-0.7500596674047344,-0.7500596674047344,-0.7500596674047344,-0.0299482851410899,-0.0158157874287929,-0.0235692901014163,-0.0262320791211571
2011-07-05,1512.300048828125,165423,0.23076923076923078,0.1875,0.1875,0.1875,0.7597254004576659,-0.6363226498746183,-0.9123398536684687,-0.9123398536684687,-0.9123398536684687,0.0084017457268064,-0.0217981572909928,-0.0200868262937846,-0.0028352412152394
2011-07-12,1561.9000244140625,199105,0.75,0.6185567010309279,0.6185567010309279,0.6185567010309279,0.8878718535469108,0.733506772807025,0.4645491564236002,0.4645491564236002,0.4645491564236002,0.0327977081164365,0.0414750118472591,0.0250032644474833,0.0554804520049541
2011-07-19,1600.9000244140625,210289,0.8653846153846154,0.7959183673469388,0.7959183673469388,0.7959183673469388,0.9244851258581236,1.163154769650607,0.9178811824475631,0.9178811824475631,0.9178811824475631,0.0249695879316158,0.0585862413048212,0.0355110119107777,0.0510110791314093
2011-07-26,1616.5999755859375,213501,0.9038461538461539,0.8383838383838383,0.8383838383838383,0.8383838383838383,0.9347826086956522,1.2500952012407438,1.0405092610563809,1.0405092610563809,1.0405092610563809,0.0098069529217612,0.0350214164266982,0.0779489419351624,0.0525424506081777
2011-08-02,1641.9000244140625,228824,1.0,1.0,1.0,1.0,0.9702517162471396,1.818667896608964,1.6550613487548422,1.6550613487548422,1.6550613487548422,0.0156501603428238,0.025610593650285,0.0856972633746615,0.0638890510376173
2011-08-09,1740.0,191410,0.5576923076923077,0.4752475247524752,0.4752475247524752,0.4752475247524752,0.8524027459954233,0.25400231566638637,0.11086650629603026,0.11086650629603026,0.11086650629603026,0.0597478373392106,0.07633306091653,0.1140277692567106,0.1418821001732761
2011-08-16,1782.4000244140625,199875,0.6923076923076923,0.6078431372549019,0.6078431372549019,0.6078431372549019,0.8901601830663616,0.5689283834873206,0.4545441552844361,0.4545441552844361,0.4545441552844361,0.0243678301230243,0.0855715926127351,0.1133737255494327,0.1529107531785656
2011-08-23,1858.300048828125,192322,0.5576923076923077,0.5048543689320388,0.5048543689320388,0.5048543689320388,0.8581235697940504,0.25000865619852747,0.1435540520919021,0.1435540520919021,0.1435540520919021,0.042583047225335,0.0679885338092671,0.1495113676186856,0.2391145624670039
2011-08-30,1826.699951171875,183072,0.4230769230769231,0.3942307692307692,0.3942307692307692,0.3942307692307692,0.8318077803203662,-0.11523204549745046,-0.23657444097342628,-0.23657444097342628,-0.23657444097342628,-0.0170048414281522,0.0248540878315883,0.1125524843230094,0.2078951875901724
2011-09-06,1869.9000244140625,188195,0.4807692307692308,0.4230769230769231,0.42857142857142855,0.42857142857142855,0.8443935926773455,0.10972293638427286,-0.039948201517426736,-0.024289711864955436,-0.024289711864955436,0.0236492442091946,0.0062422511333692,0.0746551864448634,0.1971957200753258
2011-09-13,1826.800048828125,176269,0.34615384615384615,0.2980769230769231,0.3018867924528302,0.3018867924528302,0.8020594965675057,-0.3553487928703341,-0.5354451228199838,-0.5179652153210139,-0.5179652153210139,-0.0230493475711049,5.479698851784676e-05,0.0249102467492718,0.141108139777025
2011-09-20,1806.5999755859373,151425,0.09615384615384616,0.0673076923076923,0.07476635514018691,0.07476635514018691,0.7105263157894737,-1.3543579320432682,-1.5569137437510412,-1.5471437944266138,-1.5471437944266138,-0.0110576268350474,-0.0338521033219197,-0.0278211655188787,0.1175306215943337
2011-09-27,1650.5999755859375,122475,0.0,0.0,0.0,0.0,0.5835240274599542,-2.495276836892888,-2.711830275181735,-2.7182842925354014,-2.7182842925354014,-0.0863500509842551,-0.0964528511783313,-0.0964033395155919,0.0052987094479031
2011-10-04,1614.699951171875,120689,0.0,0.0,0.0,0.0,0.5766590389016019,-2.4185144196459696,-2.6651343445239375,-2.689491351772869,-2.689491351772869,-0.0217496819005577,-0.1062216467438084,-0.1364779239051323,-0.0720115223150144
2011-10-11,1659.699951171875,122021,0.019230769230769232,0.009615384615384616,0.00909090909090909,0.00909090909090909,0.580091533180778,-2.2194453626911907,-2.50352648063094,-2.540700118965,-2.540700118965,0.0278689548280106,0.0055131320250427,-0.0914714764560266,-0.0688398067557944
2011-10-18,1651.699951171875,117899,0.0,0.0,0.0,0.0,0.568649885583524,-2.268102916148105,-2.57749494370851,-2.615334646898031,-2.615334646898031,-0.0048201483613657,0.0229144739696975,-0.0857411859334401,-0.1111769317266797
2011-10-25,1699.5999755859375,126570,0.09615384615384616,0.04807692307692308,0.044642857142857144,0.044642857142857144,0.6064073226544623,-1.8093818639463508,-2.1669886092731834,-2.2048298111433224,-2.2048298111433224,0.0290004394442693,0.0240405046622373,0.0296861751634316,-0.06957901077536
2011-11-01,1711.0,133011,0.11538461538461539,0.057692307692307696,0.05309734513274336,0.05309734513274336,0.6275743707093822,-1.4850352994853606,-1.8642051959666484,-1.9136302339000701,-1.9136302339000701,0.0067074750399029,0.035902434207891,0.0596395935716942,-0.0849778182466488
2011-11-08,1798.4000244140625,146055,0.21153846153846154,0.10576923076923077,0.09649122807017543,0.09649122807017543,0.6819221967963387,-0.9559975294391322,-1.3456270472817828,-1.403954022844154,-1.403954022844154,0.0510812533103812,0.0581313545818706,0.0835693663449557,-0.0155463234371385
2011-11-15,1781.699951171875,150910,0.23076923076923078,0.1346153846153846,0.13043478260869565,0.13043478260869565,0.7082379862700229,-0.7497587293671603,-1.1433388828203117,-1.2113084937467544,-1.2113084937467544,-0.0092860726287126,0.0413208364534629,0.0787067892735393,-0.0137828101132274
2011-11-22,1702.199951171875,137682,0.15384615384615385,0.07692307692307693,0.06896551724137931,0.06896551724137931,0.6544622425629291,-1.201741904717919,-1.6001014084551213,-1.6734168956926279,-1.6734168956926279,-0.0446203076717326,-0.05349203288269,0.0015297573683721,0.0312613451769985
2011-11-29,1713.4000244140625,133794,0.15384615384615385,0.07692307692307693,0.06837606837606838,0.06837606837606838,0.6338672768878718,-1.299009847717639,-1.7082299855734675,-1.7850866204347375,-1.7850866204347375,0.0065797635785835,-0.0383341351684326,0.0014027027551504,0.0611259529490637
2011-12-06,1727.9000244140625,137692,0.19230769230769232,0.09615384615384616,0.0847457627118644,0.0847457627118644,0.6556064073226545,-1.1179509611455614,-1.5301403636502566,-1.6162229686966691,-1.6162229686966691,0.0084627056107102,0.0150981517914474,-0.0392015119233384,0.0410918089104197
2011-12-13,1659.9000244140625,127137,0.11538461538461539,0.057692307692307696,0.05042016806722689,0.05042016806722689,0.6098398169336384,-1.436150771648033,-1.8730697105025285,-1.9621222907884948,-1.9621222907884948,-0.0393541287338421,-0.0312244655291723,-0.0683616378154476,0.0049646264361571
2011-12-20,1615.5999755859375,111470,0.0,0.0,0.0,0.0,0.545766590389016,-1.9024388211336567,-2.3767739958266088,-2.466197054533169,-2.466197054533169,-0.0266883837439322,-0.0649922143882174,-0.0508753249148655,-0.0494233944496503
2011-12-27,1594.199951171875,106043,0.0,0.0,0.0,0.0,0.5102974828375286,-1.9873248571081419,-2.479440443663872,-2.5803851490184795,-2.5803851490184795,-0.0132458682455112,-0.0395807411746856,-0.0695693192154299,-0.0682642015360169
2012-01-03,1599.699951171875,104562,0.0,0.0,0.0,0.0,0.5034324942791762,-1.924927709727519,-2.434532308606534,-2.5511206455785804,-2.5511206455785804,0.0034500063784075,-0.0098415601970381,-0.0741941497950152,-0.1104871388705224
2012-01-10,1631.0,103980,0.0,0.0,0.0,0.0,0.4954233409610984,-1.8489603602797224,-2.362506231880845,-2.494538618806821,-2.494538618806821,0.0195661997771494,0.0230837096695892,-0.0174107018428799,-0.0845821155648319
2012-01-17,1655.199951171875,108655,0.057692307692307696,0.028846153846153848,0.024193548387096774,0.024193548387096774,0.528604118993135,-1.6440495231238677,-2.1286129238319496,-2.2752304161859924,-2.2752304161859924,0.014837493054491,0.0346940061849367,0.024511002837553,-0.0276113273106622
2012-01-24,1664.199951171875,117156,0.09615384615384616,0.04807692307692308,0.04,0.04,0.5675057208237986,-1.3579240151956875,-1.796030360571774,-1.9542277365103098,-1.9542277365103098,0.0054374095369129,0.0203555801176424,0.0439091720888236,-0.028714878336139
2012-01-31,1737.800048828125,143948,0.34615384615384615,0.20192307692307693,0.16666666666666666,0.16666666666666666,0.6773455377574371,-0.5709738560868933,-0.9274753479578911,-1.0880559598329753,-1.0880559598329753,0.0442255136496207,0.0499033954162271,0.0863287503103837,0.0057295122832234
2012-02-07,1746.4000244140625,155609,0.4230769230769231,0.2980769230769231,0.25196850393700787,0.25196850393700787,0.7311212814645309,-0.25415459683193214,-0.5561708354669737,-0.7180056316875673,-0.7180056316875673,0.004948771633271,0.0493931472503077,0.0707541535340665,0.0521115722198595
2012-02-14,1715.9000244140625,148989,0.34615384615384615,0.2403846153846154,0.1953125,0.1953125,0.700228832951945,-0.45291894557491186,-0.7602966362910355,-0.9189566702808677,-0.9189566702808677,-0.0174644981525542,-0.0126021543323299,0.0366723507931547,0.0620822297250585
2012-02-21,1757.0999755859375,160294,0.4230769230769231,0.34615384615384615,0.3023255813953488,0.3023255813953488,0.7471395881006865,-0.12533344482493208,-0.410610708256633,-0.5617911101732287,-0.5617911101732287,0.0240106944377156,0.0061268615565124,0.0558226337818634,0.1021829315038662
2012-02-28,1787.0,177143,0.5576923076923077,0.5096153846153846,0.4461538461538462,0.4461538461538462,0.8066361556064073,0.3623283879786629,0.10647440135563874,-0.034998517063241405,-0.034998517063241405,0.0170166893344196,0.0414359663000858,0.028311629525533,0.1170844874321066
2012-03-06,1671.4000244140625,141841,0.3076923076923077,0.20192307692307693,0.16030534351145037,0.16030534351145037,0.6670480549199085,-0.6458157683317558,-0.97397507977414,-1.1369097310394403,-1.1369097310394403,-0.0646894099529589,-0.0487735202109355,-0.0429454872603791,0.0247700946744711
2012-03-13,1693.699951171875,133618,0.25,0.14423076923076922,0.11363636363636363,0.11363636363636363,0.631578947368421,-0.8574701623014163,-1.2105290522232,-1.3835068251737064,-1.3835068251737064,0.0133420643963615,-0.0522104358299524,-0.0129378593894293,0.0232600296856837
2012-03-20,1646.699951171875,113098,0.09615384615384616,0.04807692307692308,0.03759398496240601,0.03759398496240601,0.5503432494279176,-1.417101136569438,-1.8122365859612595,-2.006174352280448,-2.006174352280448,-0.0277498974759257,-0.0147780739986805,-0.0628308155187626,-0.010515563341819
2012-03-27,1684.800048828125,124083,0.21153846153846154,0.11538461538461539,0.08955223880597014,0.08955223880597014,0.5903890160183066,-1.0486137860112117,-1.4476743598798985,-1.6315423187640319,-1.6315423187640319,0.0231372434481071,-0.005254710161379,-0.0571907952836457,-0.0304983303664539
2012-04-03,1670.0,113040,0.09615384615384616,0.04807692307692308,0.037037037037037035,0.037037037037037035,0.5480549199084668,-1.319273696966197,-1.7575619276977026,-1.9469601131987586,-1.9469601131987586,-0.0087844541780606,0.0141495412151699,-0.0008376357506356,-0.043747150335557
2012-04-10,1659.5,104230,0.019230769230769232,0.009615384615384616,0.007352941176470588,0.007352941176470588,0.5,-1.5178425426934874,-1.9717962912838032,-2.1795784211324634,-2.1795784211324634,-0.0062874251497005,-0.0150166477296357,-0.0201924497595999,-0.0328690620733115
2012-04-17,1650.300048828125,107576,0.07692307692307693,0.038461538461538464,0.029197080291970802,0.029197080291970802,0.5160183066361556,-1.3622900235348188,-1.819370142376201,-2.034875322776363,-2.034875322776363,-0.0055438090821783,-0.0117963779472305,0.0021862499319855,-0.0607819294529317
2012-04-24,1643.0,103350,0.0,0.0,0.0,0.0,0.494279176201373,-1.4343569517127155,-1.891158540233438,-2.1222532587474814,-2.1222532587474814,-0.0044234676193027,-0.0099427538415185,-0.0248100947392536,-0.0805819809736989
2012-05-01,1661.699951171875,110056,0.1346153846153846,0.0673076923076923,0.050359712230215826,0.050359712230215826,0.5389016018306636,-1.191148005058992,-1.6534323776569684,-1.8855765914753198,-1.8855765914753198,0.01138158927077,0.0069077755598716,-0.0049700891186377,-0.0058035617449437
2012-05-08,1604.0,90372,0.0,0.0,0.0,0.0,0.4107551487414188,-1.6995264871328906,-2.162690113910649,-2.423694178504433,-2.423694178504433,-0.0347234475942443,-0.0237370663420571,-0.0334438083760169,-0.0529609457152144
2012-05-15,1556.800048828125,80098,0.0,0.0,0.0,0.0,0.35812356979405036,-1.9016293177309378,-2.3835692996585527,-2.6576954234349133,-2.6576954234349133,-0.0294264034737374,-0.0631280648890745,-0.0566563638329855,-0.0545939788725764
2012-05-22,1576.300048828125,74645,0.0,0.0,0.0,0.0,0.3295194508009153,-1.9454347147130124,-2.4557367816820395,-2.7360538884092023,-2.7360538884092023,0.0125256933378685,-0.0172692962418172,-0.0405964401533018,-0.0643993333662756
2012-05-29,1548.5999755859375,72526,0.0,0.0,0.0,0.0,0.32151029748283755,-1.8943970023577783,-2.4235977803356286,-2.715012392937871,-2.715012392937871,-0.0175728429766786,-0.0052672616810104,-0.0680628145328983,-0.0726946253976422
2012-06-05,1615.199951171875,88590,0.057692307692307696,0.028846153846153848,0.020833333333333332,0.020833333333333332,0.40274599542334094,-1.3889202684993291,-1.923797847223953,-2.210980154417964,-2.210980154417964,0.0430065715071048,0.0246779808023664,0.0069825131994232,-0.026694817010018
2012-06-12,1612.699951171875,87873,0.057692307692307696,0.028846153846153848,0.020689655172413793,0.020689655172413793,0.39931350114416475,-1.3549136180976766,-1.8926432505977138,-2.1857512838971696,-2.1857512838971696,-0.0015477959853739,0.0413922101230075,0.0359069248397239,-0.0227837947911047
2012-06-19,1622.199951171875,93151,0.11538461538461539,0.057692307692307696,0.0410958904109589,0.0410958904109589,0.43707093821510296,-1.1681105302375294,-1.7117631820705235,-2.006419067056133,-2.006419067056133,0.0058907424118768,0.004333828759047,0.02911875970433,-0.012659798434647
2012-06-26,1574.0,77495,0.038461538461538464,0.019230769230769232,0.013605442176870748,0.013605442176870748,0.34096109839816935,-1.5365565264769758,-2.0712133684062026,-2.374480766517175,-2.374480766517175,-0.0297127065853105,-0.0239969940742873,0.0164019274276767,-0.0527772484497135
2012-07-03,1621.300048828125,96219,0.15384615384615385,0.07692307692307693,0.05405405405405406,0.05405405405405406,0.45537757437070936,-0.9919827583300995,-1.5482110460225516,-1.849114108397835,-1.849114108397835,0.0300508569429003,-0.0005547419373918,0.0037766826650931,0.0107855666010754
2012-07-10,1579.300048828125,80287,0.07692307692307693,0.038461538461538464,0.026845637583892617,0.026845637583892617,0.35926773455377575,-1.3593772521348573,-1.9072734666521913,-2.2214874986229103,-2.2214874986229103,-0.0259051370721647,0.0033672483024935,-0.0207105496093552,0.014452723082156
2012-07-17,1589.0999755859375,81356,0.09615384615384616,0.04807692307692308,0.03333333333333333,0.03333333333333333,0.3695652173913043,-1.2878383833333122,-1.8283517791222872,-2.151878501655936,-2.151878501655936,0.0062052342524046,-0.0198606502636335,-0.0204043746654203,0.0081202349561102
2012-07-24,1576.0,59809,0.0,0.0,0.0,0.0,0.26773455377574373,-1.8246407199616863,-2.3013361036731212,-2.6394675826610823,-2.6394675826610823,-0.0082436446964938,-0.0020895641905246,0.0012706480304955,0.0176934165349544
2012-07-31,1610.5,80857,0.11538461538461539,0.057692307692307696,0.039473684210526314,0.039473684210526314,0.36155606407322655,-1.2156046652099397,-1.731443395588833,-2.067131864724722,-2.067131864724722,0.0218908629441625,0.0134667577514573,-0.006661351078063,-0.0029098262221126
2012-08-07,1609.699951171875,69710,0.019230769230769232,0.009615384615384616,0.006535947712418301,0.006535947712418301,0.3123569794050343,-1.538829845583524,-1.9474445221894923,-2.2966956633595026,-2.2966956633595026,-0.000496770461425,0.0213832177486517,0.0192489719520412,-0.0018602344458559
2012-08-14,1599.4000244140625,66656,0.019230769230769232,0.009615384615384616,0.006493506493506494,0.006493506493506494,0.2963386727688787,-1.5859438477828116,-1.9628508809002938,-2.3223269930361155,-2.3223269930361155,-0.0063986625273325,-0.0068922543222214,0.0064816871099171,-0.0140549423277579
2012-08-21,1639.9000244140625,91585,0.25,0.125,0.08387096774193549,0.08387096774193549,0.4244851258581236,-0.8076501378921717,-1.3510707430501772,-1.699633773718516,-1.699633773718516,0.0253219953618777,0.0187613059317057,0.0405457007703442,0.0418678681156687
2012-08-28,1666.5,113166,0.5192307692307693,0.25961538461538464,0.17307692307692307,0.17307692307692307,0.551487414187643,-0.1033454698969873,-0.8443670797298672,-1.1832070021572396,-1.1832070021572396,0.0162204861210619,0.0419532165572646,0.0347718099968954,0.0278788316848233
2012-09-04,1692.9000244140625,122927,0.6346153846153846,0.3173076923076923,0.21153846153846154,0.21019108280254778,0.5846681922196796,0.2589365995937321,-0.6101207467336783,-0.9497780639505565,-0.9503970043364538,0.0158415988083182,0.032319043362986,0.0516866967546449,0.0719305844828099
2012-09-11,1731.800048828125,137613,0.7692307692307693,0.40384615384615385,0.2692307692307692,0.26582278481012656,0.6533180778032036,0.8354968062806183,-0.26558075126651687,-0.6033612479258303,-0.6078556746092388,0.0229783353139985,0.0391839476916442,0.0827810568919849,0.0897993049113041
2012-09-18,1768.4000244140625,144302,0.8653846153846154,0.4807692307692308,0.32051282051282054,0.31446540880503143,0.6784897025171625,1.1442685889030875,-0.09899080518286398,-0.4418974363931173,-0.45152057059381934,0.0211340654544409,0.0445980264109995,0.0783584353234663,0.1220812337652681
2012-09-25,1763.800048828125,158228,0.9615384615384616,0.5673076923076923,0.4230769230769231,0.41875,0.7414187643020596,1.6709142886935011,0.2352915529549714,-0.11535974514141599,-0.1289775118728924,-0.0026012076014654,0.0184778837612655,0.0583858678836632,0.0951878601851132
2012-10-02,1772.699951171875,162990,0.9807692307692307,0.5865384615384616,0.4423076923076923,0.43478260869565216,0.7551487414187643,1.776003870749813,0.36478230438426346,-0.0010283357804707226,-0.018518502770173605,0.0050458680674507,0.0024315351156123,0.0471380031939172,0.1012611076252656
2012-10-09,1763.0,167473,0.9807692307692307,0.6153846153846154,0.46794871794871795,0.4567901234567901,0.7688787185354691,1.8535439494674877,0.48818795940657045,0.10898653368389871,0.08546730435065035,-0.0054718516607746,-0.0004535938348887,0.0180159084722209,0.1022883413084054
2012-10-16,1744.699951171875,158584,0.9230769230769231,0.5769230769230769,0.42948717948717946,0.4171779141104294,0.7425629290617849,1.4652800708755194,0.29542967092030303,-0.08744811807158231,-0.12150260845065325,-0.0103800617289421,-0.0157951152317064,-0.013401986493435,0.0639062901381792
2012-10-23,1708.300048828125,146636,0.8269230769230769,0.5,0.3333333333333333,0.3170731707317073,0.6853546910755148,1.013292728431816,0.020497639290426358,-0.35680083308019084,-0.39981379591740185,-0.0208631302587594,-0.0310266314077566,-0.0314661517539215,0.02508253755063
2012-10-30,1710.9000244140625,135428,0.6730769230769231,0.40384615384615385,0.2692307692307692,0.2545454545454545,0.6430205949656751,0.6228887751184146,-0.24127079782270922,-0.6112735700242208,-0.6605116644970986,0.0015219665817611,-0.0193729166640429,-0.0348620344446665,0.0106326420582514
2012-11-06,1714.0999755859375,115169,0.5384615384615384,0.2692307692307692,0.1794871794871795,0.1686746987951807,0.5594965675057209,-0.04540479285785771,-0.7276499665883345,-1.078616446983314,-1.1322322416323154,0.0018703320627813,0.003395145227439,-0.0277368260998652,-0.0102206217479695
2012-11-13,1724.199951171875,124930,0.6153846153846154,0.3557692307692308,0.23717948717948717,0.2215568862275449,0.5961098398169337,0.2979242057896082,-0.4714243465172614,-0.8350330965481009,-0.8960596700609387,0.0058922908405532,0.0077736434438169,-0.0117498713668391,-0.0249943862429161
2012-11-20,1723.199951171875,135939,0.7115384615384616,0.4326923076923077,0.28846153846153844,0.26785714285714285,0.6464530892448512,0.6886274568410781,-0.18962812207214402,-0.5636257527076179,-0.6334343434628623,-0.0005799791371762,0.0053088942976191,0.0087220639921956,-0.0230185375509116
2012-11-27,1742.199951171875,152307,0.8653846153846154,0.5769230769230769,0.3974358974358974,0.3727810650887574,0.7128146453089245,1.241067366869653,0.22348235674266642,-0.1643999879201378,-0.24679007368841724,0.0110259984554195,0.0104396244691724,0.0182944218313001,-0.0172053933773944
2012-12-04,1694.4000244140625,118745,0.5769230769230769,0.2980769230769231,0.1987179487179487,0.18235294117647058,0.5720823798627003,0.09870232822883086,-0.6039263305475089,-0.9591178920494047,-1.0356519898944285,-0.0274365331750011,-0.0167130498919912,-0.0114928834096394,-0.0389109334009855
2012-12-11,1708.199951171875,119655,0.5961538461538461,0.3076923076923077,0.20512820512820512,0.1871345029239766,0.5743707093821511,0.14184423569034574,-0.5681023637652778,-0.9251094081871016,-1.0079890035344894,0.0081444325772981,-0.0195155555923016,-0.00927966619482,-0.0209205026775427
2012-12-18,1669.5,108031,0.4230769230769231,0.21153846153846154,0.14102564102564102,0.12790697674418605,0.5217391304347826,-0.24246760833928085,-0.8462370948377881,-1.1926167722962442,-1.2755207703909552,-0.0226553988280621,-0.014695481619031,-0.0311629251935365,-0.0227126662290628
2012-12-24,1658.5999755859375,98894,0.3076923076923077,0.15384615384615385,0.10256410256410256,0.09248554913294797,0.47139588100686497,-0.5460485271433272,-1.059126992989098,-1.3965729783465641,-1.4804147506121046,-0.0065289154921008,-0.0290363991357747,-0.0479852932665419,-0.0305687346319586
2012-12-31,1674.800048828125,97119,0.3076923076923077,0.15384615384615385,0.10256410256410256,0.09195402298850575,0.459954233409611,-0.5996783944968016,-1.0832515447330677,-1.4194770063237176,-1.5084522587918292,0.0097673179070585,0.003174632421758,-0.011567501949674,-0.0229274414080651
2013-01-08,1661.5,87349,0.19230769230769232,0.09615384615384616,0.0641025641025641,0.05714285714285714,0.39588100686498856,-0.9192171258430266,-1.3047570719224915,-1.6320876533004727,-1.7222187493278818,-0.0079412756391016,0.0017484773042022,-0.0273386913164571,-0.0363646635816572
2013-01-15,1683.4000244140625,91104,0.2692307692307692,0.1346153846153846,0.08974358974358974,0.07954545454545454,0.42105263157894735,-0.7780142244026406,-1.19015046217884,-1.5173846896219285,-1.6159074702509648,0.0131808753620599,0.0051349267585434,0.0083258606852725,-0.0230965226819709
2013-01-22,1692.800048828125,97897,0.36538461538461536,0.18269230769230768,0.12179487179487179,0.10734463276836158,0.4645308924485126,-0.5389914466386438,-1.007471896366331,-1.334720980429777,-1.4427385866156335,0.0055839516916571,0.0188384284249925,0.0206198442937426,-0.0283548982483449
2013-01-29,1660.699951171875,76501,0.09615384615384616,0.04807692307692308,0.03205128205128205,0.028089887640449437,0.33638443935926776,-1.2280096898009167,-1.5102341251413267,-1.8185337824422718,-1.922711401546127,-0.0189627225486388,-0.0134846577836356,-0.008418973755175,-0.0198890892095219
2013-02-05,1672.4000244140625,78548,0.1346153846153846,0.0673076923076923,0.04487179487179487,0.03910614525139665,0.3489702517162471,-1.1134046785409208,-1.435019733126765,-1.7387618754804073,-1.8509989861514682,0.0070452662047297,-0.0120510537722307,0.0065603517388279,-0.0209576910087444
2013-02-12,1648.699951171875,66582,0.019230769230769232,0.009615384615384616,0.00641025641025641,0.005555555555555556,0.2940503432494279,-1.4686541622498372,-1.6901436942903019,-1.986624267963642,-2.0999736857578593,-0.0141712944846977,-0.0072258688220784,-0.0206130882374588,-0.0124588492531446
2013-02-19,1603.5999755859375,42810,0.0,0.0,0.0,0.0,0.18421052631578946,-2.19058323163701,-2.2048670515311346,-2.4892146485365054,-2.603395090990293,-0.0273548716695727,-0.0411385122122499,-0.0526938035617012,-0.0331604972926459
2013-02-26,1615.199951171875,50853,0.019230769230769232,0.009615384615384616,0.00641025641025641,0.005494505494505495,0.2208237986270023,-1.8216169275479142,-1.9488210939590238,-2.2451030006328416,-2.37098110732699,0.0072337090063243,-0.0203190398448114,-0.0273980859503806,-0.0355863959389974
2013-03-05,1574.5999755859375,41170,0.0,0.0,0.0,0.0,0.17620137299771166,-2.099310857580486,-2.117521172037638,-2.407006368124684,-2.5404837714544404,-0.0251361916872775,-0.0180843105771461,-0.058478861157868,-0.0523021513175218
2013-03-12,1591.5,44324,0.038461538461538464,0.019230769230769232,0.01282051282051282,0.010869565217391304,0.19221967963386727,-1.8821830146800458,-1.98634040252784,-2.279094861023823,-2.4221373263918085,0.0107329002134486,-0.0146730757109545,-0.0346939727457491,-0.0545919110616919
2013-03-19,1611.300048828125,64779,0.09615384615384616,0.04807692307692308,0.03205128205128205,0.02702702702702703,0.28832951945080093,-1.143132204594338,-1.4796161602160147,-1.7915819594473166,-1.9430590088879773,0.0124411239887685,0.0233075535445317,0.0048017419302928,-0.0481450836774373
2013-03-26,1595.800048828125,55935,0.07692307692307693,0.038461538461538464,0.02564102564102564,0.021505376344086023,0.2494279176201373,-1.376541765189898,-1.6420634668180571,-1.9475943309932227,-2.105049474464876,-0.0096195615529665,0.0027018842778039,-0.012010836385721,-0.0390798484084697
2013-04-02,1575.0999755859375,44196,0.038461538461538464,0.019230769230769232,0.01282051282051282,0.0106951871657754,0.19107551487414187,-1.6797430925357264,-1.8634312947613667,-2.1562293698319537,-2.3204077059347075,-0.0129715958195317,-0.022466376308072,0.0003175409677076,-0.0581798896243228
2013-04-09,1586.199951171875,49987,0.07692307692307693,0.038461538461538464,0.02564102564102564,0.02127659574468085,0.2139588100686499,-1.4262691102741631,-1.6986005948609209,-1.9910720769095331,-2.161906691300952,0.0070471562173748,-0.0060158524642857,-0.0033302223236726,-0.037908656426887
2013-04-16,1386.800048828125,68662,0.21153846153846154,0.10576923076923077,0.07051282051282051,0.0582010582010582,0.30434782608695654,-0.8204490164712684,-1.2586098060348616,-1.5742730261155793,-1.7474521341057068,-0.1257091845176483,-0.119547920561528,-0.1393284882994173,-0.1351957658134761
2013-04-23,1408.5999755859375,52919,0.11538461538461539,0.057692307692307696,0.038461538461538464,0.031578947368421054,0.2299771167048055,-1.2543733958270158,-1.5866606434463588,-1.8687158324125912,-2.049636697014698,0.0157195889748011,-0.1119656922538219,-0.1173079756324471,-0.1279098451161066
2013-04-30,1472.199951171875,51591,0.11538461538461539,0.057692307692307696,0.038461538461538464,0.031413612565445025,0.2242562929061785,-1.2468386347512341,-1.5879437309055875,-1.8640847188024343,-2.0488867077510244,0.0451511974217391,0.0615805446617301,-0.065329201961154,-0.0650324056914567
2013-05-07,1449.0,48533,0.07692307692307693,0.038461538461538464,0.02564102564102564,0.020833333333333332,0.20823798627002288,-1.2861565750682311,-1.6246116038526675,-1.8945203834240574,-2.0827453145229526,-0.0157586957895276,0.0286809776475094,-0.0864960001231323,-0.0895381715362865
2013-05-14,1424.699951171875,39384,0.0,0.0,0.0,0.0,0.16704805491990846,-1.4999447685418983,-1.7904155147475105,-2.0469639289142627,-2.2360337785216715,-0.0167702200332126,-0.0322646390269133,0.0273290315902254,-0.115807169367345
2013-05-21,1377.800048828125,36358,0.0,0.0,0.0,0.0,0.14874141876430205,-1.53161975338287,-1.812829540709122,-2.0726277891353564,-2.2614535433282517,-0.0329191436450692,-0.0491373023960489,-0.0218656306202196,-0.1366085933886819
2013-05-28,1379.0999755859375,47037,0.11538461538461539,0.057692307692307696,0.038461538461538464,0.03076923076923077,0.20022883295194507,-1.1940060794821963,-1.5389227477693626,-1.8246031735331063,-2.0187161477125577,0.0009434799765888,-0.0320067222213559,-0.0632386759093625,-0.1244365456402778
2013-06-04,1397.0999755859375,53588,0.23076923076923078,0.11538461538461539,0.07692307692307693,0.061224489795918366,0.2322654462242563,-0.9933563594874677,-1.3680365097538298,-1.6675816836858643,-1.866379428076474,0.0130519906595982,0.0140077849280291,-0.0358178222319272,-0.1192157239988763
2013-06-11,1377.0,55318,0.25,0.125,0.08333333333333333,0.06598984771573604,0.2425629290617849,-0.9207448214061935,-1.3082944321536523,-1.610086846464996,-1.812138953413825,-0.014386927161392,-0.0015227145407245,-0.0334806996607529,-0.0070666631692191
2013-06-18,1366.5999755859375,39253,0.019230769230769232,0.009615384615384616,0.00641025641025641,0.005050505050505051,0.16475972540045766,-1.3169645811988808,-1.635530333152905,-1.9004005916077804,-2.0991995398706265,-0.0075526684197985,-0.0218309358907607,-0.0081289540174669,-0.0298168399318118
2013-06-25,1274.800048828125,30289,0.0,0.0,0.0,0.0,0.12929061784897025,-1.4996014878386774,-1.8085404752826804,-2.045675972324462,-2.2406036426838845,-0.0671739560938107,-0.0742192818967865,-0.0756289816577646,-0.1340849809067166
2013-07-02,1243.5999755859375,21384,0.0,0.0,0.0,0.0,0.10297482837528604,-1.6706217627304463,-1.9589954467779271,-2.1828295827853808,-2.374149014648727,-0.0244744838775842,-0.0900043920659833,-0.1098704478436647,-0.1417529499061852
2013-07-09,1245.9000244140625,23882,0.019230769230769232,0.009615384615384616,0.00641025641025641,0.004975124378109453,0.10983981693363844,-1.5317376584893923,-1.853375743752976,-2.0889031794172914,-2.2893223805501393,0.001849508582566,-0.0226702410630037,-0.0952069539476669,-0.125500058177683
2013-07-16,1290.800048828125,41841,0.1346153846153846,0.0673076923076923,0.04487179487179487,0.034653465346534656,0.17963386727688788,-1.0409021976004833,-1.4334217022239248,-1.7088115401499964,-1.9253330878418817,0.0360382242027634,0.0379543857902928,-0.0554660676949835,-0.0631441405986282
2013-07-23,1335.0999755859375,55354,0.36538461538461536,0.18269230769230768,0.12179487179487179,0.09359605911330049,0.2437070938215103,-0.6908179420355338,-1.1232330080059543,-1.4287921647347896,-1.6571995138344577,0.0343197436334394,0.0715947904518463,0.0473014782304439,-0.0319048660567959
2013-07-30,1324.0,52029,0.3076923076923077,0.15384615384615385,0.10256410256410256,0.0784313725490196,0.22540045766590389,-0.7668454855918972,-1.187724767746906,-1.4703101417117364,-1.7023623181357537,-0.0083139658369524,0.0257204446203858,0.0646510340884987,-0.0523226518240255
2013-08-06,1283.199951171875,34744,0.057692307692307696,0.028846153846153848,0.019230769230769232,0.014634146341463415,0.14302059496567507,-1.157749298030611,-1.585434650690499,-1.767425690682558,-1.9982181252823223,-0.0308157468490369,-0.0388735116194464,0.0299381379138783,-0.0681191349514342
2013-08-13,1321.199951171875,37988,0.09615384615384616,0.04807692307692308,0.03205128205128205,0.024271844660194174,0.15789473684210525,-1.0527568256035365,-1.4883831900344238,-1.677803441063087,-1.916129645834099,0.0296134674610115,-0.0021148405046261,0.0235512094776795,-0.0332211511964918
2013-08-20,1373.0999755859375,48416,0.2692307692307692,0.1346153846153846,0.08974358974358974,0.06763285024154589,0.20709382151029748,-0.7891346023233418,-1.2283846895021722,-1.4615779584129398,-1.7090640725576987,0.0392824904118624,0.0700592486244733,0.0284622879895739,0.0771100745157453
2013-08-27,1420.5999755859375,70389,0.5384615384615384,0.2980769230769231,0.1987179487179487,0.14903846153846154,0.3157894736842105,-0.2603245187396253,-0.6881951595534618,-1.0437481326105345,-1.3036840386583477,0.034593256750828,0.07523465643932,0.0729607066359043,0.1423287258562418
2013-09-03,1412.0,75400,0.5576923076923077,0.3269230769230769,0.21794871794871795,0.16267942583732056,0.3318077803203661,-0.126731160883748,-0.5518636790746428,-0.9402855799173655,-1.2066425108731853,-0.0060537630112167,0.0283300743614556,0.1003741067091681,0.1333172584726876
2013-09-10,1364.0999755859375,64780,0.5,0.25961538461538464,0.17307692307692307,0.12857142857142856,0.2894736842105263,-0.3543530517419256,-0.8030495336859548,-1.1228257604412384,-1.387291815189084,-0.0339235300382878,-0.0397719280381488,0.0324705010592916,0.0567864301092637
2013-09-17,1309.5,54780,0.4230769230769231,0.21153846153846154,0.14102564102564102,0.10426540284360189,0.2414187643020595,-0.5646661100726444,-1.043416907211864,-1.2941791572082482,-1.5540595638066157,-0.0400263738458646,-0.0725920679886685,-0.0463185323113837,-0.0191745757277108
2013-09-24,1316.0,64012,0.5,0.25961538461538464,0.17307692307692307,0.12735849056603774,0.28604118993135014,-0.3114698909461961,-0.7888616755104616,-1.1096826962941904,-1.3793493412952322,0.0049637266132112,-0.0352613272097425,-0.0736308442795758,-0.0060422960725075
2013-10-01,1286.0,61383,0.5,0.25961538461538464,0.17307692307692307,0.1267605633802817,0.2757437070938215,-0.3447539174688711,-0.8412121596921438,-1.1474229606473743,-1.4160988666937069,-0.0227963525835865,-0.0179457808323787,-0.0892351274787535,0.0021820830226557
2013-10-08,1324.199951171875,71556,0.6346153846153846,0.34615384615384615,0.23076923076923078,0.16822429906542055,0.3180778032036613,-0.04054497137939874,-0.5663681273565657,-0.9457654620213547,-1.228189915116916,0.0297044721398715,0.0062309659360753,-0.0292500734023719,0.0022706631175235
2013-10-15,1273.0,52790,0.38461538461538464,0.19230769230769232,0.1282051282051282,0.09302325581395349,0.2288329519450801,-0.5242376304661914,-1.0334982973205422,-1.2892536316586294,-1.5490324749762425,-0.0386648188036592,-0.0101088646967341,-0.027873234058801,-0.0729007190778094
2013-10-22,1342.5,66598,0.6153846153846154,0.3173076923076923,0.21153846153846154,0.1527777777777778,0.2951945080091533,-0.07885821976000026,-0.6630492293304516,-1.0140637492628153,-1.2963512729530222,0.0545954438334641,0.0138197020864787,0.0201367781155015,-0.0549767541377892
2013-10-29,1345.199951171875,88403,0.7692307692307693,0.49038461538461536,0.3269230769230769,0.2350230414746544,0.40045766590389015,0.6654664308259653,-0.09378403249146046,-0.5883268316590718,-0.9090879616075295,0.0020111368133146,0.0567163795537117,0.0460341766499805,-0.0473088164505134
2013-11-05,1308.0,78084,0.7307692307692307,0.4230769230769231,0.28205128205128205,0.2018348623853211,0.34553775743707094,0.3798545801632685,-0.34764549748779455,-0.7754648524312556,-1.0848538365572553,-0.0276538451696107,-0.0256983240223463,-0.0122337651179782,-0.0411259999926619
2013-11-12,1271.0999755859375,46107,0.25,0.125,0.08333333333333333,0.0593607305936073,0.19679633867276888,-0.6859801533996015,-1.160550900163645,-1.3773617297025902,-1.635704255146509,-0.0282110278394973,-0.055084729613159,-0.0014925564918009,-0.0293241881741599
2013-11-19,1273.4000244140625,34531,0.057692307692307696,0.028846153846153848,0.019230769230769232,0.013636363636363636,0.14073226544622425,-1.072542542164138,-1.4416254876863976,-1.5792037968389387,-1.8227207500215905,0.0018094948251925,-0.0264525807231937,-0.0514711177548882,-0.0323708021169737
2013-11-26,1241.4000244140625,15961,0.0,0.0,0.0,0.0,0.08924485125858124,-1.7669409954661097,-1.8941922834025369,-1.9083220838967483,-2.125157155473593,-0.0251295738860413,-0.023365550894755,-0.0771631954546139,-0.034681162975068
2013-12-03,1221.699951171875,9941,0.0,0.0,0.0,0.0,0.07322654462242563,-2.087919692314564,-2.000172754289547,-1.9884372614386085,-2.2020137291283,-0.0158692386456862,-0.0406000253266656,-0.065978630602542,-0.0774052286509229
2013-12-10,1262.4000244140625,15803,0.019230769230769232,0.009615384615384616,0.00641025641025641,0.004484304932735426,0.08581235697940504,-1.7924343899827424,-1.798542214268544,-1.8430455500743184,-2.074073898305685,0.0333142955462568,0.0169163843942341,-0.0068444271410395,-0.0083267679386783
2013-12-17,1231.199951171875,13762,0.019230769230769232,0.009615384615384616,0.00641025641025641,0.004464285714285714,0.08009153318077804,-1.8710239091363543,-1.8048701789012003,-1.8491864156958975,-2.084143594114255,-0.0247148864375765,0.0077760500775068,-0.033139683079247,-0.0829050643040036
2013-12-24,1205.0999755859375,11193,0.019230769230769232,0.009615384615384616,0.00641025641025641,0.0044444444444444444,0.07551487414187644,-1.947264879765706,-1.8214473905181723,-1.8636508146897615,-2.1025853560000987,-0.0211988114205943,-0.0453897716412993,-0.0292412180717158,-0.1041480677009309
2013-12-31,1201.9000244140625,17725,0.09615384615384616,0.04807692307692308,0.03205128205128205,0.022123893805309734,0.09725400457665904,-1.5842227039191055,-1.6136198479010249,-1.7117743658929063,-1.9692934073135198,-0.0026553408320493,-0.0237978621830876,-0.0162068654736542,-0.0811161892858849
2014-01-07,1229.4000244140625,24238,0.15384615384615385,0.07692307692307693,0.05128205128205128,0.03524229074889868,0.11098398169336385,-1.2402847040391607,-1.4182004369759855,-1.565328649348179,-1.8409734025331859,0.0228804388396668,0.0201643426441113,-0.0261406839051011,-0.0328061930397352
2014-01-14,1245.199951171875,28270,0.17307692307692307,0.08653846153846154,0.057692307692307696,0.039473684210526314,0.12013729977116705,-1.0109602351553422,-1.2914445053470547,-1.4686065427540562,-1.75727488537143,0.0128517377940859,0.0360262300343339,0.011371020593913,-0.0221454945041039
2014-01-21,1242.300048828125,30217,0.19230769230769232,0.09615384615384616,0.0641025641025641,0.043668122270742356,0.12814645308924486,-0.8881450118867092,-1.2189710642504987,-1.4125016756618243,-1.7099146243269565,-0.0023288648068294,0.0104929430274012,0.0308688689700622,0.0007250075691656
2014-01-28,1251.0,47238,0.4807692307692308,0.2403846153846154,0.16025641025641027,0.10869565217391304,0.20137299771167047,0.006139906285742869,-0.7904788607700479,-1.0892327447065953,-1.4187392039377846,0.0070030997584535,0.0046579256790577,0.0408519632153883,0.0239830154695674
2014-02-04,1251.699951171875,43652,0.40384615384615385,0.20192307692307693,0.1346153846153846,0.09090909090909091,0.18993135011441648,-0.15314162959317465,-0.8607116702311484,-1.1403491233059848,-1.4676886889523686,0.0005595133268385,0.007566531412936,0.0181388696233684,-0.0084759767389531
2014-02-11,1290.0999755859375,52086,0.6346153846153846,0.3173076923076923,0.21153846153846154,0.14224137931034483,0.22654462242562928,0.3366732824418673,-0.6411470236830625,-0.9765678145583971,-1.3212935564503399,0.0306782982440092,0.03125497648756,0.0360584855241974,0.0478395278995913
2014-02-18,1324.699951171875,68770,0.9038461538461539,0.4807692307692308,0.32051282051282054,0.2145922746781116,0.30663615560640733,1.2722041939090893,-0.21629006422864935,-0.6691310108486969,-1.044017786328119,0.0268196079689273,0.0583206861449945,0.0663285028616706,0.0992448576955502
2014-02-25,1343.0,96256,1.0,0.7115384615384616,0.47435897435897434,0.3162393162393162,0.45652173913043476,2.7132990133799555,0.4909240314664673,-0.17210150680971645,-0.5954330695669107,0.0138144859233491,0.0410045929890328,0.0735411670663468,0.1173974313335461
2014-03-04,1337.800048828125,101167,1.0,0.75,0.5,0.33191489361702126,0.4794050343249428,2.7449012480128316,0.6534642276825794,-0.07502307562824412,-0.5142920538030566,-0.0038718921607409,0.0098891055628569,0.0687865311296376,0.0881731106730101
2014-03-11,1346.5,106031,1.0,0.7788461538461539,0.532051282051282,0.3516949152542373,0.5091533180778032,2.7437847463760643,0.7991679524819417,0.021993534566505945,-0.4341253505947505,0.0065031774961406,0.0026061057334325,0.0437175610273512,0.0813524355930066
2014-03-18,1359.0,121063,1.0,0.875,0.6346153846153846,0.4177215189873418,0.5789473684210527,3.179078115636804,1.2097689195778505,0.30205501526366957,-0.18911573038082316,0.0092833271444485,0.0158468757647642,0.0258926927549003,0.093938619162061
2014-03-25,1311.4000244140625,107013,0.9807692307692307,0.7884615384615384,0.5448717948717948,0.35714285714285715,0.5137299771167048,2.302847935699239,0.834812197336703,0.055015190751508125,-0.4171596366285749,-0.0350257362663263,-0.0260675644901132,-0.0235293935859549,0.0482813944157174
2014-04-01,1279.5999755859375,91453,0.9038461538461539,0.6826923076923077,0.4551282051282051,0.29707112970711297,0.4233409610983982,1.5531269795836535,0.431130917768922,-0.21989218464987959,-0.6695850424186571,-0.0242489310935718,-0.0584253306946743,-0.0435043138869437,0.0222897064012359
2014-04-08,1308.699951171875,81527,0.8653846153846154,0.625,0.4166666666666667,0.2708333333333333,0.3718535469107552,1.1087524033167355,0.17455010847535268,-0.39287818289574017,-0.8294347878889771,0.0227414630674811,-0.0020589241969809,-0.0280728175478091,0.014417468365186
2014-04-15,1300.0,72990,0.8076923076923077,0.5288461538461539,0.3525641025641026,0.22821576763485477,0.32494279176201374,0.7532061324624131,-0.04668934854921222,-0.5426593955835239,-0.9658423361731479,-0.0066477813834138,0.0159425014092557,-0.0434142752023546,-0.0186456949364455
2014-04-22,1280.5999755859375,77106,0.8269230769230769,0.5673076923076923,0.3782051282051282,0.24380165289256198,0.33752860411899316,0.9024705603246748,0.07215600506550318,-0.45470670890513387,-0.8948181828567335,-0.014923095703125,-0.0214716716087407,-0.0234863872614967,-0.0464631603976638
2014-04-29,1296.0,77407,0.8269230769230769,0.5769230769230769,0.38461538461538464,0.24691358024691357,0.33981693363844395,0.8893930126496924,0.08721481065977571,-0.43876743216617026,-0.8865945548312697,0.0120256322877221,-0.003076923076923,0.0128165244818427,-0.0312453635090989
2014-05-06,1308.300048828125,90639,0.8846153846153846,0.7115384615384616,0.47435897435897434,0.30327868852459017,0.41533180778032036,1.3519929160368973,0.45273878288644,-0.1719883326647161,-0.6672171245338093,0.009490778416763,0.0216305433158494,-0.0003055722156877,-0.0283698114904381
2014-05-13,1294.5999755859375,82454,0.8461538461538461,0.6634615384615384,0.4423076923076923,0.2816326530612245,0.38100686498855835,1.0035972797282133,0.23203688283042867,-0.32216062412922053,-0.7991040400889494,-0.0104716599639806,-0.0010802657515914,-0.0041538649338942,-0.0473878031008554
2014-05-20,1294.5,81153,0.8076923076923077,0.6346153846153846,0.42948717948717946,0.27235772357723576,0.36498855835240274,0.9206022819350949,0.1963349106313859,-0.3384140254030013,-0.8177389079504096,-7.722507942442558e-05,-0.0105480763686327,0.0108543063244261,-0.012887009378861
2014-05-27,1265.4000244140625,57569,0.5576923076923077,0.3942307692307692,0.26282051282051283,0.1659919028340081,0.2562929061784897,0.040401447355904015,-0.44087544686180796,-0.7966736071104122,-1.201204842854396,-0.0224797030405079,-0.0225551921230796,-0.0236110922730998,-0.0110971799334184
2014-06-03,1244.300048828125,38182,0.28846153846153844,0.15384615384615385,0.10256410256410256,0.06451612903225806,0.16018306636155608,-0.6634100912754652,-0.9585070406880513,-1.1745685079146067,-1.5125146659661008,-0.0166745496908835,-0.0387794138060061,-0.0489184419562823,-0.0492090660552735
2014-06-10,1259.800048828125,38054,0.28846153846153844,0.15384615384615385,0.10256410256410256,0.0642570281124498,0.15903890160183065,-0.6546602626996508,-0.9455040944067622,-1.1667531287360604,-1.5046611485783348,0.0124568025329563,-0.0044254587307523,-0.026880833781927,-0.0309230393629807
2014-06-17,1271.699951171875,53559,0.5,0.36538461538461536,0.24358974358974358,0.152,0.2311212814645309,-0.08761335180592403,-0.5149376388096454,-0.8403657293395844,-1.2424737199643645,0.0094458659172298,0.02202033373667,-0.0176130157034569,-0.0069498864467729
2014-06-24,1320.9000244140625,99930,0.9230769230769231,0.7980769230769231,0.5769230769230769,0.35856573705179284,0.4759725400457666,1.560492038204218,0.7349030303313245,0.12341425001552596,-0.48213034829160767,0.0386884289779594,0.0484997406078633,0.0438596482765984,0.019212981800974
2014-07-01,1326.4000244140625,125954,1.0,0.9038461538461539,0.7628205128205128,0.47619047619047616,0.6018306636155606,2.4091957381956104,1.4213353004464737,0.6744376797787786,-0.05711376046041944,0.0041638276162798,0.0430133485432482,0.0659808505699721,0.0138347282048563
2014-07-08,1316.0,133776,1.0,0.9038461538461539,0.7948717948717948,0.4980237154150198,0.6327231121281465,2.5193392269186443,1.6097089876919348,0.8471202233214565,0.07064493500389554,-0.007840790276415,-0.0037096103592215,0.044610215108463,0.0165302215492293
2014-07-15,1296.9000244140625,122087,0.9615384615384616,0.8653846153846154,0.7371794871794872,0.452755905511811,0.5812356979405034,1.963602292185981,1.2712468110029984,0.6200070178452198,-0.12062128315431854,-0.0145136592598309,-0.0222406509778463,0.019816052693063,0.0018540165423426
2014-07-22,1306.0999755859375,125726,0.9615384615384616,0.8846153846153846,0.7692307692307693,0.4745098039215686,0.6006864988558352,1.9690273162688798,1.345967980539707,0.7228217851496223,-0.06076495648294409,0.0070938013714909,-0.0075228149043028,-0.0112045185514249,0.0321637034823996
2014-07-29,1298.300048828125,108630,0.9038461538461539,0.7980769230769231,0.6474358974358975,0.39453125,0.5274599542334096,1.339135238664364,0.8789373020723684,0.37346173660844656,-0.34127557368766165,-0.0059719216779813,0.0010795160673198,-0.0211851440506046,0.043397892695461
2014-08-05,1284.0,90679,0.7692307692307693,0.6730769230769231,0.5192307692307693,0.3151750972762646,0.41762013729977115,0.7478151422647045,0.40853106805105843,-0.0056365049424961945,-0.6357103162406386,-0.0110144406456985,-0.016920584946817,-0.0243161094224924,0.0192093588140325
2014-08-12,1308.800048828125,116427,0.9038461538461539,0.8173076923076923,0.7051282051282052,0.4263565891472868,0.562929061784897,1.49293196417859,1.0629930265719023,0.6046095966270871,-0.21010783137204028,0.019314679772683,0.0080874987330374,0.0091757453851841,0.029173625132298
2014-08-19,1295.0999755859375,103205,0.8269230769230769,0.75,0.5961538461538461,0.3590733590733591,0.4931350114416476,1.0358335333405837,0.7081814753337282,0.3175168247973096,-0.4277567225181809,-0.0104676594827867,0.0086448407990167,-0.0084220199108917,-0.0195321737839846
2014-08-26,1283.800048828125,81182,0.6346153846153846,0.6057692307692307,0.46153846153846156,0.27692307692307694,0.36613272311212813,0.3482305838212372,0.14355900652012551,-0.1921928646935999,-0.790587227705185,-0.0087251385768114,-0.019101466280036,-0.0111684506313375,-0.0321169894464952
2014-09-02,1263.699951171875,62918,0.40384615384615385,0.4423076923076923,0.30128205128205127,0.18076923076923077,0.2826086956521739,-0.1965164208854921,-0.3149451533764937,-0.626027266182011,-1.0868703221235356,-0.0156567198097536,-0.0242452513365667,-0.0158100068754867,-0.0397416784408244
2014-09-09,1246.800048828125,60207,0.38461538461538464,0.4326923076923077,0.2948717948717949,0.17692307692307693,0.2700228832951945,-0.26931626232457295,-0.3720666018401657,-0.685185421757395,-1.12321370208696,-0.0133733504761776,-0.028820687484608,-0.0473716363744894,-0.0386305610631572
2014-09-16,1235.199951171875,40295,0.23076923076923078,0.19230769230769232,0.1282051282051282,0.07692307692307693,0.16933638443935928,-0.8530265628944382,-0.8763831606890654,-1.1796134703601227,-1.443343362471505,-0.0093038957346472,-0.0225528219523716,-0.0462512744523542,-0.0542837652089042
2014-09-23,1221.0,30130,0.15384615384615385,0.09615384615384616,0.0641025641025641,0.038461538461538464,0.12700228832951946,-1.1381639956677903,-1.1300356749471794,-1.4245239967380114,-1.599194082480185,-0.0114960749135417,-0.0206930123658357,-0.048917313007933,-0.0595394330439237
2014-09-30,1210.5,30923,0.19230769230769232,0.125,0.08333333333333333,0.05,0.13386727688787187,-1.082600828924271,-1.0975964885494276,-1.3842533194743518,-1.5717687841145096,-0.0085995085995086,-0.0199967229179707,-0.0420985623387424,-0.0572429906542055
2014-10-07,1211.699951171875,29863,0.15384615384615385,0.09615384615384616,0.0641025641025641,0.038461538461538464,0.12585812356979406,-1.0845174473138424,-1.1192408512095253,-1.3915800620925372,-1.5761519592998923,0.000991285561235,-0.0076167476069819,-0.0281521465203989,-0.0741901696467627
2014-10-14,1233.5999755859375,42196,0.3076923076923077,0.25,0.16666666666666666,0.1,0.18192219679633867,-0.7006936621659607,-0.7651668293913606,-1.062418663285067,-1.3619210471392682,0.0180738015156989,0.019083003375413,-0.0012953170734985,-0.0474866814603835
2014-10-21,1251.0,62488,0.46153846153846156,0.5,0.33974358974358976,0.20384615384615384,0.2803203661327231,-0.1199352967870174,-0.16072888286808043,-0.5399739027549756,-1.018644138033072,0.0141050784358176,0.0324338123395289,0.0245700245700246,-0.0255491880204128
2014-10-28,1229.199951171875,60067,0.4423076923076923,0.4807692307692308,0.3269230769230769,0.19615384615384615,0.26887871853546913,-0.18601364360473063,-0.21361275258911333,-0.5920395726388893,-1.0511662275758766,-0.0174260981839528,-0.00356681622985,0.0154481215794093,-0.0273007844686603
2014-11-04,1167.4000244140625,38805,0.28846153846153844,0.20192307692307693,0.1346153846153846,0.08076923076923077,0.16132723112128147,-0.7733829506813142,-0.8496695823287075,-1.1193917087436407,-1.3956218982368453,-0.0502765450803139,-0.0668265192533473,-0.0365601456985853,-0.0636830456404706
2014-11-11,1162.800048828125,30615,0.21153846153846154,0.1346153846153846,0.08974358974358974,0.05384615384615385,0.13157894736842105,-0.9795344206265869,-1.0872899521778778,-1.3144121247500755,-1.521062482084235,-0.0039403593367631,-0.0540187967632497,-0.0573929378720876,-0.0586139128932622
2014-11-18,1196.699951171875,48400,0.40384615384615385,0.34615384615384615,0.23076923076923078,0.13846153846153847,0.20594965675057209,-0.46669076605533,-0.5137473202181558,-0.847587785819895,-1.214973063205566,0.0291536815619455,0.0250984462438388,-0.0434053148106514,-0.0199017598919942
2014-11-25,1197.0999755859375,54450,0.4423076923076923,0.46153846153846156,0.3076923076923077,0.18461538461538463,0.2391304347826087,-0.3062387858148488,-0.30494980612633366,-0.6819117535731501,-1.1065306053752313,0.000334272942579,0.0294976997914475,-0.0261145272218198,-0.0110698260339219
2014-12-02,1199.199951171875,68634,0.5384615384615384,0.6153846153846154,0.4230769230769231,0.25384615384615383,0.30320366132723114,0.07363880457195039,0.18786897965865187,-0.30746913311896235,-0.8629389585181348,0.0017542190533499,0.0020890783838938,0.0272399572492501,-0.0103160852551911
2014-12-09,1231.5,90663,0.7115384615384616,0.7980769230769231,0.6153846153846154,0.36923076923076925,0.41647597254004576,0.6912768513839193,0.9563713155289405,0.27171544441700823,-0.4887163804234497,0.0269346648960091,0.028736133251715,0.0590814828749888,-0.0017023148731338
2014-12-16,1193.9000244140625,91825,0.75,0.8365384615384616,0.6474358974358975,0.38846153846153847,0.4267734553775744,0.6962430266967031,1.0196363141050975,0.30922845590848763,-0.46352723518674777,-0.0305318518765225,-0.0044195521794621,-0.0023397065864928,-0.045643465696193
2014-12-23,1177.9000244140625,82197,0.6346153846153846,0.7596153846153846,0.5705128205128205,0.3423076923076923,0.37643020594965676,0.37069059218075445,0.6979970750578809,0.06243436117298346,-0.6197479788602148,-0.0134014571344467,-0.0435241377068108,-0.0160387198759045,-0.0417344035109218
2014-12-30,1200.199951171875,87050,0.6538461538461539,0.7788461538461539,0.5833333333333334,0.35,0.39473684210526316,0.4938055309586565,0.8769944692580003,0.19304445137595486,-0.5321733220171614,0.0189319350501799,0.0052767623996861,0.00083388929346,0.0280965616514146
2015-01-06,1219.300048828125,94196,0.75,0.8653846153846154,0.6730769230769231,0.40384615384615385,0.4405034324942792,0.697602105975704,1.1340015505850536,0.38276364584161693,-0.40597283284391905,0.0159140963450303,0.0351473160335968,-0.009906578296285,0.048589609242742
2015-01-13,1234.300048828125,101941,0.8076923076923077,0.9038461538461539,0.7243589743589743,0.4346153846153846,0.4874141876430206,0.9261695877210566,1.399827575398222,0.5870806069843274,-0.26958522201085616,0.0123021400798077,0.0284120138673182,0.0338386997134787,0.0314198204983879
2015-01-20,1294.199951171875,129341,0.9807692307692307,0.9903846153846154,0.8846153846153846,0.5769230769230769,0.61441647597254,1.8219254272185015,2.343794394653072,1.3050891578836628,0.20089070454585992,0.0485294498696815,0.0614286060397821,0.0987349727033626,0.0811126702583135
2015-01-27,1291.699951171875,153237,1.0,1.0,0.9551282051282052,0.6807692307692308,0.7219679633867276,2.54906223352394,3.1064941409501388,1.9233404736961233,0.6107327104555295,-0.0019316953286362,0.0465040104294307,0.0762372968859559,0.0771347596450513
2015-02-03,1259.699951171875,148326,0.9807692307692307,0.9903846153846154,0.9358974358974359,0.6538461538461539,0.6922196796338673,2.205151381878911,2.7896440479521596,1.7886492325943373,0.5295709486521144,-0.0247735551673347,-0.0266573955351805,0.0331336838562243,0.0228988641265732
2015-02-10,1231.5999755859375,119537,0.8461538461538461,0.9230769230769231,0.8269230769230769,0.5230769230769231,0.5732265446224256,1.1798502304670346,1.7630753178622345,1.0433876437632514,0.03939563729926122,-0.0223068799516874,-0.0465278143979278,-0.0021875339345169,0.0315771424750386
2015-02-17,1208.0999755859375,95692,0.6538461538461539,0.8269230769230769,0.6794871794871795,0.4076923076923077,0.4496567505720824,0.39703299222017646,0.979306269672676,0.42965679063937356,-0.36477261739132666,-0.0190808707907125,-0.0409621160482979,-0.0665275682540209,0.0256388068137596
2015-02-24,1196.9000244140625,89487,0.5192307692307693,0.7596153846153846,0.6153846153846154,0.36923076923076925,0.40389016018306634,0.1892430470654094,0.7685244347987696,0.2815737634432863,-0.4665519202275969,-0.0092707155022024,-0.02817469296828,-0.0733916004810611,-0.0027494808299154
2015-03-03,1204.0,72959,0.34615384615384615,0.6346153846153846,0.46794871794871795,0.28076923076923077,0.32379862700228834,-0.31840760368782767,0.24329889473236388,-0.1469650067416686,-0.7441983488903057,0.0059319704579448,-0.0033937386547409,-0.0442168399864256,-0.0125482229274327
2015-03-10,1160.0999755859375,48673,0.19230769230769232,0.3557692307692308,0.25,0.15,0.20938215102974828,-1.0561004475672895,-0.5201444497202203,-0.8043042260713373,-1.1537914732942383,-0.0364618142973941,-0.0307461342447046,-0.0580545643206785,-0.0601151019256904
2015-03-17,1148.300048828125,19224,0.0,0.057692307692307696,0.038461538461538464,0.023076923076923078,0.09954233409610984,-1.9259805043178904,-1.4375026434360378,-1.608425745457653,-1.648342174682571,-0.0101714740161533,-0.0462624179168397,-0.0494991540156344,-0.1127336639223639
2015-03-24,1191.699951171875,11435,0.0,0.019230769230769232,0.01282051282051282,0.007692307692307693,0.07780320366132723,-2.065252651954339,-1.6497557136514691,-1.7981790661579178,-1.7649580964582137,0.037794914654964,0.027239010646455,-0.0043446178762784,-0.0774173598979209
2015-03-31,1183.0999755859375,36056,0.11538461538461539,0.19230769230769232,0.1282051282051282,0.07692307692307693,0.14645308924485126,-1.2236896828713761,-0.8675496410922326,-1.0954323261164185,-1.3297413929529867,-0.0072165611633033,0.0303056041783913,-0.0173588242641714,-0.0608081118957558
2015-04-07,1210.5999755859375,55675,0.3076923076923077,0.49038461538461536,0.358974358974359,0.2153846153846154,0.2459954233409611,-0.6096667580028385,-0.2682055097549027,-0.5442187237673933,-0.9871368091831545,0.0232440204272512,0.0158597173688535,0.0435307310255683,-0.0170509909193601
2015-04-14,1192.800048828125,48049,0.23076923076923078,0.33653846153846156,0.25,0.15,0.2036613272311213,-0.8133492843180721,-0.5016087265257487,-0.7453034653290184,-1.109072789091485,-0.0147033926290947,0.0081988618395358,0.0387529374795494,-0.0126644541569433
2015-04-21,1202.9000244140625,48125,0.25,0.34615384615384615,0.2564102564102564,0.15384615384615385,0.2048054919908467,-0.7923378404692738,-0.49272639357364095,-0.7333459457614746,-1.0996046561329214,0.0084674506811601,-0.0063604421998672,0.0093984003533555,0.0050129500188933
2015-04-28,1214.0,50583,0.3076923076923077,0.3942307692307692,0.2948717948717949,0.17692307692307693,0.21739130434782608,-0.7016645459497388,-0.4165224068230558,-0.6563917669221007,-1.0502451150167318,0.0092276792423746,0.0177732648424209,0.0261178472248375,0.0083056478405316
2015-05-05,1193.199951171875,22857,0.038461538461538464,0.08653846153846154,0.057692307692307696,0.03461538461538462,0.10526315789473684,-1.47044557629007,-1.2566024356605623,-1.4091852169021302,-1.5160007799064763,-0.017133483383958,-0.0080639064305551,-0.0143730586196656,0.0285320026571154
2015-05-12,1192.5999755859375,27719,0.057692307692307696,0.11538461538461539,0.07692307692307693,0.046153846153846156,0.11899313501144165,-1.2721994461213553,-1.094622463933418,-1.2565117392913872,-1.423053320947686,-0.0005028290399679,-0.0176276972109246,-0.0001677340995953,0.0385787031908793
2015-05-19,1206.9000244140625,78617,0.5576923076923077,0.6826923076923077,0.5961538461538461,0.3576923076923077,0.3512585812356979,0.17274645474452732,0.4402159532927987,0.14314531758792237,-0.5421774244233506,0.0119906499420303,0.0114817916550635,0.0033252971309467,0.0127549499580328
2015-05-26,1187.199951171875,66244,0.5192307692307693,0.5673076923076923,0.46794871794871795,0.28076923076923077,0.2917620137299771,-0.16571438160991722,0.0566940436792585,-0.194062137961764,-0.7493191219579307,-0.0163228708622751,-0.0045279427508032,-0.0220758227579283,0.003465451500755
2015-06-02,1194.0999755859375,61747,0.46153846153846156,0.5192307692307693,0.4358974358974359,0.26153846153846155,0.2768878718535469,-0.2942108063451014,-0.08431896205023513,-0.315233440889187,-0.8209991047716703,0.0058120154126115,-0.0106057242266933,0.0007542947124483,-0.0136296054293358
2015-06-09,1177.300048828125,37639,0.17307692307692307,0.22115384615384615,0.15384615384615385,0.09230769230769231,0.15675057208237986,-0.9775292914200323,-0.813610820417804,-0.9663738819557807,-1.2336950972323975,-0.0140691123869832,-0.0083388668724067,-0.0128290517114051,-0.012994633941563
2015-06-16,1180.5,34998,0.15384615384615385,0.21153846153846154,0.14102564102564102,0.08461538461538462,0.14416475972540047,-1.050299191368226,-0.8856224616756887,-1.0269300340001284,-1.272149507467222,0.002718042163559,-0.0113893106640958,-0.0218742430027536,-0.0186216842293054
2015-06-23,1176.199951171875,39916,0.23076923076923078,0.27884615384615385,0.20512820512820512,0.12307692307692308,0.16819221967963388,-0.8969808884074647,-0.7357750244651484,-0.8812848706009501,-1.1790253394877515,-0.0036425657163278,-0.0009344241999692,-0.00926549903337,-0.031136778276874
2015-06-30,1171.5,15623,0.019230769230769232,0.038461538461538464,0.02564102564102564,0.015384615384615385,0.08466819221967964,-1.530557861936682,-1.4718665685517345,-1.5286625571965817,-1.5991445969421907,-0.0039958777138124,-0.0076238881829733,-0.0189263680160849,-0.018186349362957
2015-07-07,1152.4000244140625,2099,0.0,0.0,0.0,0.0,0.06750572082379863,-1.8449834758661299,-1.873052347203311,-1.8685761942882926,-1.822858984818332,-0.0163038630695155,-0.0202345925402395,-0.0211501090472626,-0.0337078249159986
2015-07-14,1153.300048828125,-1123,0.0,0.0,0.0,0.0,0.06064073226544622,-1.8637409024479497,-1.9445845310849146,-1.9205917137122557,-1.8617351884731965,0.0007809999956569,-0.0155355963908451,-0.0230410429240788,-0.0444112805548742
2015-07-21,1103.4000244140625,-13556,0.0,0.0,0.0,0.0,0.04805491990846682,-2.120721191626846,-2.265934532243803,-2.2112310117191583,-2.0578307872786614,-0.043267165786359,-0.0425199574469933,-0.0618941759734645,-0.0705861945791812
2015-07-28,1096.300048828125,-14633,0.0,0.0,0.0,0.0,0.04576659038901602,-2.048598348288795,-2.224363613709198,-2.193560294144583,-2.0516175335087143,-0.0064346342476363,-0.0494233916472283,-0.0641911661731754,-0.0819026285548851
2015-08-04,1090.699951171875,-11287,0.038461538461538464,0.019230769230769232,0.01282051282051282,0.007692307692307693,0.04919908466819222,-1.8521053473587799,-2.062739930284899,-2.060248645822952,-1.969689167536124,-0.0051081797015662,-0.0115099446811518,-0.0535404997700853,-0.0735582214087657
2015-08-11,1107.5999755859375,-5430,0.057692307692307696,0.028846153846153848,0.019230769230769232,0.011538461538461539,0.057208237986270026,-1.6063227517905097,-1.8542415404166408,-1.8725433781065641,-1.847400560593079,0.0154946595494982,0.0103073303425385,-0.0396254845290465,-0.0617535149632041
2015-08-18,1117.0999755859375,7917,0.11538461538461539,0.057692307692307696,0.038461538461538464,0.023076923076923078,0.06864988558352403,-1.2035573942318742,-1.4552411955933586,-1.508666408336907,-1.6020636602513847,0.0085771038365853,0.0242046626899521,0.0124161236802129,-0.050246538037223
2015-08-25,1138.199951171875,40614,0.4230769230769231,0.3269230769230769,0.2692307692307692,0.16153846153846155,0.17276887871853547,-0.32150756399419006,-0.5540977874190011,-0.6785311915354818,-1.0333725638164182,0.0188881711996011,0.0276272808418487,0.0382193746944901,-0.028425137710734
2015-09-01,1138.699951171875,40597,0.4230769230769231,0.3269230769230769,0.2692307692307692,0.16153846153846155,0.17162471395881007,-0.3032518915013319,-0.5462362444993896,-0.6691930248753637,-1.0272657644325824,0.0004392901260321,0.01933575871274,0.0440084369201883,-0.0118882965567042
2015-09-08,1120.4000244140625,26825,0.21153846153846154,0.17307692307692307,0.1282051282051282,0.07692307692307693,0.11784897025171624,-0.6463088623622321,-0.9055831962894859,-1.0018864457232033,-1.257683939118677,-0.0160708944783737,-0.0156386641376025,0.0115565629381253,-0.0285268559968348
2015-09-15,1102.800048828125,8807,0.1346153846153846,0.0673076923076923,0.04487179487179487,0.026923076923076925,0.06979405034324943,-1.0892912139660216,-1.3728508091361702,-1.4424390726199905,-1.5624150711584062,-0.0157086533402583,-0.0315270957084033,-0.0128009373111944,-0.0005437516518599
2015-09-22,1125.0,20829,0.21153846153846154,0.16346153846153846,0.10897435897435898,0.06538461538461539,0.10183066361556065,-0.75763913693293,-1.0312575060017612,-1.1260609194118354,-1.3451591036628003,0.0201305315460091,0.0041056546641393,-0.0115972164278205,0.0261789199066015
2015-09-29,1127.0999755859375,40564,0.4423076923076923,0.3557692307692308,0.28846153846153844,0.17307692307692307,0.17048054919908467,-0.25201350360992103,-0.496172472160726,-0.6150626889527208,-0.9955984097907263,0.0018666449652777,0.0220347530666455,-0.0101870344106009,0.0333730870483246
2015-10-06,1146.800048828125,45838,0.5,0.40384615384615385,0.3525641025641026,0.21153846153846154,0.1945080091533181,-0.1236013660247246,-0.35179812519566733,-0.46941089373891576,-0.8978620396403153,0.0174785499679797,0.0193778211805555,0.0235630344866057,0.0353919051157887
2015-10-13,1165.800048828125,77213,0.75,0.6538461538461539,0.6666666666666666,0.41923076923076924,0.33867276887871856,0.6649182423848067,0.47882147809865466,0.37747368814914983,-0.3383593819071477,0.016567840243306,0.0343359720348399,0.0571273097665765,0.0435950893443028
2015-10-20,1178.0,116344,0.9230769230769231,0.9038461538461539,0.8910256410256411,0.6423076923076924,0.5617848970251716,1.6353698396934522,1.4990263936409738,1.4661613423307205,0.3651805910184828,0.0104648744732327,0.0272060950849777,0.0471111111111111,0.0349675369315798
2015-10-27,1166.800048828125,114092,0.9038461538461539,0.8942307692307693,0.8846153846153846,0.6384615384615384,0.5549199084668193,1.5145890620904834,1.4124221790051286,1.424426309730423,0.3327154783911217,-0.0095075986178905,0.0008577800292641,0.035223204775201,0.0246773503655033
2015-11-03,1114.199951171875,67207,0.6538461538461539,0.5865384615384616,0.6025641025641025,0.36923076923076925,0.2974828375286041,0.3245821153724344,0.1873011253995369,0.13832425474158205,-0.5051050734677565,-0.0450806440307222,-0.0541596339797325,-0.028427011046575,-0.0055338032016108
2015-11-10,1088.199951171875,16869,0.19230769230769232,0.14423076923076922,0.09615384615384616,0.057692307692307696,0.09382151029748284,-0.9052358391216503,-1.1090511970280328,-1.2568424711480028,-1.4115545372031981,-0.0233351293658324,-0.0673638107362027,-0.0665638140384832,-0.013239115895728
2015-11-17,1068.699951171875,-13923,0.019230769230769232,0.009615384615384616,0.00641025641025641,0.0038461538461538464,0.04691075514874142,-1.6353019007970286,-1.8864973397399052,-2.1074936903653634,-1.9581974337694241,-0.0179195008959526,-0.0408364763902069,-0.0927844217556239,-0.0500444878472222
2015-11-24,1074.300048828125,-16664,0.0,0.0,0.0,0.0,0.041189931350114416,-1.6311517710363495,-1.9160018185163716,-2.1578772983808685,-1.9877406794821049,0.005240102846556,-0.0127732980770502,-0.0792766507791136,-0.0468458237081974
2015-12-01,1063.800048828125,-20566,0.0,0.0,0.0,0.0,0.034324942791762014,-1.6490145539739118,-1.983076209088618,-2.252683640526353,-2.038083171935517,-0.0097738057551552,-0.0045849186559586,-0.0452341631237205,-0.072375302115495
2015-12-08,1076.300048828125,-17422,0.019230769230769232,0.009615384615384616,0.00641025641025641,0.0038461538461538464,0.04004576659038902,-1.5016544195638002,-1.8751115301445465,-2.1240021502374447,-1.961416064927689,0.0117503284698754,0.0018616772866961,-0.0109354005492603,-0.0767713126191462
2015-12-15,1062.9000244140625,-27219,0.0,0.0,0.0,0.0,0.028604118993135013,-1.653079200275274,-2.085101470828145,-2.3631965117950653,-2.116460441238546,-0.0124500825105903,-0.0008460465996913,-0.0054270862008112,-0.0977079589014749
2015-12-22,1074.800048828125,-20062,0.038461538461538464,0.019230769230769232,0.01282051282051282,0.007692307692307693,0.03546910755148741,-1.421794976573016,-1.8721817395355826,-2.1153976018414844,-1.9644307628421356,0.0111958078283256,-0.0013936634135,0.0004654193216739,-0.0788481283424697
2015-12-29,1077.5,-27201,0.019230769230769232,0.009615384615384616,0.00641025641025641,0.0038461538461538464,0.029748283752860413,-1.515110390097033,-2.0148389934210194,-2.269378296410826,-2.0707093909741556,0.0025120497294532,0.0137359819838049,0.0128783141032629,-0.0329383887813631
2016-01-05,1078.4000244140625,-15927,0.11538461538461539,0.057692307692307696,0.038461538461538464,0.023076923076923078,0.043478260869565216,-1.2107853168322866,-1.7102961748361056,-1.9158977750286983,-1.8485015438744112,0.0008352894794083,0.0033494374975724,0.0019511060955761,-0.0090056305803534
2016-01-12,1085.5999755859375,92,0.25,0.125,0.08333333333333333,0.05,0.06521739130434782,-0.8258324810339902,-1.3110461152674346,-1.4518250133456094,-1.548293321905468,0.0066765124340451,0.0075173787340487,0.02135661929671,0.0158136288820176
2016-01-19,1089.9000244140625,439,0.2692307692307692,0.1346153846153846,0.08974358974358974,0.05384615384615385,0.06636155606407322,-0.7861493405955339,-1.2887277334012175,-1.4218790888601995,-1.5280578838159358,0.0039609883242712,0.0106639463461144,0.0140491020654505,0.0145210601106779
2016-01-26,1121.699951171875,16803,0.38461538461538464,0.19230769230769232,0.16025641025641027,0.09615384615384616,0.09267734553775744,-0.39634181980526606,-0.8995329897232992,-0.9667416781190962,-1.2295494156135538,0.0291769208601571,0.0332534786272937,0.0410208363544084,0.0544274296730218
2016-02-02,1127.300048828125,29036,0.5192307692307693,0.25961538461538464,0.23717948717948717,0.1423076923076923,0.12242562929061784,-0.07217499066480455,-0.610521223032643,-0.6296868116102718,-1.007387758881477,0.0049925094945393,0.0343150964091123,0.0453449771021952,0.0473845560589993
2016-02-09,1198.699951171875,60636,0.7884615384615384,0.5480769230769231,0.6217948717948718,0.3769230769230769,0.2711670480549199,0.7997311426743541,0.11328507336295345,0.21894355047101524,-0.45107263827950334,0.0633370879545096,0.0686458084620185,0.104181999013857,0.1277635936010763
2016-02-16,1207.9000244140625,81013,0.9230769230769231,0.6730769230769231,0.7756410256410257,0.5115384615384615,0.36270022883295194,1.4260192168506025,0.5755104180570096,0.7620916727583494,-0.0912722795433895,0.0076750426436518,0.071498245449137,0.1082668110439188,0.1238369645880264
2016-02-23,1222.300048828125,109097,0.9615384615384616,0.8846153846153846,0.9230769230769231,0.6807692307692308,0.5308924485125858,2.2269612317909093,1.2110382361247918,1.5002017304567652,0.4048592406716131,0.0119215366528764,0.0196880775987169,0.0896853900645622,0.1343851961281903
2016-03-01,1230.300048828125,104370,0.9423076923076923,0.8461538461538461,0.8974358974358975,0.65,0.5022883295194508,2.0443075610674097,1.0973898188447382,1.3550188297011694,0.32959856398535703,0.0065450377815741,0.0185446013422581,0.0913687532499203,0.1408568443760893
2016-03-08,1262.0999755859375,127427,1.0,0.9615384615384616,0.9743589743589743,0.7884615384615384,0.6109839816933639,2.5827681365966635,1.6184288549851567,1.9415762933731104,0.7450882290831125,0.0258472937460274,0.0325615030417207,0.0528906540390539,0.1625829071198501
2016-03-15,1230.4000244140625,129777,1.0,0.9711538461538461,0.9807692307692307,0.7961538461538461,0.6178489702517163,2.456788041869433,1.6563488305076395,1.9660136139731037,0.7930836867040041,-0.0251168305087384,8.126114116047134e-05,0.0186273694388858,0.1289109063700899
2016-03-22,1248.199951171875,144899,1.0,0.9807692307692307,0.9871794871794872,0.8461538461538461,0.6796338672768879,2.6336294032321033,1.9890949784576735,2.3191249537214986,1.0693341398131877,0.0144667802378248,-0.0110134099381543,0.0211894799223655,0.1127752567590303
2016-03-29,1235.5999755859375,154205,1.0,1.0,1.0,0.8807692307692307,0.7265446224256293,2.6299027826576435,2.1621814250105666,2.500103801668585,1.2443541424729174,-0.0100945169675003,0.0042262281117486,0.0043078326810281,0.0960701872322233
2016-04-05,1228.4000244140625,152758,0.9807692307692307,0.9807692307692307,0.9871794871794872,0.8769230769230769,0.7185354691075515,2.3932605106477385,2.0761859126762774,2.398949278988476,1.2297367061946831,-0.0058270891179491,-0.015862784435477,-0.0267014910258829,0.0247769036889942
2016-04-12,1259.4000244140625,170634,1.0,1.0,1.0,0.9192307692307692,0.7814645308924485,2.5902336781313795,2.4036484862517296,2.773631957132297,1.5643432874507883,0.0252360789513879,0.0192619369524014,0.0235695704035849,0.0426359789378942
2016-04-19,1253.0,174107,1.0,1.0,1.0,0.926923076923077,0.7894736842105263,2.4587499946349465,2.3931391255825134,2.775107537190277,1.6393396195436787,-0.0050818042639312,0.0200260298738363,0.0038455768433722,0.0251165425390504
2016-04-26,1242.199951171875,172050,0.9807692307692307,0.9903846153846154,0.9935897435897436,0.9230769230769231,0.7848970251716247,2.2482989867298246,2.2707159471516203,2.643631690264708,1.6099253195234215,-0.008619352616221,-0.0136573550172748,0.0053415148238471,0.0096723578569999
2016-05-03,1290.699951171875,218895,1.0,1.0,1.0,0.9961538461538462,0.954233409610984,2.895231046391503,3.1253129370099986,3.6286952682999996,2.475245593141942,0.0390436338000543,0.0300877503366918,0.0507163183976075,0.022660626051165
2016-05-10,1263.9000244140625,211191,0.9807692307692307,0.9903846153846154,0.9935897435897436,0.9884615384615385,0.9290617848970252,2.51209721197276,2.823255427026808,3.294147232477602,2.318005600978698,-0.020763870590899,0.0174690662495324,0.0035731299926673,0.0272269175351758
2016-05-17,1276.199951171875,212441,0.9807692307692307,0.9903846153846154,0.9935897435897436,0.9884615384615385,0.9324942791762014,2.341996380887917,2.7227368067534243,3.1903908611265264,2.32611114045592,0.0097317244404,-0.0112342144174057,0.0185155236806664,0.0224323033931479
2016-05-24,1228.9000244140625,156461,0.8846153846153846,0.9423076923076923,0.9615384615384616,0.8923076923076924,0.7345537757437071,1.4050442623285317,1.622205670557982,1.929671941130306,1.301062659829325,-0.0370631002723195,-0.0276920637106766,-0.0107067519566922,-0.005422427407137
2016-05-31,1214.800048828125,148611,0.8269230769230769,0.9038461538461539,0.9358974358974359,0.8615384615384616,0.6956521739130435,1.2467782214706733,1.448914987023845,1.735313000644029,1.1653965295014161,-0.0114736555503449,-0.048111506576512,-0.0588052260130927,-0.0110712921814085
2016-06-07,1244.4000244140625,177366,0.9423076923076923,0.9711538461538461,0.9807692307692307,0.9461538461538461,0.8089244851258581,1.5974246290619605,1.9142556708540286,2.280855464510551,1.698799292725785,0.0243661297301489,0.0126129056001853,-0.0154284354959484,-0.0119104333088915
2016-06-14,1285.5999755859375,229240,1.0,1.0,1.0,1.0,0.971395881006865,2.2160166341645233,2.742224713759062,3.2473531335282853,2.648118980033589,0.0331082854094884,0.0582811359170678,0.007365636086595,0.0260175383766461
2016-06-21,1270.5,250408,1.0,1.0,1.0,1.0,0.9897025171624714,2.3436499229366583,2.968694093011941,3.524787636057778,3.020783138087448,-0.0117454697205134,0.0209739433251996,0.0338513912926092,0.0227822008859581
2016-06-28,1315.300048828125,261050,1.0,1.0,1.0,1.0,0.9977116704805492,2.3118290935676264,2.998260544393428,3.5663091137653917,3.167753044541343,0.0352617464211924,0.0231021109257965,0.0827296641097017,0.0190595015006505
2016-07-05,1356.4000244140625,273076,1.0,1.0,1.0,1.0,1.0,2.2963706466646556,3.048524196955717,3.6220319119848345,3.326467183727639,0.0312476043945681,0.0676111959181917,0.0900032126347283,0.0731861683782169
2016-07-12,1334.0999755859375,259129,0.9615384615384616,0.9807692307692307,0.9871794871794872,0.9923076923076923,0.9965675057208238,1.9905928483684465,2.7084596498485105,3.2211872590071127,3.034331178556652,-0.0164406137029953,0.0142932608985777,0.0377255763231445,0.045369085276093
2016-07-19,1331.5,252397,0.9423076923076923,0.9711538461538461,0.9807692307692307,0.9884615384615385,0.9908466819221968,1.807851605601059,2.509476253194931,2.9875859198262753,2.8889924681531096,-0.001948861129988,-0.0183574343599844,0.0480125934671389,0.0834892778481772
2016-07-26,1320.699951171875,247421,0.9038461538461539,0.9519230769230769,0.967948717948718,0.9807692307692307,0.988558352402746,1.6668640314946004,2.3569935642920314,2.8063162748179877,2.7819903638901637,-0.0081111895066654,-0.0100442430547059,0.004105452857362,0.0871747597029717
2016-08-02,1364.4000244140625,254729,0.9423076923076923,0.9711538461538461,0.9807692307692307,0.9884615384615385,0.994279176201373,1.6685788473625895,2.3785349070190653,2.8337642892399257,2.8969478657617462,0.0330885703474221,0.0247089931761641,0.0058979650958468,0.0964320135372089
2016-08-09,1339.0,245252,0.8653846153846154,0.9326923076923077,0.9551282051282052,0.9730769230769231,0.9874141876430206,1.4954769895845237,2.1721459837232158,2.6005951217222796,2.7040013237895533,-0.0186162591318996,0.0138563258156305,0.0036729064565872,0.0415370452925876
2016-08-16,1350.5,242727,0.8461538461538461,0.9230769230769231,0.9487179487179487,0.9692307692307692,0.9851258581235698,1.4070996771032231,2.078509578158105,2.490993197540209,2.640108806864722,0.008588498879761,-0.0101876459728383,0.0142696207285017,0.0629673356946083
2016-08-23,1340.5999755859375,253684,0.9230769230769231,0.9615384615384616,0.9743589743589743,0.9846153846153847,0.9931350114416476,1.4608525405996007,2.1579502759999007,2.5869450056141012,2.80112000870932,-0.0073306363673176,0.0011949033502147,0.015067786135984,0.0192350990789924
2016-08-30,1311.699951171875,231594,0.8076923076923077,0.9038461538461539,0.9358974358974359,0.9615384615384616,0.977116704805492,1.1767564511828708,1.8197970055521622,2.1986887724017223,2.403153183431175,-0.021557530165873,-0.0287301361185672,-0.0386250896358781,-0.0329549339705276
2016-09-06,1349.4000244140625,269535,0.9807692307692307,0.9903846153846154,0.9935897435897436,0.9961538461538462,0.9988558352402745,1.5088624537893331,2.2309734593068953,2.6886600853679683,3.01147008782337,0.0287413849550777,0.0065642615160266,0.0077670085243184,0.0114684424766631
2016-09-13,1319.0,242977,0.8076923076923077,0.9038461538461539,0.9358974358974359,0.9615384615384616,0.9862700228832952,1.1827467296314216,1.8430433155218704,2.242873886053661,2.5349286349744418,-0.0225285488839848,0.0055653343751389,-0.0233246945575712,-0.0093879083740142
2016-09-20,1313.699951171875,213147,0.7115384615384616,0.8557692307692307,0.9038461538461539,0.9423076923076923,0.9336384439359268,0.8452016265550325,1.446547599523469,1.7852843914507195,2.0238758489624504,-0.0040182326217779,-0.0264562565557157,-0.0200656608264558,-0.0053002197764819
2016-09-27,1325.9000244140625,255177,0.9230769230769231,0.9615384615384616,0.9743589743589743,0.9846153846153847,0.9954233409610984,1.226714015487253,1.9007471889223635,2.3223446386749145,2.674839060207107,0.0092868034525726,0.0052312542942096,0.0108257023486972,-0.0282175310107706
2016-10-04,1266.300048828125,200116,0.6346153846153846,0.8173076923076923,0.8782051282051282,0.926923076923077,0.8913043478260869,0.6393601242711278,1.2217178631244923,1.536191299485359,1.7642116073220728,-0.0449505803518449,-0.0360812241040789,-0.0615829065380528,-0.0542942129737676
2016-10-11,1253.0,148793,0.4807692307692308,0.7307692307692307,0.8205128205128205,0.8538461538461538,0.6979405034324943,0.10790781431206682,0.6160650341092012,0.8374574311723992,0.9455042670244009,-0.0105030785084729,-0.0549815393858811,-0.0500379075056861,-0.0721954831543872
2016-10-18,1260.800048828125,130954,0.4230769230769231,0.6923076923076923,0.7884615384615384,0.7846153846153846,0.6224256292906178,-0.08136137476708831,0.40228564514549614,0.593220228539353,0.663152803061255,0.0062250988253191,-0.0043433623848391,-0.0402678726573454,-0.0595255320088561
2016-10-25,1271.9000244140625,143910,0.4230769230769231,0.6923076923076923,0.7948717948717948,0.823076923076923,0.6762013729977117,0.04375213083887836,0.5415778776812453,0.7576069589426396,0.865558151723444,0.0088039143052498,0.0150838183671688,-0.0407270525723563,-0.030342249172347
2016-11-01,1286.4000244140625,166267,0.5384615384615384,0.7692307692307693,0.8461538461538461,0.9,0.7654462242562929,0.25899494107512405,0.7852852007368747,1.0449701343939073,1.2141971282615083,0.0114002670977853,0.0203045483776209,0.0158729959811172,-0.0466874157849196
2016-11-08,1273.4000244140625,173637,0.5769230769230769,0.7884615384615384,0.8589743589743589,0.9115384615384615,0.7871853546910755,0.3144377429954911,0.8541787698759143,1.1303802530356257,1.3265645094775202,-0.0101057212012424,0.0011793379756328,0.0162809452626198,-0.0345716266762224
2016-11-15,1224.0,134680,0.36538461538461536,0.6634615384615384,0.7756410256410257,0.7961538461538461,0.6372997711670481,-0.1036781944049839,0.39763189817047806,0.6082565017055656,0.7154380643934207,-0.0387937988589196,-0.0485074807445568,-0.0291878548563901,-0.0682803946912374
2016-11-22,1211.0,124389,0.28846153846153844,0.6153846153846154,0.7243589743589743,0.7538461538461538,0.5938215102974829,-0.24237991687432042,0.2721329368868113,0.4658984429804694,0.5551658883097682,-0.0106209150326797,-0.0490026882501238,-0.0478811410056524,-0.086658135831047
2016-11-29,1187.9000244140625,106941,0.25,0.5673076923076923,0.6602564102564102,0.6653846153846154,0.5125858123569794,-0.46411446354285646,0.06712148493311651,0.22975867754867962,0.2836283856892073,-0.0190751243484207,-0.029493444106158,-0.0765702721786447,-0.061912675820092
2016-12-06,1167.5999755859375,82318,0.21153846153846154,0.4807692307692308,0.5448717948717948,0.5346153846153846,0.37757437070938216,-0.7765808743699609,-0.21613179515667436,-0.10060891691079143,-0.09889755611677306,-0.0170890213072755,-0.0358381704492671,-0.0830846920054108,-0.0681564440654928
2016-12-13,1156.699951171875,68718,0.17307692307692307,0.4326923076923077,0.46153846153846156,0.4346153846153846,0.30549199084668194,-0.9754906104871484,-0.36933170519857295,-0.28546309244957097,-0.3088687939000161,-0.009335409936603,-0.0262648982245597,-0.0549837000229779,-0.0825666986236302
2016-12-20,1131.5,53805,0.1346153846153846,0.38461538461538464,0.3782051282051282,0.3384615384615385,0.2345537757437071,-1.2050256875712169,-0.5355150489677619,-0.4877904593989621,-0.5394588370862018,-0.0217860743802612,-0.0309181023816152,-0.0656482246077622,-0.1103860537141996
2016-12-27,1137.300048828125,43366,0.11538461538461539,0.33653846153846156,0.3076923076923077,0.25,0.18764302059496568,-1.38297365614162,-0.6499105537349004,-0.6309275682969744,-0.6992283329342304,0.005125982172448,-0.016771767236694,-0.0425961567017361,-0.1159048295679646
2017-01-03,1160.4000244140625,36557,0.09615384615384616,0.28846153846153844,0.23717948717948717,0.18846153846153846,0.15102974828375287,-1.5283228608829504,-0.7208118055993934,-0.7244874781959769,-0.8013055587225801,0.0203112411801438,0.0255413384127816,-0.0061664536848434,-0.0887388077850833
2017-01-10,1184.199951171875,55679,0.1346153846153846,0.4230769230769231,0.391025641025641,0.36923076923076925,0.2471395881006865,-1.3353912272287807,-0.49738971071086246,-0.47242553585890734,-0.49812783445162867,0.0205101053577021,0.0412379322343965,0.0237745319969446,-0.0325163797615399
2017-01-17,1212.0,58635,0.1346153846153846,0.4326923076923077,0.3974358974358974,0.38076923076923075,0.2620137299771167,-1.3433677948030394,-0.45853792733626575,-0.4362055736065614,-0.4487257868153177,0.0234758064299989,0.0444674030509371,0.0711444984533804,0.000825763831544
2017-01-24,1210.300048828125,59754,0.1346153846153846,0.4423076923076923,0.3974358974358974,0.38461538461538464,0.2665903890160183,-1.379366823781286,-0.4381059884860535,-0.4244038044868785,-0.4277817333335485,-0.0014025999767945,0.0220402792876504,0.064187107065738,0.0188568262931987
2017-01-31,1208.5999755859375,69837,0.17307692307692307,0.5,0.46794871794871795,0.46923076923076923,0.3135011441647597,-1.2797496990284847,-0.3148995942948985,-0.29143022824484244,-0.2658161020080217,-0.0014046708862266,-0.0028053006716687,0.0415373579436222,0.0351147660648287
2017-02-07,1234.199951171875,70149,0.17307692307692307,0.5096153846153846,0.46794871794871795,0.47307692307692306,0.3146453089244851,-1.3087535323819677,-0.30323315594593653,-0.2898152113739066,-0.2563340908879598,0.0211815125790701,0.0197470886387975,0.042222599275165,0.067000953809571
2017-02-14,1223.9000244140625,63625,0.11538461538461539,0.47115384615384615,0.4230769230769231,0.41923076923076924,0.28489702517162474,-1.406968200485692,-0.3713590659014152,-0.3785712194948446,-0.354267793768475,-0.0083454279414229,0.0126593158507284,0.0098185019918006,0.0816615328449514
2017-02-21,1237.5,78042,0.19230769230769232,0.5480769230769231,0.5,0.5269230769230769,0.34324942791762014,-1.1940110283122818,-0.205295600014309,-0.18578885250483315,-0.12279483662150326,0.0111119987863783,0.0026738364597986,0.0224737255841733,0.0881033560801489
2017-02-28,1252.5999755859375,114246,0.2692307692307692,0.625,0.6858974358974359,0.7423076923076923,0.5560640732265446,-0.6783981553297345,0.20359015588247997,0.2986047043197627,0.45372164375934104,0.0122020004734848,0.0234495878743159,0.0364057594645146,0.079455316470224
2017-03-07,1215.0999755859375,90247,0.23076923076923078,0.5769230769230769,0.5705128205128205,0.6076923076923076,0.4096109839816934,-1.01294422306177,-0.07108746418429668,-0.022559655202839653,0.07698057374091861,-0.0299377301061005,-0.0181010298295454,-0.015475592563265,0.0260935869685554
2017-03-14,1201.9000244140625,46374,0.038461538461538464,0.36538461538461536,0.30128205128205127,0.27692307692307694,0.19794050343249428,-1.595424971099663,-0.5704094180582601,-0.6062325524000728,-0.6137977918022146,-0.0108632634656335,-0.0404757721220285,-0.0179753244228689,-0.0083333131897174
2017-03-21,1246.0999755859375,56195,0.09615384615384616,0.4230769230769231,0.3717948717948718,0.38076923076923075,0.2528604118993135,-1.407657406502557,-0.4636109360728234,-0.46857512169540094,-0.4543444270428323,0.0367750647092488,0.0255123040267131,0.0069494752209595,0.0295793814042029
2017-03-28,1255.300048828125,91043,0.28846153846153844,0.5769230769230769,0.6089743589743589,0.6346153846153846,0.41990846681922195,-0.9021676298487544,-0.07494174182929379,0.00012891099753059866,0.10046989100883653,0.0073830939912036,0.0444296724597335,0.0021555750397683,0.0386398098506886
2017-04-04,1255.0,109126,0.3269230769230769,0.6057692307692307,0.6794871794871795,0.7384615384615385,0.5320366132723112,-0.6438112280798507,0.12442738897253186,0.2409925606978369,0.38778993366080133,-0.000239025584684,0.0071423036581614,0.0328368243072527,0.0168530624299372
2017-04-11,1271.199951171875,133011,0.40384615384615385,0.6730769230769231,0.7628205128205128,0.8192307692307692,0.6275743707093822,-0.320452613813702,0.3905157095288938,0.5566618737132211,0.7651040453303845,0.0129083276269921,0.0126662166217497,0.0576586449372915,0.0386468876658918
2017-04-18,1291.699951171875,151236,0.5,0.7211538461538461,0.8076923076923077,0.8653846153846154,0.7093821510297483,-0.07451572224784961,0.5891530091762178,0.7935941425599681,1.0507991457844137,0.0161264952701594,0.0292429889815737,0.0365941549469139,0.043797940340909
2017-04-25,1265.5999755859375,160380,0.5384615384615384,0.75,0.8333333333333334,0.8923076923076924,0.7482837528604119,0.049785955539808455,0.6820400950916299,0.9072232847980071,1.1900113241221322,-0.0202059120326347,-0.0044052673072989,0.0082051512444598,0.0103784131034481
2017-05-02,1255.0999755859375,143611,0.4423076923076923,0.6634615384615384,0.7628205128205128,0.8307692307692308,0.6750572082379863,-0.16491576437169964,0.4787116057682615,0.675766572553587,0.9203400643916432,-0.008296460337034,-0.0283347348219163,7.966182146423861e-05,0.0329191019699521
2017-05-09,1214.300048828125,95962,0.3076923076923077,0.5288461538461539,0.6025641025641025,0.6615384615384615,0.45194508009153317,-0.76945392525024,-0.07714288312344587,0.03998836175953628,0.16740237748390463,-0.0325073122073524,-0.0405340769179946,-0.0447607807814152,0.0103170181896847
2017-05-16,1235.0,65868,0.17307692307692307,0.40384615384615385,0.4423076923076923,0.4423076923076923,0.2906178489702517,-1.1335131472199358,-0.429730960717221,-0.3592614863882822,-0.3061129500370411,0.0170468173758633,-0.0160146410460679,-0.0438956052606759,-0.0089077728941596
2017-05-23,1254.800048828125,111048,0.38461538461538464,0.5673076923076923,0.6538461538461539,0.7269230769230769,0.5434782608695652,-0.5036271776073531,0.08926641406059506,0.23963012587778,0.4038042378594861,0.0160324282009109,0.0333525474524067,-0.0085334441894346,-0.0003983111451854
2017-05-30,1262.0999755859375,124133,0.4230769230769231,0.5961538461538461,0.6923076923076923,0.7730769230769231,0.5926773455377574,-0.321634606690711,0.23437359087193463,0.4083536574547264,0.6067770606985275,0.0058176015888986,0.021943300069585,0.0055772449495363,0.0056573510644919
2017-06-06,1294.4000244140625,166049,0.6153846153846154,0.75,0.8333333333333334,0.8961538461538462,0.7631578947368421,0.22721030979888948,0.7085268588231382,0.9568203172333465,1.2616916879043352,0.0255923060398837,0.0315587934690633,0.0659639070781878,0.0182505303125604
2017-06-13,1265.800048828125,147496,0.5576923076923077,0.6730769230769231,0.7692307692307693,0.8423076923076923,0.6887871853546911,-0.010075815484554768,0.4817790443558594,0.6993820516871829,0.9630150142022161,-0.0220951599555816,0.0029316799887186,0.0249393107920039,-0.0200510206106709
2017-06-20,1241.0,99376,0.34615384615384615,0.49038461538461536,0.5769230769230769,0.6653846153846154,0.47368421052631576,-0.6198259462566009,-0.08308581420359103,0.05464317451294239,0.20688109526176235,-0.0195923904814863,-0.0412546534354673,-0.0109978070538114,-0.0194374020705463
2017-06-27,1246.4000244140625,72655,0.25,0.41346153846153844,0.46153846153846156,0.5,0.32265446224256294,-0.9461051650453915,-0.39812771985024137,-0.29868177105195637,-0.21155263650223086,0.0043513492458198,-0.0153262945692117,-0.0124395463715829,-0.0069316798192219
2017-07-03,1217.9000244140625,33689,0.0,0.22115384615384615,0.20512820512820512,0.16923076923076924,0.13844393592677345,-1.439704804694536,-0.8579117957100505,-0.8096758646696409,-0.8183594012630878,-0.0228658532106479,-0.0186140012779512,-0.0591007405416492,0.0029646507791971
2017-07-11,1213.5999755859375,23222,0.0,0.19230769230769232,0.16025641025641027,0.12307692307692308,0.10640732265446225,-1.5396059831823317,-0.9863915044880834,-0.9384959373062336,-0.9776999629715947,-0.0035307075637787,-0.0263158281335436,-0.0412387985689479,-0.0173279549911437
2017-07-18,1241.0999755859375,28913,0.019230769230769232,0.20192307692307693,0.1794871794871795,0.14615384615384616,0.12128146453089245,-1.4091181365647678,-0.9257970842278549,-0.8529163707070185,-0.8838794830442587,0.0226598554327777,0.0190491425460284,8.056050438165485e-05,-0.0109181325383133
2017-07-25,1251.699951171875,73624,0.3269230769230769,0.41346153846153844,0.4935897435897436,0.5192307692307693,0.32608695652173914,-0.7401757415374455,-0.41120602269628415,-0.2549812265240881,-0.18606232563058006,0.0085407910679662,0.0313941795916257,0.0042521876235552,-0.0082402540331515
2017-08-01,1272.5999755859375,118458,0.5384615384615384,0.5673076923076923,0.6858974358974359,0.7384615384615385,0.5709382151029748,-0.0704642861780607,0.10594419690897124,0.3378595994003017,0.5111708606928532,0.0166973118393871,0.0253807111591704,0.0449133344899894,-0.016841817380213
2017-08-08,1256.4000244140625,135985,0.6538461538461539,0.6346153846153846,0.7435897435897436,0.8153846153846154,0.6475972540045767,0.22519721279637275,0.3018294188964195,0.5659101916272531,0.7803551302423785,-0.0127298062884341,0.0037549520057,0.0352670152349505,-0.0074261526713994
2017-08-15,1273.699951171875,176556,0.8461538461538461,0.7980769230769231,0.8653846153846154,0.9192307692307692,0.8032036613272311,0.8869758551546238,0.7781503121918326,1.0970568525733988,1.405107726799694,0.0137694415963423,0.0008643529836869,0.0262670020362756,0.0263496786235899
2017-08-22,1285.0999755859375,194079,0.8653846153846154,0.8076923076923077,0.8717948717948718,0.9230769230769231,0.8638443935926774,1.2092189078676376,0.9750187015241338,1.3161731376918673,1.665703738809577,0.0089503217799244,0.0228430043092839,0.0266837306998315,0.0310493825528188
2017-08-29,1313.0999755859375,221126,0.9230769230769231,0.8557692307692307,0.9038461538461539,0.9423076923076923,0.9588100686498856,1.7078145290316329,1.2845674068619277,1.6518258234563867,2.0687416229223663,0.0217881881036015,0.0309335211780548,0.0318246116430678,0.0781672955607961
2017-09-05,1339.199951171875,237188,0.9423076923076923,0.875,0.9166666666666666,0.95,0.9816933638443935,1.9845983563826728,1.4528084160972,1.8328520793422316,2.2925839249129676,0.0198766096041476,0.0420978730166661,0.0659025192206814,0.1034937196050096
2017-09-12,1328.0,253517,0.9807692307692307,0.9326923076923077,0.9551282051282052,0.9730769230769231,0.9919908466819222,2.3172532558427275,1.6189115958232585,2.0089927449077565,2.513589314757013,-0.0083631657558488,0.0113472124675151,0.0426317428827456,0.0700185529961323
2017-09-19,1306.199951171875,233382,0.9423076923076923,0.8557692307692307,0.9038461538461539,0.9423076923076923,0.9805491990846682,1.9608762641072293,1.3432365527662051,1.7149080616304508,2.179229408740537,-0.0164156994187688,-0.0246415779593802,0.0164189370374214,0.0435407862315371
2017-09-26,1297.0,195976,0.8846153846153846,0.7692307692307693,0.8461538461538461,0.9076923076923077,0.8775743707093822,1.3160076274563046,0.8691000213523505,1.2168566194016261,1.6036036788475962,-0.0070432946836517,-0.0233433734939758,-0.0122610432452054,0.0191733654582446
2017-10-03,1271.5,179444,0.8653846153846154,0.75,0.8333333333333334,0.9,0.8180778032036613,1.1014674324315208,0.6541375635395946,0.9936168182249286,1.352425906070756,-0.0196607555898227,-0.026565573778152,-0.0505525340802422,0.0120184457915619
2017-10-10,1290.5999755859375,171330,0.8269230769230769,0.6923076923076923,0.7948717948717948,0.8769230769230769,0.7837528604118993,0.9785252566615804,0.5427882568387644,0.8793877978486895,1.2303375025332173,0.0150216087974341,-0.0049344829715207,-0.0281626689864928,0.0132684502331286
2017-10-17,1283.0,169515,0.8076923076923077,0.6730769230769231,0.782051282051282,0.8692307692307693,0.7757437070938215,0.9342877702422872,0.5102653070620742,0.8457122460840368,1.2017209554959716,-0.0058887151167712,0.0090444357058592,-0.0177614086963185,-0.0016340951099776
2017-10-24,1275.0,168368,0.7884615384615384,0.6634615384615384,0.7756410256410257,0.8653846153846154,0.7723112128146453,0.8950701068774741,0.4897654481348356,0.8215533782935728,1.1818417673556743,-0.0062353858144972,-0.0120873825205637,-0.0169622205088666,-0.0290152892348781
2017-10-31,1267.0,165965,0.7307692307692307,0.6346153846153846,0.7564102564102564,0.8538461538461538,0.7620137299771167,0.8416038894821062,0.4541914424892729,0.781890189840268,1.1424251767451392,-0.0062745098039215,-0.0124707716289945,-0.0035391270153362,-0.0539127492565214
2017-11-07,1273.699951171875,170712,0.8076923076923077,0.6826923076923077,0.7884615384615384,0.8730769230769231,0.782608695652174,0.9219483046447747,0.5005591043845586,0.8311068669017119,1.2069344747606356,0.0052880435452842,-0.0010196461397058,-0.0130947038073434,-0.0408885909850338
2017-11-14,1281.5,176098,0.8461538461538461,0.7211538461538461,0.8141025641025641,0.8884615384615384,0.799771167048055,1.014797568794576,0.5517847047730995,0.8876212026058841,1.2807713521076063,0.0061239295965651,0.011444356748224,-0.0011691348402181,-0.0189097780548185
2017-11-21,1281.0999755859375,173155,0.8269230769230769,0.6923076923076923,0.7948717948717948,0.8769230769230769,0.7860411899313501,0.9430994132301229,0.5009011368374519,0.8399039926060831,1.2324943449316426,-0.0003121532688743,0.0058098647230488,0.0047842945772058,-0.0122590781912587
2017-11-28,1294.699951171875,198540,0.9230769230769231,0.7692307692307693,0.8461538461538461,0.9076923076923077,0.88558352402746,1.3414282041895322,0.8024466010835921,1.1461592637328173,1.6014637086190437,0.0106158581259181,0.0103003910822279,0.0218626291806431,0.0182461275437475
2017-12-05,1261.5999755859375,134510,0.5769230769230769,0.46153846153846156,0.6282051282051282,0.7769230769230769,0.6361556064073226,0.24421920896586297,-0.02240772043556792,0.33628979591282293,0.6563859706565753,-0.02556575023887,-0.0152212944903704,-0.0094998634292203,-0.022470169338748
2017-12-12,1238.5,76226,0.34615384615384615,0.25961538461538464,0.41025641025641024,0.5192307692307693,0.3352402745995423,-0.7269350801351829,-0.7937532072916995,-0.39129988799293186,-0.1939236997467499,-0.0183100634376668,-0.0434077031678317,-0.0335544284042138,-0.034684333593141
2017-12-19,1260.699951171875,81245,0.36538461538461536,0.27884615384615385,0.4423076923076923,0.5653846153846154,0.3684210526315789,-0.6482594336079116,-0.7563493763095541,-0.32758962080760257,-0.11902465130839061,0.0179248697390996,-0.0007133992006019,-0.0159238348316509,-0.0112157245710784
2017-12-26,1284.0999755859375,107758,0.4423076923076923,0.34615384615384615,0.5256410256410257,0.6884615384615385,0.5205949656750573,-0.22319225948061436,-0.42835257923789916,0.0017191859882184483,0.2682786759439514,0.0185611369242231,0.0368187126248991,-0.0081872062915759,0.013496429033889
2018-01-02,1313.699951171875,148174,0.6346153846153846,0.5192307692307693,0.6666666666666666,0.8,0.6899313501144165,0.4323297373620849,0.09843086218391563,0.5020425905722685,0.8564779903688997,0.0230511456652204,0.0420401380603958,0.0412967474589083,0.0314045705687573
2018-01-09,1311.699951171875,196050,0.9038461538461539,0.7596153846153846,0.8397435897435898,0.9038461538461539,0.8787185354691075,1.2256698418316176,0.7515790806892066,1.0915936466044114,1.5484018934650008,-0.0015224176557332,0.0214936345383416,0.0591037151165725,0.0235660953350564
2018-01-16,1335.4000244140625,201532,0.9230769230769231,0.7788461538461539,0.8525641025641025,0.9115384615384615,0.8947368421052632,1.2735340120493408,0.8162246469751558,1.1477954046477767,1.614857380335132,0.0180682123385107,0.0165182873173057,0.0592528564570424,0.0423854889258661
2018-01-23,1335.699951171875,209536,0.9230769230769231,0.7788461538461539,0.8525641025641025,0.9115384615384615,0.9210526315789473,1.3621813558867344,0.9195304898893658,1.2360754511680854,1.7164510937335409,0.0002245969389913,0.0182968673426864,0.040183768060888,0.0316675689706249
2018-01-30,1335.4000244140625,207562,0.9038461538461539,0.7692307692307693,0.8461538461538461,0.9076923076923077,0.9107551487414187,1.2755223092055745,0.8757440834259635,1.202558446543122,1.6713272963251016,-0.0002245465065333,0.0,0.0165182873173057,0.0584971863160106
2018-02-06,1326.0999755859375,182929,0.7884615384615384,0.7019230769230769,0.8012820512820513,0.8807692307692307,0.8295194508009154,0.8063020176400156,0.49242089290365415,0.8922486450610468,1.3043104455032108,-0.0069642419186007,-0.0071872246289408,0.0109781390181478,0.0707307029357589
2018-02-13,1328.0999755859375,169757,0.6538461538461539,0.5865384615384616,0.7243589743589743,0.8346153846153846,0.7780320366132724,0.548526734030878,0.2801865001695278,0.7245236828534964,1.1068245959490588,0.0015081819145017,-0.0054665633478089,-0.0054665633478089,0.0534623836158725
2018-02-20,1328.800048828125,175455,0.7115384615384616,0.6538461538461539,0.7692307692307693,0.8615384615384616,0.7974828375286042,0.619679160891121,0.3549528398224149,0.786946559294609,1.1792143064971539,0.0005271239026103,0.0020361008158487,-0.0051657577270227,0.0348104307235039
2018-02-27,1315.5,150019,0.5,0.47115384615384615,0.6474358974358975,0.7846153846153846,0.7013729977116705,0.14607366341077002,-0.03972333553059371,0.4698881553407291,0.8098068599716809,-0.0100090670826317,-0.0094872191985234,-0.014901920061589,0.0013702130585597
2018-03-06,1333.5999755859375,150706,0.5,0.47115384615384615,0.6474358974358975,0.7846153846153846,0.7048054919908466,0.1463696477532964,-0.036057734706985096,0.472236232558179,0.8134336632137776,0.0137590084271663,0.0036122265061968,0.0056556821793818,0.0166959100627372
2018-03-13,1325.9000244140625,135865,0.38461538461538464,0.375,0.5833333333333334,0.7423076923076923,0.6453089244851259,-0.1358633430788946,-0.26518946979857355,0.2843531456858924,0.5972757964333069,-0.0057738087228832,0.0079057578214081,-0.0016564650344974,-0.0071139732112618
2018-03-20,1311.0999755859375,111807,0.28846153846153844,0.28846153846153844,0.5,0.6615384615384615,0.5469107551487414,-0.6106300836717361,-0.6321295965461823,-0.017410664237366362,0.25274089302180675,-0.0111622660499349,-0.0168716259837319,-0.0133203436121163,-0.0184172916711981
2018-03-27,1341.300048828125,162163,0.5384615384615384,0.5192307692307693,0.6794871794871795,0.8076923076923077,0.7528604118993135,0.29581937531394764,0.13848102591315156,0.5925801614218075,0.9627264785476554,0.0230341498013459,0.0116147704430942,0.0196123518267767,0.0044181700660455
2018-04-03,1332.800048828125,126642,0.3076923076923077,0.33653846153846156,0.532051282051282,0.7038461538461539,0.6075514874141876,-0.3972009605953651,-0.4020015358029193,0.1470152753652182,0.45304981288607893,-0.0063371353840077,0.0165510438915916,-0.0005998251143196,0.0050524646448524
2018-04-10,1342.0,125562,0.28846153846153844,0.33653846153846156,0.5256410256410257,0.6923076923076923,0.5983981693363845,-0.42549592109170853,-0.41426456288403407,0.12835467607338996,0.4337669599130353,0.0069027242158072,0.0005218453339255,0.0121426768907801,0.010466097936588
2018-04-17,1347.199951171875,132638,0.3269230769230769,0.36538461538461536,0.5512820512820513,0.7192307692307692,0.6258581235697941,-0.2885017465438211,-0.30020192449619304,0.2098336448104571,0.530757736640725,0.0038747773262854,0.0108042480613737,0.0275341135368447,0.0138470060713626
2018-04-24,1331.4000244140625,99661,0.19230769230769232,0.25,0.42948717948717946,0.5923076923076923,0.4748283752860412,-0.9049350053328902,-0.7943043002645,-0.2042897837587185,0.059794301455379326,-0.0117279745624016,-0.0078986405260339,-0.0073809170608112,0.0120866776237646
2018-05-01,1303.800048828125,39317,0.057692307692307696,0.038461538461538464,0.20512820512820512,0.22692307692307692,0.16590389016018306,-2.009212403528887,-1.694573496891496,-0.9564443351753649,-0.7974292186091069,-0.0207300398676828,-0.0322148930498388,-0.0217587026842461,-0.0223454763822408
2018-05-08,1312.0,41639,0.07692307692307693,0.04807692307692308,0.23076923076923078,0.25384615384615383,0.17848970251716248,-1.8572174526735534,-1.6195786139088026,-0.9302728331269154,-0.7637591516348338,0.0062892704899384,-0.0145711462057395,-0.022354694485842,-0.0104834634271955
2018-05-15,1288.9000244140625,18998,0.0,0.0,0.1346153846153846,0.1076923076923077,0.09839816933638444,-2.191174561651322,-1.918889536240544,-1.2137401407376445,-1.0845314211089028,-0.0176066887087937,-0.0114281514465771,-0.0432748878198071,-0.0169323099574871
2018-05-22,1291.699951171875,16531,0.0,0.0,0.12179487179487179,0.09615384615384616,0.09153318077803203,-2.157760910966514,-1.9032901020204411,-1.2346906095467174,-1.1174976203217635,0.0021723381990665,-0.0154725981921683,-0.0298182909074672,-0.0369791216361953
2018-05-29,1298.699951171875,54001,0.1346153846153846,0.10576923076923077,0.2692307692307692,0.3346153846153846,0.23684210526315788,-1.4252252594617771,-1.310763412794317,-0.7642613298696794,-0.5849025587901604,0.0054192151928544,0.0076033257600933,-0.0039117176447677,-0.0255853064277966
2018-06-05,1297.5,50880,0.1346153846153846,0.09615384615384616,0.26282051282051283,0.31153846153846154,0.2231121281464531,-1.427603302621654,-1.3317664967697587,-0.8017761653624905,-0.6290174777324956,-0.0009239633610459,0.0044902446755246,-0.0110518292682927,-0.0331594634873323
2018-06-12,1295.0999755859375,55504,0.17307692307692307,0.125,0.27564102564102566,0.35,0.2448512585812357,-1.294667996237952,-1.239062745722188,-0.7465301462115413,-0.5633799885598807,-0.001849729798892,-0.0027719840773761,0.0048102653847752,-0.0386727861299414
2018-06-19,1275.5999755859375,10528,0.0,0.0,0.11538461538461539,0.07307692307692308,0.07437070938215103,-1.9503189630288909,-1.8551297048058981,-1.3048233979525017,-1.2001876260274313,-0.0150567526581704,-0.0168786315329961,-0.0124641760428426,-0.0419108065231424
2018-06-26,1256.5999755859375,-24,0.0,0.0,0.08333333333333333,0.05,0.06292906178489703,-2.0213105209371367,-1.963747890070804,-1.4290972501082955,-1.3466924907512072,-0.0148949516805003,-0.0297274347353621,-0.0324170148369904,-0.0362019262728297
2018-07-03,1251.5999755859375,-1254,0.0,0.0,0.07692307692307693,0.046153846153846156,0.059496567505720827,-1.9580324258226154,-1.9388286842124054,-1.440631335718337,-1.3609960610656042,-0.0039789910052071,-0.0188146758069478,-0.0353757413595857,-0.046036603974133
2018-07-10,1253.800048828125,-2527,0.0,0.0,0.07692307692307693,0.046153846153846156,0.05835240274599542,-1.9341306085516685,-1.920658356574924,-1.4554758292635783,-1.3753530756280026,0.0017578086330318,-0.0022281766769149,-0.0318893734355352,-0.027232504399939
2018-07-17,1225.699951171875,-26449,0.0,0.0,0.01282051282051282,0.007692307692307693,0.032036613272311214,-2.243896783211526,-2.218395121265335,-1.7492273626140422,-1.7052488474497052,-0.0224119449369251,-0.0206935322141863,-0.0391188659212237,-0.0510954575326279
2018-07-24,1223.9000244140625,-36422,0.0,0.0,0.0,0.0,0.02631578947368421,-2.30606310808738,-2.3005781727795473,-1.867633421225261,-1.8316809763874153,-0.0014684888875875,-0.0238475221324235,-0.0260225623167208,-0.0575960033649937
2018-07-31,1223.699951171875,-42528,0.0,0.0,0.0,0.0,0.020594965675057208,-2.2602811192693775,-2.321110946755922,-1.935081137026758,-1.9012584843380376,-0.0001634718834843,-0.0016317207144275,-0.0222914868634453,-0.0568786503492292
2018-08-07,1209.5999755859375,-66116,0.0,0.0,0.0,0.0,0.012585812356979404,-2.4163942700746763,-2.5817621022874047,-2.211779405384716,-2.212254002525139,-0.011522412477368,-0.0116840007703824,-0.035252888435839,-0.0660180693473625
2018-08-14,1193.0,-83324,0.0,0.0,0.0,0.0,0.004576659038901602,-2.451861663723965,-2.727690158293126,-2.3957721112234007,-2.424384532635397,-0.0137235250669515,-0.0250878094278546,-0.026678593843959,-0.0647538234296342
2018-08-21,1192.5999755859375,-90028,0.0,0.0,0.0,0.0,0.002288329519450801,-2.351515516712941,-2.71656898789901,-2.4379733680118014,-2.483132622110853,-0.0003353096513516,-0.0140542330878975,-0.0255740241880538,-0.0509310848666518
2018-08-28,1207.4000244140625,-75772,0.038461538461538464,0.019230769230769232,0.01282051282051282,0.007692307692307693,0.010297482837528604,-2.037718551280936,-2.439529364440443,-2.2213792506407186,-2.2553415509444967,0.0124099020049481,0.0120704311936818,-0.0133201989116717,-0.0353147587360592
2018-09-04,1192.699951171875,-82722,0.038461538461538464,0.019230769230769232,0.01282051282051282,0.007692307692307693,0.005720823798627002,-2.0031951502121577,-2.4501263852582604,-2.263766127570223,-2.3183209312717254,-0.0121749817334327,8.382994129130239e-05,-0.0139715813121408,-0.0487319311507107
2018-09-11,1195.4000244140625,-75219,0.07692307692307693,0.038461538461538464,0.02564102564102564,0.015384615384615385,0.011441647597254004,-1.8256212290004663,-2.2927512405495825,-2.1405115828214742,-2.1892312327736803,0.0022638327766633,-0.0099387110794729,0.0020117555859702,-0.0247205090681803
2018-09-18,1196.800048828125,-82463,0.057692307692307696,0.028846153846153848,0.019230769230769232,0.011538461538461539,0.006864988558352402,-1.8272770912549972,-2.3210588316813925,-2.194699719020422,-2.258090260693159,0.0011711764977992,0.0034376606222055,0.0035217787423851,-0.0221423115004115
2018-09-25,1200.0,-83677,0.019230769230769232,0.009615384615384616,0.00641025641025641,0.0038461538461538464,0.003432494279176201,-1.7601746253610837,-2.2636554359554686,-2.174762458532377,-2.245158769591342,0.0026737558834564,0.0038480638213072,-0.0061288920527011,-0.0193674529031228
2018-10-02,1202.4000244140625,-79603,0.09615384615384616,0.04807692307692308,0.03205128205128205,0.019230769230769232,0.008009153318077803,-1.636100173170171,-2.1592667030386683,-2.0928508051444497,-2.165065702601382,0.002000020345052,0.004679123794673,0.0081328696564939,-0.0059523407053536
2018-10-09,1187.199951171875,-109454,0.0,0.0,0.0,0.0,0.0011441647597254005,-1.862197112241388,-2.45436212282856,-2.3836777533145157,-2.516837761906843,-0.012641444555521,-0.0106667073567708,-0.0068596897061357,-0.0048617341392498
2018-10-16,1227.300048828125,-49382,0.19230769230769232,0.09615384615384616,0.0641025641025641,0.038461538461538464,0.017162471395881007,-1.176610095448761,-1.6599695404426273,-1.6863784568752407,-1.7276232854417957,0.0337770378247299,0.0207086027182978,0.0254846246287046,0.0290961545803645
2018-10-23,1233.4000244140625,-38116,0.23076923076923078,0.11538461538461539,0.07692307692307693,0.046153846153846156,0.02402745995423341,-1.0210716450978654,-1.48995566469209,-1.540476629296434,-1.5721794370306998,0.0049702398299111,0.0389151576333741,0.0278333536783854,0.0215338740055248
2018-10-30,1222.5999755859375,-55523,0.19230769230769232,0.09615384615384616,0.0641025641025641,0.038461538461538464,0.014874141876430207,-1.1531059090936162,-1.6563401280251704,-1.701934728200038,-1.7744732771340894,-0.0087563228590461,-0.0038296040537726,0.0167996929156073,0.0250691922848529
2018-11-06,1223.800048828125,-47446,0.23076923076923078,0.11538461538461539,0.07692307692307693,0.046153846153846156,0.018306636155606407,-1.0301685202627748,-1.5254313776596684,-1.5946853446495974,-1.6580267335882286,0.0009815747310255,-0.0077833431132758,0.0308289244959303,0.0237577579337786
2018-11-13,1199.199951171875,-79194,0.1346153846153846,0.0673076923076923,0.04487179487179487,0.026923076923076925,0.009153318077803204,-1.3026960358857584,-1.8498435061670784,-1.911393854243985,-2.0349788365019554,-0.0201014027412455,-0.0191395590392089,-0.0228958661600976,0.0020052659139677
2018-11-20,1219.0,-51851,0.23076923076923078,0.11538461538461539,0.07692307692307693,0.046153846153846156,0.016018306636155607,-0.9852377767233208,-1.4963999266892092,-1.6121518195109625,-1.6823054865209845,0.0165110487277588,-0.0039222492536434,-0.0116750641552024,0.0158333333333333
2018-11-27,1211.199951171875,-58390,0.21153846153846154,0.10576923076923077,0.07051282051282051,0.04230769230769231,0.013729977116704805,-1.0129084484391646,-1.5354672153434181,-1.6716662970993021,-1.751671698028406,-0.0063987275046144,0.0100066715215201,-0.0093244107980609,0.00731863487952
2018-12-04,1241.0999755859375,-9787,0.38461538461538464,0.19230769230769232,0.16025641025641027,0.11923076923076924,0.05034324942791762,-0.49245683129741313,-0.9725699730109857,-1.1653826902572706,-1.1542415088304792,0.0246862827109044,0.0181295944101209,0.0141362363683334,0.0454009658279199
2018-12-11,1241.9000244140625,-66,0.4423076923076923,0.22115384615384615,0.17307692307692307,0.13846153846153847,0.06178489702517163,-0.37022313947160623,-0.8532340671247902,-1.066998792487702,-1.0344521978253352,0.0006446288323769,0.0253468250328809,0.0356071339066186,0.0118960115742503
2018-12-18,1249.199951171875,11198,0.5,0.25,0.1987179487179487,0.17307692307692307,0.07665903890160183,-0.24230116203776275,-0.7215058729797799,-0.9554515772294037,-0.8974249661245355,0.0058780309318833,0.0065264489124765,0.024774365194319,0.0128100587360684
2018-12-24,1267.5,41968,0.5961538461538461,0.33653846153846156,0.26282051282051283,0.3153846153846154,0.18077803203661327,0.08083021945278357,-0.38391639079989415,-0.643066677753026,-0.5265856143531171,0.0146494152605094,0.0206135559084281,0.0464828691362255,0.036725032971266
2018-12-31,1278.300048828125,50184,0.6153846153846154,0.3557692307692308,0.27564102564102566,0.35384615384615387,0.2151029748283753,0.17730356276739617,-0.29521295867364633,-0.5656832947364187,-0.42901615984310715,0.008520748582347,0.0232949878271697,0.0299734702876171,0.0445334187167156
2019-01-08,1283.199951171875,32471,0.5576923076923077,0.2980769230769231,0.22435897435897437,0.25,0.13729977116704806,0.017214481376249768,-0.48776109439653903,-0.7562391411529189,-0.6443154364819115,0.0038331394481616,0.0123865492480275,0.0332554359818924,0.0700467006506413
2019-01-15,1286.199951171875,24935,0.5576923076923077,0.28846153846153844,0.20512820512820512,0.21153846153846154,0.11327231121281464,-0.02869222969169655,-0.5661106045723379,-0.8383067634249726,-0.7355642060721574,0.0023379053258694,0.0061800062911616,0.0296189572896559,0.0551271133485438
2019-01-22,1282.5,16210,0.5192307692307693,0.25961538461538464,0.17307692307692307,0.18076923076923077,0.09038901601830664,-0.08807020735675435,-0.6557252850886555,-0.9321764265635287,-0.8404953967338366,-0.0028766531739515,-0.0005454731908584,0.0118343195266272,0.0588672817887252
2019-01-29,1308.199951171875,32397,0.5961538461538461,0.3173076923076923,0.21794871794871795,0.25,0.13615560640732266,0.1356022696717624,-0.47617516372309987,-0.7634694452391085,-0.6430845196668961,0.0200389482821636,0.0171046500040334,0.0233903631398282,0.0540649237820336
2019-02-05,1314.199951171875,44875,0.6923076923076923,0.375,0.26282051282051283,0.3269230769230769,0.19336384439359267,0.3321821569217948,-0.33796709280797566,-0.6338124812823545,-0.4919568038295648,0.0045864548417275,0.0247173108552631,0.0241583550339832,0.058217187645136
2019-02-12,1309.199951171875,42619,0.6923076923076923,0.375,0.2564102564102564,0.3230769230769231,0.18306636155606407,0.3506050207047698,-0.35936825553412155,-0.6558835528294369,-0.51873870541824,-0.0038045960932668,0.0007644091402878,0.017882134095126,0.0480307415507934
2019-02-19,1340.0999755859375,82377,0.8076923076923077,0.5096153846153846,0.41025641025641024,0.5307692307692308,0.37871853546910755,0.9104432055051424,0.06898086317037348,-0.23901831825653613,-0.03833103870244433,0.0236022193450309,0.0197078263402517,0.0449122616654482,0.057278087247288
2019-02-26,1325.0999755859375,78559,0.8076923076923077,0.49038461538461536,0.3974358974358974,0.5,0.3501144164759725,0.9178728999851656,0.027625240634004844,-0.2768999239028224,-0.08368623779006909,-0.0111931947416397,0.0121448403659274,0.0129185331331984,0.0366110654542461
2019-03-05,1282.0,31247,0.5961538461538461,0.3173076923076923,0.21153846153846154,0.25,0.13501144164759726,0.3086612274641621,-0.4760081926967057,-0.7670127084104232,-0.6526641247213171,-0.0325258292808279,-0.0433549560811939,-0.0245015616863797,-0.0009351240785032
2019-03-12,1296.300048828125,17407,0.5576923076923077,0.27884615384615385,0.1858974358974359,0.19615384615384615,0.09610983981693363,0.15509799428087603,-0.6177397873469413,-0.902960968864551,-0.8153764313710705,0.0111544842653081,-0.0217341538664489,-0.0098532713297179,0.0078526652462143
2019-03-19,1305.0,30475,0.6153846153846154,0.3269230769230769,0.21794871794871795,0.24615384615384617,0.13043478260869565,0.3889194535960508,-0.47410172942515505,-0.7580470275287896,-0.6526472108667599,0.0067113714758708,0.0179407176287051,-0.0261920574773465,0.0175438596491228
2019-03-26,1314.300048828125,57987,0.8653846153846154,0.46153846153846156,0.34615384615384615,0.4153846153846154,0.2585812356979405,0.8417008400908311,-0.1769731554216314,-0.4649982316965303,-0.31795502239267937,0.0071264741977969,0.0138856740893222,-0.0081502731543232,0.0046629704050864
2019-04-02,1290.0,24618,0.5961538461538461,0.3076923076923077,0.20512820512820512,0.21923076923076923,0.11212814645308924,0.38391054074843145,-0.5302420333184094,-0.8039037069106225,-0.7173953863484916,-0.0184889659326968,-0.0114942528735632,0.0062402496099844,-0.0184142079371528
2019-04-09,1303.5,37037,0.7115384615384616,0.38461538461538464,0.26282051282051283,0.28846153846153844,0.15446224256292906,0.6410124855140926,-0.3885630281725216,-0.6661615111950545,-0.5649494390613252,0.0104651162790698,-0.0082173388319924,0.0055542319684271,-0.0043537667159038
2019-04-16,1272.5999755859375,-15387,0.38461538461538464,0.19230769230769232,0.1282051282051282,0.10384615384615385,0.04462242562929062,-0.2182925538934513,-0.9398833436151279,-1.1992727153409792,-1.192032613996767,-0.0237054272451572,-0.013488391018653,-0.0248276049149904,-0.0503693763373785
2019-04-23,1269.300048828125,-33829,0.36538461538461536,0.18269230769230768,0.12179487179487179,0.07307692307692308,0.02745995423340961,-0.521021783465964,-1.1192111113522119,-1.3736082865097634,-1.4052431314917833,-0.0025930589510605,-0.026237016625911,-0.0342387570023478,-0.0421099749346374
2019-04-30,1282.800048828125,76,0.5192307692307693,0.25961538461538464,0.17307692307692307,0.15384615384615385,0.06407322654462243,0.16171807052072898,-0.7358229238810233,-1.0063417136401056,-0.9906314250120414,0.0106357830935748,0.0080151449299621,-0.0055813574975774,0.0006240630484595
2019-05-07,1283.5,9547,0.5384615384615384,0.2692307692307692,0.1794871794871795,0.17692307692307693,0.07208237986270023,0.3616431794173617,-0.6203598378400971,-0.8963427205779833,-0.8719354437025664,0.0005456432376302,0.0111872296743271,-0.015343306482547,-0.0098742947974864
2019-05-14,1294.699951171875,52546,0.9038461538461539,0.5,0.3525641025641026,0.40384615384615385,0.22768878718535468,1.2188986392289158,-0.15211298989517313,-0.4417791687124047,-0.3563974129810785,0.0087261014194586,0.0092765059953192,0.0173660034652776,-0.0078927577227011
2019-05-21,1272.0,15937,0.5961538461538461,0.2980769230769231,0.1987179487179487,0.19615384615384615,0.08810068649885583,0.48380282311848316,-0.5410749989364053,-0.8117450446734815,-0.7899025108679881,-0.0175329821796382,-0.0089598753408648,0.0021271181501707,-0.032184468733636
2019-05-28,1276.5,26274,0.6923076923076923,0.375,0.25,0.24615384615384617,0.11556064073226545,0.6842809946659797,-0.4209844357707699,-0.694961335456535,-0.6645142693404293,0.0035377358490567,-0.0140572733901793,-0.0049111697757419,-0.0104651162790697
2019-06-04,1323.4000244140625,96182,1.0,0.6153846153846154,0.5256410256410257,0.6,0.45423340961098396,2.069543711151728,0.3345862852857756,0.035822326016143984,0.1655946841058056,0.0367411080407853,0.0404088242248918,0.0310868908563011,0.0152666086797563
2019-06-11,1326.4000244140625,129160,1.0,0.6923076923076923,0.6153846153846154,0.7038461538461539,0.6132723112128147,2.6249476879506295,0.697257073552542,0.3829064565927322,0.5544420066010861,0.0022668882761494,0.0390912843040049,0.0244844940431909,0.0422756953168681
2019-06-18,1346.5999755859375,150516,1.0,0.7596153846153846,0.7051282051282052,0.7769230769230769,0.7036613272311213,2.858178812886171,0.9296326664640403,0.6144981434035054,0.8041787515656278,0.0152291547045155,0.0175305657729203,0.058647779548693,0.0608996484552091
2019-06-25,1414.9000244140625,177741,1.0,0.875,0.8205128205128205,0.8730769230769231,0.8112128146453089,3.0719617735364078,1.2126054866512266,0.9119040376545892,1.1235830934813673,0.0507203698696088,0.066721952933539,0.1084214840689874,0.1029778379776447
2019-07-02,1404.5999755859375,194087,1.0,0.9038461538461539,0.8461538461538461,0.8846153846153846,0.8649885583524027,3.0264795708668477,1.3671853304613504,1.0975948964215432,1.3124065767735607,-0.0072797007918565,0.0430714399610492,0.0613570724451411,0.0943513639158064
2019-07-09,1397.5,182611,0.9807692307692307,0.875,0.8333333333333334,0.8730769230769231,0.8283752860411899,2.57298108417641,1.2186165478671138,0.989634744524477,1.170848229802319,-0.0050548025838998,-0.0122977059253838,0.0536037200522112,0.0794006740597135
2019-07-16,1409.199951171875,180059,0.9615384615384616,0.8653846153846154,0.8333333333333334,0.8692307692307693,0.8215102974828375,2.3413280340863163,1.1685147918474181,0.9748551674156555,1.1354549735952515,0.0083720580836315,0.0032749363988979,0.0464874325864284,0.107861596833235
2019-07-23,1420.0999755859375,178173,0.9423076923076923,0.8461538461538461,0.8269230769230769,0.8615384615384616,0.8135011441647597,2.156405763052125,1.1271431414322544,0.9662102533505095,1.1085679362015086,0.0077349026339363,0.0161717177716904,0.0036751368168421,0.1124950846736683
2019-07-30,1429.699951171875,185713,0.9807692307692307,0.8846153846153846,0.8589743589743589,0.8769230769230769,0.8398169336384439,2.1158320850413075,1.1880088376352638,1.0595451179404685,1.191378691348163,0.0067600702422212,0.0145472613612798,0.017869839115914,0.0803233525742732
2019-08-06,1472.4000244140625,226833,1.0,0.9711538461538461,0.9358974358974359,0.9307692307692308,0.9668192219679634,2.4775738538117507,1.5982033291816837,1.523086793375178,1.6645637069428336,0.0298664577887044,0.0368284273834635,0.0535957240887745,0.1100723743310361
2019-08-13,1502.199951171875,223611,0.9807692307692307,0.9615384615384616,0.9358974358974359,0.926923076923077,0.9610983981693364,2.2660857414844764,1.5403464882309628,1.4921916769729535,1.6137793702854448,0.0202390153923497,0.0507099408799547,0.0659948930048304,0.1155502587308694
2019-08-20,1504.5999755859375,229846,1.0,0.9711538461538461,0.9487179487179487,0.9346153846153846,0.9736842105263158,2.1976632828812006,1.5897206379538582,1.5654986383008969,1.6726943355777142,0.0015976730742071,0.0218690237964978,0.0595028529347978,0.0633966708771678
2019-08-27,1541.0,226716,0.9615384615384616,0.9519230769230769,0.9423076923076923,0.9230769230769231,0.965675057208238,2.0394608222522845,1.5468741986513357,1.5371180161737712,1.6211589889553013,0.0241924930245245,0.0258288177934347,0.0778485364966936,0.0971095164352131
2019-09-03,1545.9000244140625,231626,1.0,0.9711538461538461,0.9615384615384616,0.9384615384615385,0.9782608695652174,1.9814449306471222,1.5945244708645634,1.5925968862213278,1.6622868690193104,0.0031797692498782,0.0274491888198,0.0499184995797925,0.1061896417989713
2019-09-10,1490.300048828125,206181,0.9038461538461539,0.9134615384615384,0.9102564102564102,0.8846153846153846,0.9061784897025171,1.6204970737547895,1.3398492751167297,1.3203628163442742,1.3562879099827723,-0.0359660875269158,-0.032900682136194,-0.0079216500669346,0.0575504544893066
2019-09-17,1505.0999755859375,213856,0.9038461538461539,0.9423076923076923,0.9358974358974359,0.9038461538461539,0.937070938215103,1.6299459036979773,1.4323797017220128,1.413977380142992,1.4322432008729957,0.0099308369274027,-0.0263924239496595,0.0003323142417341,0.0598549408219859
2019-09-24,1532.0999755859375,237871,1.0,1.0,0.9871794871794872,0.9461538461538461,0.982837528604119,1.8061748018094808,1.6832599285375807,1.6817557644195609,1.691891882809815,0.0179390076659118,0.0280479939530842,-0.005775486316718,0.0716234370226625
2019-10-01,1482.0,190811,0.8269230769230769,0.8653846153846154,0.8653846153846154,0.8461538461538461,0.8501144164759725,1.2558462359665943,1.192367305030008,1.1605284278529802,1.1443986010281606,-0.032700199976687,-0.0153478014488337,-0.0413351597159604,0.0065199507109203
2019-10-08,1497.199951171875,200501,0.8461538461538461,0.8942307692307693,0.9038461538461539,0.8692307692307693,0.8935926773455377,1.3095321864303924,1.2877772600931254,1.2705801268405976,1.2446552396079853,0.0102563773089574,-0.0227792082567688,0.0046298746008734,-0.003328451712503
2019-10-15,1477.5999755859375,175787,0.6923076923076923,0.7788461538461539,0.8012820512820513,0.8,0.7986270022883295,1.0180155467420564,1.0315715117905355,0.9867019515757269,0.9572585535210387,-0.0130910875134589,-0.002968977337424,-0.0182712115115769,-0.0179449690536418
2019-10-22,1481.699951171875,184438,0.7692307692307693,0.8365384615384616,0.8525641025641025,0.8346153846153846,0.8363844393592678,1.0701552586970249,1.1175075293342085,1.077405062899664,1.0478875812908355,0.0027747534201951,-0.0103526586331157,-0.0328960415228696,-0.038481537201898
2019-10-29,1487.0,198558,0.8269230769230769,0.8846153846153846,0.8974358974358975,0.8615384615384616,0.8867276887871853,1.1773730813264645,1.256194019847171,1.2285462829675224,1.1986187390368828,0.0035770054685722,0.0063616841969253,0.0033738191632928,-0.0381007979066351
2019-11-05,1480.800048828125,197247,0.8076923076923077,0.8653846153846154,0.8846153846153846,0.8538461538461538,0.8832951945080092,1.122786060660381,1.2355688392849984,1.2087766367278752,1.1746281814664836,-0.0041694358923167,-0.0006073445187322,-0.0109537155213728,-0.0063745552497768
2019-11-12,1452.0999755859375,175441,0.6153846153846154,0.7307692307692307,0.7692307692307693,0.7807692307692308,0.7963386727688787,0.8528704157209956,1.0115128771234119,0.963970684309087,0.922312537197442,-0.0193814642732488,-0.023470090392779,-0.0172577154990057,-0.0352136076404937
2019-11-19,1473.300048828125,195199,0.7884615384615384,0.8461538461538461,0.8653846153846154,0.8423076923076923,0.8707093821510298,1.0390123133420468,1.2091849616611352,1.1768795932388625,1.1358614113115957,0.0145995961701141,-0.0050648296547095,-0.0056690980769126,-0.0383786487140468
2019-11-26,1459.800048828125,194287,0.7692307692307693,0.8365384615384616,0.8589743589743589,0.8384615384615385,0.8661327231121282,0.9949022151428306,1.1951429190152525,1.1572581840667115,1.117316815671987,-0.0091631029339461,0.0053027156336673,-0.0182918299743611,-0.0149797241375674
2019-12-03,1478.199951171875,207962,0.8653846153846154,0.9230769230769231,0.9230769230769231,0.8807692307692307,0.914187643020595,1.1193731107488916,1.3326233463003188,1.2958966298821009,1.2611022558735354,0.0126043990466508,0.0033258007068195,-0.0017558735619354,-0.0126903557438192
2019-12-10,1462.5999755859375,183648,0.6538461538461539,0.7884615384615384,0.8141025641025641,0.8115384615384615,0.834096109839817,0.8013775626678246,1.075584173189203,1.0157376482670595,0.9834772271122965,-0.0105533595597606,0.0019180207317159,0.0072309070839031,-0.0101515973523563
2019-12-17,1474.5999755859375,201721,0.8269230769230769,0.8942307692307693,0.9038461538461539,0.8692307692307693,0.8958810068649885,0.9783833540773331,1.237621702183302,1.2005983009630772,1.1771935547008212,0.0082045673460322,-0.0024353779629633,0.0008823231621057,-0.0047917768913484
2019-12-24,1499.0999755859375,218846,0.8846153846153846,0.9423076923076923,0.9358974358974359,0.9,0.9519450800915332,1.1410095348416542,1.384858673605081,1.3704691259387243,1.3575379842164008,0.0166146754412259,0.0249555590108481,0.0269214450221186,0.0081371725527488
2019-12-31,1519.5,232732,0.9807692307692307,0.9903846153846154,0.9743589743589743,0.9346153846153846,0.9794050343249427,1.258202501290344,1.4971364438828092,1.500677281463132,1.4995132088221128,0.0136081814063728,0.0304489523650108,0.0279394196944624,0.0261344880441498
2020-01-07,1571.800048828125,229757,0.9230769230769231,0.9615384615384616,0.9551282051282052,0.9192307692307692,0.9725400457665904,1.1743169079709692,1.44795526745418,1.4465643031045923,1.4547655990954025,0.0344192489819841,0.0484958137723749,0.0746616129255988,0.0824323911953013
2020-01-14,1542.4000244140625,230459,0.9423076923076923,0.9711538461538461,0.9615384615384616,0.9230769230769231,0.9748283752860412,1.1378387370820595,1.4457573849469536,1.43338552420797,1.451176995503974,-0.018704684756806,0.0150707630234041,0.045978604333819,0.0469014954834896
2020-01-21,1556.4000244140625,223832,0.8461538461538461,0.9230769230769231,0.9294871794871795,0.9,0.9622425629290617,1.019391901664195,1.3747902978194972,1.3432022436239723,1.3696500076929423,0.0090767633418045,-0.0097976994119221,0.0382229669543745,0.0661734294799376
2020-01-28,1569.199951171875,219938,0.8076923076923077,0.9038461538461539,0.9102564102564102,0.8884615384615384,0.9576659038901602,0.937340584343338,1.334001025932258,1.2842519872937925,1.320677342378179,0.0082240597256679,0.0173754709113114,0.0327080955392398,0.0615613604423797
2020-02-04,1550.4000244140625,181610,0.4807692307692308,0.7307692307692307,0.75,0.7730769230769231,0.8260869565217391,0.4529148420311393,0.966221386616057,0.8674237596678345,0.9011137196232889,-0.0119805807690553,-0.0038550500551802,-0.0136149788454438,0.0600301177996063
2020-02-11,1565.5999755859375,195671,0.6346153846153846,0.8173076923076923,0.8141025641025641,0.8115384615384615,0.8741418764302059,0.5937260487902325,1.1002680162389564,1.004731342786833,1.0485004760402497,0.0098038899203574,-0.0022941471437397,0.0150414618806093,0.0617116516388391
2020-02-18,1600.0,238546,1.0,1.0,0.9935897435897436,0.9461538461538461,0.9839816933638444,1.0799948915561535,1.5024104435775651,1.4388929308765825,1.5024416749824423,0.0219724226817186,0.0319917278153312,0.028013348048071,0.0673070682791685
2020-02-25,1646.9000244140625,230846,0.9230769230769231,0.9615384615384616,0.9551282051282052,0.9192307692307692,0.9759725400457666,0.9472231179543664,1.4137124164079011,1.3395328759563314,1.40755705107089,0.0293125152587889,0.051929004915638,0.0495157249935938,0.0838433855966189
2020-03-03,1642.0999755859375,215361,0.7307692307692307,0.8653846153846154,0.8846153846153846,0.8692307692307693,0.9427917620137299,0.7267584735254197,1.250892355788168,1.1652342561245117,1.2310552407580388,-0.0029145963670944,0.0263124847412108,0.059145994406528,0.0447257440984465
2020-03-10,1659.0999755859375,210185,0.6923076923076923,0.8461538461538461,0.8717948717948718,0.85,0.9233409610983981,0.633542982096924,1.1900479140838662,1.09911663181683,1.1663855635116422,0.0103525974378837,0.0074078274279067,0.0597215134504629,0.0756612741990896
2020-03-17,1524.9000244140625,154079,0.2692307692307692,0.625,0.5897435897435898,0.6461538461538462,0.7254004576659039,-0.09526712946637213,0.6575588143044304,0.5131370679591026,0.5617660434516671,-0.0808871997749745,-0.0713719949542387,-0.0469374847412109,-0.0202390127896964
2020-03-24,1660.199951171875,157409,0.2692307692307692,0.625,0.5897435897435898,0.6538461538461539,0.7368421052631579,-0.08569692509126958,0.68342048482551,0.540663496403985,0.5919717221276412,0.0887270801964876,0.0006629953602097,0.0080757341433304,0.0579913349678868
2020-03-31,1583.4000244140625,152598,0.23076923076923078,0.6153846153846154,0.5769230769230769,0.6346153846153846,0.7162471395881007,-0.17508446681640613,0.6395911614995166,0.4868343712775578,0.5360394411358225,-0.0462594440528697,0.0383631707412939,-0.0357468802415209,0.0212848293861911
2020-04-07,1664.800048828125,152482,0.21153846153846154,0.6057692307692307,0.5705128205128205,0.6307692307692307,0.7151029748283753,-0.2161247215473361,0.635446138280011,0.4824490888648171,0.5308043050681328,0.0514083763792947,0.0027708094154579,0.0034356418094541,0.0633623369884515
2020-04-14,1756.699951171875,155244,0.25,0.625,0.5833333333333334,0.6461538461538462,0.7299771167048055,-0.21557771045417357,0.6577406547560282,0.5090517682608423,0.5559521328923248,0.0552017657666694,0.1094479752972987,0.1520099174022118,0.0979374694824217
2020-04-21,1678.199951171875,146271,0.15384615384615385,0.5769230769230769,0.5256410256410257,0.5923076923076923,0.683066361556064,-0.4153149891159574,0.5723814424134115,0.4174183719371415,0.4562299511392026,-0.0446860603301283,0.008048956001162,0.0108420675396927,0.0190053593380377
2020-04-28,1710.5,146406,0.15384615384615385,0.5769230769230769,0.532051282051282,0.5923076923076923,0.6842105263157895,-0.516811470969756,0.5686554671146821,0.41990289504888845,0.4538496773963628,0.019246841716072,-0.0262992841441451,0.0802702877518086,0.0416539951470713
2020-05-05,1704.4000244140625,133241,0.11538461538461539,0.5576923076923077,0.5,0.5576923076923077,0.6304347826086957,-0.8584244607323142,0.4378439185139494,0.2856753783389609,0.309149335238995,-0.0035661944378471,0.0156120092983509,0.023786625675445,0.0273039898105758
2020-05-12,1704.4000244140625,122217,0.07692307692307693,0.5384615384615384,0.46153846153846156,0.5153846153846153,0.5823798627002288,-1.2167731614629624,0.32842644697589884,0.17098370446309405,0.1877074545925999,0.0,-0.0035661944378471,-0.0297716902211579,0.1177126350096113
2020-05-19,1744.199951171875,127064,0.07692307692307693,0.5384615384615384,0.4807692307692308,0.5307692307692308,0.6086956521739131,-1.2123909798088757,0.3643428376544367,0.2167307737456954,0.23758427518492023,0.0233512826729129,0.0233512826729129,0.0393278524134819,0.0505963151852326
2020-05-26,1704.800048828125,113081,0.038461538461538464,0.5192307692307693,0.4423076923076923,0.49230769230769234,0.5491990846681922,-1.7668686173813304,0.22625608420742838,0.07330536602175529,0.08611125881053984,-0.022589097263349,0.0002347010140415,-0.0033323304132563,0.0766704702173959
2020-06-02,1725.199951171875,100355,0.019230769230769232,0.5096153846153846,0.42948717948717946,0.46153846153846156,0.477116704805492,-2.4162727023999464,0.10379840710235423,-0.05553169153658246,-0.051648415532693816,0.0119661554196768,-0.0108932464923156,0.0122036649025296,0.0362805745868799
2020-06-09,1714.699951171875,91177,0.0,0.49038461538461536,0.41025641025641024,0.4423076923076923,0.42219679633867274,-2.6872559718908238,0.01483982508389453,-0.14486259306665597,-0.15223150558895548,-0.0060862510417227,0.0058070753520655,0.0060431392925808,-0.0239084653995591
2020-06-16,1729.5999755859375,104688,0.038461538461538464,0.5096153846153846,0.4423076923076923,0.4653846153846154,0.505720823798627,-2.195785912083706,0.1363273500066919,-0.0034598000510072924,-0.010345493010152551,0.008689581173592,0.0025504431593994,-0.0083705859389161,0.0306280693061455
2020-06-23,1772.0999755859375,129515,0.11538461538461539,0.5480769230769231,0.5,0.5384615384615384,0.6155606407322655,-1.4571242810599718,0.35792784593026694,0.2494050976403212,0.2524914836606616,0.0245721557585025,0.0334752586741684,0.0394767273757847,0.0360128474632783
2020-06-30,1793.0,138555,0.15384615384615385,0.5576923076923077,0.532051282051282,0.573076923076923,0.6578947368421053,-1.1777067472018197,0.43125907066397995,0.3379408609081982,0.3450674831460324,0.0117939307612437,0.0366558888234167,0.0392998207437176,0.051983087489333
2020-07-07,1804.199951171875,139343,0.17307692307692307,0.5576923076923077,0.532051282051282,0.573076923076923,0.6601830663615561,-1.1168129020642306,0.42730235817812856,0.33959176607002783,0.34865229457057484,0.0062464869893334,0.0181140883856305,0.0521957208541548,0.0585542861583339
2020-07-14,1810.5999755859373,134973,0.15384615384615385,0.5384615384615384,0.5064102564102564,0.5576923076923077,0.6407322654462243,-1.1906093338098427,0.3751137757002041,0.2879168977224036,0.2966412534323402,0.0035472922000165,0.0098159373039248,0.046831638033852,0.0380690438441131
2020-07-21,1842.4000244140625,140269,0.21153846153846154,0.5576923076923077,0.532051282051282,0.573076923076923,0.6624713958810069,-1.0252850674786058,0.4123753101252537,0.3357709308517908,0.34857706685093043,0.017563265910149,0.0211728601463354,0.0396704755920334,0.0807132635176326
2020-07-28,1944.699951171875,117136,0.07692307692307693,0.47115384615384615,0.42948717948717946,0.4846153846153846,0.5663615560640732,-1.5530816783422055,0.18060302504111658,0.09419831993160695,0.09270788335911398,0.0555253611605583,0.0740638337535275,0.0846067770060652,0.1272316289198249
2020-08-04,2001.199951171875,113472,0.07692307692307693,0.46153846153846156,0.42948717948717946,0.46923076923076923,0.5526315789473685,-1.5735290444592103,0.13261224920381062,0.05671534295567161,0.047833848100942336,0.0290533251496989,0.0861918826821095,0.1091896715062226,0.1670846259744731
2020-08-11,1932.5999755859373,97692,0.019230769230769232,0.4230769230769231,0.391025641025641,0.41923076923076924,0.4622425629290618,-1.8716884108915783,-0.03464662914505486,-0.10363987940770142,-0.12897515510309568,-0.0342794209772824,-0.0062220269911799,0.0673809795896627,0.1173681792700243
2020-08-18,1999.4000244140625,95438,0.019230769230769232,0.40384615384615385,0.38461538461538464,0.4076923076923077,0.4473684210526316,-1.8281957506401412,-0.07434883216713692,-0.12176618881868574,-0.1576717168028798,0.0345648606395498,-0.0008994237466168,0.0852149359094427,0.1282659285365484
2020-08-25,1911.800048828125,86849,0.0,0.38461538461538464,0.3782051282051282,0.3923076923076923,0.39359267734553777,-1.9333993501862268,-0.17917433836830104,-0.20402306682627447,-0.25406665660404976,-0.0438131311974997,-0.0107626653319738,-0.0169177267289611,0.0662576959442973
2020-09-01,1968.199951171875,97742,0.07692307692307693,0.4230769230769231,0.41025641025641024,0.41923076923076924,0.4633867276887872,-1.5967705634495553,-0.08747855914173372,-0.08333655073914825,-0.13703157798219562,0.0295009419935528,-0.0156047178459602,-0.0164901063387872,0.0908990158732006
2020-09-08,1933.0,104292,0.11538461538461539,0.4326923076923077,0.42948717948717946,0.4307692307692308,0.5011441647597255,-1.3887402162153666,-0.03937973803856953,-0.006370762959984351,-0.06842904737506392,-0.0178843369805576,0.0110890002251384,0.0002069876948753,0.0676019143181818
2020-09-15,1956.300048828125,111098,0.15384615384615385,0.4423076923076923,0.44871794871794873,0.4576923076923077,0.5446224256292906,-1.1846033325991996,0.013307180786021371,0.07499916859183103,0.002166157962826749,0.0120538276400026,-0.0060460840559745,-0.0215564544661682,0.0618215495575049
2020-09-22,1898.5999755859373,81448,0.0,0.33653846153846156,0.3717948717948718,0.36923076923076925,0.3707093821510298,-1.776378334414822,-0.32447960739807385,-0.2291417536489361,-0.32811813034855203,-0.0294944905188504,-0.0177961843838917,-0.0069045260513928,-0.0237054438954235
2020-09-29,1894.300048828125,94372,0.057692307692307696,0.36538461538461536,0.3974358974358974,0.3923076923076923,0.44279176201373,-1.4280643305684666,-0.20725151028338412,-0.0852748268678158,-0.1877287971660853,-0.002264788166599,-0.0316924799123424,-0.0375469485708246,-0.0534179017349819
2020-10-06,1901.0999755859373,94612,0.07692307692307693,0.36538461538461536,0.40384615384615385,0.3923076923076923,0.4439359267734554,-1.3626448476903,-0.22794758527680817,-0.0771284298343156,-0.18731759848808738,0.0035896777609327,0.0013167597346188,-0.0165028579482994,-0.0162992861419496
2020-10-13,1888.5,81781,0.019230769230769232,0.3173076923076923,0.3782051282051282,0.36153846153846153,0.37528604118993136,-1.5747661439467373,-0.40638760073112346,-0.20836052407645037,-0.3296724077997,-0.0066277290767171,-0.0030618427274565,-0.0346572852506643,-0.0554666515254057
2020-10-20,1910.4000244140625,90565,0.057692307692307696,0.33653846153846156,0.3974358974358974,0.38076923076923075,0.41418764302059496,-1.3246758000889964,-0.32503637102394817,-0.10923172793041785,-0.23123603442086865,0.011596518090581,0.0048919304337262,0.0062151316653649,-0.0007323069245241
2020-10-27,1908.800048828125,101875,0.21153846153846154,0.41346153846153844,0.46153846153846156,0.4307692307692308,0.4851258581235698,-1.0432038151677532,-0.20985610551788617,0.016453595724801918,-0.10545817066144221,-0.0008375081477651,0.0107492977644294,0.0076545423777876,-0.030179810902029
2020-11-03,1908.5,90695,0.07692307692307693,0.3269230769230769,0.40384615384615385,0.38076923076923075,0.41876430205949655,-1.228853914942684,-0.3696597423898523,-0.09848756862836636,-0.23035249450992287,-0.0001571923828843,-0.000994568880748,0.0038924961912021,-0.0126745990688049
2020-11-10,1875.4000244140625,79783,0.0,0.2692307692307692,0.36538461538461536,0.3423076923076923,0.35469107551487417,-1.3992890118299164,-0.5300558884308861,-0.20988756390439395,-0.35461881512604465,-0.0173434506606955,-0.0174979167852431,-0.0069367093385954,-0.0413535870750111
2020-11-17,1884.5,90447,0.07692307692307693,0.3076923076923077,0.40384615384615385,0.3730769230769231,0.41304347826086957,-1.131178896553711,-0.4288938215159132,-0.0894147215893247,-0.24153120724978888,0.0048522850951655,-0.0125753209326696,-0.0135573827905526,-0.0074265120442686
2020-11-24,1804.800048828125,85348,0.057692307692307696,0.28846153846153844,0.3974358974358974,0.36153846153846153,0.3878718535469107,-1.188151425872855,-0.524873485462449,-0.13866251249650755,-0.30385524661480373,-0.042292359337689,-0.0376452888273771,-0.0544844914813623,-0.047247002952551
2020-12-01,1814.0999755859373,85543,0.07692307692307693,0.28846153846153844,0.40384615384615385,0.36153846153846153,0.3890160183066362,-1.1385147925045453,-0.5558953880965456,-0.12925662427992127,-0.3074784902257743,0.0051528848106197,-0.0373574021831056,-0.049462941794112,-0.045762979915449
2020-12-08,1870.800048828125,98811,0.28846153846153844,0.3942307692307692,0.4807692307692308,0.4153846153846154,0.4702517162471396,-0.8361406645470103,-0.39442690260283536,0.017152310072407563,-0.16414914999775662,0.0312552086463009,0.0365691479468068,-0.0024527970171989,-0.0093724920158194
2020-12-15,1852.300048828125,101879,0.34615384615384615,0.41346153846153844,0.5,0.4307692307692308,0.4862700228832952,-0.7441688289657559,-0.3706078571761475,0.04868483007096436,-0.13579049411670482,-0.0098888173600318,0.0210573142364161,-0.0170867345035155,-0.0304124658937634
2020-12-21,1879.199951171875,108124,0.40384615384615385,0.4326923076923077,0.5192307692307693,0.45,0.522883295194508,-0.5895834815982958,-0.2992736106290951,0.1146267048064774,-0.07092821005765604,0.0145224324540553,0.0044900054118619,0.0412233490308573,-0.01550717565961
2020-12-29,1879.699951171875,108995,0.4230769230769231,0.4326923076923077,0.5192307692307693,0.45,0.5297482837528604,-0.5425857215529485,-0.2980480938532659,0.12399643594316845,-0.0672914419371742,0.000266070675283,0.0147923671227481,0.0361611688819683,-0.0150904107037594
2021-01-05,1952.699951171875,116569,0.5,0.46153846153846156,0.5512820512820513,0.4807692307692308,0.5640732265446224,-0.35352742604353393,-0.19934936784350166,0.20859688435100615,0.013564895388521292,0.0388359854744311,0.0391123892665945,0.0437780095179345,0.0412178339295712
2021-01-12,1842.9000244140625,78234,0.0,0.17307692307692307,0.3525641025641026,0.3038461538461538,0.34668192219679633,-1.1642085264182096,-0.7677452008704082,-0.20050934457739253,-0.431553938206739,-0.0562297995101184,-0.0195775537126923,-0.0050747849518275,-0.0220748079522088
2021-01-19,1839.5,78071,0.0,0.16346153846153846,0.3525641025641026,0.3,0.34439359267734554,-1.1449272073358239,-0.784347220647358,-0.194504093407077,-0.4381904750380388,-0.0018449315584243,-0.0579709909369026,-0.0211259856340023,0.0192264795174434
2021-01-26,1850.699951171875,96399,0.28846153846153844,0.3269230769230769,0.46794871794871795,0.38846153846153847,0.4576659038901602,-0.6877250772689274,-0.5312698332032282,0.014134464200648308,-0.23038494189154413,0.0060885844913698,0.0042324199112713,-0.0154279942295685,0.0201752803475543
2021-02-02,1830.5,87778,0.15384615384615385,0.2403846153846154,0.4166666666666667,0.3423076923076923,0.39816933638443935,-0.8771683862841987,-0.6738626613946025,-0.07268348768921858,-0.33346715412246797,-0.0109147629031298,-0.0048926338678988,-0.0625799939711879,-0.0215416120249564
2021-02-09,1835.300048828125,87640,0.15384615384615385,0.23076923076923078,0.4166666666666667,0.3384615384615385,0.39702517162471396,-0.8479194280396366,-0.6863225426719997,-0.067705719161712,-0.3364693314148545,0.0026222610369435,-0.0083211232236747,-0.0041239218000194,-0.0091777787355538
2021-02-16,1797.199951171875,67956,0.0,0.125,0.3525641025641026,0.26153846153846155,0.3009153318077803,-1.3312868192616918,-0.9946273009383932,-0.27946544827596087,-0.5645052570164016,-0.0207596015052566,-0.0181917775624829,-0.0229954057233623,-0.0436355907464048
2021-02-23,1804.4000244140625,69123,0.019230769230769232,0.1346153846153846,0.358974358974359,0.2692307692307692,0.30778032036613273,-1.327604373348768,-0.9731022738225302,-0.25959710923417334,-0.5488466891402771,0.0040062727786591,-0.0168364973530038,-0.0250175220075491,-0.0400595460519471
2021-03-02,1733.0999755859375,45960,0.0,0.10576923076923077,0.3141025641025641,0.2076923076923077,0.1956521739130435,-2.097704401432276,-1.3190592594311528,-0.5108931395033308,-0.8146267115616926,-0.0395145465880151,-0.0356665798617125,-0.0532095189369365,-0.1124596615338413
2021-03-09,1716.5999755859375,29430,0.0,0.07692307692307693,0.25,0.1576923076923077,0.12356979405034325,-2.692296347271407,-1.574763016084428,-0.6870595766856543,-1.000763111069274,-0.0095205125107808,-0.0486588603636469,-0.064676112942938,-0.0685333155108515
2021-03-16,1730.5999755859375,41121,0.019230769230769232,0.09615384615384616,0.2948717948717949,0.19230769230769232,0.17505720823798626,-2.2958351055236546,-1.4041800326880194,-0.5494397566114985,-0.8597785281232184,0.0081556566463432,-0.0014425018955728,-0.0370576326482262,-0.0592008830736953
2021-03-23,1724.699951171875,43521,0.038461538461538464,0.09615384615384616,0.32051282051282054,0.21153846153846154,0.18878718535469108,-2.0919484933507353,-1.3725928250557355,-0.5174128065672786,-0.8265451299538095,-0.0034092363904402,0.0047186156944762,-0.0441698471313578,-0.0680823490162281
2021-03-30,1683.9000244140625,43073,0.038461538461538464,0.09615384615384616,0.32051282051282054,0.2076923076923077,0.1853546910755149,-2.0190876070473354,-1.3735913780050861,-0.5145791517784534,-0.8260409191136466,-0.0236562462532049,-0.0269848329080575,-0.0283884091310088,-0.0800873944746994
2021-04-06,1741.5,66472,0.09615384615384616,0.125,0.38461538461538464,0.28076923076923077,0.2929061784897025,-1.1323507430572495,-1.0264142503669718,-0.24912239558018526,-0.5517135712291613,0.0342062917933505,0.0097408530780731,0.014505432114761,-0.0511088357939172
2021-04-13,1746.199951171875,53807,0.09615384615384616,0.11538461538461539,0.36538461538461536,0.24615384615384617,0.23569794050343248,-1.5420499034423283,-1.2298660632519112,-0.38544215242272134,-0.692709604973629,0.0026987948158914,0.0369974023722048,0.0090142007431011,-0.0283774768448803
2021-04-20,1777.300048828125,56424,0.11538461538461539,0.11538461538461539,0.38461538461538464,0.2653846153846154,0.2540045766590389,-1.408575907075996,-1.2223773553803647,-0.3509281238006685,-0.6573383887157556,0.0178101583586569,0.020557019137597,0.0304981151188123,-0.0150188290951379
2021-04-27,1778.0,50651,0.09615384615384616,0.08653846153846154,0.3525641025641026,0.23461538461538461,0.21853546910755148,-1.574804892564968,-1.3620861635455896,-0.4117475196573126,-0.7185749727123849,0.0003938283647357,0.0182110008689349,0.055882162967888,0.0259073481314211
2021-05-04,1775.800048828125,53625,0.11538461538461539,0.09615384615384616,0.36538461538461536,0.24615384615384617,0.2334096109839817,-1.419063645919691,-1.3410800649534993,-0.3797234108939704,-0.6782536784421299,-0.001237317869446,-0.0008439767955833,0.019695692694875,0.034486819342975
2021-05-11,1835.9000244140625,81615,0.3076923076923077,0.18269230769230768,0.44871794871794873,0.3576923076923077,0.37299771167048057,-0.33990001249221446,-0.9048044978519013,-0.07012744469915223,-0.34972510910061944,0.0338438866614505,0.0325646931462668,0.051368729670385,0.0608459784546531
2021-05-18,1867.800048828125,91990,0.5192307692307693,0.27884615384615385,0.5192307692307693,0.4153846153846154,0.4279176201372998,0.07081451311507643,-0.743076255551515,0.04062231695180219,-0.2248638097073084,0.0173756871234007,0.0518076345705205,0.0509199333335257,0.0829710104409862
2021-05-25,1898.0999755859373,107255,0.7692307692307693,0.40384615384615385,0.6025641025641025,0.4846153846153846,0.5148741418764302,0.6765839150628004,-0.51193922982999,0.2053785720332184,-0.04563658928386891,0.0162222539702912,0.033879813903116,0.0675477927929906,0.1272046725258577
2021-06-01,1902.9000244140625,109973,0.8269230769230769,0.4230769230769231,0.6153846153846154,0.5038461538461538,0.5377574370709383,0.7865874313963982,-0.48715410953432636,0.23193830839540092,-0.012383351032859763,0.002528870391373,0.0187921483394111,0.071573359663895,0.0926787392558499
2021-06-08,1892.199951171875,107664,0.7692307692307693,0.3942307692307692,0.5961538461538461,0.48846153846153845,0.5183066361556065,0.6887365470815257,-0.5295284882440986,0.2020693682191702,-0.0361278761550147,-0.0056230348966873,-0.0031083844317741,0.030666117985254,0.0836101271804636
2021-06-15,1854.5,96792,0.5961538461538461,0.3076923076923077,0.532051282051282,0.4423076923076923,0.4588100686498856,0.2636374567488118,-0.7108044653343562,0.0771529123293361,-0.15715260091872257,-0.0199238728172076,-0.0254348750817666,-0.0071207026878865,0.043436644939484
2021-06-22,1776.300048828125,62536,0.17307692307692307,0.08653846153846154,0.358974358974359,0.28846153846153844,0.2814645308924485,-1.0250910490635683,-1.2834865273890206,-0.31186237120013816,-0.551133133283641,-0.0421676738591938,-0.0612514033054334,-0.0641693948287487,-0.000956103021302
2021-06-29,1762.800048828125,61382,0.17307692307692307,0.08653846153846154,0.3525641025641026,0.28846153846153844,0.2745995423340961,-1.0337354417224467,-1.2771539070826594,-0.3302405068226912,-0.558765853801276,-0.0076000673472402,-0.0494472640452278,-0.073624454142869,-0.0073206440153996
2021-07-06,1793.5,77960,0.2692307692307692,0.1346153846153846,0.3782051282051282,0.3384615384615385,0.34210526315789475,-0.35146173322650304,-0.9719301670169843,-0.14928468698645295,-0.3568881069952848,0.0174154471984975,0.0096830212796663,-0.0521614806673831,-0.0230949528025605
2021-07-13,1809.4000244140625,86291,0.4423076923076923,0.22115384615384615,0.4423076923076923,0.3923076923076923,0.3901601830663616,0.024442522185634637,-0.8132599055574489,-0.061584064584949076,-0.25166050885382535,0.0088653606992263,0.0264352021188769,-0.024319210345612,-0.0312667431670232
2021-07-20,1810.9000244140625,90428,0.5192307692307693,0.25961538461538464,0.46153846153846156,0.4115384615384615,0.41189931350114417,0.24353156114720007,-0.728185179555739,-0.02317095136205629,-0.19597101793528676,0.0008290040785678,0.0097017141979718,0.0194786773826662,-0.0459406523857924
2021-07-27,1799.5,90230,0.5192307692307693,0.25961538461538464,0.4551282051282051,0.4076923076923077,0.408466819221968,0.293137746084091,-0.7174930702145288,-0.03489641917472962,-0.19216001653479858,-0.0062952257222212,-0.0054714404114526,0.020819123074266,-0.054338127640679
2021-08-03,1810.0999755859373,89873,0.5192307692307693,0.25961538461538464,0.44871794871794873,0.4076923076923077,0.4061784897025172,0.3073229361717946,-0.7090879771176177,-0.04909604536128725,-0.19001035699969557,0.0058905115787371,-0.0004417962434917,0.0092556317735921,-0.0433886363516137
2021-08-10,1728.800048828125,35403,0.019230769230769232,0.009615384615384616,0.21794871794871795,0.18076923076923077,0.14530892448512586,-2.2552303178936355,-1.6228003134286484,-0.6961783341532592,-0.8465099017506161,-0.0449146057424232,-0.0392886641688663,-0.0445451389954735,-0.06778104673598
2021-08-17,1785.0,59078,0.19230769230769232,0.09615384615384616,0.3141025641025641,0.28846153846153844,0.2631578947368421,-1.0288804208592925,-1.1881554780021626,-0.4345413202557787,-0.551016759741967,0.0325080689406334,-0.0138666239017058,-0.0143022939228479,0.0048977936906631
2021-08-24,1805.5999755859373,75444,0.3076923076923077,0.15384615384615385,0.34615384615384615,0.3423076923076923,0.3329519450800915,-0.24895959591154299,-0.8882253580604524,-0.2565266727858918,-0.3439670761818192,0.0115406025691524,0.0444238342137204,0.0033898169413377,0.0242795130317048
2021-08-31,1815.0,81677,0.4423076923076923,0.22115384615384615,0.391025641025641,0.38461538461538464,0.37414187643020597,0.043630524142508724,-0.7643289662008842,-0.19614405475528354,-0.2611873516941975,0.0052060392895232,0.0168067226890755,0.0027070462848199,0.0119877334820184
2021-09-07,1795.9000244140625,67595,0.2692307692307692,0.1346153846153846,0.32051282051282054,0.3153846153846154,0.2986270022883295,-0.5844823404449181,-0.9979405938683498,-0.3860894815913006,-0.42961409466858475,-0.0105234025266873,-0.0053721484841774,0.0388130342959103,-0.0074610367071105
2021-09-14,1804.699951171875,71222,0.3269230769230769,0.16346153846153846,0.3333333333333333,0.3384615384615385,0.3169336384439359,-0.3902676139302741,-0.9156594124842966,-0.3578383082359653,-0.3782009379871862,0.0049000092645377,-0.0056749580320247,0.0110363872111345,-0.0034237523654535
2021-09-21,1776.0,46844,0.11538461538461539,0.057692307692307696,0.23717948717948717,0.23461538461538461,0.19908466819221968,-1.5069839246000767,-1.3351940952456691,-0.6869681613809291,-0.6789210957921727,-0.0159028935271144,-0.0110808085881924,-0.0163934293233094,-0.0130591831064184
2021-09-28,1735.800048828125,30861,0.019230769230769232,0.009615384615384616,0.15384615384615385,0.16538461538461538,0.13272311212814644,-2.179678014551111,-1.608997173191446,-0.9163224294355707,-0.8752660806789458,-0.0226351076418215,-0.0381780374621333,-0.0436363367338153,-0.0410474160322338
2021-10-05,1759.5999755859375,54166,0.21153846153846154,0.10576923076923077,0.2692307692307692,0.27307692307692305,0.2379862700228833,-1.0126715933555317,-1.1542472417663843,-0.6332911972831484,-0.5733233600889817,0.0137112144765063,-0.009234247980891,-0.0202127336347514,0.0178157831373793
2021-10-12,1758.300048828125,58519,0.25,0.125,0.28205128205128205,0.29615384615384616,0.2597254004576659,-0.7828335162979455,-1.0551713757730394,-0.6044116349493865,-0.5136537527007057,-0.0007387626596093,0.0129623224836237,-0.0257105910118855,-0.0149579558385853
2021-10-19,1769.699951171875,57799,0.25,0.125,0.2692307692307692,0.2923076923076923,0.2574370709382151,-0.7907335905227643,-1.0481670246531762,-0.6314018454719789,-0.5191467681397641,0.0064834795126962,0.0057399271005185,-0.0035473247906109,-0.0198826012956786
2021-10-26,1792.699951171875,86362,0.6346153846153846,0.33653846153846156,0.4230769230769231,0.43846153846153846,0.391304347826087,0.48930905928472423,-0.5095171735114519,-0.25270323380001425,-0.1532632610579635,0.0129965534466842,0.0195642958473878,0.0327802170429505,-0.0122865282799586
2021-11-02,1788.699951171875,85239,0.5769230769230769,0.3076923076923077,0.3974358974358974,0.4269230769230769,0.38672768878718533,0.4583171613733485,-0.5156547068463596,-0.28524918993172865,-0.16382095390304127,-0.0022312713275778,0.0107362832820436,0.0165378358659316,-0.0040091726400731
2021-11-09,1830.199951171875,125610,1.0,0.6923076923076923,0.6538461538461539,0.6423076923076924,0.5995423340961098,2.2575955821289444,0.2481196075035596,0.27291155673252465,0.35311021379101765,0.0232012082142738,0.0209181686960422,0.0408917137843851,0.014129772643614
2021-11-16,1853.5999755859373,142385,1.0,0.7692307692307693,0.7051282051282052,0.7,0.6716247139588101,2.829037321715582,0.5720273671460626,0.5044149564990292,0.5667758381043452,0.0127855016054827,0.0362833489046292,0.047409180498934,0.0436936799470366
2021-11-23,1783.5,105339,0.8461538461538461,0.5865384615384616,0.5705128205128205,0.5615384615384615,0.5068649885583524,1.1349929123827909,-0.11163883615368969,-0.054102113613212155,0.09511960679747962,-0.0378182868521985,-0.0255163110139813,-0.0051318968162301,0.0274800955352423
2021-11-30,1773.5999755859375,92085,0.75,0.46153846153846156,0.47435897435897434,0.49615384615384617,0.43135011441647597,0.5884431246250441,-0.3498738126172189,-0.27144432710275274,-0.07315244261224345,-0.0055508967838869,-0.0431592582292256,-0.0084418717493924,0.0079563538271465
2021-12-07,1782.5999755859375,80741,0.5192307692307693,0.2692307692307692,0.3333333333333333,0.4,0.36041189931350115,0.1391364562807202,-0.5545350295908914,-0.4575884065376058,-0.21773417263951456,0.0050744249683623,-0.0005046394247617,-0.0260080739022309,0.0138201251680609
2021-12-14,1770.4000244140625,63417,0.34615384615384615,0.17307692307692307,0.2564102564102564,0.3230769230769231,0.2837528604118993,-0.527541813597646,-0.8796757974590823,-0.7365139726194078,-0.43845984063043447,-0.0068439085262889,-0.0018042124582335,-0.0448856022160739,0.0003955886655948
2021-12-21,1787.9000244140625,71748,0.46153846153846156,0.23076923076923078,0.28846153846153844,0.3576923076923077,0.31922196796338675,-0.17205899870277397,-0.6993656796504784,-0.6169595600495599,-0.33316320430187046,0.0098847716666699,0.0029732126672912,0.0024670728421993,-0.0026774847372951
2021-12-28,1810.199951171875,83663,0.6153846153846154,0.33653846153846156,0.36538461538461536,0.4230769230769231,0.38443935926773454,0.33299609621672,-0.44454568216518775,-0.4363176066351832,-0.18326667196534768,0.0124726922385498,0.0224807536200666,0.0206359811060812,0.0120199030507683
2022-01-04,1814.0,79508,0.5576923076923077,0.27884615384615385,0.3141025641025641,0.38846153846153847,0.35354691075514877,0.18857371718562194,-0.5165502776831447,-0.5054131037831222,-0.2386773267408595,0.0020992425868009,0.01459811803207,0.0176147340088128,-0.0088514651972874
2022-01-11,1818.5999755859373,74310,0.4807692307692308,0.2403846153846154,0.27564102564102566,0.3576923076923077,0.32723112128146453,0.00498253543510832,-0.6159605775647816,-0.5935418923038226,-0.30616168629550033,0.0025358189558639,0.0046403848418095,0.0272254578102071,-0.0188821754752862
2022-01-18,1812.300048828125,71793,0.4807692307692308,0.2403846153846154,0.2692307692307692,0.34615384615384615,0.32036613272311215,-0.09805563145524766,-0.662362260446895,-0.6410105013729571,-0.339095199365072,-0.0034641630058213,-0.0009371285401736,0.0136473091788558,0.0161480509268994
2022-01-25,1852.699951171875,101375,0.8846153846153846,0.625,0.5384615384615384,0.5461538461538461,0.482837528604119,1.155702956362707,0.038964357351862114,-0.18270459931197114,0.037232035799363516,0.022292060506136,0.018750674168986,0.0234780693549829,0.0445985434566809
2022-02-01,1800.300048828125,49914,0.15384615384615385,0.07692307692307693,0.1346153846153846,0.23461538461538461,0.2116704805491991,-1.0161694277992939,-1.1850317227482874,-1.0088378311704385,-0.6203049947740503,-0.0282829943999328,-0.0066214201162547,-0.0075523435346609,0.0099293579516455
2022-02-08,1826.5999755859373,69467,0.46153846153846156,0.23076923076923078,0.24358974358974358,0.33076923076923076,0.3100686498855835,-0.16271988372689272,-0.687320444177783,-0.6988661507898856,-0.36987981598662595,0.0146086352521801,-0.0140875350967807,0.0043989882917614,0.0317442105721135
2022-02-15,1854.800048828125,107706,0.9423076923076923,0.7211538461538461,0.5833333333333334,0.573076923076923,0.5194508009153318,1.4537140321834412,0.2948417719379776,-0.09356520615101971,0.11706200704307729,0.0154385599579029,0.0302727315013271,0.0234508629117355,0.0374182132672586
2022-02-22,1906.0999755859373,138976,0.9807692307692307,0.875,0.6858974358974359,0.6884615384615385,0.6590389016018307,2.6795717934633516,1.1992571370133045,0.40283170915501837,0.5141296381307535,0.0276579282981062,0.0435234868403509,0.0288228130951726,0.0529775864550097
2022-03-01,1942.4000244140625,148621,1.0,0.9326923076923077,0.717948717948718,0.7192307692307692,0.6967963386727689,2.8329827907571716,1.5825692915316212,0.550864635516946,0.63555947601487,0.0190441473653377,0.047228797325773,0.0789312735276739,0.0707828138997037
2022-03-08,2040.0999755859373,142973,0.9807692307692307,0.9134615384615384,0.6987179487179487,0.6961538461538461,0.6739130434782609,2.392172124896906,1.512023516482721,0.45080691849504806,0.5603298609503974,0.0502985739002688,0.0703006147192295,0.1168838294391816,0.1217969883281422
2022-03-15,1928.5,126537,0.9230769230769231,0.8269230769230769,0.6282051282051282,0.6307692307692307,0.6052631578947368,1.6770482634579782,1.0877906603842429,0.17547915527838803,0.3464796045647706,-0.0547031895110359,-0.0071561080309683,0.0397347149189688,0.0641173911831061
2022-03-22,1920.699951171875,115132,0.8846153846153846,0.7884615384615384,0.5961538461538461,0.6,0.5583524027459954,1.2045879137631592,0.7398906866800831,-0.018926635450246938,0.19789153297911796,-0.004044619563456,-0.0585265554840122,0.0076596064072922,0.0367031909063249
2022-03-29,1912.0,108302,0.8461538461538461,0.7403846153846154,0.5576923076923077,0.5653846153846154,0.5251716247139588,0.9192650868998431,0.5413326615445992,-0.13635053040713377,0.10971192776382173,-0.004529573276954,-0.00855587243972,-0.0156507537232104,0.0620451858814223
2022-04-05,1922.9000244140625,101627,0.75,0.6538461538461539,0.4935897435897436,0.5269230769230769,0.4839816933638444,0.6464662646597957,0.3402556744226696,-0.2558266530121436,0.02473724862403624,0.0057008495889447,0.0011454538960367,-0.0574481410589762,0.05272092965907
2022-04-12,1972.0999755859373,117025,0.8846153846153846,0.8269230769230769,0.6025641025641025,0.6076923076923076,0.5652173913043478,1.1728864139943347,0.8956202250011821,-0.009707217692253212,0.22246730478782728,0.0255863282267452,0.0314330416244441,0.022608232090193,0.0632412786660876
2022-04-19,1955.699951171875,101266,0.6923076923076923,0.6442307692307693,0.47435897435897434,0.5230769230769231,0.4816933638443936,0.5652899163234528,0.3719458631887819,-0.2886026750121116,0.02337814674498175,-0.0083160207986867,0.0170575309903628,0.0182225235017294,0.0260217072667925
2022-04-26,1901.4000244140625,81117,0.4423076923076923,0.34615384615384615,0.26282051282051283,0.38076923076923075,0.36384439359267734,-0.18694528725220141,-0.3285054300336013,-0.6551584055477702,-0.230899120496499,-0.0277649578736632,-0.035850084705198,-0.0055439202855321,-0.0211079074776926
2022-05-03,1868.800048828125,67847,0.25,0.21153846153846154,0.16666666666666666,0.31153846153846154,0.2997711670480549,-0.6972673910757281,-0.7977071167210878,-0.9026204918110197,-0.39743323837671013,-0.0171452483261556,-0.0444341691023097,-0.0281345753284404,-0.083966437335314
2022-05-10,1839.9000244140625,61992,0.17307692307692307,0.17307692307692307,0.1346153846153846,0.2923076923076923,0.2791762013729977,-0.9308167165670297,-0.9985201383310994,-1.020186904266796,-0.4706900105295727,-0.0154644818380569,-0.0323445877828637,-0.0670351162762914,-0.0459424296530658
2022-05-17,1818.199951171875,43360,0.038461538461538464,0.04807692307692308,0.04487179487179487,0.2153846153846154,0.18649885583524028,-1.5930962543945033,-1.6700468644905468,-1.3492777621166194,-0.7083340666285706,-0.0117941588968119,-0.0270762501788138,-0.0703073086020218,-0.053365961683636
2022-05-24,1865.0999755859373,61057,0.17307692307692307,0.17307692307692307,0.12179487179487179,0.2923076923076923,0.2734553775743707,-0.8886132817359,-0.9815043308201108,-1.047121627953491,-0.47863467133050225,0.0257947561729028,0.0136963698230831,-0.0190912213958298,-0.0245293014717901
2022-05-31,1842.699951171875,50793,0.09615384615384616,0.10576923076923077,0.07051282051282051,0.24615384615384617,0.21967963386727687,-1.2228037750462863,-1.341808294558648,-1.2386498399165904,-0.6063197968362991,-0.0120100931356375,0.0134748656132177,-0.0139662333980655,-0.0417078746809136
2022-06-07,1847.5,57531,0.1346153846153846,0.15384615384615385,0.10256410256410256,0.28076923076923077,0.2551487414187643,-0.9354138641770678,-1.0675199618112812,-1.1092810470512504,-0.5151257589365689,0.0026048998509347,-0.0094364783745215,0.0041306459509167,-0.0631813686569906
2022-06-14,1809.5,36905,0.038461538461538464,0.028846153846153848,0.019230769230769232,0.18846153846153846,0.15331807780320367,-1.6332928787043417,-1.8020844559437192,-1.4595519011793285,-0.7741459133983474,-0.0205683355886332,-0.0180170141920074,-0.0047849254237783,-0.074755818797393
2022-06-21,1834.5999755859373,49803,0.09615384615384616,0.09615384615384616,0.0641025641025641,0.23846153846153847,0.21052631578947367,-1.1088865569154052,-1.2910097841555435,-1.2129229082326407,-0.6057347210079783,0.0138712216556713,-0.006982421875,-0.0163530107764964,-0.0351320332231037
2022-06-28,1817.5,36102,0.038461538461538464,0.028846153846153848,0.019230769230769232,0.18846153846153846,0.14759725400457666,-1.564559882996376,-1.764163824598609,-1.4362337707369666,-0.7789081832424221,-0.0093208196955719,0.0044211108040894,-0.0136755586040195,-0.0274507959587725
2022-07-05,1761.800048828125,17034,0.0,0.0,0.0,0.13076923076923078,0.09496567505720824,-2.1643517552782625,-2.426889995462705,-1.7498882057980307,-1.0221267090160233,-0.0306464655691196,-0.0396816350848153,-0.0463869830429635,-0.0424479452957283
2022-07-12,1723.300048828125,-6133,0.0,0.0,0.0,0.08846153846153847,0.05491990846681922,-2.7860754649045325,-3.1990363468003973,-2.1237118259953616,-1.316699105464465,-0.0218526500925054,-0.051829409172971,-0.0476374419297458,-0.0521944257465107
2022-07-19,1710.0,-18738,0.0,0.0,0.0,0.08076923076923077,0.03775743707093822,-2.92795747898233,-3.495999898711792,-2.297892144689349,-1.472816001851946,-0.0077177789423085,-0.0294017751120964,-0.0679166996860677,-0.0831590679406938
2022-07-26,1717.699951171875,-19093,0.0,0.0,0.0,0.08076923076923077,0.036613272311212815,-2.6681286928772567,-3.332674140769287,-2.253176987350812,-1.466948523171766,0.0045028954221491,-0.0032496358716278,-0.0549106183373452,-0.0678352435623095
2022-08-02,1771.0999755859375,15855,0.057692307692307696,0.028846153846153848,0.019230769230769232,0.13076923076923078,0.08695652173913043,-1.5293901643318675,-2.0220386533764523,-1.6203430627926678,-1.0135336423422547,0.0310880979985073,0.0357309798748173,0.0052786505279065,-0.0413531931875845
2022-08-09,1794.0,40734,0.17307692307692307,0.09615384615384616,0.0641025641025641,0.21153846153846154,0.17391304347826086,-0.8189469885238747,-1.174039445949024,-1.185028300745465,-0.6927891946513466,0.0129298315903858,0.0444198934604791,0.0410259091096483,-0.0085659021829234
2022-08-16,1773.199951171875,36373,0.1346153846153846,0.08653846153846154,0.057692307692307696,0.2,0.14988558352402745,-0.9366109829943452,-1.289554031947572,-1.2476805168842924,-0.7419626678655658,-0.0115942301160116,0.0011856900315538,0.0369590357730262,-0.0334677996463246
2022-08-23,1746.800048828125,22111,0.09615384615384616,0.04807692307692308,0.03205128205128205,0.1576923076923077,0.10411899313501144,-1.2855364942574383,-1.7127609364091119,-1.4809436235392486,-0.9159890109069578,-0.0148882828055024,-0.0263098947446348,0.0169413159943312,-0.0388995604797111
2022-08-30,1723.199951171875,11788,0.057692307692307696,0.028846153846153848,0.019230769230769232,0.13076923076923078,0.07894736842105263,-1.501265300577984,-1.9914522122297142,-1.645303823329731,-1.040270167898068,-0.013510474580123,-0.02819760961924,-0.0270453532123253,-0.0219094656524303
2022-09-06,1700.4000244140625,-6962,0.038461538461538464,0.019230769230769232,0.01282051282051282,0.09615384615384616,0.05263157894736842,-1.9030571884472305,-2.5068884271526852,-1.9558147808448998,-1.2725669206019248,-0.0132311556429114,-0.0265628710310552,-0.0521738994347478,-0.0132884719812054
2022-09-13,1705.0,-18337,0.038461538461538464,0.019230769230769232,0.01282051282051282,0.08846153846153847,0.038901601830663615,-2.0786401943685537,-2.751011828291407,-2.1239905436773223,-1.4117831699016519,0.0027052314278357,-0.0105617175531476,-0.0384615119839152,-0.0029239766081871
2022-09-20,1659.699951171875,-36695,0.0,0.0,0.0,0.06923076923076923,0.02517162471395881,-2.3812012353678074,-3.1670040017374315,-2.4086014521160912,-1.6385565042023442,-0.0265689435942082,-0.0239355873075879,-0.0498626604199391,-0.0337660835121002
2022-09-27,1626.699951171875,-43094,0.0,0.0,0.0,0.06153846153846154,0.019450800915331808,-2.3696138416666126,-3.1710881259202464,-2.486214538506187,-1.7064363660775295,-0.0198831119906338,-0.0459237823038856,-0.0560004658393673,-0.0815312666730122
2022-10-04,1721.0999755859375,-6875,0.11538461538461539,0.057692307692307696,0.038461538461538464,0.11153846153846154,0.05377574370709382,-1.4733822543302395,-2.040948015298677,-1.8157651947172149,-1.2277266969104002,0.0580316144634152,0.0369946533834077,0.0121735773198474,-0.0406354651137471
2022-10-11,1678.699951171875,-5580,0.15384615384615385,0.07692307692307693,0.05128205128205128,0.11923076923076924,0.05606407322654462,-1.3932957098127998,-1.9463964130473677,-1.7694703058201724,-1.2015311478361617,-0.024635422122778,0.0319665590218645,-0.0154252485795454,-0.0532934821803636
2022-10-18,1649.0,-25698,0.038461538461538464,0.019230769230769232,0.01282051282051282,0.08846153846153847,0.03318077803203661,-1.748377933863317,-2.4053926032604283,-2.082329958768919,-1.4487141015251708,-0.0176922332970475,-0.041891799784258,-0.0064469190134759,-0.0559881188998913
2022-10-25,1652.800048828125,-38788,0.019230769230769232,0.009615384615384616,0.00641025641025641,0.06923076923076923,0.02288329519450801,-1.923934299701181,-2.643035082409127,-2.265665125842272,-1.6029952559235447,0.0023044565361582,-0.0154285477435498,0.0160448136962489,-0.0408541691844142
2022-11-01,1645.0,-41401,0.019230769230769232,0.009615384615384616,0.00641025641025641,0.06923076923076923,0.021739130434782608,-1.8682998329640819,-2.598243398067488,-2.2689017295515432,-1.6214303917195683,-0.004719293682049,-0.0024257125530624,-0.0442158948727134,-0.0325805831678652
2022-11-08,1712.0999755859375,-16346,0.15384615384615385,0.07692307692307693,0.05128205128205128,0.11153846153846154,0.04233409610983982,-1.3077834618436424,-1.9040364399452405,-1.813010051738792,-1.2894607701382697,0.0407902587148556,0.0358784638225644,0.0198963634869628,0.0041642085548021
2022-11-15,1773.800048828125,25457,0.3269230769230769,0.16346153846153846,0.10897435897435898,0.21153846153846154,0.11441647597254005,-0.4882402616618365,-0.8858353319663832,-1.0950435867233197,-0.7505389611459536,0.0360376579183536,0.0782979020231762,0.0756822612662977,0.0687474248436812
2022-11-22,1738.300048828125,19431,0.3076923076923077,0.15384615384615385,0.10256410256410256,0.2,0.10068649885583524,-0.5728797819543705,-1.008731574488314,-1.1832656328295295,-0.8206825932218882,-0.0200135297230673,0.0153028874573875,0.0517303953739725,0.0686052136264301
2022-11-29,1748.4000244140625,14720,0.2692307692307692,0.1346153846153846,0.08974358974358974,0.17307692307692307,0.08237986270022883,-0.6360186732864155,-1.0988388956709867,-1.249340480474161,-0.8740630692491176,0.0058102601980287,-0.0143195533402106,0.0628571576985181,0.0158619773490096
2022-12-06,1769.300048828125,23487,0.36538461538461536,0.18269230769230768,0.12179487179487179,0.21153846153846154,0.10869565217391304,-0.4417300262293624,-0.8779119233511753,-1.09091472969985,-0.7563702318163261,0.0119538001156609,0.0178335150027169,0.0334093067331606,0.0539703939307338
2022-12-13,1813.9000244140625,37449,0.46153846153846156,0.25961538461538464,0.17307692307692307,0.27307692307692305,0.15560640732265446,-0.153557279504437,-0.541858930372033,-0.8427837048277571,-0.5759521058573294,0.0252076947691703,0.0374628226294786,0.0226068184023502,0.1000000148053745
2022-12-20,1815.9000244140625,39095,0.4807692307692308,0.2692307692307692,0.1794871794871795,0.27692307692307694,0.16247139588100687,-0.11246516491238136,-0.4914605815304605,-0.8052124686067608,-0.5525944926063908,0.001102596600188,0.0263380852879093,0.0446413009297512,0.0986810084508282
2022-12-27,1814.800048828125,50877,0.5961538461538461,0.38461538461538464,0.2564102564102564,0.34615384615384615,0.2219679633867277,0.12642982964378785,-0.2069306475089286,-0.5932709406418256,-0.3998023620407859,-0.000605746776336,0.0004961819295157,0.0379775929346117,0.1032219141812309
2023-01-03,1839.699951171875,54581,0.6153846153846154,0.4230769230769231,0.28205128205128205,0.3730769230769231,0.2402745995423341,0.21114740679238916,-0.10934229950761663,-0.5195190355483638,-0.34851012744806287,0.0137204659873293,0.0131064080829517,0.0397896910647679,0.0745283437915291
2023-01-10,1871.5999755859373,61809,0.6730769230769231,0.5,0.3333333333333333,0.4115384615384615,0.2780320366132723,0.36210001694011396,0.07274064998435158,-0.37988051928262945,-0.25092583789638023,0.0173397973912767,0.0312981734789403,0.0318098849965633,0.0551358236924306
2023-01-17,1907.199951171875,69377,0.7307692307692307,0.5865384615384616,0.391025641025641,0.4461538461538462,0.30892448512585813,0.5152952579150758,0.25373409419893933,-0.22897672038286077,-0.14841532928612605,0.0190211455708062,0.0366907657724309,0.0502780580044721,0.0971638368517644
2023-01-24,1933.9000244140625,79879,0.7692307692307693,0.6730769230769231,0.46794871794871795,0.49615384615384617,0.35583524027459956,0.72146962184467,0.5019746826869264,-0.01702506580680771,-0.007298684096808153,0.0139996192983236,0.0332870536657392,0.0656270511249128,0.1060970014926454
2023-01-31,1929.5,84447,0.8076923076923077,0.7307692307692307,0.5192307692307693,0.5307692307692308,0.38558352402745993,0.8250858638910787,0.6143554918316321,0.08829238984068316,0.058018776778711874,-0.0022752077969467,0.0116925594583949,0.0488123341911941,0.0905442529535798
2023-02-07,1871.699951171875,59576,0.6346153846153846,0.4807692307692308,0.32051282051282054,0.40384615384615385,0.2643020594965675,0.32069316946498133,0.03076553953344592,-0.38555019004027313,-0.2592710714749982,-0.0299559724426664,-0.0321630241775465,5.341717634199661e-05,0.0318650013671417
2023-02-14,1854.0,41173,0.5192307692307693,0.2980769230769231,0.1987179487179487,0.2923076923076923,0.17734553775743708,-0.03540045816767946,-0.39641943741706953,-0.7412256778567387,-0.4935804890350547,-0.009456617852019,-0.0391293081109095,-0.0278942704141673,0.0209813178444289
2023-02-21,1833.0,36706,0.4423076923076923,0.25,0.16666666666666666,0.2653846153846154,0.15217391304347827,-0.09942083502988071,-0.49536759008456466,-0.8315103519086842,-0.5463295656094801,-0.0113268608414239,-0.0206763648990025,-0.0521743746523988,0.0100286261197906
2023-02-28,1828.9000244140625,26575,0.40384615384615385,0.20192307692307693,0.1346153846153846,0.23076923076923078,0.11670480549199085,-0.2722960082288759,-0.7260299666688209,-1.0466226698886707,-0.6733988735662247,-0.0022367570026936,-0.013538282408812,-0.0521378468960547,-0.00587048271156
2023-03-07,1813.9000244140625,14399,0.2692307692307692,0.1346153846153846,0.08974358974358974,0.17307692307692307,0.08123569794050343,-0.5015368750845406,-1.005960608589991,-1.3127652927444813,-0.8267128057818182,-0.008201651156304,-0.0104200630583402,-0.0308809789312778,-0.030829211329633
2023-03-14,1906.199951171875,59721,0.7307692307692307,0.5096153846153846,0.3525641025641026,0.4230769230769231,0.2654462242562929,0.5711126466741342,0.0614328678401844,-0.30529617574211765,-0.22888436994582304,0.0508847927203859,0.0422658022450284,0.0281553134691883,-0.0005243288724842
2023-03-21,1938.0,81229,0.8846153846153846,0.7115384615384616,0.5256410256410257,0.5307692307692308,0.36727688787185353,1.143621537129789,0.5612091639540834,0.18975875502277287,0.05448415970070458,0.0166824308271413,0.0684161055822385,0.0572831423895254,0.0021200556048288
2023-03-28,1972.4000244140625,99160,0.9230769230769231,0.8365384615384616,0.7307692307692307,0.6615384615384615,0.47254004576659037,1.6312311059197997,0.9718715601633672,0.6119471374564845,0.29336648873736626,0.0177502705954915,0.0347288190840051,0.0784624627286416,0.0222337519637536
2023-04-04,2022.199951171875,110131,0.9807692307692307,0.9230769230769231,0.8397435897435898,0.7307692307692307,0.540045766590389,1.9208509177525952,1.211278148992127,0.8783791087517331,0.43862517114065847,0.0252483908646301,0.0434468272300696,0.1148353955312939,0.080408187170049
2023-04-11,2004.800048828125,104606,0.9615384615384616,0.8557692307692307,0.782051282051282,0.6961538461538461,0.5045766590389016,1.7663307990019992,1.0653582390654766,0.7640439047794861,0.36719933993845677,-0.0086044420749128,0.0164267004730378,0.0517259994659182,0.0813376746645766
2023-04-18,2007.4000244140625,102696,0.9615384615384616,0.8461538461538461,0.7756410256410257,0.6923076923076923,0.49084668192219677,1.7453893647122978,1.004425472096826,0.7348250017723559,0.3438562111746781,0.0012968752606812,-0.0073187257022906,0.0358101261166472,0.0951445850594994
2023-04-25,1994.0,102803,0.9615384615384616,0.8461538461538461,0.782051282051282,0.6923076923076923,0.4919908466819222,1.745265347985038,0.9918669758257521,0.750097664831664,0.3450889867993439,-0.0066753134657223,-0.0053870952539322,0.0109511130189496,0.0902728270446777
2023-05-02,2014.300048828125,113790,1.0,0.9230769230769231,0.8846153846153846,0.75,0.5537757437070938,1.978050155340401,1.2266964178761446,1.0253692827339447,0.486057937867944,0.0101805661123997,0.0034372941766185,-0.0039065881389087,0.1104801927982757
2023-05-09,2036.199951171875,110986,0.9807692307692307,0.9134615384615384,0.8653846153846154,0.7346153846153847,0.5423340961098398,1.8316054666303647,1.1414202845069052,0.9650778661920173,0.4456270128975112,0.0108722145722484,0.021163465983889,0.0156623611227983,0.0681985118717896
2023-05-16,1988.4000244140625,103983,0.9230769230769231,0.8269230769230769,0.7884615384615384,0.6846153846153846,0.4965675057208238,1.5978515223626177,0.9713018133012671,0.8005863097014263,0.3494093991714376,-0.0234750652706295,-0.0128580766451008,-0.0094649794604569,0.0260062045480198
2023-05-23,1972.4000244140625,93139,0.8461538461538461,0.75,0.6794871794871795,0.6115384615384616,0.43592677345537756,1.2887447754650807,0.7226805734539721,0.5459975689429334,0.20288359620135496,-0.008046670591203,-0.0313328397444928,-0.0108324852487149,0.0
2023-05-30,1958.0,86703,0.8269230769230769,0.7115384615384616,0.6025641025641025,0.5615384615384615,0.39244851258581237,1.114731174771065,0.5825609543009511,0.39498354052479284,0.11636852490884,-0.0073007626423754,-0.0152886864015306,-0.0279501799450777,-0.0317475782425327
2023-06-06,1965.5,93428,0.8461538461538461,0.7692307692307693,0.6923076923076923,0.6115384615384616,0.43821510297482835,1.2358301172603883,0.7424945500718628,0.5601852440570878,0.20295908593851267,0.0038304392236976,-0.0034982885462659,-0.0347215169763587,-0.0196029767911753
2023-06-13,1944.5999755859373,74643,0.7307692307692307,0.5865384615384616,0.46794871794871795,0.4653846153846154,0.32837528604118993,0.7954918316001277,0.3209927788314457,0.10558694052002793,-0.04582287411231153,-0.0106334390303041,-0.0068437305485509,-0.0220277852999082,-0.0312842722249422
2023-06-20,1935.5,76039,0.7307692307692307,0.6057692307692307,0.4807692307692308,0.46923076923076923,0.3340961098398169,0.8052349229178825,0.3585510497752679,0.14431166107281007,-0.030763693310748023,-0.0046796131339018,-0.0152632917832612,-0.0187081849307035,-0.0293380140421263
2023-06-27,1914.0,69675,0.6923076923076923,0.5384615384615384,0.4423076923076923,0.4423076923076923,0.3112128146453089,0.6526263679217503,0.21049164073888643,-0.0015895704970271228,-0.11862646827938238,-0.0111082407646603,-0.0157358716291853,-0.0224719101123596,-0.0497939961260872
2023-07-03,1921.699951171875,83148,0.7692307692307693,0.6730769230769231,0.5769230769230769,0.5269230769230769,0.38215102974828374,0.9253426529202456,0.5153005355794225,0.3409524002515663,0.05560092063055645,0.0040229629947099,-0.0071299658114828,-0.0222844308461587,-0.056232198578584
2023-07-11,1931.300048828125,82443,0.75,0.6634615384615384,0.5769230769230769,0.5230769230769231,0.37986270022883295,0.8779953905597262,0.4978580476485605,0.3355854079857439,0.0420209665849934,0.0049956277775808,0.0090386879979753,-0.0068394152652423,-0.0287165433941108
2023-07-18,1977.199951171875,115318,1.0,0.9326923076923077,0.9358974358974359,0.7538461538461538,0.5606407322654462,1.5482513826406985,1.247174663754234,1.1707136666264109,0.473795367841966,0.0237663238146765,0.0288806792996769,0.0215447952321752,0.0024335462879738
2023-07-25,1962.0999755859373,95287,0.8269230769230769,0.7788461538461539,0.7371794871794872,0.6153846153846154,0.4462242562929062,1.0590582115506983,0.7816942153412781,0.6768115373963565,0.2004986981748515,-0.0076370503534496,0.0159477688495379,0.0251306037544081,0.0020939609734103
2023-08-01,1940.699951171875,80009,0.6730769230769231,0.625,0.532051282051282,0.4807692307692308,0.35697940503432496,0.6926950826431388,0.4343359061834925,0.29616598279700973,-0.010665874486929726,-0.0109066941951678,-0.0184604495758593,0.0098870793998895,-0.0126176793834266
2023-08-08,1924.0999755859373,58606,0.5,0.4230769230769231,0.33974358974358976,0.3576923076923077,0.2608695652173913,0.2060800620859065,-0.047769278282302735,-0.24080131192740545,-0.3078474425114929,-0.0085536023102973,-0.0193670049807997,-0.0037280966500035,-0.0105420139141074
2023-08-15,1902.5,29536,0.34615384615384615,0.22115384615384615,0.15384615384615385,0.2,0.12471395881006865,-0.42643276889048864,-0.7123847653943342,-0.9743694544932328,-0.7152059318947293,-0.0112260152071149,-0.0196835946478013,-0.0377806762171932,-0.0170498579178506
2023-08-22,1896.4000244140625,9109,0.19230769230769232,0.125,0.08333333333333333,0.12307692307692308,0.07093821510297482,-0.8619842029481762,-1.166508759704776,-1.4811933441765426,-1.010244896027174,-0.0032062946575229,-0.0143963159520541,-0.0334845074101053,-0.0091953895433319
2023-08-29,1936.5,39242,0.4230769230769231,0.3076923076923077,0.21794871794871795,0.25,0.16361556064073227,-0.20848387868316903,-0.4673634305049442,-0.6987045657652375,-0.6036041578837812,0.0211453148437537,0.0178712220762156,-0.0021641424627948,0.0077015398887323
2023-09-05,1926.199951171875,50365,0.4423076923076923,0.375,0.28846153846153844,0.3038461538461538,0.21624713958810068,0.018331693424646696,-0.20797533899546886,-0.4085782838607681,-0.460016249337087,-0.0053188994723082,0.015713945567481,0.0010914066901841,-0.0026407588294448
2023-09-12,1911.300048828125,34571,0.3269230769230769,0.25,0.17307692307692307,0.21153846153846154,0.14187643020594964,-0.35056133076428847,-0.5595909574275061,-0.8007309445108521,-0.6946644407342426,-0.0077353871464305,-0.0130131428721275,0.0046255184379107,-0.033329912993722
2023-09-19,1932.0,47390,0.4230769230769231,0.36538461538461536,0.28205128205128205,0.28846153846153844,0.20251716247139587,-0.09474984964181322,-0.2629428522098984,-0.4647436543698636,-0.5247420474558586,0.0108302990859896,0.0030111353832171,0.0187723977682066,-0.0153406941340736
2023-09-26,1900.4000244140625,23438,0.21153846153846154,0.20192307692307693,0.1346153846153846,0.15384615384615385,0.10755148741418764,-0.6930727775402361,-0.8013706675925483,-1.0668223892345852,-0.8837395504619465,-0.0163560950237772,-0.005702937338774,-0.0186418670725213,-0.0207656658791987
2023-10-03,1824.5999755859373,-7561,0.07692307692307693,0.08653846153846154,0.057692307692307696,0.07692307692307693,0.05148741418764302,-1.5130543430962637,-1.4947082891825707,-1.8383354107951821,-1.3500615864423318,-0.0398863648991459,-0.0555900747484796,-0.0527463286062932,-0.0517124896120326
2023-10-10,1861.0,-26767,0.038461538461538464,0.038461538461538464,0.02564102564102564,0.046153846153846156,0.030892448512585814,-1.9797773466417157,-1.892385468132834,-2.2877313158333776,-1.6559455375109702,0.0199495916371332,-0.0207324899536404,-0.026317191201332,-0.0218134034165571
2023-10-17,1922.699951171875,15103,0.17307692307692307,0.18269230769230768,0.12179487179487179,0.12307692307692308,0.08352402745995423,-0.9339634011876085,-0.9283174505610846,-1.2001313772718742,-1.0415029648507792,0.0331541919247044,0.0537651961517946,-0.0048136898696299,0.0138683433976112
2023-10-24,1975.0,55748,0.4807692307692308,0.4519230769230769,0.3782051282051282,0.3346153846153846,0.2482837528604119,0.021040835604435017,-0.03157749364403267,-0.1834543873993611,-0.44497300722348887,0.0272013575473637,0.061257388500806,0.0392548803554864,0.0198812290214305
2023-10-31,1985.199951171875,74840,0.6153846153846154,0.6153846153846154,0.5576923076923077,0.4423076923076923,0.3306636155606407,0.4723231627302444,0.39082720752772987,0.294863033083524,-0.16892936020783714,0.0051645322389239,0.0325063720742837,0.0880192796968355,0.0306302572399637
2023-11-07,1966.800048828125,78235,0.6346153846153846,0.6346153846153846,0.5961538461538461,0.46153846153846156,0.34782608695652173,0.5379138554199173,0.46750988198599797,0.3816983896412961,-0.1260733446653076,-0.0092685385836769,-0.0041518740110759,0.0568511815304271,0.0290378269147373
2023-11-14,1961.800048828125,64315,0.5192307692307693,0.5384615384615384,0.47435897435897434,0.38461538461538464,0.28718535469107553,0.10338318728723257,0.1755168741811669,0.03772003529873878,-0.34972137430463324,-0.0025422004656645,-0.011787176566238,0.0203360371608782,0.0154244559151786
2023-11-21,1999.300048828125,79135,0.6346153846153846,0.6538461538461539,0.6089743589743589,0.4653846153846154,0.3524027459954233,0.5188013746241522,0.5279202550623362,0.4090021276893465,-0.13107786003723906,0.0191150979032752,0.0165243030268198,0.0123038221914557,0.0520416876149829
2023-11-28,2039.699951171875,114893,0.9807692307692307,0.9326923076923077,0.9358974358974359,0.7461538461538462,0.5572082379862701,1.5581248052313328,1.341977466458499,1.2963027437190913,0.41630902324164587,0.0202070231366373,0.0397083802655031,0.0274531540099163,0.1178888405481108
2023-12-05,2018.5,109387,0.9038461538461539,0.8942307692307693,0.9038461538461539,0.7153846153846154,0.5354691075514875,1.3336559453540682,1.2064464429812918,1.150186621171749,0.32444592833972824,-0.010393661655821,0.0096033365192627,0.0262863279887954,0.084631918323482
2023-12-12,1977.800048828125,95528,0.7884615384615384,0.7884615384615384,0.782051282051282,0.6115384615384616,0.448512585812357,0.8705728112600059,0.8847527873317511,0.8051847132875013,0.10145895573219868,-0.0201634635481173,-0.0303475529860097,0.0081557751053975,0.0286576684118948
2023-12-19,2038.4000244140625,108276,0.8846153846153846,0.875,0.8846153846153846,0.7038461538461539,0.5240274599542334,1.216677725286738,1.1578677868986669,1.1211870015073226,0.29731849624413104,0.0306400920668616,0.0098588181392431,0.0195568322067793,0.0321012781843355
2023-12-26,2058.199951171875,106454,0.8653846153846154,0.8557692307692307,0.8589743589743589,0.6846153846153846,0.511441647597254,1.1153952349274892,1.1031099196799012,1.0762156738198765,0.264864976601284,0.0097134647373759,0.0406511782580791,0.0090699614859386,0.0367721145453925
2024-01-02,2064.39990234375,109149,0.8846153846153846,0.8846153846153846,0.8974358974358975,0.7115384615384616,0.5331807780320366,1.1531179552083948,1.1530116566517614,1.143567954089374,0.30410463123302606,0.0030123172281415,0.0127550420026909,0.0227396097813969,0.0496236786112436
2024-01-09,2026.4000244140625,88459,0.6538461538461539,0.7211538461538461,0.7307692307692307,0.5384615384615384,0.40160183066361554,0.5113600237956821,0.688141746329906,0.6353786722983741,-0.02677243884951979,-0.0184072271494227,-0.0154503583287457,0.0245727446587604,0.032928929543317
2024-01-16,2026.0,83229,0.5961538461538461,0.6923076923076923,0.6730769230769231,0.49230769230769234,0.38329519450800914,0.34440841500134717,0.5698299316207505,0.5041631003461813,-0.11343356521322721,-0.0001974064396185,-0.0186009998838664,-0.0060832144159863,0.0133546493871816
2024-01-23,2023.699951171875,61033,0.34615384615384615,0.5,0.4358974358974359,0.3230769230769231,0.2723112128146453,-0.3047425670088156,0.08249606521454561,-0.044417173319548274,-0.4699047405200306,-0.0011352659566263,-0.0013324482874343,-0.0167622198126847,-0.0078442910148659
2024-01-30,2031.5,56024,0.28846153846153844,0.46153846153846156,0.38461538461538464,0.2846153846153846,0.2505720823798627,-0.438819738372176,-0.018420531932479976,-0.16275986862982733,-0.5517822462488293,0.0038543504552679,0.0027147087857848,-0.0159367873958907,0.0064404260589545
2024-02-06,2034.5,68069,0.40384615384615385,0.5576923076923077,0.5192307692307693,0.36538461538461536,0.30205949656750575,-0.07522285815323679,0.24433543297337626,0.14025444563308467,-0.3613248949377613,0.0014767413241447,0.0053367836580076,0.0039972243823278,0.0286681918151789
2024-02-13,1992.9000244140625,34176,0.15384615384615385,0.27884615384615385,0.1987179487179487,0.1576923076923077,0.13958810068649885,-1.0592653140379842,-0.4983979078778227,-0.6964791845597694,-0.9021942025319504,-0.0204472723450171,-0.0190007263529103,-0.0163375990058921,-0.0223214283040832
2024-02-20,2027.5,49923,0.25,0.41346153846153844,0.3333333333333333,0.2423076923076923,0.2128146453089245,-0.598145576178103,-0.13835582300183166,-0.3003891536159448,-0.6478331026558173,0.0173616213367804,-0.0034406488080609,0.0018777728516148,-0.0149159226023668
2024-02-27,2034.0,56153,0.3076923076923077,0.4807692307692308,0.40384615384615385,0.28846153846153844,0.2517162471395881,-0.4286803590073927,0.01806708125991536,-0.14313972305726577,-0.5467585175823854,0.003205918618989,0.0206231999008688,0.0012306177701206,-0.0147257817195382
2024-03-05,2133.5,109763,0.9038461538461539,0.9134615384615384,0.9102564102564102,0.7153846153846154,0.5366132723112128,1.1235767093533473,1.2661636467233726,1.1822254930542653,0.30268645005662165,0.0489183874139627,0.0522811344019729,0.0486606045711477,0.052852336308526
2024-03-12,2160.39990234375,141083,1.0,1.0,0.9807692307692307,0.8115384615384615,0.6636155606407322,2.02418661395296,2.0152066776785507,1.9402494528825494,0.79651784484525,0.0126083441967423,0.0621435114767698,0.084048309437366,0.0663375628547631
2024-03-19,2156.300048828125,142896,1.0,1.0,0.9871794871794872,0.8153846153846154,0.6727688787185355,1.959594201107111,2.041693268919506,1.9476657271830686,0.8191015598449789,-0.0018977289858128,0.0106866879906843,0.06352653456381,0.0655235958173861
2024-03-26,2175.60009765625,135795,0.9615384615384616,0.9807692307692307,0.9615384615384616,0.7884615384615384,0.6441647597254004,1.6607676340913486,1.852274122956468,1.7389897027006267,0.7002418872364649,0.0089505395311815,0.0070358248470618,0.0696165671859636,0.070932856340758
2024-04-02,2261.0,147080,1.0,1.0,0.9935897435897436,0.8269230769230769,0.6864988558352403,1.9120503683659928,2.0841255647456243,1.979769980626776,0.874237762001218,0.0392534926045233,0.0485553720729987,0.0597609561752987,0.1113295650036865
2024-04-09,2343.5,141732,0.9615384615384616,0.9807692307692307,0.967948717948718,0.8038461538461539,0.665903890160183,1.700879058840074,1.9236651794954132,1.8166822242154081,0.7822635930680609,0.0364882795223353,0.0771740645372405,0.0847528725851221,0.175924517683228
2024-04-16,2390.800048828125,134736,0.9038461538461539,0.9519230769230769,0.9423076923076923,0.7730769230769231,0.6384439359267735,1.4631659920588502,1.7474900935779325,1.6212497801138515,0.6641495238357406,0.0201835070740878,0.0574082480442834,0.1087510989611315,0.1791862139719482
2024-04-23,2327.699951171875,142139,0.9615384615384616,0.9807692307692307,0.967948717948718,0.8038461538461539,0.6704805491990846,1.6118809929066524,1.8851469305754271,1.7682236542843017,0.7779622185248792,-0.0263928795246508,-0.0067420733211542,0.0699116780144846,0.144395256230027
2024-04-30,2291.39990234375,135027,0.8846153846153846,0.9423076923076923,0.9358974358974359,0.7730769230769231,0.6418764302059496,1.381880857908034,1.6907243907953657,1.5744821728825842,0.656572983563702,-0.0155948144475621,-0.0415761019132892,0.0134453349596417,0.0740097972082258
2024-05-07,2315.199951171875,126099,0.8461538461538461,0.9230769230769231,0.9166666666666666,0.7423076923076923,0.6041189931350115,1.1360126617147557,1.4652477607267862,1.3469242809297857,0.5056851702129546,0.010386684927315,-0.0053701079444139,-0.0120759756040644,0.0716534233593453
2024-05-14,2353.39990234375,130435,0.8461538461538461,0.9230769230769231,0.9230769230769231,0.7576923076923077,0.620137299771167,1.227294012435726,1.5285289740918084,1.4315561080450925,0.5717268001229404,0.0164996337152389,0.0270576951393701,-0.0156433602645721,0.0914065060763422
2024-05-21,2421.699951171875,148523,1.0,1.0,0.9935897435897436,0.8269230769230769,0.6945080091533181,1.6391621980479312,1.8708273763563412,1.8263542782426834,0.8605648216072328,0.0290218626932485,0.0460003465126601,0.0403832117419926,0.1131181478529743
2024-05-28,2355.199951171875,148828,1.0,1.0,1.0,0.8307692307692308,0.6990846681922197,1.5815027830253963,1.8291726918850615,1.8125389371302305,0.8587899084429976,-0.0274600492797715,0.0007648716337296,0.027843262436586,0.0416629593860571
2024-06-04,2325.5,152299,1.0,1.0,1.0,0.8346153846153846,0.7116704805491991,1.5974100856562634,1.8516264486321452,1.8703035298827768,0.9107755198693035,-0.0126103735511277,-0.0397241413517489,0.0044488808938127,-0.0076808192873906
2024-06-11,2307.5,152965,1.0,1.0,1.0,0.8423076923076923,0.7208237986270023,1.549728978493583,1.8170281716847392,1.8624741350296936,0.9192030900670392,-0.0077402709094818,-0.020253036753054,-0.0195036560926336,-0.0348419136384723
2024-06-18,2330.39990234375,160621,1.0,1.0,1.0,0.8538461538461538,0.7505720823798627,1.6515950574524818,1.9185870838336216,2.0034525143138033,1.0433905060721835,0.0099241180254605,0.0021070317539237,-0.0377008096250505,0.0011599223390093
2024-06-25,2316.60009765625,158202,0.9807692307692307,0.9903846153846154,0.9935897435897436,0.8538461538461538,0.7402745995423341,1.5238074710999838,1.8192730478916375,1.9126581974097072,1.0064144031092985,-0.0059216466125068,0.0039437042930661,-0.0163892044479785,0.0109977290680356
2024-07-02,2323.0,150815,0.9230769230769231,0.9615384615384616,0.9743589743589743,0.8269230769230769,0.7070938215102975,1.3017064183698208,1.631578809990684,1.720317131507613,0.8910293571383671,0.0027626271578875,-0.0031753787563704,-0.0010750376263168,0.00336906055314
2024-07-09,2360.10009765625,157467,0.9615384615384616,0.9807692307692307,0.9871794871794872,0.8576923076923076,0.7379862700228833,1.3922628745888608,1.718161189900471,1.8348373345277722,1.0039473914957993,0.0159707695463839,0.0187775179859526,0.022795275257313,0.0028470279555239
2024-07-16,2462.39990234375,184532,1.0,1.0,1.0,0.8923076923076924,0.8375286041189931,1.8895216095096714,2.1851031455036556,2.371494192609325,1.4507254219310435,0.0433455363986854,0.0600085675177572,0.0566426388308907,0.0168063558626163
2024-07-23,2404.60009765625,162860,0.9807692307692307,0.9903846153846154,0.9935897435897436,0.8692307692307693,0.7540045766590389,1.3769685160242515,1.7272050961681018,1.8738632478922668,1.0944650863088992,-0.0234729560509181,0.0188551324768775,0.0379867030520422,0.0209749267614391
2024-07-30,2405.0,152364,0.8846153846153846,0.9423076923076923,0.9615384615384616,0.8346153846153846,0.7139588100686499,1.1237567997992646,1.4995117869390657,1.631377638524409,0.9256707253165983,0.0001663072143014,-0.023310552558549,0.0352991820921222,0.0341861965168781
2024-08-06,2389.10009765625,150786,0.8269230769230769,0.9134615384615384,0.9423076923076923,0.8269230769230769,0.7059496567505721,1.0543767774088675,1.4381775257604328,1.5784283246518236,0.9111140382996782,-0.0066111860057173,-0.0064459782793436,0.0122876144231336,0.0353629892334776
2024-08-13,2466.699951171875,177915,0.9807692307692307,0.9903846153846154,0.9935897435897436,0.8884615384615384,0.8123569794050344,1.5325889513641988,1.9010791627891548,2.0970982042094115,1.3739992935742673,0.0324807878881892,0.0256548653521309,0.0017462837064086,0.0584878366545775
2024-08-20,2511.300048828125,193305,1.0,1.0,1.0,0.9115384615384615,0.8615560640732265,1.7629978374433846,2.124770018021216,2.357581459389791,1.6435401873410387,0.0180808766931954,0.051148945702089,0.0443732624297381,0.0840455594251492
2024-08-27,2516.0,200291,1.0,1.0,1.0,0.9346153846153846,0.8924485125858124,1.8307705160996497,2.1834468964053544,2.4375706511149473,1.7701049689252137,0.0018715211565691,0.0199862365930252,0.0461538461538462,0.0830822212656048
2024-09-03,2489.89990234375,192090,0.9615384615384616,0.9807692307692307,0.9871794871794872,0.9115384615384615,0.8558352402745996,1.5903725456033913,1.9749021437298535,2.221864040997442,1.6409778980855858,-0.0103736477171104,-0.0085215410617146,0.0421915367993104,0.0549975845585535
2024-09-10,2512.300048828125,190455,0.9423076923076923,0.9711538461538461,0.9807692307692307,0.9076923076923077,0.8489702517162472,1.4903781367628808,1.898655432294625,2.142076425553799,1.6168916436180072,0.0089964044190249,-0.0014705688282492,0.0184862766282483,0.0202648426183249
2024-09-17,2564.300048828125,216355,1.0,1.0,1.0,0.9653846153846154,0.9450800915331807,1.911189554136287,2.303434359260466,2.5759339855441237,2.062384614508699,0.0206981646257802,0.02988077810451,0.0211046067652218,0.0664143494494298
2024-09-24,2651.199951171875,219029,1.0,1.0,1.0,0.9730769230769231,0.9553775743707094,1.8642235320021892,2.2969517389584997,2.554191962940437,2.115867949502233,0.0338883518656341,0.0552879431772255,0.0537360696231616,0.1023700420673077
2024-10-01,2667.300048828125,214462,0.9615384615384616,0.9807692307692307,0.9871794871794872,0.9576923076923077,0.9399313501144165,1.706387836181523,2.172485963861952,2.4056092825953623,2.0292404392161116,0.0060727587329403,0.0401669063833114,0.0712479029046058,0.1164454982211897
2024-10-08,2615.0,194059,0.9230769230769231,0.9615384615384616,0.9743589743589743,0.9192307692307692,0.8627002288329519,1.2959492213195707,1.7707805337546552,1.9890238721313622,1.6793104670705057,-0.0196078610845086,-0.0136541761612035,0.0408788557002894,0.0601208301632596
2024-10-15,2661.39990234375,199421,0.9230769230769231,0.9615384615384616,0.9743589743589743,0.9384615384615385,0.8890160183066361,1.40864783715015,1.8249504598775892,2.042867888235869,1.7657038900020152,0.0177437485062141,-0.0022120295341228,0.0378660264659742,0.0597697808295221
2024-10-22,2744.199951171875,205160,0.9423076923076923,0.9711538461538461,0.9807692307692307,0.9461538461538461,0.902745995423341,1.5016098092537566,1.8916459159794585,2.0996093118949815,1.8587565927517822,0.0311114645924528,0.0494072471020554,0.0350784556852803,0.0906995036454192
2024-10-29,2768.39990234375,195173,0.8846153846153846,0.9423076923076923,0.9615384615384616,0.9192307692307692,0.8695652173913043,1.2424786071210319,1.6960667110106042,1.8897399708361473,1.6884854490525982,0.008818581591163,0.0402044051725449,0.0379034423067787,0.1118518859886081
2024-11-05,2740.300048828125,183003,0.7692307692307693,0.8846153846153846,0.9230769230769231,0.8923076923076924,0.8306636155606407,0.9455020181676627,1.469452766154479,1.6543040016214061,1.4837483576786623,-0.0101502147474559,-0.0014211436532111,0.0479158886532027,0.0907534910514975
2024-11-12,2600.0,165296,0.7307692307692307,0.8653846153846154,0.9102564102564102,0.8807692307692307,0.7585812356979404,0.5431488394754466,1.1405590399073906,1.3439400513593516,1.1837820233701135,-0.0511987907631222,-0.0608293267895224,-0.0230705285175965,0.0139219087049464
2024-11-19,2627.10009765625,155174,0.6346153846153846,0.8173076923076923,0.8782051282051282,0.8576923076923076,0.7288329519450801,0.2997396883212058,0.9425417083147654,1.171043264899213,1.0179708325166161,0.010423114483173,-0.0413093271374732,-0.0426717643026044,-0.0090901682104257
2024-11-26,2620.300048828125,179290,0.75,0.875,0.9166666666666666,0.8923076923076924,0.816933638443936,0.7925582575461111,1.3493383998735957,1.5567356083055566,1.4330596825135704,-0.0025884239562061,0.0078077110877403,-0.0534965535110164,-0.0176208147338539
2024-12-03,2644.699951171875,180735,0.75,0.875,0.9166666666666666,0.8961538461538462,0.8226544622425629,0.795150692143201,1.3511738726178113,1.5592723146705765,1.4640549146149504,0.0093118734072696,0.006699346374859,-0.0348867262536206,0.0113575339089389
2024-12-10,2697.60009765625,196078,0.8846153846153846,0.9423076923076923,0.9615384615384616,0.9346153846153846,0.879862700228833,1.094799853352706,1.597327901936825,1.7847867753405284,1.7257809093057936,0.020002324445514,0.0295004569658714,0.0375384990985576,0.0136019375670002
2024-12-17,2644.39990234375,183502,0.75,0.875,0.9166666666666666,0.9076923076923077,0.8329519450800915,0.7834279651463208,1.3415506473290648,1.5528052082106545,1.5131186730090909,-0.0197213053775916,-0.0001134528807292,0.0065851334339843,-0.0363676301304162
2024-12-24,2620.0,165497,0.6538461538461539,0.8269230769230769,0.8846153846153846,0.8884615384615384,0.7608695652173914,0.36612581839053426,0.9991364351659642,1.2439560791897,1.2139420111611925,-0.0092270092439967,-0.0287663459545657,-0.0001145093395923,-0.0536049369955956
2024-12-31,2629.199951171875,166169,0.6538461538461539,0.8269230769230769,0.8846153846153846,0.8923076923076924,0.7643020594965675,0.358677138904801,0.9919070574943598,1.2401771844596334,1.2397550363601497,0.0035114317449904,-0.005747977512177,-0.0058607782682991,-0.0405430411548404
2025-01-07,2656.699951171875,177641,0.6538461538461539,0.8269230769230769,0.8846153846153846,0.8961538461538462,0.8100686498855835,0.5872320173056196,1.1744493300524788,1.4058432815660769,1.4527957739545179,0.0104594555418817,0.0140076149510972,-0.01516167890115,0.0218076735276442
2025-01-14,2677.5,195622,0.8653846153846154,0.9326923076923077,0.9551282051282052,0.9461538461538461,0.8729977116704806,0.9566549984461568,1.4663457323492441,1.6679237326109384,1.7808021859842738,0.0078292803893604,0.0183706259413998,0.0125170544844268,0.0191846143923917
2025-01-21,2755.0,215869,0.9615384615384616,0.9807692307692307,0.9871794871794872,0.9807692307692307,0.9439359267734554,1.3782436127477153,1.7861854223876306,1.955084712385697,2.1451445909597653,0.0289449112978523,0.0370008095136089,0.0515267175572518,0.0514063079272608
2025-01-28,2766.800048828125,210540,0.9230769230769231,0.9615384615384616,0.9743589743589743,0.9730769230769231,0.9267734553775744,1.2250436885329157,1.648569899182646,1.838912970159654,2.0530835304886628,0.0042831393205535,0.0333520257061157,0.0523353492361504,0.0461678450903841
2025-02-04,2853.300048828125,209533,0.9038461538461539,0.9519230769230769,0.967948717948718,0.9653846153846154,0.919908466819222,1.1835138503088996,1.5920044410678236,1.790724943189017,2.0262989087142325,0.0312635530119485,0.0356805984857078,0.0740016190272181,0.0577179513402121
2025-02-11,2912.5,194803,0.7692307692307693,0.8846153846153846,0.9230769230769231,0.9384615384615385,0.868421052631579,0.7922305641705153,1.3079774506561794,1.5385671372207126,1.7643294699859637,0.0207478884655643,0.052660094188442,0.087768440709617,0.1013840975484197
2025-02-18,2931.60009765625,185329,0.6730769230769231,0.8365384615384616,0.8910256410256411,0.9230769230769231,0.8386727688787186,0.5330032132269401,1.123670976237158,1.377702139534882,1.611948736591298,0.006557973444206,0.0274419260113507,0.064101668840744,0.1189313349833014
2025-02-25,2904.5,179812,0.5769230769230769,0.7884615384615384,0.8589743589743589,0.9076923076923077,0.8203661327231121,0.343064635962509,1.0102368034882492,1.285138133418489,1.5275300562573273,-0.0092441317892968,-0.0027467811158797,0.0497686673202848,0.1047086771416603
2025-03-04,2909.60009765625,166658,0.5,0.75,0.8333333333333334,0.8961538461538462,0.7677345537757437,-0.17012849734393606,0.7691043899068774,1.0835678255855157,1.3029845464851053,0.0017559296458082,-0.0075044341885472,0.0197315556950443,0.0951933417896215
2025-03-11,2912.89990234375,167576,0.5,0.75,0.8333333333333334,0.9,0.7700228832951945,-0.18610518540002163,0.7703029251966045,1.092663552319615,1.3290154081905081,0.0011341093541199,0.0028920304161645,0.0001373055257509,0.0879177973272642
2025-03-18,3035.10009765625,183834,0.6346153846153846,0.8173076923076923,0.8782051282051282,0.926923076923077,0.8352402745995423,0.4256890498414606,1.0358184350749502,1.3247271867113595,1.6167904699091094,0.0419513884477034,0.0431330752638801,0.0353049517506653,0.101669726916969
2025-03-25,3023.699951171875,174732,0.4807692307692308,0.7403846153846154,0.8269230769230769,0.8961538461538462,0.7929061784897025,0.04032397794196973,0.8593154679220303,1.1780288704262236,1.44887515416558,-0.0037561023088426,0.0380377124318531,0.0410397490693321,0.0928509100079566
2025-04-01,3118.89990234375,141999,0.09615384615384616,0.5384615384615384,0.6923076923076923,0.7884615384615384,0.6693363844393593,-1.3120055189057134,0.28148256834692553,0.6896020592758587,0.8629197293878892,0.0314845893141544,0.0276102276666958,0.0719342169585763,0.0930851466619184
2025-04-08,2968.39990234375,130986,0.038461538461538464,0.4807692307692308,0.6538461538461539,0.7461538461538462,0.6235697940503433,-1.744717367757186,0.08673692899050056,0.5245056543078893,0.6683861209954916,-0.0482541936940342,-0.0182888678510223,0.0190531778848095,0.0191930995171674
2025-04-15,3218.699951171875,124854,0.0,0.4519230769230769,0.6346153846153846,0.7230769230769231,0.5949656750572082,-1.9579169376198944,-0.02313593970325419,0.4337076318703932,0.5618282244611901,0.0843215392341498,0.0319984776533317,0.0604921905730237,0.0979328161931618
2025-04-22,3400.800048828125,120902,0.0,0.4423076923076923,0.6282051282051282,0.7192307692307692,0.5778032036613272,-2.079375540789497,-0.09491214209332356,0.3737998225063562,0.4934604782170149,0.0565756673249242,0.1456677539111108,0.1247147877586529,0.1708728004228352
2025-04-29,3318.800048828125,105895,0.0,0.34615384615384615,0.5576923076923077,0.6269230769230769,0.5080091533180778,-2.58260418510358,-0.3567311084917134,0.1518549523614747,0.2279367907454483,-0.0241119733070622,0.031099543037494,0.0640931587237398,0.1406378668675103
2025-05-06,3411.39990234375,102091,0.0,0.33653846153846156,0.5256410256410257,0.6,0.4897025171624714,-2.5947696002206784,-0.4208494093380236,0.0930618404572915,0.1620508473083065,0.0279016066509707,0.003116870549116,0.1492386519923485,0.1711353004608575
2025-05-13,3240.300048828125,101227,0.0,0.33653846153846156,0.5192307692307693,0.5807692307692308,0.4805491990846682,-2.518020683533729,-0.43404462020470946,0.07681832046354665,0.1480666999309511,-0.0501553199312908,-0.0236531272884964,0.0067108142989176,0.0676089567294118
2025-05-20,3280.300048828125,107629,0.057692307692307696,0.375,0.5641025641025641,0.6461538461538462,0.517162471395881,-2.1857557892217003,-0.32324417346170586,0.16489495177071894,0.2644657062919351,0.012344535813733,-0.0384299282606986,-0.035432838823183,0.0848629499619502
2025-05-27,3299.10009765625,110816,0.07692307692307693,0.41346153846153844,0.5961538461538461,0.6923076923076923,0.5411899313501144,-1.9729015987886371,-0.2710491054411726,0.2071685588006422,0.3218888552999449,0.0057311979234464,0.0181464827152011,-0.0059358656387964,0.0577768447063933
2025-06-03,3350.199951171875,123582,0.11538461538461539,0.4423076923076923,0.6282051282051282,0.7346153846153847,0.5881006864988558,-1.4841557779905432,-0.05504441674083956,0.3883368826704217,0.5494677025791909,0.0154890279176214,0.0213089965257053,-0.0179398349427836,0.1286215002657385
2025-06-10,3320.89990234375,124091,0.1346153846153846,0.4423076923076923,0.6282051282051282,0.7346153846153847,0.5915331807780321,-1.4248545513518014,-0.05134274976973675,0.38982362549986355,0.5560214122717635,-0.008745761224752,0.0066078033530982,0.0248741944576318,0.0317519348563899
2025-06-17,3386.60009765625,130511,0.17307692307692307,0.47115384615384615,0.6474358974358975,0.7576923076923077,0.6212814645308925,-1.1878515140099315,0.05172517795918491,0.4764952738552676,0.6691163616648168,0.0197838529448393,0.010865066866126,0.0324055870639334,-0.0041754737026565
2025-06-24,3317.39990234375,125128,0.17307692307692307,0.4423076923076923,0.6282051282051282,0.7384615384615385,0.597254004576659,-1.317792560289191,-0.051094317340338855,0.3904105699478536,0.5728384796735928,-0.0204335301827904,-0.0010539311942313,0.0055469079887877,-0.0004218833505409
2025-07-01,3336.699951171875,130360,0.19230769230769232,0.4519230769230769,0.6346153846153846,0.7538461538461538,0.6189931350114416,-1.1229545703709007,0.03101743833217539,0.4597916005395166,0.6676711953808343,0.005817824017686,-0.0147345848477679,-0.0040296102312573,-0.0218971546316084
2025-07-08,3307.0,128942,0.19230769230769232,0.4423076923076923,0.6282051282051282,0.7538461538461538,0.6121281464530892,-1.1423937708984526,-0.001804690194460282,0.43002844792012707,0.6432354765147917,-0.0089009954765169,-0.0031349558840954,-0.0041855830505279,0.0205844984003864
2025-07-15,3329.800048828125,136727,0.2692307692307692,0.5096153846153846,0.6730769230769231,0.7846153846153846,0.6498855835240275,-0.8866455424542923,0.1276551412266807,0.5360909443960764,0.7831280009075375,0.0068944810487223,-0.002067882172422,-0.0167719976348652,0.0150900829994755
2025-07-22,3439.199951171875,159934,0.36538461538461536,0.6634615384615384,0.7756410256410257,0.8653846153846154,0.7459954233409611,-0.18358244996231657,0.5335981208024998,0.8744802497959413,1.1988345070770725,0.0328547963059377,0.0399757941251512,0.0367155158900418,0.0424660814672324
2025-07-29,3323.39990234375,134256,0.2692307692307692,0.46153846153846156,0.6410256410256411,0.7692307692307693,0.6350114416475973,-0.9254776880662801,0.06950753262807194,0.4758686379716433,0.7345948196742137,-0.0336706357502323,-0.0019220813233598,-0.0039859888580793,-0.0079995371078525
2025-08-05,3381.89990234375,153987,0.34615384615384615,0.625,0.75,0.85,0.7242562929061785,-0.341730856248152,0.41024728708808816,0.7667459787929519,1.0845695758966396,0.0176024558340825,-0.0166608657948487,0.0226488969893408,0.018368515099461
2025-08-12,3348.89990234375,148287,0.3269230769230769,0.5480769230769231,0.6987179487179487,0.8153846153846154,0.6910755148741419,-0.507809046543455,0.29511864230269447,0.6697665767275013,0.9768297660438122,-0.009757828721403,0.0076728653635744,0.0057360361690026,-0.0111321662509226
2025-08-19,3313.39990234375,137385,0.3076923076923077,0.4807692307692308,0.6538461538461539,0.7769230769230769,0.6510297482837528,-0.8042235646231096,0.08139110249246269,0.49388698266996295,0.7777453860419011,-0.0106004959942681,-0.0202548868913972,-0.0365782887340585,-0.0012057635852626
2025-08-26,3388.60009765625,141917,0.3269230769230769,0.5,0.6666666666666666,0.7884615384615384,0.6681922196796338,-0.6433253209069923,0.1448746838421773,0.5542183367536103,0.8538411308424237,0.0226957800232041,0.0118546975037132,0.0196185223651594,0.0155543342955206
2025-09-02,3549.39990234375,161502,0.4423076923076923,0.6730769230769231,0.782051282051282,0.8692307692307693,0.7517162471395881,-0.048070499072332046,0.49866484340321826,0.8464645659748443,1.1967174965583787,0.0474531665151984,0.0712259331670361,0.0495283730556064,0.0732990330643332
2025-09-09,3643.300048828125,163519,0.46153846153846156,0.6826923076923077,0.7884615384615384,0.8730769230769231,0.7562929061784897,0.027584489631072757,0.5226138142005042,0.867622872088921,1.2252676050772875,0.0264552175206773,0.0751637678780803,0.0879095091132275,0.0941497974061029
2025-09-16,3688.89990234375,158971,0.4230769230769231,0.6346153846153846,0.7564102564102564,0.8538461538461538,0.7448512585812357,-0.09057122387237625,0.41924721431962114,0.7868508352305124,1.1382319477426552,0.0125160851163748,0.0393024183913131,0.1133277029839918,0.0726040808086172
2025-09-23,3780.60009765625,160549,0.46153846153846156,0.6442307692307693,0.7628205128205128,0.8576923076923076,0.7494279176201373,-0.012141016294213507,0.43533594941264947,0.8041019782403156,1.15802978735657,0.0248584124644417,0.0376856275870793,0.1156819892294549,0.1375700212875585
2025-09-30,3840.800048828125,145227,0.36538461538461536,0.49038461538461536,0.6602564102564102,0.7923076923076923,0.6807780320366132,-0.45417149496512704,0.10947412744278011,0.5487645788899871,0.8818588178384693,0.0159233850756115,0.0411776276140929,0.0820984263542567,0.1356930008976151
2025-10-07,3976.60009765625,129759,0.21153846153846154,0.3269230769230769,0.5512820512820513,0.7153846153846154,0.6167048054919908,-0.9192448096114576,-0.24436264122928203,0.2852547556195996,0.6062458084646764,0.0353572295099191,0.0518436213662238,0.0914830083608764,0.1874347438313099
2025-10-14,4138.7001953125,108310,0.07692307692307693,0.20192307692307693,0.4423076923076923,0.6230769230769231,0.5263157894736842,-1.5740182015467206,-0.780666074531983,-0.08170808905256759,0.22724615069812992,0.0407634898343913,0.0775620034100104,0.1219334503175237,0.2490795911429133
2025-10-21,4087.699951171875,92227,0.0,0.125,0.33974358974358976,0.5076923076923077,0.43249427917620137,-2.0254453780731834,-1.211767616209516,-0.36934195056705593,-0.05543353504737915,-0.0123227684378752,0.0279384023505671,0.0812304516698312,0.2063093411344592
2025-10-28,3966.199951171875,104159,0.057692307692307696,0.15384615384615385,0.40384615384615385,0.5769230769230769,0.4988558352402746,-1.553954308247928,-0.9522310288188264,-0.18595097897529123,0.154038699772977,-0.0297233166453834,-0.0416798115350319,0.0326494221905697,0.1174283147280481
2025-11-04,3947.699951171875,100545,0.019230769230769232,0.125,0.36538461538461536,0.5384615384615384,0.4782608695652174,-1.6048764166782257,-1.0546499297272747,-0.2708863335182478,0.08988028413362488,-0.004664414358266,-0.0342490891387133,-0.007267551620644,0.0835505992545579
2025-11-10,4111.7998046875,104087,0.07692307692307693,0.14423076923076922,0.3974358974358974,0.573076923076923,0.4977116704805492,-1.423270756178192,-0.981301858562409,-0.22548161356173424,0.15048942180834549,0.0415684716531994,0.0367101647189032,-0.0064997195630327,0.1146411975220742
2025-11-18,4061.300048828125,98205,0.019230769230769232,0.10576923076923077,0.34615384615384615,0.5230769230769231,0.4679633867276888,-1.5431431879215693,-1.1491882190091034,-0.34338213742042784,0.04661803170154966,-0.0122816669726489,0.0287762745551438,-0.0064583757758887,0.0742474591126134
2025-11-25,4139.2001953125,109309,0.19230769230769232,0.21153846153846154,0.44871794871794873,0.6307692307692307,0.534324942791762,-1.1458248956347097,-0.8861538479156973,-0.15244905054848698,0.24011268539828445,0.0191810862403167,0.0066638435542905,0.0436186390677326,0.0776921846206029
2025-12-02,4186.60009765625,120324,0.23076923076923078,0.25,0.5,0.676923076923077,0.5755148741418764,-0.7745588134495502,-0.6114606405086606,0.03886022879473229,0.43129075531670485,0.0114514640769076,0.0308522018372614,0.0605162878231051,0.0528089309568169
2025-12-09,4206.7001953125,123548,0.2692307692307692,0.25961538461538464,0.5064102564102564,0.6807692307692308,0.5869565217391305,-0.6474020511192057,-0.535385811034425,0.08803976314378262,0.48609940983221145,0.0048010550774846,0.0163074982641433,0.0230800124356278,0.0164302792642523
2025-12-16,4304.5,132596,0.46153846153846156,0.36538461538461536,0.5769230769230769,0.7307692307692307,0.6247139588100686,-0.3421399384125383,-0.3197831000319565,0.24913764068127037,0.64266984874252,0.0232485796816415,0.0281612524706511,0.0598822909531271,0.0530371728399419
2025-12-23,4482.7998046875,136270,0.5,0.40384615384615385,0.6025641025641025,0.7461538461538462,0.648741418764302,-0.20314809437203982,-0.23489524408422818,0.30945594300956347,0.7047793636852926,0.0414217225432687,0.0656332984420082,0.0830111116065646,0.1302505823900752
2025-12-30,4370.10009765625,126040,0.36538461538461536,0.27884615384615385,0.5192307692307693,0.6923076923076923,0.602974828375286,-0.5041427237443026,-0.5002422005567084,0.10501453053620347,0.5237138090201862,-0.0251404729056613,0.0152398879443025,0.0438303147469774,0.1069990505126878
2026-01-06,4482.2001953125,123213,0.2692307692307692,0.22115384615384615,0.4807692307692308,0.6653846153846154,0.585812356979405,-0.569752413999432,-0.5770723651101431,0.042410807777727474,0.473580950215386,0.0256516086934417,-0.0001337577855635,0.0654907616917859,0.0900823017216789
2026-01-13,4589.2001953125,134745,0.5384615384615384,0.375,0.5833333333333334,0.7346153846153847,0.6395881006864989,-0.17986195102985883,-0.29741186256634733,0.25760292611253005,0.6717081040140762,0.0238722045730801,0.0501361737168803,0.0661401313305842,0.1299830448717274
2026-01-20,4759.60009765625,137444,0.6153846153846154,0.4230769230769231,0.6153846153846154,0.7538461538461538,0.6521739130434783,-0.059998241441396795,-0.24437696364861777,0.30254592637625294,0.7145296964968791,0.0371306317204902,0.0618892263299295,0.0617471903785018,0.149884004896968
2026-01-27,5079.89990234375,118159,0.23076923076923078,0.17307692307692307,0.44871794871794873,0.6461538461538462,0.5697940503432495,-0.6797491155060171,-0.7783595179162791,-0.07816688585232962,0.3750649687593408,0.0672955286401526,0.1069248858510161,0.1624218642195807,0.2133711803970932
2026-02-03,4903.7001953125,92072,0.0,0.038461538461538464,0.24358974358974358,0.47307692307692306,0.4302059496567506,-1.6214849717752673,-1.5215046949922235,-0.5894457773706587,-0.08148156500882042,-0.0346856651545349,0.030275673312808,0.0940386376406849,0.1656880613400173
2026-02-10,5003.7998046875,92022,0.0,0.028846153846153848,0.23717948717948717,0.46923076923076923,0.4290617848970252,-1.6231694884124834,-1.5472697811821992,-0.5966748980788742,-0.08265244991724834,0.0204130769394683,-0.0149806293665627,0.0903424543994573,0.162457847528749
2026-02-17,4882.89990234375,95893,0.057692307692307696,0.04807692307692308,0.27564102564102566,0.49615384615384617,0.45080091533180777,-1.4433712971143269,-1.5120900436291596,-0.5312666833999407,-0.016838886670771675,-0.0241616185824405,-0.0042417546220776,0.0259054967135192,0.0892522787294405
2026-02-24,5155.7998046875,95974,0.07692307692307693,0.04807692307692308,0.27564102564102566,0.49615384615384617,0.45308924485125857,-1.4102824018270241,-1.566154790314754,-0.541683098393753,-0.017229437638650445,0.0558888995886974,0.0303769147314023,0.0149412200639487,0.1797898651000311
2026-03-03,5107.39990234375,97917,0.09615384615384616,0.04807692307692308,0.27564102564102566,0.5,0.465675057208238,-1.295070230731542,-1.5589736250132704,-0.5177004647660746,0.013315916614650198,-0.0093874673527366,0.0459767770156913,0.0415400001871992,0.1394850028530823
2026-03-10,5229.7001953125,98399,0.1346153846153846,0.0673076923076923,0.28205128205128205,0.5038461538461538,0.4691075514874142,-1.2320808005628698,-1.5338121502936775,-0.5265530777451733,0.017179808232134684,0.0239457053113516,0.0143334484317665,0.0451457691039876,0.1395668030900503
2026-03-17,5001.0,102043,0.19230769230769232,0.09615384615384616,0.30128205128205127,0.5269230769230769,0.488558352402746,-1.0357194006875132,-1.3974371426307293,-0.45966428553090155,0.07727705048155796,-0.0437310336675683,-0.020832498801381,0.0241864670622395,0.0507185262187512
2026-03-24,4399.2998046875,91621,0.0,0.0,0.1987179487179487,0.4423076923076923,0.425629290617849,-1.5064978397809372,-1.6782270019196956,-0.6765262566580584,-0.1097042259046368,-0.1203159758673265,-0.1587854675434945,-0.1467279624224766,-0.1339790371346169
2026-03-31,4647.60009765625,92814,0.07692307692307693,0.038461538461538464,0.22435897435897437,0.46153846153846156,0.43363844393592677,-1.4268138549040374,-1.610283674727869,-0.650735461033244,-0.09218304494275338,0.0564408664997515,-0.0706658472992901,-0.0900261999215101,-0.0522258880959033
2026-04-07,4657.10009765625,90032,0.0,0.0,0.1987179487179487,0.4269230769230769,0.4073226544622426,-1.4990941538178506,-1.6550945741035685,-0.704602824761738,-0.14302878426402696,0.0020440657114175,0.0586003010511038,-0.1094900426929796,-0.0692872857755951
2026-04-14,4825.0,95141,0.11538461538461539,0.057692307692307696,0.25,0.46923076923076923,0.4450800915331808,-1.19670948600952,-1.475955096123716,-0.5976799001783251,-0.05554721093907254,0.0360524572852209,0.0381702165883874,-0.0351929614077184,-0.0118576877473892
2026-04-21,4698.39990234375,92976,0.11538461538461539,0.057692307692307696,0.23717948717948717,0.4576923076923077,0.43478260869565216,-1.254159096207762,-1.511363364609502,-0.6405444506154874,-0.09645667234630019,-0.0262383622085492,0.0088681376439136,0.0679881142307137,-0.0887156056617821
2026-04-28,4591.5,89752,0.0,0.0,0.1987179487179487,0.4115384615384615,0.40503432494279173,-1.3570833482549494,-1.5710921951697854,-0.7045307057067509,-0.15646185270708432,-0.0227524060458166,-0.0483937823834197,-0.0120707669501386,-0.1010102815929896
2026-05-05,4555.7998046875,94254,0.15384615384615385,0.07692307692307693,0.26282051282051283,0.4653846153846154,0.4416475972540046,-1.1238335045504761,-1.4187071066300656,-0.6087419646293247,-0.07942269088468745,-0.007775279388544,-0.0303507791205928,-0.0217517963635204,-0.1288602339440093
2026-05-12,4677.60009765625,98015,0.25,0.125,0.3076923076923077,0.49230769230769234,0.4668192219679634,-0.9433758831454204,-1.297012668768167,-0.52949810053511,-0.013717770765008252,0.0267352162497194,0.0187520630853206,-0.0305492025582901,-0.0646670470593381
2026-05-19,4506.2998046875,93540,0.15384615384615385,0.07692307692307693,0.26282051282051283,0.4576923076923077,0.43935926773455375,-1.136078233791734,-1.3995720833968204,-0.6194906522711165,-0.09334868011626929,-0.0366214061468361,-0.0108652711098211,-0.0408862807868743,0.0243220523152321
2026-05-26,4500.39990234375,97446,0.25,0.125,0.30128205128205127,0.48846153846153845,0.4610983981693364,-0.9421624100366082,-1.2685418256938805,-0.5401625146233942,-0.023268104036425763,-0.0013092565074371,-0.037882715839964,-0.0198410318319176,-0.0316723023107629
