date,gold_close,mm_long,mm_short,mm_net,mm_net_percentile_156w,gold_return_1w,gold_return_2w,gold_return_4w,gold_return_8w,mm_long_percentile_156w,mm_short_percentile_156w,mm_long_velocity_4w,mm_long_velocity_8w,mm_long_velocity_12w,mm_long_acceleration_8w,mm_short_velocity_4w,mm_short_velocity_8w,mm_short_velocity_12w,mm_short_acceleration_8w,mm_net_velocity_4w,mm_net_velocity_8w,mm_net_velocity_12w,mm_net_acceleration_8w,mm_long_change_8w,mm_short_change_8w,mm_net_change_8w,mm_net_change_8w_from_components,mm_net_change_8w_reconciliation_error,mm_structure_contribution_state,mm_structure_state
2009-09-01,954.7000122070312,157220,7182,150038,,,,,,,,,,,,,,,,,,,,,,,,,NEUTRAL_STRUCTURE,MM_STRUCTURE_NEUTRAL
2009-09-08,997.9000244140624,194723,7174,187549,,0.045249828904017,,,,,,,,,,,,,,,,,,,,,,,NEUTRAL_STRUCTURE,MM_STRUCTURE_NEUTRAL
2009-09-15,1005.0,207387,5527,201860,,0.007114916737382,0.0526866944064319,,,,,,,,,,,,,,,,,,,,,,NEUTRAL_STRUCTURE,MM_STRUCTURE_NEUTRAL
2009-09-22,1014.2000122070312,208236,5170,203066,,0.0091542410020211,0.0163342894019264,,,,,,,,,,,,,,,,,,,,,,NEUTRAL_STRUCTURE,MM_STRUCTURE_NEUTRAL
2009-09-29,993.0999755859376,198175,3726,194449,,-0.0208046108924582,-0.0118408203124998,0.040222020412606,,,,,,,,,,,,,,,,,,,,,NEUTRAL_STRUCTURE,MM_STRUCTURE_NEUTRAL
2009-10-06,1038.5999755859375,215753,6378,209375,,0.0458161324323409,0.0240583347320306,0.0407855999359985,,,,,,,,,,,,,,,,,,,,,NEUTRAL_STRUCTURE,MM_STRUCTURE_NEUTRAL
2009-10-13,1064.199951171875,232086,5232,226854,,0.0246485424491704,0.0715939757666268,0.0589054240516169,,,,,,,,,,,,,,,,,,,,,NEUTRAL_STRUCTURE,MM_STRUCTURE_NEUTRAL
2009-10-20,1057.800048828125,233990,6715,227275,,-0.0060138156712961,0.0184864949870189,0.0429895840034693,,,,,,,,,,,,,,,,,,,,,NEUTRAL_STRUCTURE,MM_STRUCTURE_NEUTRAL
2009-10-27,1034.699951171875,217920,7549,210371,,-0.0218378678294081,-0.0277203545889239,0.0418890107830212,0.0837958918424055,,,,,,,,,,,,,,,60700.0,367.0,60333.0,60333.0,0.0,MIXED_LONG_AND_SHORT_UP,MM_STRUCTURE_NEUTRAL
2009-11-03,1084.300048828125,227499,9278,218221,,0.0479366966240544,0.0250519935495916,0.0440016120897801,0.0865818441730112,,,,,,,,,,,,,,,32776.0,2104.0,30672.0,30672.0,0.0,MIXED_LONG_AND_SHORT_UP,MM_STRUCTURE_NEUTRAL
2009-11-09,1100.800048828125,223460,8495,214965,,0.0152171901290907,0.0638833485798338,0.0343921249159491,0.0953234316697761,,,,,,,,,,,,,,,16073.0,2968.0,13105.0,13105.0,0.0,MIXED_LONG_AND_SHORT_UP,MM_STRUCTURE_NEUTRAL
2009-11-17,1138.800048828125,222637,8401,214236,,0.034520347305992,0.0502628401233604,0.0765740180195067,0.1228554872031089,,,,,,,,,,,,,,,14401.0,3231.0,11170.0,11170.0,0.0,MIXED_LONG_AND_SHORT_UP,MM_STRUCTURE_NEUTRAL
2009-11-24,1165.5,225366,3589,221777,,0.0234456884677431,0.05877538908247,0.1264135063309746,0.1735978538438134,,,,,,,,,,,,,,,27191.0,-137.0,27328.0,27328.0,0.0,LONG_BUILDING,MM_STRUCTURE_NEUTRAL
2009-12-01,1199.0999755859375,224030,6874,217156,,0.0288288078815421,0.0529504075977724,0.1058746855926866,0.1545349545280436,,,,,,,,,,,,,,,8277.0,496.0,7781.0,7781.0,0.0,MIXED_LONG_AND_SHORT_UP,MM_STRUCTURE_NEUTRAL
2009-12-08,1142.800048828125,213164,5353,207811,,-0.0469518204520866,-0.0194765775820463,0.038154068075044,0.0738583924662814,,,,,,,,,,,,,,,-18922.0,121.0,-19043.0,-19043.0,0.0,LONG_LIQUIDATION,MM_STRUCTURE_NEUTRAL
2009-12-15,1122.4000244140625,212517,4429,208088,,-0.0178509131452886,-0.0639646007284719,-0.0144011448111007,0.0610701196861391,,,,,,,,,,,,,,,-21473.0,-2286.0,-19187.0,-19187.0,0.0,MIXED_LONG_AND_SHORT_DOWN,MM_STRUCTURE_NEUTRAL
2009-12-22,1086.0,206996,4813,202183,,-0.0324305271046877,-0.0497025257273747,-0.0682110682110682,0.0495796378167641,,,,,,,,,,,,,,,-10924.0,-2736.0,-8188.0,-8188.0,0.0,MIXED_LONG_AND_SHORT_DOWN,MM_STRUCTURE_NEUTRAL
2009-12-29,1097.0,201751,5926,195825,,0.0101289134438304,-0.0226300996628384,-0.0851471751019313,0.0117125800977329,,,,,,,,,,,,,,,-25748.0,-3352.0,-22396.0,-22396.0,0.0,MIXED_LONG_AND_SHORT_DOWN,MM_STRUCTURE_NEUTRAL
2010-01-05,1118.0999755859375,198506,6907,191599,,0.0192342530409639,0.0295579885690031,-0.0216136438456718,0.0157157757907346,,,,,,,,,,,,,,,-24954.0,-1588.0,-23366.0,-23366.0,0.0,MIXED_LONG_AND_SHORT_DOWN,MM_STRUCTURE_NEUTRAL
2010-01-12,1128.9000244140625,202180,11137,191043,,0.0096592872408081,0.029079329456757,0.0057911616701837,-0.0086933824987538,,,,,,,,,,,,,,,-20457.0,2736.0,-23193.0,-23193.0,0.0,LONG_LIQUIDATION,MM_STRUCTURE_NEUTRAL
2010-01-19,1139.699951171875,200320,7695,192625,,0.0095667698859498,0.0193184653050528,0.0494474688507136,-0.0221364640309952,0.2,0.8,,,,,,,,,,,,,-25046.0,4106.0,-29152.0,-29152.0,0.0,LONG_LIQUIDATION,MM_STRUCTURE_NEUTRAL
2010-01-26,1097.9000244140625,182133,7766,174367,,-0.0366762556362597,-0.0274603590482602,0.0008204415807315,-0.0843965918041352,0.047619047619047616,0.8095238095238095,,,,,,,,,,,,,-41897.0,892.0,-42789.0,-42789.0,0.0,LONG_LIQUIDATION,MM_STRUCTURE_NEUTRAL
2010-02-02,1117.4000244140625,187024,8423,178601,,0.0177611800404202,-0.0195664891754036,-0.0006260184126273,-0.0222261317192878,0.09090909090909091,0.8636363636363636,,,,,,,,,,,,,-26140.0,3070.0,-29210.0,-29210.0,0.0,LONG_LIQUIDATION,MM_STRUCTURE_NEUTRAL
2010-02-09,1076.699951171875,166132,13404,152728,,-0.0364239058107499,-0.0193096573192096,-0.0462397662443856,-0.0407163865361146,0.043478260869565216,1.0,,,,,,,,,,,,,-46385.0,8975.0,-55360.0,-55360.0,0.0,LONG_LIQUIDATION,MM_STRUCTURE_NEUTRAL
2010-02-16,1119.300048828125,167613,10459,157154,,0.0395654310282862,0.0017003976844003,-0.017899362303889,0.0306630283868554,0.08333333333333333,0.9166666666666666,-0.11666666666666668,,,,0.11666666666666659,,,,,,,,-39383.0,5646.0,-45029.0,-45029.0,0.0,LONG_LIQUIDATION,MM_STRUCTURE_NEUTRAL
2010-02-23,1102.699951171875,171565,6909,164656,,-0.0148307843581618,0.0241478602945062,0.0043719160680173,0.0051959445504785,0.12,0.52,0.07238095238095238,,,,-0.2895238095238095,,,,,,,,-30186.0,983.0,-31169.0,-31169.0,0.0,LONG_LIQUIDATION,MM_STRUCTURE_NEUTRAL
2010-03-02,1136.9000244140625,182360,5689,176671,,0.0310148496931028,0.0157240907872417,0.0174512256792058,0.0168142824779804,0.19230769230769232,0.3076923076923077,0.1013986013986014,,,,-0.5559440559440559,,,,,,,,-16146.0,-1218.0,-14928.0,-14928.0,0.0,MIXED_LONG_AND_SHORT_DOWN,MM_STRUCTURE_NEUTRAL
2010-03-09,1122.0,179078,4670,174408,,-0.013105835248567,0.0175025389341989,0.0420730480936872,-0.0061121660597392,0.14814814814814814,0.1111111111111111,0.10466988727858292,,,,-0.8888888888888888,,,,,,,,-23102.0,-6467.0,-16635.0,-16635.0,0.0,MIXED_LONG_AND_SHORT_DOWN,MM_STRUCTURE_NEUTRAL
2010-03-16,1122.199951171875,176715,6438,170277,,0.0001782096006015,-0.0129299612336305,0.0025908176692979,-0.015354918618717,0.14285714285714285,0.42857142857142855,0.05952380952380952,-0.05714285714285716,,,-0.4880952380952381,-0.3714285714285715,,,,,,,-23605.0,-1257.0,-22348.0,-22348.0,0.0,MIXED_LONG_AND_SHORT_DOWN,MM_STRUCTURE_NEUTRAL
2010-03-23,1103.5,162654,8962,153692,,-0.0166636535247994,-0.016488413547237,0.000725536286888,0.0051006243386562,0.034482758620689655,0.8620689655172413,-0.08551724137931034,-0.013136288998357962,,,0.3420689655172413,0.05254515599343179,,,,,,,-19479.0,1196.0,-20675.0,-20675.0,0.0,LONG_LIQUIDATION,MM_STRUCTURE_NEUTRAL
2010-03-30,1104.5,155355,8135,147220,,0.0009062075215224,-0.0157725467314372,-0.0284985695472747,-0.0115446788367729,0.0,0.7333333333333333,-0.19230769230769232,-0.09090909090909091,,,0.42564102564102557,-0.13030303030303036,,,,,,,-31669.0,-288.0,-31381.0,-31381.0,0.0,MIXED_LONG_AND_SHORT_DOWN,MM_STRUCTURE_NEUTRAL
2010-04-06,1135.0999755859375,181635,6500,175135,,0.0277048217165571,0.0286361355559017,0.0116755575632241,0.0542398319517896,0.25806451612903225,0.41935483870967744,0.10991636798088411,0.21458625525946703,,,0.30824372759856633,-0.5806451612903225,,,,,,,15503.0,-6904.0,22407.0,22407.0,0.0,LONG_BUILDING,MM_STRUCTURE_NEUTRAL
2010-04-13,1152.800048828125,200201,3506,196695,,0.0155934046541148,0.0437302388665685,0.0272679548990315,0.0299294188676875,0.46875,0.0,0.32589285714285715,0.3854166666666667,0.26875,,-0.42857142857142855,-0.9166666666666666,-0.8,,,,,,32588.0,-6953.0,39541.0,39541.0,0.0,LONG_BUILDING,MM_STRUCTURE_NEUTRAL
2010-04-20,1138.5999755859375,199008,6768,192240,,-0.0123178978493473,0.0030834288391146,0.03180786188123,0.0325564759261214,0.45454545454545453,0.48484848484848486,0.42006269592476486,0.33454545454545453,0.4069264069264069,,-0.37722048066875646,-0.035151515151515156,-0.3246753246753247,,,,,,27443.0,-141.0,27584.0,27584.0,0.0,LONG_BUILDING,MM_STRUCTURE_NEUTRAL
2010-04-27,1161.699951171875,210203,4760,205443,,0.020288052065037,0.0077202480627904,0.0517880952212539,0.0218136390405954,0.6764705882352942,0.14705882352941177,0.6764705882352942,0.48416289592760187,0.5855614973262032,,-0.5862745098039215,-0.16063348416289594,-0.7165775401069518,,,,,,27843.0,-929.0,28772.0,28772.0,0.0,LONG_BUILDING,MM_STRUCTURE_NEUTRAL
2010-05-04,1168.5999755859375,217433,9645,207788,,0.0059395925833534,0.0263481474119666,0.0295128188886686,0.0415329550676804,0.7714285714285715,0.9142857142857143,0.5133640552995392,0.6232804232804233,0.7279503105590063,,0.4949308755760368,0.8031746031746032,-0.08571428571428574,,,,,,38355.0,4975.0,33380.0,33380.0,0.0,MIXED_LONG_AND_SHORT_UP,MM_STRUCTURE_NEUTRAL
2010-05-11,1219.9000244140625,224664,7134,217530,,0.0438987248843669,0.0500990580084621,0.0582060832267901,0.0870611989780989,0.8888888888888888,0.5833333333333334,0.42013888888888884,0.746031746031746,0.8055555555555555,0.8031746031746032,0.5833333333333334,0.15476190476190482,-0.33333333333333326,0.5261904761904763,,,,,47949.0,696.0,47253.0,47253.0,0.0,MIXED_LONG_AND_SHORT_UP,MM_STRUCTURE_NEUTRAL
2010-05-18,1214.300048828125,226337,6542,219795,,-0.0045905201031758,0.0391066868021054,0.0664852229627277,0.1004078376330992,0.918918918918919,0.43243243243243246,0.46437346437346444,0.8844361602982294,0.798918918918919,0.8975724492965873,-0.052416052416052406,-0.42963653308480887,-0.08756756756756756,-0.48218168907824066,,,,,63683.0,-2420.0,66103.0,66103.0,0.0,LONG_BUILDING,MM_STRUCTURE_NEUTRAL
2010-05-25,1197.800048828125,212919,7703,205216,,-0.0135880748880176,-0.0181162186602565,0.0310752338586515,0.08447265625,0.6578947368421053,0.7105263157894737,-0.018575851393188847,0.6578947368421053,0.465587044534413,0.7488038277511962,0.5634674922600619,-0.02280701754385961,0.40283400809716596,0.10749601275917076,,,,,57564.0,-432.0,57996.0,57996.0,0.0,LONG_BUILDING,MM_STRUCTURE_NEUTRAL
2010-06-01,1224.800048828125,210717,4459,206258,,0.022541324845007,0.0086469567469202,0.048091797378319,0.0790239407730446,0.6153846153846154,0.10256410256410256,-0.15604395604395604,0.35732009925558317,0.4672364672364673,0.14273384399611613,-0.8117216117216117,-0.31679073614557485,-0.008547008547008544,0.26385442514474766,,,,,29082.0,-2041.0,31123.0,31123.0,0.0,LONG_BUILDING,MM_STRUCTURE_NEUTRAL
2010-06-08,1244.0,215177,5161,210016,,0.0156759882482413,0.0385706706366184,0.019755697273236,0.0791116822597153,0.7,0.2,-0.18888888888888888,0.23124999999999996,0.5571428571428572,-0.15416666666666673,-0.38333333333333336,0.2,-0.22857142857142854,1.1166666666666667,,,,,14976.0,1655.0,13321.0,13321.0,0.0,MIXED_LONG_AND_SHORT_UP,MM_STRUCTURE_NEUTRAL
2010-06-15,1233.199951171875,215511,4021,211490,,-0.0086817112766278,0.0068581825676663,0.0155644417226117,0.0830844700635577,0.7073170731707317,0.07317073170731707,-0.2116018457481873,0.25277161862527714,0.6728343145500421,-0.0817738359201774,-0.3592617007251154,-0.4116777531411678,-0.7888982338099243,-0.3765262379896526,,,,,16503.0,-2747.0,19250.0,19250.0,0.0,LONG_BUILDING,MM_STRUCTURE_NEUTRAL
2010-06-22,1239.9000244140625,223219,4354,218865,,0.0054330793930219,-0.0032958003102391,0.0351477490981289,0.0673152074796099,0.8095238095238095,0.09523809523809523,0.15162907268170422,0.13305322128851538,0.8095238095238095,-0.3511096746390865,-0.6152882205513784,-0.05182072829131654,-0.638095238095238,0.1088127558715794,,,,,13016.0,-406.0,13422.0,13422.0,0.0,LONG_BUILDING,MM_STRUCTURE_NEUTRAL
2010-06-29,1242.0,219365,4903,214462,,0.0016936652508978,0.0071359464616931,0.0140430686529868,0.0628102224435351,0.7674418604651163,0.23255813953488372,0.1520572450805009,-0.003986710963455153,0.5093773443360841,-0.6272671342438785,0.12999403697078116,-0.6817275747508306,-0.18679669917479372,-1.4849021779254339,,,,,1932.0,-4742.0,6674.0,6674.0,0.0,SHORT_COVERING,MM_STRUCTURE_NEUTRAL
2010-07-06,1194.800048828125,193032,11299,181733,,-0.038003181297806,-0.0363738807144957,-0.0395497999773915,-0.0205754365797258,0.2727272727272727,0.9772727272727273,-0.42727272727272725,-0.6161616161616161,-0.1960227272727273,-1.3621933621933622,0.7772727272727273,0.3939393939393939,0.9772727272727273,0.2391774891774891,,,,,-31632.0,4165.0,-35797.0,-35797.0,0.0,LONG_LIQUIDATION,MM_STRUCTURE_NEUTRAL
2010-07-13,1213.300048828125,188892,8138,180754,,0.0154837623401045,-0.0231078511850845,-0.0161368011122929,-0.0008235196901829,0.26666666666666666,0.7777777777777778,-0.440650406504065,-0.6522522522522523,-0.18787878787878787,-1.5366884125504816,0.7046070460704608,0.34534534534534533,0.29292929292929293,0.7749818784301542,,,,,-37445.0,1596.0,-39041.0,-39041.0,0.0,LONG_LIQUIDATION,MM_STRUCTURE_NEUTRAL
2010-07-20,1191.5,169169,20798,148371,,-0.0179675661013783,-0.0027620092846177,-0.0390354250028625,-0.0052596832286729,0.10869565217391304,1.0,-0.7008281573498965,-0.5491990846681922,-0.5677749360613811,-1.2070938215102975,0.9047619047619048,0.2894736842105263,0.8529411764705882,0.31228070175438594,,,,,-43750.0,13095.0,-56845.0,-56845.0,0.0,LONG_LIQUIDATION,MM_STRUCTURE_NEUTRAL
2010-07-27,1158.0,167161,14269,152892,,-0.0281158203944608,-0.0455782136344071,-0.0676328502415458,-0.0545395543476983,0.0851063829787234,0.9787234042553191,-0.6823354774863929,-0.530278232405892,-0.686322188449848,-0.8875983316614752,0.7461652647204354,0.8761593016912166,0.06443768996960486,1.1929500378367914,,,,,-43556.0,9810.0,-53366.0,-53366.0,0.0,LONG_LIQUIDATION,MM_STRUCTURE_NEUTRAL
2010-08-03,1185.199951171875,167800,11435,156365,,0.0234887315819301,-0.0052874937709819,-0.0080348989487119,-0.0472669202798432,0.125,0.9375,-0.1477272727272727,-0.575,-0.7638888888888888,-0.8062499999999999,-0.03977272727272729,0.7375,0.35416666666666663,0.5375000000000001,,,,,-47377.0,6274.0,-53651.0,-53651.0,0.0,LONG_LIQUIDATION,MM_STRUCTURE_NEUTRAL
2010-08-10,1196.199951171875,167837,9244,158593,,0.0092811343681913,0.0329878680240716,-0.0140938737064802,-0.0300032447818701,0.14285714285714285,0.8163265306122449,-0.12380952380952381,-0.5644599303135889,-0.7760617760617761,-0.817231548938866,0.038548752834467126,0.7431557989049279,0.38389409817981246,1.1548335520460957,,,,,-47674.0,5223.0,-52897.0,-52897.0,0.0,LONG_LIQUIDATION,MM_STRUCTURE_NEUTRAL
2010-08-17,1226.5999755859375,182555,5336,177219,,0.0254138318466579,0.0349308354030286,0.0294586450574381,-0.0107267106752499,0.3,0.28,0.19130434782608696,-0.5095238095238095,-0.3578947368421053,-0.6425770308123249,-0.72,0.1847619047619048,-0.43052631578947365,0.23658263305322133,,,,,-40664.0,982.0,-41646.0,-41646.0,0.0,LONG_LIQUIDATION,MM_STRUCTURE_NEUTRAL
2010-08-24,1231.800048828125,201864,5780,196084,0.5192307692307693,0.0042394206307589,0.0297609924004542,0.0637306121140974,-0.0082125210723631,0.5098039215686274,0.35294117647058826,0.424697538589904,-0.2576379388964889,-0.105580693815988,-0.25365122793303374,-0.6257822277847309,0.12038303693570454,0.25037707390648567,0.8021106116865351,,,,,-17501.0,877.0,-18378.0,-18378.0,0.0,LONG_LIQUIDATION,MM_STRUCTURE_NEUTRAL
2010-08-31,1248.300048828125,215631,6431,209200,0.7169811320754716,0.0133950311300095,0.0176912389320906,0.053240044090332,0.0447773667673294,0.7307692307692307,0.40384615384615385,0.6057692307692307,0.458041958041958,0.03076923076923077,1.0742035742035743,-0.5336538461538461,-0.5734265734265734,0.20384615384615384,-0.9673659673659674,,,,,22599.0,-4868.0,27467.0,27467.0,0.0,LONG_BUILDING,MM_STRUCTURE_NEUTRAL
2010-09-07,1257.300048828125,217437,6410,211027,0.7777777777777778,0.0072098050532394,0.0207014117463784,0.0510784987044954,0.0362647310881572,0.7735849056603774,0.39622641509433965,0.6307277628032346,0.5069182389937108,0.06626783248964574,1.159170491245963,-0.42010011551790527,-0.38155136268343814,0.32305568338702256,-0.7268967080287835,,,,,28545.0,-1728.0,30273.0,30273.0,0.0,LONG_BUILDING,MM_STRUCTURE_NEUTRAL
2010-09-14,1269.699951171875,225821,7571,218250,0.9090909090909092,0.0098623255087815,0.0171432360063108,0.0351377600226585,0.0656315158807174,0.9259259259259259,0.6481481481481481,0.625925925925926,0.8172302737520128,0.1164021164021164,1.3664293584202052,0.3681481481481481,-0.35185185185185186,0.5529100529100529,-0.6413255360623782,,,,,56652.0,-13227.0,69879.0,69879.0,0.0,LONG_BUILDING,MM_STRUCTURE_NEUTRAL
2010-09-21,1272.4000244140625,219781,5982,213799,0.7857142857142857,0.0021265443380504,0.0120098425193027,0.0329598749606823,0.0987910400812284,0.8,0.36363636363636365,0.29019607843137263,0.7148936170212766,0.032558139534883734,1.2451718494271686,0.010695187165775388,-0.6150870406189555,0.13107822410147993,-1.491246342310172,0.2664835164835164,,,,52620.0,-8287.0,60907.0,60907.0,0.0,LONG_BUILDING,MM_STRUCTURE_NEUTRAL
2010-09-28,1306.5999755859375,231457,7049,224408,0.9649122807017544,0.0268783012540603,0.029062003491459,0.0467034562824404,0.1024299944444204,0.9642857142857143,0.5714285714285714,0.23351648351648358,0.8392857142857143,0.6915584415584416,1.4142857142857141,0.16758241758241754,-0.3660714285714286,-0.4058441558441559,-1.1035714285714286,0.24793114862628274,,,,63657.0,-4386.0,68043.0,68043.0,0.0,LONG_BUILDING,MM_STRUCTURE_NEUTRAL
2010-10-05,1338.9000244140625,227061,8345,218716,0.896551724137931,0.0247206868449849,0.0522634381672721,0.0649009563484812,0.1192944984677431,0.9298245614035088,0.7543859649122807,0.15623965574313137,0.786967418546366,0.6631578947368422,1.3514273488599549,0.35815954981794107,-0.0619405656999642,-0.023391812865497075,-0.8050963646048921,0.11877394636015326,,,,59224.0,-899.0,60123.0,60123.0,0.0,LONG_BUILDING,MM_STRUCTURE_NEUTRAL
2010-10-12,1345.699951171875,233925,9966,223959,0.9491525423728814,0.0050787412307264,0.029924978047243,0.0598566613551929,0.0970976503803078,0.9827586206896551,0.8793103448275862,0.05683269476372921,0.6827586206896552,0.8740629685157421,1.1922824302134647,0.23116219667943805,0.5993103448275862,-0.12068965517241381,0.41454844006568137,0.04006163328197221,,,,51370.0,4630.0,46740.0,46740.0,0.0,MIXED_LONG_AND_SHORT_UP,MM_STRUCTURE_NEUTRAL
2010-10-19,1335.0999755859375,220360,11613,208747,0.6333333333333333,-0.0078769235123377,-0.0028381871378245,0.0492769176114626,0.0838609536150669,0.7627118644067796,0.9491525423728814,-0.03728813559322042,0.2529079428381522,0.6776054814280562,0.5105458817346411,0.5855161787365177,0.5962113659022932,-0.029570861882437738,0.47582832896658867,-0.1523809523809524,0.11410256410256403,,,18496.0,5833.0,12663.0,12663.0,0.0,MIXED_LONG_AND_SHORT_UP,MM_STRUCTURE_NEUTRAL
2010-10-26,1338.0,209780,11743,198037,0.4754098360655737,0.0021721402644694,-0.0057218930305895,0.0240318574933244,0.0718576845815901,0.5166666666666667,0.95,-0.4476190476190476,-0.214102564102564,0.3916666666666667,-0.672144522144522,0.37857142857142856,0.5461538461538461,0.012499999999999956,1.1195804195804195,-0.4895024446361807,-0.24157129600989796,,,-5851.0,5312.0,-11163.0,-11163.0,0.0,LONG_LIQUIDATION,MM_STRUCTURE_LONG_LIQUIDATION
2010-11-02,1356.4000244140625,211627,16033,195594,0.4193548387096774,0.013751886707072,0.0159538979983704,0.0130704307124487,0.0788196705140544,0.5573770491803278,0.9836065573770492,-0.37244751222318095,-0.2162078564800496,0.414519906323185,-0.7231260954737604,0.22922059246476845,0.5873801422827095,0.16728002676480425,0.9689315049661477,-0.47719688542825367,-0.3584229390681004,,,-5810.0,9623.0,-15433.0,-15433.0,0.0,SHORT_BUILDING,MM_STRUCTURE_LONG_LIQUIDATION
2010-11-09,1409.800048828125,208053,19379,188674,0.3333333333333333,0.039368935013939,0.0536622188551008,0.0476332763484383,0.1103411065952582,0.4838709677419355,0.9838709677419355,-0.49888765294771964,-0.44205495818399043,0.1838709677419355,-1.2592852319360033,0.10456062291434931,0.33572281959378736,0.7038709677419355,0.6875746714456392,-0.615819209039548,-0.5757575757575759,,,-17768.0,11808.0,-29576.0,-29576.0,0.0,LONG_LIQUIDATION,MM_STRUCTURE_LONG_LIQUIDATION
2010-11-16,1338.300048828125,183835,17233,166602,0.171875,-0.0507164119191464,-0.0133441280301924,0.0023968791107071,0.0517919075366328,0.25396825396825395,0.9682539682539683,-0.5087436104385257,-0.5460317460317461,-0.25583566760037346,-1.2609253630530226,0.019101425881086875,0.6046176046176046,0.61531279178338,1.21970464523656,-0.4614583333333333,-0.6138392857142857,-0.3473557692307693,,-35946.0,11251.0,-47197.0,-47197.0,0.0,LONG_LIQUIDATION,MM_STRUCTURE_LONG_LIQUIDATION
2010-11-23,1377.5,185172,15166,170006,0.1846153846153846,0.0292908538755567,-0.022911085054206,0.0295216741405082,0.0542629922997417,0.265625,0.9375,-0.2510416666666667,-0.6986607142857143,-0.4651442307692307,-1.5379464285714286,-0.012499999999999956,0.3660714285714286,0.5336538461538461,0.7321428571428572,-0.2907944514501891,-0.7802968960863698,-0.532365747460087,,-46285.0,8117.0,-54402.0,-54402.0,0.0,LONG_LIQUIDATION,MM_STRUCTURE_LONG_LIQUIDATION
2010-11-30,1385.0,187247,11873,175374,0.2575757575757575,0.0054446460980035,0.034894978306821,0.0210852072184914,0.0344312306709473,0.2923076923076923,0.8923076923076924,-0.2650693568726355,-0.6375168690958164,-0.4812772133526851,-1.4244842876421824,-0.0912988650693568,0.13792172739541164,0.4960812772133527,0.19986229309537584,-0.16177908113391987,-0.6389759665621735,-0.5202020202020203,,-39814.0,3528.0,-43342.0,-43342.0,0.0,LONG_LIQUIDATION,MM_STRUCTURE_LONG_LIQUIDATION
2010-12-07,1408.300048828125,190212,10455,179757,0.3134328358208955,0.0168231399481046,0.022359382089383,-0.0010639806696324,0.0465186147935399,0.3181818181818182,0.7878787878787878,-0.16568914956011732,-0.6645768025078369,-0.6077441077441077,-1.347335423197492,-0.19599217986314765,-0.09143155694879834,0.1397306397306397,-0.6907419017763845,-0.01990049751243783,-0.635719706551986,-0.5956580732700136,,-43713.0,489.0,-44202.0,-44202.0,0.0,LONG_LIQUIDATION,MM_STRUCTURE_LONG_LIQUIDATION
2010-12-14,1403.5999755859375,180601,11976,168625,0.1764705882352941,-0.0033374089890138,0.0134295852606047,0.0487931886537642,0.0513070191391002,0.1791044776119403,0.8955223880597015,-0.07486377635631367,-0.5836073867948394,-0.6208955223880598,-0.8365153296329916,-0.07273158019426673,-0.053630154313179856,0.5318860244233379,-0.649841520215473,0.004595588235294101,-0.4568627450980392,-0.6092436974789917,-0.5709653092006033,-39759.0,363.0,-40122.0,-40122.0,0.0,LONG_LIQUIDATION,MM_STRUCTURE_LONG_LIQUIDATION
2010-12-21,1388.199951171875,172385,14735,157650,0.1304347826086956,-0.010971804418587,-0.0142725960089085,0.0077676596529037,0.0375186481105194,0.14705882352941177,0.9264705882352942,-0.11856617647058823,-0.3696078431372549,-0.8172268907563025,-0.1555052790346909,-0.011029411764705843,-0.0235294117647058,0.35504201680672276,-0.5696832579185519,-0.054180602006689005,-0.34497505345687807,-0.8344774980930588,-0.1034037574469801,-37395.0,2992.0,-40387.0,-40387.0,0.0,LONG_LIQUIDATION,MM_STRUCTURE_LONG_LIQUIDATION
2010-12-28,1405.199951171875,180866,12952,167914,0.1857142857142857,0.0122460744834698,0.0011399085307546,0.0145848022901624,0.0359775330871827,0.2028985507246377,0.8840579710144928,-0.08940914158305463,-0.3544784984556901,-0.7269260106788711,-0.13827064197564054,-0.008249721293199563,-0.09954858636255637,0.12967200610221208,-0.6869287286452659,-0.07186147186147182,-0.2336405529953917,-0.7108374384236453,0.12478238607270872,-30761.0,-3081.0,-27680.0,-27680.0,0.0,MIXED_LONG_AND_SHORT_DOWN,MM_STRUCTURE_LONG_LIQUIDATION
2011-01-04,1378.5,172298,16163,156135,0.0985915492957746,-0.0190008198830411,-0.006987430855106,-0.0211602980862793,-0.0222017646077844,0.14285714285714285,0.9571428571428572,-0.17532467532467533,-0.34101382488479265,-0.8399014778325122,0.10104113329919778,0.16926406926406934,-0.026728110599078314,0.077832512315271,-0.3624509301928657,-0.21484128652512088,-0.23474178403755872,-0.8505609930771068,0.34101579172001717,-35755.0,-3216.0,-32539.0,-32539.0,0.0,MIXED_LONG_AND_SHORT_DOWN,MM_STRUCTURE_LONG_LIQUIDATION
2011-01-11,1384.0,160750,21194,139556,0.0138888888888888,0.0039898440333696,-0.015086786157511,-0.0139640751829989,0.0341477617159857,0.028169014084507043,1.0,-0.15093546352743326,-0.22579923988374692,-0.7345428503222726,0.32023250614799914,0.10447761194029848,0.031746031746031744,0.05084745762711862,-0.5728715728715729,-0.1625816993464053,-0.1579861111111112,-0.6194444444444445,0.45585317460317454,-23085.0,3961.0,-27046.0,-27046.0,0.0,LONG_LIQUIDATION,MM_STRUCTURE_LONG_LIQUIDATION
2011-01-18,1368.0999755859375,159114,25874,133240,0.0136986301369863,-0.0114884569465769,-0.0075444500646082,-0.0144791645965479,-0.0068239741662885,0.027777777777777776,1.0,-0.119281045751634,-0.2378472222222222,-0.48888888888888893,0.4608134920634921,0.07352941176470584,0.0625,0.050000000000000044,-0.3035714285714286,-0.11673615247170929,-0.1709167544783983,-0.4617112059285874,0.6093801416079715,-26058.0,10708.0,-36766.0,-36766.0,0.0,LONG_LIQUIDATION,MM_STRUCTURE_LONG_LIQUIDATION
2011-01-25,1332.300048828125,160562,22345,138217,0.027027027027027,-0.0261676247326003,-0.0373554560490426,-0.0518786684293254,-0.0380505062612815,0.0410958904109589,0.9863013698630136,-0.1618026603136788,-0.2512118018967334,-0.516281158769369,0.386305067199083,0.10224339884852085,0.09399367755532129,0.0026948124859644818,-0.043928049840090355,-0.1586872586872587,-0.2305487305487305,-0.3923278116826504,0.408427236013443,-26685.0,10472.0,-37157.0,-37157.0,0.0,LONG_LIQUIDATION,MM_STRUCTURE_LONG_LIQUIDATION
2011-02-01,1339.5999755859375,145530,21797,123733,0.0133333333333333,0.0054791912409171,-0.0208318109119136,-0.0282190964193417,-0.0487822700136624,0.0,0.972972972972973,-0.14285714285714285,-0.3181818181818182,-0.4838709677419355,0.34639498432601873,0.015830115830115843,0.18509418509418518,-0.010897994768962471,0.2765257420429835,-0.0852582159624413,-0.3000995024875622,-0.32,0.3356202040644238,-44682.0,11342.0,-56024.0,-56024.0,0.0,LONG_LIQUIDATION,MM_STRUCTURE_LONG_LIQUIDATION
2011-02-08,1363.4000244140625,159732,18223,141509,0.0657894736842105,0.0177665342355017,0.0233430717151836,-0.0148843754233652,-0.0286406040689003,0.05333333333333334,0.92,0.025164319248826294,-0.12577114427860694,-0.2006349206349206,0.45783624251623245,-0.07999999999999996,0.024477611940298516,-0.048253968253968216,0.07810776625347837,0.0519005847953217,-0.1106811145510836,-0.1060855263157895,0.3461816305469556,-20869.0,6247.0,-27116.0,-27116.0,0.0,LONG_LIQUIDATION,MM_STRUCTURE_LONG_LIQUIDATION
2011-02-15,1373.5999755859375,166406,12172,154234,0.1558441558441558,0.0074812608106402,0.0253807111224591,0.0040201740356324,-0.0105171993224842,0.11842105263157894,0.8026315789473685,0.09064327485380116,-0.02863777089783283,-0.14720394736842107,0.3409700722394221,-0.19736842105263153,-0.12383900928792568,-0.13486842105263153,-0.10030959752321988,0.1421455257071695,0.02540937323546022,-0.028771228771228785,0.3703844266923383,-5979.0,-2563.0,-3416.0,-3416.0,0.0,MIXED_LONG_AND_SHORT_DOWN,MM_STRUCTURE_SHORT_COVERING_RALLY
2011-02-22,1400.5,185082,16633,168449,0.2692307692307692,0.0195835941265125,0.027211364912423,0.0511896334702253,-0.0033446849809206,0.35064935064935066,0.8961038961038961,0.30955346023839175,0.14775079992471296,0.05834165834165833,0.5022292983804031,-0.09019747375911757,0.012045925089403275,0.003796203796203712,0.11159451145195964,0.24220374220374222,0.08351648351648353,0.011655011655011704,0.3171570365118752,4216.0,3681.0,535.0,535.0,0.0,MIXED_LONG_AND_SHORT_UP,MM_STRUCTURE_NEUTRAL
2011-03-01,1430.699951171875,199371,10555,188816,0.4683544303797468,0.0215636923754909,0.0415695811013538,0.0680053577532282,0.0378672115864164,0.48717948717948717,0.6923076923076923,0.48717948717948717,0.3443223443223443,0.168997668997669,0.6853361692071369,-0.28066528066528074,-0.2648351648351649,-0.09557109557109555,-0.23810705423608658,0.45502109704641347,0.36976288108397215,0.1549215945588513,0.6045046651215309,27073.0,-5608.0,32681.0,32681.0,0.0,LONG_BUILDING,MM_STRUCTURE_ACCUMULATION
2011-03-08,1426.9000244140625,197377,8757,188620,0.45,-0.0026559913940725,0.0188504280000445,0.0465747387875321,0.0309971274668081,0.4430379746835443,0.5949367088607594,0.38970464135021093,0.4148689605990372,0.26393349707160396,0.6406682004827842,-0.3250632911392406,-0.40506329113924056,-0.3005856791989421,-0.4368093228852723,0.3842105263157895,0.4361111111111112,0.2735294117647059,0.5940972222222224,36627.0,-12437.0,49064.0,49064.0,0.0,LONG_BUILDING,MM_STRUCTURE_ACCUMULATION
2011-03-15,1392.5999755859375,187986,11748,176238,0.3580246913580246,-0.0240381584142237,-0.0266303046664188,0.0138322658253506,0.0179080479769082,0.3875,0.7625,0.2690789473684211,0.3597222222222222,0.24044117647058824,0.5975694444444444,-0.04013157894736852,-0.23750000000000004,-0.1639705882352942,-0.30000000000000004,0.2021805355138688,0.3443260612210383,0.22758990874932902,0.5152428156994366,28872.0,-14126.0,42998.0,42998.0,0.0,LONG_BUILDING,MM_STRUCTURE_ACCUMULATION
2011-03-22,1427.5,183912,5037,178875,0.4024390243902439,0.0250610548800118,0.000420474858555,0.0192788289896466,0.071455338649587,0.3333333333333333,0.13580246913580246,-0.01731601731601734,0.2922374429223744,0.13043478260869562,0.5434492448191078,-0.7603014269680937,-0.8504989007272112,-0.7482555018786903,-0.9444925782825325,0.1332082551594747,0.37541199736321695,0.21672473867595823,0.6059607279119474,23350.0,-17308.0,40658.0,40658.0,0.0,LONG_BUILDING,MM_STRUCTURE_LOW_PARTICIPATION
2011-03-29,1416.0,196020,4603,191417,0.5060240963855421,-0.0080560420315236,0.0168031199370206,-0.0102746569326673,0.0570319691000631,0.45121951219512196,0.08536585365853659,-0.035959974984365206,0.45121951219512196,0.3083623693379791,0.7694013303769401,-0.6069418386491557,-0.8876071193144365,-0.8717770034843206,-1.0727013044086218,0.037669666005795355,0.4926907630522088,0.4074325470897675,0.7927902655397709,50490.0,-17194.0,67684.0,67684.0,0.0,LONG_BUILDING,MM_STRUCTURE_ACCUMULATION
2011-04-05,1451.800048828125,213018,6324,206694,0.6904761904761905,0.0252825203588453,0.0170228012806479,0.0174504337991636,0.0648379219826209,0.6987951807228916,0.27710843373493976,0.2557572060393473,0.6454618473895583,0.6706261666383846,0.7712329916681652,-0.3178282751258197,-0.6428915662650603,-0.7228915662650602,-0.6673691782053588,0.24047619047619045,0.62468671679198,0.6765873015873016,0.7353678313430636,53286.0,-11899.0,65185.0,65185.0,0.0,LONG_BUILDING,MM_STRUCTURE_ACCUMULATION
2011-04-12,1452.9000244140625,208714,6810,201904,0.6235294117647059,0.0007576632793375,0.0260593392754677,0.0433003374158136,0.0577315450186273,0.6190476190476191,0.38095238095238093,0.23154761904761906,0.5006265664160401,0.5912698412698413,0.5292643373138729,-0.381547619047619,-0.42167919799498754,-0.6190476190476191,-0.29784018870706186,0.26550472040668127,0.4676852559205501,0.6098307816277195,0.4422758826850899,42308.0,-5362.0,47670.0,47670.0,0.0,LONG_BUILDING,MM_STRUCTURE_ACCUMULATION
2011-04-19,1494.5,216243,4506,211737,0.813953488372093,0.0286323731068243,0.0294117300838652,0.0469352014010509,0.0671188861121028,0.7647058823529411,0.08235294117647059,0.4313725490196078,0.41405653170359047,0.7236099919419823,0.2663057317788775,-0.053449527959331875,-0.8137509549274254,-0.903948428686543,-0.8257968800168287,0.4115144639818491,0.5447227191413238,0.786926461345066,0.4612062356248402,31161.0,-12127.0,43288.0,43288.0,0.0,LONG_BUILDING,MM_STRUCTURE_ACCUMULATION
2011-04-26,1503.0,207496,5079,202417,0.632183908045977,0.0056875209100033,0.0344827412375756,0.0614406779661016,0.0505347391456221,0.5813953488372093,0.16279069767441862,0.13017583664208737,0.09421586165772217,0.5813953488372093,-0.25010648266462215,0.07742484401588202,-0.5295169946332736,-0.8101822752985544,-0.2646818297981087,0.12615981166043488,0.16382947766623024,0.6188505747126437,-0.2059334034177419,8125.0,-5476.0,13601.0,13601.0,0.0,LONG_BUILDING,MM_STRUCTURE_ACCUMULATION
2011-05-03,1540.0999755859375,203624,10746,192878,0.5227272727272727,0.0246839491589736,0.0305118605459602,0.0608209972365596,0.0793327838215989,0.5517241379310345,0.7126436781609196,-0.14707104279185712,0.1086861632474902,0.49839080459770113,-0.306182797351547,0.4355352444259798,0.11770696930016011,-0.20735632183908048,0.5227702604394007,-0.16774891774891776,0.0727272727272727,0.4569377990430622,-0.36338383838383853,6247.0,1989.0,4258.0,4258.0,0.0,MIXED_LONG_AND_SHORT_UP,MM_STRUCTURE_NEUTRAL
2011-05-10,1516.5999755859375,191435,10461,180974,0.4044943820224719,-0.0152587496737407,0.0090485532840569,0.0438433134431011,0.0890420811244283,0.3977272727272727,0.6931818181818182,-0.22132034632034636,0.010227272727272696,0.2793062200956938,-0.3494949494949495,0.3122294372294373,-0.06931818181818172,-0.10944976076555024,0.16818181818181832,-0.219035029742234,0.04646969066444728,0.24865022617831609,-0.29785637055659103,3449.0,-1287.0,4736.0,4736.0,0.0,LONG_BUILDING,MM_STRUCTURE_ACCUMULATION
2011-05-17,1479.800048828125,181722,7934,173788,0.2777777777777778,-0.0242647549454132,-0.0391532547975472,-0.0098360329018902,0.0366375123139228,0.25842696629213485,0.5280898876404494,-0.5062789160608063,-0.07490636704119846,-0.0922223843572158,-0.3671438099635729,0.4457369464639788,0.39228741850464693,-0.3680140084634467,1.2427863192318582,-0.5361757105943152,-0.12466124661246614,0.008547008547008572,-0.5000732439756831,-2190.0,2897.0,-5087.0,-5087.0,0.0,SHORT_BUILDING,MM_STRUCTURE_LONG_LIQUIDATION
2011-05-24,1523.199951171875,191481,14589,176892,0.3516483516483517,0.0293282206458358,0.0043518236134665,0.0134397546053726,0.0757061802061265,0.4111111111111111,0.8555555555555555,-0.17028423772609824,-0.04010840108401087,-0.07606837606837608,-0.49132791327913283,0.692764857881137,0.770189701897019,0.16324786324786322,1.6577968212114556,-0.28053555639762534,-0.15437574473719046,-0.1167060787313951,-0.6470665077893993,-4539.0,9986.0,-14525.0,-14525.0,0.0,SHORT_BUILDING,MM_STRUCTURE_LONG_LIQUIDATION
2011-05-31,1535.9000244140625,197416,10101,187315,0.4347826086956521,0.0083377584357304,0.0379105107006612,-0.0027270639818541,0.057928070503801,0.46153846153846156,0.6593406593406593,-0.09018567639257291,-0.23725671918443003,0.018500486854917286,-0.8827185665739883,-0.05330301882026023,0.38223222560571957,0.06440395047989989,1.0251237918707798,-0.0879446640316206,-0.25569358178053836,-0.015217391304347905,-0.8803802985725183,-15602.0,3777.0,-19379.0,-19379.0,0.0,LONG_LIQUIDATION,MM_STRUCTURE_LONG_LIQUIDATION
2011-06-07,1543.300048828125,203518,7648,195870,0.5806451612903226,0.0048180378256621,0.0131959678969173,0.01760521803508,0.0622204025707273,0.5652173913043478,0.4782608695652174,0.16749011857707508,-0.053830227743271286,0.17771739130434777,-0.5544567941593114,-0.21492094861660083,0.09730848861283647,-0.28423913043478255,0.518987686607824,0.17615077926785072,-0.04288425047438327,0.222620469932298,-0.5105695063949334,-5196.0,838.0,-6034.0,-6034.0,0.0,LONG_LIQUIDATION,MM_STRUCTURE_LONG_LIQUIDATION
2011-06-14,1523.800048828125,197429,9643,187786,0.4468085106382978,-0.0126352617009291,-0.007878101044079,0.0297337468226495,0.0196052518087153,0.46236559139784944,0.6344086021505376,0.2039386251057146,-0.3023402909550917,0.12903225806451613,-0.7163968226586821,0.10631871451008823,0.552055660974067,0.49860613301473516,1.3658066159014925,0.16903073286052,-0.36714497773379523,0.04436948624805387,-0.9118676968751189,-18814.0,5137.0,-23951.0,-23951.0,0.0,LONG_LIQUIDATION,MM_STRUCTURE_LONG_LIQUIDATION
2011-06-21,1546.0,213479,7220,206259,0.7052631578947368,0.0145688085447612,0.0017494661351984,0.0149685199310725,0.0286094477711245,0.7340425531914894,0.44680851063829785,0.3229314420803783,0.15264720435428003,0.2828230409963674,0.058431342696557864,-0.40874704491725766,0.28401781296387923,0.36144265697976125,0.8135348075971529,0.35361480624638514,0.0730792498487598,0.19923906150919468,-0.09075022781747044,5983.0,2141.0,3842.0,3842.0,0.0,MIXED_LONG_AND_SHORT_UP,MM_STRUCTURE_NEUTRAL
2011-06-28,1499.699951171875,178804,9233,169571,0.2395833333333333,-0.0299482851410899,-0.0158157874287929,-0.0235692901014163,-0.0262320791211571,0.2,0.6105263157894737,-0.26153846153846155,-0.35172413793103446,-0.4987951807228916,-0.46041030117852466,-0.048814343551185635,-0.10211736237144586,0.33341788205453393,-0.21982433167160598,-0.19519927536231882,-0.28314393939393945,-0.4508928571428572,-0.35587121212121214,-24820.0,-1513.0,-23307.0,-23307.0,0.0,MIXED_LONG_AND_SHORT_DOWN,MM_STRUCTURE_LONG_LIQUIDATION
2011-07-05,1512.300048828125,173769,8346,165423,0.1958762886597938,0.0084017457268064,-0.0217981572909928,-0.0200868262937846,-0.0028352412152394,0.1875,0.5520833333333334,-0.3777173913043478,-0.2102272727272727,-0.43154761904761907,-0.2204545454545454,0.07382246376811596,-0.14109848484848486,0.17113095238095244,-0.07178030303030314,-0.38476887263052884,-0.2086180933626781,-0.4276531231049121,-0.2550877840271254,-17666.0,-2115.0,-15551.0,-15551.0,0.0,MIXED_LONG_AND_SHORT_DOWN,MM_STRUCTURE_LONG_LIQUIDATION
2011-07-12,1561.9000244140625,208383,9278,199105,0.6224489795918368,0.0327977081164365,0.0414750118472591,0.0250032644474833,0.0554804520049541,0.6391752577319587,0.6391752577319587,0.17680966633410927,0.38074829143982386,-0.1255306246209824,0.4556546584810223,0.0047666555814210865,0.11108537009150932,0.5568223165554881,-0.2812020484131376,0.17564046895353896,0.34467120181405897,-0.19150450878025627,0.4693324484265251,26661.0,1344.0,25317.0,25317.0,0.0,MIXED_LONG_AND_SHORT_UP,MM_STRUCTURE_NEUTRAL
2011-07-19,1600.9000244140625,220116,9827,210289,0.797979797979798,0.0249695879316158,0.0585862413048212,0.0355110119107777,0.0510110791314093,0.8469387755102041,0.6632653061224489,0.11289622231871477,0.43582766439909304,0.2655434266729948,0.4759360654831039,0.2164567954841511,-0.19229024943310657,0.5004746084480303,-0.9624799513301255,0.0927166400850612,0.44633144633144634,0.165795889933821,0.6007071910686368,28635.0,-4762.0,33397.0,33397.0,0.0,LONG_BUILDING,MM_STRUCTURE_ACCUMULATION
2011-07-26,1616.5999755859375,221551,8050,213501,0.84,0.0098069529217612,0.0350214164266982,0.0779489419351624,0.0525424506081777,0.8585858585858586,0.5050505050505051,0.6585858585858586,0.397047397047397,0.3068617206548241,0.634304116231827,-0.10547581073896861,-0.15429015429015425,-0.20759317311041448,-0.5365223798958738,0.6004166666666667,0.40521739130434786,0.31727272727272726,0.6609109730848862,24135.0,-2051.0,26186.0,26186.0,0.0,LONG_BUILDING,MM_STRUCTURE_CROWDED_LONG
2011-08-02,1641.9000244140625,237847,9023,228824,1.0,0.0156501603428238,0.025610593650285,0.0856972633746615,0.0638890510376173,1.0,0.6,0.8125,0.4347826086956522,0.6022727272727273,0.4886128364389235,0.04791666666666661,0.12173913043478257,-0.09318181818181825,0.024430641821946097,0.8041237113402062,0.4193548387096774,0.5955056179775281,0.46223908918406065,34329.0,1375.0,32954.0,32954.0,0.0,MIXED_LONG_AND_SHORT_UP,MM_STRUCTURE_CROWDED_LONG
2011-08-09,1740.0,201303,9893,191410,0.4803921568627451,0.0597478373392106,0.07633306091653,0.1140277692567106,0.1418821001732761,0.5148514851485149,0.6732673267326733,-0.12432377258344385,0.052485893750665424,0.25642451885638,0.3548261847057571,0.0340920690007146,0.038858724582135684,0.14517743909222391,-0.5131969363919313,-0.14205682272909165,0.03358364622444732,0.20261437908496732,0.40072862395824255,3874.0,250.0,3624.0,3624.0,0.0,MIXED_LONG_AND_SHORT_UP,MM_STRUCTURE_NEUTRAL
2011-08-16,1782.4000244140625,213261,13386,199875,0.6116504854368932,0.0243678301230243,0.0855715926127351,0.1133737255494327,0.1529107531785656,0.7156862745098039,0.8431372549019608,-0.1312525010004002,-0.018356278681685434,0.30457516339869284,-0.17100348303596546,0.17987194877951185,0.39632874426366294,-0.012418300653594727,0.1123109312997837,-0.18632931254290486,-0.09361267245784366,0.2600021337885415,-0.16669192230660346,-218.0,6166.0,-6384.0,-6384.0,0.0,SHORT_BUILDING,MM_STRUCTURE_LONG_LIQUIDATION
2011-08-23,1858.300048828125,202430,10108,192322,0.5096153846153846,0.042583047225335,0.0679885338092671,0.1495113676186856,0.2391145624670039,0.5436893203883495,0.6893203883495146,-0.31489653819750907,0.3436893203883495,0.08215085884988793,0.695413458319384,0.1842698832990095,0.0787940725600409,0.02997972900885526,0.18091143493148676,-0.3303846153846154,0.2700320512820513,0.07483277591973247,0.5531759906759908,23626.0,875.0,22751.0,22751.0,0.0,MIXED_LONG_AND_SHORT_UP,MM_STRUCTURE_NEUTRAL
2011-08-30,1826.699951171875,189799,6727,183072,0.4,-0.0170048414281522,0.0248540878315883,0.1125524843230094,0.2078951875901724,0.3557692307692308,0.3173076923076923,-0.6442307692307692,0.16826923076923078,-0.209448160535117,0.3784965034965035,-0.2826923076923077,-0.23477564102564108,-0.16095317725752512,-0.09367715617715622,-0.6,0.2041237113402062,-0.1806451612903226,0.4127418047028843,16030.0,-1619.0,17649.0,17649.0,0.0,LONG_BUILDING,MM_STRUCTURE_LOW_PARTICIPATION
2011-09-06,1869.9000244140625,195197,7002,188195,0.4339622641509434,0.0236492442091946,0.0062422511333692,0.0746551864448634,0.1971957200753258,0.4095238095238095,0.37142857142857144,-0.10532767562470535,-0.2296514482081492,-0.05284178187403993,-0.610399739647973,-0.30183875530410187,-0.26774668630338727,-0.2629800307219662,-0.3788320563948966,-0.0464298927118017,-0.18848671544089335,-0.012846246487354385,-0.5331579172549523,-13186.0,-2276.0,-10910.0,-10910.0,0.0,MIXED_LONG_AND_SHORT_DOWN,MM_STRUCTURE_LONG_LIQUIDATION
2011-09-13,1826.800048828125,182461,6192,176269,0.308411214953271,-0.0230493475711049,5.479698851784676e-05,0.0249102467492718,0.141108139777025,0.2641509433962264,0.2358490566037736,-0.4515353311135775,-0.5827878321139777,-0.46989160979526295,-1.0186154965130707,-0.6072881982981873,-0.42741624951867535,-0.21095945403452426,-0.23512600008556878,-0.30323927048362215,-0.489568583026527,-0.3968519429414658,-0.9359000293579733,-37655.0,-3635.0,-34020.0,-34020.0,0.0,MIXED_LONG_AND_SHORT_DOWN,MM_STRUCTURE_LOW_PARTICIPATION
2011-09-20,1806.5999755859373,159718,8293,151425,0.0833333333333333,-0.0110576268350474,-0.0338521033219197,-0.0278211655188787,0.1175306215943337,0.037383177570093455,0.5233644859813084,-0.506306142818256,-0.8212026810157651,-0.16261682242990655,-1.218250078063162,-0.16595590236820623,0.018313980930803275,-0.08716182980816534,0.17260413522095752,-0.42628205128205127,-0.7566666666666667,-0.15625,-1.1618840579710146,-61833.0,243.0,-62076.0,-62076.0,0.0,LONG_LIQUIDATION,MM_STRUCTURE_LONG_LIQUIDATION
2011-09-27,1650.5999755859375,136103,13628,122475,0.0091743119266055,-0.0863500509842551,-0.0964528511783313,-0.0964033395155919,0.0052987094479031,0.0,0.8611111111111112,-0.3557692307692308,-1.0,-0.1875,-1.4347826086956523,0.5438034188034189,0.2611111111111112,0.3090277777777778,0.1393719806763286,-0.3908256880733945,-0.9908256880733946,-0.1867019767331883,-1.4101805267830718,-101744.0,4605.0,-106349.0,-106349.0,0.0,LONG_LIQUIDATION,MM_STRUCTURE_LONG_LIQUIDATION
2011-10-04,1614.699951171875,133320,12631,120689,0.009090909090909,-0.0217496819005577,-0.1062216467438084,-0.1364779239051323,-0.0720115223150144,0.0,0.8256880733944955,-0.4095238095238095,-0.5148514851485149,-0.6391752577319587,-0.5673373788991802,0.454259501965924,0.15242074666182215,0.18651281566253675,0.11356202207968646,-0.42487135506003443,-0.47130124777183613,-0.6133580705009277,-0.5048848939962834,-67983.0,2738.0,-70721.0,-70721.0,0.0,LONG_LIQUIDATION,MM_STRUCTURE_LONG_LIQUIDATION
2011-10-11,1659.699951171875,134111,12090,122021,0.018018018018018,0.0278689548280106,0.0055131320250427,-0.0914714764560266,-0.0688398067557944,0.00909090909090909,0.8090909090909091,-0.2550600343053173,-0.7065953654188949,-0.8378478664192951,-0.6882390867372095,0.5732418524871354,-0.034046345811051704,0.14582560296846014,-0.43037509007471464,-0.290393196935253,-0.5936324674188751,-0.77996177996178,-0.5000197949610314,-79150.0,-1296.0,-77854.0,-77854.0,0.0,MIXED_LONG_AND_SHORT_DOWN,MM_STRUCTURE_LONG_LIQUIDATION
2011-10-18,1651.699951171875,132678,14779,117899,0.0089285714285714,-0.0048201483613657,0.0229144739696975,-0.0857411859334401,-0.1111769317266797,0.0,0.8918918918918919,-0.037383177570093455,-0.5436893203883495,-0.8585858585858586,-0.887378640776699,0.3685274059105835,0.2025715035423773,0.3868413868413868,0.1237774309823364,-0.0744047619047619,-0.5006868131868132,-0.8310714285714286,-0.7707188644688645,-69752.0,4671.0,-74423.0,-74423.0,0.0,LONG_LIQUIDATION,MM_STRUCTURE_LONG_LIQUIDATION
2011-10-25,1699.5999755859375,141961,15391,126570,0.0530973451327433,0.0290004394442693,0.0240405046622373,0.0296861751634316,-0.06957901077536,0.03571428571428571,0.9017857142857143,0.03571428571428571,-0.3200549450549451,-0.9642857142857143,-0.48832417582417587,0.04067460317460314,0.584478021978022,0.3017857142857143,0.8192536630036631,0.0439230332061378,-0.34690265486725674,-0.9469026548672567,-0.5510263662074629,-47838.0,8664.0,-56502.0,-56502.0,0.0,LONG_LIQUIDATION,MM_STRUCTURE_LONG_LIQUIDATION
2011-11-01,1711.0,144879,11868,133011,0.0614035087719298,0.0067074750399029,0.035902434207891,0.0596395935716942,-0.0849778182466488,0.04424778761061947,0.7699115044247787,0.04424778761061947,-0.36527602191319003,-0.4706036975378954,-0.13562457370504083,-0.05577656896971672,0.3984829329962073,0.09664417769210543,0.6662296192995946,0.0523125996810208,-0.3725587553790136,-0.4189886480908153,-0.18407203993812027,-50318.0,4866.0,-55184.0,-55184.0,0.0,LONG_LIQUIDATION,MM_STRUCTURE_LONG_LIQUIDATION
2011-11-08,1798.4000244140625,155632,9577,146055,0.1043478260869565,0.0510812533103812,0.0581313545818706,0.0835693663449557,-0.0155463234371385,0.07017543859649122,0.6052631578947368,0.06108452950558213,-0.1939755047997352,-0.6455108359133127,0.3888123273142425,-0.20382775119617225,0.36941410129096325,-0.23787409700722395,0.7968303508096386,0.0863298080689385,-0.2040633888663145,-0.5073026593499367,0.28550519416021247,-26829.0,3385.0,-30214.0,-30214.0,0.0,LONG_LIQUIDATION,MM_STRUCTURE_LONG_LIQUIDATION
2011-11-15,1781.699951171875,159850,8940,150910,0.1379310344827586,-0.0092860726287126,0.0413208364534629,0.0787067892735393,-0.0137828101132274,0.11304347826086956,0.5478260869565217,0.11304347826086956,0.07566030069077612,-0.4306458421274799,0.8968629817065412,-0.3440658049353702,0.024461600975213327,-0.1414943013929929,0.0061476200444100515,0.1290024630541872,0.05459770114942529,-0.371684350132626,0.811264367816092,132.0,647.0,-515.0,-515.0,0.0,MIXED_LONG_AND_SHORT_UP,MM_STRUCTURE_NEUTRAL
2011-11-22,1702.199951171875,146180,8498,137682,0.0769230769230769,-0.0446203076717326,-0.05349203288269,0.0015297573683721,0.0312613451769985,0.0603448275862069,0.5344827586206896,0.024630541871921187,0.0603448275862069,-0.2954244031830239,1.0603448275862069,-0.3673029556650247,-0.32662835249042155,0.21717506631299732,-0.5877394636015327,0.0238257317903336,0.0677487649964714,-0.32307692307692315,1.058574453069866,10077.0,-5130.0,15207.0,15207.0,0.0,LONG_BUILDING,MM_STRUCTURE_ACCUMULATION
2011-11-29,1713.4000244140625,141009,7215,133794,0.0762711864406779,0.0065797635785835,-0.0383341351684326,0.0014027027551504,0.0611259529490637,0.03418803418803419,0.38461538461538464,-0.010059753422585277,0.03418803418803419,-0.37533577533577533,0.549039519336549,-0.3852961198093941,-0.4410726887791108,0.013186813186813195,-0.5934934354409329,0.014867677668748101,0.0671802773497689,-0.35769107771026554,0.5384815251216051,7689.0,-5416.0,13105.0,13105.0,0.0,LONG_BUILDING,MM_STRUCTURE_LOW_PARTICIPATION
2011-12-06,1727.9000244140625,146486,8794,137692,0.0924369747899159,0.0084627056107102,0.0150981517914474,-0.0392015119233384,0.0410918089104197,0.07627118644067797,0.5508474576271186,0.006095747844186747,0.06718027734976888,-0.18787975695554843,0.7737756427686637,-0.05441570026761822,-0.25824345146379046,0.31499840102334503,-0.22419710565273876,-0.0119108512970406,0.0744189567718979,-0.2159742401633551,0.668051424190773,12375.0,-3296.0,15671.0,15671.0,0.0,LONG_BUILDING,MM_STRUCTURE_ACCUMULATION
2011-12-13,1659.9000244140625,137811,10674,127137,0.0583333333333333,-0.0393541287338421,-0.0312244655291723,-0.0683616378154476,0.0049646264361571,0.03361344537815126,0.7142857142857143,-0.0794300328827183,0.03361344537815126,-0.003769732191942196,0.5773027657665007,0.16645962732919262,-0.17760617760617758,0.19092122830440594,-0.3801776811485549,-0.0795977011494253,0.049404761904761896,-0.025,0.5500915750915751,5133.0,-4105.0,9238.0,9238.0,0.0,LONG_BUILDING,MM_STRUCTURE_ACCUMULATION
2011-12-20,1615.5999755859375,124617,13147,111470,0.0082644628099173,-0.0266883837439322,-0.0649922143882174,-0.0508753249148655,-0.0494233944496503,0.0,0.8333333333333334,-0.0603448275862069,-0.03571428571428571,0.0,0.2843406593406594,0.29885057471264376,-0.06845238095238093,-0.02777777777777779,-0.6529304029304029,-0.0686586141131596,-0.044832882322826,-0.0009098491166881998,0.30206977254443074,-17344.0,-2244.0,-15100.0,-15100.0,0.0,MIXED_LONG_AND_SHORT_DOWN,MM_STRUCTURE_LONG_LIQUIDATION
2011-12-27,1594.199951171875,120594,14551,106043,0.0081967213114754,-0.0132458682455112,-0.0395807411746856,-0.0695693192154299,-0.0682642015360169,0.0,0.8677685950413223,-0.03418803418803419,-0.04424778761061947,0.0,0.32102823430257055,0.4831532104259377,0.09785709061654357,0.04208052164682685,-0.3006258423796637,-0.0680744651292025,-0.0532067874604544,-0.0008941877794336004,0.31935196791855924,-24285.0,2683.0,-26968.0,-26968.0,0.0,LONG_LIQUIDATION,MM_STRUCTURE_LONG_LIQUIDATION
2012-01-03,1599.699951171875,121961,17399,104562,0.008130081300813,0.0034500063784075,-0.0098415601970381,-0.0741941497950152,-0.1104871388705224,0.00819672131147541,0.9426229508196722,-0.06807446512920257,-0.06197871728501581,-0.0008941877794336802,0.13199678751471938,0.39177549319255356,0.33735979292493534,0.1335320417287631,-0.032054308366027906,-0.0843068934891029,-0.0962177447861435,-0.009887936717205,0.107845644080171,-33671.0,7822.0,-41493.0,-41493.0,0.0,LONG_LIQUIDATION,MM_STRUCTURE_LONG_LIQUIDATION
2012-01-10,1631.0,118994,15014,103980,0.0080645161290322,0.0195661997771494,0.0230837096695892,-0.0174107018428799,-0.0845821155648319,0.0,0.8861788617886179,-0.03361344537815126,-0.11304347826086956,0.0,-0.1887037789516457,0.17189314750290363,0.33835277483209625,-0.005713030103273953,0.3138911738568829,-0.0502688172043011,-0.1298665183537264,-0.0008640552995391997,-0.18446421950315167,-40856.0,6074.0,-46930.0,-46930.0,0.0,LONG_LIQUIDATION,MM_STRUCTURE_LONG_LIQUIDATION
2012-01-17,1655.199951171875,120582,11927,108655,0.032,0.014837493054491,0.0346940061849367,0.024511002837553,-0.0276113273106622,0.008064516129032258,0.7661290322580645,0.008064516129032258,-0.05228031145717464,-0.027649769585253454,-0.11262513904338153,-0.06720430107526887,0.2316462736373749,-0.1356566820276498,0.5582746261277964,0.0237355371900827,-0.0449230769230769,-0.0210973451327433,-0.1126718419195483,-25598.0,3429.0,-29027.0,-29027.0,0.0,LONG_LIQUIDATION,MM_STRUCTURE_LONG_LIQUIDATION
2012-01-24,1664.199951171875,127512,10356,117156,0.0476190476190476,0.0054374095369129,0.0203555801176424,0.0439091720888236,-0.028714878336139,0.04,0.648,0.04,0.005811965811965809,-0.004247787610619468,-0.028376068376068382,-0.2197685950413223,0.2633846153846154,-0.12191150442477872,0.7044573041637262,0.039422326307572204,-0.0286521388216303,-0.013784461152882198,-0.0958324161713992,-13497.0,3141.0,-16638.0,-16638.0,0.0,LONG_LIQUIDATION,MM_STRUCTURE_SHORT_BUILDING
2012-01-31,1737.800048828125,149921,5973,143948,0.1732283464566929,0.0442255136496207,0.0499033954162271,0.0863287503103837,0.0057295122832234,0.1349206349206349,0.19047619047619047,0.1267239136091595,0.05864944847995694,0.06474519632414369,-0.008530828869811935,-0.7521467603434817,-0.36037126715092815,-0.41478696741854637,-0.10212781568713769,0.16509826515587991,0.08079137166677701,0.06888052036973641,0.006372414894879108,3435.0,-2821.0,6256.0,6256.0,0.0,LONG_BUILDING,MM_STRUCTURE_LOW_PARTICIPATION
2012-02-07,1746.4000244140625,161575,5966,155609,0.2578125,0.004948771633271,0.0493931472503077,0.0707541535340665,0.0521115722198595,0.2125984251968504,0.1889763779527559,0.2125984251968504,0.17898497981869915,0.09955494693598084,0.1453715344405479,-0.697202483835862,-0.5253093363329584,-0.3588497090037658,-0.3477031587267808,0.2497479838709678,0.1994791666666667,0.11988146551724141,0.1500744047619048,23764.0,-4708.0,28472.0,28472.0,0.0,LONG_BUILDING,MM_STRUCTURE_LOW_PARTICIPATION
2012-02-14,1715.9000244140625,156994,8005,148989,0.2015503875968992,-0.0174644981525542,-0.0126021543323299,0.0366723507931547,0.0620822297250585,0.15625,0.4375,0.14818548387096775,0.15625,0.0959051724137931,0.1919642857142857,-0.3286290322580645,-0.39583333333333337,-0.09698275862068961,-0.32738095238095244,0.1695503875968992,0.1932859247869819,0.1246273106738223,0.2381188071098079,32377.0,-5142.0,37519.0,37519.0,0.0,LONG_BUILDING,MM_STRUCTURE_ACCUMULATION
2012-02-21,1757.0999755859375,169144,8850,160294,0.3076923076923077,0.0240106944377156,0.0061268615565124,0.0558226337818634,0.1021829315038662,0.27906976744186046,0.5348837209302325,0.23906976744186045,0.27906976744186046,0.24488173325382628,0.32331755505247994,-0.11311627906976751,-0.3328848741110898,0.15026833631484787,-0.4307419647276334,0.2600732600732601,0.2994955863808323,0.2314211212516298,0.35270237384128666,48550.0,-5701.0,54251.0,54251.0,0.0,LONG_BUILDING,MM_STRUCTURE_ACCUMULATION
2012-02-28,1787.0,184843,7700,177143,0.4503816793893129,0.0170166893344196,0.0414359663000858,0.028311629525533,0.1170844874321066,0.4230769230769231,0.4076923076923077,0.28815628815628813,0.41488020176544765,0.3468057366362451,0.47685891905046346,0.21721611721611722,-0.5349306431273645,-0.14315514993481093,-0.8722904360522998,0.27715333293262,0.4422515980884999,0.357944704599397,0.5384693428746434,62882.0,-9699.0,72581.0,72581.0,0.0,LONG_BUILDING,MM_STRUCTURE_ACCUMULATION
2012-03-06,1671.4000244140625,153286,11445,141841,0.1666666666666666,-0.0646894099529589,-0.0487735202109355,-0.0429454872603791,0.0247700946744711,0.13740458015267176,0.732824427480916,-0.07519384504417864,0.13740458015267176,0.10379113477452051,0.25044805841354134,0.5438480495281601,-0.1533544343077019,0.018538713195201728,-0.49170720913979815,-0.0911458333333334,0.1586021505376344,0.10833333333333331,0.2884686688913608,34292.0,-3569.0,37861.0,37861.0,0.0,LONG_BUILDING,MM_STRUCTURE_ACCUMULATION
2012-03-13,1693.699951171875,146286,12668,133618,0.1203007518796992,0.0133420643963615,-0.0522104358299524,-0.0129378593894293,0.0232600296856837,0.12121212121212122,0.8106060606060606,-0.035037878787878785,0.11314760508308896,0.12121212121212122,0.16542791654026362,0.37310606060606055,0.04447702834799605,-0.022727272727272818,-0.18716924528937884,-0.0812496357172,0.0883007518796992,0.1120362890697819,0.1332238288027761,25704.0,741.0,24963.0,24963.0,0.0,MIXED_LONG_AND_SHORT_UP,MM_STRUCTURE_NEUTRAL
2012-03-20,1646.699951171875,129938,16840,113098,0.044776119402985,-0.0277498974759257,-0.0147780739986805,-0.0628308155187626,-0.010515563341819,0.045112781954887216,0.9323308270676691,-0.23395698548697325,0.005112781954887215,0.045112781954887216,-0.0006991838570785947,0.3974471061374366,0.2843308270676691,0.06456223202634681,0.020946211683053717,-0.2629161882893227,-0.0028429282160626,0.036579398091509605,0.0258092106055677,2426.0,6484.0,-4058.0,-4058.0,0.0,MIXED_LONG_AND_SHORT_UP,MM_STRUCTURE_SHORT_BUILDING
2012-03-27,1684.800048828125,136546,12463,124083,0.0962962962962963,0.0231372434481071,-0.005254710161379,-0.0571907952836457,-0.0304983303664539,0.08208955223880597,0.7910447761194029,-0.3409873708381171,-0.05283108268182894,0.07389283092733057,-0.11148053116178588,0.38335246842709525,0.6005685856432125,-0.15157817470026924,0.9609398527941406,-0.3540853830930166,-0.07693205016039661,0.0881662149954833,-0.15772342182717364,-13375.0,6490.0,-19865.0,-19865.0,0.0,LONG_LIQUIDATION,MM_STRUCTURE_LONG_LIQUIDATION
2012-04-03,1670.0,126887,13847,113040,0.0441176470588235,-0.0087844541780606,0.0141495412151699,-0.0008376357506356,-0.043747150335557,0.037037037037037035,0.8444444444444444,-0.10036754311563473,-0.17556138815981337,0.037037037037037035,-0.3545463679785125,0.11162001696352841,0.6554680664916885,-0.04173441734417349,1.180777402824647,-0.1225490196078431,-0.21369485294117652,0.036053130929791295,-0.4131740196078432,-34688.0,7881.0,-42569.0,-42569.0,0.0,LONG_LIQUIDATION,MM_STRUCTURE_LONG_LIQUIDATION
2012-04-10,1659.5,119710,15480,104230,0.0145985401459854,-0.0062874251497005,-0.0150166477296357,-0.0201924497595999,-0.0328690620733115,0.007352941176470588,0.9044117647058824,-0.11385918003565063,-0.1488970588235294,-0.0007115749525616697,-0.30514705882352944,0.09380570409982181,0.46691176470588236,0.13828273244781786,0.8627450980392157,-0.1057022117337138,-0.18695184745091378,-0.017401459854014603,-0.3802377722378957,-37284.0,7475.0,-44759.0,-44759.0,0.0,LONG_LIQUIDATION,MM_STRUCTURE_LONG_LIQUIDATION
2012-04-17,1650.300048828125,117770,10194,107576,0.036231884057971,-0.0055438090821783,-0.0117963779472305,0.0021862499319855,-0.0607819294529317,0.0,0.6277372262773723,-0.045112781954887216,-0.27906976744186046,-0.04,-0.5581395348837209,-0.30459360079029685,0.09285350534713976,-0.020262773722627747,0.42573837945822957,-0.008544235345014,-0.2714604236343367,-0.0113871635610766,-0.5709560100151689,-51374.0,1344.0,-52718.0,-52718.0,0.0,LONG_LIQUIDATION,MM_STRUCTURE_LONG_LIQUIDATION
2012-04-24,1643.0,115706,12356,103350,0.0071942446043165,-0.0044234676193027,-0.0099427538415185,-0.0248100947392536,-0.0805819809736989,0.0,0.7753623188405797,-0.08208955223880597,-0.4230769230769231,-0.1349206349206349,-0.8379571248423707,-0.015682457278823225,0.367670011148272,0.5848861283643892,0.9026006542756365,-0.0891020516919798,-0.4431874347849964,-0.1660341018523764,-0.8854390328734962,-69137.0,4656.0,-73793.0,-73793.0,0.0,LONG_LIQUIDATION,MM_STRUCTURE_LONG_LIQUIDATION
2012-05-01,1661.699951171875,119865,9809,110056,0.0571428571428571,0.01138158927077,0.0069077755598716,-0.0049700891186377,-0.0058035617449437,0.02877697841726619,0.5827338129496403,-0.008260058619770846,-0.10862760173540557,-0.18382144677958423,-0.24603218188807735,-0.2617106314948041,-0.1500906145312757,0.3937574349968844,0.0032638197764262022,0.013025210084033602,-0.1095238095238095,-0.2006696428571429,-0.2681259600614439,-33421.0,-1636.0,-31785.0,-31785.0,0.0,MIXED_LONG_AND_SHORT_DOWN,MM_STRUCTURE_LONG_LIQUIDATION
2012-05-08,1604.0,113307,22935,90372,0.0070921985815602,-0.0347234475942443,-0.0237370663420571,-0.0334438083760169,-0.0529609457152144,0.0,0.9928571428571429,-0.007352941176470588,-0.12121212121212122,-0.15625,-0.23435972629521018,0.08844537815126052,0.18225108225108233,0.5553571428571429,0.13777405390308628,-0.007506341564425199,-0.113208553298139,-0.19445818901533898,-0.20150930517783822,-32979.0,10267.0,-43246.0,-43246.0,0.0,LONG_LIQUIDATION,MM_STRUCTURE_LONG_LIQUIDATION
2012-05-15,1556.800048828125,112920,32822,80098,0.0070422535211267,-0.0294264034737374,-0.0631280648890745,-0.0566563638329855,-0.0545939788725764,0.0,1.0,0.0,-0.045112781954887216,-0.27906976744186046,-0.05022556390977443,0.3722627737226277,0.06766917293233088,0.4651162790697675,-0.21666165413533822,-0.029189630536844303,-0.0377338658818583,-0.300650054171181,-0.0348909376657957,-17018.0,15982.0,-33000.0,-33000.0,0.0,LONG_LIQUIDATION,MM_STRUCTURE_LONG_LIQUIDATION
2012-05-22,1576.300048828125,113453,38808,74645,0.0069930069930069,0.0125256933378685,-0.0172692962418172,-0.0405964401533018,-0.0643993333662756,0.014084507042253521,1.0,0.014084507042253521,-0.06800504519655245,-0.40899241603466957,-0.015173962514723513,0.2246376811594203,0.20895522388059706,0.5923076923076923,-0.3916133617626154,-0.0002012376113096001,-0.0893032893032894,-0.44338867239630597,-0.012371239142892787,-23093.0,26345.0,-49438.0,-49438.0,0.0,SHORT_BUILDING,MM_STRUCTURE_LONG_LIQUIDATION
2012-05-29,1548.5999755859375,113383,40857,72526,0.0069444444444444,-0.0175728429766786,-0.0052672616810104,-0.0680628145328983,-0.0726946253976422,0.013986013986013986,1.0,-0.014790964431252203,-0.02305102305102305,-0.12341856616665778,0.15251036510879032,0.41726618705035967,0.15555555555555556,0.26717557251908397,-0.499912510936133,-0.0501984126984127,-0.0371732026143791,-0.1597222222222222,0.17652165032679742,-13504.0,27010.0,-40514.0,-40514.0,0.0,SHORT_BUILDING,MM_STRUCTURE_LONG_LIQUIDATION
2012-06-05,1615.199951171875,124211,35621,88590,0.0275862068965517,0.0430065715071048,0.0246779808023664,0.0069825131994232,-0.026694817010018,0.08333333333333333,0.9861111111111112,0.08333333333333333,0.07598039215686274,-0.03787878787878789,0.22487745098039214,-0.006746031746031722,0.0816993464052288,0.1755050505050506,-0.38521241830065356,0.0204940083149915,0.0129876667505663,-0.0927145449831475,0.1999395142014801,4501.0,20141.0,-15640.0,-15640.0,0.0,MIXED_LONG_AND_SHORT_UP,MM_STRUCTURE_NEUTRAL
2012-06-12,1612.699951171875,120365,32492,87873,0.0273972602739726,-0.0015477959853739,0.0413922101230075,0.0359069248397239,-0.0227837947911047,0.06206896551724138,0.9724137931034482,0.06206896551724138,0.06206896551724138,0.016956183562354163,0.34113873295910185,-0.02758620689655178,0.34467656682607595,0.0400829660357791,0.2518230614789362,0.020355006752845902,-0.0088346237839984,-0.0173788591290124,0.2626257998503383,2595.0,22298.0,-19703.0,-19703.0,0.0,MIXED_LONG_AND_SHORT_UP,MM_STRUCTURE_SHORT_BUILDING
2012-06-19,1622.199951171875,121411,28260,93151,0.0476190476190476,0.0058907424118768,0.004333828759047,0.02911875970433,-0.012659798434647,0.0821917808219178,0.9657534246575342,0.06810727377966429,0.0821917808219178,0.00010222858311183247,0.5052687038988408,-0.03424657534246578,0.1903911058169545,0.17470864853813128,-0.17727890533131752,0.0406260406260407,0.0404248030147311,-0.048677248677248694,0.4836122377997275,5705.0,15904.0,-10199.0,-10199.0,0.0,MIXED_LONG_AND_SHORT_UP,MM_STRUCTURE_NEUTRAL
2012-06-26,1574.0,110884,33389,77495,0.0202702702702702,-0.0297127065853105,-0.0239969940742873,0.0164019274276767,-0.0527772484497135,0.0,0.9795918367346939,-0.013986013986013986,-0.02877697841726619,-0.037037037037037035,0.07985062331813939,-0.020408163265306145,0.3968580237850535,0.1351473922902494,0.5469486383163292,0.0133258258258258,-0.036872586872586904,-0.0238473767885533,0.07265122265122259,-8981.0,23580.0,-32561.0,-32561.0,0.0,SHORT_BUILDING,MM_STRUCTURE_LONG_LIQUIDATION
2012-07-03,1621.300048828125,125464,29245,96219,0.0604026845637583,0.0300508569429003,-0.0005547419373918,0.0037766826650931,0.0107855666010754,0.11486486486486487,0.9594594594594594,0.03153153153153154,0.11486486486486487,0.10751192368839428,0.23607698607698607,-0.02665165165165173,-0.03339768339768345,0.05504769475357707,-0.21564876564876578,0.032816477667206606,0.053310485982198105,0.045804144417772905,0.16651903928033712,12157.0,6310.0,5847.0,5847.0,0.0,MIXED_LONG_AND_SHORT_UP,MM_STRUCTURE_ACCUMULATION
2012-07-10,1579.300048828125,115071,34784,80287,0.0333333333333333,-0.0259051370721647,0.0033672483024935,-0.0207105496093552,0.014452723082156,0.03355704697986577,0.9798657718120806,-0.028511918537375606,0.03355704697986577,0.03355704697986577,0.078669828934753,0.007451978708632345,-0.020134228187919434,0.3521285455347083,-0.08780340112025031,0.005936073059360697,0.0262910798122066,-0.0028985507246377037,0.0640249456940649,2151.0,1962.0,189.0,189.0,0.0,MIXED_LONG_AND_SHORT_UP,MM_STRUCTURE_ACCUMULATION
2012-07-17,1589.0999755859375,109800,28444,81356,0.0397350993377483,0.0062052342524046,-0.0198606502636335,-0.0204043746654203,0.0081202349561102,0.0,0.9466666666666667,-0.0821917808219178,-0.014084507042253521,0.0,0.05392053815429893,-0.019086757990867564,-0.053333333333333344,0.17130434782608694,-0.2622885572139304,-0.007883948281299305,0.032742092344741396,0.032540854733431795,0.1220453816480308,-3653.0,-10364.0,6711.0,6711.0,0.0,MIXED_LONG_AND_SHORT_DOWN,MM_STRUCTURE_SHORT_COVERING_RALLY
2012-07-24,1576.0,92963,33154,59809,0.006578947368421,-0.0082436446964938,-0.0020895641905246,0.0012706480304955,0.0176934165349544,0.0,0.9668874172185431,0.0,-0.013986013986013986,-0.02877697841726619,0.009065009065009065,-0.012704419516150756,-0.0331125827814569,0.38415360426890277,-0.18866813833701246,-0.013691322901849198,-0.0003654970760233996,-0.0505639097744361,0.036807705538355696,-20420.0,-7703.0,-12717.0,-12717.0,0.0,MIXED_LONG_AND_SHORT_DOWN,MM_STRUCTURE_LONG_LIQUIDATION
2012-07-31,1610.5,105196,24339,80857,0.0457516339869281,0.0218908629441625,0.0134667577514573,-0.006661351078063,-0.0029098262221126,0.006578947368421052,0.9210526315789473,-0.10828591749644381,-0.07675438596491227,0.006578947368421052,-0.152734778121775,-0.038406827880512084,-0.06505847953216382,-0.07180451127819554,-0.14675782593739262,-0.0146510505768302,0.018165427090376402,0.0386594354053679,0.005177760339810102,-19015.0,-11282.0,-7733.0,-7733.0,0.0,MIXED_LONG_AND_SHORT_DOWN,MM_STRUCTURE_SHORT_COVERING_RALLY
2012-08-07,1609.699951171875,96887,27177,69710,0.0129870129870129,-0.000496770461425,0.0213832177486517,0.0192489719520412,-0.0018602344458559,0.006535947712418301,0.9281045751633987,-0.02702109926744747,-0.05553301780482308,0.006535947712418301,-0.11760198332206445,-0.05176119664868184,-0.044309217940049495,-0.07189542483660127,-0.38898578476612544,-0.020346320346320397,-0.014410247286959702,0.005944759465886199,-0.005575623502961301,-23478.0,-5315.0,-18163.0,-18163.0,0.0,MIXED_LONG_AND_SHORT_DOWN,MM_STRUCTURE_LONG_LIQUIDATION
2012-08-14,1599.4000244140625,95478,28822,66656,0.0129032258064516,-0.0063986625273325,-0.0068922543222214,0.0064816871099171,-0.0140549423277579,0.006493506493506494,0.9415584415584416,0.006493506493506494,-0.07569827432841131,-0.0075910005487470275,-0.1578900551503291,-0.005108225108225062,-0.024194983099092626,-0.058441558441558406,-0.21458608891604714,-0.026831873531296697,-0.034715821812596,0.0059102188134447006,-0.0751406248273271,-25933.0,562.0,-26495.0,-26495.0,0.0,LONG_LIQUIDATION,MM_STRUCTURE_LONG_LIQUIDATION
2012-08-21,1639.9000244140625,111063,19478,91585,0.0897435897435897,0.0253219953618777,0.0187613059317057,0.0405457007703442,0.0418678681156687,0.03870967741935484,0.8709677419354839,0.03870967741935484,0.03870967741935484,0.024723663433340856,0.06748665583662103,-0.09591967528305922,-0.10862409479920998,-0.12903225806451613,-0.5054821185842635,0.0831646423751687,0.0694733194733195,0.0827991452991453,0.1063459063459064,179.0,-13911.0,14090.0,14090.0,0.0,SHORT_COVERING,MM_STRUCTURE_ACCUMULATION
2012-08-28,1666.5,127743,14577,113166,0.1794871794871795,0.0162204861210619,0.0419532165572646,0.0347718099968954,0.0278788316848233,0.17307692307692307,0.7692307692307693,0.16649797570850203,0.0582120582120582,0.08974358974358974,-0.05665280665280667,-0.15182186234817807,-0.19022869022869016,-0.2168803418803419,-0.1568310068310067,0.13373554550025138,0.11908449492342119,0.1519009725906278,0.06577400894122308,2279.0,-14668.0,16947.0,16947.0,0.0,SHORT_COVERING,MM_STRUCTURE_ACCUMULATION
2012-09-04,1692.9000244140625,136347,13420,122927,0.2179487179487179,0.0158415988083182,0.032319043362986,0.0516866967546449,0.0719305844828099,0.21153846153846154,0.7371794871794872,0.20500251382604323,0.17798141455859576,0.14946949602122017,0.14442436757872998,-0.1909250879839115,-0.24268628463259334,-0.235234305923961,-0.2225520564446739,0.204961704961705,0.1846153846153846,0.1905514576747453,0.158324304803178,21276.0,-21364.0,42640.0,42640.0,0.0,SHORT_COVERING,MM_STRUCTURE_ACCUMULATION
2012-09-11,1731.800048828125,147696,10083,137613,0.2756410256410256,0.0229783353139985,0.0391839476916442,0.0827810568919849,0.0897993049113041,0.27564102564102566,0.532051282051282,0.26914751914751917,0.27564102564102566,0.19344924481910786,0.28972553268327916,-0.40950715950715955,-0.4146153846153846,-0.4337021426062522,-0.36128205128205126,0.262737799834574,0.2359059263032773,0.228021978021978,0.2031638339585359,37896.0,-18361.0,56257.0,56257.0,0.0,LONG_BUILDING,MM_STRUCTURE_ACCUMULATION
2012-09-18,1768.4000244140625,155972,11670,144302,0.3269230769230769,0.0211340654544409,0.0445980264109995,0.0783584353234663,0.1220812337652681,0.3076923076923077,0.6282051282051282,0.2689826302729529,0.3076923076923077,0.3076923076923077,0.3216783216783217,-0.24276261373035568,-0.3386822890134149,-0.35138670852956566,-0.305569706231958,0.23717948717948723,0.3203441295546559,0.30665280665280675,0.3207096266306793,63009.0,-21484.0,84493.0,84493.0,0.0,LONG_BUILDING,MM_STRUCTURE_ACCUMULATION
2012-09-25,1763.800048828125,167404,9176,158228,0.4294871794871794,-0.0026012076014654,0.0184778837612655,0.0583858678836632,0.0951878601851132,0.391025641025641,0.44871794871794873,0.21794871794871795,0.38444669365721995,0.27616077616077617,0.4612010796221322,-0.32051282051282054,-0.4723346828609986,-0.5107415107415108,-0.4072762033288348,0.24999999999999992,0.3837355455002513,0.3690844949234211,0.3655701184098749,62208.0,-15163.0,77371.0,77371.0,0.0,LONG_BUILDING,MM_STRUCTURE_ACCUMULATION
2012-10-02,1772.699951171875,171822,8832,162990,0.4487179487179487,0.0050458680674507,0.0024315351156123,0.0471380031939172,0.1012611076252656,0.4358974358974359,0.4166666666666667,0.22435897435897437,0.4293614881850176,0.4023403889175701,0.4848945059898407,-0.32051282051282054,-0.511437908496732,-0.5631991051454139,-0.4671286905566825,0.23076923076923078,0.4357309357309358,0.41538461538461535,0.4501411830178955,74935.0,-18345.0,93280.0,93280.0,0.0,LONG_BUILDING,MM_STRUCTURE_ACCUMULATION
2012-10-09,1763.0,177644,10171,167473,0.4743589743589743,-0.0054718516607746,-0.0004535938348887,0.0180159084722209,0.1022883413084054,0.46794871794871795,0.5384615384615384,0.1923076923076923,0.46145521145521146,0.46794871794871795,0.5371534857836228,0.0064102564102563875,-0.40309690309690316,-0.4082051282051282,-0.37890191999781053,0.19871794871794868,0.4614557485525227,0.434623875021226,0.4961715703651187,82166.0,-18651.0,100817.0,100817.0,0.0,LONG_BUILDING,MM_STRUCTURE_ACCUMULATION
2012-10-16,1744.699951171875,169829,11245,158584,0.4358974358974359,-0.0103800617289421,-0.0157951152317064,-0.013401986493435,0.0639062901381792,0.42948717948717946,0.5961538461538461,0.12179487179487175,0.39077750206782463,0.42948717948717946,0.3520678246484698,-0.03205128205128205,-0.27481389578163773,-0.37073357106469695,-0.16618980098242775,0.10897435897435898,0.3461538461538462,0.4293184885290149,0.2766805266805267,58766.0,-8233.0,66999.0,66999.0,0.0,LONG_BUILDING,MM_STRUCTURE_ACCUMULATION
2012-10-23,1708.300048828125,159412,12776,146636,0.3397435897435897,-0.0208631302587594,-0.0310266314077566,-0.0314661517539215,0.02508253755063,0.3269230769230769,0.7051282051282052,-0.0641025641025641,0.15384615384615385,0.32034412955465585,0.09563409563409565,0.25641025641025644,-0.0641025641025641,-0.21592442645074217,0.12612612612612606,-0.0897435897435897,0.16025641025641021,0.2939919557566616,0.04117191533298903,31669.0,-1801.0,33470.0,33470.0,0.0,LONG_BUILDING,MM_STRUCTURE_ACCUMULATION
2012-10-30,1710.9000244140625,149389,13961,135428,0.2756410256410256,0.0015219665817611,-0.0193729166640429,-0.0348620344446665,0.0106326420582514,0.28205128205128205,0.75,-0.15384615384615385,0.07051282051282051,0.27551533433886377,-0.10746859404577525,0.3333333333333333,0.012820512820512775,-0.17810457516339873,0.2555067974531061,-0.17307692307692307,0.05769230769230771,0.2626540126540127,-0.1269230769230769,13042.0,541.0,12501.0,12501.0,0.0,MIXED_LONG_AND_SHORT_UP,MM_STRUCTURE_NEUTRAL
2012-11-06,1714.0999755859375,128668,13499,115169,0.1858974358974359,0.0018703320627813,0.003395145227439,-0.0277368260998652,-0.0102206217479695,0.1794871794871795,0.7307692307692307,-0.28846153846153844,-0.09615384615384617,0.172993672993673,-0.3717948717948718,0.1923076923076923,0.19871794871794868,-0.21078921078921087,0.6133333333333333,-0.2884615384615384,-0.0897435897435897,0.1729942100909843,-0.325649516046867,-19028.0,3416.0,-22444.0,-22444.0,0.0,LONG_LIQUIDATION,MM_STRUCTURE_LONG_LIQUIDATION
2012-11-13,1724.199951171875,137972,13042,124930,0.2435897435897435,0.0058922908405532,0.0077736434438169,-0.0117498713668391,-0.0249943862429161,0.23717948717948717,0.6987179487179487,-0.1923076923076923,-0.07051282051282054,0.19846980976013234,-0.37820512820512825,0.10256410256410253,0.07051282051282048,-0.1722497932175352,0.4091951095262354,-0.1923076923076924,-0.08333333333333343,0.1538461538461538,-0.40367746288798934,-18000.0,1372.0,-19372.0,-19372.0,0.0,LONG_LIQUIDATION,MM_STRUCTURE_LONG_LIQUIDATION
2012-11-20,1723.199951171875,147339,11400,135939,0.2948717948717949,-0.0005799791371762,0.0053088942976191,0.0087220639921956,-0.0230185375509116,0.28846153846153844,0.5769230769230769,-0.03846153846153849,-0.10256410256410259,0.11538461538461536,-0.48701079622132254,-0.1282051282051283,0.12820512820512814,-0.1923076923076924,0.6005398110661267,-0.04487179487179482,-0.13461538461538453,0.11538461538461539,-0.5183509301156358,-20065.0,2224.0,-22289.0,-22289.0,0.0,LONG_LIQUIDATION,MM_STRUCTURE_LONG_LIQUIDATION
2012-11-27,1742.199951171875,159947,7640,152307,0.4038461538461538,0.0110259984554195,0.0104396244691724,0.0182944218313001,-0.0172053933773944,0.3782051282051282,0.26282051282051283,0.09615384615384615,-0.05769230769230771,0.16666666666666666,-0.48705379587732534,-0.48717948717948717,-0.15384615384615385,-0.4743589743589744,0.35759175465057813,0.1282051282051282,-0.04487179487179488,0.1858974358974359,-0.4806027306027307,-11875.0,-1192.0,-10683.0,-10683.0,0.0,MIXED_LONG_AND_SHORT_DOWN,MM_STRUCTURE_LOW_PARTICIPATION
2012-12-04,1694.4000244140625,134304,15559,118745,0.2051282051282051,-0.0274365331750011,-0.0167130498919912,-0.0114928834096394,-0.0389109334009855,0.21153846153846154,0.8141025641025641,0.03205128205128205,-0.2564102564102564,-0.06410256410256412,-0.7178654678654679,0.08333333333333337,0.27564102564102566,0.28205128205128205,0.6787379287379288,0.01923076923076919,-0.26923076923076916,-0.07051282051282051,-0.7306865177832919,-43340.0,5388.0,-48728.0,-48728.0,0.0,LONG_LIQUIDATION,MM_STRUCTURE_LONG_LIQUIDATION
2012-12-11,1708.199951171875,134234,14579,119655,0.2115384615384615,0.0081444325772981,-0.0195155555923016,-0.00927966619482,-0.0209205026775427,0.21153846153846154,0.7628205128205128,-0.025641025641025633,-0.21794871794871792,-0.09615384615384617,-0.6087262200165425,0.0641025641025641,0.16666666666666663,0.13461538461538458,0.44148056244830436,-0.03205128205128199,-0.2243589743589744,-0.11538461538461542,-0.5705128205128206,-35595.0,3334.0,-38929.0,-38929.0,0.0,LONG_LIQUIDATION,MM_STRUCTURE_LONG_LIQUIDATION
2012-12-18,1669.5,130786,22755,108031,0.1474358974358974,-0.0226553988280621,-0.014695481619031,-0.0311629251935365,-0.0227126662290628,0.19230769230769232,0.8974358974358975,-0.09615384615384612,-0.1346153846153846,-0.1987179487179487,-0.28846153846153844,0.3205128205128206,0.1923076923076923,0.44871794871794873,0.2564102564102564,-0.14743589743589747,-0.1923076923076923,-0.282051282051282,-0.35256410256410253,-28626.0,9979.0,-38605.0,-38605.0,0.0,LONG_LIQUIDATION,MM_STRUCTURE_LONG_LIQUIDATION
2012-12-24,1658.5999755859375,128403,29509,98894,0.1089743589743589,-0.0065289154921008,-0.0290363991357747,-0.0479852932665419,-0.0305687346319586,0.1794871794871795,0.9487179487179487,-0.1987179487179487,-0.10256410256410256,-0.2564102564102564,-0.17307692307692307,0.6858974358974359,0.19871794871794868,0.5320512820512819,0.1858974358974359,-0.2948717948717949,-0.16666666666666669,-0.33974358974358976,-0.2243589743589744,-20986.0,15548.0,-36534.0,-36534.0,0.0,LONG_LIQUIDATION,MM_STRUCTURE_LONG_LIQUIDATION
2012-12-31,1674.800048828125,124967,27848,97119,0.1089743589743589,0.0097673179070585,0.003174632421758,-0.011567501949674,-0.0229274414080651,0.15384615384615385,0.9166666666666666,-0.05769230769230768,-0.025641025641025633,-0.3141025641025641,0.07051282051282054,0.10256410256410253,0.1858974358974359,0.3782051282051282,-0.012820512820512775,-0.09615384615384619,-0.076923076923077,-0.36538461538461536,0.012820512820512706,-3701.0,14349.0,-18050.0,-18050.0,0.0,SHORT_BUILDING,MM_STRUCTURE_LONG_LIQUIDATION
2013-01-08,1661.5,117603,30254,87349,0.0705128205128205,-0.0079412756391016,0.0017484773042022,-0.0273386913164571,-0.0363646635816572,0.08333333333333333,0.9487179487179487,-0.1282051282051282,-0.15384615384615385,-0.34615384615384615,-0.08333333333333331,0.1858974358974359,0.25,0.35256410256410253,0.17948717948717952,-0.14102564102564102,-0.17307692307692302,-0.3653846153846154,-0.08974358974358959,-20369.0,17212.0,-37581.0,-37581.0,0.0,LONG_LIQUIDATION,MM_STRUCTURE_LONG_LIQUIDATION
2013-01-15,1683.4000244140625,118437,27333,91104,0.0961538461538461,0.0131808753620599,0.0051349267585434,0.0083258606852725,-0.0230965226819709,0.09615384615384616,0.9038461538461539,-0.09615384615384616,-0.1923076923076923,-0.23076923076923078,-0.0897435897435897,0.0064102564102563875,0.326923076923077,0.19871794871794868,0.19871794871794884,-0.05128205128205131,-0.1987179487179488,-0.2435897435897436,-0.06410256410256426,-28902.0,15933.0,-44835.0,-44835.0,0.0,LONG_LIQUIDATION,MM_STRUCTURE_LONG_LIQUIDATION
2013-01-22,1692.800048828125,121758,23861,97897,0.1282051282051282,0.0055839516916571,0.0188384284249925,0.0206198442937426,-0.0283548982483449,0.14743589743589744,0.8782051282051282,-0.03205128205128205,-0.23076923076923075,-0.1346153846153846,-0.17307692307692304,-0.07051282051282048,0.6153846153846154,0.1282051282051282,0.7692307692307693,0.019230769230769287,-0.2756410256410256,-0.1474358974358974,-0.23076923076923073,-38189.0,16221.0,-54410.0,-54410.0,0.0,LONG_LIQUIDATION,MM_STRUCTURE_LONG_LIQUIDATION
2013-01-29,1660.699951171875,111076,34575,76501,0.0384615384615384,-0.0189627225486388,-0.0134846577836356,-0.008418973755175,-0.0198890892095219,0.04487179487179487,0.9743589743589743,-0.10897435897435898,-0.16666666666666666,-0.1346153846153846,0.08974358974358973,0.05769230769230771,0.16025641025641024,0.2435897435897436,-0.11538461538461542,-0.07051282051282051,-0.16666666666666669,-0.1474358974358975,0.10256410256410248,-23228.0,19016.0,-42244.0,-42244.0,0.0,LONG_LIQUIDATION,MM_STRUCTURE_LONG_LIQUIDATION
2013-02-05,1672.4000244140625,113058,34510,78548,0.0512820512820512,0.0070452662047297,-0.0120510537722307,0.0065603517388279,-0.0209576910087444,0.057692307692307696,0.967948717948718,-0.025641025641025633,-0.15384615384615385,-0.17948717948717946,0.06410256410256407,0.019230769230769273,0.20512820512820518,0.2692307692307693,0.03846153846153855,-0.0192307692307693,-0.1602564102564103,-0.1923076923076923,0.0641025641025641,-21176.0,19931.0,-41107.0,-41107.0,0.0,LONG_LIQUIDATION,MM_STRUCTURE_LONG_LIQUIDATION
2013-02-12,1648.699951171875,113939,47357,66582,0.0128205128205128,-0.0141712944846977,-0.0072258688220784,-0.0206130882374588,-0.0124588492531446,0.08333333333333333,1.0,-0.01282051282051283,-0.10897435897435899,-0.20512820512820512,0.02564102564102562,0.09615384615384615,0.10256410256410253,0.42307692307692313,-0.08974358974358976,-0.0833333333333333,-0.1346153846153846,-0.2820512820512821,0.05769230769230768,-16847.0,24602.0,-41449.0,-41449.0,0.0,SHORT_BUILDING,MM_STRUCTURE_LONG_LIQUIDATION
2013-02-19,1603.5999755859375,109507,66697,42810,0.0064102564102564,-0.0273548716695727,-0.0411385122122499,-0.0526938035617012,-0.0331604972926459,0.02564102564102564,1.0,-0.1217948717948718,-0.15384615384615385,-0.35256410256410253,-0.051282051282051294,0.1217948717948718,0.05128205128205132,0.7371794871794872,-0.14743589743589736,-0.12179487179487179,-0.1025641025641025,-0.3974358974358974,0.06410256410256418,-18896.0,37188.0,-56084.0,-56084.0,0.0,SHORT_BUILDING,MM_STRUCTURE_LONG_LIQUIDATION
2013-02-26,1615.199951171875,112888,62035,50853,0.0128205128205128,0.0072337090063243,-0.0203190398448114,-0.0273980859503806,-0.0355863959389974,0.057692307692307696,0.9935897435897436,0.012820512820512824,-0.09615384615384616,-0.15384615384615385,-0.07051282051282053,0.019230769230769273,0.07692307692307698,0.17948717948717952,-0.10897435897435892,-0.025641025641025602,-0.0961538461538461,-0.1923076923076923,-0.019230769230769107,-12079.0,34187.0,-46266.0,-46266.0,0.0,SHORT_BUILDING,MM_STRUCTURE_LONG_LIQUIDATION
2013-03-05,1574.5999755859375,108352,67182,41170,0.0064102564102564,-0.0251361916872775,-0.0180843105771461,-0.058478861157868,-0.0523021513175218,0.02564102564102564,1.0,-0.032051282051282055,-0.05769230769230769,-0.1858974358974359,0.09615384615384617,0.03205128205128205,0.05128205128205132,0.23717948717948723,-0.19871794871794868,-0.044871794871794796,-0.0641025641025641,-0.20512820512820512,0.10897435897435892,-9251.0,36928.0,-46179.0,-46179.0,0.0,SHORT_BUILDING,MM_STRUCTURE_LONG_LIQUIDATION
2013-03-12,1591.5,112966,68642,44324,0.0192307692307692,0.0107329002134486,-0.0146730757109545,-0.0346939727457491,-0.0545919110616919,0.07692307692307693,1.0,-0.006410256410256401,-0.019230769230769232,-0.11538461538461539,0.17307692307692307,0.0,0.09615384615384615,0.10256410256410253,-0.23076923076923084,0.006410256410256401,-0.0769230769230769,-0.12820512820512822,0.12179487179487189,-5471.0,41309.0,-46780.0,-46780.0,0.0,SHORT_BUILDING,MM_STRUCTURE_LONG_LIQUIDATION
2013-03-19,1611.300048828125,121388,56609,64779,0.0384615384615384,0.0124411239887685,0.0233075535445317,0.0048017419302928,-0.0481450836774373,0.1858974358974359,0.9743589743589743,0.16025641025641027,0.038461538461538464,0.006410256410256415,0.2692307692307692,-0.02564102564102566,0.09615384615384615,0.02564102564102566,-0.5192307692307693,0.032051282051282,-0.08974358974358979,-0.07051282051282051,0.18589743589743582,-370.0,32748.0,-33118.0,-33118.0,0.0,SHORT_BUILDING,MM_STRUCTURE_SHORT_BUILDING
2013-03-26,1595.800048828125,110766,54831,55935,0.032051282051282,-0.0096195615529665,0.0027018842778039,-0.012010836385721,-0.0390798484084697,0.04487179487179487,0.967948717948718,-0.012820512820512824,0.0,-0.10897435897435898,0.16666666666666666,-0.02564102564102566,-0.0064102564102563875,0.05128205128205132,-0.16666666666666663,0.0192307692307692,-0.006410256410256401,-0.0769230769230769,0.1602564102564103,-310.0,20256.0,-20566.0,-20566.0,0.0,SHORT_BUILDING,MM_STRUCTURE_NEUTRAL
2013-04-02,1575.0999755859375,110504,66308,44196,0.0192307692307692,-0.0129715958195317,-0.022466376308072,0.0003175409677076,-0.0581798896243228,0.04487179487179487,0.9807692307692307,0.019230769230769232,-0.012820512820512824,-0.03846153846153846,0.14102564102564102,-0.019230769230769273,0.012820512820512775,0.03205128205128205,-0.1923076923076924,0.012820512820512801,-0.03205128205128199,-0.051282051282051294,0.1282051282051283,-2554.0,31798.0,-34352.0,-34352.0,0.0,SHORT_BUILDING,MM_STRUCTURE_LONG_LIQUIDATION
2013-04-09,1586.199951171875,113423,63436,49987,0.032051282051282,0.0070471562173748,-0.0060158524642857,-0.0033302223236726,-0.037908656426887,0.11538461538461539,0.9743589743589743,0.038461538461538464,0.03205128205128206,0.019230769230769232,0.14102564102564105,-0.02564102564102566,-0.02564102564102566,0.07051282051282048,-0.1282051282051282,0.0128205128205128,0.0192307692307692,-0.0641025641025641,0.1538461538461538,-516.0,16079.0,-16595.0,-16595.0,0.0,SHORT_BUILDING,MM_STRUCTURE_ACCUMULATION
2013-04-16,1386.800048828125,122687,54025,68662,0.0769230769230769,-0.1257091845176483,-0.119547920561528,-0.1393284882994173,-0.1351957658134761,0.23076923076923078,0.9487179487179487,0.04487179487179488,0.20512820512820515,0.08333333333333334,0.35897435897435903,-0.02564102564102566,-0.05128205128205132,0.07051282051282048,-0.10256410256410264,0.0384615384615385,0.0705128205128205,-0.051282051282051294,0.17307692307692302,13180.0,-12672.0,25852.0,25852.0,0.0,LONG_BUILDING,MM_STRUCTURE_ACCUMULATION
2013-04-23,1408.5999755859375,119662,66743,52919,0.0448717948717948,0.0157195889748011,-0.1119656922538219,-0.1173079756324471,-0.1279098451161066,0.17307692307692307,0.9871794871794872,0.1282051282051282,0.11538461538461538,0.1282051282051282,0.21153846153846154,0.019230769230769273,-0.0064102564102563875,0.012820512820512886,-0.08333333333333337,0.012820512820512803,0.03205128205128201,0.006410256410256401,0.1282051282051281,6774.0,4708.0,2066.0,2066.0,0.0,MIXED_LONG_AND_SHORT_UP,MM_STRUCTURE_ACCUMULATION
2013-04-30,1472.199951171875,116815,65224,51591,0.0448717948717948,0.0451511974217391,0.0615805446617301,-0.065329201961154,-0.0650324056914567,0.14743589743589744,0.967948717948718,0.10256410256410256,0.1217948717948718,0.08974358974358974,0.1794871794871795,-0.012820512820512775,-0.03205128205128205,0.0,-0.08333333333333337,0.025641025641025602,0.0384615384615384,-0.006410256410256394,0.1025641025641025,8463.0,-1958.0,10421.0,10421.0,0.0,LONG_BUILDING,MM_STRUCTURE_ACCUMULATION
2013-05-07,1449.0,115705,67172,48533,0.032051282051282,-0.0157586957895276,0.0286809776475094,-0.0864960001231323,-0.0895381715362865,0.14102564102564102,0.9871794871794872,0.025641025641025633,0.0641025641025641,0.057692307692307696,0.08333333333333333,0.012820512820512886,-0.012820512820512775,-0.012820512820512775,-0.10897435897435892,0.0,0.0128205128205128,0.0192307692307692,0.0897435897435897,2739.0,-1470.0,4209.0,4209.0,0.0,LONG_BUILDING,MM_STRUCTURE_ACCUMULATION
2013-05-14,1424.699951171875,112533,73149,39384,0.0064102564102564,-0.0167702200332126,-0.0322646390269133,0.0273290315902254,-0.115807169367345,0.07692307692307693,1.0,-0.15384615384615385,-0.10897435897435898,0.05128205128205129,-0.14743589743589744,0.05128205128205132,0.02564102564102566,0.0,-0.07051282051282048,-0.0705128205128205,-0.032051282051282,0.0,0.057692307692307786,-8855.0,16540.0,-25395.0,-25395.0,0.0,SHORT_BUILDING,MM_STRUCTURE_LONG_LIQUIDATION
2013-05-21,1377.800048828125,113088,76730,36358,0.0064102564102564,-0.0329191436450692,-0.0491373023960489,-0.0218656306202196,-0.1366085933886819,0.10897435897435898,1.0,-0.0641025641025641,0.0641025641025641,0.05128205128205128,0.0641025641025641,0.012820512820512775,0.03205128205128205,0.0064102564102563875,0.038461538461538436,-0.0384615384615384,-0.0256410256410256,-0.0064102564102564,-0.019230769230769197,2322.0,21899.0,-19577.0,-19577.0,0.0,MIXED_LONG_AND_SHORT_UP,MM_STRUCTURE_SHORT_BUILDING
2013-05-28,1379.0999755859375,114281,67244,47037,0.0448717948717948,0.0009434799765888,-0.0320067222213559,-0.0632386759093625,-0.1244365456402778,0.14743589743589744,0.9807692307692307,0.0,0.10256410256410256,0.1217948717948718,0.11538461538461539,0.012820512820512775,0.0,-0.019230769230769273,-0.012820512820512775,0.0,0.025641025641025602,0.0384615384615384,0.0576923076923076,3777.0,936.0,2841.0,2841.0,0.0,MIXED_LONG_AND_SHORT_UP,MM_STRUCTURE_ACCUMULATION
2013-06-04,1397.0999755859375,112259,58671,53588,0.0833333333333333,0.0130519906595982,0.0140077849280291,-0.0358178222319272,-0.1192157239988763,0.07692307692307693,0.9230769230769231,-0.0641025641025641,-0.038461538461538464,0.0,-0.07051282051282053,-0.0641025641025641,-0.05128205128205121,-0.07692307692307687,-0.02564102564102555,0.0512820512820513,0.0512820512820513,0.0641025641025641,0.032051282051282104,-1164.0,-4765.0,3601.0,3601.0,0.0,MIXED_LONG_AND_SHORT_DOWN,MM_STRUCTURE_SHORT_COVERING_RALLY
2013-06-11,1377.0,116492,61174,55318,0.0897435897435897,-0.014386927161392,-0.0015227145407245,-0.0334806996607529,-0.0070666631692191,0.1794871794871795,0.9230769230769231,0.10256410256410256,-0.051282051282051294,-0.006410256410256415,-0.25641025641025644,-0.07692307692307687,-0.02564102564102555,-0.05128205128205121,0.025641025641025772,0.0833333333333333,0.012820512820512803,0.0512820512820513,-0.057692307692307696,-6195.0,7149.0,-13344.0,-13344.0,0.0,SHORT_BUILDING,MM_STRUCTURE_SHORT_COVERING_RALLY
2013-06-18,1366.5999755859375,110415,71162,39253,0.0128205128205128,-0.0075526684197985,-0.0218309358907607,-0.0081289540174669,-0.0298168399318118,0.04487179487179487,0.9871794871794872,-0.0641025641025641,-0.1282051282051282,0.0,-0.24358974358974356,-0.012820512820512775,0.0,0.019230769230769273,0.0064102564102563875,0.0064102564102564,-0.03205128205128201,-0.0192307692307692,-0.06410256410256401,-9247.0,4419.0,-13666.0,-13666.0,0.0,LONG_LIQUIDATION,MM_STRUCTURE_LONG_LIQUIDATION
2013-06-25,1274.800048828125,107441,77152,30289,0.0064102564102564,-0.0671739560938107,-0.0742192818967865,-0.0756289816577646,-0.1340849809067166,0.02564102564102564,1.0,-0.1217948717948718,-0.1217948717948718,-0.019230769230769232,-0.2435897435897436,0.019230769230769273,0.03205128205128205,0.019230769230769273,0.0641025641025641,-0.0384615384615384,-0.0384615384615384,-0.012820512820512801,-0.0769230769230768,-9374.0,11928.0,-21302.0,-21302.0,0.0,SHORT_BUILDING,MM_STRUCTURE_LONG_LIQUIDATION
2013-07-02,1243.5999755859375,103011,81627,21384,0.0064102564102564,-0.0244744838775842,-0.0900043920659833,-0.1098704478436647,-0.1417529499061852,0.019230769230769232,1.0,-0.057692307692307696,-0.12179487179487179,-0.09615384615384616,-0.1858974358974359,0.07692307692307687,0.012820512820512775,0.02564102564102566,0.02564102564102555,-0.0769230769230769,-0.0256410256410256,-0.0256410256410256,-0.038461538461538394,-12694.0,14455.0,-27149.0,-27149.0,0.0,SHORT_BUILDING,MM_STRUCTURE_LONG_LIQUIDATION
2013-07-09,1245.9000244140625,105942,82060,23882,0.0128205128205128,0.001849508582566,-0.0226702410630037,-0.0952069539476669,-0.125500058177683,0.03205128205128205,1.0,-0.14743589743589744,-0.04487179487179488,-0.19871794871794873,0.0641025641025641,0.07692307692307687,0.0,0.05128205128205132,-0.02564102564102566,-0.0769230769230769,0.0064102564102564,-0.0641025641025641,0.0384615384615384,-6591.0,8911.0,-15502.0,-15502.0,0.0,SHORT_BUILDING,MM_STRUCTURE_NEUTRAL
2013-07-16,1290.800048828125,106737,64896,41841,0.0512820512820512,0.0360382242027634,0.0379543857902928,-0.0554660676949835,-0.0631441405986282,0.038461538461538464,0.9102564102564102,-0.006410256410256408,-0.07051282051282051,-0.1346153846153846,-0.1346153846153846,-0.07692307692307698,-0.08974358974358976,-0.07692307692307698,-0.1217948717948718,0.038461538461538394,0.044871794871794796,0.006410256410256394,0.0705128205128204,-6351.0,-11834.0,5483.0,5483.0,0.0,MIXED_LONG_AND_SHORT_DOWN,MM_STRUCTURE_SHORT_COVERING_RALLY
2013-07-23,1335.0999755859375,111993,56639,55354,0.1282051282051282,0.0343197436334394,0.0715947904518463,0.0473014782304439,-0.0319048660567959,0.10897435897435898,0.8782051282051282,0.08333333333333334,-0.038461538461538464,-0.038461538461538464,-0.14102564102564102,-0.1217948717948718,-0.10256410256410253,-0.08974358974358976,-0.10256410256410253,0.12179487179487179,0.0833333333333334,0.0833333333333334,0.05769230769230779,-2288.0,-10605.0,8317.0,8317.0,0.0,MIXED_LONG_AND_SHORT_DOWN,MM_STRUCTURE_SHORT_COVERING_RALLY
2013-07-30,1324.0,108850,56821,52029,0.1089743589743589,-0.0083139658369524,0.0257204446203858,0.0646510340884987,-0.0523226518240255,0.057692307692307696,0.8782051282051282,0.038461538461538464,-0.019230769230769232,-0.08333333333333333,0.019230769230769232,-0.1217948717948718,-0.044871794871794934,-0.10897435897435903,0.0064102564102562765,0.1025641025641025,0.025641025641025605,0.0769230769230769,-0.025641025641025696,-3409.0,-1850.0,-1559.0,-1559.0,0.0,MIXED_LONG_AND_SHORT_DOWN,MM_STRUCTURE_SHORT_COVERING_RALLY
2013-08-06,1283.199951171875,105340,70596,34744,0.0256410256410256,-0.0308157468490369,-0.0388735116194464,0.0299381379138783,-0.0681191349514342,0.03205128205128205,0.9615384615384616,0.0,-0.14743589743589744,-0.04487179487179488,-0.09615384615384615,-0.038461538461538436,0.038461538461538436,-0.038461538461538436,0.06410256410256399,0.0128205128205128,-0.0641025641025641,0.019230769230769197,-0.0769230769230769,-11152.0,9422.0,-20574.0,-20574.0,0.0,LONG_LIQUIDATION,MM_STRUCTURE_LONG_LIQUIDATION
2013-08-13,1321.199951171875,100561,62573,37988,0.0384615384615384,0.0296134674610115,-0.0021148405046261,0.0235512094776795,-0.0332211511964918,0.019230769230769232,0.8910256410256411,-0.019230769230769232,-0.02564102564102564,-0.08974358974358974,0.10256410256410256,-0.019230769230769162,-0.09615384615384615,-0.10897435897435892,-0.09615384615384615,-0.012820512820512796,0.025641025641025602,0.032051282051282,0.05769230769230761,-9854.0,-8589.0,-1265.0,-1265.0,0.0,MIXED_LONG_AND_SHORT_DOWN,MM_STRUCTURE_SHORT_COVERING_RALLY
2013-08-20,1373.0999755859375,104483,56067,48416,0.0961538461538461,0.0392824904118624,0.0700592486244733,0.0284622879895739,0.0771100745157453,0.03205128205128205,0.8461538461538461,-0.07692307692307693,0.006410256410256408,-0.11538461538461539,0.12820512820512822,-0.03205128205128205,-0.15384615384615385,-0.13461538461538458,-0.1858974358974359,-0.03205128205128209,0.0897435897435897,0.0512820512820513,0.1282051282051281,-2958.0,-21085.0,18127.0,18127.0,0.0,MIXED_LONG_AND_SHORT_DOWN,MM_STRUCTURE_ACCUMULATION
2013-08-27,1420.5999755859375,105531,35142,70389,0.2051282051282051,0.034593256750828,0.07523465643932,0.0729607066359043,0.1423287258562418,0.05128205128205128,0.8012820512820513,-0.006410256410256415,0.03205128205128205,-0.025641025641025647,0.15384615384615385,-0.07692307692307687,-0.19871794871794868,-0.1217948717948718,-0.21153846153846145,0.09615384615384619,0.1987179487179487,0.12179487179487179,0.2243589743589743,2520.0,-46485.0,49005.0,49005.0,0.0,SHORT_COVERING,MM_STRUCTURE_ACCUMULATION
2013-09-03,1412.0,107642,32242,75400,0.2243589743589743,-0.0060537630112167,0.0283300743614556,0.1003741067091681,0.1333172584726876,0.07692307692307693,0.75,0.04487179487179488,0.04487179487179488,-0.10256410256410256,0.08974358974358976,-0.21153846153846156,-0.25,-0.17307692307692313,-0.25,0.1987179487179487,0.2115384615384615,0.1346153846153846,0.20512820512820512,1700.0,-49818.0,51518.0,51518.0,0.0,SHORT_COVERING,MM_STRUCTURE_ACCUMULATION
2013-09-10,1364.0999755859375,100358,35578,64780,0.1794871794871795,-0.0339235300382878,-0.0397719280381488,0.0324705010592916,0.0567864301092637,0.019230769230769232,0.8012820512820513,0.0,-0.019230769230769232,-0.02564102564102564,0.05128205128205128,-0.08974358974358976,-0.10897435897435892,-0.1858974358974359,-0.019230769230769162,0.14102564102564108,0.1282051282051283,0.16666666666666669,0.08333333333333351,-6379.0,-29318.0,22939.0,22939.0,0.0,MIXED_LONG_AND_SHORT_DOWN,MM_STRUCTURE_SHORT_COVERING_RALLY
2013-09-17,1309.5,96370,41590,54780,0.1474358974358974,-0.0400263738458646,-0.0725920679886685,-0.0463185323113837,-0.0191745757277108,0.01282051282051282,0.8205128205128205,-0.01923076923076923,-0.09615384615384616,-0.01282051282051282,-0.057692307692307696,-0.02564102564102566,-0.05769230769230771,-0.17948717948717952,0.04487179487179482,0.05128205128205131,0.019230769230769218,0.14102564102564102,-0.06410256410256418,-15623.0,-15049.0,-574.0,-574.0,0.0,MIXED_LONG_AND_SHORT_DOWN,MM_STRUCTURE_SHORT_COVERING_RALLY
2013-09-24,1316.0,99035,35023,64012,0.1794871794871795,0.0049637266132112,-0.0352613272097425,-0.0736308442795758,-0.0060422960725075,0.02564102564102564,0.782051282051282,-0.02564102564102564,-0.032051282051282055,0.006410256410256408,-0.012820512820512824,-0.019230769230769273,-0.09615384615384615,-0.21794871794871795,-0.05128205128205121,-0.025641025641025605,0.07051282051282058,0.1730769230769231,0.044871794871794976,-9815.0,-21798.0,11983.0,11983.0,0.0,MIXED_LONG_AND_SHORT_DOWN,MM_STRUCTURE_SHORT_COVERING_RALLY
2013-10-01,1286.0,97777,36394,61383,0.1794871794871795,-0.0227963525835865,-0.0179457808323787,-0.0892351274787535,0.0021820830226557,0.02564102564102564,0.8012820512820513,-0.05128205128205129,-0.006410256410256408,-0.006410256410256408,0.14102564102564102,0.05128205128205132,-0.16025641025641024,-0.19871794871794868,-0.19871794871794868,-0.04487179487179482,0.15384615384615388,0.16666666666666669,0.21794871794871798,-7563.0,-34202.0,26639.0,26639.0,0.0,MIXED_LONG_AND_SHORT_DOWN,MM_STRUCTURE_SHORT_COVERING_RALLY
2013-10-08,1324.199951171875,97919,26363,71556,0.2371794871794871,0.0297044721398715,0.0062309659360753,-0.0292500734023719,0.0022706631175235,0.03205128205128205,0.6602564102564102,0.012820512820512817,0.012820512820512817,-0.006410256410256415,0.03846153846153846,-0.14102564102564108,-0.23076923076923084,-0.25,-0.1346153846153847,0.0576923076923076,0.19871794871794868,0.1858974358974359,0.17307692307692307,-2642.0,-36210.0,33568.0,33568.0,0.0,MIXED_LONG_AND_SHORT_DOWN,MM_STRUCTURE_ACCUMULATION
2013-10-15,1273.0,97326,44536,52790,0.1346153846153846,-0.0386648188036592,-0.0101088646967341,-0.027873234058801,-0.0729007190778094,0.02564102564102564,0.8205128205128205,0.01282051282051282,-0.006410256410256408,-0.08333333333333334,-0.012820512820512817,0.0,-0.02564102564102566,-0.05769230769230771,0.1282051282051282,-0.012820512820512803,0.038461538461538505,0.006410256410256415,-0.0512820512820512,-7157.0,-11531.0,4374.0,4374.0,0.0,MIXED_LONG_AND_SHORT_DOWN,MM_STRUCTURE_SHORT_COVERING_RALLY
2013-10-22,1342.5,105074,38476,66598,0.2179487179487179,0.0545954438334641,0.0138197020864787,0.0201367781155015,-0.0549767541377892,0.07692307692307693,0.7948717948717948,0.05128205128205129,0.025641025641025647,0.019230769230769232,-0.006410256410256401,0.012820512820512775,-0.0064102564102564985,-0.08333333333333337,0.19230769230769218,0.03846153846153841,0.012820512820512803,0.10897435897435899,-0.1858974358974359,-457.0,3334.0,-3791.0,-3791.0,0.0,SHORT_BUILDING,MM_STRUCTURE_ACCUMULATION
2013-10-29,1345.199951171875,109627,21224,88403,0.3333333333333333,0.0020111368133146,0.0567163795537117,0.0460341766499805,-0.0473088164505134,0.14743589743589744,0.5961538461538461,0.1217948717948718,0.07051282051282051,0.11538461538461539,0.025641025641025633,-0.20512820512820518,-0.15384615384615385,-0.3653846153846154,0.09615384615384615,0.15384615384615383,0.108974358974359,0.3076923076923077,-0.1025641025641025,1985.0,-11018.0,13003.0,13003.0,0.0,SHORT_COVERING,MM_STRUCTURE_ACCUMULATION
2013-11-05,1308.0,105007,26923,78084,0.2884615384615384,-0.0276538451696107,-0.0256983240223463,-0.0122337651179782,-0.0411259999926619,0.07692307692307693,0.6474358974358975,0.04487179487179488,0.057692307692307696,0.057692307692307696,0.07692307692307693,-0.012820512820512775,-0.15384615384615385,-0.2435897435897436,-0.044871794871794934,0.051282051282051294,0.10897435897435889,0.24999999999999997,-0.019230769230769412,4649.0,-8655.0,13304.0,13304.0,0.0,SHORT_COVERING,MM_STRUCTURE_ACCUMULATION
2013-11-12,1271.0999755859375,100760,54653,46107,0.0897435897435897,-0.0282110278394973,-0.055084729613159,-0.0014925564918009,-0.0293241881741599,0.0641025641025641,0.8333333333333334,0.03846153846153846,0.05128205128205128,0.03205128205128205,0.14743589743589744,0.012820512820512886,0.012820512820512886,-0.012820512820512775,0.0705128205128206,-0.04487179487179491,-0.05769230769230771,-0.006410256410256401,-0.07692307692307693,4390.0,13063.0,-8673.0,-8673.0,0.0,MIXED_LONG_AND_SHORT_UP,MM_STRUCTURE_SHORT_BUILDING
2013-11-19,1273.4000244140625,97331,62800,34531,0.0256410256410256,0.0018094948251925,-0.0264525807231937,-0.0514711177548882,-0.0323708021169737,0.03205128205128205,0.8910256410256411,-0.04487179487179488,0.006410256410256408,-0.019230769230769232,0.038461538461538464,0.09615384615384626,0.10897435897435903,0.08974358974358976,0.20512820512820518,-0.1923076923076923,-0.15384615384615388,-0.1794871794871795,-0.22435897435897445,-1704.0,27777.0,-29481.0,-29481.0,0.0,SHORT_BUILDING,MM_STRUCTURE_SHORT_BUILDING
2013-11-26,1241.4000244140625,93619,77658,15961,0.0064102564102564,-0.0251295738860413,-0.023365550894755,-0.0771631954546139,-0.034681162975068,0.00641025641025641,0.9871794871794872,-0.14102564102564102,-0.019230769230769232,-0.07051282051282051,-0.012820512820512824,0.3910256410256411,0.1858974358974359,0.23717948717948723,0.34615384615384615,-0.3269230769230769,-0.1730769230769231,-0.21794871794871792,-0.326923076923077,-4158.0,41264.0,-45422.0,-45422.0,0.0,SHORT_BUILDING,MM_STRUCTURE_LONG_LIQUIDATION
2013-12-03,1221.699951171875,93671,83730,9941,0.0064102564102564,-0.0158692386456862,-0.0406000253266656,-0.065978630602542,-0.0774052286509229,0.01282051282051282,1.0,-0.06410256410256411,-0.01923076923076923,-0.006410256410256412,-0.03205128205128205,0.35256410256410253,0.33974358974358976,0.19871794871794868,0.5705128205128206,-0.282051282051282,-0.2307692307692307,-0.1730769230769231,-0.4294871794871794,-4248.0,57367.0,-61615.0,-61615.0,0.0,SHORT_BUILDING,MM_STRUCTURE_LONG_LIQUIDATION
2013-12-10,1262.4000244140625,94330,78527,15803,0.0128205128205128,0.0333142955462568,0.0169163843942341,-0.0068444271410395,-0.0083267679386783,0.019230769230769232,0.9807692307692307,-0.044871794871794865,-0.006410256410256408,0.006410256410256412,0.0,0.14743589743589736,0.16025641025641024,0.16025641025641024,0.1858974358974359,-0.0769230769230769,-0.1217948717948718,-0.1346153846153846,-0.1602564102564103,-2996.0,33991.0,-36987.0,-36987.0,0.0,SHORT_BUILDING,MM_STRUCTURE_LONG_LIQUIDATION
2013-12-17,1231.199951171875,93399,79637,13762,0.0128205128205128,-0.0247148864375765,0.0077760500775068,-0.033139683079247,-0.0829050643040036,0.00641025641025641,0.9807692307692307,-0.02564102564102564,-0.07051282051282051,-0.019230769230769232,-0.09615384615384616,0.08974358974358965,0.1858974358974359,0.19871794871794868,0.1923076923076924,-0.0128205128205128,-0.2051282051282051,-0.16666666666666669,-0.2179487179487179,-11675.0,41161.0,-52836.0,-52836.0,0.0,SHORT_BUILDING,MM_STRUCTURE_LONG_LIQUIDATION
2013-12-24,1205.0999755859375,93958,82765,11193,0.0128205128205128,-0.0211988114205943,-0.0453897716412993,-0.0292412180717158,-0.1041480677009309,0.02564102564102564,0.9935897435897436,0.019230769230769232,-0.1217948717948718,0.0,-0.19230769230769232,0.0064102564102563875,0.39743589743589747,0.1923076923076923,0.5512820512820513,0.0064102564102564,-0.32051282051282054,-0.16666666666666669,-0.4294871794871795,-15669.0,61541.0,-77210.0,-77210.0,0.0,SHORT_BUILDING,MM_STRUCTURE_LONG_LIQUIDATION
2013-12-31,1201.9000244140625,96059,78334,17725,0.0384615384615384,-0.0026553408320493,-0.0237978621830876,-0.0162068654736542,-0.0811161892858849,0.04487179487179487,0.9615384615384616,0.03205128205128205,-0.032051282051282055,0.012820512820512824,-0.08974358974358976,-0.038461538461538436,0.3141025641025641,0.3012820512820513,0.46794871794871795,0.032051282051282,-0.24999999999999997,-0.19871794871794868,-0.35897435897435886,-8948.0,51411.0,-60359.0,-60359.0,0.0,SHORT_BUILDING,MM_STRUCTURE_LONG_LIQUIDATION
2014-01-07,1229.4000244140625,98659,74421,24238,0.0576923076923076,0.0228804388396668,0.0201643426441113,-0.0261406839051011,-0.0328061930397352,0.08974358974358974,0.9358974358974359,0.07051282051282051,0.025641025641025647,0.0641025641025641,-0.025641025641025633,-0.04487179487179482,0.10256410256410253,0.11538461538461542,0.08974358974358965,0.044871794871794796,-0.032051282051282104,-0.07692307692307701,0.025641025641025605,-2101.0,19768.0,-21869.0,-21869.0,0.0,SHORT_BUILDING,MM_STRUCTURE_SHORT_BUILDING
2014-01-14,1245.199951171875,104303,76033,28270,0.0641025641025641,0.0128517377940859,0.0360262300343339,0.011371020593913,-0.0221454945041039,0.1282051282051282,0.9358974358974359,0.12179487179487178,0.09615384615384615,0.051282051282051266,0.08974358974358973,-0.04487179487179482,0.04487179487179482,0.14102564102564108,-0.06410256410256421,0.051282051282051294,0.0384615384615385,-0.1538461538461538,0.19230769230769237,6972.0,13233.0,-6261.0,-6261.0,0.0,MIXED_LONG_AND_SHORT_UP,MM_STRUCTURE_NEUTRAL
2014-01-21,1242.300048828125,104723,74506,30217,0.0705128205128205,-0.0023288648068294,0.0104929430274012,0.0308688689700622,0.0007250075691656,0.14102564102564102,0.9294871794871795,0.11538461538461539,0.1346153846153846,-0.006410256410256415,0.15384615384615385,-0.0641025641025641,-0.05769230769230771,0.33333333333333337,-0.2435897435897436,0.057692307692307696,0.0641025641025641,-0.26282051282051283,0.2371794871794872,11104.0,-3152.0,14256.0,14256.0,0.0,LONG_BUILDING,MM_STRUCTURE_ACCUMULATION
2014-01-28,1251.0,109782,62544,47238,0.1666666666666666,0.0070030997584535,0.0046579256790577,0.0408519632153883,0.0239830154695674,0.23076923076923078,0.8205128205128205,0.1858974358974359,0.21794871794871795,0.15384615384615385,0.23717948717948717,-0.14102564102564108,-0.17948717948717952,0.17307692307692302,-0.5192307692307693,0.1282051282051282,0.16025641025641021,-0.12179487179487178,0.3910256410256409,16111.0,-21186.0,37297.0,37297.0,0.0,SHORT_COVERING,MM_STRUCTURE_ACCUMULATION
2014-02-04,1251.699951171875,107407,63755,43652,0.141025641025641,0.0005595133268385,0.007566531412936,0.0181388696233684,-0.0084759767389531,0.19230769230769232,0.8397435897435898,0.10256410256410257,0.17307692307692307,0.12820512820512822,0.1794871794871795,-0.09615384615384615,-0.14102564102564097,0.0064102564102563875,-0.3012820512820512,0.0833333333333334,0.1282051282051282,0.051282051282051294,0.25,13077.0,-14772.0,27849.0,27849.0,0.0,SHORT_COVERING,MM_STRUCTURE_ACCUMULATION
2014-02-11,1290.0999755859375,116817,64731,52086,0.2179487179487179,0.0306782982440092,0.03125497648756,0.0360584855241974,0.0478395278995913,0.41025641025641024,0.8397435897435898,0.28205128205128205,0.40384615384615385,0.3782051282051282,0.47435897435897434,-0.09615384615384615,-0.14102564102564097,-0.05128205128205132,-0.32692307692307687,0.1538461538461538,0.2051282051282051,0.1923076923076923,0.4102564102564102,23418.0,-14906.0,38324.0,38324.0,0.0,LONG_BUILDING,MM_STRUCTURE_ACCUMULATION
2014-02-18,1324.699951171875,123273,54503,68770,0.3269230769230769,0.0268196079689273,0.0583206861449945,0.0663285028616706,0.0992448576955502,0.5128205128205128,0.7435897435897436,0.37179487179487175,0.4871794871794871,0.5064102564102564,0.6089743589743589,-0.1858974358974359,-0.25,-0.2435897435897436,-0.6474358974358975,0.25641025641025644,0.31410256410256415,0.32051282051282054,0.6346153846153847,29315.0,-28262.0,57577.0,57577.0,0.0,LONG_BUILDING,MM_STRUCTURE_ACCUMULATION
2014-02-25,1343.0,127279,31023,96256,0.4807692307692308,0.0138144859233491,0.0410045929890328,0.0735411670663468,0.1173974313335461,0.5512820512820513,0.6089743589743589,0.32051282051282054,0.5064102564102565,0.5384615384615385,0.5384615384615385,-0.21153846153846156,-0.35256410256410264,-0.3910256410256411,-0.6666666666666667,0.3141025641025642,0.4423076923076924,0.4743589743589744,0.6923076923076924,31220.0,-47311.0,78531.0,78531.0,0.0,SHORT_COVERING,MM_STRUCTURE_ACCUMULATION
2014-03-04,1337.800048828125,128351,27184,101167,0.5064102564102564,-0.0038718921607409,0.0098891055628569,0.0687865311296376,0.0881731106730101,0.5705128205128205,0.5512820512820513,0.3782051282051282,0.4807692307692307,0.5512820512820512,0.45512820512820507,-0.28846153846153844,-0.3846153846153846,-0.4294871794871794,-0.4871794871794871,0.3653846153846154,0.4487179487179488,0.4935897435897436,0.4807692307692309,29692.0,-47237.0,76929.0,76929.0,0.0,SHORT_COVERING,MM_STRUCTURE_ACCUMULATION
2014-03-11,1346.5,127797,21766,106031,0.5384615384615384,0.0065031774961406,0.0026061057334325,0.0437175610273512,0.0813524355930066,0.5705128205128205,0.5,0.16025641025641024,0.4423076923076923,0.5641025641025641,0.34615384615384615,-0.33974358974358976,-0.4358974358974359,-0.4807692307692307,-0.4807692307692307,0.32051282051282054,0.47435897435897434,0.5256410256410257,0.43589743589743585,23494.0,-54267.0,77761.0,77761.0,0.0,SHORT_COVERING,MM_STRUCTURE_ACCUMULATION
2014-03-18,1359.0,137216,16153,121063,0.6410256410256411,0.0092833271444485,0.0158468757647642,0.0258926927549003,0.093938619162061,0.6602564102564102,0.46794871794871795,0.14743589743589747,0.5192307692307692,0.6346153846153846,0.3846153846153846,-0.27564102564102566,-0.46153846153846156,-0.5256410256410257,-0.40384615384615385,0.31410256410256415,0.5705128205128206,0.6282051282051283,0.5064102564102565,32493.0,-58353.0,90846.0,90846.0,0.0,SHORT_COVERING,MM_STRUCTURE_ACCUMULATION
2014-03-25,1311.4000244140625,125231,18218,107013,0.5512820512820513,-0.0350257362663263,-0.0260675644901132,-0.0235293935859549,0.0482813944157174,0.5384615384615384,0.4807692307692308,-0.012820512820512886,0.30769230769230765,0.49358974358974356,0.0897435897435897,-0.12820512820512814,-0.3397435897435897,-0.4807692307692308,-0.1602564102564102,0.07051282051282054,0.3846153846153847,0.5128205128205129,0.22435897435897448,15449.0,-44326.0,59775.0,59775.0,0.0,SHORT_COVERING,MM_STRUCTURE_ACCUMULATION
2014-04-01,1279.5999755859375,117969,26516,91453,0.4615384615384615,-0.0242489310935718,-0.0584253306946743,-0.0435043138869437,0.0222897064012359,0.42948717948717946,0.532051282051282,-0.14102564102564102,0.23717948717948714,0.3397435897435897,0.06410256410256407,-0.019230769230769273,-0.3076923076923077,-0.40384615384615385,-0.16666666666666674,-0.04487179487179488,0.3205128205128205,0.4038461538461539,0.1923076923076923,10562.0,-37239.0,47801.0,47801.0,0.0,SHORT_COVERING,MM_STRUCTURE_ACCUMULATION
2014-04-08,1308.699951171875,109728,28201,81527,0.4230769230769231,0.0227414630674811,-0.0020589241969809,-0.0280728175478091,0.014417468365186,0.23717948717948717,0.5641025641025641,-0.3333333333333333,-0.17307692307692307,0.10897435897435898,-0.5769230769230769,0.0641025641025641,-0.27564102564102566,-0.3717948717948718,-0.1346153846153847,-0.11538461538461536,0.20512820512820518,0.358974358974359,8.326672684688674e-17,-7089.0,-36530.0,29441.0,29441.0,0.0,MIXED_LONG_AND_SHORT_DOWN,MM_STRUCTURE_SHORT_COVERING_RALLY
2014-04-15,1300.0,105454,32464,72990,0.358974358974359,-0.0066477813834138,0.0159425014092557,-0.0434142752023546,-0.0186456949364455,0.17307692307692307,0.6153846153846154,-0.48717948717948717,-0.3397435897435897,0.03205128205128205,-0.8269230769230769,0.14743589743589747,-0.1282051282051282,-0.3141025641025641,0.1217948717948718,-0.2820512820512821,0.03205128205128205,0.2884615384615385,-0.2820512820512821,-17819.0,-22039.0,4220.0,4220.0,0.0,MIXED_LONG_AND_SHORT_DOWN,MM_STRUCTURE_SHORT_COVERING_RALLY
2014-04-22,1280.5999755859375,105681,28575,77106,0.3846153846153846,-0.014923095703125,-0.0214716716087407,-0.0234863872614967,-0.0464631603976638,0.1858974358974359,0.5705128205128205,-0.35256410256410253,-0.3653846153846154,-0.04487179487179488,-0.8717948717948719,0.0897435897435897,-0.038461538461538436,-0.25,0.3141025641025642,-0.16666666666666674,-0.0961538461538462,0.21794871794871798,-0.5384615384615385,-21598.0,-2448.0,-19150.0,-19150.0,0.0,MIXED_LONG_AND_SHORT_DOWN,MM_STRUCTURE_LONG_LIQUIDATION
2014-04-29,1296.0,106919,29512,77407,0.391025641025641,0.0120256322877221,-0.003076923076923,0.0128165244818427,-0.0312453635090989,0.20512820512820512,0.5897435897435898,-0.22435897435897434,-0.36538461538461536,0.012820512820512803,-0.846153846153846,0.05769230769230771,0.038461538461538436,-0.25,0.423076923076923,-0.07051282051282048,-0.11538461538461536,0.25,-0.5641025641025641,-21432.0,2328.0,-23760.0,-23760.0,0.0,LONG_LIQUIDATION,MM_STRUCTURE_LONG_LIQUIDATION
2014-05-06,1308.300048828125,119385,28746,90639,0.4807692307692308,0.009490778416763,0.0216305433158494,-0.0003055722156877,-0.0283698114904381,0.47435897435897434,0.5641025641025641,0.23717948717948717,-0.09615384615384615,0.0641025641025641,-0.5384615384615384,0.0,0.0641025641025641,-0.27564102564102566,0.5,0.05769230769230771,-0.057692307692307654,0.2628205128205129,-0.5320512820512819,-8412.0,6980.0,-15392.0,-15392.0,0.0,LONG_LIQUIDATION,MM_STRUCTURE_LONG_LIQUIDATION
2014-05-13,1294.5999755859375,114561,32107,82454,0.4487179487179487,-0.0104716599639806,-0.0010802657515914,-0.0041538649338942,-0.0473878031008554,0.40384615384615385,0.6025641025641025,0.23076923076923078,-0.2564102564102564,-0.10897435897435892,-0.7756410256410255,-0.012820512820512886,0.13461538461538458,-0.14102564102564108,0.5961538461538461,0.0897435897435897,-0.1923076923076924,0.12179487179487175,-0.762820512820513,-22655.0,15954.0,-38609.0,-38609.0,0.0,LONG_LIQUIDATION,MM_STRUCTURE_LONG_LIQUIDATION
2014-05-20,1294.5,112385,31232,81153,0.4358974358974359,-7.722507942442558e-05,-0.0105480763686327,0.0108543063244261,-0.012887009378861,0.3269230769230769,0.5961538461538461,0.14102564102564102,-0.2115384615384615,-0.2243589743589744,-0.5192307692307692,0.02564102564102566,0.11538461538461536,-0.012820512820512775,0.45512820512820507,0.05128205128205132,-0.11538461538461542,-0.04487179487179488,-0.5000000000000001,-12846.0,13014.0,-25860.0,-25860.0,0.0,SHORT_BUILDING,MM_STRUCTURE_LONG_LIQUIDATION
2014-05-27,1265.4000244140625,111146,53577,57569,0.2692307692307692,-0.0224797030405079,-0.0225551921230796,-0.0236110922730998,-0.0110971799334184,0.3141025641025641,0.7307692307692307,0.10897435897435898,-0.11538461538461536,-0.2564102564102564,-0.35256410256410253,0.14102564102564097,0.19871794871794868,0.1794871794871794,0.5064102564102564,-0.1217948717948718,-0.1923076923076923,-0.23717948717948717,-0.5128205128205128,-6823.0,27061.0,-33884.0,-33884.0,0.0,SHORT_BUILDING,MM_STRUCTURE_LONG_LIQUIDATION
2014-06-03,1244.300048828125,111245,73063,38182,0.1089743589743589,-0.0166745496908835,-0.0387794138060061,-0.0489184419562823,-0.0492090660552735,0.32051282051282054,0.9102564102564102,-0.1538461538461538,0.08333333333333337,-0.24999999999999994,0.25641025641025644,0.34615384615384615,0.34615384615384615,0.41025641025641024,0.6217948717948718,-0.37179487179487186,-0.31410256410256415,-0.4294871794871795,-0.5192307692307694,1517.0,44862.0,-43345.0,-43345.0,0.0,MIXED_LONG_AND_SHORT_UP,MM_STRUCTURE_SHORT_BUILDING
2014-06-10,1259.800048828125,111795,73741,38054,0.1089743589743589,0.0124568025329563,-0.0044254587307523,-0.026880833781927,-0.0309230393629807,0.3269230769230769,0.9166666666666666,-0.07692307692307693,0.15384615384615385,-0.3333333333333333,0.49358974358974356,0.3141025641025641,0.3012820512820512,0.4487179487179487,0.4294871794871794,-0.33974358974358976,-0.25000000000000006,-0.5320512820512822,-0.2820512820512821,6341.0,41277.0,-34936.0,-34936.0,0.0,MIXED_LONG_AND_SHORT_UP,MM_STRUCTURE_SHORT_BUILDING
2014-06-17,1271.699951171875,113624,60065,53559,0.25,0.0094458659172298,0.02202033373667,-0.0176130157034569,-0.0069498864467729,0.4166666666666667,0.7756410256410257,0.08974358974358976,0.23076923076923078,-0.12179487179487175,0.5961538461538463,0.17948717948717952,0.20512820512820518,0.2948717948717949,0.2435897435897436,-0.1858974358974359,-0.13461538461538458,-0.3012820512820513,-0.03846153846153838,7943.0,31490.0,-23547.0,-23547.0,0.0,MIXED_LONG_AND_SHORT_UP,MM_STRUCTURE_SHORT_BUILDING
2014-06-24,1320.9000244140625,134571,34641,99930,0.5833333333333334,0.0386884289779594,0.0484997406078633,0.0438596482765984,0.019212981800974,0.7243589743589743,0.6282051282051282,0.41025641025641024,0.5192307692307692,0.2948717948717949,0.8846153846153846,-0.10256410256410253,0.038461538461538436,0.09615384615384615,0.0,0.31410256410256415,0.19230769230769235,0.12179487179487186,0.3076923076923077,27652.0,5129.0,22523.0,22523.0,0.0,MIXED_LONG_AND_SHORT_UP,MM_STRUCTURE_NEUTRAL
2014-07-01,1326.4000244140625,149227,23273,125954,0.7692307692307693,0.0041638276162798,0.0430133485432482,0.0659808505699721,0.0138347282048563,0.8205128205128205,0.42948717948717946,0.49999999999999994,0.34615384615384615,0.5833333333333333,0.4423076923076923,-0.4807692307692308,-0.13461538461538464,-0.13461538461538464,-0.19871794871794873,0.6602564102564104,0.2884615384615385,0.3461538461538462,0.34615384615384615,29842.0,-5473.0,35315.0,35315.0,0.0,LONG_BUILDING,MM_STRUCTURE_ACCUMULATION
2014-07-08,1316.0,154719,20943,133776,0.8012820512820513,-0.007840790276415,-0.0037096103592215,0.044610215108463,0.0165302215492293,0.8461538461538461,0.3974358974358974,0.5192307692307692,0.4423076923076923,0.6730769230769231,0.6987179487179487,-0.5192307692307692,-0.20512820512820512,-0.217948717948718,-0.3397435897435897,0.6923076923076924,0.35256410256410264,0.44230769230769235,0.544871794871795,40158.0,-11164.0,51322.0,51322.0,0.0,LONG_BUILDING,MM_STRUCTURE_CROWDED_LONG
2014-07-15,1296.9000244140625,149260,27173,122087,0.7435897435897436,-0.0145136592598309,-0.0222406509778463,0.019816052693063,0.0018540165423426,0.8269230769230769,0.46153846153846156,0.4102564102564102,0.49999999999999994,0.641025641025641,0.7115384615384615,-0.3141025641025641,-0.13461538461538458,-0.10897435897435892,-0.24999999999999994,0.4935897435897436,0.3076923076923077,0.35897435897435903,0.42307692307692313,36875.0,-4059.0,40934.0,40934.0,0.0,LONG_BUILDING,MM_STRUCTURE_ACCUMULATION
2014-07-22,1306.0999755859375,148121,22395,125726,0.7756410256410257,0.0070938013714909,-0.0075228149043028,-0.0112045185514249,0.0321637034823996,0.8205128205128205,0.40384615384615385,0.09615384615384615,0.5064102564102564,0.6153846153846154,0.6217948717948718,-0.22435897435897434,-0.32692307692307687,-0.1858974358974359,-0.5256410256410255,0.1923076923076923,0.5064102564102564,0.38461538461538464,0.6987179487179487,36975.0,-31182.0,68157.0,68157.0,0.0,LONG_BUILDING,MM_STRUCTURE_ACCUMULATION
2014-07-29,1298.300048828125,135724,27094,108630,0.6538461538461539,-0.0059719216779813,0.0010795160673198,-0.0211851440506046,0.043397892695461,0.7307692307692307,0.4551282051282051,-0.08974358974358976,0.4102564102564102,0.2564102564102564,0.3269230769230768,0.02564102564102566,-0.4551282051282051,-0.10897435897435898,-0.8012820512820513,-0.11538461538461542,0.5448717948717949,0.17307692307692307,0.858974358974359,24479.0,-45969.0,70448.0,70448.0,0.0,SHORT_COVERING,MM_STRUCTURE_ACCUMULATION
2014-08-05,1284.0,123819,33140,90679,0.5256410256410257,-0.0110144406456985,-0.016920584946817,-0.0243161094224924,0.0192093588140325,0.5961538461538461,0.5961538461538461,-0.25,0.2692307692307692,0.1923076923076923,0.11538461538461536,0.19871794871794873,-0.3205128205128205,-0.0064102564102563875,-0.6217948717948717,-0.27564102564102566,0.41666666666666674,0.07692307692307698,0.6666666666666667,12024.0,-40601.0,52625.0,52625.0,0.0,SHORT_COVERING,MM_STRUCTURE_ACCUMULATION
2014-08-12,1308.800048828125,138357,21930,116427,0.7115384615384616,0.019314679772683,0.0080874987330374,0.0091757453851841,0.029173625132298,0.782051282051282,0.38461538461538464,-0.04487179487179482,0.36538461538461536,0.4551282051282051,0.13461538461538458,-0.07692307692307693,-0.391025641025641,-0.2115384615384615,-0.5961538461538463,-0.03205128205128205,0.46153846153846156,0.27564102564102566,0.5961538461538461,24733.0,-38135.0,62868.0,62868.0,0.0,SHORT_COVERING,MM_STRUCTURE_ACCUMULATION
2014-08-19,1295.0999755859375,128398,25193,103205,0.6025641025641025,-0.0104676594827867,0.0086448407990167,-0.0084220199108917,-0.0195321737839846,0.6730769230769231,0.4230769230769231,-0.14743589743589736,-0.05128205128205121,0.35897435897435903,-0.5705128205128204,0.019230769230769218,-0.20512820512820512,-0.30769230769230765,-0.24358974358974356,-0.17307692307692313,0.019230769230769162,0.3333333333333333,-0.17307692307692318,-6173.0,-9448.0,3275.0,3275.0,0.0,MIXED_LONG_AND_SHORT_DOWN,MM_STRUCTURE_SHORT_COVERING_RALLY
2014-08-26,1283.800048828125,118012,36830,81182,0.4679487179487179,-0.0087251385768114,-0.019101466280036,-0.0111684506313375,-0.0321169894464952,0.5,0.6666666666666666,-0.23076923076923073,-0.3205128205128205,0.17948717948717946,-0.6666666666666666,0.2115384615384615,0.23717948717948717,-0.2435897435897436,0.3717948717948718,-0.18589743589743596,-0.3012820512820514,0.358974358974359,-0.5897435897435899,-31215.0,13557.0,-44772.0,-44772.0,0.0,LONG_LIQUIDATION,MM_STRUCTURE_LONG_LIQUIDATION
2014-09-02,1263.699951171875,116120,53202,62918,0.3076923076923077,-0.0156567198097536,-0.0242452513365667,-0.0158100068754867,-0.0397416784408244,0.46153846153846156,0.7051282051282052,-0.13461538461538458,-0.3846153846153846,0.13461538461538464,-0.8269230769230769,0.10897435897435903,0.30769230769230776,-0.21153846153846145,0.5128205128205129,-0.21794871794871795,-0.4935897435897436,0.1987179487179488,-0.8461538461538463,-38599.0,32259.0,-70858.0,-70858.0,0.0,LONG_LIQUIDATION,MM_STRUCTURE_LONG_LIQUIDATION
2014-09-09,1246.800048828125,118708,58501,60207,0.3012820512820512,-0.0133733504761776,-0.028820687484608,-0.0473716363744894,-0.0386305610631572,0.5192307692307693,0.7628205128205128,-0.2628205128205128,-0.3076923076923076,0.10256410256410259,-0.8076923076923075,0.37820512820512814,0.3012820512820512,-0.012820512820512886,0.4358974358974358,-0.41025641025641035,-0.4423076923076924,0.05128205128205121,-0.7500000000000001,-30552.0,31328.0,-61880.0,-61880.0,0.0,SHORT_BUILDING,MM_STRUCTURE_LONG_LIQUIDATION
2014-09-16,1235.199951171875,113659,73364,40295,0.1346153846153846,-0.0093038957346472,-0.0225528219523716,-0.0462512744523542,-0.0542837652089042,0.4230769230769231,0.9102564102564102,-0.25000000000000006,-0.3974358974358974,-0.30128205128205127,-0.9038461538461537,0.48717948717948717,0.5064102564102564,0.28205128205128205,0.8333333333333333,-0.46794871794871795,-0.6410256410256411,-0.4487179487179488,-1.1474358974358974,-34462.0,50969.0,-85431.0,-85431.0,0.0,SHORT_BUILDING,MM_STRUCTURE_LONG_LIQUIDATION
2014-09-23,1221.0,110427,80297,30130,0.0705128205128205,-0.0114960749135417,-0.0206930123658357,-0.048917313007933,-0.0595394330439237,0.28205128205128205,0.9743589743589743,-0.21794871794871795,-0.4487179487179487,-0.5384615384615384,-0.8589743589743588,0.3076923076923077,0.5192307692307692,0.5448717948717949,0.9743589743589742,-0.3974358974358974,-0.5833333333333334,-0.6987179487179488,-1.1282051282051282,-25297.0,53203.0,-78500.0,-78500.0,0.0,SHORT_BUILDING,MM_STRUCTURE_LONG_LIQUIDATION
2014-09-30,1210.5,111264,80341,30923,0.0897435897435897,-0.0085995085995086,-0.0199967229179707,-0.0420985623387424,-0.0572429906542055,0.3333333333333333,0.9743589743589743,-0.12820512820512825,-0.26282051282051283,-0.5128205128205128,-0.532051282051282,0.26923076923076916,0.3782051282051282,0.5769230769230769,0.6987179487179487,-0.217948717948718,-0.43589743589743596,-0.7115384615384617,-0.8525641025641026,-12555.0,47201.0,-59756.0,-59756.0,0.0,SHORT_BUILDING,MM_STRUCTURE_LONG_LIQUIDATION
2014-10-07,1211.699951171875,110064,80201,29863,0.0705128205128205,0.000991285561235,-0.0076167476069819,-0.0281521465203989,-0.0741901696467627,0.27564102564102566,0.9615384615384616,-0.2435897435897436,-0.5064102564102564,-0.5512820512820512,-0.8717948717948718,0.1987179487179488,0.5769230769230769,0.5,0.9679487179487178,-0.23076923076923073,-0.6410256410256411,-0.6730769230769231,-1.1025641025641026,-28293.0,58271.0,-86564.0,-86564.0,0.0,SHORT_BUILDING,MM_STRUCTURE_LONG_LIQUIDATION
2014-10-14,1233.5999755859375,123582,81386,42196,0.173076923076923,0.0180738015156989,0.019083003375413,-0.0012953170734985,-0.0474866814603835,0.6410256410256411,0.9743589743589743,0.217948717948718,-0.03205128205128205,-0.1794871794871794,0.019230769230769162,0.0641025641025641,0.5512820512820513,0.5705128205128205,0.7564102564102564,0.03846153846153838,-0.4294871794871795,-0.6025641025641026,-0.4487179487179487,-4816.0,56193.0,-61009.0,-61009.0,0.0,SHORT_BUILDING,MM_STRUCTURE_LONG_LIQUIDATION
2014-10-21,1251.0,132835,70347,62488,0.3461538461538461,0.0141050784358176,0.0324338123395289,0.0245700245700246,-0.0255491880204128,0.7564102564102564,0.8525641025641025,0.47435897435897434,0.2564102564102564,0.02564102564102566,0.5769230769230769,-0.1217948717948718,0.1858974358974359,0.3974358974358974,-0.051282051282051266,0.2756410256410256,-0.1217948717948718,-0.30769230769230776,0.17948717948717957,14823.0,33517.0,-18694.0,-18694.0,0.0,MIXED_LONG_AND_SHORT_UP,MM_STRUCTURE_SHORT_BUILDING
2014-10-28,1229.199951171875,128420,68353,60067,0.3333333333333333,-0.0174260981839528,-0.00356681622985,0.0154481215794093,-0.0273007844686603,0.7371794871794872,0.8397435897435898,0.4038461538461539,0.27564102564102566,0.14102564102564108,0.6602564102564102,-0.13461538461538458,0.13461538461538458,0.2435897435897436,-0.17307692307692318,0.2435897435897436,0.025641025641025605,-0.19230769230769235,0.5192307692307692,12300.0,15151.0,-2851.0,-2851.0,0.0,MIXED_LONG_AND_SHORT_UP,MM_STRUCTURE_NEUTRAL
2014-11-04,1167.4000244140625,113324,74519,38805,0.141025641025641,-0.0502765450803139,-0.0668265192533473,-0.0365601456985853,-0.0636830456404706,0.4166666666666667,0.9038461538461539,0.14102564102564102,-0.10256410256410259,-0.36538461538461536,0.205128205128205,-0.05769230769230771,0.14102564102564108,0.5192307692307692,-0.16025641025641013,0.0705128205128205,-0.16025641025641021,-0.5705128205128206,0.28205128205128216,-5384.0,16018.0,-21402.0,-21402.0,0.0,SHORT_BUILDING,MM_STRUCTURE_LONG_LIQUIDATION
2014-11-11,1162.800048828125,110478,79863,30615,0.0961538461538461,-0.0039403593367631,-0.0540187967632497,-0.0573929378720876,-0.0586139128932622,0.2948717948717949,0.9487179487179487,-0.3461538461538462,-0.1282051282051282,-0.37820512820512825,0.2692307692307692,-0.02564102564102566,0.038461538461538436,0.5256410256410255,-0.46794871794871795,-0.07692307692307689,-0.038461538461538505,-0.5064102564102564,0.6025641025641025,-3181.0,6499.0,-9680.0,-9680.0,0.0,SHORT_BUILDING,MM_STRUCTURE_LONG_LIQUIDATION
2014-11-18,1196.699951171875,119566,71166,48400,0.2371794871794871,0.0291536815619455,0.0250984462438388,-0.0434053148106514,-0.0199017598919942,0.5769230769230769,0.8525641025641025,-0.17948717948717952,0.2948717948717948,0.07692307692307687,0.7435897435897435,0.0,-0.1217948717948718,0.1858974358974359,-0.641025641025641,-0.108974358974359,0.16666666666666657,-0.2307692307692308,0.75,9139.0,-9131.0,18270.0,18270.0,0.0,LONG_BUILDING,MM_STRUCTURE_ACCUMULATION
2014-11-25,1197.0999755859375,113999,59549,54450,0.3141025641025641,0.000334272942579,0.0294976997914475,-0.0261145272218198,-0.0110698260339219,0.46794871794871795,0.7051282051282052,-0.2692307692307693,0.13461538461538464,0.0064102564102563875,0.39743589743589747,-0.13461538461538458,-0.26923076923076916,0.0,-0.6474358974358974,-0.019230769230769218,0.2243589743589744,0.0064102564102563875,0.6602564102564104,2735.0,-20792.0,23527.0,23527.0,0.0,SHORT_COVERING,MM_STRUCTURE_ACCUMULATION
2014-12-02,1199.199951171875,117804,49170,68634,0.4294871794871794,0.0017542190533499,0.0020890783838938,0.0272399572492501,-0.0103160852551911,0.5448717948717948,0.6217948717948718,0.12820512820512814,0.26923076923076916,0.02564102564102555,0.7756410256410255,-0.28205128205128205,-0.33974358974358976,-0.14102564102564097,-0.9166666666666666,0.28846153846153844,0.3589743589743589,0.1282051282051282,1.0,7740.0,-31031.0,38771.0,38771.0,0.0,SHORT_COVERING,MM_STRUCTURE_ACCUMULATION
2014-12-09,1231.5,130648,39985,90663,0.6217948717948718,0.0269346648960091,0.028736133251715,0.0590814828749888,-0.0017023148731338,0.7884615384615384,0.5897435897435898,0.49358974358974356,0.14743589743589736,0.36538461538461536,0.1794871794871794,-0.3589743589743589,-0.3846153846153846,-0.3205128205128205,-0.9358974358974359,0.5256410256410257,0.4487179487179488,0.4871794871794872,0.8782051282051283,7066.0,-41401.0,48467.0,48467.0,0.0,SHORT_COVERING,MM_STRUCTURE_ACCUMULATION
2014-12-16,1193.9000244140625,127571,35746,91825,0.6538461538461539,-0.0305318518765225,-0.0044195521794621,-0.0023397065864928,-0.045643465696193,0.7371794871794872,0.5576923076923077,0.16025641025641035,-0.019230769230769162,0.4551282051282052,-0.27564102564102555,-0.2948717948717948,-0.2948717948717948,-0.41666666666666663,-0.4807692307692307,0.41666666666666674,0.30769230769230776,0.5833333333333334,0.42948717948717957,-5264.0,-34601.0,29337.0,29337.0,0.0,MIXED_LONG_AND_SHORT_DOWN,MM_STRUCTURE_SHORT_COVERING_RALLY
2014-12-23,1177.9000244140625,123087,40890,82197,0.5769230769230769,-0.0134014571344467,-0.0435241377068108,-0.0160387198759045,-0.0417344035109218,0.6666666666666666,0.5961538461538461,0.19871794871794868,-0.0705128205128206,0.3333333333333333,-0.34615384615384626,-0.10897435897435903,-0.2435897435897436,-0.3782051282051282,-0.3782051282051282,0.2628205128205128,0.24358974358974356,0.48717948717948717,0.21794871794871795,-5333.0,-27463.0,22130.0,22130.0,0.0,MIXED_LONG_AND_SHORT_DOWN,MM_STRUCTURE_SHORT_COVERING_RALLY
2014-12-30,1200.199951171875,124928,37878,87050,0.5897435897435898,0.0189319350501799,0.0052767623996861,0.00083388929346,0.0280965616514146,0.6923076923076923,0.5641025641025641,0.14743589743589747,0.2756410256410256,0.41666666666666663,0.3782051282051282,-0.05769230769230771,-0.33974358974358976,-0.39743589743589747,-0.48076923076923084,0.16025641025641035,0.4487179487179488,0.5192307692307693,0.608974358974359,11604.0,-36641.0,48245.0,48245.0,0.0,SHORT_COVERING,MM_STRUCTURE_ACCUMULATION
2015-01-06,1219.300048828125,128325,34129,94196,0.6794871794871795,0.0159140963450303,0.0351473160335968,-0.009906578296285,0.048589609242742,0.75,0.48717948717948717,-0.038461538461538436,0.4551282051282051,0.10897435897435892,0.5833333333333333,-0.10256410256410259,-0.4615384615384615,-0.48717948717948717,-0.49999999999999994,0.05769230769230771,0.5833333333333334,0.5064102564102565,0.6217948717948719,17847.0,-45734.0,63581.0,63581.0,0.0,SHORT_COVERING,MM_STRUCTURE_ACCUMULATION
2015-01-13,1234.300048828125,132173,30232,101941,0.7307692307692307,0.0123021400798077,0.0284120138673182,0.0338386997134787,0.0314198204983879,0.8012820512820513,0.41025641025641024,0.0641025641025641,0.22435897435897445,0.044871794871794934,-0.07051282051282037,-0.14743589743589747,-0.4423076923076923,-0.4423076923076923,-0.3205128205128205,0.07692307692307687,0.4935897435897436,0.38461538461538464,0.32692307692307704,12607.0,-40934.0,53541.0,53541.0,0.0,SHORT_COVERING,MM_STRUCTURE_ACCUMULATION
2015-01-20,1294.199951171875,155602,26261,129341,0.8846153846153846,0.0485294498696815,0.0614286060397821,0.0987349727033626,0.0811126702583135,0.9294871794871795,0.28846153846153844,0.2628205128205129,0.46153846153846156,0.1923076923076923,0.3269230769230769,-0.3076923076923077,-0.41666666666666674,-0.5512820512820513,-0.14743589743589758,0.3076923076923077,0.5705128205128205,0.5512820512820513,0.3461538461538461,41603.0,-33288.0,74891.0,74891.0,0.0,LONG_BUILDING,MM_STRUCTURE_CROWDED_LONG
2015-01-27,1291.699951171875,173110,19873,153237,0.9551282051282052,-0.0019316953286362,0.0465040104294307,0.0762372968859559,0.0771347596450513,0.9871794871794872,0.21153846153846154,0.29487179487179493,0.4423076923076924,0.5705128205128205,0.17307692307692324,-0.35256410256410253,-0.41025641025641024,-0.6923076923076923,-0.07051282051282048,0.3653846153846154,0.5256410256410258,0.8141025641025642,0.16666666666666685,55306.0,-29297.0,84603.0,84603.0,0.0,LONG_BUILDING,MM_STRUCTURE_CROWDED_LONG
2015-02-03,1259.699951171875,167310,18984,148326,0.9423076923076924,-0.0247735551673347,-0.0266573955351805,0.0331336838562243,0.0228988641265732,0.9551282051282052,0.1987179487179487,0.20512820512820518,0.16666666666666674,0.6602564102564104,0.019230769230769384,-0.28846153846153844,-0.3910256410256411,-0.75,-0.0064102564102564985,0.2628205128205129,0.3205128205128206,0.8461538461538463,-0.1282051282051282,36662.0,-21001.0,57663.0,57663.0,0.0,LONG_BUILDING,MM_STRUCTURE_CROWDED_LONG
2015-02-10,1231.5999755859375,140835,21298,119537,0.8333333333333334,-0.0223068799516874,-0.0465278143979278,-0.0021875339345169,0.0315771424750386,0.8589743589743589,0.22435897435897437,0.0576923076923076,0.1217948717948717,0.28205128205128205,0.14102564102564086,-0.18589743589743588,-0.33333333333333337,-0.6282051282051282,-0.03846153846153855,0.10256410256410264,0.17948717948717952,0.5961538461538463,-0.12820512820512825,13264.0,-14448.0,27712.0,27712.0,0.0,SHORT_COVERING,MM_STRUCTURE_CROWDED_LONG
2015-02-17,1208.0999755859375,128595,32903,95692,0.6858974358974359,-0.0190808707907125,-0.0409621160482979,-0.0665275682540209,0.0256388068137596,0.7628205128205128,0.46153846153846156,-0.16666666666666674,0.09615384615384615,0.2948717948717948,0.16666666666666674,0.17307692307692313,-0.13461538461538458,-0.2435897435897436,0.10897435897435903,-0.19871794871794868,0.10897435897435903,0.3717948717948718,-0.13461538461538453,5508.0,-7987.0,13495.0,13495.0,0.0,SHORT_COVERING,MM_STRUCTURE_ACCUMULATION
2015-02-24,1196.9000244140625,124595,35108,89487,0.6217948717948718,-0.0092707155022024,-0.02817469296828,-0.0733916004810611,-0.0027494808299154,0.6730769230769231,0.5192307692307693,-0.3141025641025641,-0.019230769230769162,0.1282051282051283,-0.29487179487179477,0.3076923076923077,-0.04487179487179482,-0.10256410256410253,0.29487179487179493,-0.33333333333333337,0.03205128205128205,0.1923076923076924,-0.41666666666666674,-333.0,-2770.0,2437.0,2437.0,0.0,MIXED_LONG_AND_SHORT_DOWN,MM_STRUCTURE_SHORT_COVERING_RALLY
2015-03-03,1204.0,115279,42320,72959,0.4743589743589743,0.0059319704579448,-0.0033937386547409,-0.0442168399864256,-0.0125482229274327,0.4935897435897436,0.6025641025641025,-0.46153846153846156,-0.2564102564102564,-0.2948717948717948,-0.7115384615384615,0.40384615384615385,0.11538461538461536,0.012820512820512775,0.5769230769230769,-0.4679487179487181,-0.20512820512820523,-0.14743589743589752,-0.7884615384615385,-13046.0,8191.0,-21237.0,-21237.0,0.0,LONG_LIQUIDATION,MM_STRUCTURE_LONG_LIQUIDATION
2015-03-10,1160.0999755859375,107032,58359,48673,0.2564102564102564,-0.0364618142973941,-0.0307461342447046,-0.0580545643206785,-0.0601151019256904,0.21153846153846154,0.6858974358974359,-0.6474358974358974,-0.5897435897435898,-0.5256410256410257,-0.8141025641025642,0.46153846153846156,0.27564102564102566,0.1282051282051282,0.717948717948718,-0.576923076923077,-0.47435897435897434,-0.39743589743589747,-0.967948717948718,-25141.0,28127.0,-53268.0,-53268.0,0.0,SHORT_BUILDING,MM_STRUCTURE_LONG_LIQUIDATION
2015-03-17,1148.300048828125,97847,78623,19224,0.0448717948717948,-0.0101714740161533,-0.0462624179168397,-0.0494991540156344,-0.1127336639223639,0.08333333333333333,0.9358974358974359,-0.6794871794871794,-0.8461538461538461,-0.5833333333333333,-1.3076923076923077,0.47435897435897434,0.6474358974358975,0.33974358974358976,1.0641025641025643,-0.6410256410256411,-0.8397435897435898,-0.532051282051282,-1.4102564102564101,-57755.0,52362.0,-110117.0,-110117.0,0.0,LONG_LIQUIDATION,MM_STRUCTURE_LONG_LIQUIDATION
2015-03-24,1191.699951171875,98784,87349,11435,0.0192307692307692,0.037794914654964,0.027239010646455,-0.0043446178762784,-0.0774173598979209,0.10256410256410256,1.0,-0.5705128205128206,-0.8846153846153847,-0.5897435897435898,-1.326923076923077,0.4807692307692307,0.7884615384615384,0.4358974358974359,1.1987179487179487,-0.6025641025641026,-0.935897435897436,-0.5705128205128206,-1.4615384615384617,-74326.0,67476.0,-141802.0,-141802.0,0.0,LONG_LIQUIDATION,MM_STRUCTURE_LONG_LIQUIDATION
2015-03-31,1183.0999755859375,103808,67752,36056,0.1346153846153846,-0.0072165611633033,0.0303056041783913,-0.0173588242641714,-0.0608081118957558,0.14102564102564102,0.8012820512820513,-0.3525641025641026,-0.8141025641025641,-0.608974358974359,-0.9807692307692308,0.1987179487179488,0.6025641025641026,0.31410256410256415,0.9935897435897437,-0.33974358974358965,-0.8076923076923078,-0.5448717948717949,-1.1282051282051284,-63502.0,48768.0,-112270.0,-112270.0,0.0,LONG_LIQUIDATION,MM_STRUCTURE_LONG_LIQUIDATION
2015-04-07,1210.5999755859375,112747,57072,55675,0.3653846153846153,0.0232440204272512,0.0158597173688535,0.0435307310255683,-0.0170509909193601,0.41025641025641024,0.6602564102564102,0.1987179487179487,-0.4487179487179487,-0.3910256410256411,-0.5705128205128204,-0.02564102564102566,0.4358974358974359,0.25,0.7692307692307693,0.10897435897435892,-0.46794871794871806,-0.3653846153846154,-0.6474358974358976,-28088.0,35774.0,-63862.0,-63862.0,0.0,SHORT_BUILDING,MM_STRUCTURE_LONG_LIQUIDATION
2015-04-14,1192.800048828125,110439,62390,48049,0.2564102564102564,-0.0147033926290947,0.0081988618395358,0.0387529374795494,-0.0126644541569433,0.32051282051282054,0.7051282051282052,0.23717948717948723,-0.44230769230769224,-0.608974358974359,-0.5384615384615383,-0.23076923076923073,0.2435897435897436,0.41666666666666674,0.3782051282051282,0.2115384615384616,-0.4294871794871795,-0.6282051282051282,-0.5384615384615385,-18156.0,29487.0,-47643.0,-47643.0,0.0,SHORT_BUILDING,MM_STRUCTURE_LONG_LIQUIDATION
2015-04-21,1202.9000244140625,108259,60134,48125,0.2628205128205128,0.0084674506811601,-0.0063604421998672,0.0093984003533555,0.0050129500188933,0.2564102564102564,0.6858974358974359,0.15384615384615383,-0.41666666666666674,-0.7307692307692308,-0.3974358974358976,-0.3141025641025641,0.16666666666666663,0.47435897435897434,0.21153846153846145,0.24358974358974358,-0.35897435897435903,-0.6923076923076924,-0.3910256410256411,-16336.0,25026.0,-41362.0,-41362.0,0.0,SHORT_BUILDING,MM_STRUCTURE_LONG_LIQUIDATION
2015-04-28,1214.0,114952,64369,50583,0.3012820512820512,0.0092276792423746,0.0177732648424209,0.0261178472248375,0.0083056478405316,0.532051282051282,0.7371794871794872,0.391025641025641,0.038461538461538436,-0.42307692307692313,0.2948717948717948,-0.0641025641025641,0.1346153846153847,0.5384615384615385,0.01923076923076933,0.1666666666666666,-0.17307692307692307,-0.6410256410256412,0.03205128205128216,-327.0,22049.0,-22376.0,-22376.0,0.0,SHORT_BUILDING,MM_STRUCTURE_SHORT_BUILDING
2015-05-05,1193.199951171875,98957,76100,22857,0.0641025641025641,-0.017133483383958,-0.0080639064305551,-0.0143730586196656,0.0285320026571154,0.10897435897435898,0.8910256410256411,-0.30128205128205127,-0.10256410256410256,-0.75,0.4871794871794872,0.23076923076923084,0.20512820512820518,0.6666666666666667,-0.07051282051282048,-0.3012820512820512,-0.1923076923076923,-0.7692307692307693,0.28205128205128205,-8075.0,17741.0,-25816.0,-25816.0,0.0,SHORT_BUILDING,MM_STRUCTURE_LONG_LIQUIDATION
2015-05-12,1192.5999755859375,104207,76488,27719,0.0833333333333333,-0.0005028290399679,-0.0176276972109246,-0.0001677340995953,0.0385787031908793,0.15384615384615385,0.8910256410256411,-0.16666666666666669,0.07051282051282053,-0.6089743589743589,0.9166666666666666,0.1858974358974359,-0.04487179487179482,0.4294871794871795,-0.6923076923076923,-0.17307692307692307,0.0384615384615385,-0.6025641025641026,0.8782051282051283,6360.0,-2135.0,8495.0,8495.0,0.0,LONG_BUILDING,MM_STRUCTURE_ACCUMULATION
2015-05-19,1206.9000244140625,132306,53689,78617,0.5961538461538461,0.0119906499420303,0.0114817916550635,0.0033252971309467,0.0127549499580328,0.8269230769230769,0.5705128205128205,0.5705128205128205,0.7243589743589743,0.15384615384615374,1.608974358974359,-0.11538461538461542,-0.4294871794871795,0.05128205128205121,-1.217948717948718,0.33333333333333337,0.576923076923077,-0.02564102564102566,1.512820512820513,33522.0,-33660.0,67182.0,67182.0,0.0,SHORT_COVERING,MM_STRUCTURE_ACCUMULATION
2015-05-26,1187.199951171875,125069,58825,66244,0.4743589743589743,-0.0163228708622751,-0.0045279427508032,-0.0220758227579283,0.003465451500755,0.717948717948718,0.6474358974358975,0.1858974358974359,0.5769230769230769,0.22435897435897434,1.391025641025641,-0.08974358974358976,-0.15384615384615385,0.044871794871794934,-0.7564102564102565,0.17307692307692307,0.33974358974358965,0.0,1.1474358974358974,21261.0,-8927.0,30188.0,30188.0,0.0,LONG_BUILDING,MM_STRUCTURE_ACCUMULATION
2015-06-02,1194.0999755859375,125229,63482,61747,0.4423076923076923,0.0058120154126115,-0.0106057242266933,0.0007542947124483,-0.0136296054293358,0.717948717948718,0.7115384615384616,0.608974358974359,0.3076923076923077,0.5064102564102564,0.7564102564102564,-0.17948717948717952,0.05128205128205132,0.02564102564102566,-0.3846153846153846,0.3782051282051282,0.07692307692307698,0.1858974358974359,0.544871794871795,12482.0,6410.0,6072.0,6072.0,0.0,MIXED_LONG_AND_SHORT_UP,MM_STRUCTURE_NEUTRAL
2015-06-09,1177.300048828125,121125,83486,37639,0.1602564102564102,-0.0140691123869832,-0.0083388668724067,-0.0128290517114051,-0.012994633941563,0.6346153846153846,0.9871794871794872,0.4807692307692307,0.31410256410256404,0.5512820512820512,0.7564102564102563,0.09615384615384615,0.28205128205128205,0.05128205128205132,0.038461538461538436,0.07692307692307689,-0.0961538461538462,0.11538461538461539,0.3333333333333333,10686.0,21096.0,-10410.0,-10410.0,0.0,MIXED_LONG_AND_SHORT_UP,MM_STRUCTURE_SHORT_BUILDING
2015-06-16,1180.5,124527,89529,34998,0.1474358974358974,0.002718042163559,-0.0113893106640958,-0.0218742430027536,-0.0186216842293054,0.6858974358974359,1.0,-0.14102564102564097,0.4294871794871795,0.5833333333333334,0.8461538461538463,0.4294871794871795,0.3141025641025641,0.0,0.14743589743589747,-0.44871794871794873,-0.11538461538461536,0.12820512820512822,0.24358974358974367,16268.0,29395.0,-13127.0,-13127.0,0.0,MIXED_LONG_AND_SHORT_UP,MM_STRUCTURE_SHORT_BUILDING
2015-06-23,1176.199951171875,124843,84927,39916,0.2115384615384615,-0.0036425657163278,-0.0009344241999692,-0.00926549903337,-0.031136778276874,0.6923076923076923,0.9871794871794872,-0.02564102564102566,0.16025641025641024,0.5512820512820513,0.1217948717948718,0.33974358974358976,0.25,0.1858974358974359,0.11538461538461531,-0.2628205128205128,-0.0897435897435897,0.0769230769230769,0.08333333333333337,9891.0,20558.0,-10667.0,-10667.0,0.0,MIXED_LONG_AND_SHORT_UP,MM_STRUCTURE_SHORT_BUILDING
2015-06-30,1171.5,115188,99565,15623,0.032051282051282,-0.0039958777138124,-0.0076238881829733,-0.0189263680160849,-0.018186349362957,0.5256410256410257,1.0,-0.1923076923076923,0.4166666666666667,0.11538461538461542,0.5192307692307693,0.28846153846153844,0.10897435897435892,0.33974358974358976,-0.09615384615384626,-0.4102564102564103,-0.0320512820512821,-0.3333333333333333,0.1602564102564102,16231.0,23465.0,-7234.0,-7234.0,0.0,MIXED_LONG_AND_SHORT_UP,MM_STRUCTURE_SHORT_BUILDING
2015-07-07,1152.4000244140625,111482,109383,2099,0.0064102564102564,-0.0163038630695155,-0.0202345925402395,-0.0211501090472626,-0.0337078249159986,0.3974358974358974,1.0,-0.23717948717948717,0.24358974358974356,0.07692307692307687,0.17307692307692302,0.012820512820512775,0.10897435897435892,0.2948717948717948,0.15384615384615374,-0.1538461538461538,-0.0769230769230769,-0.25,-0.11538461538461539,7275.0,32895.0,-25620.0,-25620.0,0.0,MIXED_LONG_AND_SHORT_UP,MM_STRUCTURE_SHORT_BUILDING
2015-07-14,1153.300048828125,108413,109536,-1123,0.0064102564102564,0.0007809999956569,-0.0155355963908451,-0.0230410429240788,-0.0444112805548742,0.28205128205128205,1.0,-0.40384615384615385,-0.5448717948717948,0.02564102564102566,-1.2692307692307692,0.0,0.4294871794871795,0.3141025641025641,0.858974358974359,-0.14102564102564102,-0.5897435897435898,-0.2564102564102564,-1.1666666666666667,-23893.0,55847.0,-79740.0,-79740.0,0.0,SHORT_BUILDING,MM_STRUCTURE_LONG_LIQUIDATION
2015-07-21,1103.4000244140625,106297,119853,-13556,0.0064102564102564,-0.043267165786359,-0.0425199574469933,-0.0618941759734645,-0.0705861945791812,0.23076923076923078,1.0,-0.4615384615384615,-0.48717948717948717,-0.30128205128205127,-1.064102564102564,0.012820512820512775,0.35256410256410253,0.2628205128205128,0.5064102564102564,-0.20512820512820512,-0.4679487179487179,-0.2948717948717948,-0.8076923076923075,-18772.0,61028.0,-79800.0,-79800.0,0.0,SHORT_BUILDING,MM_STRUCTURE_LONG_LIQUIDATION
2015-07-28,1096.300048828125,106284,120917,-14633,0.0064102564102564,-0.0064346342476363,-0.0494233916472283,-0.0641911661731754,-0.0819026285548851,0.22435897435897437,1.0,-0.3012820512820513,-0.4935897435897436,0.11538461538461539,-0.8012820512820513,0.0,0.28846153846153844,0.10897435897435892,0.23717948717948711,-0.0256410256410256,-0.4358974358974359,-0.057692307692307696,-0.5128205128205129,-18945.0,57435.0,-76380.0,-76380.0,0.0,SHORT_BUILDING,MM_STRUCTURE_LONG_LIQUIDATION
2015-08-04,1090.699951171875,103573,114860,-11287,0.0192307692307692,-0.0051081797015662,-0.0115099446811518,-0.0535404997700853,-0.0735582214087657,0.14102564102564102,0.9871794871794872,-0.2564102564102564,-0.49358974358974356,-0.01282051282051283,-0.8076923076923076,-0.012820512820512775,0.0,0.09615384615384615,-0.28205128205128205,0.012820512820512801,-0.141025641025641,-0.0641025641025641,-0.044871794871794796,-17552.0,31374.0,-48926.0,-48926.0,0.0,SHORT_BUILDING,MM_STRUCTURE_LONG_LIQUIDATION
2015-08-11,1107.5999755859375,108507,113937,-5430,0.0256410256410256,0.0154946595494982,0.0103073303425385,-0.0396254845290465,-0.0617535149632041,0.28846153846153844,0.9807692307692307,0.0064102564102563875,-0.39743589743589747,-0.5384615384615384,-0.826923076923077,-0.019230769230769273,-0.019230769230769273,0.41025641025641024,-0.33333333333333337,0.019230769230769197,-0.1217948717948718,-0.5705128205128206,-0.006410256410256443,-16020.0,24408.0,-40428.0,-40428.0,0.0,SHORT_BUILDING,MM_STRUCTURE_LONG_LIQUIDATION
2015-08-18,1117.0999755859375,112075,104158,7917,0.0448717948717948,0.0085771038365853,0.0242046626899521,0.0124161236802129,-0.050246538037223,0.4166666666666667,0.9615384615384616,0.1858974358974359,-0.2756410256410256,-0.30128205128205127,-0.43589743589743585,-0.038461538461538436,-0.02564102564102566,0.3141025641025641,-0.27564102564102566,0.0384615384615384,-0.1666666666666667,-0.42948717948717946,-0.07692307692307701,-12768.0,19231.0,-31999.0,-31999.0,0.0,SHORT_BUILDING,MM_STRUCTURE_LONG_LIQUIDATION
2015-08-25,1138.199951171875,119456,78842,40614,0.2756410256410256,0.0188881711996011,0.0276272808418487,0.0382193746944901,-0.028425137710734,0.6153846153846154,0.8589743589743589,0.3910256410256411,0.08974358974358976,-0.10256410256410253,-0.3269230769230769,-0.14102564102564108,-0.14102564102564108,0.14743589743589736,-0.25,0.2692307692307692,0.2435897435897436,-0.16666666666666669,0.2756410256410257,4268.0,-20723.0,24991.0,24991.0,0.0,SHORT_COVERING,MM_STRUCTURE_ACCUMULATION
2015-09-01,1138.699951171875,112641,72044,40597,0.2756410256410256,0.0004392901260321,0.01933575871274,0.0440084369201883,-0.0118882965567042,0.4358974358974359,0.75,0.2948717948717949,0.03846153846153849,-0.19871794871794868,-0.20512820512820507,-0.23717948717948723,-0.25,-0.23717948717948723,-0.3589743589743589,0.2564102564102564,0.2692307692307692,0.11538461538461542,0.34615384615384615,1159.0,-37339.0,38498.0,38498.0,0.0,SHORT_COVERING,MM_STRUCTURE_ACCUMULATION
2015-09-08,1120.4000244140625,112684,85859,26825,0.1346153846153846,-0.0160708944783737,-0.0156386641376025,0.0115565629381253,-0.0285268559968348,0.4423076923076923,0.9358974358974359,0.15384615384615385,0.16025641025641024,-0.2435897435897436,0.7051282051282051,-0.04487179487179482,-0.0641025641025641,-0.0641025641025641,-0.4935897435897436,0.108974358974359,0.12820512820512822,-0.012820512820512803,0.717948717948718,4271.0,-23677.0,27948.0,27948.0,0.0,SHORT_COVERING,MM_STRUCTURE_ACCUMULATION
2015-09-15,1102.800048828125,104300,95493,8807,0.0512820512820512,-0.0157086533402583,-0.0315270957084033,-0.0128009373111944,-0.0005437516518599,0.14743589743589744,0.9487179487179487,-0.2692307692307693,-0.08333333333333334,-0.5448717948717948,0.40384615384615385,-0.012820512820512886,-0.05128205128205132,-0.03846153846153855,-0.40384615384615385,0.006410256410256394,0.044871794871794796,-0.1602564102564103,0.5128205128205127,-1997.0,-24360.0,22363.0,22363.0,0.0,MIXED_LONG_AND_SHORT_DOWN,MM_STRUCTURE_SHORT_COVERING_RALLY
2015-09-22,1125.0,107531,86702,20829,0.1153846153846153,0.0201305315460091,0.0041056546641393,-0.0115972164278205,0.0261789199066015,0.26282051282051283,0.9294871794871795,-0.3525641025641026,0.038461538461538464,-0.26282051282051283,0.532051282051282,0.0705128205128206,-0.07051282051282048,-0.07051282051282048,-0.3589743589743589,-0.1602564102564103,0.10897435897435889,0.08333333333333329,0.5448717948717948,1247.0,-34215.0,35462.0,35462.0,0.0,SHORT_COVERING,MM_STRUCTURE_ACCUMULATION
2015-09-29,1127.0999755859375,112633,72069,40564,0.2948717948717949,0.0018666449652777,0.0220347530666455,-0.0101870344106009,0.0333730870483246,0.44871794871794873,0.7307692307692307,0.01282051282051283,0.3076923076923077,0.05128205128205132,0.8012820512820513,-0.019230769230769273,-0.2564102564102565,-0.2692307692307693,-0.2564102564102565,0.019230769230769273,0.27564102564102566,0.2884615384615385,0.41666666666666663,9060.0,-42791.0,51851.0,51851.0,0.0,SHORT_COVERING,MM_STRUCTURE_ACCUMULATION
2015-10-06,1146.800048828125,115414,69576,45838,0.358974358974359,0.0174785499679797,0.0193778211805555,0.0235630344866057,0.0353919051157887,0.5705128205128205,0.6923076923076923,0.1282051282051282,0.28205128205128205,0.28846153846153844,0.6794871794871795,-0.2435897435897436,-0.28846153846153844,-0.3076923076923077,-0.26923076923076916,0.22435897435897437,0.33333333333333337,0.3525641025641026,0.4551282051282052,6907.0,-44361.0,51268.0,51268.0,0.0,SHORT_COVERING,MM_STRUCTURE_ACCUMULATION
2015-10-13,1165.800048828125,128350,51137,77213,0.6730769230769231,0.016567840243306,0.0343359720348399,0.0571273097665765,0.0435950893443028,0.8012820512820513,0.4230769230769231,0.6538461538461539,0.38461538461538464,0.5705128205128205,0.6602564102564102,-0.5256410256410255,-0.5384615384615385,-0.5769230769230769,-0.5128205128205129,0.6217948717948719,0.6282051282051283,0.6666666666666667,0.794871794871795,16275.0,-53021.0,69296.0,69296.0,0.0,SHORT_COVERING,MM_STRUCTURE_ACCUMULATION
2015-10-20,1178.0,156199,39855,116344,0.8974358974358975,0.0104648744732327,0.0272060950849777,0.0471111111111111,0.0349675369315798,0.9743589743589743,0.3717948717948718,0.7115384615384615,0.3589743589743589,0.75,0.26923076923076916,-0.5576923076923077,-0.4871794871794871,-0.6282051282051282,-0.34615384615384603,0.7820512820512822,0.6217948717948718,0.8910256410256411,0.3782051282051282,36743.0,-38987.0,75730.0,75730.0,0.0,SHORT_COVERING,MM_STRUCTURE_CROWDED_LONG
2015-10-27,1166.800048828125,147660,33568,114092,0.8910256410256411,-0.0095075986178905,0.0008577800292641,0.035223204775201,0.0246773503655033,0.9358974358974359,0.28205128205128205,0.48717948717948717,0.5,0.7948717948717949,0.4615384615384615,-0.4487179487179487,-0.46794871794871795,-0.7051282051282052,-0.21794871794871795,0.5961538461538463,0.6153846153846154,0.8717948717948719,0.3461538461538462,35019.0,-38476.0,73495.0,73495.0,0.0,SHORT_COVERING,MM_STRUCTURE_CROWDED_LONG
2015-11-03,1114.199951171875,116702,49495,67207,0.6089743589743589,-0.0450806440307222,-0.0541596339797325,-0.028427011046575,-0.0055338032016108,0.5961538461538461,0.4166666666666667,0.02564102564102566,0.15384615384615385,0.3076923076923077,-0.0064102564102563875,-0.2756410256410256,-0.5192307692307692,-0.5641025641025641,-0.45512820512820507,0.24999999999999994,0.47435897435897434,0.5833333333333334,0.34615384615384615,4018.0,-36364.0,40382.0,40382.0,0.0,SHORT_COVERING,MM_STRUCTURE_ACCUMULATION
2015-11-10,1088.199951171875,91880,75011,16869,0.1025641025641025,-0.0233351293658324,-0.0673638107362027,-0.0665638140384832,-0.013239115895728,0.0,0.7756410256410257,-0.8012820512820513,-0.14743589743589744,-0.4166666666666667,-0.0641025641025641,0.3525641025641026,-0.17307692307692302,-0.1858974358974359,-0.1217948717948717,-0.5705128205128206,0.05128205128205131,0.0576923076923077,0.006410256410256512,-12420.0,-20482.0,8062.0,8062.0,0.0,MIXED_LONG_AND_SHORT_DOWN,MM_STRUCTURE_SHORT_COVERING_RALLY
2015-11-17,1068.699951171875,90510,104433,-13923,0.0128205128205128,-0.0179195008959526,-0.0408364763902069,-0.0927844217556239,-0.0500444878472222,0.0,0.9615384615384616,-0.9743589743589743,-0.26282051282051283,-0.6153846153846154,-0.3012820512820513,0.5897435897435898,0.03205128205128205,0.10256410256410264,0.10256410256410253,-0.8846153846153847,-0.10256410256410249,-0.26282051282051283,-0.2115384615384614,-17021.0,17731.0,-34752.0,-34752.0,0.0,SHORT_BUILDING,MM_STRUCTURE_LONG_LIQUIDATION
2015-11-24,1074.300048828125,91059,107723,-16664,0.0064102564102564,0.005240102846556,-0.0127732980770502,-0.0792766507791136,-0.0468458237081974,0.00641025641025641,0.9615384615384616,-0.9294871794871795,-0.44230769230769235,-0.4294871794871795,-0.75,0.6794871794871795,0.23076923076923084,0.21153846153846156,0.48717948717948734,-0.8846153846153847,-0.2884615384615385,-0.2692307692307692,-0.5641025641025641,-21574.0,35654.0,-57228.0,-57228.0,0.0,SHORT_BUILDING,MM_STRUCTURE_LONG_LIQUIDATION
2015-12-01,1063.800048828125,89982,110548,-20566,0.0064102564102564,-0.0097738057551552,-0.0045849186559586,-0.0452341631237205,-0.072375302115495,0.0,0.9743589743589743,-0.5961538461538461,-0.5705128205128205,-0.4423076923076923,-0.8525641025641025,0.5576923076923077,0.28205128205128205,0.038461538461538436,0.5705128205128205,-0.6025641025641025,-0.3525641025641026,-0.12820512820512822,-0.6858974358974359,-25432.0,40972.0,-66404.0,-66404.0,0.0,SHORT_BUILDING,MM_STRUCTURE_LONG_LIQUIDATION
2015-12-08,1076.300048828125,92488,109910,-17422,0.0128205128205128,0.0117503284698754,0.0018616772866961,-0.0109354005492603,-0.0767713126191462,0.02564102564102564,0.967948717948718,0.02564102564102564,-0.7756410256410257,-0.1217948717948718,-1.1602564102564104,0.1923076923076923,0.5448717948717949,0.019230769230769273,1.0833333333333335,-0.0897435897435897,-0.6602564102564104,-0.038461538461538394,-1.2884615384615388,-35862.0,58773.0,-94635.0,-94635.0,0.0,SHORT_BUILDING,MM_STRUCTURE_LONG_LIQUIDATION
2015-12-15,1062.9000244140625,83617,110836,-27219,0.0064102564102564,-0.0124500825105903,-0.0008460465996913,-0.0054270862008112,-0.0977079589014749,0.0,0.9743589743589743,0.0,-0.9743589743589743,-0.26282051282051283,-1.3333333333333333,0.012820512820512775,0.6025641025641025,0.04487179487179482,1.0897435897435896,-0.0064102564102564,-0.8910256410256411,-0.10897435897435889,-1.5128205128205128,-72582.0,70981.0,-143563.0,-143563.0,0.0,LONG_LIQUIDATION,MM_STRUCTURE_LONG_LIQUIDATION
2015-12-22,1074.800048828125,79979,100041,-20062,0.0192307692307692,0.0111958078283256,-0.0013936634135,0.0004654193216739,-0.0788481283424697,0.0,0.9230769230769231,-0.00641025641025641,-0.9358974358974359,-0.44871794871794873,-1.435897435897436,-0.038461538461538436,0.6410256410256411,0.1923076923076924,1.108974358974359,0.012820512820512801,-0.8717948717948719,-0.27564102564102566,-1.4871794871794872,-67681.0,66473.0,-134154.0,-134154.0,0.0,LONG_LIQUIDATION,MM_STRUCTURE_LONG_LIQUIDATION
2015-12-29,1077.5,76071,103272,-27201,0.0128205128205128,0.0025120497294532,0.0137359819838049,0.0128783141032629,-0.0329383887813631,0.0,0.9230769230769231,0.0,-0.5961538461538461,-0.5705128205128205,-0.75,-0.05128205128205121,0.5064102564102564,0.23076923076923084,1.0256410256410255,0.0064102564102564,-0.5961538461538461,-0.3461538461538462,-1.0705128205128205,-40631.0,53777.0,-94408.0,-94408.0,0.0,SHORT_BUILDING,MM_STRUCTURE_LONG_LIQUIDATION
2016-01-05,1078.4000244140625,79732,95659,-15927,0.0448717948717948,0.0008352894794083,0.0033494374975724,0.0019511060955761,-0.0090056305803534,0.00641025641025641,0.9038461538461539,-0.019230769230769232,0.00641025641025641,-0.7948717948717949,0.15384615384615385,-0.0641025641025641,0.1282051282051282,0.4807692307692308,0.3012820512820512,0.03205128205128201,-0.0576923076923077,-0.6282051282051283,-0.108974358974359,-12148.0,20648.0,-32796.0,-32796.0,0.0,SHORT_BUILDING,MM_STRUCTURE_SHORT_BUILDING
2016-01-12,1085.5999755859375,82908,82816,92,0.0897435897435897,0.0066765124340451,0.0075173787340487,0.02135661929671,0.0158136288820176,0.019230769230769232,0.8461538461538461,0.019230769230769232,0.019230769230769232,-0.9551282051282051,0.28205128205128205,-0.1282051282051282,-0.11538461538461542,0.47435897435897434,-0.14743589743589747,0.0833333333333333,0.0769230769230769,-0.8076923076923077,0.1794871794871794,-7602.0,-21617.0,14015.0,14015.0,0.0,MIXED_LONG_AND_SHORT_DOWN,MM_STRUCTURE_ACCUMULATION
2016-01-19,1089.9000244140625,84054,83615,439,0.0961538461538461,0.0039609883242712,0.0106639463461144,0.0140491020654505,0.0145210601106779,0.03205128205128205,0.8525641025641025,0.03205128205128205,0.02564102564102564,-0.9038461538461539,0.467948717948718,-0.0705128205128206,-0.10897435897435903,0.5705128205128205,-0.33974358974358987,0.0769230769230769,0.0897435897435897,-0.7948717948717949,0.3782051282051282,-7005.0,-24108.0,17103.0,17103.0,0.0,MIXED_LONG_AND_SHORT_DOWN,MM_STRUCTURE_ACCUMULATION
2016-01-26,1121.699951171875,95745,78942,16803,0.1666666666666666,0.0291769208601571,0.0332534786272937,0.0410208363544084,0.0544274296730218,0.10256410256410256,0.7756410256410257,0.10256410256410256,0.10256410256410256,-0.4935897435897436,0.673076923076923,-0.14743589743589747,-0.19871794871794868,0.358974358974359,-0.4807692307692307,0.1538461538461538,0.16025641025641021,-0.4423076923076923,0.5128205128205128,5763.0,-31606.0,37369.0,37369.0,0.0,SHORT_COVERING,MM_STRUCTURE_ACCUMULATION
2016-02-02,1127.300048828125,100566,71530,29036,0.2435897435897435,0.0049925094945393,0.0343150964091123,0.0453449771021952,0.0473845560589993,0.19230769230769232,0.6410256410256411,0.1858974358974359,0.16666666666666669,0.19230769230769232,0.9423076923076923,-0.2628205128205128,-0.32692307692307687,-0.13461538461538458,-0.8717948717948718,0.1987179487179487,0.2307692307692307,0.141025641025641,0.8910256410256411,8078.0,-38380.0,46458.0,46458.0,0.0,SHORT_COVERING,MM_STRUCTURE_ACCUMULATION
2016-02-09,1198.699951171875,121059,60423,60636,0.6282051282051282,0.0633370879545096,0.0686458084620185,0.104181999013857,0.1277635936010763,0.7371794871794872,0.46153846153846156,0.717948717948718,0.7371794871794872,0.7371794871794872,1.7115384615384617,-0.3846153846153846,-0.5128205128205128,-0.5,-1.1153846153846154,0.5384615384615385,0.6217948717948718,0.6153846153846154,1.5128205128205128,37442.0,-50413.0,87855.0,87855.0,0.0,SHORT_COVERING,MM_STRUCTURE_ACCUMULATION
2016-02-16,1207.9000244140625,126219,45206,81013,0.7756410256410257,0.0076750426436518,0.071498245449137,0.1082668110439188,0.1238369645880264,0.8269230769230769,0.3141025641025641,0.7948717948717948,0.8269230769230769,0.8205128205128205,1.7628205128205128,-0.5384615384615384,-0.608974358974359,-0.6474358974358975,-1.25,0.6794871794871795,0.7564102564102565,0.7692307692307693,1.6282051282051284,46240.0,-54835.0,101075.0,101075.0,0.0,SHORT_COVERING,MM_STRUCTURE_ACCUMULATION
2016-02-23,1222.300048828125,141373,32276,109097,0.9230769230769232,0.0119215366528764,0.0196880775987169,0.0896853900645622,0.1343851961281903,0.9423076923076923,0.1794871794871795,0.8397435897435898,0.9423076923076923,0.9423076923076923,1.5384615384615383,-0.5961538461538461,-0.7435897435897436,-0.7948717948717948,-1.25,0.7564102564102566,0.9102564102564105,0.9166666666666669,1.5064102564102566,65302.0,-70996.0,136298.0,136298.0,0.0,SHORT_COVERING,MM_STRUCTURE_CROWDED_LONG
2016-03-01,1230.300048828125,133823,29453,104370,0.8974358974358975,0.0065450377815741,0.0185446013422581,0.0913687532499203,0.1408568443760893,0.9038461538461539,0.14102564102564102,0.7115384615384616,0.8974358974358975,0.8782051282051282,0.8910256410256411,-0.5,-0.7628205128205128,-0.8269230769230769,-0.891025641025641,0.653846153846154,0.8525641025641026,0.8846153846153847,0.9102564102564104,54091.0,-66206.0,120297.0,120297.0,0.0,SHORT_COVERING,MM_STRUCTURE_CROWDED_LONG
2016-03-08,1262.0999755859375,160317,32890,127427,0.9743589743589745,0.0258472937460274,0.0325615030417207,0.0528906540390539,0.1625829071198501,0.9871794871794872,0.1987179487179487,0.25,0.967948717948718,0.9871794871794872,0.9487179487179487,-0.2628205128205129,-0.6474358974358975,-0.7756410256410257,-0.532051282051282,0.34615384615384626,0.8846153846153848,0.9679487179487181,0.8076923076923079,77409.0,-49926.0,127335.0,127335.0,0.0,LONG_BUILDING,MM_STRUCTURE_CROWDED_LONG
2016-03-15,1230.4000244140625,159202,29425,129777,0.9807692307692308,-0.0251168305087384,8.126114116047134e-05,0.0186273694388858,0.1289109063700899,0.9807692307692307,0.14102564102564102,0.15384615384615385,0.9487179487179487,0.9807692307692307,0.923076923076923,-0.17307692307692307,-0.7115384615384615,-0.7820512820512822,-0.6025641025641024,0.20512820512820518,0.8846153846153847,0.9615384615384617,0.7948717948717949,75148.0,-54190.0,129338.0,129338.0,0.0,LONG_BUILDING,MM_STRUCTURE_CROWDED_LONG
2016-03-22,1248.199951171875,174457,29558,144899,0.9871794871794872,0.0144667802378248,-0.0110134099381543,0.0211894799223655,0.1127752567590303,1.0,0.16025641025641027,0.05769230769230771,0.8974358974358975,1.0,0.7948717948717949,-0.019230769230769218,-0.6153846153846154,-0.7628205128205129,-0.41666666666666674,0.06410256410256399,0.8205128205128206,0.9743589743589745,0.6602564102564104,78712.0,-49384.0,128096.0,128096.0,0.0,LONG_BUILDING,MM_STRUCTURE_CROWDED_LONG
2016-03-29,1235.5999755859375,184135,29930,154205,1.0,-0.0100945169675003,0.0042262281117486,0.0043078326810281,0.0960701872322233,1.0,0.16666666666666666,0.09615384615384615,0.8076923076923077,0.9935897435897436,0.641025641025641,0.025641025641025633,-0.47435897435897445,-0.7371794871794872,-0.14743589743589758,0.10256410256410253,0.7564102564102565,0.9551282051282052,0.5256410256410258,83569.0,-41600.0,125169.0,125169.0,0.0,LONG_BUILDING,MM_STRUCTURE_CROWDED_LONG
2016-04-05,1228.4000244140625,186716,33958,152758,0.9871794871794872,-0.0058270891179491,-0.015862784435477,-0.0267014910258829,0.0247769036889942,1.0,0.24358974358974358,0.012820512820512775,0.2628205128205128,0.9807692307692307,-0.47435897435897445,0.04487179487179488,-0.21794871794871798,-0.6025641025641025,0.2948717948717948,0.012820512820512775,0.35897435897435903,0.8974358974358976,-0.2628205128205128,65657.0,-26465.0,92122.0,92122.0,0.0,LONG_BUILDING,MM_STRUCTURE_CROWDED_LONG
2016-04-12,1259.4000244140625,202500,31866,170634,1.0,0.0252360789513879,0.0192619369524014,0.0235695704035849,0.0426359789378942,1.0,0.19230769230769232,0.019230769230769273,0.17307692307692313,0.967948717948718,-0.6538461538461537,0.051282051282051294,-0.12179487179487178,-0.6602564102564102,0.4871794871794872,0.019230769230769162,0.22435897435897434,0.9038461538461539,-0.5320512820512822,76281.0,-13340.0,89621.0,89621.0,0.0,LONG_BUILDING,MM_STRUCTURE_CROWDED_LONG
2016-04-19,1253.0,208661,34554,174107,1.0,-0.0050818042639312,0.0200260298738363,0.0038455768433722,0.0251165425390504,1.0,0.26282051282051283,0.0,0.05769230769230771,0.8974358974358975,-0.8846153846153846,0.10256410256410256,0.08333333333333334,-0.5128205128205128,0.826923076923077,0.012820512820512775,0.07692307692307676,0.8333333333333334,-0.8333333333333337,67288.0,2278.0,65010.0,65010.0,0.0,MIXED_LONG_AND_SHORT_UP,MM_STRUCTURE_CROWDED_LONG
2016-04-26,1242.199951171875,206476,34426,172050,0.9935897435897436,-0.008619352616221,-0.0136573550172748,0.0053415148238471,0.0096723578569999,0.9935897435897436,0.26282051282051283,-0.0064102564102563875,0.08974358974358976,0.8012820512820513,-0.8076923076923077,0.09615384615384617,0.1217948717948718,-0.37820512820512825,0.8846153846153846,-0.0064102564102563875,0.09615384615384615,0.7500000000000001,-0.7564102564102565,72653.0,4973.0,67680.0,67680.0,0.0,MIXED_LONG_AND_SHORT_UP,MM_STRUCTURE_CROWDED_LONG
2016-05-03,1290.699951171875,248842,29947,218895,1.0,0.0390436338000543,0.0300877503366918,0.0507163183976075,0.022660626051165,1.0,0.17307692307692307,0.0,0.012820512820512775,0.2628205128205128,-0.9551282051282052,-0.07051282051282051,-0.025641025641025633,-0.2884615384615385,0.6217948717948718,0.012820512820512775,0.02564102564102555,0.3717948717948718,-0.8589743589743593,88525.0,-2943.0,91468.0,91468.0,0.0,LONG_BUILDING,MM_STRUCTURE_CROWDED_LONG
2016-05-10,1263.9000244140625,246782,35591,211191,0.9935897435897436,-0.020763870590899,0.0174690662495324,0.0035731299926673,0.0272269175351758,0.9935897435897436,0.3141025641025641,-0.0064102564102563875,0.012820512820512886,0.16666666666666674,-0.9358974358974358,0.12179487179487178,0.17307692307692307,0.0,0.8846153846153846,-0.0064102564102563875,0.012820512820512775,0.21794871794871795,-0.8717948717948719,87580.0,6166.0,81414.0,81414.0,0.0,MIXED_LONG_AND_SHORT_UP,MM_STRUCTURE_CROWDED_LONG
2016-05-17,1276.199951171875,247059,34618,212441,0.9935897435897436,0.0097317244404,-0.0112342144174057,0.0185155236806664,0.0224323033931479,0.9935897435897436,0.28205128205128205,-0.0064102564102563875,-0.0064102564102563875,0.05128205128205132,-0.9038461538461539,0.019230769230769218,0.12179487179487178,0.10256410256410256,0.7371794871794872,-0.0064102564102563875,0.0064102564102563875,0.07051282051282037,-0.8141025641025642,72602.0,5060.0,67542.0,67542.0,0.0,MIXED_LONG_AND_SHORT_UP,MM_STRUCTURE_CROWDED_LONG
2016-05-24,1228.9000244140625,205180,48719,156461,0.9615384615384616,-0.0370631002723195,-0.0276920637106766,-0.0107067519566922,-0.005422427407137,0.967948717948718,0.40384615384615385,-0.02564102564102566,-0.03205128205128205,0.0641025641025641,-0.8397435897435898,0.14102564102564102,0.2371794871794872,0.26282051282051283,0.7115384615384617,-0.03205128205128205,-0.038461538461538436,0.0641025641025641,-0.7948717948717949,21045.0,18789.0,2256.0,2256.0,0.0,MIXED_LONG_AND_SHORT_UP,MM_STRUCTURE_CROWDED_LONG
2016-05-31,1214.800048828125,192160,43549,148611,0.935897435897436,-0.0114736555503449,-0.048111506576512,-0.0588052260130927,-0.0110712921814085,0.9551282051282052,0.391025641025641,-0.04487179487179482,-0.04487179487179482,-0.03205128205128205,-0.3076923076923076,0.21794871794871795,0.14743589743589744,0.19230769230769232,0.3653846153846154,-0.06410256410256399,-0.05128205128205121,-0.038461538461538436,-0.41025641025641024,5444.0,9591.0,-4147.0,-4147.0,0.0,MIXED_LONG_AND_SHORT_UP,MM_STRUCTURE_CROWDED_LONG
2016-06-07,1244.4000244140625,212061,34695,177366,0.9807692307692308,0.0243661297301489,0.0126129056001853,-0.0154284354959484,-0.0119104333088915,0.9807692307692307,0.2948717948717949,-0.012820512820512886,-0.019230769230769273,0.0,-0.1923076923076924,-0.019230769230769218,0.10256410256410256,0.15384615384615385,0.22435897435897434,-0.012820512820512775,-0.019230769230769162,0.0,-0.2435897435897435,9561.0,2829.0,6732.0,6732.0,0.0,MIXED_LONG_AND_SHORT_UP,MM_STRUCTURE_CROWDED_LONG
2016-06-14,1285.5999755859375,257500,28260,229240,1.0,0.0331082854094884,0.0582811359170678,0.007365636086595,0.0260175383766461,1.0,0.1282051282051282,0.0064102564102563875,0.0,0.0,-0.05769230769230771,-0.15384615384615385,-0.13461538461538464,-0.032051282051282076,-0.21794871794871798,0.0064102564102563875,0.0,0.012820512820512775,-0.07692307692307676,48839.0,-6294.0,55133.0,55133.0,0.0,LONG_BUILDING,MM_STRUCTURE_CROWDED_LONG
2016-06-21,1270.5,274936,24528,250408,1.0,-0.0117454697205134,0.0209739433251996,0.0338513912926092,0.0227822008859581,1.0,0.07051282051282051,0.03205128205128205,0.0064102564102563875,0.0,-0.08333333333333337,-0.33333333333333337,-0.19230769230769232,-0.09615384615384615,-0.3141025641025641,0.038461538461538436,0.0064102564102563875,0.0,-0.08974358974358976,68460.0,-9898.0,78358.0,78358.0,0.0,LONG_BUILDING,MM_STRUCTURE_CROWDED_LONG
2016-06-28,1315.300048828125,285895,24845,261050,1.0,0.0352617464211924,0.0231021109257965,0.0827296641097017,0.0190595015006505,1.0,0.07692307692307693,0.04487179487179482,0.0,0.0,-0.012820512820512775,-0.3141025641025641,-0.09615384615384615,-0.16666666666666666,-0.07051282051282051,0.06410256410256399,0.0,0.012820512820512775,-0.02564102564102555,37053.0,-5102.0,42155.0,42155.0,0.0,LONG_BUILDING,MM_STRUCTURE_CROWDED_LONG
2016-07-05,1356.4000244140625,300070,26994,273076,1.0,0.0312476043945681,0.0676111959181917,0.0900032126347283,0.0731861683782169,1.0,0.11538461538461539,0.019230769230769273,0.0064102564102563875,0.0,-0.0064102564102564985,-0.1794871794871795,-0.1987179487179487,-0.07692307692307693,-0.3717948717948718,0.019230769230769162,0.0064102564102563875,0.0,-0.0064102564102563875,53288.0,-8597.0,61885.0,61885.0,0.0,LONG_BUILDING,MM_STRUCTURE_CROWDED_LONG
2016-07-12,1334.0999755859375,296106,36977,259129,0.9871794871794872,-0.0164406137029953,0.0142932608985777,0.0377255763231445,0.045369085276093,0.9935897435897436,0.3782051282051282,-0.0064102564102563875,0.0,-0.0064102564102563875,0.0064102564102563875,0.25,0.09615384615384615,0.11538461538461536,-0.025641025641025633,-0.012820512820512775,-0.0064102564102563875,-0.012820512820512775,-0.012820512820512775,49047.0,2359.0,46688.0,46688.0,0.0,MIXED_LONG_AND_SHORT_UP,MM_STRUCTURE_CROWDED_LONG
2016-07-19,1331.5,287317,34920,252397,0.9807692307692308,-0.001948861129988,-0.0183574343599844,0.0480125934671389,0.0834892778481772,0.9871794871794872,0.3269230769230769,-0.012820512820512775,0.019230769230769273,-0.0064102564102563875,0.05128205128205132,0.2564102564102564,-0.07692307692307693,0.0641025641025641,-0.3141025641025641,-0.019230769230769162,0.019230769230769273,-0.012820512820512775,0.05769230769230771,82137.0,-13799.0,95936.0,95936.0,0.0,LONG_BUILDING,MM_STRUCTURE_CROWDED_LONG
2016-07-26,1320.699951171875,278777,31356,247421,0.967948717948718,-0.0081111895066654,-0.0100442430547059,0.004105452857362,0.0871747597029717,0.9743589743589743,0.22435897435897437,-0.02564102564102566,0.019230769230769162,-0.02564102564102566,0.06410256410256399,0.14743589743589744,-0.16666666666666666,0.051282051282051294,-0.3141025641025641,-0.03205128205128205,0.03205128205128194,-0.03205128205128205,0.08333333333333315,86617.0,-12193.0,98810.0,98810.0,0.0,LONG_BUILDING,MM_STRUCTURE_CROWDED_LONG
2016-08-02,1364.4000244140625,288542,33813,254729,0.9807692307692308,0.0330885703474221,0.0247089931761641,0.0058979650958468,0.0964320135372089,0.9871794871794872,0.28846153846153844,-0.012820512820512775,0.0064102564102564985,-0.0064102564102563875,0.025641025641025772,0.17307692307692304,-0.006410256410256443,-0.02564102564102566,-0.108974358974359,-0.019230769230769162,0.0,-0.012820512820512775,0.019230769230769162,76481.0,-882.0,77363.0,77363.0,0.0,LONG_BUILDING,MM_STRUCTURE_CROWDED_LONG
2016-08-09,1339.0,281496,36244,245252,0.9551282051282052,-0.0186162591318996,0.0138563258156305,0.0036729064565872,0.0415370452925876,0.967948717948718,0.38461538461538464,-0.02564102564102566,-0.03205128205128205,-0.02564102564102566,-0.03205128205128205,0.006410256410256443,0.25641025641025644,0.10256410256410259,0.3910256410256411,-0.03205128205128205,-0.04487179487179482,-0.038461538461538436,-0.04487179487179482,23996.0,7984.0,16012.0,16012.0,0.0,MIXED_LONG_AND_SHORT_UP,MM_STRUCTURE_CROWDED_LONG
2016-08-16,1350.5,277152,34425,242727,0.9487179487179488,0.008588498879761,-0.0101876459728383,0.0142696207285017,0.0629673356946083,0.9551282051282052,0.3076923076923077,-0.03205128205128205,-0.04487179487179482,-0.012820512820512775,-0.05128205128205121,-0.019230769230769218,0.2371794871794872,-0.09615384615384615,0.4294871794871795,-0.03205128205128205,-0.05128205128205121,-0.012820512820512775,-0.0576923076923076,2216.0,9897.0,-7681.0,-7681.0,0.0,MIXED_LONG_AND_SHORT_UP,MM_STRUCTURE_CROWDED_LONG
2016-08-23,1340.5999755859375,284550,30866,253684,0.9743589743589745,-0.0073306363673176,0.0011949033502147,0.015067786135984,0.0192350990789924,0.967948717948718,0.21153846153846154,-0.0064102564102563875,-0.03205128205128205,0.012820512820512775,-0.03205128205128205,-0.01282051282051283,0.1346153846153846,-0.1794871794871795,0.23076923076923075,0.0064102564102564985,-0.02564102564102555,0.038461538461538436,-0.02564102564102555,-1345.0,6021.0,-7366.0,-7366.0,0.0,SHORT_BUILDING,MM_STRUCTURE_CROWDED_LONG
2016-08-30,1311.699951171875,266680,35086,231594,0.935897435897436,-0.021557530165873,-0.0287301361185672,-0.0386250896358781,-0.0329549339705276,0.9358974358974359,0.36538461538461536,-0.05128205128205132,-0.0641025641025641,-0.04487179487179482,-0.07051282051282048,0.07692307692307693,0.24999999999999997,0.07051282051282048,0.4487179487179487,-0.04487179487179482,-0.06410256410256399,-0.04487179487179482,-0.07051282051282037,-33390.0,8092.0,-41482.0,-41482.0,0.0,LONG_LIQUIDATION,MM_STRUCTURE_CROWDED_LONG
2016-09-06,1349.4000244140625,291692,22157,269535,0.9935897435897436,0.0287413849550777,0.0065642615160266,0.0077670085243184,0.0114684424766631,0.9871794871794872,0.057692307692307696,0.019230769230769273,-0.0064102564102563875,-0.012820512820512775,-0.0064102564102563875,-0.3269230769230769,-0.3205128205128205,-0.0705128205128205,-0.41666666666666663,0.038461538461538436,0.0064102564102563875,-0.0064102564102563875,0.012820512820512775,-4414.0,-14820.0,10406.0,10406.0,0.0,MIXED_LONG_AND_SHORT_DOWN,MM_STRUCTURE_CROWDED_LONG
2016-09-13,1319.0,271631,28654,242977,0.935897435897436,-0.0225285488839848,0.0055653343751389,-0.0233246945575712,-0.0093879083740142,0.9294871794871795,0.16666666666666666,-0.02564102564102566,-0.05769230769230771,-0.07051282051282048,-0.07692307692307698,-0.14102564102564105,-0.16025641025641027,0.09615384615384615,-0.08333333333333334,-0.012820512820512775,-0.04487179487179482,-0.06410256410256399,-0.0641025641025641,-15686.0,-6266.0,-9420.0,-9420.0,0.0,MIXED_LONG_AND_SHORT_DOWN,MM_STRUCTURE_CROWDED_LONG
2016-09-20,1313.699951171875,246119,32972,213147,0.903846153846154,-0.0040182326217779,-0.0264562565557157,-0.0200656608264558,-0.0053002197764819,0.8910256410256411,0.28846153846153844,-0.07692307692307687,-0.08333333333333326,-0.10897435897435892,-0.10256410256410242,0.0769230769230769,0.06410256410256407,0.2115384615384615,0.23076923076923073,-0.07051282051282048,-0.06410256410256399,-0.09615384615384603,-0.09615384615384592,-32658.0,1616.0,-34274.0,-34274.0,0.0,LONG_LIQUIDATION,MM_STRUCTURE_CROWDED_LONG
2016-09-27,1325.9000244140625,282151,26974,255177,0.9743589743589745,0.0092868034525726,0.0052312542942096,0.0108257023486972,-0.0282175310107706,0.9551282051282052,0.12179487179487179,0.019230769230769273,-0.03205128205128205,-0.04487179487179482,-0.03846153846153855,-0.24358974358974356,-0.16666666666666663,0.006410256410256401,-0.1602564102564102,0.038461538461538436,-0.0064102564102563875,-0.02564102564102555,-0.0064102564102563875,-6391.0,-6839.0,448.0,448.0,0.0,MIXED_LONG_AND_SHORT_DOWN,MM_STRUCTURE_CROWDED_LONG
2016-10-04,1266.300048828125,244765,44649,200116,0.8782051282051282,-0.0449505803518449,-0.0360812241040789,-0.0615829065380528,-0.0542942129737676,0.8782051282051282,0.47435897435897434,-0.10897435897435903,-0.08974358974358976,-0.11538461538461542,-0.05769230769230771,0.41666666666666663,0.0897435897435897,0.09615384615384615,-0.16666666666666674,-0.11538461538461542,-0.07692307692307698,-0.10897435897435903,-0.03205128205128216,-36731.0,8405.0,-45136.0,-45136.0,0.0,LONG_LIQUIDATION,MM_STRUCTURE_CROWDED_LONG
2016-10-11,1253.0,203033,54240,148793,0.8205128205128205,-0.0105030785084729,-0.0549815393858811,-0.0500379075056861,-0.0721954831543872,0.8461538461538461,0.5256410256410257,-0.08333333333333337,-0.10897435897435903,-0.14102564102564108,-0.06410256410256421,0.35897435897435903,0.21794871794871795,0.19871794871794873,-0.019230769230769246,-0.11538461538461553,-0.1282051282051283,-0.16025641025641035,-0.0769230769230771,-74119.0,19815.0,-93934.0,-93934.0,0.0,LONG_LIQUIDATION,MM_STRUCTURE_CROWDED_LONG
2016-10-18,1260.800048828125,190008,59054,130954,0.7884615384615384,0.0062250988253191,-0.0043433623848391,-0.0402678726573454,-0.0595255320088561,0.8269230769230769,0.5641025641025641,-0.06410256410256421,-0.14102564102564108,-0.14743589743589747,-0.10897435897435903,0.27564102564102566,0.35256410256410253,0.33974358974358976,0.21794871794871792,-0.11538461538461553,-0.18589743589743601,-0.17948717948717952,-0.16025641025641046,-94542.0,28188.0,-122730.0,-122730.0,0.0,LONG_LIQUIDATION,MM_STRUCTURE_LONG_LIQUIDATION
2016-10-25,1271.9000244140625,199094,55184,143910,0.7948717948717948,0.0088039143052498,0.0150838183671688,-0.0407270525723563,-0.030342249172347,0.8333333333333334,0.532051282051282,-0.1217948717948718,-0.10256410256410253,-0.15384615384615385,-0.038461538461538436,0.41025641025641024,0.16666666666666669,0.2435897435897436,-0.08333333333333329,-0.17948717948717963,-0.1410256410256412,-0.18589743589743601,-0.0769230769230772,-67586.0,20098.0,-87684.0,-87684.0,0.0,LONG_LIQUIDATION,MM_STRUCTURE_LONG_LIQUIDATION
2016-11-01,1286.4000244140625,203670,37403,166267,0.8461538461538461,0.0114002670977853,0.0203045483776209,0.0158729959811172,-0.0466874157849196,0.8461538461538461,0.41025641025641024,-0.03205128205128205,-0.14102564102564108,-0.1217948717948718,-0.1346153846153847,-0.0641025641025641,0.35256410256410253,0.025641025641025605,0.673076923076923,-0.03205128205128205,-0.14743589743589747,-0.10897435897435903,-0.15384615384615385,-88022.0,15246.0,-103268.0,-103268.0,0.0,LONG_LIQUIDATION,MM_STRUCTURE_CROWDED_LONG
2016-11-08,1273.4000244140625,211670,38033,173637,0.8589743589743589,-0.0101057212012424,0.0011793379756328,0.0162809452626198,-0.0345716266762224,0.8653846153846154,0.4166666666666667,0.019230769230769273,-0.0641025641025641,-0.08974358974358976,-0.0064102564102563875,-0.10897435897435898,0.25,0.10897435897435898,0.41025641025641024,0.038461538461538436,-0.0769230769230771,-0.08974358974358987,-0.03205128205128227,-59961.0,9379.0,-69340.0,-69340.0,0.0,LONG_LIQUIDATION,MM_STRUCTURE_CROWDED_LONG
2016-11-15,1224.0,178132,43452,134680,0.7756410256410257,-0.0387937988589196,-0.0485074807445568,-0.0291878548563901,-0.0682803946912374,0.7884615384615384,0.44871794871794873,-0.038461538461538436,-0.10256410256410264,-0.17948717948717952,-0.019230769230769384,-0.11538461538461536,0.1602564102564103,0.2371794871794872,0.09615384615384623,-0.012820512820512775,-0.1282051282051283,-0.1987179487179488,-0.06410256410256432,-67987.0,10480.0,-78467.0,-78467.0,0.0,LONG_LIQUIDATION,MM_STRUCTURE_LONG_LIQUIDATION
2016-11-22,1211.0,171864,47475,124389,0.7243589743589743,-0.0106209150326797,-0.0490026882501238,-0.0478811410056524,-0.086658135831047,0.7692307692307693,0.47435897435897434,-0.0641025641025641,-0.1858974358974359,-0.16666666666666663,-0.15384615384615385,-0.05769230769230771,0.35256410256410253,0.10897435897435898,0.5192307692307692,-0.07051282051282048,-0.2500000000000001,-0.21153846153846168,-0.24358974358974372,-110287.0,20501.0,-130788.0,-130788.0,0.0,LONG_LIQUIDATION,MM_STRUCTURE_LONG_LIQUIDATION
2016-11-29,1187.9000244140625,162086,55145,106941,0.6602564102564102,-0.0190751243484207,-0.029493444106158,-0.0765702721786447,-0.061912675820092,0.7564102564102564,0.5384615384615384,-0.08974358974358976,-0.1217948717948718,-0.23076923076923084,-0.03205128205128205,0.1282051282051282,0.0641025641025641,0.4807692307692307,-0.025641025641025605,-0.1858974358974359,-0.21794871794871795,-0.33333333333333337,-0.14102564102564097,-82679.0,10496.0,-93175.0,-93175.0,0.0,LONG_LIQUIDATION,MM_STRUCTURE_LONG_LIQUIDATION
2016-12-06,1167.5999755859375,150856,68538,82318,0.5448717948717948,-0.0170890213072755,-0.0358381704492671,-0.0830846920054108,-0.0681564440654928,0.717948717948718,0.6602564102564102,-0.14743589743589747,-0.1282051282051282,-0.21153846153846156,-0.019230769230769162,0.24358974358974356,0.13461538461538458,0.4935897435897436,-0.08333333333333337,-0.3141025641025641,-0.27564102564102566,-0.3910256410256412,-0.14743589743589736,-52177.0,14298.0,-66475.0,-66475.0,0.0,LONG_LIQUIDATION,MM_STRUCTURE_LONG_LIQUIDATION
2016-12-13,1156.699951171875,146150,77432,68718,0.4615384615384615,-0.009335409936603,-0.0262648982245597,-0.0549837000229779,-0.0825666986236302,0.6858974358974359,0.7692307692307693,-0.10256410256410253,-0.14102564102564097,-0.20512820512820518,1.1102230246251565e-16,0.32051282051282054,0.20512820512820518,0.48076923076923084,-0.14743589743589736,-0.31410256410256415,-0.3269230769230769,-0.44230769230769246,-0.1410256410256409,-43858.0,18378.0,-62236.0,-62236.0,0.0,LONG_LIQUIDATION,MM_STRUCTURE_LONG_LIQUIDATION
2016-12-20,1131.5,137588,83783,53805,0.3782051282051282,-0.0217860743802612,-0.0309181023816152,-0.0656482246077622,-0.1103860537141996,0.6602564102564102,0.8589743589743589,-0.10897435897435903,-0.17307692307692313,-0.29487179487179493,-0.0705128205128206,0.3846153846153846,0.32692307692307687,0.7371794871794871,0.1602564102564102,-0.34615384615384615,-0.41666666666666663,-0.5961538461538463,-0.27564102564102544,-61506.0,28599.0,-90105.0,-90105.0,0.0,LONG_LIQUIDATION,MM_STRUCTURE_LONG_LIQUIDATION
2016-12-27,1137.300048828125,130595,87229,43366,0.3076923076923077,0.005125982172448,-0.016771767236694,-0.0425961567017361,-0.1159048295679646,0.6025641025641025,0.8782051282051282,-0.15384615384615385,-0.2435897435897436,-0.27564102564102566,-0.10256410256410253,0.33974358974358976,0.46794871794871795,0.40384615384615385,0.11538461538461542,-0.35256410256410253,-0.5384615384615384,-0.5705128205128205,-0.39102564102564097,-73075.0,49826.0,-122901.0,-122901.0,0.0,LONG_LIQUIDATION,MM_STRUCTURE_LONG_LIQUIDATION
2017-01-03,1160.4000244140625,127786,91229,36557,0.2371794871794871,0.0203112411801438,0.0255413384127816,-0.0061664536848434,-0.0887388077850833,0.5512820512820513,0.8910256410256411,-0.16666666666666663,-0.3141025641025641,-0.2948717948717948,-0.25,0.23076923076923084,0.4743589743589744,0.3653846153846154,0.2243589743589744,-0.3076923076923077,-0.6217948717948718,-0.5833333333333334,-0.5448717948717947,-83884.0,53196.0,-137080.0,-137080.0,0.0,LONG_LIQUIDATION,MM_STRUCTURE_LONG_LIQUIDATION
2017-01-10,1184.199951171875,135563,79884,55679,0.391025641025641,0.0205101053577021,0.0412379322343965,0.0237745319969446,-0.0325163797615399,0.6410256410256411,0.7948717948717948,-0.04487179487179482,-0.14743589743589736,-0.1858974358974358,-0.04487179487179471,0.02564102564102555,0.3461538461538461,0.23076923076923073,0.1858974358974358,-0.07051282051282048,-0.38461538461538464,-0.3974358974358974,-0.25641025641025633,-42569.0,36432.0,-79001.0,-79001.0,0.0,LONG_LIQUIDATION,MM_STRUCTURE_LONG_LIQUIDATION
2017-01-17,1212.0,141566,82931,58635,0.3974358974358974,0.0234758064299989,0.0444674030509371,0.0711444984533804,0.000825763831544,0.6794871794871795,0.8269230769230769,0.019230769230769273,-0.08974358974358976,-0.15384615384615385,0.09615384615384615,-0.03205128205128205,0.35256410256410253,0.2948717948717948,0.0,0.019230769230769218,-0.3269230769230769,-0.3974358974358974,-0.07692307692307682,-30298.0,35456.0,-65754.0,-65754.0,0.0,SHORT_BUILDING,MM_STRUCTURE_LONG_LIQUIDATION
2017-01-24,1210.300048828125,135159,75405,59754,0.3974358974358974,-0.0014025999767945,0.0220402792876504,0.064187107065738,0.0188568262931987,0.6282051282051282,0.7371794871794872,0.02564102564102566,-0.1282051282051282,-0.21794871794871795,-0.0064102564102563875,-0.14102564102564097,0.1987179487179488,0.326923076923077,0.1346153846153847,0.0897435897435897,-0.26282051282051283,-0.44871794871794873,-0.04487179487179488,-26927.0,20260.0,-47187.0,-47187.0,0.0,LONG_LIQUIDATION,MM_STRUCTURE_LONG_LIQUIDATION
2017-01-31,1208.5999755859375,140663,70826,69837,0.4679487179487179,-0.0014046708862266,-0.0028053006716687,0.0415373579436222,0.0351147660648287,0.6602564102564102,0.6730769230769231,0.10897435897435892,-0.05769230769230771,-0.20512820512820518,0.07051282051282048,-0.21794871794871795,0.012820512820512886,0.25641025641025644,-0.1217948717948717,0.2307692307692308,-0.07692307692307693,-0.391025641025641,0.19871794871794873,-10193.0,2288.0,-12481.0,-12481.0,0.0,LONG_LIQUIDATION,MM_STRUCTURE_LONG_LIQUIDATION
2017-02-07,1234.199951171875,142542,72393,70149,0.4679487179487179,0.0211815125790701,0.0197470886387975,0.042222599275165,0.067000953809571,0.6794871794871795,0.6987179487179487,0.038461538461538436,-0.0064102564102563875,-0.10897435897435892,0.13461538461538458,-0.09615384615384615,-0.0705128205128206,0.24999999999999994,-0.27564102564102577,0.07692307692307687,0.0064102564102563875,-0.30769230769230776,0.3333333333333333,-3608.0,-5039.0,1431.0,1431.0,0.0,MIXED_LONG_AND_SHORT_DOWN,MM_STRUCTURE_SHORT_COVERING_RALLY
2017-02-14,1223.9000244140625,135739,72114,63625,0.4294871794871794,-0.0083454279414229,0.0126593158507284,0.0098185019918006,0.0816615328449514,0.6282051282051282,0.6923076923076923,-0.05128205128205132,-0.03205128205128205,-0.14102564102564108,0.14102564102564108,-0.13461538461538458,-0.16666666666666663,0.21794871794871795,-0.4935897435897435,0.03205128205128199,0.05128205128205121,-0.29487179487179493,0.46794871794871784,-1849.0,-11669.0,9820.0,9820.0,0.0,MIXED_LONG_AND_SHORT_DOWN,MM_STRUCTURE_SHORT_COVERING_RALLY
2017-02-21,1237.5,142639,64597,78042,0.5064102564102564,0.0111119987863783,0.0026738364597986,0.0224737255841733,0.0881033560801489,0.6794871794871795,0.6217948717948718,0.05128205128205132,0.07692307692307698,-0.07692307692307687,0.3205128205128206,-0.11538461538461542,-0.2564102564102564,0.08333333333333337,-0.7243589743589743,0.10897435897435898,0.19871794871794868,-0.15384615384615385,0.7371794871794871,12044.0,-22632.0,34676.0,34676.0,0.0,SHORT_COVERING,MM_STRUCTURE_ACCUMULATION
2017-02-28,1252.5999755859375,166437,52191,114246,0.6858974358974359,0.0122020004734848,0.0234495878743159,0.0364057594645146,0.079455316470224,0.7564102564102564,0.5,0.09615384615384615,0.20512820512820507,0.038461538461538436,0.5192307692307692,-0.17307692307692313,-0.3910256410256411,-0.16025641025641024,-0.8653846153846154,0.217948717948718,0.4487179487179488,0.14102564102564108,1.0705128205128207,38651.0,-39038.0,77689.0,77689.0,0.0,SHORT_COVERING,MM_STRUCTURE_ACCUMULATION
2017-03-07,1215.0999755859375,150277,60030,90247,0.5769230769230769,-0.0299377301061005,-0.0181010298295454,-0.015475592563265,0.0260935869685554,0.7051282051282052,0.5769230769230769,0.02564102564102566,0.0641025641025641,0.019230769230769273,0.21153846153846145,-0.1217948717948718,-0.21794871794871795,-0.1923076923076924,-0.5641025641025641,0.10897435897435898,0.18589743589743585,0.11538461538461536,0.5705128205128205,14714.0,-19854.0,34568.0,34568.0,0.0,SHORT_COVERING,MM_STRUCTURE_ACCUMULATION
2017-03-14,1201.9000244140625,121179,74805,46374,0.3076923076923077,-0.0108632634656335,-0.0404757721220285,-0.0179753244228689,-0.0083333131897174,0.4230769230769231,0.7243589743589743,-0.20512820512820512,-0.25641025641025644,-0.23717948717948717,-0.16666666666666669,0.03205128205128205,-0.10256410256410253,-0.13461538461538458,-0.45512820512820507,-0.1217948717948717,-0.0897435897435897,-0.07051282051282048,0.23717948717948723,-20387.0,-8126.0,-12261.0,-12261.0,0.0,MIXED_LONG_AND_SHORT_DOWN,MM_STRUCTURE_LONG_LIQUIDATION
2017-03-21,1246.0999755859375,130259,74064,56195,0.3782051282051282,0.0367750647092488,0.0255123040267131,0.0069494752209595,0.0295793814042029,0.5448717948717948,0.7115384615384616,-0.1346153846153847,-0.08333333333333337,-0.05769230769230771,0.04487179487179482,0.08974358974358976,-0.02564102564102566,-0.16666666666666663,-0.22435897435897445,-0.1282051282051282,-0.019230769230769218,0.07051282051282048,0.2435897435897436,-4900.0,-1341.0,-3559.0,-3559.0,0.0,MIXED_LONG_AND_SHORT_DOWN,MM_STRUCTURE_LONG_LIQUIDATION
2017-03-28,1255.300048828125,150879,59836,91043,0.6153846153846154,0.0073830939912036,0.0444296724597335,0.0021555750397683,0.0386398098506886,0.7115384615384616,0.5576923076923077,-0.04487179487179482,0.05128205128205132,0.16025641025641024,0.10897435897435903,0.05769230769230771,-0.11538461538461542,-0.33333333333333337,-0.1282051282051283,-0.07051282051282048,0.14743589743589752,0.3782051282051283,0.22435897435897445,10216.0,-10990.0,21206.0,21206.0,0.0,SHORT_COVERING,MM_STRUCTURE_ACCUMULATION
2017-04-04,1255.0,163428,54302,109126,0.6794871794871795,-0.000239025584684,0.0071423036581614,0.0328368243072527,0.0168530624299372,0.75,0.5,0.04487179487179482,0.07051282051282048,0.10897435897435892,0.07692307692307687,-0.07692307692307687,-0.19871794871794868,-0.2948717948717948,-0.12820512820512808,0.10256410256410264,0.21153846153846162,0.2884615384615385,0.20512820512820523,20886.0,-18091.0,38977.0,38977.0,0.0,LONG_BUILDING,MM_STRUCTURE_ACCUMULATION
2017-04-11,1271.199951171875,179841,46830,133011,0.7628205128205128,0.0129083276269921,0.0126662166217497,0.0576586449372915,0.0386468876658918,0.7884615384615384,0.42948717948717946,0.36538461538461536,0.16025641025641024,0.10897435897435892,0.1923076923076923,-0.2948717948717949,-0.26282051282051283,-0.3974358974358974,-0.0961538461538462,0.45512820512820507,0.33333333333333337,0.36538461538461536,0.28205128205128216,44102.0,-25284.0,69386.0,69386.0,0.0,LONG_BUILDING,MM_STRUCTURE_ACCUMULATION
2017-04-18,1291.699951171875,199001,47765,151236,0.8076923076923077,0.0161264952701594,0.0292429889815737,0.0365941549469139,0.043797940340909,0.8141025641025641,0.4358974358974359,0.2692307692307693,0.13461538461538458,0.1858974358974359,0.0576923076923076,-0.27564102564102566,-0.1858974358974359,-0.3012820512820513,0.07051282051282048,0.4294871794871795,0.3012820512820513,0.4102564102564103,0.10256410256410264,56362.0,-16832.0,73194.0,73194.0,0.0,LONG_BUILDING,MM_STRUCTURE_CROWDED_LONG
2017-04-25,1265.5999755859375,207394,47014,160380,0.8333333333333334,-0.0202059120326347,-0.0044052673072989,0.0082051512444598,0.0103784131034481,0.8525641025641025,0.4230769230769231,0.14102564102564097,0.09615384615384615,0.1923076923076923,-0.10897435897435892,-0.13461538461538464,-0.07692307692307693,-0.25000000000000006,0.31410256410256415,0.21794871794871795,0.14743589743589747,0.3653846153846155,-0.3012820512820513,40957.0,-5177.0,46134.0,46134.0,0.0,LONG_BUILDING,MM_STRUCTURE_CROWDED_LONG
2017-05-02,1255.0999755859375,195331,51720,143611,0.7628205128205128,-0.008296460337034,-0.0283347348219163,7.966182146423861e-05,0.0329191019699521,0.8012820512820513,0.46153846153846156,0.05128205128205132,0.09615384615384615,0.1217948717948718,0.03205128205128205,-0.038461538461538436,-0.11538461538461531,-0.23717948717948711,0.10256410256410264,0.08333333333333326,0.1858974358974359,0.2948717948717949,5.551115123125783e-17,45054.0,-8310.0,53364.0,53364.0,0.0,LONG_BUILDING,MM_STRUCTURE_ACCUMULATION
2017-05-09,1214.300048828125,151419,55457,95962,0.6025641025641025,-0.0325073122073524,-0.0405340769179946,-0.0447607807814152,0.0103170181896847,0.6794871794871795,0.5128205128205128,-0.10897435897435892,0.25641025641025644,0.05128205128205132,0.5128205128205129,0.08333333333333331,-0.21153846153846156,-0.17948717948717952,-0.10897435897435903,-0.16025641025641024,0.2948717948717948,0.17307692307692313,0.3846153846153845,30240.0,-19348.0,49588.0,49588.0,0.0,LONG_BUILDING,MM_STRUCTURE_ACCUMULATION
2017-05-16,1235.0,132094,66226,65868,0.4487179487179487,0.0170468173758633,-0.0160146410460679,-0.0438956052606759,-0.0089077728941596,0.5128205128205128,0.6089743589743589,-0.3012820512820513,-0.03205128205128205,-0.16666666666666674,0.05128205128205132,0.17307692307692302,-0.10256410256410264,-0.012820512820512886,-0.07692307692307698,-0.35897435897435903,0.07051282051282048,-0.05769230769230771,0.0897435897435897,1835.0,-7838.0,9673.0,9673.0,0.0,SHORT_COVERING,MM_STRUCTURE_SHORT_COVERING_RALLY
2017-05-23,1254.800048828125,161893,50845,111048,0.6538461538461539,0.0160324282009109,0.0333525474524067,-0.0085334441894346,-0.0003983111451854,0.7115384615384616,0.4358974358974359,-0.14102564102564097,0.0,-0.04487179487179482,-0.05128205128205132,0.01282051282051283,-0.1217948717948718,-0.0641025641025641,-0.0064102564102563875,-0.17948717948717952,0.038461538461538436,-0.03205128205128205,-0.10897435897435909,11014.0,-8991.0,20005.0,20005.0,0.0,LONG_BUILDING,MM_STRUCTURE_SHORT_COVERING_RALLY
2017-05-30,1262.0999755859375,175304,51171,124133,0.6923076923076923,0.0058176015888986,0.021943300069585,0.0055772449495363,0.0056573510644919,0.7564102564102564,0.44871794871794873,-0.044871794871794934,0.0064102564102563875,0.05128205128205121,-0.0641025641025641,-0.01282051282051283,-0.051282051282051266,-0.12820512820512814,0.1474358974358974,-0.07051282051282048,0.012820512820512775,0.11538461538461542,-0.19871794871794884,11876.0,-3131.0,15007.0,15007.0,0.0,LONG_BUILDING,MM_STRUCTURE_ACCUMULATION
2017-06-06,1294.4000244140625,229476,63427,166049,0.8333333333333334,0.0255923060398837,0.0315587934690633,0.0659639070781878,0.0182505303125604,0.8717948717948718,0.5897435897435898,0.1923076923076923,0.08333333333333337,0.44871794871794873,-0.07692307692307687,0.07692307692307698,0.1602564102564103,-0.13461538461538458,0.42307692307692313,0.23076923076923084,0.0705128205128206,0.5256410256410257,-0.2628205128205128,49635.0,16597.0,33038.0,33038.0,0.0,MIXED_LONG_AND_SHORT_UP,MM_STRUCTURE_CROWDED_LONG
2017-06-13,1265.800048828125,214955,67459,147496,0.7692307692307693,-0.0220951599555816,0.0029316799887186,0.0249393107920039,-0.0200510206106709,0.8653846153846154,0.6217948717948718,0.35256410256410264,0.05128205128205132,0.3205128205128206,-0.08333333333333326,0.012820512820512886,0.1858974358974359,-0.08974358974358976,0.3717948717948718,0.3205128205128206,-0.038461538461538436,0.3910256410256411,-0.33974358974358976,15954.0,19694.0,-3740.0,-3740.0,0.0,MIXED_LONG_AND_SHORT_UP,MM_STRUCTURE_SHORT_BUILDING
2017-06-20,1241.0,165035,65659,99376,0.5833333333333334,-0.0195923904814863,-0.0412546534354673,-0.0109978070538114,-0.0194374020705463,0.7051282051282052,0.6089743589743589,-0.0064102564102563875,-0.14743589743589736,-0.0064102564102563875,-0.2435897435897435,0.17307692307692302,0.18589743589743585,0.05128205128205121,0.2628205128205128,-0.07051282051282048,-0.25,-0.03205128205128205,-0.39743589743589747,-42359.0,18645.0,-61004.0,-61004.0,0.0,LONG_LIQUIDATION,MM_STRUCTURE_LONG_LIQUIDATION
2017-06-27,1246.4000244140625,144515,71860,72655,0.4679487179487179,0.0043513492458198,-0.0153262945692117,-0.0124395463715829,-0.0069316798192219,0.5897435897435898,0.6730769230769231,-0.16666666666666663,-0.21153846153846156,-0.16025641025641024,-0.3076923076923077,0.2243589743589744,0.21153846153846156,0.17307692307692313,0.32692307692307687,-0.2243589743589744,-0.2948717948717949,-0.21153846153846162,-0.4807692307692308,-50816.0,20140.0,-70956.0,-70956.0,0.0,LONG_LIQUIDATION,MM_STRUCTURE_LONG_LIQUIDATION
2017-07-03,1217.9000244140625,129780,96091,33689,0.2115384615384615,-0.0228658532106479,-0.0186140012779512,-0.0591007405416492,0.0029646507791971,0.46153846153846156,0.9038461538461539,-0.41025641025641024,-0.21794871794871795,-0.32692307692307687,-0.4743589743589744,0.3141025641025641,0.3910256410256411,0.4743589743589744,0.6025641025641026,-0.6217948717948718,-0.391025641025641,-0.5512820512820513,-0.6858974358974359,-21639.0,40634.0,-62273.0,-62273.0,0.0,SHORT_BUILDING,MM_STRUCTURE_LONG_LIQUIDATION
2017-07-11,1213.5999755859375,123619,100397,23222,0.1666666666666666,-0.0035307075637787,-0.0263158281335436,-0.0412387985689479,-0.0173279549911437,0.36538461538461536,0.9166666666666666,-0.5,-0.1474358974358974,-0.44871794871794873,-0.11538461538461536,0.2948717948717948,0.3076923076923077,0.4807692307692307,0.41025641025641035,-0.6025641025641026,-0.28205128205128205,-0.6410256410256411,-0.35256410256410253,-8475.0,34171.0,-42646.0,-42646.0,0.0,SHORT_BUILDING,MM_STRUCTURE_LONG_LIQUIDATION
2017-07-18,1241.0999755859375,127028,98115,28913,0.1858974358974359,0.0226598554327777,0.0190491425460284,8.056050438165485e-05,-0.0109181325383133,0.4230769230769231,0.8974358974358975,-0.2820512820512821,-0.2884615384615385,-0.42948717948717946,-0.2884615384615385,0.28846153846153855,0.46153846153846156,0.4743589743589744,0.5833333333333334,-0.39743589743589747,-0.46794871794871795,-0.6474358974358975,-0.5064102564102564,-34865.0,47270.0,-82135.0,-82135.0,0.0,SHORT_BUILDING,MM_STRUCTURE_LONG_LIQUIDATION
2017-07-25,1251.699951171875,136359,62735,73624,0.5,0.0085407910679662,0.0313941795916257,0.0042521876235552,-0.0082402540331515,0.5576923076923077,0.5512820512820513,-0.03205128205128205,-0.19871794871794868,-0.2435897435897436,-0.20512820512820507,-0.1217948717948718,0.10256410256410259,0.08974358974358976,0.15384615384615385,0.032051282051282104,-0.1923076923076923,-0.2628205128205128,-0.20512820512820507,-38945.0,11564.0,-50509.0,-50509.0,0.0,LONG_LIQUIDATION,MM_STRUCTURE_LONG_LIQUIDATION
2017-08-01,1272.5999755859375,158082,39624,118458,0.6858974358974359,0.0166973118393871,0.0253807111591704,0.0449133344899894,-0.016841817380213,0.6666666666666666,0.30128205128205127,0.20512820512820507,-0.20512820512820518,-0.012820512820512886,-0.28846153846153855,-0.6025641025641026,-0.2884615384615385,-0.2115384615384615,-0.4487179487179488,0.4743589743589744,-0.14743589743589747,0.08333333333333337,-0.21794871794871806,-71394.0,-23803.0,-47591.0,-47591.0,0.0,MIXED_LONG_AND_SHORT_DOWN,MM_STRUCTURE_LONG_LIQUIDATION
2017-08-08,1256.4000244140625,164828,28843,135985,0.7435897435897436,-0.0127298062884341,0.0037549520057,0.0352670152349505,-0.0074261526713994,0.6987179487179487,0.08333333333333333,0.3333333333333333,-0.16666666666666674,0.1858974358974359,-0.21794871794871806,-0.8333333333333333,-0.5384615384615384,-0.5256410256410255,-0.7243589743589743,0.576923076923077,-0.02564102564102566,0.29487179487179493,0.012820512820512775,-50127.0,-38616.0,-11511.0,-11511.0,0.0,MIXED_LONG_AND_SHORT_DOWN,MM_STRUCTURE_LONG_LIQUIDATION
2017-08-15,1273.699951171875,195433,18877,176556,0.8653846153846154,0.0137694415963423,0.0008643529836869,0.0262670020362756,0.0263496786235899,0.7884615384615384,0.0,0.36538461538461536,0.08333333333333326,0.07692307692307687,0.23076923076923062,-0.8974358974358975,-0.6089743589743589,-0.4358974358974359,-0.7948717948717947,0.6794871794871795,0.28205128205128205,0.21153846153846156,0.532051282051282,30398.0,-46782.0,77180.0,77180.0,0.0,SHORT_COVERING,MM_STRUCTURE_ACCUMULATION
2017-08-22,1285.0999755859375,209717,15638,194079,0.8717948717948718,0.0089503217799244,0.0228430043092839,0.0266837306998315,0.0310493825528188,0.8461538461538461,0.0,0.28846153846153844,0.2564102564102564,0.08974358974358976,0.46794871794871795,-0.5512820512820513,-0.6730769230769231,-0.44871794871794873,-0.8846153846153847,0.3717948717948718,0.4038461538461539,0.17948717948717952,0.6987179487179488,65202.0,-56222.0,121424.0,121424.0,0.0,LONG_BUILDING,MM_STRUCTURE_CROWDED_LONG
2017-08-29,1313.0999755859375,235065,13939,221126,0.903846153846154,0.0217881881036015,0.0309335211780548,0.0318246116430678,0.0781672955607961,0.8717948717948718,0.0,0.20512820512820518,0.41025641025641024,0.0,0.6282051282051282,-0.30128205128205127,-0.9038461538461539,-0.5897435897435898,-1.294871794871795,0.21794871794871806,0.6923076923076925,0.0705128205128206,1.0833333333333335,105285.0,-82152.0,187437.0,187437.0,0.0,LONG_BUILDING,MM_STRUCTURE_CROWDED_LONG
2017-09-05,1339.199951171875,251489,14301,237188,0.9166666666666666,0.0198766096041476,0.0420978730166661,0.0659025192206814,0.1034937196050096,0.9038461538461539,0.00641025641025641,0.20512820512820518,0.5384615384615385,0.038461538461538436,0.6858974358974359,-0.07692307692307691,-0.9102564102564102,-0.6153846153846154,-1.217948717948718,0.17307692307692302,0.75,0.14743589743589736,1.032051282051282,127870.0,-86096.0,213966.0,213966.0,0.0,LONG_BUILDING,MM_STRUCTURE_CROWDED_LONG
2017-09-12,1328.0,270413,16896,253517,0.9551282051282052,-0.0083631657558488,0.0113472124675151,0.0426317428827456,0.0700185529961323,0.9166666666666666,0.019230769230769232,0.1282051282051282,0.49358974358974356,0.21153846153846145,0.782051282051282,0.019230769230769232,-0.8782051282051282,-0.5897435897435896,-1.3397435897435899,0.08974358974358976,0.7692307692307693,0.3717948717948718,1.2371794871794872,143385.0,-81219.0,224604.0,224604.0,0.0,LONG_BUILDING,MM_STRUCTURE_CROWDED_LONG
2017-09-19,1306.199951171875,251735,18353,233382,0.903846153846154,-0.0164156994187688,-0.0246415779593802,0.0164189370374214,0.0435407862315371,0.8974358974358975,0.02564102564102564,0.05128205128205132,0.33974358974358976,0.3076923076923077,0.5384615384615384,0.02564102564102564,-0.5256410256410257,-0.6474358974358975,-0.6282051282051282,0.03205128205128216,0.40384615384615397,0.43589743589743607,0.5961538461538463,115376.0,-44382.0,159758.0,159758.0,0.0,LONG_BUILDING,MM_STRUCTURE_CROWDED_LONG
2017-09-26,1297.0,219134,23158,195976,0.8461538461538461,-0.0070432946836517,-0.0233433734939758,-0.0122610432452054,0.0191733654582446,0.8397435897435898,0.0641025641025641,-0.03205128205128205,0.17307692307692313,0.3782051282051282,0.3782051282051283,0.0641025641025641,-0.23717948717948717,-0.8397435897435898,0.05128205128205132,-0.05769230769230782,0.16025641025641024,0.6346153846153846,0.3076923076923077,61052.0,-16466.0,77518.0,77518.0,0.0,LONG_BUILDING,MM_STRUCTURE_CROWDED_LONG
2017-10-03,1271.5,204361,24917,179444,0.8333333333333334,-0.0196607555898227,-0.026565573778152,-0.0505525340802422,0.0120184457915619,0.782051282051282,0.08333333333333333,-0.1217948717948718,0.08333333333333337,0.4166666666666667,0.2500000000000001,0.07692307692307691,0.0,-0.8333333333333333,0.5384615384615384,-0.08333333333333326,0.08974358974358976,0.6666666666666667,0.11538461538461542,39533.0,-3926.0,43459.0,43459.0,0.0,LONG_BUILDING,MM_STRUCTURE_ACCUMULATION
2017-10-10,1290.5999755859375,193154,21824,171330,0.7948717948717948,0.0150216087974341,-0.0049344829715207,-0.0281626689864928,0.0132684502331286,0.7307692307692307,0.057692307692307696,-0.1858974358974359,-0.05769230769230771,0.30769230769230765,-0.14102564102564097,0.038461538461538464,0.057692307692307696,-0.8397435897435898,0.6666666666666666,-0.16025641025641035,-0.0705128205128206,0.6089743589743589,-0.35256410256410264,-2279.0,2947.0,-5226.0,-5226.0,0.0,SHORT_BUILDING,MM_STRUCTURE_LONG_LIQUIDATION
2017-10-17,1283.0,196555,27040,169515,0.782051282051282,-0.0058887151167712,0.0090444357058592,-0.0177614086963185,-0.0016340951099776,0.7435897435897436,0.11538461538461539,-0.15384615384615385,-0.10256410256410253,0.1858974358974359,-0.3589743589743589,0.08974358974358976,0.11538461538461539,-0.4358974358974359,0.7884615384615385,-0.12179487179487192,-0.08974358974358976,0.28205128205128205,-0.49358974358974367,-13162.0,11402.0,-24564.0,-24564.0,0.0,LONG_LIQUIDATION,MM_STRUCTURE_LONG_LIQUIDATION
2017-10-24,1275.0,192701,24333,168368,0.7756410256410257,-0.0062353858144972,-0.0120873825205637,-0.0169622205088666,-0.0290152892348781,0.717948717948718,0.07692307692307693,-0.1217948717948718,-0.15384615384615385,0.05128205128205132,-0.5641025641025641,0.01282051282051283,0.07692307692307693,-0.22435897435897434,0.9807692307692308,-0.07051282051282048,-0.1282051282051283,0.08974358974358976,-0.8205128205128208,-42364.0,10394.0,-52758.0,-52758.0,0.0,LONG_LIQUIDATION,MM_STRUCTURE_LONG_LIQUIDATION
2017-10-31,1267.0,182652,16687,165965,0.7564102564102564,-0.0062745098039215,-0.0124707716289945,-0.0035391270153362,-0.0539127492565214,0.6858974358974359,0.019230769230769232,-0.09615384615384615,-0.21794871794871795,-0.012820512820512775,-0.7564102564102565,-0.0641025641025641,0.012820512820512822,-0.0641025641025641,0.923076923076923,-0.07692307692307698,-0.16025641025641024,0.012820512820512775,-0.9102564102564102,-68837.0,2386.0,-71223.0,-71223.0,0.0,LONG_LIQUIDATION,MM_STRUCTURE_LONG_LIQUIDATION
2017-11-07,1273.699951171875,187782,17070,170712,0.7884615384615384,0.0052880435452842,-0.0010196461397058,-0.0130947038073434,-0.0408885909850338,0.6987179487179487,0.03205128205128205,-0.03205128205128205,-0.21794871794871795,-0.08974358974358976,-0.7115384615384615,-0.025641025641025647,0.012820512820512817,0.03205128205128205,0.891025641025641,-0.0064102564102563875,-0.16666666666666674,-0.07692307692307698,-0.935897435897436,-82631.0,174.0,-82805.0,-82805.0,0.0,LONG_LIQUIDATION,MM_STRUCTURE_LONG_LIQUIDATION
2017-11-14,1281.5,190657,14559,176098,0.8141025641025641,0.0061239295965651,0.011444356748224,-0.0011691348402181,-0.0189097780548185,0.7051282051282052,0.01282051282051282,-0.038461538461538436,-0.1923076923076923,-0.14102564102564097,-0.532051282051282,-0.10256410256410257,-0.01282051282051282,0.01282051282051282,0.5128205128205129,0.03205128205128205,-0.08974358974358987,-0.05769230769230771,-0.49358974358974383,-61078.0,-3794.0,-57284.0,-57284.0,0.0,MIXED_LONG_AND_SHORT_DOWN,MM_STRUCTURE_LONG_LIQUIDATION
2017-11-21,1281.0999755859375,187292,14137,173155,0.7948717948717948,-0.0003121532688743,0.0058098647230488,0.0047842945772058,-0.0122590781912587,0.6858974358974359,0.00641025641025641,-0.03205128205128205,-0.15384615384615385,-0.1858974358974359,-0.326923076923077,-0.07051282051282051,-0.05769230769230769,0.00641025641025641,0.1794871794871795,0.019230769230769162,-0.05128205128205132,-0.10897435897435914,-0.21153846153846156,-31842.0,-9021.0,-22821.0,-22821.0,0.0,MIXED_LONG_AND_SHORT_DOWN,MM_STRUCTURE_LONG_LIQUIDATION
2017-11-28,1294.699951171875,208518,9978,198540,0.8461538461538461,0.0106158581259181,0.0103003910822279,0.0218626291806431,0.0182461275437475,0.8012820512820513,0.0,0.11538461538461542,0.019230769230769273,-0.10256410256410253,-0.0641025641025641,-0.019230769230769232,-0.08333333333333333,-0.00641025641025641,-0.08333333333333333,0.08974358974358976,0.012820512820512775,-0.07051282051282048,-0.07692307692307698,4157.0,-14939.0,19096.0,19096.0,0.0,SHORT_COVERING,MM_STRUCTURE_CROWDED_LONG
2017-12-05,1261.5999755859375,167174,32664,134510,0.6282051282051282,-0.02556575023887,-0.0152212944903704,-0.0094998634292203,-0.022470169338748,0.6089743589743589,0.24358974358974358,-0.08974358974358976,-0.1217948717948718,-0.3076923076923077,-0.0641025641025641,0.21153846153846154,0.1858974358974359,0.22435897435897434,0.1282051282051282,-0.16025641025641024,-0.16666666666666663,-0.326923076923077,-0.09615384615384603,-25980.0,10840.0,-36820.0,-36820.0,0.0,LONG_LIQUIDATION,MM_STRUCTURE_LONG_LIQUIDATION
2017-12-12,1238.5,123139,46913,76226,0.4166666666666667,-0.0183100634376668,-0.0434077031678317,-0.0335544284042138,-0.034684333593141,0.28205128205128205,0.44871794871794873,-0.42307692307692313,-0.46153846153846156,-0.6153846153846154,-0.35897435897435903,0.4358974358974359,0.33333333333333337,0.4230769230769231,0.21794871794871798,-0.3974358974358974,-0.36538461538461536,-0.4871794871794873,-0.2756410256410256,-73416.0,19873.0,-93289.0,-93289.0,0.0,LONG_LIQUIDATION,MM_STRUCTURE_LONG_LIQUIDATION
2017-12-19,1260.699951171875,116642,35397,81245,0.4487179487179487,0.0179248697390996,-0.0007133992006019,-0.0159238348316509,-0.0112157245710784,0.24358974358974358,0.34615384615384615,-0.4423076923076923,-0.47435897435897434,-0.5961538461538461,-0.3205128205128205,0.33974358974358976,0.2692307692307692,0.28205128205128205,0.1923076923076923,-0.34615384615384615,-0.326923076923077,-0.39743589743589747,-0.19871794871794868,-76059.0,11064.0,-87123.0,-87123.0,0.0,LONG_LIQUIDATION,MM_STRUCTURE_LOW_PARTICIPATION
2017-12-26,1284.0999755859375,127715,19957,107758,0.5256410256410257,0.0185611369242231,0.0368187126248991,-0.0081872062915759,0.013496429033889,0.34615384615384615,0.08333333333333333,-0.4551282051282052,-0.33974358974358976,-0.4358974358974359,-0.1217948717948718,0.08333333333333333,0.0641025641025641,0.0,0.05128205128205127,-0.3205128205128205,-0.23076923076923073,-0.3076923076923077,-0.07051282051282048,-54937.0,3270.0,-58207.0,-58207.0,0.0,LONG_LIQUIDATION,MM_STRUCTURE_LOW_PARTICIPATION
2018-01-02,1313.699951171875,168423,20249,148174,0.6666666666666666,0.0230511456652204,0.0420401380603958,0.0412967474589083,0.0314045705687573,0.6153846153846154,0.08974358974358974,0.0064102564102564985,-0.08333333333333326,-0.11538461538461531,0.1346153846153847,-0.15384615384615385,0.057692307692307696,0.03205128205128205,0.04487179487179488,0.038461538461538436,-0.1217948717948718,-0.1282051282051282,0.044871794871794934,-19359.0,3179.0,-22538.0,-22538.0,0.0,LONG_LIQUIDATION,MM_STRUCTURE_LONG_LIQUIDATION
2018-01-09,1311.699951171875,216115,20065,196050,0.8397435897435898,-0.0015224176557332,0.0214936345383416,0.0591037151165725,0.0235660953350564,0.8333333333333334,0.08974358974358974,0.5512820512820513,0.1282051282051282,0.08974358974358976,0.3205128205128205,-0.358974358974359,0.07692307692307693,-0.025641025641025647,0.08974358974358974,0.4230769230769231,0.02564102564102566,0.05769230769230771,0.11538461538461553,25458.0,5506.0,19952.0,19952.0,0.0,MIXED_LONG_AND_SHORT_UP,MM_STRUCTURE_CROWDED_LONG
2018-01-16,1335.4000244140625,227373,25841,201532,0.8525641025641025,0.0180682123385107,0.0165182873173057,0.0592528564570424,0.0423854889258661,0.8397435897435898,0.15384615384615385,0.5961538461538461,0.15384615384615385,0.1217948717948718,0.3076923076923077,-0.1923076923076923,0.14743589743589744,0.07692307692307693,0.20512820512820512,0.40384615384615385,0.05769230769230771,0.07692307692307687,0.10897435897435903,40081.0,11704.0,28377.0,28377.0,0.0,MIXED_LONG_AND_SHORT_UP,MM_STRUCTURE_CROWDED_LONG
2018-01-23,1335.699951171875,236003,26467,209536,0.8525641025641025,0.0002245969389913,0.0182968673426864,0.040183768060888,0.0316675689706249,0.8525641025641025,0.16025641025641027,0.5064102564102564,0.05128205128205121,0.16666666666666663,0.03205128205128194,0.07692307692307694,0.16025641025641027,0.14102564102564102,0.2435897435897436,0.32692307692307687,0.0064102564102563875,0.09615384615384615,-0.0064102564102563875,27485.0,16489.0,10996.0,10996.0,0.0,MIXED_LONG_AND_SHORT_UP,MM_STRUCTURE_CROWDED_LONG
2018-01-30,1335.4000244140625,230597,23035,207562,0.8461538461538461,-0.0002245465065333,0.0,0.0165182873173057,0.0584971863160106,0.8397435897435898,0.11538461538461539,0.22435897435897434,0.23076923076923084,0.14102564102564108,0.35256410256410264,0.025641025641025647,-0.1282051282051282,0.08333333333333334,-0.3141025641025641,0.17948717948717952,0.21794871794871795,0.05769230769230771,0.3846153846153846,63423.0,-9629.0,73052.0,73052.0,0.0,LONG_BUILDING,MM_STRUCTURE_CROWDED_LONG
2018-02-06,1326.0999755859375,206377,23448,182929,0.8012820512820513,-0.0069642419186007,-0.0071872246289408,0.0109781390181478,0.0707307029357589,0.7564102564102564,0.12179487179487179,-0.07692307692307698,0.47435897435897434,0.05128205128205121,0.9358974358974359,0.03205128205128205,-0.3269230769230769,0.10897435897435898,-0.6602564102564104,-0.038461538461538436,0.38461538461538464,-0.012820512820512775,0.75,83238.0,-23465.0,106703.0,106703.0,0.0,LONG_BUILDING,MM_STRUCTURE_ACCUMULATION
2018-02-13,1328.0999755859375,186183,16426,169757,0.7243589743589743,0.0015081819145017,-0.0054665633478089,-0.0054665633478089,0.0534623836158725,0.6346153846153846,0.038461538461538464,-0.20512820512820518,0.39102564102564097,-0.05128205128205132,0.8653846153846153,-0.11538461538461539,-0.3076923076923077,0.032051282051282055,-0.5769230769230769,-0.1282051282051282,0.27564102564102566,-0.07051282051282048,0.6025641025641026,69541.0,-18971.0,88512.0,88512.0,0.0,LONG_BUILDING,MM_STRUCTURE_ACCUMULATION
2018-02-20,1328.800048828125,190398,14943,175455,0.7692307692307693,0.0005271239026103,0.0020361008158487,-0.0051657577270227,0.0348104307235039,0.6602564102564102,0.03205128205128205,-0.1923076923076923,0.3141025641025641,-0.14102564102564108,0.6538461538461539,-0.12820512820512822,-0.05128205128205128,0.03205128205128205,-0.11538461538461538,-0.08333333333333326,0.2435897435897436,-0.07692307692307687,0.47435897435897434,62683.0,-5014.0,67697.0,67697.0,0.0,LONG_BUILDING,MM_STRUCTURE_ACCUMULATION
2018-02-27,1315.5,177475,27456,150019,0.6474358974358975,-0.0100090670826317,-0.0094872191985234,-0.014901920061589,0.0013702130585597,0.5961538461538461,0.19230769230769232,-0.2435897435897436,-0.019230769230769273,-0.012820512820512775,0.06410256410256399,0.07692307692307693,0.10256410256410257,-0.051282051282051266,0.04487179487179488,-0.19871794871794868,-0.019230769230769162,0.019230769230769273,0.10256410256410264,9052.0,7207.0,1845.0,1845.0,0.0,MIXED_LONG_AND_SHORT_UP,MM_STRUCTURE_LONG_LIQUIDATION
2018-03-06,1333.5999755859375,172492,21786,150706,0.6474358974358975,0.0137590084271663,0.0036122265061968,0.0056556821793818,0.0166959100627372,0.5769230769230769,0.10256410256410256,-0.17948717948717952,-0.2564102564102565,0.2948717948717948,-0.3846153846153847,-0.019230769230769232,0.012820512820512817,-0.34615384615384615,-0.06410256410256411,-0.15384615384615385,-0.1923076923076923,0.23076923076923078,-0.21794871794871795,-43623.0,1721.0,-45344.0,-45344.0,0.0,LONG_LIQUIDATION,MM_STRUCTURE_LONG_LIQUIDATION
2018-03-13,1325.9000244140625,162337,26472,135865,0.5833333333333334,-0.0057738087228832,0.0079057578214081,-0.0016564650344974,-0.0071139732112618,0.5256410256410257,0.1794871794871795,-0.10897435897435892,-0.3141025641025641,0.28205128205128205,-0.46794871794871795,0.14102564102564102,0.025641025641025633,-0.16666666666666666,-0.1217948717948718,-0.14102564102564097,-0.26923076923076916,0.1346153846153847,-0.32692307692307687,-65036.0,631.0,-65667.0,-65667.0,0.0,LONG_LIQUIDATION,MM_STRUCTURE_LONG_LIQUIDATION
2018-03-20,1311.0999755859375,148152,36345,111807,0.5,-0.0111622660499349,-0.0168716259837319,-0.0133203436121163,-0.0184172916711981,0.4551282051282051,0.391025641025641,-0.20512820512820512,-0.3974358974358974,0.10897435897435898,-0.4487179487179486,0.358974358974359,0.23076923076923075,0.3076923076923077,0.07051282051282048,-0.2692307692307693,-0.35256410256410253,-0.02564102564102566,-0.3589743589743589,-87851.0,9878.0,-97729.0,-97729.0,0.0,LONG_LIQUIDATION,MM_STRUCTURE_LONG_LIQUIDATION
2018-03-27,1341.300048828125,183080,20917,162163,0.6794871794871795,0.0230341498013459,0.0116147704430942,0.0196123518267767,0.0044181700660455,0.6153846153846154,0.10256410256410256,0.019230769230769273,-0.22435897435897434,0.0,-0.4551282051282052,-0.08974358974358976,-0.01282051282051283,0.012820512820512817,0.11538461538461536,0.03205128205128205,-0.16666666666666663,0.012820512820512886,-0.3846153846153846,-47517.0,-2118.0,-45399.0,-45399.0,0.0,MIXED_LONG_AND_SHORT_DOWN,MM_STRUCTURE_LONG_LIQUIDATION
2018-04-03,1332.800048828125,155590,28948,126642,0.532051282051282,-0.0063371353840077,0.0165510438915916,-0.0005998251143196,0.0050524646448524,0.47435897435897434,0.23717948717948717,-0.10256410256410253,-0.28205128205128205,-0.35897435897435903,-0.7564102564102564,0.1346153846153846,0.11538461538461538,0.1474358974358974,0.4423076923076923,-0.11538461538461542,-0.2692307692307693,-0.3076923076923077,-0.653846153846154,-50787.0,5500.0,-56287.0,-56287.0,0.0,LONG_LIQUIDATION,MM_STRUCTURE_LONG_LIQUIDATION
2018-04-10,1342.0,154044,28482,125562,0.5256410256410257,0.0069027242158072,0.0005218453339255,0.0121426768907801,0.010466097936588,0.46794871794871795,0.22435897435897437,-0.05769230769230771,-0.16666666666666663,-0.3717948717948718,-0.5576923076923076,0.04487179487179488,0.1858974358974359,0.07051282051282051,0.4935897435897436,-0.05769230769230771,-0.19871794871794868,-0.32692307692307687,-0.47435897435897434,-32139.0,12056.0,-44195.0,-44195.0,0.0,LONG_LIQUIDATION,MM_STRUCTURE_LONG_LIQUIDATION
2018-04-17,1347.199951171875,157925,25287,132638,0.5512820512820513,0.0038747773262854,0.0108042480613737,0.0275341135368447,0.0138470060713626,0.4807692307692308,0.17307692307692307,0.02564102564102566,-0.17948717948717946,-0.37179487179487175,-0.49358974358974356,-0.21794871794871795,0.14102564102564102,0.012820512820512803,0.1923076923076923,0.05128205128205132,-0.21794871794871795,-0.3012820512820512,-0.46153846153846156,-32473.0,10344.0,-42817.0,-42817.0,0.0,LONG_LIQUIDATION,MM_STRUCTURE_LONG_LIQUIDATION
2018-04-24,1331.4000244140625,143258,43597,99661,0.4294871794871794,-0.0117279745624016,-0.0078986405260339,-0.0073809170608112,0.0120866776237646,0.40384615384615385,0.46794871794871795,-0.21153846153846156,-0.1923076923076923,-0.4358974358974359,-0.17307692307692302,0.3653846153846154,0.27564102564102566,0.35256410256410253,0.17307692307692307,-0.2500000000000001,-0.21794871794871806,-0.41666666666666674,-0.1987179487179489,-34217.0,16141.0,-50358.0,-50358.0,0.0,LONG_LIQUIDATION,MM_STRUCTURE_LONG_LIQUIDATION
2018-05-01,1303.800048828125,119064,79747,39317,0.2051282051282051,-0.0207300398676828,-0.0322148930498388,-0.0217587026842461,-0.0223454763822408,0.1987179487179487,0.7948717948717948,-0.27564102564102566,-0.3782051282051282,-0.5576923076923077,-0.1217948717948717,0.5576923076923077,0.6923076923076923,0.673076923076923,0.6794871794871795,-0.326923076923077,-0.4423076923076924,-0.5961538461538463,-0.2500000000000001,-53428.0,57961.0,-111389.0,-111389.0,0.0,SHORT_BUILDING,MM_STRUCTURE_LONG_LIQUIDATION
2018-05-08,1312.0,109508,67869,41639,0.2307692307692307,0.0062892704899384,-0.0145711462057395,-0.022354694485842,-0.0104834634271955,0.1346153846153846,0.6794871794871795,-0.33333333333333337,-0.3910256410256411,-0.5,-0.07692307692307698,0.4551282051282052,0.5,0.6410256410256411,0.47435897435897434,-0.29487179487179493,-0.35256410256410264,-0.4935897435897436,-0.08333333333333348,-52829.0,41397.0,-94226.0,-94226.0,0.0,LONG_LIQUIDATION,MM_STRUCTURE_LONG_LIQUIDATION
2018-05-15,1288.9000244140625,103256,84258,18998,0.141025641025641,-0.0176066887087937,-0.0114281514465771,-0.0432748878198071,-0.0169323099574871,0.08333333333333333,0.8333333333333334,-0.39743589743589747,-0.3717948717948718,-0.5769230769230769,0.025641025641025605,0.6602564102564104,0.44230769230769235,0.8012820512820513,0.2115384615384616,-0.41025641025641035,-0.35897435897435903,-0.6282051282051283,-0.0064102564102564985,-44896.0,47913.0,-92809.0,-92809.0,0.0,SHORT_BUILDING,MM_STRUCTURE_LONG_LIQUIDATION
2018-05-22,1291.699951171875,91411,74880,16531,0.1282051282051282,0.0021723381990665,-0.0154725981921683,-0.0298182909074672,-0.0369791216361953,0.057692307692307696,0.75,-0.34615384615384615,-0.5576923076923077,-0.5384615384615384,-0.33333333333333337,0.28205128205128205,0.6474358974358975,0.5576923076923077,0.6602564102564104,-0.3012820512820512,-0.5512820512820513,-0.5192307692307693,-0.3846153846153847,-91669.0,53963.0,-145632.0,-145632.0,0.0,LONG_LIQUIDATION,MM_STRUCTURE_LONG_LIQUIDATION
2018-05-29,1298.699951171875,107882,53881,54001,0.2756410256410256,0.0054192151928544,0.0076033257600933,-0.0039117176447677,-0.0255853064277966,0.1282051282051282,0.5641025641025641,-0.07051282051282051,-0.34615384615384615,-0.4487179487179487,-0.0641025641025641,-0.23076923076923073,0.3269230769230769,0.46153846153846156,0.21153846153846156,0.07051282051282051,-0.25641025641025644,-0.37179487179487186,0.01282051282051283,-47708.0,24933.0,-72641.0,-72641.0,0.0,LONG_LIQUIDATION,MM_STRUCTURE_LONG_LIQUIDATION
2018-06-05,1297.5,100027,49147,50880,0.2628205128205128,-0.0009239633610459,0.0044902446755246,-0.0110518292682927,-0.0331594634873323,0.08333333333333333,0.5256410256410257,-0.05128205128205128,-0.38461538461538464,-0.44230769230769235,-0.217948717948718,-0.15384615384615385,0.3012820512820513,0.34615384615384615,0.11538461538461542,0.032051282051282076,-0.2628205128205129,-0.3205128205128206,-0.06410256410256421,-54017.0,20665.0,-74682.0,-74682.0,0.0,LONG_LIQUIDATION,MM_STRUCTURE_LONG_LIQUIDATION
2018-06-12,1295.0999755859375,104313,48809,55504,0.2756410256410256,-0.001849729798892,-0.0027719840773761,0.0048102653847752,-0.0386727861299414,0.11538461538461539,0.5256410256410257,0.03205128205128206,-0.3653846153846154,-0.33974358974358976,-0.18589743589743596,-0.3076923076923077,0.3525641025641026,0.13461538461538464,0.21153846153846156,0.1346153846153846,-0.2756410256410257,-0.2243589743589744,-0.057692307692307765,-53612.0,23522.0,-77134.0,-77134.0,0.0,LONG_LIQUIDATION,MM_STRUCTURE_LONG_LIQUIDATION
2018-06-19,1275.5999755859375,94297,83769,10528,0.1217948717948717,-0.0150567526581704,-0.0168786315329961,-0.0124641760428426,-0.0419108065231424,0.07692307692307693,0.8269230769230769,0.019230769230769232,-0.3269230769230769,-0.5384615384615385,-0.13461538461538464,0.07692307692307687,0.3589743589743589,0.7243589743589743,0.08333333333333326,-0.0064102564102564985,-0.3076923076923077,-0.5576923076923078,-0.08974358974358965,-48961.0,40172.0,-89133.0,-89133.0,0.0,LONG_LIQUIDATION,MM_STRUCTURE_LONG_LIQUIDATION
2018-06-26,1256.5999755859375,94845,94869,-24,0.0897435897435897,-0.0148949516805003,-0.0297274347353621,-0.0324170148369904,-0.0362019262728297,0.08333333333333333,0.8717948717948718,-0.044871794871794865,-0.11538461538461538,-0.391025641025641,0.26282051282051283,0.3076923076923077,0.07692307692307698,0.6346153846153846,-0.6153846153846153,-0.1858974358974359,-0.11538461538461539,-0.44230769230769235,0.326923076923077,-24219.0,15122.0,-39341.0,-39341.0,0.0,LONG_LIQUIDATION,MM_STRUCTURE_LONG_LIQUIDATION
2018-07-03,1251.5999755859375,104275,105529,-1254,0.0833333333333333,-0.0039789910052071,-0.0188146758069478,-0.0353757413595857,-0.046036603974133,0.12179487179487179,0.9358974358974359,0.038461538461538464,-0.012820512820512817,-0.34615384615384615,0.37820512820512825,0.41025641025641024,0.2564102564102564,0.7115384615384616,-0.2435897435897436,-0.17948717948717946,-0.1474358974358974,-0.44230769230769235,0.20512820512820523,-5233.0,37660.0,-42893.0,-42893.0,0.0,SHORT_BUILDING,MM_STRUCTURE_LONG_LIQUIDATION
2018-07-10,1253.800048828125,107402,109929,-2527,0.0833333333333333,0.0017578086330318,-0.0022281766769149,-0.0318893734355352,-0.027232504399939,0.15384615384615385,0.9615384615384616,0.038461538461538464,0.07051282051282053,-0.3269230769230769,0.44230769230769235,0.4358974358974359,0.1282051282051282,0.7884615384615385,-0.31410256410256415,-0.1923076923076923,-0.057692307692307696,-0.467948717948718,0.3012820512820513,4146.0,25671.0,-21525.0,-21525.0,0.0,MIXED_LONG_AND_SHORT_UP,MM_STRUCTURE_SHORT_BUILDING
2018-07-17,1225.699951171875,107775,134224,-26449,0.0192307692307692,-0.0224119449369251,-0.0206935322141863,-0.0391188659212237,-0.0510954575326279,0.16666666666666666,1.0,0.08974358974358973,0.10897435897435896,-0.2371794871794872,0.6666666666666666,0.17307692307692313,0.25,0.532051282051282,-0.39743589743589747,-0.10256410256410249,-0.10897435897435899,-0.4102564102564102,0.44230769230769235,16364.0,59344.0,-42980.0,-42980.0,0.0,MIXED_LONG_AND_SHORT_UP,MM_STRUCTURE_SHORT_BUILDING
2018-07-24,1223.9000244140625,110249,146671,-36422,0.0064102564102564,-0.0014684888875875,-0.0238475221324235,-0.0260225623167208,-0.0575960033649937,0.1858974358974359,1.0,0.10256410256410257,0.05769230769230771,-0.012820512820512803,0.40384615384615385,0.1282051282051282,0.4358974358974359,0.20512820512820518,0.10897435897435898,-0.0833333333333333,-0.2692307692307692,-0.1987179487179487,-0.012820512820512775,2367.0,92790.0,-90423.0,-90423.0,0.0,MIXED_LONG_AND_SHORT_UP,MM_STRUCTURE_SHORT_BUILDING
2018-07-31,1223.699951171875,110580,153108,-42528,0.0064102564102564,-0.0001634718834843,-0.0016317207144275,-0.0222914868634453,-0.0568786503492292,0.1858974358974359,1.0,0.06410256410256411,0.10256410256410257,0.051282051282051294,0.4871794871794872,0.0641025641025641,0.47435897435897434,0.3205128205128205,0.17307692307692302,-0.0769230769230769,-0.2564102564102564,-0.2243589743589743,0.0064102564102564985,10553.0,103961.0,-93408.0,-93408.0,0.0,MIXED_LONG_AND_SHORT_UP,MM_STRUCTURE_SHORT_BUILDING
2018-08-07,1209.5999755859375,105849,171965,-66116,0.0064102564102564,-0.011522412477368,-0.0116840007703824,-0.035252888435839,-0.0660180693473625,0.1346153846153846,1.0,-0.019230769230769246,0.019230769230769218,0.05128205128205128,0.38461538461538464,0.038461538461538436,0.47435897435897434,0.16666666666666663,0.12179487179487175,-0.0769230769230769,-0.2692307692307692,-0.1346153846153846,0.0064102564102564985,1536.0,123156.0,-121620.0,-121620.0,0.0,MIXED_LONG_AND_SHORT_UP,MM_STRUCTURE_SHORT_BUILDING
2018-08-14,1193.0,104803,188127,-83324,0.0064102564102564,-0.0137235250669515,-0.0250878094278546,-0.026678593843959,-0.0647538234296342,0.1346153846153846,1.0,-0.03205128205128205,0.05769230769230768,0.07692307692307691,0.3846153846153846,0.0,0.17307692307692313,0.25,-0.1858974358974358,-0.012820512820512801,-0.1153846153846153,-0.12179487179487179,0.1923076923076924,10506.0,104358.0,-93852.0,-93852.0,0.0,MIXED_LONG_AND_SHORT_UP,MM_STRUCTURE_SHORT_BUILDING
2018-08-21,1192.5999755859375,107143,197171,-90028,0.0064102564102564,-0.0003353096513516,-0.0140542330878975,-0.0255740241880538,-0.0509310848666518,0.14743589743589744,1.0,-0.038461538461538464,0.06410256410256411,0.019230769230769246,0.1794871794871795,0.0,0.1282051282051282,0.4358974358974359,0.05128205128205121,0.0,-0.0833333333333333,-0.2692307692307692,0.03205128205128209,12298.0,102302.0,-90004.0,-90004.0,0.0,MIXED_LONG_AND_SHORT_UP,MM_STRUCTURE_SHORT_BUILDING
2018-08-28,1207.4000244140625,105971,181743,-75772,0.0192307692307692,0.0124099020049481,0.0120704311936818,-0.0133201989116717,-0.0353147587360592,0.14743589743589744,0.9871794871794872,-0.038461538461538464,0.025641025641025647,0.06410256410256411,0.038461538461538464,-0.012820512820512775,0.05128205128205132,0.46153846153846156,-0.20512820512820507,0.012820512820512801,-0.0641025641025641,-0.24358974358974358,0.08333333333333331,1696.0,76214.0,-74518.0,-74518.0,0.0,MIXED_LONG_AND_SHORT_UP,MM_STRUCTURE_SHORT_BUILDING
2018-09-04,1192.699951171875,101651,184373,-82722,0.0192307692307692,-0.0121749817334327,8.382994129130239e-05,-0.0139715813121408,-0.0487319311507107,0.10897435897435898,0.9871794871794872,-0.025641025641025633,-0.04487179487179488,-0.006410256410256415,-0.1153846153846154,-0.012820512820512775,0.02564102564102566,0.46153846153846156,-0.10256410256410253,0.012820512820512801,-0.0641025641025641,-0.2564102564102564,-0.006410256410256401,-5751.0,74444.0,-80195.0,-80195.0,0.0,SHORT_BUILDING,MM_STRUCTURE_LONG_LIQUIDATION
2018-09-11,1195.4000244140625,100593,175812,-75219,0.032051282051282,0.0022638327766633,-0.0099387110794729,0.0020117555859702,-0.0247205090681803,0.10897435897435898,0.9743589743589743,-0.025641025641025633,-0.05769230769230768,0.03205128205128205,-0.16666666666666663,-0.02564102564102566,-0.02564102564102566,0.14743589743589747,-0.27564102564102566,0.0256410256410256,0.0128205128205128,-0.0897435897435897,0.12179487179487179,-7182.0,41588.0,-48770.0,-48770.0,0.0,SHORT_BUILDING,MM_STRUCTURE_SHORT_COVERING_RALLY
2018-09-18,1196.800048828125,97904,180367,-82463,0.0256410256410256,0.0011711764977992,0.0034376606222055,0.0035217787423851,-0.0221423115004115,0.09615384615384616,0.9743589743589743,-0.05128205128205128,-0.08974358974358974,0.01282051282051283,-0.14743589743589747,-0.02564102564102566,-0.02564102564102566,0.10256410256410253,-0.46153846153846156,0.019230769230769197,0.019230769230769197,-0.0641025641025641,0.28846153846153844,-12345.0,33696.0,-46041.0,-46041.0,0.0,SHORT_BUILDING,MM_STRUCTURE_SHORT_COVERING_RALLY
2018-09-25,1200.0,98513,182190,-83677,0.0128205128205128,0.0026737558834564,0.0038480638213072,-0.0061288920527011,-0.0193674529031228,0.10256410256410256,0.9807692307692307,-0.04487179487179488,-0.08333333333333334,-0.019230769230769232,-0.1858974358974359,-0.0064102564102564985,-0.019230769230769273,0.04487179487179482,-0.4935897435897436,-0.006410256410256401,0.0064102564102564,-0.0705128205128205,0.2628205128205128,-12067.0,29082.0,-41149.0,-41149.0,0.0,SHORT_BUILDING,MM_STRUCTURE_SHORT_COVERING_RALLY
2018-10-02,1202.4000244140625,100671,180274,-79603,0.0384615384615384,0.002000020345052,0.004679123794673,0.0081328696564939,-0.0059523407053536,0.1282051282051282,0.9615384615384616,0.019230769230769218,-0.006410256410256415,-0.02564102564102566,-0.025641025641025633,-0.02564102564102566,-0.038461538461538436,0.0,-0.5128205128205128,0.0192307692307692,0.032051282051282,-0.0448717948717949,0.3012820512820512,-5178.0,8309.0,-13487.0,-13487.0,0.0,SHORT_BUILDING,MM_STRUCTURE_SHORT_COVERING_RALLY
2018-10-09,1187.199951171875,82218,191672,-109454,0.0064102564102564,-0.012641444555521,-0.0106667073567708,-0.0068596897061357,-0.0048617341392498,0.019230769230769232,0.9935897435897436,-0.08974358974358974,-0.11538461538461538,-0.1474358974358974,-0.17307692307692307,0.019230769230769273,-0.0064102564102563875,-0.0064102564102563875,-0.17948717948717952,-0.0256410256410256,0.0,-0.012820512820512801,0.1153846153846153,-22585.0,3545.0,-26130.0,-26130.0,0.0,LONG_LIQUIDATION,MM_STRUCTURE_NEUTRAL
2018-10-16,1227.300048828125,95333,144715,-49382,0.0705128205128205,0.0337770378247299,0.0207086027182978,0.0254846246287046,0.0290961545803645,0.09615384615384616,0.9230769230769231,0.0,-0.05128205128205128,-0.08974358974358974,-0.11538461538461539,-0.05128205128205121,-0.07692307692307687,-0.07692307692307687,-0.20512820512820507,0.0448717948717949,0.0641025641025641,0.0641025641025641,0.1474358974358974,-11810.0,-52456.0,40646.0,40646.0,0.0,MIXED_LONG_AND_SHORT_DOWN,MM_STRUCTURE_SHORT_COVERING_RALLY
2018-10-23,1233.4000244140625,99368,137484,-38116,0.0833333333333333,0.0049702398299111,0.0389151576333741,0.0278333536783854,0.0215338740055248,0.12179487179487179,0.9166666666666666,0.019230769230769232,-0.025641025641025647,-0.06410256410256411,-0.051282051282051294,-0.0641025641025641,-0.0705128205128206,-0.08333333333333337,-0.12179487179487192,0.0705128205128205,0.0641025641025641,0.0769230769230769,0.1282051282051282,-6603.0,-44259.0,37656.0,37656.0,0.0,MIXED_LONG_AND_SHORT_DOWN,MM_STRUCTURE_SHORT_COVERING_RALLY
2018-10-30,1222.5999755859375,80105,135628,-55523,0.0705128205128205,-0.0087563228590461,-0.0038296040537726,0.0167996929156073,0.0250691922848529,0.019230769230769232,0.9102564102564102,-0.10897435897435896,-0.08974358974358974,-0.11538461538461538,-0.044871794871794865,-0.05128205128205132,-0.07692307692307698,-0.08974358974358976,-0.10256410256410264,0.0320512820512821,0.051282051282051294,0.0641025641025641,0.11538461538461539,-21546.0,-48745.0,27199.0,27199.0,0.0,MIXED_LONG_AND_SHORT_DOWN,MM_STRUCTURE_SHORT_COVERING_RALLY
2018-11-06,1223.800048828125,82188,129634,-47446,0.0833333333333333,0.0009815747310255,-0.0077833431132758,0.0308289244959303,0.0237577579337786,0.02564102564102564,0.8974358974358975,0.006410256410256408,-0.08333333333333334,-0.10897435897435898,-0.02564102564102566,-0.09615384615384615,-0.07692307692307687,-0.10256410256410253,-0.05128205128205121,0.0769230769230769,0.0512820512820513,0.0769230769230769,0.038461538461538505,-18405.0,-46178.0,27773.0,27773.0,0.0,MIXED_LONG_AND_SHORT_DOWN,MM_STRUCTURE_SHORT_COVERING_RALLY
2018-11-13,1199.199951171875,79529,158723,-79194,0.0512820512820512,-0.0201014027412455,-0.0191395590392089,-0.0228958661600976,0.0020052659139677,0.00641025641025641,0.9358974358974359,-0.08974358974358974,-0.08974358974358974,-0.14102564102564102,0.0,0.012820512820512775,-0.038461538461538436,-0.0641025641025641,-0.012820512820512775,-0.0192307692307693,0.0256410256410256,0.044871794871794796,0.006410256410256401,-18375.0,-21644.0,3269.0,3269.0,0.0,MIXED_LONG_AND_SHORT_DOWN,MM_STRUCTURE_SHORT_COVERING_RALLY
2018-11-20,1219.0,84356,136207,-51851,0.0833333333333333,0.0165110487277588,-0.0039222492536434,-0.0116750641552024,0.0158333333333333,0.0641025641025641,0.9038461538461539,-0.057692307692307696,-0.038461538461538464,-0.08333333333333334,0.04487179487179488,-0.012820512820512775,-0.07692307692307687,-0.08333333333333337,-0.0576923076923076,0.0,0.0705128205128205,0.0641025641025641,0.0641025641025641,-14157.0,-45983.0,31826.0,31826.0,0.0,MIXED_LONG_AND_SHORT_DOWN,MM_STRUCTURE_SHORT_COVERING_RALLY
2018-11-27,1211.199951171875,79992,138382,-58390,0.0769230769230769,-0.0063987275046144,0.0100066715215201,-0.0093244107980609,0.00731863487952,0.02564102564102564,0.9102564102564102,0.006410256410256408,-0.10256410256410256,-0.08333333333333334,-0.09615384615384615,0.0,-0.05128205128205132,-0.07692307692307698,-0.012820512820512886,0.006410256410256401,0.0384615384615385,0.057692307692307696,0.0064102564102564985,-20679.0,-41892.0,21213.0,21213.0,0.0,MIXED_LONG_AND_SHORT_DOWN,MM_STRUCTURE_SHORT_COVERING_RALLY
2018-12-04,1241.0999755859375,99414,109201,-9787,0.1602564102564102,0.0246862827109044,0.0181295944101209,0.0141362363683334,0.0454009658279199,0.1346153846153846,0.8525641025641025,0.10897435897435898,0.11538461538461538,0.025641025641025633,0.23076923076923075,-0.044871794871794934,-0.14102564102564108,-0.1217948717948718,-0.1346153846153847,0.07692307692307689,0.1538461538461538,0.1282051282051282,0.1538461538461538,17196.0,-82471.0,99667.0,99667.0,0.0,SHORT_COVERING,MM_STRUCTURE_ACCUMULATION
2018-12-11,1241.9000244140625,89942,90008,-66,0.173076923076923,0.0006446288323769,0.0253468250328809,0.0356071339066186,0.0118960115742503,0.07692307692307693,0.7948717948717948,0.07051282051282051,-0.019230769230769232,-0.019230769230769232,0.03205128205128205,-0.14102564102564108,-0.1282051282051283,-0.17948717948717952,-0.05128205128205143,0.12179487179487179,0.10256410256410249,0.14743589743589738,0.038461538461538394,-5391.0,-54707.0,49316.0,49316.0,0.0,MIXED_LONG_AND_SHORT_DOWN,MM_STRUCTURE_SHORT_COVERING_RALLY
2018-12-18,1249.199951171875,100828,89630,11198,0.1987179487179487,0.0058780309318833,0.0065264489124765,0.024774365194319,0.0128100587360684,0.16025641025641027,0.7948717948717948,0.09615384615384617,0.03846153846153848,0.05769230769230771,0.06410256410256412,-0.10897435897435903,-0.1217948717948718,-0.1858974358974359,-0.05128205128205121,0.1153846153846154,0.1153846153846154,0.1858974358974359,0.05128205128205131,1460.0,-47854.0,49314.0,49314.0,0.0,SHORT_COVERING,MM_STRUCTURE_ACCUMULATION
2018-12-24,1267.5,119146,77178,41968,0.2628205128205128,0.0146494152605094,0.0206135559084281,0.0464828691362255,0.036725032971266,0.26282051282051283,0.7243589743589743,0.2371794871794872,0.2435897435897436,0.13461538461538464,0.33333333333333337,-0.1858974358974359,-0.1858974358974359,-0.23717948717948723,-0.10897435897435892,0.18589743589743588,0.1923076923076923,0.22435897435897437,0.141025641025641,39041.0,-58450.0,97491.0,97491.0,0.0,SHORT_COVERING,MM_STRUCTURE_ACCUMULATION
2018-12-31,1278.300048828125,121205,71021,50184,0.2756410256410256,0.008520748582347,0.0232949878271697,0.0299734702876171,0.0445334187167156,0.27564102564102566,0.6730769230769231,0.14102564102564105,0.25,0.25641025641025644,0.33333333333333337,-0.1794871794871794,-0.22435897435897434,-0.3205128205128205,-0.14743589743589747,0.11538461538461542,0.1923076923076923,0.2692307692307692,0.141025641025641,39017.0,-58613.0,97630.0,97630.0,0.0,SHORT_COVERING,MM_STRUCTURE_ACCUMULATION
2019-01-08,1283.199951171875,112690,80219,32471,0.2243589743589743,0.0038331394481616,0.0123865492480275,0.0332554359818924,0.0700467006506413,0.23717948717948717,0.7628205128205128,0.16025641025641024,0.23076923076923075,0.14102564102564102,0.3205128205128205,-0.03205128205128205,-0.17307692307692313,-0.16025641025641035,-0.1346153846153847,0.05128205128205132,0.17307692307692313,0.1538461538461538,0.14743589743589752,33161.0,-78504.0,111665.0,111665.0,0.0,SHORT_COVERING,MM_STRUCTURE_ACCUMULATION
2019-01-15,1286.199951171875,115651,90716,24935,0.2051282051282051,0.0023379053258694,0.0061800062911616,0.0296189572896559,0.0551271133485438,0.23717948717948717,0.8205128205128205,0.0769230769230769,0.17307692307692307,0.11538461538461538,0.21153846153846154,0.02564102564102566,-0.08333333333333337,-0.09615384615384615,-0.0064102564102564985,0.0064102564102563875,0.12179487179487179,0.12179487179487179,0.051282051282051294,31295.0,-45491.0,76786.0,76786.0,0.0,SHORT_COVERING,MM_STRUCTURE_ACCUMULATION
2019-01-22,1282.5,105295,89085,16210,0.1794871794871795,-0.0028766531739515,-0.0005454731908584,0.0118343195266272,0.0588672817887252,0.16666666666666666,0.8012820512820513,-0.09615384615384617,0.14102564102564102,0.1474358974358974,0.24358974358974358,0.07692307692307698,-0.10897435897435892,-0.10897435897435892,-0.0576923076923076,-0.08333333333333329,0.10256410256410259,0.10897435897435899,0.0641025641025641,25303.0,-49297.0,74600.0,74600.0,0.0,SHORT_COVERING,MM_STRUCTURE_ACCUMULATION
2019-01-29,1308.199951171875,126404,94007,32397,0.2179487179487179,0.0200389482821636,0.0171046500040334,0.0233903631398282,0.0540649237820336,0.2948717948717949,0.8269230769230769,0.019230769230769218,0.16025641025641027,0.2692307692307692,0.04487179487179489,0.15384615384615374,-0.02564102564102566,-0.0705128205128206,0.11538461538461542,-0.05769230769230771,0.05769230769230771,0.13461538461538458,-0.09615384615384609,26990.0,-15194.0,42184.0,42184.0,0.0,LONG_BUILDING,MM_STRUCTURE_ACCUMULATION
2019-02-05,1314.199951171875,134954,90079,44875,0.2692307692307692,0.0045864548417275,0.0247173108552631,0.0241583550339832,0.058217187645136,0.34615384615384615,0.8076923076923077,0.10897435897435898,0.2692307692307692,0.33974358974358976,0.28846153846153844,0.044871794871794934,0.012820512820512886,-0.1282051282051282,0.1410256410256412,0.04487179487179491,0.09615384615384623,0.217948717948718,-0.006410256410256263,45012.0,71.0,44941.0,44941.0,0.0,MIXED_LONG_AND_SHORT_UP,MM_STRUCTURE_NEUTRAL
2019-02-12,1309.199951171875,132365,89746,42619,0.2628205128205128,-0.0038045960932668,0.0007644091402878,0.017882134095126,0.0480307415507934,0.3333333333333333,0.7948717948717948,0.09615384615384615,0.17307692307692304,0.2692307692307692,0.13461538461538458,-0.02564102564102566,0.0,-0.10897435897435903,0.1217948717948718,0.05769230769230768,0.06410256410256407,0.17948717948717946,-0.051282051282051336,31537.0,116.0,31421.0,31421.0,0.0,MIXED_LONG_AND_SHORT_UP,MM_STRUCTURE_ACCUMULATION
2019-02-19,1340.0999755859375,166411,84034,82377,0.4166666666666667,0.0236022193450309,0.0197078263402517,0.0449122616654482,0.057278087247288,0.5384615384615384,0.7628205128205128,0.3717948717948718,0.2756410256410256,0.5128205128205128,0.03205128205128199,-0.03846153846153855,0.038461538461538436,-0.14743589743589747,0.22435897435897434,0.2371794871794872,0.1538461538461539,0.33974358974358976,-0.03846153846153838,47265.0,6856.0,40409.0,40409.0,0.0,MIXED_LONG_AND_SHORT_UP,MM_STRUCTURE_NEUTRAL
2019-02-26,1325.0999755859375,154217,75658,78559,0.4038461538461538,-0.0111931947416397,0.0121448403659274,0.0129185331331984,0.0366110654542461,0.46153846153846156,0.7051282051282052,0.16666666666666669,0.1858974358974359,0.326923076923077,-0.0641025641025641,-0.1217948717948717,0.03205128205128205,-0.14743589743589736,0.2564102564102564,0.1858974358974359,0.1282051282051282,0.2435897435897436,-0.0641025641025641,33012.0,4637.0,28375.0,28375.0,0.0,MIXED_LONG_AND_SHORT_UP,MM_STRUCTURE_NEUTRAL
2019-03-05,1282.0,125903,94656,31247,0.2179487179487179,-0.0325258292808279,-0.0433549560811939,-0.0245015616863797,-0.0009351240785032,0.27564102564102566,0.8269230769230769,-0.07051282051282048,0.03846153846153849,0.19871794871794873,-0.19230769230769226,0.019230769230769162,0.0641025641025641,0.03205128205128205,0.23717948717948723,-0.05128205128205132,-0.006410256410256415,0.04487179487179491,-0.17948717948717954,13213.0,14437.0,-1224.0,-1224.0,0.0,MIXED_LONG_AND_SHORT_UP,MM_STRUCTURE_SHORT_BUILDING
2019-03-12,1296.300048828125,123293,105886,17407,0.1923076923076923,0.0111544842653081,-0.0217341538664489,-0.0098532713297179,0.0078526652462143,0.2692307692307692,0.8589743589743589,-0.0641025641025641,0.03205128205128205,0.10897435897435895,-0.14102564102564102,0.0641025641025641,0.038461538461538436,0.0641025641025641,0.1217948717948718,-0.07051282051282048,-0.012820512820512803,-0.006410256410256415,-0.13461538461538458,7642.0,15170.0,-7528.0,-7528.0,0.0,MIXED_LONG_AND_SHORT_UP,MM_STRUCTURE_SHORT_BUILDING
2019-03-19,1305.0,123909,93434,30475,0.2243589743589743,0.0067113714758708,0.0179407176287051,-0.0261920574773465,0.0175438596491228,0.28205128205128205,0.8076923076923077,-0.2564102564102564,0.11538461538461539,0.019230769230769218,-0.025641025641025633,0.044871794871794934,0.0064102564102563875,0.08333333333333337,0.11538461538461531,-0.19230769230769237,0.04487179487179482,-0.038461538461538464,-0.057692307692307765,18614.0,4349.0,14265.0,14265.0,0.0,MIXED_LONG_AND_SHORT_UP,MM_STRUCTURE_NEUTRAL
2019-03-26,1314.300048828125,135373,77386,57987,0.3525641025641026,0.0071264741977969,0.0138856740893222,-0.0081502731543232,0.0046629704050864,0.36538461538461536,0.6923076923076923,-0.0961538461538462,0.07051282051282048,0.0897435897435897,-0.08974358974358979,-0.012820512820512886,-0.13461538461538458,0.019230769230769162,-0.10897435897435892,-0.05128205128205121,0.1346153846153847,0.07692307692307698,0.07692307692307698,8969.0,-16621.0,25590.0,25590.0,0.0,SHORT_COVERING,MM_STRUCTURE_ACCUMULATION
2019-04-02,1290.0,110816,86198,24618,0.2115384615384615,-0.0184889659326968,-0.0114942528735632,0.0062402496099844,-0.0184142079371528,0.21794871794871795,0.75,-0.05769230769230771,-0.1282051282051282,-0.019230769230769218,-0.3974358974358974,-0.07692307692307687,-0.05769230769230771,-0.012820512820512775,-0.0705128205128206,-0.0064102564102563875,-0.05769230769230771,-0.012820512820512803,-0.15384615384615394,-24138.0,-3881.0,-20257.0,-20257.0,0.0,MIXED_LONG_AND_SHORT_DOWN,MM_STRUCTURE_LONG_LIQUIDATION
2019-04-09,1303.5,117917,80880,37037,0.2692307692307692,0.0104651162790698,-0.0082173388319924,0.0055542319684271,-0.0043537667159038,0.24358974358974358,0.7115384615384616,-0.025641025641025633,-0.08974358974358973,0.006410256410256415,-0.2628205128205128,-0.14743589743589736,-0.08333333333333326,-0.10897435897435892,-0.08333333333333326,0.07692307692307693,0.006410256410256443,0.06410256410256412,-0.057692307692307626,-14448.0,-8866.0,-5582.0,-5582.0,0.0,MIXED_LONG_AND_SHORT_DOWN,MM_STRUCTURE_SHORT_COVERING_RALLY
2019-04-16,1272.5999755859375,96196,111583,-15387,0.1346153846153846,-0.0237054272451572,-0.013488391018653,-0.0248276049149904,-0.0503693763373785,0.07051282051282051,0.8717948717948718,-0.21153846153846154,-0.46794871794871795,-0.09615384615384615,-0.7435897435897436,0.0641025641025641,0.10897435897435903,0.07051282051282048,0.0705128205128206,-0.0897435897435897,-0.28205128205128205,-0.04487179487179488,-0.43589743589743596,-70215.0,27549.0,-97764.0,-97764.0,0.0,LONG_LIQUIDATION,MM_STRUCTURE_LONG_LIQUIDATION
2019-04-23,1269.300048828125,88989,122818,-33829,0.1282051282051282,-0.0025930589510605,-0.026237016625911,-0.0342387570023478,-0.0421099749346374,0.038461538461538464,0.8717948717948718,-0.32692307692307687,-0.42307692307692313,-0.2564102564102564,-0.608974358974359,0.17948717948717952,0.16666666666666663,0.044871794871794934,0.13461538461538458,-0.2243589743589744,-0.2756410256410256,-0.0897435897435897,-0.4038461538461538,-65228.0,47160.0,-112388.0,-112388.0,0.0,LONG_LIQUIDATION,MM_STRUCTURE_LONG_LIQUIDATION
2019-04-30,1282.800048828125,95159,95083,76,0.1794871794871795,0.0106357830935748,0.0080151449299621,-0.0055813574975774,0.0006240630484595,0.07051282051282051,0.8141025641025641,-0.14743589743589744,-0.20512820512820515,-0.27564102564102566,-0.24358974358974364,0.0641025641025641,-0.012820512820512775,0.0064102564102563875,-0.07692307692307687,-0.03205128205128202,-0.03846153846153841,-0.08974358974358973,-0.03205128205128199,-30744.0,427.0,-31171.0,-31171.0,0.0,LONG_LIQUIDATION,MM_STRUCTURE_LONG_LIQUIDATION
2019-05-07,1283.5,102975,93428,9547,0.1858974358974359,0.0005456432376302,0.0111872296743271,-0.015343306482547,-0.0098742947974864,0.14743589743589744,0.782051282051282,-0.09615384615384615,-0.12179487179487178,-0.18589743589743588,-0.15384615384615383,0.07051282051282048,-0.07692307692307687,-0.012820512820512775,-0.11538461538461531,-0.08333333333333331,-0.0064102564102563875,-0.07692307692307687,0.006410256410256415,-20318.0,-12458.0,-7860.0,-7860.0,0.0,MIXED_LONG_AND_SHORT_DOWN,MM_STRUCTURE_LONG_LIQUIDATION
2019-05-14,1294.699951171875,138467,85921,52546,0.358974358974359,0.0087261014194586,0.0092765059953192,0.0173660034652776,-0.0078927577227011,0.4358974358974359,0.717948717948718,0.3653846153846154,0.15384615384615385,-0.10256410256410253,0.038461538461538464,-0.15384615384615385,-0.08974358974358976,-0.04487179487179482,-0.09615384615384615,0.22435897435897437,0.13461538461538466,-0.05769230769230771,0.08974358974358984,14558.0,-7513.0,22071.0,22071.0,0.0,LONG_BUILDING,MM_STRUCTURE_ACCUMULATION
2019-05-21,1272.0,114986,99049,15937,0.2051282051282051,-0.0175329821796382,-0.0089598753408648,0.0021271181501707,-0.032184468733636,0.2564102564102564,0.8269230769230769,0.21794871794871792,-0.10897435897435898,-0.20512820512820518,-0.17948717948717946,-0.044871794871794934,0.13461538461538458,0.1217948717948717,0.26923076923076916,0.0769230769230769,-0.1474358974358975,-0.1987179487179487,-0.28205128205128216,-20387.0,21663.0,-42050.0,-42050.0,0.0,SHORT_BUILDING,MM_STRUCTURE_LONG_LIQUIDATION
2019-05-28,1276.5,119314,93040,26274,0.2564102564102564,0.0035377358490567,-0.0140572733901793,-0.0049111697757419,-0.0104651162790697,0.2948717948717949,0.7692307692307693,0.22435897435897437,0.07692307692307693,0.019230769230769218,0.20512820512820512,-0.04487179487179482,0.019230769230769273,-0.0576923076923076,0.07692307692307698,0.0769230769230769,0.04487179487179488,0.03846153846153849,0.10256410256410259,8498.0,6842.0,1656.0,1656.0,0.0,MIXED_LONG_AND_SHORT_UP,MM_STRUCTURE_NEUTRAL
2019-06-04,1323.4000244140625,159663,63481,96182,0.532051282051282,0.0367411080407853,0.0404088242248918,0.0310868908563011,0.0152666086797563,0.5641025641025641,0.5192307692307693,0.41666666666666663,0.3205128205128205,0.2948717948717949,0.41025641025641024,-0.2628205128205128,-0.1923076923076923,-0.33974358974358965,-0.10897435897435903,0.34615384615384615,0.26282051282051283,0.33974358974358976,0.2564102564102564,41746.0,-17399.0,59145.0,59145.0,0.0,LONG_BUILDING,MM_STRUCTURE_ACCUMULATION
2019-06-11,1326.4000244140625,169640,40480,129160,0.6217948717948718,0.0022668882761494,0.0390912843040049,0.0244844940431909,0.0422756953168681,0.6346153846153846,0.3525641025641026,0.19871794871794868,0.5641025641025641,0.35256410256410253,1.032051282051282,-0.36538461538461536,-0.5192307692307692,-0.4551282051282051,-0.6282051282051282,0.26282051282051283,0.4871794871794872,0.39743589743589747,0.7692307692307693,73444.0,-71103.0,144547.0,144547.0,0.0,LONG_BUILDING,MM_STRUCTURE_ACCUMULATION
2019-06-18,1346.5999755859375,191766,41250,150516,0.7115384615384616,0.0152291547045155,0.0175305657729203,0.058647779548693,0.0608996484552091,0.7307692307692307,0.3525641025641026,0.47435897435897434,0.6923076923076923,0.36538461538461536,1.1153846153846154,-0.4743589743589743,-0.5192307692307692,-0.3397435897435897,-0.6858974358974358,0.5064102564102565,0.5833333333333334,0.358974358974359,0.858974358974359,102777.0,-81568.0,184345.0,184345.0,0.0,LONG_BUILDING,MM_STRUCTURE_ACCUMULATION
2019-06-25,1414.9000244140625,204918,27177,177741,0.8269230769230769,0.0507203698696088,0.066721952933539,0.1084214840689874,0.1029778379776447,0.8012820512820513,0.21153846153846154,0.5064102564102564,0.7307692307692308,0.5833333333333334,0.935897435897436,-0.5576923076923077,-0.6025641025641025,-0.5384615384615384,-0.5897435897435898,0.5705128205128205,0.6474358974358974,0.6153846153846154,0.6858974358974358,109759.0,-67906.0,177665.0,177665.0,0.0,LONG_BUILDING,MM_STRUCTURE_CROWDED_LONG
2019-07-02,1404.5999755859375,214186,20099,194087,0.8525641025641025,-0.0072797007918565,0.0430714399610492,0.0613570724451411,0.0943513639158064,0.8397435897435898,0.09615384615384616,0.27564102564102566,0.6923076923076923,0.5961538461538461,0.8141025641025641,-0.42307692307692313,-0.6858974358974359,-0.6153846153846154,-0.608974358974359,0.3205128205128205,0.6666666666666666,0.5833333333333333,0.673076923076923,111211.0,-73329.0,184540.0,184540.0,0.0,LONG_BUILDING,MM_STRUCTURE_CROWDED_LONG
2019-07-09,1397.5,208301,25690,182611,0.8397435897435898,-0.0050548025838998,-0.0122977059253838,0.0536037200522112,0.0794006740597135,0.8205128205128205,0.17307692307692307,0.1858974358974359,0.3846153846153846,0.75,0.23076923076923073,-0.17948717948717952,-0.5448717948717949,-0.6987179487179487,-0.4551282051282052,0.21794871794871795,0.4807692307692308,0.7051282051282052,0.34615384615384615,69834.0,-60231.0,130065.0,130065.0,0.0,LONG_BUILDING,MM_STRUCTURE_CROWDED_LONG
2019-07-16,1409.199951171875,211322,31263,180059,0.8397435897435898,0.0083720580836315,0.0032749363988979,0.0464874325864284,0.107861596833235,0.8397435897435898,0.2564102564102564,0.10897435897435903,0.5833333333333334,0.8012820512820513,0.6923076923076923,-0.0961538461538462,-0.5705128205128205,-0.6153846153846154,-0.7051282051282051,0.1282051282051282,0.6346153846153847,0.7115384615384616,0.7820512820512822,96336.0,-67786.0,164122.0,164122.0,0.0,LONG_BUILDING,MM_STRUCTURE_CROWDED_LONG
2019-07-23,1420.0999755859375,208153,29980,178173,0.8333333333333334,0.0077349026339363,0.0161717177716904,0.0036751368168421,0.1124950846736683,0.8205128205128205,0.25,0.019230769230769162,0.5256410256410255,0.75,0.4487179487179486,0.038461538461538464,-0.5192307692307693,-0.5641025641025641,-0.5384615384615385,0.0064102564102564985,0.576923076923077,0.6538461538461539,0.5320512820512822,88839.0,-63060.0,151899.0,151899.0,0.0,LONG_BUILDING,MM_STRUCTURE_CROWDED_LONG
2019-07-30,1429.699951171875,215581,29868,185713,0.8653846153846154,0.0067600702422212,0.0145472613612798,0.017869839115914,0.0803233525742732,0.8717948717948718,0.25,0.03205128205128205,0.3076923076923077,0.7243589743589743,-0.012820512820512775,0.15384615384615385,-0.2692307692307693,-0.532051282051282,-0.07692307692307698,0.012820512820512886,0.33333333333333337,0.6794871794871795,0.07051282051282054,55918.0,-33613.0,89531.0,89531.0,0.0,LONG_BUILDING,MM_STRUCTURE_CROWDED_LONG
2019-08-06,1472.4000244140625,248687,21854,226833,0.9423076923076924,0.0298664577887044,0.0368284273834635,0.0535957240887745,0.1100723743310361,0.9358974358974359,0.1282051282051282,0.11538461538461542,0.3012820512820513,0.5,-0.2628205128205128,-0.04487179487179488,-0.2243589743589744,-0.5897435897435898,0.29487179487179477,0.10256410256410264,0.3205128205128206,0.5833333333333335,-0.16666666666666663,79047.0,-18626.0,97673.0,97673.0,0.0,LONG_BUILDING,MM_STRUCTURE_CROWDED_LONG
2019-08-13,1502.199951171875,245631,22020,223611,0.9423076923076924,0.0202390153923497,0.0507099408799547,0.0659948930048304,0.1155502587308694,0.9294871794871795,0.1346153846153846,0.08974358974358976,0.1987179487179488,0.6730769230769231,-0.4935897435897435,-0.12179487179487178,-0.21794871794871798,-0.6923076923076923,0.3012820512820512,0.10256410256410264,0.23076923076923084,0.7371794871794873,-0.35256410256410253,53865.0,-19230.0,73095.0,73095.0,0.0,LONG_BUILDING,MM_STRUCTURE_CROWDED_LONG
2019-08-20,1504.5999755859375,249696,19850,229846,0.9551282051282052,0.0015976730742071,0.0218690237964978,0.0595028529347978,0.0633966708771678,0.9487179487179487,0.08333333333333333,0.1282051282051282,0.14743589743589736,0.6538461538461537,-0.5833333333333335,-0.16666666666666669,-0.1282051282051282,-0.6858974358974359,0.47435897435897434,0.1217948717948718,0.1282051282051283,0.6987179487179488,-0.519230769230769,44778.0,-7327.0,52105.0,52105.0,0.0,LONG_BUILDING,MM_STRUCTURE_CROWDED_LONG
2019-08-27,1541.0,258269,31553,226716,0.9487179487179488,0.0241924930245245,0.0258288177934347,0.0778485364966936,0.0971095164352131,0.967948717948718,0.28846153846153844,0.09615384615384615,0.1282051282051282,0.40384615384615385,-0.5641025641025641,0.038461538461538436,0.1923076923076923,-0.23076923076923084,0.8782051282051282,0.08333333333333337,0.09615384615384626,0.41666666666666674,-0.5705128205128204,44083.0,11454.0,32629.0,32629.0,0.0,MIXED_LONG_AND_SHORT_UP,MM_STRUCTURE_CROWDED_LONG
2019-09-03,1545.9000244140625,265175,33549,231626,0.967948717948718,0.0031797692498782,0.0274491888198,0.0499184995797925,0.1061896417989713,0.9743589743589743,0.3076923076923077,0.038461538461538436,0.15384615384615385,0.33974358974358976,-0.23076923076923073,0.17948717948717952,0.13461538461538464,-0.04487179487179488,0.6794871794871795,0.02564102564102555,0.1282051282051282,0.34615384615384615,-0.3525641025641026,56874.0,7859.0,49015.0,49015.0,0.0,MIXED_LONG_AND_SHORT_UP,MM_STRUCTURE_CROWDED_LONG
2019-09-10,1490.300048828125,239475,33294,206181,0.9166666666666666,-0.0359660875269158,-0.032900682136194,-0.0079216500669346,0.0575504544893066,0.9230769230769231,0.30128205128205127,-0.0064102564102563875,0.08333333333333337,0.1923076923076924,-0.5,0.16666666666666666,0.04487179487179488,-0.05128205128205132,0.6153846153846154,-0.025641025641025772,0.07692307692307687,0.20512820512820507,-0.5576923076923078,28153.0,2031.0,26122.0,26122.0,0.0,MIXED_LONG_AND_SHORT_UP,MM_STRUCTURE_CROWDED_LONG
2019-09-17,1505.0999755859375,241936,28080,213856,0.935897435897436,0.0099308369274027,-0.0263924239496595,0.0003323142417341,0.0598549408219859,0.9294871794871795,0.23717948717948717,-0.019230769230769162,0.10897435897435903,0.1282051282051282,-0.4166666666666665,0.15384615384615385,-0.01282051282051283,0.025641025641025633,0.5064102564102564,-0.019230769230769162,0.10256410256410264,0.10897435897435914,-0.47435897435897434,33783.0,-1900.0,35683.0,35683.0,0.0,LONG_BUILDING,MM_STRUCTURE_CROWDED_LONG
2019-09-24,1532.0999755859375,265508,27637,237871,0.9935897435897436,0.0179390076659118,0.0280479939530842,-0.005775486316718,0.0716234370226625,0.9871794871794872,0.23717948717948717,0.019230769230769273,0.11538461538461542,0.14743589743589747,-0.1923076923076923,-0.051282051282051266,-0.01282051282051283,0.14102564102564102,0.25641025641025644,0.04487179487179482,0.1282051282051282,0.14102564102564108,-0.20512820512820518,49927.0,-2231.0,52158.0,52158.0,0.0,LONG_BUILDING,MM_STRUCTURE_CROWDED_LONG
2019-10-01,1482.0,219990,29179,190811,0.8717948717948718,-0.032700199976687,-0.0153478014488337,-0.0413351597159604,0.0065199507109203,0.8910256410256411,0.26282051282051283,-0.08333333333333326,-0.04487179487179482,0.0705128205128206,-0.34615384615384615,-0.04487179487179488,0.13461538461538464,0.08974358974358976,0.35897435897435903,-0.09615384615384615,-0.0705128205128206,0.03205128205128205,-0.3910256410256412,-28697.0,7325.0,-36022.0,-36022.0,0.0,LONG_LIQUIDATION,MM_STRUCTURE_CROWDED_LONG
2019-10-08,1497.199951171875,231976,31475,200501,0.903846153846154,0.0102563773089574,-0.0227792082567688,0.0046298746008734,-0.003328451712503,0.9166666666666666,0.28846153846153844,-0.0064102564102564985,-0.012820512820512886,0.07692307692307687,-0.21153846153846168,-0.01282051282051283,0.15384615384615383,0.03205128205128205,0.3717948717948718,-0.012820512820512664,-0.038461538461538436,0.06410256410256421,-0.2692307692307693,-13655.0,9455.0,-23110.0,-23110.0,0.0,LONG_LIQUIDATION,MM_STRUCTURE_CROWDED_LONG
2019-10-15,1477.5999755859375,213987,38200,175787,0.8012820512820513,-0.0130910875134589,-0.002968977337424,-0.0182712115115769,-0.0179449690536418,0.8525641025641025,0.34615384615384615,-0.07692307692307698,-0.09615384615384615,0.03205128205128205,-0.2435897435897435,0.10897435897435898,0.26282051282051283,0.09615384615384615,0.391025641025641,-0.1346153846153847,-0.15384615384615385,-0.03205128205128205,-0.28205128205128216,-35709.0,18350.0,-54059.0,-54059.0,0.0,LONG_LIQUIDATION,MM_STRUCTURE_CROWDED_LONG
2019-10-22,1481.699951171875,218317,33879,184438,0.8525641025641025,0.0027747534201951,-0.0103526586331157,-0.0328960415228696,-0.038481537201898,0.8782051282051282,0.32051282051282054,-0.10897435897435903,-0.08974358974358976,0.0064102564102563875,-0.21794871794871795,0.08333333333333337,0.032051282051282104,0.07051282051282054,-0.1602564102564102,-0.14102564102564108,-0.09615384615384626,-0.012820512820512886,-0.1923076923076925,-39952.0,2326.0,-42278.0,-42278.0,0.0,LONG_LIQUIDATION,MM_STRUCTURE_CROWDED_LONG
2019-10-29,1487.0,230664,32106,198558,0.8974358974358975,0.0035770054685722,0.0063616841969253,0.0033738191632928,-0.0381007979066351,0.9102564102564102,0.30128205128205127,0.019230769230769162,-0.0641025641025641,-0.02564102564102566,-0.21794871794871795,0.038461538461538436,-0.006410256410256443,0.17307692307692307,-0.14102564102564108,0.02564102564102566,-0.07051282051282048,-0.044871794871794934,-0.19871794871794868,-34511.0,-1443.0,-33068.0,-33068.0,0.0,MIXED_LONG_AND_SHORT_DOWN,MM_STRUCTURE_CROWDED_LONG
2019-11-05,1480.800048828125,233167,35920,197247,0.8846153846153846,-0.0041694358923167,-0.0006073445187322,-0.0109537155213728,-0.0063745552497768,0.9166666666666666,0.33974358974358976,0.0,-0.0064102564102564985,-0.012820512820512886,-0.08974358974358987,0.05128205128205132,0.03846153846153849,0.20512820512820515,-0.0064102564102563875,-0.019230769230769384,-0.03205128205128205,-0.05769230769230782,-0.10897435897435892,-6308.0,2626.0,-8934.0,-8934.0,0.0,LONG_LIQUIDATION,MM_STRUCTURE_CROWDED_LONG
2019-11-12,1452.0999755859375,209432,33991,175441,0.7692307692307693,-0.0193814642732488,-0.023470090392779,-0.0172577154990057,-0.0352136076404937,0.8141025641025641,0.3333333333333333,-0.038461538461538436,-0.11538461538461542,-0.13461538461538458,-0.22435897435897445,-0.01282051282051283,0.09615384615384615,0.25,0.10897435897435898,-0.03205128205128205,-0.16666666666666674,-0.1858974358974359,-0.2692307692307694,-32504.0,5911.0,-38415.0,-38415.0,0.0,LONG_LIQUIDATION,MM_STRUCTURE_LONG_LIQUIDATION
2019-11-19,1473.300048828125,221795,26596,195199,0.8653846153846154,0.0145995961701141,-0.0050648296547095,-0.0056690980769126,-0.0383786487140468,0.8782051282051282,0.21153846153846154,0.0,-0.10897435897435903,-0.08974358974358976,-0.22435897435897445,-0.108974358974359,-0.025641025641025633,-0.0769230769230769,-0.012820512820512803,0.012820512820512886,-0.1282051282051282,-0.08333333333333337,-0.2564102564102564,-43713.0,-1041.0,-42672.0,-42672.0,0.0,MIXED_LONG_AND_SHORT_DOWN,MM_STRUCTURE_CROWDED_LONG
2019-11-26,1459.800048828125,218724,24437,194287,0.8589743589743589,-0.0091631029339461,0.0053027156336673,-0.0182918299743611,-0.0149797241375674,0.8589743589743589,0.17307692307692307,-0.05128205128205132,-0.03205128205128216,-0.11538461538461542,0.012820512820512664,-0.1282051282051282,-0.08974358974358976,-0.13461538461538464,-0.2243589743589744,-0.03846153846153855,-0.012820512820512886,-0.10897435897435903,0.05769230769230771,-1266.0,-4742.0,3476.0,3476.0,0.0,MIXED_LONG_AND_SHORT_DOWN,MM_STRUCTURE_CROWDED_LONG
2019-12-03,1478.199951171875,232276,24314,207962,0.9230769230769232,0.0126043990466508,0.0033258007068195,-0.0017558735619354,-0.0126903557438192,0.9102564102564102,0.16666666666666666,-0.0064102564102563875,-0.0064102564102563875,-0.012820512820512886,0.0064102564102564985,-0.1730769230769231,-0.12179487179487178,-0.1346153846153846,-0.2756410256410256,0.03846153846153866,0.019230769230769273,0.0064102564102566095,0.05769230769230771,300.0,-7161.0,7461.0,7461.0,0.0,SHORT_COVERING,MM_STRUCTURE_CROWDED_LONG
2019-12-10,1462.5999755859375,212929,29281,183648,0.8141025641025641,-0.0105533595597606,0.0019180207317159,0.0072309070839031,-0.0101515973523563,0.8076923076923077,0.28846153846153844,-0.0064102564102563875,-0.04487179487179482,-0.1217948717948718,0.05128205128205132,-0.04487179487179488,-0.05769230769230771,0.051282051282051266,-0.32051282051282054,0.04487179487179482,0.012820512820512775,-0.12179487179487192,0.16666666666666663,-1058.0,-8919.0,7861.0,7861.0,0.0,MIXED_LONG_AND_SHORT_DOWN,MM_STRUCTURE_CROWDED_LONG
2019-12-17,1474.5999755859375,228616,26895,201721,0.903846153846154,0.0082045673460322,-0.0024353779629633,0.0008823231621057,-0.0047917768913484,0.8782051282051282,0.23076923076923078,0.0,0.0,-0.10897435897435903,0.08974358974358976,0.019230769230769246,-0.08974358974358976,-0.0064102564102563875,-0.12179487179487186,0.03846153846153855,0.05128205128205143,-0.08974358974358965,0.1474358974358977,10299.0,-6984.0,17283.0,17283.0,0.0,LONG_BUILDING,MM_STRUCTURE_CROWDED_LONG
2019-12-24,1499.0999755859375,245366,26520,218846,0.935897435897436,0.0166146754412259,0.0249555590108481,0.0269214450221186,0.0081371725527488,0.9423076923076923,0.22435897435897437,0.08333333333333337,0.03205128205128205,0.05128205128205121,0.09615384615384615,0.051282051282051294,-0.0769230769230769,-0.038461538461538464,-0.07051282051282046,0.0769230769230771,0.03846153846153855,0.06410256410256421,0.10897435897435903,14702.0,-5586.0,20288.0,20288.0,0.0,LONG_BUILDING,MM_STRUCTURE_CROWDED_LONG
2019-12-31,1519.5,258357,25625,232732,0.9743589743589745,0.0136081814063728,0.0304489523650108,0.0279394196944624,0.0261344880441498,0.9807692307692307,0.1987179487179487,0.07051282051282048,0.0641025641025641,0.0641025641025641,0.0705128205128206,0.03205128205128205,-0.14102564102564105,-0.08974358974358973,-0.17948717948717954,0.05128205128205121,0.08974358974358987,0.07051282051282048,0.12179487179487192,25190.0,-10295.0,35485.0,35485.0,0.0,LONG_BUILDING,MM_STRUCTURE_CROWDED_LONG
2020-01-07,1571.800048828125,261083,31326,229757,0.9551282051282052,0.0344192489819841,0.0484958137723749,0.0746616129255988,0.0824323911953013,0.9807692307692307,0.3333333333333333,0.17307692307692302,0.16666666666666663,0.1282051282051282,0.28205128205128205,0.04487179487179488,0.0,-0.01282051282051283,-0.09615384615384615,0.14102564102564108,0.1858974358974359,0.15384615384615385,0.35256410256410264,51651.0,-2665.0,54316.0,54316.0,0.0,LONG_BUILDING,MM_STRUCTURE_CROWDED_LONG
2020-01-14,1542.4000244140625,262402,31943,230459,0.9615384615384616,-0.018704684756806,0.0150707630234041,0.045978604333819,0.0469014954834896,0.9807692307692307,0.3525641025641026,0.10256410256410253,0.10256410256410253,0.10256410256410253,0.21153846153846156,0.1217948717948718,0.14102564102564105,0.03205128205128205,0.16666666666666669,0.0576923076923076,0.09615384615384615,0.10897435897435903,0.22435897435897434,40607.0,5347.0,35260.0,35260.0,0.0,MIXED_LONG_AND_SHORT_UP,MM_STRUCTURE_CROWDED_LONG
2020-01-21,1556.4000244140625,258269,34437,223832,0.9294871794871796,0.0090767633418045,-0.0097976994119221,0.0382229669543745,0.0661734294799376,0.9615384615384616,0.3974358974358974,0.019230769230769273,0.10256410256410264,0.05128205128205132,0.1346153846153848,0.17307692307692304,0.22435897435897434,0.09615384615384615,0.3141025641025641,-0.0064102564102563875,0.0705128205128207,0.03205128205128216,0.08333333333333359,39545.0,10000.0,29545.0,29545.0,0.0,MIXED_LONG_AND_SHORT_UP,MM_STRUCTURE_CROWDED_LONG
2020-01-28,1569.199951171875,254259,34321,219938,0.9102564102564102,0.0082240597256679,0.0173754709113114,0.0327080955392398,0.0615613604423797,0.9487179487179487,0.3974358974358974,-0.03205128205128205,0.038461538461538436,0.03205128205128205,0.04487179487179482,0.1987179487179487,0.23076923076923075,0.057692307692307654,0.35256410256410253,-0.06410256410256421,-0.012820512820512997,0.02564102564102566,-0.03205128205128227,21983.0,10007.0,11976.0,11976.0,0.0,MIXED_LONG_AND_SHORT_UP,MM_STRUCTURE_CROWDED_LONG
2020-02-04,1550.4000244140625,223762,42152,181610,0.75,-0.0119805807690553,-0.0038550500551802,-0.0136149788454438,0.0600301177996063,0.8269230769230769,0.4551282051282051,-0.15384615384615385,0.019230769230769162,0.012820512820512775,0.06410256410256399,0.1217948717948718,0.16666666666666669,0.1217948717948718,0.2243589743589744,-0.20512820512820518,-0.0641025641025641,-0.019230769230769273,-0.07692307692307687,10833.0,12871.0,-2038.0,-2038.0,0.0,MIXED_LONG_AND_SHORT_UP,MM_STRUCTURE_SHORT_BUILDING
2020-02-11,1565.5999755859375,231499,35828,195671,0.8141025641025641,0.0098038899203574,-0.0022941471437397,0.0150414618806093,0.0617116516388391,0.8589743589743589,0.4166666666666667,-0.1217948717948718,-0.019230769230769273,-0.019230769230769273,-0.019230769230769273,0.0641025641025641,0.1858974358974359,0.20512820512820515,0.27564102564102566,-0.14743589743589747,-0.08974358974358987,-0.05128205128205132,-0.1410256410256413,2883.0,8933.0,-6050.0,-6050.0,0.0,MIXED_LONG_AND_SHORT_UP,MM_STRUCTURE_CROWDED_LONG
2020-02-18,1600.0,278286,39740,238546,0.9935897435897436,0.0219724226817186,0.0319917278153312,0.028013348048071,0.0673070682791685,1.0,0.44871794871794873,0.038461538461538436,0.05769230769230771,0.14102564102564108,0.02564102564102566,0.05128205128205132,0.22435897435897437,0.27564102564102566,0.30128205128205127,0.06410256410256399,0.0576923076923076,0.1346153846153847,0.01923076923076905,32920.0,13220.0,19700.0,19700.0,0.0,MIXED_LONG_AND_SHORT_UP,MM_STRUCTURE_CROWDED_LONG
2020-02-25,1646.9000244140625,263218,32372,230846,0.9551282051282052,0.0293125152587889,0.051929004915638,0.0495157249935938,0.0838433855966189,0.9743589743589743,0.36538461538461536,0.02564102564102566,-0.0064102564102563875,0.0641025641025641,-0.07051282051282048,-0.03205128205128205,0.16666666666666666,0.1987179487179487,0.3076923076923077,0.044871794871794934,-0.019230769230769273,0.03205128205128194,-0.10897435897435914,4861.0,6747.0,-1886.0,-1886.0,0.0,MIXED_LONG_AND_SHORT_UP,MM_STRUCTURE_CROWDED_LONG
2020-03-03,1642.0999755859375,242921,27560,215361,0.8846153846153846,-0.0029145963670944,0.0263124847412108,0.059145994406528,0.0447257440984465,0.8910256410256411,0.2692307692307692,0.06410256410256421,-0.08974358974358965,0.08333333333333337,-0.2564102564102563,-0.1858974358974359,-0.0641025641025641,-0.019230769230769218,-0.0641025641025641,0.13461538461538458,-0.0705128205128206,0.07051282051282048,-0.2564102564102565,-18162.0,-3766.0,-14396.0,-14396.0,0.0,MIXED_LONG_AND_SHORT_DOWN,MM_STRUCTURE_CROWDED_LONG
2020-03-10,1659.0999755859375,220642,10457,210185,0.8717948717948718,0.0103525974378837,0.0074078274279067,0.0597215134504629,0.0756612741990896,0.7884615384615384,0.00641025641025641,-0.07051282051282048,-0.1923076923076923,-0.08974358974358976,-0.2948717948717948,-0.4102564102564103,-0.3461538461538462,-0.22435897435897437,-0.4871794871794872,0.05769230769230771,-0.08974358974358976,-0.03205128205128216,-0.1858974358974359,-41760.0,-21486.0,-20274.0,-20274.0,0.0,MIXED_LONG_AND_SHORT_DOWN,MM_STRUCTURE_LONG_LIQUIDATION
2020-03-17,1524.9000244140625,164979,10900,154079,0.5897435897435898,-0.0808871997749745,-0.0713719949542387,-0.0469374847412109,-0.0202390127896964,0.5064102564102564,0.01282051282051282,-0.4935897435897436,-0.4551282051282052,-0.4358974358974359,-0.5576923076923078,-0.4358974358974359,-0.3846153846153846,-0.21153846153846154,-0.6089743589743589,-0.40384615384615385,-0.33974358974358987,-0.34615384615384626,-0.4102564102564106,-93290.0,-23537.0,-69753.0,-69753.0,0.0,MIXED_LONG_AND_SHORT_DOWN,MM_STRUCTURE_LONG_LIQUIDATION
2020-03-24,1660.199951171875,158965,1556,157409,0.5897435897435898,0.0887270801964876,0.0006629953602097,0.0080757341433304,0.0579913349678868,0.46794871794871795,0.0,-0.5064102564102564,-0.4807692307692307,-0.5128205128205128,-0.5192307692307692,-0.36538461538461536,-0.3974358974358974,-0.1987179487179487,-0.6282051282051282,-0.3653846153846154,-0.3205128205128205,-0.3846153846153847,-0.3076923076923075,-95294.0,-32765.0,-62529.0,-62529.0,0.0,MIXED_LONG_AND_SHORT_DOWN,MM_STRUCTURE_LONG_LIQUIDATION
2020-03-31,1583.4000244140625,156820,4222,152598,0.5769230769230769,-0.0462594440528697,0.0383631707412939,-0.0357468802415209,0.0212848293861911,0.44871794871794873,0.00641025641025641,-0.44230769230769235,-0.37820512820512814,-0.5320512820512819,-0.3974358974358973,-0.26282051282051283,-0.44871794871794873,-0.3269230769230769,-0.6153846153846154,-0.3076923076923077,-0.17307692307692313,-0.3782051282051283,-0.10897435897435903,-66942.0,-37930.0,-29012.0,-29012.0,0.0,MIXED_LONG_AND_SHORT_DOWN,MM_STRUCTURE_LONG_LIQUIDATION
2020-04-07,1664.800048828125,157005,4523,152482,0.5705128205128205,0.0514083763792947,0.0027708094154579,0.0034356418094541,0.0633623369884515,0.4551282051282051,0.01282051282051282,-0.3333333333333333,-0.4038461538461538,-0.5256410256410255,-0.3846153846153845,0.00641025641025641,-0.40384615384615385,-0.33974358974358976,-0.5897435897435898,-0.3012820512820513,-0.2435897435897436,-0.3910256410256411,-0.15384615384615374,-74494.0,-31305.0,-43189.0,-43189.0,0.0,MIXED_LONG_AND_SHORT_DOWN,MM_STRUCTURE_LONG_LIQUIDATION
2020-04-14,1756.699951171875,162412,7168,155244,0.5833333333333334,0.0552017657666694,0.1094479752972987,0.1520099174022118,0.0979374694824217,0.5,0.019230769230769232,-0.0064102564102563875,-0.5,-0.46153846153846156,-0.5576923076923077,0.006410256410256412,-0.4294871794871795,-0.3782051282051282,-0.6538461538461539,-0.0064102564102563875,-0.41025641025641024,-0.34615384615384626,-0.46794871794871784,-115874.0,-32572.0,-83302.0,-83302.0,0.0,MIXED_LONG_AND_SHORT_DOWN,MM_STRUCTURE_LONG_LIQUIDATION
2020-04-21,1678.199951171875,155492,9221,146271,0.532051282051282,-0.0446860603301283,0.008048956001162,0.0108420675396927,0.0190053593380377,0.4423076923076923,0.02564102564102564,-0.02564102564102566,-0.532051282051282,-0.5064102564102564,-0.5256410256410257,0.02564102564102564,-0.3397435897435897,-0.37179487179487175,-0.5064102564102564,-0.05769230769230771,-0.42307692307692313,-0.3782051282051282,-0.40384615384615385,-107726.0,-23151.0,-84575.0,-84575.0,0.0,MIXED_LONG_AND_SHORT_DOWN,MM_STRUCTURE_LONG_LIQUIDATION
2020-04-28,1710.5,154025,7619,146406,0.532051282051282,0.019246841716072,-0.0262992841441451,0.0802702877518086,0.0416539951470713,0.42948717948717946,0.02564102564102564,-0.019230769230769273,-0.4615384615384616,-0.3974358974358974,-0.371794871794872,0.019230769230769232,-0.24358974358974358,-0.42948717948717946,-0.1794871794871795,-0.04487179487179482,-0.35256410256410253,-0.21794871794871795,-0.28205128205128194,-88896.0,-19941.0,-68955.0,-68955.0,0.0,MIXED_LONG_AND_SHORT_DOWN,MM_STRUCTURE_LONG_LIQUIDATION
2020-05-05,1704.4000244140625,142326,9085,133241,0.5,-0.0035661944378471,0.0156120092983509,0.023786625675445,0.0273039898105758,0.40384615384615385,0.03205128205128205,-0.051282051282051266,-0.3846153846153846,-0.45512820512820507,-0.1923076923076923,0.01923076923076923,0.02564102564102564,-0.38461538461538464,0.37179487179487186,-0.07051282051282048,-0.3717948717948718,-0.3141025641025641,-0.28205128205128205,-78316.0,-1372.0,-76944.0,-76944.0,0.0,MIXED_LONG_AND_SHORT_DOWN,MM_STRUCTURE_LONG_LIQUIDATION
2020-05-12,1704.4000244140625,144015,21798,122217,0.4615384615384615,0.0,-0.0035661944378471,-0.0297716902211579,0.1177126350096113,0.4166666666666667,0.1858974358974359,-0.08333333333333331,-0.0897435897435897,-0.5833333333333333,0.3653846153846155,0.16666666666666669,0.17307692307692307,-0.26282051282051283,0.5576923076923077,-0.12179487179487186,-0.12820512820512825,-0.5320512820512822,0.21153846153846162,-20964.0,10898.0,-31862.0,-31862.0,0.0,LONG_LIQUIDATION,MM_STRUCTURE_LONG_LIQUIDATION
2020-05-19,1744.199951171875,153961,26897,127064,0.4807692307692308,0.0233512826729129,0.0233512826729129,0.0393278524134819,0.0505963151852326,0.42948717948717946,0.3141025641025641,-0.01282051282051283,-0.03846153846153849,-0.5448717948717949,0.44230769230769224,0.28846153846153844,0.3141025641025641,-0.051282051282051266,0.7115384615384615,-0.051282051282051266,-0.10897435897435898,-0.4743589743589744,0.2115384615384615,-5004.0,25341.0,-30345.0,-30345.0,0.0,SHORT_BUILDING,MM_STRUCTURE_LONG_LIQUIDATION
2020-05-26,1704.800048828125,145566,32485,113081,0.4487179487179487,-0.022589097263349,0.0002347010140415,-0.0033323304132563,0.0766704702173959,0.4230769230769231,0.44871794871794873,-0.0064102564102563875,-0.02564102564102566,-0.467948717948718,0.3525641025641025,0.4230769230769231,0.44230769230769235,0.17948717948717952,0.8910256410256411,-0.08333333333333337,-0.1282051282051282,-0.4358974358974359,0.044871794871794934,-11254.0,28263.0,-39517.0,-39517.0,0.0,SHORT_BUILDING,MM_STRUCTURE_LONG_LIQUIDATION
2020-06-02,1725.199951171875,133655,33300,100355,0.4358974358974359,0.0119661554196768,-0.0108932464923156,0.0122036649025296,0.0362805745868799,0.3717948717948718,0.46794871794871795,-0.03205128205128205,-0.08333333333333331,-0.41666666666666663,0.3205128205128205,0.4358974358974359,0.4551282051282051,0.46153846153846156,0.858974358974359,-0.0641025641025641,-0.13461538461538458,-0.4358974358974359,0.10897435897435903,-23350.0,28777.0,-52127.0,-52127.0,0.0,SHORT_BUILDING,MM_STRUCTURE_LONG_LIQUIDATION
2020-06-09,1714.699951171875,126407,35230,91177,0.4166666666666667,-0.0060862510417227,0.0058070753520655,0.0060431392925808,-0.0239084653995591,0.34615384615384615,0.5064102564102564,-0.07051282051282054,-0.15384615384615385,-0.16025641025641024,0.34615384615384615,0.3205128205128205,0.48717948717948717,0.49358974358974356,0.9166666666666667,-0.04487179487179482,-0.16666666666666669,-0.17307692307692307,0.24358974358974356,-36005.0,28062.0,-64067.0,-64067.0,0.0,LONG_LIQUIDATION,MM_STRUCTURE_LONG_LIQUIDATION
2020-06-16,1729.5999755859375,135945,31257,104688,0.4423076923076923,0.008689581173592,0.0025504431593994,-0.0083705859389161,0.0306280693061455,0.3974358974358974,0.40384615384615385,-0.03205128205128205,-0.04487179487179488,-0.07051282051282054,0.48717948717948717,0.08974358974358976,0.3782051282051282,0.40384615384615385,0.7179487179487178,-0.03846153846153849,-0.08974358974358976,-0.14743589743589747,0.33333333333333337,-19547.0,22036.0,-41583.0,-41583.0,0.0,SHORT_BUILDING,MM_STRUCTURE_LONG_LIQUIDATION
2020-06-23,1772.0999755859375,161593,32078,129515,0.5,0.0245721557585025,0.0334752586741684,0.0394767273757847,0.0360128474632783,0.532051282051282,0.4423076923076923,0.10897435897435898,0.10256410256410259,0.08333333333333331,0.5641025641025642,-0.006410256410256443,0.41666666666666663,0.4358974358974359,0.6602564102564102,0.05128205128205132,-0.03205128205128205,-0.07692307692307687,0.3205128205128205,7568.0,24459.0,-16891.0,-16891.0,0.0,MIXED_LONG_AND_SHORT_UP,MM_STRUCTURE_SHORT_BUILDING
2020-06-30,1793.0,173526,34971,138555,0.532051282051282,0.0117939307612437,0.0366558888234167,0.0392998207437176,0.051983087489333,0.5897435897435898,0.5192307692307693,0.21794871794871795,0.1858974358974359,0.13461538461538464,0.5705128205128205,0.05128205128205132,0.4871794871794872,0.5064102564102565,0.46153846153846156,0.09615384615384615,0.03205128205128205,-0.038461538461538436,0.40384615384615385,31200.0,25886.0,5314.0,5314.0,0.0,MIXED_LONG_AND_SHORT_UP,MM_STRUCTURE_NEUTRAL
2020-07-07,1804.199951171875,179810,40467,139343,0.532051282051282,0.0062464869893334,0.0181140883856305,0.0521957208541548,0.0585542861583339,0.5961538461538461,0.5769230769230769,0.25,0.17948717948717946,0.09615384615384615,0.26923076923076916,0.07051282051282048,0.39102564102564097,0.5576923076923076,0.2179487179487179,0.11538461538461536,0.07051282051282054,-0.05128205128205132,0.1987179487179488,35795.0,18669.0,17126.0,17126.0,0.0,MIXED_LONG_AND_SHORT_UP,MM_STRUCTURE_NEUTRAL
2020-07-14,1810.5999755859373,177400,42427,134973,0.5064102564102564,0.0035472922000165,0.0098159373039248,0.046831638033852,0.0380690438441131,0.5833333333333334,0.6025641025641025,0.18589743589743596,0.1538461538461539,0.14102564102564108,0.1923076923076924,0.19871794871794868,0.28846153846153844,0.5769230769230769,-0.02564102564102566,0.0641025641025641,0.025641025641025605,-0.02564102564102566,0.13461538461538458,23439.0,15530.0,7909.0,7909.0,0.0,MIXED_LONG_AND_SHORT_UP,MM_STRUCTURE_NEUTRAL
2020-07-21,1842.4000244140625,181256,40987,140269,0.532051282051282,0.017563265910149,0.0211728601463354,0.0396704755920334,0.0807132635176326,0.5961538461538461,0.5897435897435898,0.0641025641025641,0.17307692307692307,0.16666666666666669,0.19871794871794873,0.14743589743589747,0.14102564102564102,0.5641025641025641,-0.3012820512820513,0.03205128205128205,0.08333333333333337,0.0,0.21153846153846156,35690.0,8502.0,27188.0,27188.0,0.0,MIXED_LONG_AND_SHORT_UP,MM_STRUCTURE_NEUTRAL
2020-07-28,1944.699951171875,159894,42758,117136,0.4358974358974359,0.0555253611605583,0.0740638337535275,0.0846067770060652,0.1272316289198249,0.5,0.6153846153846154,-0.08974358974358976,0.1282051282051282,0.09615384615384615,0.2115384615384615,0.09615384615384615,0.14743589743589747,0.5833333333333334,-0.30769230769230765,-0.09615384615384615,0.0,-0.0641025641025641,0.13461538461538458,26239.0,9458.0,16781.0,16781.0,0.0,MIXED_LONG_AND_SHORT_UP,MM_STRUCTURE_NEUTRAL
2020-08-04,2001.199951171875,165357,51885,113472,0.4358974358974359,0.0290533251496989,0.0861918826821095,0.1091896715062226,0.1670846259744731,0.532051282051282,0.6410256410256411,-0.0641025641025641,0.1858974358974359,0.11538461538461536,0.33974358974358976,0.06410256410256421,0.1346153846153847,0.4551282051282052,-0.3525641025641025,-0.09615384615384615,0.019230769230769218,-0.025641025641025605,0.1858974358974359,38950.0,16655.0,22295.0,22295.0,0.0,MIXED_LONG_AND_SHORT_UP,MM_STRUCTURE_NEUTRAL
2020-08-11,1932.5999755859373,155418,57726,97692,0.3974358974358974,-0.0342794209772824,-0.0062220269911799,0.0673809795896627,0.1173681792700243,0.44871794871794873,0.6474358974358975,-0.13461538461538464,0.05128205128205132,0.019230769230769273,0.0961538461538462,0.044871794871794934,0.2435897435897436,0.33333333333333337,-0.13461538461538458,-0.10897435897435898,-0.04487179487179488,-0.08333333333333337,0.04487179487179488,19473.0,26469.0,-6996.0,-6996.0,0.0,MIXED_LONG_AND_SHORT_UP,MM_STRUCTURE_SHORT_BUILDING
2020-08-18,1999.4000244140625,151016,55578,95438,0.391025641025641,0.0345648606395498,-0.0008994237466168,0.0852149359094427,0.1282659285365484,0.4230769230769231,0.6410256410256411,-0.17307692307692307,-0.10897435897435898,0.0,-0.21153846153846156,0.05128205128205132,0.1987179487179488,0.19230769230769235,-0.21794871794871784,-0.14102564102564102,-0.10897435897435898,-0.057692307692307654,-0.07692307692307693,-10577.0,23500.0,-34077.0,-34077.0,0.0,SHORT_BUILDING,MM_STRUCTURE_LONG_LIQUIDATION
2020-08-25,1911.800048828125,145055,58206,86849,0.3846153846153846,-0.0438131311974997,-0.0107626653319738,-0.0169177267289611,0.0662576959442973,0.41025641025641024,0.6474358974358975,-0.08974358974358976,-0.17948717948717952,0.038461538461538436,-0.3653846153846154,0.03205128205128205,0.1282051282051282,0.17948717948717952,-0.35897435897435903,-0.05128205128205132,-0.14743589743589747,-0.05128205128205132,-0.17948717948717952,-28471.0,23235.0,-51706.0,-51706.0,0.0,LONG_LIQUIDATION,MM_STRUCTURE_LONG_LIQUIDATION
2020-09-01,1968.199951171875,147175,49433,97742,0.4166666666666667,0.0295009419935528,-0.0156047178459602,-0.0164901063387872,0.0908990158732006,0.4230769230769231,0.6153846153846154,-0.10897435897435898,-0.17307692307692307,0.07692307692307693,-0.35256410256410253,-0.02564102564102566,0.03846153846153855,0.10897435897435903,-0.3525641025641024,-0.019230769230769218,-0.11538461538461536,0.0,-0.1858974358974359,-32635.0,8966.0,-41601.0,-41601.0,0.0,LONG_LIQUIDATION,MM_STRUCTURE_LONG_LIQUIDATION
2020-09-08,1933.0,155528,51236,104292,0.4358974358974359,-0.0178843369805576,0.0110890002251384,0.0002069876948753,0.0676019143181818,0.4807692307692308,0.6153846153846154,0.03205128205128205,-0.10256410256410259,0.08333333333333337,-0.2564102564102565,-0.03205128205128205,0.012820512820512886,0.21153846153846156,-0.27564102564102555,0.03846153846153849,-0.07051282051282048,-0.0064102564102563875,-0.09615384615384609,-21872.0,8809.0,-30681.0,-30681.0,0.0,LONG_LIQUIDATION,MM_STRUCTURE_LONG_LIQUIDATION
2020-09-15,1956.300048828125,166571,55473,111098,0.4551282051282051,0.0120538276400026,-0.0060460840559745,-0.0215564544661682,0.0618215495575049,0.5705128205128205,0.6282051282051282,0.1474358974358974,-0.02564102564102566,0.038461538461538436,-0.19871794871794873,-0.012820512820512886,0.038461538461538436,0.1858974358974359,-0.10256410256410259,0.0641025641025641,-0.07692307692307693,-0.04487179487179488,-0.1602564102564103,-14685.0,14486.0,-29171.0,-29171.0,0.0,LONG_LIQUIDATION,MM_STRUCTURE_LONG_LIQUIDATION
2020-09-22,1898.5999755859373,144670,63222,81448,0.3782051282051282,-0.0294944905188504,-0.0177961843838917,-0.0069045260513928,-0.0237054438954235,0.41025641025641024,0.6474358974358975,0.0,-0.08974358974358976,-0.17948717948717952,-0.21794871794871795,0.0,0.03205128205128205,0.1282051282051282,-0.11538461538461542,-0.0064102564102563875,-0.05769230769230771,-0.15384615384615385,-0.05769230769230771,-15224.0,20464.0,-35688.0,-35688.0,0.0,SHORT_BUILDING,MM_STRUCTURE_LONG_LIQUIDATION
2020-09-29,1894.300048828125,140320,45948,94372,0.4038461538461538,-0.002264788166599,-0.0316924799123424,-0.0375469485708246,-0.0534179017349819,0.391025641025641,0.5705128205128205,-0.03205128205128205,-0.14102564102564102,-0.20512820512820512,-0.3269230769230769,-0.044871794871794934,-0.0705128205128206,-0.0064102564102563875,-0.2051282051282053,-0.012820512820512886,-0.032051282051282104,-0.12820512820512825,-0.05128205128205132,-25037.0,-5937.0,-19100.0,-19100.0,0.0,MIXED_LONG_AND_SHORT_DOWN,MM_STRUCTURE_LONG_LIQUIDATION
2020-10-06,1901.0999755859373,139350,44738,94612,0.4102564102564102,0.0035896777609327,0.0013167597346188,-0.0165028579482994,-0.0162992861419496,0.391025641025641,0.5641025641025641,-0.08974358974358976,-0.05769230769230771,-0.19230769230769235,-0.10897435897435903,-0.05128205128205132,-0.08333333333333337,-0.038461538461538436,-0.326923076923077,-0.025641025641025716,0.012820512820512775,-0.0961538461538462,0.057692307692307654,-16068.0,-12988.0,-3080.0,-3080.0,0.0,MIXED_LONG_AND_SHORT_DOWN,MM_STRUCTURE_SHORT_COVERING_RALLY
2020-10-13,1888.5,138169,56388,81781,0.3846153846153846,-0.0066277290767171,-0.0030618427274565,-0.0346572852506643,-0.0554666515254057,0.38461538461538464,0.6282051282051282,-0.18589743589743585,-0.038461538461538436,-0.2115384615384615,0.07051282051282054,0.0,-0.012820512820512886,0.038461538461538436,-0.21153846153846168,-0.07051282051282054,-0.006410256410256443,-0.14743589743589747,0.10256410256410253,-12847.0,810.0,-13657.0,-13657.0,0.0,LONG_LIQUIDATION,MM_STRUCTURE_LONG_LIQUIDATION
2020-10-20,1910.4000244140625,149108,58543,90565,0.4038461538461538,0.011596518090581,0.0048919304337262,0.0062151316653649,-0.0007323069245241,0.46153846153846156,0.6410256410256411,0.05128205128205132,0.05128205128205132,-0.038461538461538436,0.23076923076923084,-0.0064102564102563875,-0.0064102564102563875,0.02564102564102566,-0.13461538461538458,0.025641025641025605,0.019230769230769218,-0.032051282051282104,0.16666666666666669,4053.0,337.0,3716.0,3716.0,0.0,MIXED_LONG_AND_SHORT_UP,MM_STRUCTURE_ACCUMULATION
2020-10-27,1908.800048828125,149140,47265,101875,0.4679487179487179,-0.0008375081477651,0.0107492977644294,0.0076545423777876,-0.030179810902029,0.46794871794871795,0.5641025641025641,0.07692307692307693,0.04487179487179488,-0.0641025641025641,0.21794871794871795,-0.0064102564102563875,-0.05128205128205132,-0.07692307692307698,-0.08974358974358987,0.0641025641025641,0.05128205128205121,0.03205128205128199,0.16666666666666657,1965.0,-2168.0,4133.0,4133.0,0.0,SHORT_COVERING,MM_STRUCTURE_ACCUMULATION
2020-11-03,1908.5,140094,49399,90695,0.4102564102564102,-0.0001571923828843,-0.000994568880748,0.0038924961912021,-0.0126745990688049,0.40384615384615385,0.5769230769230769,0.01282051282051283,-0.07692307692307693,-0.04487179487179488,0.02564102564102566,0.012820512820512775,-0.03846153846153855,-0.0705128205128206,-0.05128205128205143,0.0,-0.025641025641025716,0.012820512820512775,0.04487179487179477,-15434.0,-1837.0,-13597.0,-13597.0,0.0,MIXED_LONG_AND_SHORT_DOWN,MM_STRUCTURE_LONG_LIQUIDATION
2020-11-10,1875.4000244140625,130105,50322,79783,0.3717948717948718,-0.0173434506606955,-0.0174979167852431,-0.0069367093385954,-0.0413535870750111,0.3525641025641026,0.5833333333333334,-0.03205128205128205,-0.2179487179487179,-0.07051282051282048,-0.19230769230769224,-0.04487179487179482,-0.04487179487179482,-0.05769230769230771,-0.08333333333333326,-0.012820512820512775,-0.08333333333333331,-0.019230769230769218,-0.0064102564102563875,-36466.0,-5151.0,-31315.0,-31315.0,0.0,MIXED_LONG_AND_SHORT_DOWN,MM_STRUCTURE_LONG_LIQUIDATION
2020-11-17,1884.5,139550,49103,90447,0.4102564102564102,0.0048522850951655,-0.0125753209326696,-0.0135573827905526,-0.0074265120442686,0.41025641025641024,0.5576923076923077,-0.05128205128205132,0.0,0.0,0.08974358974358976,-0.08333333333333337,-0.08974358974358976,-0.08974358974358976,-0.1217948717948718,0.0064102564102563875,0.03205128205128199,0.025641025641025605,0.0897435897435897,-5120.0,-14119.0,8999.0,8999.0,0.0,MIXED_LONG_AND_SHORT_DOWN,MM_STRUCTURE_SHORT_COVERING_RALLY
2020-11-24,1804.800048828125,137503,52155,85348,0.4038461538461538,-0.042292359337689,-0.0376452888273771,-0.0544844914813623,-0.047247002952551,0.391025641025641,0.5961538461538461,-0.07692307692307693,0.0,-0.03205128205128205,0.14102564102564102,0.03205128205128205,0.02564102564102566,-0.019230769230769273,0.09615384615384626,-0.0641025641025641,0.0,-0.012820512820512886,0.032051282051282104,-2817.0,6207.0,-9024.0,-9024.0,0.0,SHORT_BUILDING,MM_STRUCTURE_NEUTRAL
2020-12-01,1814.0999755859373,134446,48903,85543,0.4102564102564102,0.0051528848106197,-0.0373574021831056,-0.049462941794112,-0.045762979915449,0.3717948717948718,0.5448717948717948,-0.03205128205128205,-0.019230769230769218,-0.10897435897435898,0.03846153846153849,-0.03205128205128205,-0.019230769230769273,-0.0705128205128206,0.0641025641025641,0.0,0.0,-0.025641025641025716,-0.012820512820512775,-4904.0,4165.0,-9069.0,-9069.0,0.0,LONG_LIQUIDATION,MM_STRUCTURE_NEUTRAL
2020-12-08,1870.800048828125,147844,49033,98811,0.4807692307692308,0.0312552086463009,0.0365691479468068,-0.0024527970171989,-0.0093724920158194,0.48717948717948717,0.5448717948717948,0.13461538461538458,0.10256410256410253,-0.08333333333333331,0.14102564102564097,-0.03846153846153855,-0.08333333333333337,-0.08333333333333337,-0.07051282051282048,0.10897435897435898,0.0961538461538462,0.02564102564102566,0.10256410256410264,9675.0,-7355.0,17030.0,17030.0,0.0,LONG_BUILDING,MM_STRUCTURE_ACCUMULATION
2020-12-15,1852.300048828125,151901,50022,101879,0.5,-0.0098888173600318,0.0210573142364161,-0.0170867345035155,-0.0304124658937634,0.5128205128205128,0.5705128205128205,0.10256410256410253,0.05128205128205121,0.10256410256410253,-1.1102230246251565e-16,0.012820512820512775,-0.0705128205128206,-0.07692307692307698,-0.06410256410256421,0.08974358974358981,0.0961538461538462,0.1217948717948718,0.07692307692307698,2793.0,-8521.0,11314.0,11314.0,0.0,SHORT_COVERING,MM_STRUCTURE_ACCUMULATION
2020-12-21,1879.199951171875,158194,50070,108124,0.5192307692307693,0.0145224324540553,0.0044900054118619,0.0412233490308573,-0.01550717565961,0.5833333333333334,0.5705128205128205,0.19230769230769235,0.11538461538461542,0.19230769230769235,0.07051282051282054,-0.02564102564102566,0.0064102564102563875,0.0,0.05769230769230771,0.11538461538461547,0.05128205128205138,0.11538461538461547,1.6653345369377348e-16,9054.0,2805.0,6249.0,6249.0,0.0,MIXED_LONG_AND_SHORT_UP,MM_STRUCTURE_NEUTRAL
2020-12-29,1879.699951171875,159673,50678,108995,0.5256410256410257,0.000266070675283,0.0147923671227481,0.0361611688819683,-0.0150904107037594,0.5961538461538461,0.5769230769230769,0.22435897435897434,0.1923076923076923,0.20512820512820512,0.2692307692307692,0.03205128205128205,0.0,0.012820512820512775,0.03846153846153855,0.11538461538461547,0.11538461538461547,0.11538461538461547,0.1410256410256412,19579.0,1279.0,18300.0,18300.0,0.0,MIXED_LONG_AND_SHORT_UP,MM_STRUCTURE_ACCUMULATION
2021-01-05,1952.699951171875,167096,50527,116569,0.5576923076923077,0.0388359854744311,0.0391123892665945,0.0437780095179345,0.0412178339295712,0.6538461538461539,0.5705128205128205,0.16666666666666669,0.30128205128205127,0.2692307692307692,0.5192307692307692,0.02564102564102566,-0.012820512820512886,-0.05769230769230771,0.03205128205128194,0.07692307692307693,0.1858974358974359,0.17307692307692313,0.2692307692307692,36991.0,205.0,36786.0,36786.0,0.0,MIXED_LONG_AND_SHORT_UP,MM_STRUCTURE_ACCUMULATION
2021-01-12,1842.9000244140625,131057,52823,78234,0.358974358974359,-0.0562297995101184,-0.0195775537126923,-0.0050747849518275,-0.0220748079522088,0.33974358974358976,0.5961538461538461,-0.17307692307692302,-0.07051282051282048,-0.1217948717948718,-0.07051282051282048,0.02564102564102566,0.038461538461538436,-0.044871794871794934,0.1282051282051282,-0.14102564102564102,-0.05128205128205121,-0.04487179487179482,-0.0833333333333332,-8493.0,3720.0,-12213.0,-12213.0,0.0,LONG_LIQUIDATION,MM_STRUCTURE_LONG_LIQUIDATION
2021-01-19,1839.5,127161,49090,78071,0.358974358974359,-0.0018449315584243,-0.0579709909369026,-0.0211259856340023,0.0192264795174434,0.3333333333333333,0.5128205128205128,-0.25000000000000006,-0.05769230769230771,-0.13461538461538464,-0.05769230769230771,-0.05769230769230771,-0.08333333333333337,-0.05128205128205132,-0.10897435897435903,-0.1602564102564103,-0.04487179487179482,-0.10897435897435892,-0.04487179487179482,-10342.0,-3065.0,-7277.0,-7277.0,0.0,MIXED_LONG_AND_SHORT_DOWN,MM_STRUCTURE_LONG_LIQUIDATION
2021-01-26,1850.699951171875,142815,46416,96399,0.4743589743589743,0.0060885844913698,0.0042324199112713,-0.0154279942295685,0.0201752803475543,0.4423076923076923,0.4807692307692308,-0.15384615384615385,0.07051282051282048,0.038461538461538436,0.0897435897435897,-0.09615384615384609,-0.06410256410256404,-0.09615384615384609,-0.04487179487179477,-0.05128205128205138,0.0641025641025641,0.0641025641025641,0.0641025641025641,8369.0,-2487.0,10856.0,10856.0,0.0,LONG_BUILDING,MM_STRUCTURE_ACCUMULATION
2021-02-02,1830.5,137062,49284,87778,0.4230769230769231,-0.0109147629031298,-0.0048926338678988,-0.0625799939711879,-0.0215416120249564,0.391025641025641,0.5256410256410257,-0.26282051282051283,-0.09615384615384615,0.038461538461538436,-0.19871794871794868,-0.04487179487179482,-0.019230769230769162,-0.05769230769230771,0.06410256410256421,-0.13461538461538464,-0.05769230769230771,0.051282051282051266,-0.1538461538461539,-10782.0,251.0,-11033.0,-11033.0,0.0,LONG_LIQUIDATION,MM_STRUCTURE_LONG_LIQUIDATION
2021-02-09,1835.300048828125,134733,47093,87640,0.4230769230769231,0.0026222610369435,-0.0083211232236747,-0.0041239218000194,-0.0091777787355538,0.3717948717948718,0.47435897435897434,0.03205128205128205,-0.14102564102564097,-0.038461538461538436,-0.19230769230769218,-0.1217948717948718,-0.09615384615384615,-0.08333333333333337,-0.02564102564102555,0.0641025641025641,-0.07692307692307693,0.012820512820512886,-0.17307692307692313,-17168.0,-2929.0,-14239.0,-14239.0,0.0,MIXED_LONG_AND_SHORT_DOWN,MM_STRUCTURE_LONG_LIQUIDATION
2021-02-16,1797.199951171875,125997,58041,67956,0.358974358974359,-0.0207596015052566,-0.0181917775624829,-0.0229954057233623,-0.0436355907464048,0.32051282051282054,0.6282051282051282,-0.012820512820512775,-0.26282051282051283,-0.07051282051282048,-0.37820512820512825,0.11538461538461542,0.05769230769230771,0.03205128205128205,0.05128205128205132,0.0,-0.1602564102564103,-0.04487179487179482,-0.21153846153846168,-32197.0,7971.0,-40168.0,-40168.0,0.0,LONG_LIQUIDATION,MM_STRUCTURE_LONG_LIQUIDATION
2021-02-23,1804.4000244140625,125124,56001,69123,0.3653846153846153,0.0040062727786591,-0.0168364973530038,-0.0250175220075491,-0.0400595460519471,0.3141025641025641,0.6089743589743589,-0.1282051282051282,-0.28205128205128205,-0.05769230769230771,-0.47435897435897434,0.12820512820512814,0.03205128205128205,0.0641025641025641,0.03205128205128205,-0.10897435897435898,-0.16025641025641035,-0.04487179487179488,-0.2756410256410258,-34549.0,5323.0,-39872.0,-39872.0,0.0,LONG_LIQUIDATION,MM_STRUCTURE_LONG_LIQUIDATION
2021-03-02,1733.0999755859375,106608,60648,45960,0.3205128205128205,-0.0395145465880151,-0.0356665798617125,-0.0532095189369365,-0.1124596615338413,0.1987179487179487,0.6410256410256411,-0.19230769230769232,-0.4551282051282052,-0.28846153846153844,-0.7564102564102564,0.11538461538461542,0.0705128205128206,0.09615384615384626,0.08333333333333348,-0.10256410256410259,-0.23717948717948723,-0.1602564102564103,-0.42307692307692313,-60488.0,10121.0,-70609.0,-70609.0,0.0,LONG_LIQUIDATION,MM_STRUCTURE_LONG_LIQUIDATION
2021-03-09,1716.5999755859375,96223,66793,29430,0.2564102564102564,-0.0095205125107808,-0.0486588603636469,-0.064676112942938,-0.0685333155108515,0.08974358974358974,0.6538461538461539,-0.28205128205128205,-0.25,-0.423076923076923,-0.17948717948717952,0.17948717948717952,0.05769230769230771,0.08333333333333337,0.019230769230769273,-0.16666666666666669,-0.10256410256410259,-0.2435897435897436,-0.05128205128205138,-34834.0,13970.0,-48804.0,-48804.0,0.0,LONG_LIQUIDATION,MM_STRUCTURE_LONG_LIQUIDATION
2021-03-16,1730.5999755859375,100669,59548,41121,0.3012820512820512,0.0081556566463432,-0.0014425018955728,-0.0370576326482262,-0.0592008830736953,0.1346153846153846,0.6282051282051282,-0.18589743589743593,-0.1987179487179487,-0.4487179487179488,-0.141025641025641,0.0,0.11538461538461542,0.05769230769230771,0.1987179487179488,-0.057692307692307765,-0.057692307692307765,-0.21794871794871806,-0.012820512820512941,-26492.0,10458.0,-36950.0,-36950.0,0.0,LONG_LIQUIDATION,MM_STRUCTURE_LONG_LIQUIDATION
2021-03-23,1724.699951171875,107941,64420,43521,0.3269230769230769,-0.0034092363904402,0.0047186156944762,-0.0441698471313578,-0.0680823490162281,0.24358974358974358,0.6474358974358975,-0.07051282051282051,-0.1987179487179487,-0.35256410256410253,-0.26923076923076916,0.03846153846153855,0.16666666666666669,0.0705128205128206,0.23076923076923073,-0.03846153846153838,-0.14743589743589736,-0.19871794871794873,-0.21153846153846145,-34874.0,18004.0,-52878.0,-52878.0,0.0,LONG_LIQUIDATION,MM_STRUCTURE_LONG_LIQUIDATION
2021-03-30,1683.9000244140625,113009,69936,43073,0.3269230769230769,-0.0236562462532049,-0.0269848329080575,-0.0283884091310088,-0.0800873944746994,0.28205128205128205,0.6602564102564102,0.08333333333333334,-0.10897435897435898,-0.3717948717948718,-0.01282051282051283,0.019230769230769162,0.13461538461538458,0.08974358974358976,0.15384615384615374,0.006410256410256443,-0.09615384615384615,-0.23076923076923078,-0.038461538461538436,-24053.0,20652.0,-44705.0,-44705.0,0.0,LONG_LIQUIDATION,MM_STRUCTURE_LONG_LIQUIDATION
2021-04-06,1741.5,121563,55091,66472,0.391025641025641,0.0342062917933505,0.0097408530780731,0.014505432114761,-0.0511088357939172,0.3333333333333333,0.5576923076923077,0.24358974358974356,-0.03846153846153849,-0.006410256410256443,0.10256410256410248,-0.09615384615384615,0.08333333333333337,-0.038461538461538436,0.17948717948717952,0.13461538461538464,-0.03205128205128205,0.03205128205128205,0.04487179487179488,-13170.0,7998.0,-21168.0,-21168.0,0.0,LONG_LIQUIDATION,MM_STRUCTURE_LONG_LIQUIDATION
2021-04-13,1746.199951171875,112070,58263,53807,0.3717948717948718,0.0026987948158914,0.0369974023722048,0.0090142007431011,-0.0283774768448803,0.27564102564102566,0.6025641025641025,0.14102564102564105,-0.04487179487179488,-0.057692307692307654,0.21794871794871795,-0.02564102564102566,-0.02564102564102566,0.08974358974358976,-0.08333333333333337,0.0705128205128206,0.01282051282051283,0.01282051282051283,0.17307692307692313,-13927.0,222.0,-14149.0,-14149.0,0.0,LONG_LIQUIDATION,MM_STRUCTURE_SHORT_COVERING_RALLY
2021-04-20,1777.300048828125,116843,60419,56424,0.391025641025641,0.0178101583586569,0.020557019137597,0.0304981151188123,-0.0150188290951379,0.3076923076923077,0.6153846153846154,0.06410256410256412,-0.0064102564102563875,-0.13461538461538458,0.27564102564102566,-0.03205128205128205,0.0064102564102564985,0.13461538461538464,-0.02564102564102555,0.0641025641025641,0.025641025641025716,-0.08333333333333326,0.18589743589743607,-8281.0,4418.0,-12699.0,-12699.0,0.0,LONG_LIQUIDATION,MM_STRUCTURE_NEUTRAL
2021-04-27,1778.0,117144,66493,50651,0.3525641025641026,0.0003938283647357,0.0182110008689349,0.055882162967888,0.0259073481314211,0.3141025641025641,0.6410256410256411,0.03205128205128205,0.11538461538461539,-0.07692307692307693,0.5705128205128206,-0.019230769230769162,0.0,0.11538461538461542,-0.0705128205128206,0.02564102564102566,0.032051282051282104,-0.07051282051282048,0.26923076923076933,10536.0,5845.0,4691.0,4691.0,0.0,MIXED_LONG_AND_SHORT_UP,MM_STRUCTURE_ACCUMULATION
2021-05-04,1775.800048828125,117434,63809,53625,0.3653846153846153,-0.001237317869446,-0.0008439767955833,0.019695692694875,0.034486819342975,0.32051282051282054,0.6346153846153846,-0.012820512820512775,0.23076923076923078,-0.051282051282051266,0.4807692307692308,0.07692307692307687,-0.019230769230769273,0.16025641025641024,-0.07692307692307698,-0.025641025641025716,0.10897435897435892,-0.057692307692307765,0.2115384615384615,21211.0,-2984.0,24195.0,24195.0,0.0,LONG_BUILDING,MM_STRUCTURE_ACCUMULATION
2021-05-11,1835.9000244140625,131295,49680,81615,0.4487179487179487,0.0338438866614505,0.0325646931462668,0.051368729670385,0.0608459784546531,0.4166666666666667,0.47435897435897434,0.14102564102564102,0.28205128205128205,0.09615384615384615,0.4807692307692307,-0.1282051282051282,-0.15384615384615385,-0.15384615384615385,-0.2692307692307693,0.07692307692307687,0.14743589743589747,0.0897435897435897,0.20512820512820523,30626.0,-9868.0,40494.0,40494.0,0.0,LONG_BUILDING,MM_STRUCTURE_ACCUMULATION
2021-05-18,1867.800048828125,141776,49786,91990,0.5192307692307693,0.0173756871234007,0.0518076345705205,0.0509199333335257,0.0829710104409862,0.5128205128205128,0.4807692307692308,0.20512820512820507,0.26923076923076916,0.19871794871794868,0.46794871794871784,-0.13461538461538464,-0.16666666666666669,-0.12820512820512814,-0.33333333333333337,0.12820512820512825,0.19230769230769235,0.15384615384615397,0.3397435897435897,33835.0,-14634.0,48469.0,48469.0,0.0,LONG_BUILDING,MM_STRUCTURE_ACCUMULATION
2021-05-25,1898.0999755859373,143862,36607,107255,0.6025641025641025,0.0162222539702912,0.033879813903116,0.0675477927929906,0.1272046725258577,0.5256410256410257,0.3269230769230769,0.21153846153846156,0.2435897435897436,0.326923076923077,0.3525641025641026,-0.31410256410256415,-0.3333333333333333,-0.31410256410256415,-0.4679487179487179,0.24999999999999994,0.2756410256410256,0.28205128205128205,0.37179487179487175,30853.0,-33329.0,64182.0,64182.0,0.0,SHORT_COVERING,MM_STRUCTURE_ACCUMULATION
2021-06-01,1902.9000244140625,147270,37297,109973,0.6153846153846154,0.002528870391373,0.0187921483394111,0.071573359663895,0.0926787392558499,0.5576923076923077,0.3333333333333333,0.23717948717948717,0.2243589743589744,0.46794871794871795,0.2628205128205129,-0.30128205128205127,-0.2243589743589744,-0.32051282051282054,-0.30769230769230776,0.2500000000000001,0.2243589743589744,0.35897435897435903,0.25641025641025644,25707.0,-17794.0,43501.0,43501.0,0.0,LONG_BUILDING,MM_STRUCTURE_ACCUMULATION
2021-06-08,1892.199951171875,145037,37373,107664,0.5961538461538461,-0.0056230348966873,-0.0031083844317741,0.030666117985254,0.0836101271804636,0.532051282051282,0.33974358974358976,0.11538461538461536,0.2564102564102564,0.39743589743589747,0.30128205128205127,-0.13461538461538458,-0.2628205128205128,-0.28846153846153844,-0.23717948717948711,0.14743589743589747,0.22435897435897434,0.29487179487179493,0.2115384615384615,32967.0,-20890.0,53857.0,53857.0,0.0,LONG_BUILDING,MM_STRUCTURE_ACCUMULATION
2021-06-15,1854.5,138546,41754,96792,0.532051282051282,-0.0199238728172076,-0.0254348750817666,-0.0071207026878865,0.043436644939484,0.46153846153846156,0.38461538461538464,-0.05128205128205121,0.15384615384615385,0.21794871794871798,0.16025641025641024,-0.09615384615384615,-0.23076923076923078,-0.26282051282051283,-0.23717948717948728,0.012820512820512775,0.14102564102564102,0.20512820512820512,0.11538461538461531,21703.0,-18665.0,40368.0,40368.0,0.0,LONG_BUILDING,MM_STRUCTURE_ACCUMULATION
2021-06-22,1776.300048828125,110038,47502,62536,0.358974358974359,-0.0421676738591938,-0.0612514033054334,-0.0641693948287487,-0.000956103021302,0.21153846153846154,0.4423076923076923,-0.3141025641025641,-0.10256410256410256,-0.07051282051282051,-0.21794871794871795,0.11538461538461536,-0.1987179487179488,-0.21794871794871795,-0.1987179487179488,-0.24358974358974356,0.0064102564102563875,0.03205128205128205,-0.025641025641025716,-7106.0,-18991.0,11885.0,11885.0,0.0,MIXED_LONG_AND_SHORT_DOWN,MM_STRUCTURE_SHORT_COVERING_RALLY
2021-06-29,1762.800048828125,115438,54056,61382,0.3525641025641026,-0.0076000673472402,-0.0494472640452278,-0.073624454142869,-0.0073206440153996,0.2564102564102564,0.5641025641025641,-0.3012820512820513,-0.06410256410256415,-0.07692307692307693,-0.29487179487179493,0.23076923076923078,-0.07051282051282048,0.0064102564102563875,-0.05128205128205121,-0.26282051282051283,-0.01282051282051272,-0.038461538461538436,-0.12179487179487164,-1996.0,-9753.0,7757.0,7757.0,0.0,MIXED_LONG_AND_SHORT_DOWN,MM_STRUCTURE_LONG_LIQUIDATION
2021-07-06,1793.5,131218,53258,77960,0.3782051282051282,0.0174154471984975,0.0096830212796663,-0.0521614806673831,-0.0230949528025605,0.3782051282051282,0.5641025641025641,-0.15384615384615385,-0.03846153846153849,0.10256410256410253,-0.32051282051282054,0.22435897435897434,0.08974358974358976,-0.038461538461538436,0.2435897435897436,-0.21794871794871795,-0.07051282051282048,0.0064102564102563875,-0.21794871794871795,-77.0,3578.0,-3655.0,-3655.0,0.0,SHORT_BUILDING,MM_STRUCTURE_LONG_LIQUIDATION
2021-07-13,1809.4000244140625,135938,49647,86291,0.4423076923076923,0.0088653606992263,0.0264352021188769,-0.024319210345612,-0.0312667431670232,0.4230769230769231,0.4935897435897436,-0.03846153846153849,-0.0897435897435897,0.11538461538461536,-0.35897435897435886,0.10897435897435898,0.01282051282051283,-0.1217948717948718,0.17948717948717952,-0.08974358974358976,-0.07692307692307698,0.051282051282051266,-0.26923076923076933,-5838.0,-139.0,-5699.0,-5699.0,0.0,MIXED_LONG_AND_SHORT_DOWN,MM_STRUCTURE_LONG_LIQUIDATION
2021-07-20,1810.9000244140625,135163,44735,90428,0.4615384615384615,0.0008290040785678,0.0097017141979718,0.0194786773826662,-0.0459406523857924,0.41025641025641024,0.41025641025641024,0.1987179487179487,-0.11538461538461542,0.09615384615384615,-0.35897435897435903,-0.03205128205128205,0.08333333333333331,-0.23076923076923084,0.41666666666666663,0.10256410256410253,-0.14102564102564102,0.10897435897435892,-0.41666666666666663,-8699.0,8128.0,-16827.0,-16827.0,0.0,LONG_LIQUIDATION,MM_STRUCTURE_LONG_LIQUIDATION
2021-07-27,1799.5,131635,41405,90230,0.4551282051282051,-0.0062952257222212,-0.0054714404114526,0.020819123074266,-0.054338127640679,0.3717948717948718,0.38461538461538464,0.11538461538461542,-0.1858974358974359,0.051282051282051266,-0.4102564102564103,-0.17948717948717946,0.05128205128205132,-0.24999999999999994,0.2756410256410257,0.10256410256410253,-0.1602564102564103,0.08974358974358981,-0.3846153846153847,-15635.0,4108.0,-19743.0,-19743.0,0.0,LONG_LIQUIDATION,MM_STRUCTURE_LOW_PARTICIPATION
2021-08-03,1810.0999755859373,132920,43047,89873,0.4487179487179487,0.0058905115787371,-0.0004417962434917,0.0092556317735921,-0.0433886363516137,0.3782051282051282,0.4166666666666667,0.0,-0.15384615384615385,-0.03846153846153849,-0.41025641025641024,-0.1474358974358974,0.07692307692307693,-0.057692307692307654,0.3397435897435897,0.07051282051282048,-0.14743589743589747,0.0,-0.3717948717948718,-12117.0,5674.0,-17791.0,-17791.0,0.0,LONG_LIQUIDATION,MM_STRUCTURE_LONG_LIQUIDATION
2021-08-10,1728.800048828125,111892,76489,35403,0.2179487179487179,-0.0449146057424232,-0.0392886641688663,-0.0445451389954735,-0.06778104673598,0.19230769230769232,0.7435897435897436,-0.23076923076923075,-0.2692307692307693,-0.3205128205128205,-0.42307692307692313,0.25,0.358974358974359,0.26282051282051283,0.5897435897435898,-0.2243589743589744,-0.31410256410256415,-0.3012820512820514,-0.4551282051282052,-26654.0,34735.0,-61389.0,-61389.0,0.0,SHORT_BUILDING,MM_STRUCTURE_LONG_LIQUIDATION
2021-08-17,1785.0,117272,58194,59078,0.3141025641025641,0.0325080689406334,-0.0138666239017058,-0.0143022939228479,0.0048977936906631,0.24358974358974358,0.6474358974358975,-0.16666666666666666,0.03205128205128205,-0.28205128205128205,0.1346153846153846,0.23717948717948723,0.20512820512820518,0.32051282051282054,0.40384615384615397,-0.1474358974358974,-0.04487179487179488,-0.28846153846153844,-0.051282051282051266,7234.0,10692.0,-3458.0,-3458.0,0.0,MIXED_LONG_AND_SHORT_UP,MM_STRUCTURE_SHORT_BUILDING
2021-08-24,1805.5999755859373,126636,51192,75444,0.3461538461538461,0.0115406025691524,0.0444238342137204,0.0033898169413377,0.0242795130317048,0.3269230769230769,0.5641025641025641,-0.04487179487179488,0.07051282051282054,-0.23076923076923078,0.1346153846153847,0.17948717948717946,0.0,0.23076923076923078,0.07051282051282048,-0.10897435897435903,-0.0064102564102564985,-0.26923076923076933,0.006410256410256221,11198.0,-2864.0,14062.0,14062.0,0.0,LONG_BUILDING,MM_STRUCTURE_NEUTRAL
2021-08-31,1815.0,136555,54878,81677,0.391025641025641,0.0052060392895232,0.0168067226890755,0.0027070462848199,0.0119877334820184,0.42948717948717946,0.6089743589743589,0.051282051282051266,0.051282051282051266,-0.10256410256410259,0.08974358974358976,0.19230769230769224,0.04487179487179482,0.26923076923076916,-0.044871794871794934,-0.057692307692307654,0.01282051282051283,-0.20512820512820512,0.08333333333333331,5337.0,1620.0,3717.0,3717.0,0.0,MIXED_LONG_AND_SHORT_UP,MM_STRUCTURE_NEUTRAL
2021-09-07,1795.9000244140625,129044,61449,67595,0.3205128205128205,-0.0105234025266873,-0.0053721484841774,0.0388130342959103,-0.0074610367071105,0.3269230769230769,0.7051282051282052,0.1346153846153846,-0.09615384615384615,-0.13461538461538464,-0.006410256410256443,-0.038461538461538436,0.21153846153846156,0.32051282051282054,0.19871794871794873,0.10256410256410259,-0.1217948717948718,-0.21153846153846156,-0.04487179487179482,-6894.0,11802.0,-18696.0,-18696.0,0.0,SHORT_BUILDING,MM_STRUCTURE_LONG_LIQUIDATION
2021-09-14,1804.699951171875,130837,59615,71222,0.3333333333333333,0.0049000092645377,-0.0056749580320247,0.0110363872111345,-0.0034237523654535,0.3333333333333333,0.6923076923076923,0.08974358974358973,-0.07692307692307693,0.12179487179487178,0.03846153846153849,0.04487179487179482,0.28205128205128205,0.25,0.19871794871794873,0.019230769230769218,-0.1282051282051282,-0.02564102564102566,0.01282051282051283,-4326.0,14880.0,-19206.0,-19206.0,0.0,SHORT_BUILDING,MM_STRUCTURE_LONG_LIQUIDATION
2021-09-21,1776.0,119777,72933,46844,0.2371794871794871,-0.0159028935271144,-0.0110808085881924,-0.0163934293233094,-0.0130591831064184,0.24358974358974358,0.7692307692307693,-0.08333333333333334,-0.12820512820512822,-0.012820512820512803,0.05769230769230768,0.20512820512820518,0.38461538461538464,0.20512820512820518,0.3333333333333333,-0.108974358974359,-0.21794871794871803,-0.1153846153846155,-0.05769230769230774,-11858.0,31528.0,-43386.0,-43386.0,0.0,SHORT_BUILDING,MM_STRUCTURE_LONG_LIQUIDATION
2021-09-28,1735.800048828125,118923,88062,30861,0.1538461538461538,-0.0226351076418215,-0.0381780374621333,-0.0436363367338153,-0.0410474160322338,0.22435897435897437,0.8333333333333334,-0.2051282051282051,-0.15384615384615383,-0.15384615384615383,2.7755575615628914e-17,0.22435897435897445,0.4166666666666667,0.2692307692307693,0.33974358974358976,-0.23717948717948723,-0.2948717948717949,-0.2243589743589744,-0.1474358974358974,-13997.0,45015.0,-59012.0,-59012.0,0.0,SHORT_BUILDING,MM_STRUCTURE_LONG_LIQUIDATION
2021-10-05,1759.5999755859375,126745,72579,54166,0.2692307692307692,0.0137112144765063,-0.009234247980891,-0.0202127336347514,0.0178157831373793,0.3076923076923077,0.7692307692307693,-0.019230769230769218,0.11538461538461539,-0.11538461538461536,0.3846153846153847,0.0641025641025641,0.02564102564102566,0.27564102564102566,-0.3333333333333333,-0.051282051282051266,0.05128205128205132,-0.17307692307692307,0.3653846153846155,14853.0,-3910.0,18763.0,18763.0,0.0,LONG_BUILDING,MM_STRUCTURE_NEUTRAL
2021-10-12,1758.300048828125,131668,73149,58519,0.282051282051282,-0.0007387626596093,0.0129623224836237,-0.0257105910118855,-0.0149579558385853,0.358974358974359,0.782051282051282,0.02564102564102566,0.11538461538461539,-0.051282051282051266,0.08333333333333334,0.08974358974358976,0.13461538461538458,0.3717948717948718,-0.0705128205128206,-0.05128205128205132,-0.032051282051282104,-0.17948717948717952,0.012820512820512775,14396.0,14955.0,-559.0,-559.0,0.0,MIXED_LONG_AND_SHORT_UP,MM_STRUCTURE_SHORT_BUILDING
2021-10-19,1769.699951171875,124560,66761,57799,0.2692307692307692,0.0064834795126962,0.0057399271005185,-0.0035473247906109,-0.0198826012956786,0.2564102564102564,0.75,0.012820512820512803,-0.07051282051282054,-0.11538461538461542,-0.14102564102564108,-0.019230769230769273,0.1858974358974359,0.36538461538461536,0.1858974358974359,0.03205128205128213,-0.07692307692307687,-0.1858974358974359,-0.07051282051282037,-2076.0,15569.0,-17645.0,-17645.0,0.0,SHORT_BUILDING,MM_STRUCTURE_LONG_LIQUIDATION
2021-10-26,1792.699951171875,141280,54918,86362,0.4230769230769231,0.0129965534466842,0.0195642958473878,0.0327802170429505,-0.0122865282799586,0.48717948717948717,0.6153846153846154,0.2628205128205128,0.05769230769230771,0.10897435897435898,0.006410256410256443,-0.21794871794871795,0.0064102564102564985,0.19871794871794873,-0.038461538461538325,0.2692307692307693,0.03205128205128205,-0.025641025641025605,0.019230769230769218,4725.0,40.0,4685.0,4685.0,0.0,MIXED_LONG_AND_SHORT_UP,MM_STRUCTURE_NEUTRAL
2021-11-02,1788.699951171875,136944,51705,85239,0.3974358974358974,-0.0022312713275778,0.0107362832820436,0.0165378358659316,-0.0040091726400731,0.4230769230769231,0.5769230769230769,0.11538461538461536,0.09615384615384615,0.23076923076923075,0.1923076923076923,-0.1923076923076924,-0.1282051282051283,-0.16666666666666674,-0.33974358974358987,0.1282051282051282,0.07692307692307693,0.17948717948717952,0.19871794871794873,7900.0,-9744.0,17644.0,17644.0,0.0,SHORT_COVERING,MM_STRUCTURE_ACCUMULATION
2021-11-09,1830.199951171875,168133,42523,125610,0.6538461538461539,0.0232012082142738,0.0209181686960422,0.0408917137843851,0.014129772643614,0.717948717948718,0.41025641025641024,0.358974358974359,0.38461538461538464,0.47435897435897434,0.46153846153846156,-0.3717948717948718,-0.28205128205128205,-0.23717948717948723,-0.5641025641025641,0.37179487179487186,0.32051282051282054,0.33974358974358976,0.44871794871794873,37296.0,-17092.0,54388.0,54388.0,0.0,LONG_BUILDING,MM_STRUCTURE_ACCUMULATION
2021-11-16,1853.5999755859373,185468,43083,142385,0.7051282051282052,0.0127855016054827,0.0362833489046292,0.047409180498934,0.0436936799470366,0.75,0.42948717948717946,0.4935897435897436,0.5064102564102564,0.4230769230769231,0.6346153846153846,-0.32051282051282054,-0.3397435897435898,-0.13461538461538464,-0.7243589743589745,0.43589743589743596,0.46794871794871806,0.3589743589743591,0.6858974358974361,65691.0,-29850.0,95541.0,95541.0,0.0,LONG_BUILDING,MM_STRUCTURE_ACCUMULATION
2021-11-23,1783.5,152273,46934,105339,0.5705128205128205,-0.0378182868521985,-0.0255163110139813,-0.0051318968162301,0.0274800955352423,0.5769230769230769,0.46153846153846156,0.0897435897435897,0.35256410256410253,0.1474358974358974,0.5064102564102564,-0.15384615384615385,-0.3717948717948718,-0.14743589743589736,-0.7884615384615385,0.1474358974358974,0.4166666666666667,0.17948717948717946,0.7115384615384616,33350.0,-41128.0,74478.0,74478.0,0.0,SHORT_COVERING,MM_STRUCTURE_ACCUMULATION
2021-11-30,1773.5999755859375,137469,45384,92085,0.4743589743589743,-0.0055508967838869,-0.0431592582292256,-0.0084418717493924,0.0079563538271465,0.41025641025641024,0.44871794871794873,-0.01282051282051283,0.10256410256410253,0.08333333333333331,-0.012820512820512858,-0.12820512820512814,-0.32051282051282054,-0.25641025641025644,-0.3461538461538462,0.07692307692307687,0.20512820512820507,0.1538461538461538,0.15384615384615374,10724.0,-27195.0,37919.0,37919.0,0.0,SHORT_COVERING,MM_STRUCTURE_ACCUMULATION
2021-12-07,1782.5999755859375,125067,44326,80741,0.3333333333333333,0.0050744249683623,-0.0005046394247617,-0.0260080739022309,0.0138201251680609,0.21794871794871795,0.4358974358974359,-0.5,-0.14102564102564102,-0.11538461538461536,-0.2564102564102564,0.02564102564102566,-0.34615384615384615,-0.2564102564102564,-0.4807692307692307,-0.32051282051282054,0.05128205128205132,0.0,0.08333333333333343,-6601.0,-28823.0,22222.0,22222.0,0.0,MIXED_LONG_AND_SHORT_DOWN,MM_STRUCTURE_SHORT_COVERING_RALLY
2021-12-14,1770.4000244140625,121492,58075,63417,0.2564102564102564,-0.0068439085262889,-0.0018042124582335,-0.0448856022160739,0.0003955886655948,0.1858974358974359,0.7051282051282052,-0.5641025641025641,-0.07051282051282048,-0.05769230769230768,5.551115123125783e-17,0.2756410256410257,-0.04487179487179482,-0.0641025641025641,-0.23076923076923073,-0.4487179487179488,-0.01282051282051283,0.0192307692307693,0.06410256410256404,-3068.0,-8686.0,5618.0,5618.0,0.0,MIXED_LONG_AND_SHORT_DOWN,MM_STRUCTURE_LONG_LIQUIDATION
2021-12-21,1787.9000244140625,124120,52372,71748,0.2884615384615384,0.0098847716666699,0.0029732126672912,0.0024670728421993,-0.0026774847372951,0.20512820512820512,0.6282051282051282,-0.37179487179487175,-0.28205128205128205,-0.019230769230769246,-0.33974358974358976,0.16666666666666663,0.012820512820512775,-0.20512820512820518,0.0064102564102562765,-0.2820512820512821,-0.1346153846153847,0.13461538461538458,-0.16666666666666674,-17160.0,-2546.0,-14614.0,-14614.0,0.0,MIXED_LONG_AND_SHORT_DOWN,MM_STRUCTURE_LONG_LIQUIDATION
2021-12-28,1810.199951171875,130389,46726,83663,0.3653846153846153,0.0124726922385498,0.0224807536200666,0.0206359811060812,0.0120199030507683,0.28205128205128205,0.47435897435897434,-0.1282051282051282,-0.14102564102564102,-0.02564102564102566,-0.23717948717948717,0.025641025641025605,-0.10256410256410253,-0.29487179487179493,0.025641025641025772,-0.10897435897435898,-0.032051282051282104,0.09615384615384609,-0.10897435897435903,-6555.0,-4979.0,-1576.0,-1576.0,0.0,MIXED_LONG_AND_SHORT_DOWN,MM_STRUCTURE_LONG_LIQUIDATION
2022-01-04,1814.0,124252,44744,79508,0.3141025641025641,0.0020992425868009,0.01459811803207,0.0176147340088128,-0.0088514651972874,0.1987179487179487,0.4551282051282051,-0.019230769230769246,-0.5192307692307693,-0.16025641025641027,-0.903846153846154,0.019230769230769218,0.04487179487179488,-0.3269230769230769,0.3269230769230769,-0.019230769230769218,-0.33974358974358976,0.032051282051282104,-0.6602564102564104,-43881.0,2221.0,-46102.0,-46102.0,0.0,LONG_LIQUIDATION,MM_STRUCTURE_LONG_LIQUIDATION
2022-01-11,1818.5999755859373,119297,44987,74310,0.2756410256410256,0.0025358189558639,0.0046403848418095,0.0272254578102071,-0.0188821754752862,0.14743589743589744,0.46153846153846156,-0.038461538461538464,-0.6025641025641025,-0.10897435897435895,-1.108974358974359,-0.2435897435897436,0.032051282051282104,-0.28846153846153844,0.3717948717948719,0.019230769230769218,-0.42948717948717957,0.0064102564102563875,-0.8974358974358976,-66171.0,1904.0,-68075.0,-68075.0,0.0,LONG_LIQUIDATION,MM_STRUCTURE_LONG_LIQUIDATION
2022-01-18,1812.300048828125,119807,48014,71793,0.2692307692307692,-0.0034641630058213,-0.0009371285401736,0.0136473091788558,0.0161480509268994,0.16025641025641027,0.5192307692307693,-0.04487179487179485,-0.41666666666666663,-0.32692307692307687,-0.7692307692307692,-0.10897435897435892,0.05769230769230771,-0.09615384615384615,0.4294871794871795,-0.019230769230769162,-0.30128205128205127,-0.15384615384615385,-0.717948717948718,-32466.0,1080.0,-33546.0,-33546.0,0.0,LONG_LIQUIDATION,MM_STRUCTURE_LONG_LIQUIDATION
2022-01-25,1852.699951171875,140640,39265,101375,0.5384615384615384,0.022292060506136,0.018750674168986,0.0234780693549829,0.0445985434566809,0.46153846153846156,0.3525641025641026,0.17948717948717952,0.05128205128205132,0.03846153846153849,-0.05128205128205121,-0.12179487179487175,-0.09615384615384615,-0.22435897435897428,0.2243589743589744,0.17307692307692313,0.06410256410256415,0.14102564102564102,-0.1410256410256409,3171.0,-6119.0,9290.0,9290.0,0.0,SHORT_COVERING,MM_STRUCTURE_ACCUMULATION
2022-02-01,1800.300048828125,108309,58395,49914,0.1346153846153846,-0.0282829943999328,-0.0066214201162547,-0.0075523435346609,0.0099293579516455,0.05128205128205128,0.7692307692307693,-0.1474358974358974,-0.16666666666666669,-0.6666666666666666,-0.02564102564102566,0.31410256410256415,0.33333333333333337,0.35897435897435903,0.6794871794871795,-0.1794871794871795,-0.1987179487179487,-0.5192307692307693,-0.25,-16758.0,14069.0,-30827.0,-30827.0,0.0,LONG_LIQUIDATION,MM_STRUCTURE_LONG_LIQUIDATION
2022-02-08,1826.5999755859373,117234,47767,69467,0.2435897435897435,0.0146086352521801,-0.0140875350967807,0.0043989882917614,0.0317442105721135,0.11538461538461539,0.5256410256410257,-0.03205128205128205,-0.07051282051282051,-0.6346153846153846,-2.7755575615628914e-17,0.0641025641025641,-0.17948717948717952,0.0961538461538462,-0.1346153846153847,-0.032051282051282104,-0.012820512820512886,-0.4615384615384617,-5.551115123125783e-17,-4258.0,-10308.0,6050.0,6050.0,0.0,MIXED_LONG_AND_SHORT_DOWN,MM_STRUCTURE_LONG_LIQUIDATION
2022-02-15,1854.800048828125,151530,43824,107706,0.5833333333333334,0.0154385599579029,0.0302727315013271,0.0234508629117355,0.0374182132672586,0.5641025641025641,0.4423076923076923,0.40384615384615385,0.358974358974359,-0.012820512820512775,0.641025641025641,-0.07692307692307698,-0.1858974358974359,-0.019230769230769273,-0.19871794871794868,0.31410256410256415,0.294871794871795,0.012820512820512886,0.4294871794871797,27410.0,-8548.0,35958.0,35958.0,0.0,LONG_BUILDING,MM_STRUCTURE_ACCUMULATION
2022-02-22,1906.0999755859373,183356,44380,138976,0.6858974358974359,0.0276579282981062,0.0435234868403509,0.0288228130951726,0.0529775864550097,0.7435897435897436,0.4551282051282051,0.28205128205128205,0.46153846153846156,0.33333333333333337,0.6025641025641026,0.10256410256410253,-0.019230769230769218,0.0064102564102563875,0.08333333333333331,0.14743589743589747,0.3205128205128206,0.21153846153846162,0.3525641025641027,52967.0,-2346.0,55313.0,55313.0,0.0,LONG_BUILDING,MM_STRUCTURE_ACCUMULATION
2022-03-01,1942.4000244140625,187215,38594,148621,0.717948717948718,0.0190441473653377,0.047228797325773,0.0789312735276739,0.0707828138997037,0.75,0.3525641025641026,0.6987179487179487,0.5512820512820513,0.532051282051282,1.0705128205128207,-0.4166666666666667,-0.10256410256410253,-0.08333333333333331,-0.1474358974358974,0.5833333333333334,0.40384615384615385,0.38461538461538464,0.7435897435897436,62963.0,-6150.0,69113.0,69113.0,0.0,LONG_BUILDING,MM_STRUCTURE_ACCUMULATION
2022-03-08,2040.0999755859373,181510,38537,142973,0.6987179487179487,0.0502985739002688,0.0703006147192295,0.1168838294391816,0.1217969883281422,0.7307692307692307,0.3525641025641026,0.6153846153846153,0.5833333333333333,0.5448717948717948,1.1858974358974357,-0.17307692307692307,-0.10897435897435898,-0.3525641025641026,-0.14102564102564108,0.4551282051282052,0.4230769230769231,0.4423076923076923,0.8525641025641026,62213.0,-6450.0,68663.0,68663.0,0.0,LONG_BUILDING,MM_STRUCTURE_ACCUMULATION
2022-03-15,1928.5,165597,39060,126537,0.6282051282051282,-0.0547031895110359,-0.0071561080309683,0.0397347149189688,0.0641173911831061,0.6730769230769231,0.36538461538461536,0.10897435897435903,0.5128205128205129,0.467948717948718,0.9294871794871795,-0.07692307692307693,-0.1538461538461539,-0.26282051282051283,-0.21153846153846162,0.04487179487179482,0.358974358974359,0.3397435897435898,0.6602564102564102,45790.0,-8954.0,54744.0,54744.0,0.0,LONG_BUILDING,MM_STRUCTURE_ACCUMULATION
2022-03-22,1920.699951171875,152589,37457,115132,0.5961538461538461,-0.004044619563456,-0.0585265554840122,0.0076596064072922,0.0367031909063249,0.5641025641025641,0.34615384615384615,-0.17948717948717952,0.10256410256410253,0.28205128205128205,0.05128205128205121,-0.10897435897435898,-0.006410256410256443,-0.1282051282051282,0.0897435897435897,-0.08974358974358976,0.05769230769230771,0.23076923076923084,-0.006410256410256443,11949.0,-1808.0,13757.0,13757.0,0.0,LONG_BUILDING,MM_STRUCTURE_ACCUMULATION
2022-03-29,1912.0,146486,38184,108302,0.5576923076923077,-0.004529573276954,-0.00855587243972,-0.0156507537232104,0.0620451858814223,0.5,0.3525641025641026,-0.25,0.44871794871794873,0.3012820512820513,0.6153846153846154,0.0,-0.4166666666666667,-0.10256410256410253,-0.75,-0.16025641025641024,0.42307692307692313,0.2435897435897436,0.6217948717948718,38177.0,-20211.0,58388.0,58388.0,0.0,LONG_BUILDING,MM_STRUCTURE_ACCUMULATION
2022-04-05,1922.9000244140625,148320,46693,101627,0.4935897435897436,0.0057008495889447,0.0011454538960367,-0.0574481410589762,0.05272092965907,0.5192307692307693,0.5384615384615384,-0.21153846153846145,0.40384615384615385,0.3717948717948718,0.47435897435897434,0.18589743589743585,0.012820512820512775,0.07692307692307687,0.1923076923076923,-0.20512820512820507,0.2500000000000001,0.217948717948718,0.262820512820513,31086.0,-1074.0,32160.0,32160.0,0.0,LONG_BUILDING,MM_STRUCTURE_NEUTRAL
2022-04-12,1972.0999755859373,165244,48219,117025,0.6025641025641025,0.0255863282267452,0.0314330416244441,0.022608232090193,0.0632412786660876,0.6602564102564102,0.5897435897435898,-0.012820512820512886,0.09615384615384615,0.5,-0.26282051282051283,0.2243589743589744,0.14743589743589747,0.07051282051282048,0.33333333333333337,-0.02564102564102566,0.019230769230769162,0.3333333333333333,-0.2756410256410258,13714.0,4395.0,9319.0,9319.0,0.0,MIXED_LONG_AND_SHORT_UP,MM_STRUCTURE_NEUTRAL
2022-04-19,1955.699951171875,157560,56294,101266,0.4743589743589743,-0.0083160207986867,0.0170575309903628,0.0182225235017294,0.0260217072667925,0.6025641025641025,0.7884615384615384,0.038461538461538436,-0.14102564102564108,0.14102564102564097,-0.6025641025641026,0.4423076923076923,0.3333333333333333,0.43589743589743585,0.35256410256410253,-0.12179487179487186,-0.21153846153846162,-0.06410256410256415,-0.5320512820512822,-25796.0,11914.0,-37710.0,-37710.0,0.0,LONG_LIQUIDATION,MM_STRUCTURE_LONG_LIQUIDATION
2022-04-26,1901.4000244140625,138215,57098,81117,0.2628205128205128,-0.0277649578736632,-0.035850084705198,-0.0055439202855321,-0.0211079074776926,0.36538461538461536,0.8012820512820513,-0.13461538461538464,-0.38461538461538464,0.3141025641025641,-0.9358974358974359,0.44871794871794873,0.44871794871794873,0.03205128205128205,0.5512820512820513,-0.29487179487179493,-0.4551282051282052,0.12820512820512817,-0.858974358974359,-49000.0,18504.0,-67504.0,-67504.0,0.0,LONG_LIQUIDATION,MM_STRUCTURE_LONG_LIQUIDATION
2022-05-03,1868.800048828125,128828,60981,67847,0.1666666666666666,-0.0171452483261556,-0.0444341691023097,-0.0281345753284404,-0.083966437335314,0.21794871794871795,0.8846153846153846,-0.3012820512820513,-0.5128205128205128,0.10256410256410256,-1.096153846153846,0.34615384615384615,0.5320512820512819,0.3589743589743589,0.641025641025641,-0.326923076923077,-0.532051282051282,-0.0769230769230769,-0.9551282051282051,-52682.0,22444.0,-75126.0,-75126.0,0.0,LONG_LIQUIDATION,MM_STRUCTURE_LONG_LIQUIDATION
2022-05-10,1839.9000244140625,123931,61939,61992,0.1346153846153846,-0.0154644818380569,-0.0323445877828637,-0.0670351162762914,-0.0459424296530658,0.14743589743589744,0.8974358974358975,-0.5128205128205128,-0.5256410256410257,-0.41666666666666663,-1.0384615384615385,0.3076923076923077,0.5320512820512822,0.4551282051282052,0.6858974358974361,-0.46794871794871795,-0.4935897435897436,-0.4487179487179488,-0.8525641025641026,-41666.0,22879.0,-64545.0,-64545.0,0.0,LONG_LIQUIDATION,MM_STRUCTURE_LONG_LIQUIDATION
2022-05-17,1818.199951171875,115572,72212,43360,0.0448717948717948,-0.0117941588968119,-0.0270762501788138,-0.0703073086020218,-0.053365961683636,0.07051282051282051,0.9551282051282052,-0.532051282051282,-0.4935897435897436,-0.6730769230769231,-0.5961538461538461,0.16666666666666674,0.608974358974359,0.5,0.6153846153846154,-0.42948717948717946,-0.5512820512820513,-0.6410256410256411,-0.608974358974359,-37017.0,34755.0,-71772.0,-71772.0,0.0,LONG_LIQUIDATION,MM_STRUCTURE_LONG_LIQUIDATION
2022-05-24,1865.0999755859373,121174,60117,61057,0.1217948717948717,0.0257947561729028,0.0136963698230831,-0.0190912213958298,-0.0245293014717901,0.1346153846153846,0.8717948717948718,-0.23076923076923075,-0.3653846153846154,-0.6153846153846154,-0.8141025641025641,0.07051282051282048,0.5192307692307692,0.5192307692307692,0.9358974358974359,-0.14102564102564108,-0.435897435897436,-0.5961538461538463,-0.8589743589743591,-25312.0,21933.0,-47245.0,-47245.0,0.0,LONG_LIQUIDATION,MM_STRUCTURE_LONG_LIQUIDATION
2022-05-31,1842.699951171875,112731,61938,50793,0.0769230769230769,-0.0120100931356375,0.0134748656132177,-0.0139662333980655,-0.0417078746809136,0.05128205128205128,0.9038461538461539,-0.16666666666666669,-0.467948717948718,-0.6794871794871794,-0.8717948717948718,0.019230769230769273,0.3653846153846154,0.5512820512820513,0.35256410256410264,-0.0897435897435897,-0.41666666666666674,-0.6217948717948718,-0.6666666666666669,-35589.0,15245.0,-50834.0,-50834.0,0.0,LONG_LIQUIDATION,MM_STRUCTURE_LONG_LIQUIDATION
2022-06-07,1847.5,115215,57684,57531,0.1089743589743589,0.0026048998509347,-0.0094364783745215,0.0041306459509167,-0.0631813686569906,0.0641025641025641,0.8076923076923077,-0.08333333333333334,-0.5961538461538461,-0.608974358974359,-0.6923076923076923,-0.08974358974358976,0.21794871794871795,0.44230769230769235,0.07051282051282048,-0.025641025641025703,-0.4935897435897436,-0.5192307692307693,-0.5128205128205128,-50029.0,9465.0,-59494.0,-59494.0,0.0,LONG_LIQUIDATION,MM_STRUCTURE_LONG_LIQUIDATION
2022-06-14,1809.5,109111,72206,36905,0.0256410256410256,-0.0205683355886332,-0.0180170141920074,-0.0047849254237783,-0.074755818797393,0.03205128205128205,0.9615384615384616,-0.038461538461538464,-0.5705128205128205,-0.532051282051282,-0.4294871794871794,0.0064102564102563875,0.17307692307692313,0.6153846153846154,-0.1602564102564102,-0.019230769230769204,-0.4487179487179487,-0.5705128205128206,-0.23717948717948706,-48449.0,15912.0,-64361.0,-64361.0,0.0,LONG_LIQUIDATION,MM_STRUCTURE_LONG_LIQUIDATION
2022-06-21,1834.5999755859373,113220,63417,49803,0.0705128205128205,0.0138712216556713,-0.006982421875,-0.0163530107764964,-0.0351320332231037,0.07051282051282051,0.9166666666666666,-0.0641025641025641,-0.2948717948717948,-0.4294871794871795,0.08974358974358981,0.04487179487179482,0.11538461538461531,0.5641025641025641,-0.3333333333333334,-0.0512820512820512,-0.1923076923076923,-0.4871794871794872,0.2628205128205129,-24995.0,6319.0,-31314.0,-31314.0,0.0,LONG_LIQUIDATION,MM_STRUCTURE_LONG_LIQUIDATION
2022-06-28,1817.5,110850,74748,36102,0.0256410256410256,-0.0093208196955719,0.0044211108040894,-0.0136755586040195,-0.0274507959587725,0.04487179487179487,0.9871794871794872,-0.006410256410256408,-0.17307692307692307,-0.4743589743589744,0.3397435897435897,0.08333333333333337,0.10256410256410264,0.4487179487179488,-0.4294871794871793,-0.0512820512820513,-0.141025641025641,-0.467948717948718,0.3910256410256411,-17978.0,13767.0,-31745.0,-31745.0,0.0,LONG_LIQUIDATION,MM_STRUCTURE_LONG_LIQUIDATION
2022-07-05,1761.800048828125,103472,86438,17034,0.0064102564102564,-0.0306464655691196,-0.0396816350848153,-0.0463869830429635,-0.0424479452957283,0.01282051282051282,0.9935897435897436,-0.05128205128205128,-0.1346153846153846,-0.6474358974358975,0.3910256410256411,0.1858974358974359,0.09615384615384615,0.40384615384615385,-0.435897435897436,-0.1025641025641025,-0.12820512820512822,-0.5961538461538461,0.3653846153846154,-20459.0,24499.0,-44958.0,-44958.0,0.0,SHORT_BUILDING,MM_STRUCTURE_LONG_LIQUIDATION
2022-07-12,1723.300048828125,91669,97802,-6133,0.0064102564102564,-0.0218526500925054,-0.051829409172971,-0.0476374419297458,-0.0521944257465107,0.0,1.0,-0.03205128205128205,-0.07051282051282051,-0.6025641025641025,0.42307692307692313,0.038461538461538436,0.04487179487179482,0.21153846153846156,-0.5641025641025642,-0.019230769230769197,-0.0384615384615384,-0.4679487179487179,0.5128205128205129,-23903.0,25590.0,-49493.0,-49493.0,0.0,SHORT_BUILDING,MM_STRUCTURE_LONG_LIQUIDATION
2022-07-19,1710.0,91056,109794,-18738,0.0064102564102564,-0.0077177789423085,-0.0294017751120964,-0.0679166996860677,-0.0831590679406938,0.0,1.0,-0.07051282051282051,-0.1346153846153846,-0.36538461538461536,0.2307692307692308,0.08333333333333337,0.1282051282051282,0.19871794871794868,-0.39102564102564097,-0.0641025641025641,-0.1153846153846153,-0.2564102564102564,0.3205128205128207,-30118.0,49677.0,-79795.0,-79795.0,0.0,SHORT_BUILDING,MM_STRUCTURE_LONG_LIQUIDATION
2022-07-26,1717.699951171875,92216,111309,-19093,0.0064102564102564,0.0045028954221491,-0.0032496358716278,-0.0549106183373452,-0.0678352435623095,0.01282051282051282,1.0,-0.03205128205128205,-0.038461538461538464,-0.20512820512820512,0.4294871794871795,0.012820512820512775,0.09615384615384615,0.11538461538461542,-0.2692307692307693,-0.019230769230769197,-0.0705128205128205,-0.16025641025641021,0.34615384615384626,-20515.0,49371.0,-69886.0,-69886.0,0.0,SHORT_BUILDING,MM_STRUCTURE_LONG_LIQUIDATION
2022-08-02,1771.0999755859375,96634,80779,15855,0.0256410256410256,0.0310880979985073,0.0357309798748173,0.0052786505279065,-0.0413531931875845,0.02564102564102564,0.967948717948718,0.01282051282051282,-0.03846153846153846,-0.1217948717948718,0.5576923076923077,-0.02564102564102566,0.16025641025641024,0.07051282051282048,-0.05769230769230771,0.019230769230769197,-0.08333333333333331,-0.108974358974359,0.4102564102564103,-18581.0,23095.0,-41676.0,-41676.0,0.0,SHORT_BUILDING,MM_STRUCTURE_LONG_LIQUIDATION
2022-08-09,1794.0,100013,59279,40734,0.0705128205128205,0.0129298315903858,0.0444198934604791,0.0410259091096483,-0.0085659021829234,0.03205128205128205,0.8076923076923077,0.03205128205128205,0.0,-0.038461538461538464,0.5705128205128205,-0.1923076923076923,-0.15384615384615385,-0.14743589743589747,-0.326923076923077,0.0641025641025641,0.0448717948717949,0.025641025641025696,0.49358974358974356,-9098.0,-12927.0,3829.0,3829.0,0.0,MIXED_LONG_AND_SHORT_DOWN,MM_STRUCTURE_SHORT_COVERING_RALLY
2022-08-16,1773.199951171875,96765,60392,36373,0.0641025641025641,-0.0115942301160116,0.0011856900315538,0.0369590357730262,-0.0334677996463246,0.03205128205128205,0.8269230769230769,0.03205128205128205,-0.038461538461538464,-0.10256410256410256,0.2564102564102564,-0.17307692307692313,-0.08974358974358976,-0.044871794871794934,-0.20512820512820507,0.057692307692307696,-0.006410256410256401,-0.0576923076923076,0.1858974358974359,-16455.0,-3025.0,-13430.0,-13430.0,0.0,MIXED_LONG_AND_SHORT_DOWN,MM_STRUCTURE_LONG_LIQUIDATION
2022-08-23,1746.800048828125,95850,73739,22111,0.0384615384615384,-0.0148882828055024,-0.0263098947446348,0.0169413159943312,-0.0388995604797111,0.019230769230769232,0.9487179487179487,0.006410256410256412,-0.02564102564102564,-0.03205128205128205,0.14743589743589744,-0.05128205128205132,-0.03846153846153855,0.04487179487179482,-0.1410256410256412,0.032051282051282,0.012820512820512803,-0.0384615384615385,0.1538461538461538,-15000.0,-1009.0,-13991.0,-13991.0,0.0,MIXED_LONG_AND_SHORT_DOWN,MM_STRUCTURE_SHORT_COVERING_RALLY
2022-08-30,1723.199951171875,91761,79973,11788,0.0256410256410256,-0.013510474580123,-0.02819760961924,-0.0270453532123253,-0.0219094656524303,0.01282051282051282,0.9615384615384616,-0.01282051282051282,0.0,-0.05128205128205128,0.1346153846153846,-0.0064102564102563875,-0.03205128205128205,0.15384615384615385,-0.1282051282051282,0.0,0.019230769230769197,-0.08333333333333331,0.1474358974358974,-11711.0,-6465.0,-5246.0,-5246.0,0.0,MIXED_LONG_AND_SHORT_DOWN,MM_STRUCTURE_SHORT_COVERING_RALLY
2022-09-06,1700.4000244140625,85842,92804,-6962,0.0192307692307692,-0.0132311556429114,-0.0265628710310552,-0.0521738994347478,-0.0132884719812054,0.0,0.9807692307692307,-0.03205128205128205,0.0,-0.03205128205128205,0.07051282051282051,0.17307692307692302,-0.019230769230769273,0.019230769230769162,-0.0641025641025641,-0.051282051282051294,0.012820512820512801,-0.006410256410256398,0.051282051282051204,-5827.0,-4998.0,-829.0,-829.0,0.0,MIXED_LONG_AND_SHORT_DOWN,MM_STRUCTURE_SHORT_COVERING_RALLY
2022-09-13,1705.0,80300,98637,-18337,0.0192307692307692,0.0027052314278357,-0.0105617175531476,-0.0384615119839152,-0.0029239766081871,0.0,0.9871794871794872,-0.03205128205128205,0.0,-0.07051282051282051,0.1346153846153846,0.16025641025641035,-0.012820512820512775,0.0705128205128206,-0.14102564102564097,-0.04487179487179489,0.012820512820512801,-0.051282051282051294,0.12820512820512808,-10756.0,-11157.0,401.0,401.0,0.0,MIXED_LONG_AND_SHORT_DOWN,MM_STRUCTURE_SHORT_COVERING_RALLY
2022-09-20,1659.699951171875,78544,115239,-36695,0.0064102564102564,-0.0265689435942082,-0.0239355873075879,-0.0498626604199391,-0.0337660835121002,0.0,1.0,-0.019230769230769232,-0.01282051282051282,-0.04487179487179487,0.025641025641025644,0.05128205128205132,0.0,0.012820512820512775,-0.09615384615384615,-0.032051282051282,0.0,-0.019230769230769197,0.0705128205128205,-13672.0,3930.0,-17602.0,-17602.0,0.0,LONG_LIQUIDATION,MM_STRUCTURE_NEUTRAL
2022-09-27,1626.699951171875,74171,117265,-43094,0.0064102564102564,-0.0198831119906338,-0.0459237823038856,-0.0560004658393673,-0.0815312666730122,0.0,1.0,-0.01282051282051282,-0.02564102564102564,-0.01282051282051282,0.012820512820512817,0.038461538461538436,0.03205128205128205,0.0064102564102563875,-0.1282051282051282,-0.019230769230769197,-0.019230769230769197,0.0,0.06410256410256412,-22463.0,36486.0,-58949.0,-58949.0,0.0,SHORT_BUILDING,MM_STRUCTURE_LONG_LIQUIDATION
2022-10-04,1721.0999755859375,82806,89681,-6875,0.0448717948717948,0.0580316144634152,0.0369946533834077,0.0121735773198474,-0.0406354651137471,0.019230769230769232,0.9551282051282052,0.019230769230769232,-0.012820512820512817,0.019230769230769232,-0.012820512820512817,-0.02564102564102555,0.14743589743589747,-0.04487179487179482,0.3012820512820513,0.025641025641025602,-0.025641025641025696,0.0384615384615384,-0.0705128205128206,-17207.0,30402.0,-47609.0,-47609.0,0.0,SHORT_BUILDING,MM_STRUCTURE_LONG_LIQUIDATION
2022-10-11,1678.699951171875,78365,83945,-5580,0.0576923076923076,-0.024635422122778,0.0319665590218645,-0.0154252485795454,-0.0532934821803636,0.00641025641025641,0.9358974358974359,0.00641025641025641,-0.02564102564102564,0.00641025641025641,0.012820512820512824,-0.05128205128205132,0.10897435897435903,-0.0641025641025641,0.1987179487179488,0.038461538461538394,-0.0064102564102564985,0.0512820512820512,-9.71445146547012e-17,-18400.0,23553.0,-41953.0,-41953.0,0.0,SHORT_BUILDING,MM_STRUCTURE_LONG_LIQUIDATION
2022-10-18,1649.0,73344,99042,-25698,0.0192307692307692,-0.0176922332970475,-0.041891799784258,-0.0064469190134759,-0.0559881188998913,0.0,0.9743589743589743,0.0,-0.019230769230769232,-0.01282051282051282,0.006410256410256408,-0.02564102564102566,0.02564102564102566,-0.02564102564102566,0.06410256410256421,0.012820512820512801,-0.0192307692307692,0.012820512820512801,-0.03205128205128201,-22506.0,25303.0,-47809.0,-47809.0,0.0,SHORT_BUILDING,MM_STRUCTURE_LONG_LIQUIDATION
2022-10-25,1652.800048828125,72016,110804,-38788,0.0128205128205128,0.0023044565361582,-0.0154285477435498,0.0160448136962489,-0.0408541691844142,0.0,0.9807692307692307,0.0,-0.01282051282051282,-0.02564102564102564,-0.01282051282051282,-0.019230769230769273,0.019230769230769162,0.012820512820512775,0.05128205128205121,0.0064102564102564,-0.0128205128205128,-0.0128205128205128,-0.03205128205128199,-19745.0,30831.0,-50576.0,-50576.0,0.0,SHORT_BUILDING,MM_STRUCTURE_LONG_LIQUIDATION
2022-11-01,1645.0,78213,119614,-41401,0.0128205128205128,-0.004719293682049,-0.0024257125530624,-0.0442158948727134,-0.0325805831678652,0.019230769230769232,1.0,0.0,0.019230769230769232,-0.012820512820512817,0.019230769230769232,0.04487179487179482,0.019230769230769273,0.1923076923076923,0.03846153846153855,-0.03205128205128201,-0.006410256410256401,-0.057692307692307696,-0.019230769230769204,-7629.0,26810.0,-34439.0,-34439.0,0.0,SHORT_BUILDING,MM_STRUCTURE_SHORT_BUILDING
2022-11-08,1712.0999755859375,88059,104405,-16346,0.0576923076923076,0.0407902587148556,0.0358784638225644,0.0198963634869628,0.0041642085548021,0.057692307692307696,0.9615384615384616,0.05128205128205129,0.057692307692307696,0.025641025641025647,0.057692307692307696,0.02564102564102566,-0.02564102564102566,0.1346153846153847,-0.012820512820512886,0.0,0.038461538461538394,-0.0064102564102564985,0.02564102564102559,7759.0,5768.0,1991.0,1991.0,0.0,MIXED_LONG_AND_SHORT_UP,MM_STRUCTURE_ACCUMULATION
2022-11-15,1773.800048828125,95065,69608,25457,0.1153846153846153,0.0360376579183536,0.0782979020231762,0.0756822612662977,0.0687474248436812,0.08974358974358974,0.8333333333333334,0.08974358974358974,0.08974358974358974,0.07051282051282051,0.10256410256410256,-0.14102564102564097,-0.16666666666666663,-0.11538461538461531,-0.16666666666666663,0.09615384615384609,0.10897435897435889,0.0769230769230769,0.10897435897435889,16521.0,-45631.0,62152.0,62152.0,0.0,SHORT_COVERING,MM_STRUCTURE_ACCUMULATION
2022-11-22,1738.300048828125,92161,72730,19431,0.1089743589743589,-0.0200135297230673,0.0153028874573875,0.0517303953739725,0.0686052136264301,0.08333333333333333,0.8589743589743589,0.08333333333333333,0.08333333333333333,0.07051282051282051,0.10897435897435898,-0.1217948717948718,-0.14102564102564108,-0.10256410256410264,-0.17307692307692313,0.0961538461538461,0.1025641025641025,0.08333333333333331,0.1217948717948717,17990.0,-44535.0,62525.0,62525.0,0.0,SHORT_COVERING,MM_STRUCTURE_ACCUMULATION
2022-11-29,1748.4000244140625,88032,73312,14720,0.0961538461538461,0.0058102601980287,-0.0143195533402106,0.0628571576985181,0.0158619773490096,0.057692307692307696,0.8717948717948718,0.038461538461538464,0.038461538461538464,0.057692307692307696,0.05128205128205128,-0.1282051282051282,-0.08333333333333337,-0.10897435897435892,-0.23076923076923084,0.0833333333333333,0.0512820512820513,0.0769230769230769,0.076923076923077,5226.0,-16369.0,21595.0,21595.0,0.0,SHORT_COVERING,MM_STRUCTURE_ACCUMULATION
2022-12-06,1769.300048828125,93629,70142,23487,0.1282051282051282,0.0119538001156609,0.0178335150027169,0.0334093067331606,0.0539703939307338,0.10256410256410256,0.8269230769230769,0.044871794871794865,0.09615384615384615,0.10256410256410256,0.12179487179487178,-0.1346153846153847,-0.10897435897435903,-0.16025641025641035,-0.21794871794871806,0.0705128205128206,0.0705128205128206,0.10897435897435899,0.0769230769230771,15264.0,-13803.0,29067.0,29067.0,0.0,LONG_BUILDING,MM_STRUCTURE_ACCUMULATION
2022-12-13,1813.9000244140625,103737,66288,37449,0.1794871794871795,0.0252076947691703,0.0374628226294786,0.0226068184023502,0.1000000148053745,0.16025641025641027,0.7884615384615384,0.07051282051282053,0.16025641025641027,0.16025641025641027,0.17948717948717952,-0.044871794871794934,-0.1858974358974359,-0.21153846153846156,-0.21153846153846156,0.0641025641025642,0.1602564102564103,0.1730769230769231,0.1794871794871795,30393.0,-32754.0,63147.0,63147.0,0.0,SHORT_COVERING,MM_STRUCTURE_ACCUMULATION
2022-12-20,1815.9000244140625,104813,65718,39095,0.1858974358974359,0.001102596600188,0.0263380852879093,0.0446413009297512,0.0986810084508282,0.16666666666666666,0.782051282051282,0.08333333333333333,0.16666666666666666,0.16666666666666666,0.1794871794871795,-0.07692307692307687,-0.19871794871794868,-0.21794871794871795,-0.21794871794871784,0.076923076923077,0.1730769230769231,0.17948717948717952,0.1858974358974359,32797.0,-45086.0,77883.0,77883.0,0.0,SHORT_COVERING,MM_STRUCTURE_ACCUMULATION
2022-12-27,1814.800048828125,106983,56106,50877,0.2628205128205128,-0.000605746776336,0.0004961819295157,0.0379775929346117,0.1032219141812309,0.1794871794871795,0.6025641025641025,0.12179487179487179,0.16025641025641024,0.16025641025641024,0.14102564102564102,-0.2692307692307693,-0.39743589743589747,-0.35256410256410264,-0.41666666666666674,0.16666666666666669,0.24999999999999997,0.21794871794871798,0.2564102564102564,28770.0,-63508.0,92278.0,92278.0,0.0,SHORT_COVERING,MM_STRUCTURE_ACCUMULATION
2023-01-03,1839.699951171875,109140,54559,54581,0.2884615384615384,0.0137204659873293,0.0131064080829517,0.0397896910647679,0.0745283437915291,0.20512820512820512,0.5576923076923077,0.10256410256410256,0.1474358974358974,0.1987179487179487,0.08974358974358972,-0.26923076923076916,-0.40384615384615385,-0.3782051282051282,-0.3782051282051282,0.1602564102564102,0.23076923076923078,0.23076923076923078,0.1923076923076924,21081.0,-49846.0,70927.0,70927.0,0.0,SHORT_COVERING,MM_STRUCTURE_ACCUMULATION
2023-01-10,1871.5999755859373,116604,54795,61809,0.3397435897435897,0.0173397973912767,0.0312981734789403,0.0318098849965633,0.0551358236924306,0.27564102564102566,0.5576923076923077,0.11538461538461539,0.1858974358974359,0.27564102564102566,0.09615384615384616,-0.23076923076923073,-0.27564102564102566,-0.41666666666666663,-0.10897435897435903,0.16025641025641021,0.2243589743589744,0.3205128205128205,0.1153846153846155,21539.0,-14813.0,36352.0,36352.0,0.0,LONG_BUILDING,MM_STRUCTURE_ACCUMULATION
2023-01-17,1907.199951171875,124222,54845,69377,0.3974358974358974,0.0190211455708062,0.0366907657724309,0.0502780580044721,0.0971638368517644,0.3717948717948718,0.5576923076923077,0.20512820512820515,0.2884615384615385,0.3717948717948718,0.20512820512820518,-0.22435897435897434,-0.3012820512820512,-0.423076923076923,-0.16025641025641013,0.2115384615384615,0.2884615384615385,0.38461538461538464,0.185897435897436,32061.0,-17885.0,49946.0,49946.0,0.0,LONG_BUILDING,MM_STRUCTURE_ACCUMULATION
2023-01-24,1933.9000244140625,131501,51622,79879,0.4743589743589743,0.0139996192983236,0.0332870536657392,0.0656270511249128,0.1060970014926454,0.48717948717948717,0.4935897435897436,0.3076923076923077,0.42948717948717946,0.46794871794871795,0.39102564102564097,-0.10897435897435892,-0.3782051282051282,-0.5064102564102564,-0.2948717948717948,0.2115384615384615,0.3782051282051282,0.4615384615384615,0.32692307692307687,43469.0,-21690.0,65159.0,65159.0,0.0,LONG_BUILDING,MM_STRUCTURE_ACCUMULATION
2023-01-31,1929.5,138125,53678,84447,0.5256410256410257,-0.0022752077969467,0.0116925594583949,0.0488123341911941,0.0905442529535798,0.5833333333333334,0.532051282051282,0.37820512820512825,0.48076923076923084,0.5256410256410257,0.3846153846153847,-0.02564102564102566,-0.2948717948717948,-0.4294871794871795,-0.1858974358974358,0.23717948717948728,0.39743589743589747,0.46794871794871806,0.32692307692307687,44496.0,-16464.0,60960.0,60960.0,0.0,LONG_BUILDING,MM_STRUCTURE_ACCUMULATION
2023-02-07,1871.699951171875,115521,55945,59576,0.3269230769230769,-0.0299559724426664,-0.0321630241775465,5.341717634199661e-05,0.0318650013671417,0.2692307692307692,0.5897435897435898,-0.006410256410256443,0.10897435897435895,0.17948717948717946,-0.05128205128205132,0.03205128205128205,-0.19871794871794868,-0.2435897435897436,-0.012820512820512775,-0.012820512820512775,0.14743589743589744,0.21153846153846162,-0.012820512820512858,11784.0,-10343.0,22127.0,22127.0,0.0,LONG_BUILDING,MM_STRUCTURE_ACCUMULATION
2023-02-14,1854.0,106106,64933,41173,0.2051282051282051,-0.009456617852019,-0.0391293081109095,-0.0278942704141673,0.0209813178444289,0.17307692307692307,0.7756410256410257,-0.19871794871794873,0.006410256410256415,0.08974358974358974,-0.16025641025641024,0.21794871794871795,-0.0064102564102563875,-0.08333333333333326,0.1923076923076923,-0.19230769230769232,0.01923076923076919,0.09615384615384619,-0.1538461538461539,1293.0,-785.0,2078.0,2078.0,0.0,LONG_BUILDING,MM_STRUCTURE_ACCUMULATION
2023-02-21,1833.0,104710,68004,36706,0.173076923076923,-0.0113268608414239,-0.0206763648990025,-0.0521743746523988,0.0100286261197906,0.16666666666666666,0.8076923076923077,-0.3205128205128205,-0.01282051282051283,0.10897435897435896,-0.17307692307692307,0.3141025641025641,0.20512820512820518,-0.0641025641025641,0.6025641025641026,-0.3012820512820513,-0.08974358974358979,0.07692307692307689,-0.33974358974358976,-2273.0,11898.0,-14171.0,-14171.0,0.0,SHORT_BUILDING,MM_STRUCTURE_LONG_LIQUIDATION
2023-02-28,1828.9000244140625,99425,72850,26575,0.141025641025641,-0.0022367570026936,-0.013538282408812,-0.0521378468960547,-0.00587048271156,0.14102564102564102,0.8525641025641025,-0.44230769230769235,-0.0641025641025641,0.038461538461538464,-0.2115384615384615,0.3205128205128205,0.2948717948717948,0.02564102564102566,0.6987179487179487,-0.3846153846153847,-0.14743589743589738,0.012820512820512803,-0.3782051282051282,-9715.0,18291.0,-28006.0,-28006.0,0.0,SHORT_BUILDING,MM_STRUCTURE_LONG_LIQUIDATION
2023-03-07,1813.9000244140625,103439,89040,14399,0.0961538461538461,-0.008201651156304,-0.0104200630583402,-0.0308809789312778,-0.030829211329633,0.16025641025641027,0.9230769230769231,-0.10897435897435895,-0.11538461538461539,0.0,-0.3012820512820513,0.33333333333333337,0.3653846153846154,0.1346153846153847,0.6410256410256411,-0.23076923076923084,-0.2435897435897436,-0.08333333333333338,-0.467948717948718,-13165.0,34245.0,-47410.0,-47410.0,0.0,SHORT_BUILDING,MM_STRUCTURE_LONG_LIQUIDATION
2023-03-14,1906.199951171875,118560,58839,59721,0.358974358974359,0.0508847927203859,0.0422658022450284,0.0281553134691883,-0.0005243288724842,0.34615384615384615,0.6538461538461539,0.17307692307692307,-0.02564102564102566,0.1794871794871795,-0.31410256410256415,-0.1217948717948718,0.09615384615384615,-0.1282051282051282,0.39743589743589736,0.15384615384615388,-0.038461538461538436,0.17307692307692307,-0.3269230769230769,-5662.0,3994.0,-9656.0,-9656.0,0.0,LONG_LIQUIDATION,MM_STRUCTURE_LONG_LIQUIDATION
2023-03-21,1938.0,125090,43861,81229,0.532051282051282,0.0166824308271413,0.0684161055822385,0.0572831423895254,0.0021200556048288,0.4358974358974359,0.21794871794871795,0.2692307692307693,-0.051282051282051266,0.2564102564102564,-0.4807692307692307,-0.5897435897435898,-0.27564102564102566,-0.3846153846153846,0.10256410256410253,0.35897435897435903,0.057692307692307765,0.2692307692307693,-0.32051282051282043,-6411.0,-7761.0,1350.0,1350.0,0.0,MIXED_LONG_AND_SHORT_DOWN,MM_STRUCTURE_SHORT_COVERING_RALLY
2023-03-28,1972.4000244140625,130530,31370,99160,0.7371794871794872,0.0177502705954915,0.0347288190840051,0.0784624627286416,0.0222337519637536,0.5064102564102564,0.057692307692307696,0.36538461538461536,-0.07692307692307698,0.30128205128205127,-0.5576923076923078,-0.7948717948717948,-0.47435897435897434,-0.5,-0.17948717948717952,0.5961538461538463,0.21153846153846156,0.44871794871794884,-0.1858974358974359,-7595.0,-22308.0,14713.0,14713.0,0.0,MIXED_LONG_AND_SHORT_DOWN,MM_STRUCTURE_SHORT_COVERING_RALLY
2023-04-04,2022.199951171875,142348,32217,110131,0.8461538461538461,0.0252483908646301,0.0434468272300696,0.1148353955312939,0.080408187170049,0.7115384615384616,0.0641025641025641,0.5512820512820513,0.44230769230769235,0.4358974358974359,0.33333333333333337,-0.858974358974359,-0.5256410256410257,-0.4935897435897436,-0.326923076923077,0.75,0.5192307692307692,0.5064102564102564,0.3717948717948717,26827.0,-23728.0,50555.0,50555.0,0.0,LONG_BUILDING,MM_STRUCTURE_ACCUMULATION
2023-04-11,2004.800048828125,135015,30409,104606,0.7884615384615384,-0.0086044420749128,0.0164267004730378,0.0517259994659182,0.0813376746645766,0.5833333333333334,0.038461538461538464,0.23717948717948723,0.4102564102564103,0.21153846153846156,0.40384615384615385,-0.6153846153846154,-0.7371794871794872,-0.5192307692307693,-0.7307692307692308,0.42948717948717946,0.5833333333333334,0.391025641025641,0.5641025641025642,28909.0,-34524.0,63433.0,63433.0,0.0,SHORT_COVERING,MM_STRUCTURE_ACCUMULATION
2023-04-18,2007.4000244140625,137170,34474,102696,0.782051282051282,0.0012968752606812,-0.0073187257022906,0.0358101261166472,0.0951445850594994,0.6282051282051282,0.07692307692307693,0.1923076923076923,0.46153846153846156,0.14102564102564102,0.4743589743589744,-0.14102564102564102,-0.7307692307692308,-0.4166666666666667,-0.935897435897436,0.25,0.608974358974359,0.30769230769230776,0.6987179487179488,32460.0,-33530.0,65990.0,65990.0,0.0,SHORT_COVERING,MM_STRUCTURE_ACCUMULATION
2023-04-25,1994.0,135979,33176,102803,0.7884615384615384,-0.0066753134657223,-0.0053870952539322,0.0109511130189496,0.0902728270446777,0.6089743589743589,0.0641025641025641,0.10256410256410253,0.4679487179487179,0.02564102564102555,0.5320512820512819,0.006410256410256401,-0.7884615384615384,-0.46794871794871795,-1.0833333333333333,0.05128205128205121,0.6474358974358975,0.2628205128205128,0.7948717948717948,36554.0,-39674.0,76228.0,76228.0,0.0,SHORT_COVERING,MM_STRUCTURE_ACCUMULATION
2023-05-02,2014.300048828125,143191,29401,113790,0.8910256410256411,0.0101805661123997,0.0034372941766185,-0.0039065881389087,0.1104801927982757,0.7435897435897436,0.019230769230769232,0.03205128205128205,0.5833333333333334,0.4743589743589744,0.6987179487179488,-0.044871794871794865,-0.9038461538461539,-0.5705128205128205,-1.2692307692307692,0.044871794871794934,0.7948717948717949,0.5641025641025641,1.0384615384615385,39752.0,-59639.0,99391.0,99391.0,0.0,SHORT_COVERING,MM_STRUCTURE_ACCUMULATION
2023-05-09,2036.199951171875,143463,32477,110986,0.8717948717948718,0.0108722145722484,0.021163465983889,0.0156623611227983,0.0681985118717896,0.7435897435897436,0.05128205128205128,0.16025641025641024,0.39743589743589747,0.5705128205128205,0.42307692307692313,0.012820512820512817,-0.6025641025641025,-0.7243589743589743,-0.6987179487179487,0.08333333333333337,0.5128205128205128,0.6666666666666667,0.5512820512820512,24903.0,-26362.0,51265.0,51265.0,0.0,SHORT_COVERING,MM_STRUCTURE_ACCUMULATION
2023-05-16,1988.4000244140625,139786,35803,103983,0.7948717948717948,-0.0234750652706295,-0.0128580766451008,-0.0094649794604569,0.0260062045480198,0.6923076923076923,0.08974358974358974,0.0641025641025641,0.2564102564102564,0.5256410256410257,0.30769230769230765,0.012820512820512817,-0.1282051282051282,-0.717948717948718,0.14743589743589747,0.012820512820512775,0.2628205128205128,0.6217948717948718,0.205128205128205,14696.0,-8058.0,22754.0,22754.0,0.0,LONG_BUILDING,MM_STRUCTURE_ACCUMULATION
2023-05-23,1972.4000244140625,128550,35411,93139,0.6858974358974359,-0.008046670591203,-0.0313328397444928,-0.0108324852487149,0.0,0.4807692307692308,0.08333333333333333,-0.12820512820512814,-0.025641025641025605,0.33974358974358976,0.05128205128205138,0.019230769230769232,0.025641025641025633,-0.7692307692307692,0.5,-0.10256410256410253,-0.05128205128205132,0.5448717948717949,-0.2628205128205129,-1980.0,4041.0,-6021.0,-6021.0,0.0,SHORT_BUILDING,MM_STRUCTURE_LONG_LIQUIDATION
2023-05-30,1958.0,122904,36201,86703,0.6089743589743589,-0.0073007626423754,-0.0152886864015306,-0.0279501799450777,-0.0317475782425327,0.3974358974358974,0.08974358974358974,-0.3461538461538462,-0.31410256410256415,0.23717948717948714,-0.7564102564102565,0.07051282051282051,0.025641025641025647,-0.8333333333333334,0.5512820512820513,-0.28205128205128216,-0.23717948717948723,0.5128205128205128,-0.7564102564102564,-19444.0,3984.0,-23428.0,-23428.0,0.0,LONG_LIQUIDATION,MM_STRUCTURE_LOW_PARTICIPATION
2023-06-06,1965.5,120985,27557,93428,0.6923076923076923,0.0038304392236976,-0.0034982885462659,-0.0347215169763587,-0.0196029767911753,0.3782051282051282,0.0,-0.3653846153846154,-0.20512820512820518,0.03205128205128205,-0.6153846153846154,-0.05128205128205128,-0.038461538461538464,-0.6538461538461539,0.6987179487179488,-0.17948717948717952,-0.09615384615384615,0.3333333333333333,-0.6794871794871795,-14030.0,-2852.0,-11178.0,-11178.0,0.0,MIXED_LONG_AND_SHORT_DOWN,MM_STRUCTURE_LOW_PARTICIPATION
2023-06-13,1944.5999755859373,110512,35869,74643,0.4743589743589743,-0.0106334390303041,-0.0068437305485509,-0.0220277852999082,-0.0312842722249422,0.24358974358974358,0.08333333333333333,-0.4487179487179487,-0.3846153846153846,-0.19230769230769232,-0.8461538461538461,-0.006410256410256415,0.006410256410256401,-0.13461538461538464,0.7371794871794872,-0.32051282051282054,-0.30769230769230776,-0.057692307692307765,-0.9166666666666667,-26658.0,1395.0,-28053.0,-28053.0,0.0,LONG_LIQUIDATION,MM_STRUCTURE_LOW_PARTICIPATION
2023-06-20,1935.5,110314,34275,76039,0.4871794871794871,-0.0046796131339018,-0.0152632917832612,-0.0187081849307035,-0.0293380140421263,0.24358974358974358,0.05128205128205128,-0.2371794871794872,-0.3653846153846153,-0.2628205128205128,-0.8333333333333333,-0.03205128205128205,-0.012820512820512817,-0.006410256410256415,0.7756410256410257,-0.1987179487179488,-0.3012820512820513,-0.2500000000000001,-0.9487179487179488,-25665.0,1099.0,-26764.0,-26764.0,0.0,LONG_LIQUIDATION,MM_STRUCTURE_LOW_PARTICIPATION
2023-06-27,1914.0,108209,38534,69675,0.4487179487179487,-0.0111082407646603,-0.0157358716291853,-0.0224719101123596,-0.0497939961260872,0.21794871794871795,0.12179487179487179,-0.17948717948717946,-0.5256410256410257,-0.4935897435897436,-1.108974358974359,0.03205128205128205,0.10256410256410256,0.057692307692307696,1.0064102564102564,-0.16025641025641024,-0.4423076923076924,-0.39743589743589747,-1.2371794871794872,-34982.0,9133.0,-44115.0,-44115.0,0.0,LONG_LIQUIDATION,MM_STRUCTURE_LOW_PARTICIPATION
2023-07-03,1921.699951171875,123017,39869,83148,0.5833333333333334,0.0040229629947099,-0.0071299658114828,-0.0222844308461587,-0.056232198578584,0.42948717948717946,0.14743589743589744,0.051282051282051266,-0.31410256410256415,-0.1538461538461539,-0.7115384615384617,0.14743589743589744,0.09615384615384616,0.10897435897435898,0.6987179487179487,-0.10897435897435892,-0.28846153846153844,-0.20512820512820507,-0.8012820512820512,-20446.0,7392.0,-27838.0,-27838.0,0.0,LONG_LIQUIDATION,MM_STRUCTURE_LONG_LIQUIDATION
2023-07-11,1931.300048828125,124394,41951,82443,0.5833333333333334,0.0049956277775808,0.0090386879979753,-0.0068394152652423,-0.0287165433941108,0.46153846153846156,0.17307692307692307,0.21794871794871798,-0.23076923076923073,-0.16666666666666663,-0.4871794871794871,0.08974358974358974,0.08333333333333333,0.09615384615384615,0.2115384615384615,0.10897435897435909,-0.21153846153846145,-0.19871794871794868,-0.47435897435897423,-15392.0,6148.0,-21540.0,-21540.0,0.0,LONG_LIQUIDATION,MM_STRUCTURE_LONG_LIQUIDATION
2023-07-18,1977.199951171875,147644,32326,115318,0.9423076923076924,0.0237663238146765,0.0288806792996769,0.0215447952321752,0.0024335462879738,0.8333333333333334,0.03205128205128205,0.5897435897435898,0.3525641025641026,0.22435897435897445,0.3782051282051282,-0.019230769230769232,-0.05128205128205128,-0.03205128205128205,-0.07692307692307691,0.4551282051282053,0.2564102564102565,0.15384615384615397,0.3076923076923078,19094.0,-3085.0,22179.0,22179.0,0.0,LONG_BUILDING,MM_STRUCTURE_CROWDED_LONG
2023-07-25,1962.0999755859373,132603,37316,95287,0.7435897435897436,-0.0076370503534496,0.0159477688495379,0.0251306037544081,0.0020939609734103,0.6025641025641025,0.10256410256410256,0.3846153846153846,0.20512820512820512,-0.14102564102564108,0.5192307692307693,-0.019230769230769232,0.012820512820512817,0.08333333333333333,-0.01282051282051283,0.29487179487179493,0.1346153846153847,-0.14743589743589747,0.3717948717948719,9699.0,1115.0,8584.0,8584.0,0.0,MIXED_LONG_AND_SHORT_UP,MM_STRUCTURE_NEUTRAL
2023-08-01,1940.699951171875,123802,43793,80009,0.5384615384615384,-0.0109066941951678,-0.0184604495758593,0.0098870793998895,-0.0126176793834266,0.4358974358974359,0.20512820512820512,0.006410256410256443,0.05769230769230771,-0.3076923076923077,0.2628205128205129,0.05769230769230768,0.20512820512820512,0.15384615384615385,0.24358974358974358,-0.044871794871794934,-0.15384615384615385,-0.33333333333333337,-0.05769230769230771,2817.0,16236.0,-13419.0,-13419.0,0.0,MIXED_LONG_AND_SHORT_UP,MM_STRUCTURE_SHORT_BUILDING
2023-08-08,1924.0999755859373,114585,55979,58606,0.3461538461538461,-0.0085536023102973,-0.0193670049807997,-0.0037280966500035,-0.0105420139141074,0.30128205128205127,0.5576923076923077,-0.1602564102564103,0.05769230769230768,-0.391025641025641,0.4423076923076923,0.38461538461538464,0.4743589743589744,0.46794871794871795,0.467948717948718,-0.23717948717948728,-0.1282051282051282,-0.44871794871794873,0.17948717948717957,4073.0,20110.0,-16037.0,-16037.0,0.0,MIXED_LONG_AND_SHORT_UP,MM_STRUCTURE_SHORT_BUILDING
2023-08-15,1902.5,113146,83610,29536,0.1602564102564102,-0.0112260152071149,-0.0196835946478013,-0.0377806762171932,-0.0170498579178506,0.2948717948717949,0.8974358974358975,-0.5384615384615385,0.051282051282051294,-0.1858974358974359,0.41666666666666663,0.8653846153846154,0.8461538461538461,0.8141025641025641,0.8589743589743589,-0.7820512820512822,-0.3269230769230769,-0.5256410256410258,-0.025641025641025605,2832.0,49335.0,-46503.0,-46503.0,0.0,MIXED_LONG_AND_SHORT_UP,MM_STRUCTURE_SHORT_BUILDING
2023-08-22,1896.4000244140625,105085,95976,9109,0.0897435897435897,-0.0032062946575229,-0.0143963159520541,-0.0334845074101053,-0.0091953895433319,0.19230769230769232,0.9358974358974359,-0.41025641025641024,-0.025641025641025633,-0.2051282051282051,0.5,0.8333333333333334,0.8141025641025641,0.8461538461538461,0.7115384615384616,-0.653846153846154,-0.358974358974359,-0.5192307692307692,0.08333333333333343,-3124.0,57442.0,-60566.0,-60566.0,0.0,SHORT_BUILDING,MM_STRUCTURE_LONG_LIQUIDATION
2023-08-29,1936.5,120609,81367,39242,0.2243589743589743,0.0211453148437537,0.0178712220762156,-0.0021641424627948,0.0077015398887323,0.4166666666666667,0.8846153846153846,-0.019230769230769218,-0.012820512820512775,0.03846153846153849,0.3012820512820514,0.6794871794871795,0.7371794871794871,0.8846153846153846,0.641025641025641,-0.3141025641025641,-0.35897435897435903,-0.46794871794871795,-0.0705128205128206,-2408.0,41498.0,-43906.0,-43906.0,0.0,SHORT_BUILDING,MM_STRUCTURE_LONG_LIQUIDATION
2023-09-05,1926.199951171875,120222,69857,50365,0.2948717948717949,-0.0053188994723082,0.015713945567481,0.0010914066901841,-0.0026407588294448,0.4166666666666667,0.782051282051282,0.11538461538461542,-0.04487179487179488,0.1730769230769231,0.18589743589743585,0.22435897435897434,0.608974358974359,0.6987179487179487,0.5256410256410257,-0.05128205128205121,-0.2884615384615385,-0.1794871794871794,-0.07692307692307704,-4172.0,27906.0,-32078.0,-32078.0,0.0,SHORT_BUILDING,MM_STRUCTURE_LONG_LIQUIDATION
2023-09-12,1911.300048828125,117737,83166,34571,0.1794871794871795,-0.0077353871464305,-0.0130131428721275,0.0046255184379107,-0.033329912993722,0.38461538461538464,0.8846153846153846,0.08974358974358976,-0.44871794871794873,0.14102564102564105,-0.8012820512820513,-0.012820512820512886,0.8525641025641025,0.8333333333333333,0.9038461538461539,0.0192307692307693,-0.7628205128205129,-0.3076923076923076,-1.0192307692307694,-29907.0,50840.0,-80747.0,-80747.0,0.0,SHORT_BUILDING,MM_STRUCTURE_LONG_LIQUIDATION
2023-09-19,1932.0,121172,73782,47390,0.2884615384615384,0.0108302990859896,0.0030111353832171,0.0187723977682066,-0.0153406941340736,0.4423076923076923,0.8461538461538461,0.24999999999999997,-0.16025641025641024,0.22435897435897434,-0.36538461538461536,-0.08974358974358976,0.7435897435897436,0.7243589743589743,0.7307692307692308,0.19871794871794868,-0.45512820512820523,-0.1602564102564103,-0.5897435897435899,-11431.0,36466.0,-47897.0,-47897.0,0.0,SHORT_BUILDING,MM_STRUCTURE_LONG_LIQUIDATION
2023-09-26,1900.4000244140625,114668,91230,23438,0.141025641025641,-0.0163560950237772,-0.005702937338774,-0.0186418670725213,-0.0207656658791987,0.32051282051282054,0.9230769230769231,-0.09615384615384615,-0.11538461538461536,-0.10897435897435892,-0.17307692307692307,0.03846153846153855,0.7179487179487181,0.7756410256410257,0.512820512820513,-0.08333333333333331,-0.39743589743589747,-0.4423076923076924,-0.2435897435897436,-9134.0,47437.0,-56571.0,-56571.0,0.0,SHORT_BUILDING,MM_STRUCTURE_LONG_LIQUIDATION
2023-10-03,1824.5999755859373,100500,108061,-7561,0.0641025641025641,-0.0398863648991459,-0.0555900747484796,-0.0527463286062932,-0.0517124896120326,0.15384615384615385,0.9615384615384616,-0.26282051282051283,-0.1474358974358974,-0.3076923076923077,-0.2051282051282051,0.17948717948717952,0.40384615384615385,0.7884615384615385,-0.07051282051282054,-0.23076923076923078,-0.282051282051282,-0.5192307692307693,-0.1538461538461538,-14085.0,52082.0,-66167.0,-66167.0,0.0,SHORT_BUILDING,MM_STRUCTURE_LONG_LIQUIDATION
2023-10-10,1861.0,93934,120701,-26767,0.032051282051282,0.0199495916371332,-0.0207324899536404,-0.026317191201332,-0.0218134034165571,0.10897435897435898,1.0,-0.27564102564102566,-0.1858974358974359,-0.7243589743589745,-0.2371794871794872,0.11538461538461542,0.10256410256410253,0.967948717948718,-0.7435897435897436,-0.1474358974358975,-0.1282051282051282,-0.9102564102564104,0.19871794871794873,-19212.0,37091.0,-56303.0,-56303.0,0.0,SHORT_BUILDING,MM_STRUCTURE_LONG_LIQUIDATION
2023-10-17,1922.699951171875,104708,89605,15103,0.1282051282051282,0.0331541919247044,0.0537651961517946,-0.0048136898696299,0.0138683433976112,0.19230769230769232,0.8974358974358975,-0.24999999999999997,0.0,-0.41025641025641024,0.025641025641025633,0.05128205128205132,-0.038461538461538436,0.7948717948717949,-0.8525641025641025,-0.1602564102564102,0.03846153846153849,-0.6153846153846154,0.39743589743589747,-377.0,-6371.0,5994.0,5994.0,0.0,MIXED_LONG_AND_SHORT_DOWN,MM_STRUCTURE_SHORT_COVERING_RALLY
2023-10-24,1975.0,122456,66708,55748,0.3846153846153846,0.0272013575473637,0.061257388500806,0.0392548803554864,0.0198812290214305,0.4935897435897436,0.7115384615384616,0.17307692307692307,0.07692307692307693,0.05769230769230771,0.0897435897435897,-0.21153846153846156,-0.17307692307692302,0.5064102564102564,-0.9102564102564101,0.24358974358974358,0.16025641025641027,-0.15384615384615385,0.5192307692307693,1847.0,-14659.0,16506.0,16506.0,0.0,SHORT_COVERING,MM_STRUCTURE_ACCUMULATION
2023-10-31,1985.199951171875,140111,65271,74840,0.5641025641025641,0.0051645322389239,0.0325063720742837,0.0880192796968355,0.0306302572399637,0.8141025641025641,0.6858974358974359,0.6602564102564102,0.3974358974358974,0.5128205128205128,0.4423076923076923,-0.27564102564102566,-0.09615384615384615,0.1282051282051282,-0.7051282051282052,0.5,0.2692307692307692,0.217948717948718,0.5576923076923077,19889.0,-4586.0,24475.0,24475.0,0.0,LONG_BUILDING,MM_STRUCTURE_ACCUMULATION
2023-11-07,1966.800048828125,140609,62374,78235,0.6025641025641025,-0.0092685385836769,-0.0041518740110759,0.0568511815304271,0.0290378269147373,0.8141025641025641,0.6538461538461539,0.7051282051282051,0.42948717948717946,0.5192307692307692,0.8782051282051282,-0.34615384615384615,-0.23076923076923073,-0.2435897435897436,-1.0833333333333333,0.5705128205128205,0.423076923076923,0.44230769230769235,1.185897435897436,22872.0,-20792.0,43664.0,43664.0,0.0,LONG_BUILDING,MM_STRUCTURE_ACCUMULATION
2023-11-14,1961.800048828125,132924,68609,64315,0.4807692307692308,-0.0025422004656645,-0.011787176566238,0.0203360371608782,0.0154244559151786,0.6923076923076923,0.7307692307692307,0.5,0.25,0.5,0.41025641025641024,-0.16666666666666674,-0.11538461538461542,-0.20512820512820518,-0.858974358974359,0.3525641025641026,0.1923076923076924,0.3910256410256411,0.6474358974358976,11752.0,-5173.0,16925.0,16925.0,0.0,LONG_BUILDING,MM_STRUCTURE_ACCUMULATION
2023-11-21,1999.300048828125,144381,65246,79135,0.6153846153846154,0.0191150979032752,0.0165243030268198,0.0123038221914557,0.0520416876149829,0.8653846153846154,0.6730769230769231,0.3717948717948718,0.5448717948717949,0.44871794871794873,0.6602564102564104,-0.038461538461538436,-0.25,-0.21153846153846145,-0.9679487179487181,0.23076923076923084,0.47435897435897445,0.3910256410256411,0.8717948717948719,29713.0,-25984.0,55697.0,55697.0,0.0,LONG_BUILDING,MM_STRUCTURE_ACCUMULATION
2023-11-28,2039.699951171875,169695,54802,114893,0.935897435897436,0.0202070231366373,0.0397083802655031,0.0274531540099163,0.1178888405481108,0.9743589743589743,0.4551282051282051,0.16025641025641024,0.8205128205128205,0.5576923076923077,0.9679487179487178,-0.23076923076923078,-0.5064102564102564,-0.3269230769230769,-0.9102564102564102,0.3717948717948719,0.8717948717948719,0.6410256410256412,1.153846153846154,69195.0,-53259.0,122454.0,122454.0,0.0,LONG_BUILDING,MM_STRUCTURE_CROWDED_LONG
2023-12-05,2018.5,159907,50520,109387,0.903846153846154,-0.010393661655821,0.0096033365192627,0.0262863279887954,0.084631918323482,0.9423076923076923,0.3717948717948718,0.1282051282051282,0.8333333333333333,0.5576923076923077,1.0192307692307692,-0.28205128205128205,-0.6282051282051282,-0.5128205128205128,-0.7307692307692307,0.30128205128205143,0.8717948717948719,0.7243589743589745,1.0,65973.0,-70181.0,136154.0,136154.0,0.0,SHORT_COVERING,MM_STRUCTURE_CROWDED_LONG
2023-12-12,1977.800048828125,149634,54106,95528,0.7884615384615384,-0.0201634635481173,-0.0303475529860097,0.0081557751053975,0.0286576684118948,0.8910256410256411,0.4358974358974359,0.1987179487179488,0.6987179487179488,0.4487179487179488,0.6987179487179488,-0.2948717948717948,-0.46153846153846156,-0.41025641025641024,-0.42307692307692313,0.30769230769230765,0.6602564102564102,0.5,0.6217948717948718,44926.0,-35499.0,80425.0,80425.0,0.0,LONG_BUILDING,MM_STRUCTURE_ACCUMULATION
2023-12-19,2038.4000244140625,155697,47421,108276,0.8846153846153846,0.0306400920668616,0.0098588181392431,0.0195568322067793,0.0321012781843355,0.9166666666666666,0.2948717948717949,0.05128205128205121,0.423076923076923,0.596153846153846,0.3461538461538461,-0.37820512820512825,-0.4166666666666667,-0.6282051282051282,-0.24358974358974367,0.26923076923076916,0.5,0.7435897435897436,0.33974358974358976,33241.0,-19287.0,52528.0,52528.0,0.0,LONG_BUILDING,MM_STRUCTURE_CROWDED_LONG
2023-12-26,2058.199951171875,152801,46347,106454,0.8653846153846154,0.0097134647373759,0.0406511782580791,0.0090699614859386,0.0367721145453925,0.9166666666666666,0.26282051282051283,-0.05769230769230771,0.10256410256410253,0.7628205128205128,-0.2948717948717949,-0.1923076923076923,-0.4230769230769231,-0.6987179487179487,-0.3269230769230769,-0.0705128205128206,0.3012820512820513,0.8012820512820513,0.032051282051282104,12690.0,-18924.0,31614.0,31614.0,0.0,SHORT_COVERING,MM_STRUCTURE_CROWDED_LONG
2024-01-02,2064.39990234375,154384,45235,109149,0.903846153846154,0.0030123172281415,0.0127550420026909,0.0227396097813969,0.0496236786112436,0.9230769230769231,0.2564102564102564,-0.019230769230769162,0.10897435897435903,0.8141025641025641,-0.32051282051282043,-0.11538461538461542,-0.39743589743589747,-0.7435897435897436,-0.16666666666666674,0.0,0.30128205128205143,0.8717948717948719,-0.12179487179487158,13775.0,-17139.0,30914.0,30914.0,0.0,SHORT_COVERING,MM_STRUCTURE_CROWDED_LONG
2024-01-09,2026.4000244140625,134333,45874,88459,0.7307692307692307,-0.0184072271494227,-0.0154503583287457,0.0245727446587604,0.032928929543317,0.6987179487179487,0.2692307692307692,-0.1923076923076924,0.0064102564102563875,0.5064102564102564,-0.2435897435897436,-0.16666666666666669,-0.4615384615384615,-0.6282051282051282,-0.3461538461538461,-0.05769230769230771,0.24999999999999994,0.6025641025641025,0.05769230769230754,1409.0,-22735.0,24144.0,24144.0,0.0,SHORT_COVERING,MM_STRUCTURE_ACCUMULATION
2024-01-16,2026.0,130931,47702,83229,0.6730769230769231,-0.0001974064396185,-0.0186009998838664,-0.0060832144159863,0.0133546493871816,0.6410256410256411,0.3269230769230769,-0.27564102564102555,-0.22435897435897434,0.14743589743589747,-0.7692307692307693,0.03205128205128205,-0.3461538461538462,-0.38461538461538464,-0.0961538461538462,-0.21153846153846145,0.05769230769230771,0.28846153846153855,-0.41666666666666674,-13450.0,-17544.0,4094.0,4094.0,0.0,MIXED_LONG_AND_SHORT_DOWN,MM_STRUCTURE_SHORT_COVERING_RALLY
2024-01-23,2023.699951171875,111298,50265,61033,0.4423076923076923,-0.0011352659566263,-0.0013324482874343,-0.0167622198126847,-0.0078442910148659,0.2948717948717949,0.3782051282051282,-0.6217948717948718,-0.6794871794871795,-0.5192307692307692,-1.5,0.11538461538461536,-0.07692307692307693,-0.3076923076923077,0.42948717948717946,-0.42307692307692313,-0.4935897435897437,-0.1217948717948718,-1.3653846153846156,-58397.0,-4537.0,-53860.0,-53860.0,0.0,MIXED_LONG_AND_SHORT_DOWN,MM_STRUCTURE_LOW_PARTICIPATION
2024-01-30,2031.5,108093,52069,56024,0.391025641025641,0.0038543504552679,0.0027147087857848,-0.0159367873958907,0.0064404260589545,0.24358974358974358,0.40384615384615385,-0.6794871794871795,-0.6987179487179487,-0.5705128205128205,-1.532051282051282,0.14743589743589747,0.03205128205128205,-0.25,0.6602564102564102,-0.512820512820513,-0.512820512820513,-0.2115384615384615,-1.384615384615385,-51814.0,1549.0,-53363.0,-53363.0,0.0,LONG_LIQUIDATION,MM_STRUCTURE_LONG_LIQUIDATION
2024-02-06,2034.5,114316,46247,68069,0.5256410256410257,0.0014767413241447,0.0053367836580076,0.0039972243823278,0.0286681918151789,0.34615384615384615,0.27564102564102566,-0.35256410256410253,-0.5448717948717949,-0.34615384615384615,-1.2435897435897436,0.006410256410256443,-0.16025641025641024,-0.45512820512820507,0.3012820512820513,-0.20512820512820507,-0.2628205128205128,0.04487179487179488,-0.923076923076923,-35318.0,-7859.0,-27459.0,-27459.0,0.0,MIXED_LONG_AND_SHORT_DOWN,MM_STRUCTURE_LOW_PARTICIPATION
2024-02-13,1992.9000244140625,100642,66466,34176,0.2051282051282051,-0.0204472723450171,-0.0190007263529103,-0.0163375990058921,-0.0223214283040832,0.16666666666666666,0.6923076923076923,-0.47435897435897445,-0.75,-0.6987179487179488,-1.173076923076923,0.36538461538461536,0.3974358974358974,0.019230769230769162,0.8141025641025641,-0.46794871794871806,-0.6794871794871795,-0.41025641025641035,-1.1794871794871795,-55055.0,19045.0,-74100.0,-74100.0,0.0,LONG_LIQUIDATION,MM_STRUCTURE_LONG_LIQUIDATION
2024-02-20,2027.5,98840,48917,49923,0.3397435897435897,0.0173616213367804,-0.0034406488080609,0.0018777728516148,-0.0149159226023668,0.14743589743589744,0.34615384615384615,-0.14743589743589744,-0.7692307692307692,-0.8269230769230769,-0.8717948717948717,-0.03205128205128205,0.08333333333333331,-0.10897435897435898,0.5064102564102564,-0.10256410256410259,-0.5256410256410258,-0.5961538461538463,-0.8269230769230771,-53961.0,2570.0,-56531.0,-56531.0,0.0,LONG_LIQUIDATION,MM_STRUCTURE_LOW_PARTICIPATION
2024-02-27,2034.0,103885,47732,56153,0.4038461538461538,0.003205918618989,0.0206231999008688,0.0012306177701206,-0.0147257817195382,0.20512820512820512,0.3269230769230769,-0.038461538461538464,-0.7179487179487181,-0.7371794871794872,-0.8269230769230771,-0.07692307692307693,0.07051282051282054,-0.04487179487179488,0.467948717948718,0.012820512820512775,-0.5000000000000002,-0.5000000000000002,-0.8012820512820517,-50499.0,2497.0,-52996.0,-52996.0,0.0,LONG_LIQUIDATION,MM_STRUCTURE_LOW_PARTICIPATION
2024-03-05,2133.5,145106,35343,109763,0.9102564102564102,0.0489183874139627,0.0522811344019729,0.0486606045711477,0.052852336308526,0.8653846153846154,0.0641025641025641,0.5192307692307693,0.16666666666666674,-0.02564102564102566,0.16025641025641035,-0.21153846153846156,-0.20512820512820512,-0.3717948717948718,0.2564102564102564,0.3846153846153846,0.17948717948717952,0.1217948717948718,-0.07051282051282043,10773.0,-10531.0,21304.0,21304.0,0.0,LONG_BUILDING,MM_STRUCTURE_CROWDED_LONG
2024-03-12,2160.39990234375,173994,32911,141083,0.9807692307692308,0.0126083441967423,0.0621435114767698,0.084048309437366,0.0663375628547631,0.9743589743589743,0.04487179487179487,0.8076923076923077,0.33333333333333326,0.05769230769230771,0.5576923076923076,-0.6474358974358975,-0.28205128205128205,-0.25,0.06410256410256415,0.7756410256410258,0.3076923076923077,0.09615384615384626,0.25,43063.0,-14791.0,57854.0,57854.0,0.0,LONG_BUILDING,MM_STRUCTURE_CROWDED_LONG
2024-03-19,2156.300048828125,172588,29692,142896,0.9871794871794872,-0.0018977289858128,0.0106866879906843,0.06352653456381,0.0655235958173861,0.967948717948718,0.01282051282051282,0.8205128205128205,0.6730769230769231,0.05128205128205132,1.3525641025641026,-0.3333333333333333,-0.36538461538461536,-0.25,-0.28846153846153844,0.6474358974358976,0.5448717948717949,0.1217948717948718,1.0384615384615388,61290.0,-20573.0,81863.0,81863.0,0.0,LONG_BUILDING,MM_STRUCTURE_CROWDED_LONG
2024-03-26,2175.60009765625,163006,27211,135795,0.9615384615384616,0.0089505395311815,0.0070358248470618,0.0696165671859636,0.070932856340758,0.9358974358974359,0.0,0.7307692307692308,0.6923076923076923,0.012820512820512775,1.391025641025641,-0.3269230769230769,-0.40384615384615385,-0.2564102564102564,-0.4358974358974359,0.5576923076923077,0.5705128205128205,0.0576923076923076,1.0833333333333335,54913.0,-24858.0,79771.0,79771.0,0.0,LONG_BUILDING,MM_STRUCTURE_CROWDED_LONG
2024-04-02,2261.0,173073,25993,147080,0.9935897435897436,0.0392534926045233,0.0485553720729987,0.0597609561752987,0.1113295650036865,0.967948717948718,0.0,0.10256410256410253,0.6217948717948718,0.2692307692307693,1.1666666666666667,-0.0641025641025641,-0.27564102564102566,-0.2692307692307692,-0.11538461538461542,0.08333333333333337,0.46794871794871795,0.2628205128205129,0.7307692307692307,58757.0,-20254.0,79011.0,79011.0,0.0,LONG_BUILDING,MM_STRUCTURE_CROWDED_LONG
2024-04-09,2343.5,174617,32885,141732,0.967948717948718,0.0364882795223353,0.0771740645372405,0.0847528725851221,0.175924517683228,0.9743589743589743,0.0641025641025641,0.0,0.8076923076923077,0.33333333333333326,1.5576923076923077,0.019230769230769225,-0.6282051282051282,-0.26282051282051283,-1.0256410256410255,-0.012820512820512886,0.7628205128205129,0.2948717948717948,1.4423076923076925,73975.0,-33581.0,107556.0,107556.0,0.0,LONG_BUILDING,MM_STRUCTURE_CROWDED_LONG
2024-04-16,2390.800048828125,169910,35174,134736,0.9423076923076924,0.0201835070740878,0.0574082480442834,0.1087510989611315,0.1791862139719482,0.9487179487179487,0.09615384615384616,-0.019230769230769273,0.8012820512820512,0.6538461538461537,1.5705128205128203,0.08333333333333334,-0.25,-0.28205128205128205,-0.3333333333333333,-0.04487179487179482,0.6025641025641026,0.5000000000000001,1.1282051282051284,71070.0,-13743.0,84813.0,84813.0,0.0,LONG_BUILDING,MM_STRUCTURE_CROWDED_LONG
2024-04-23,2327.699951171875,176400,34261,142139,0.967948717948718,-0.0263928795246508,-0.0067420733211542,0.0699116780144846,0.144395256230027,0.9743589743589743,0.08333333333333333,0.038461538461538436,0.7692307692307692,0.7307692307692307,1.4871794871794872,0.08333333333333333,-0.2435897435897436,-0.32051282051282054,-0.31410256410256415,0.0064102564102563875,0.5641025641025641,0.5769230769230769,1.0641025641025643,72515.0,-13471.0,85986.0,85986.0,0.0,LONG_BUILDING,MM_STRUCTURE_CROWDED_LONG
2024-04-30,2291.39990234375,171853,36826,135027,0.935897435897436,-0.0155948144475621,-0.0415761019132892,0.0134453349596417,0.0740097972082258,0.9423076923076923,0.14743589743589744,-0.02564102564102566,0.07692307692307687,0.5961538461538461,-0.08974358974358987,0.14743589743589744,0.08333333333333334,-0.12820512820512822,0.28846153846153844,-0.0576923076923076,0.025641025641025772,0.41025641025641035,-0.15384615384615374,26747.0,1483.0,25264.0,25264.0,0.0,MIXED_LONG_AND_SHORT_UP,MM_STRUCTURE_CROWDED_LONG
2024-05-07,2315.199951171875,164780,38681,126099,0.9166666666666666,0.010386684927315,-0.0053701079444139,-0.0120759756040644,0.0716534233593453,0.9038461538461539,0.20512820512820512,-0.07051282051282048,-0.07051282051282048,0.7371794871794872,-0.40384615384615374,0.14102564102564102,0.16025641025641024,-0.48717948717948717,0.4423076923076923,-0.05128205128205132,-0.06410256410256421,0.7115384615384616,-0.3717948717948719,-9214.0,5770.0,-14984.0,-14984.0,0.0,LONG_LIQUIDATION,MM_STRUCTURE_CROWDED_LONG
2024-05-14,2353.39990234375,171868,41433,130435,0.9230769230769232,0.0164996337152389,0.0270576951393701,-0.0156433602645721,0.0914065060763422,0.9423076923076923,0.23717948717948717,-0.0064102564102563875,-0.02564102564102566,0.7948717948717948,-0.6987179487179488,0.14102564102564102,0.22435897435897434,-0.10897435897435898,0.5897435897435896,-0.019230769230769162,-0.06410256410256399,0.5833333333333335,-0.6089743589743589,-720.0,11741.0,-12461.0,-12461.0,0.0,SHORT_BUILDING,MM_STRUCTURE_CROWDED_LONG
2024-05-21,2421.699951171875,190605,42082,148523,0.9935897435897436,0.0290218626932485,0.0460003465126601,0.0403832117419926,0.1131181478529743,1.0,0.2564102564102564,0.02564102564102566,0.0641025641025641,0.7948717948717949,-0.6282051282051282,0.17307692307692307,0.2564102564102564,-0.07051282051282054,0.6602564102564102,0.02564102564102566,0.03205128205128205,0.5897435897435899,-0.5384615384615384,27599.0,14871.0,12728.0,12728.0,0.0,MIXED_LONG_AND_SHORT_UP,MM_STRUCTURE_CROWDED_LONG
2024-05-28,2355.199951171875,174444,25616,148828,1.0,-0.0274600492797715,0.0007648716337296,0.027843262436586,0.0416629593860571,0.9551282051282052,0.0,0.012820512820512886,-0.012820512820512775,0.08974358974358976,-0.6346153846153846,-0.14743589743589744,0.0,-0.0641025641025641,0.27564102564102566,0.06410256410256399,0.0064102564102563875,0.08974358974358976,-0.46153846153846156,1371.0,-377.0,1748.0,1748.0,0.0,LONG_BUILDING,MM_STRUCTURE_CROWDED_LONG
2024-06-04,2325.5,172560,20261,152299,1.0,-0.0126103735511277,-0.0397241413517489,0.0044488808938127,-0.0076808192873906,0.9294871794871795,0.0,0.02564102564102566,-0.04487179487179482,-0.04487179487179482,-0.8525641025641025,-0.20512820512820512,-0.0641025641025641,-0.04487179487179487,0.5641025641025641,0.08333333333333337,0.03205128205128205,0.019230769230769162,-0.7307692307692308,-2057.0,-12624.0,10567.0,10567.0,0.0,MIXED_LONG_AND_SHORT_DOWN,MM_STRUCTURE_CROWDED_LONG
2024-06-11,2307.5,168424,15459,152965,1.0,-0.0077402709094818,-0.020253036753054,-0.0195036560926336,-0.0348419136384723,0.8974358974358975,0.0,-0.04487179487179482,-0.05128205128205121,-0.07051282051282048,-0.8525641025641024,-0.23717948717948717,-0.09615384615384616,-0.01282051282051282,0.15384615384615385,0.07692307692307676,0.0576923076923076,0.012820512820512775,-0.544871794871795,-1486.0,-19715.0,18229.0,18229.0,0.0,MIXED_LONG_AND_SHORT_DOWN,MM_STRUCTURE_CROWDED_LONG
2024-06-18,2330.39990234375,177639,17018,160621,1.0,0.0099241180254605,0.0021070317539237,-0.0377008096250505,0.0011599223390093,0.967948717948718,0.00641025641025641,-0.03205128205128205,-0.0064102564102563875,0.03205128205128205,-0.7756410256410255,-0.24999999999999997,-0.07692307692307691,0.00641025641025641,0.16666666666666669,0.0064102564102563875,0.03205128205128205,0.038461538461538436,-0.532051282051282,1239.0,-17243.0,18482.0,18482.0,0.0,SHORT_COVERING,MM_STRUCTURE_CROWDED_LONG
2024-06-25,2316.60009765625,174756,16554,158202,0.9935897435897436,-0.0059216466125068,0.0039437042930661,-0.0163892044479785,0.0109977290680356,0.9551282051282052,0.00641025641025641,0.0,0.012820512820512886,-0.012820512820512775,-0.06410256410256399,0.00641025641025641,-0.14102564102564102,0.00641025641025641,-0.22435897435897437,-0.0064102564102563875,0.0576923076923076,0.0,0.032051282051281826,2903.0,-20272.0,23175.0,23175.0,0.0,SHORT_COVERING,MM_STRUCTURE_CROWDED_LONG
2024-07-02,2323.0,167688,16873,150815,0.9743589743589745,0.0027626271578875,-0.0031753787563704,-0.0010750376263168,0.00336906055314,0.8717948717948718,0.01282051282051282,-0.05769230769230771,-0.03205128205128205,-0.10256410256410253,0.038461538461538436,0.01282051282051282,-0.1923076923076923,-0.05128205128205128,-0.35256410256410253,-0.02564102564102555,0.05769230769230782,0.0064102564102564985,0.12179487179487203,2908.0,-21808.0,24716.0,24716.0,0.0,SHORT_COVERING,MM_STRUCTURE_CROWDED_LONG
2024-07-09,2360.10009765625,181982,24515,157467,0.9871794871794872,0.0159707695463839,0.0187775179859526,0.022795275257313,0.0028470279555239,0.9743589743589743,0.03205128205128205,0.07692307692307687,0.03205128205128205,0.02564102564102566,0.05769230769230771,0.03205128205128205,-0.20512820512820512,-0.06410256410256411,-0.42948717948717946,-0.012820512820512775,0.06410256410256399,0.04487179487179482,0.12820512820512797,10114.0,-16918.0,27032.0,27032.0,0.0,SHORT_COVERING,MM_STRUCTURE_CROWDED_LONG
2024-07-16,2462.39990234375,216502,31970,184532,1.0,0.0433455363986854,0.0600085675177572,0.0566426388308907,0.0168063558626163,1.0,0.08974358974358974,0.03205128205128205,0.0,0.02564102564102566,-0.0641025641025641,0.08333333333333333,-0.16666666666666663,0.006410256410256415,-0.423076923076923,0.0,0.0064102564102563875,0.03205128205128205,-0.02564102564102566,25897.0,-10112.0,36009.0,36009.0,0.0,LONG_BUILDING,MM_STRUCTURE_CROWDED_LONG
2024-07-23,2404.60009765625,197802,34942,162860,0.9935897435897436,-0.0234729560509181,0.0188551324768775,0.0379867030520422,0.0209749267614391,0.9935897435897436,0.15384615384615385,0.038461538461538436,0.038461538461538436,0.05128205128205132,0.05128205128205121,0.14743589743589744,0.15384615384615385,0.006410256410256415,0.15384615384615385,0.0,-0.0064102564102563875,0.0576923076923076,-0.012820512820512775,23358.0,9326.0,14032.0,14032.0,0.0,MIXED_LONG_AND_SHORT_UP,MM_STRUCTURE_CROWDED_LONG
2024-07-30,2405.0,185586,33222,152364,0.9615384615384616,0.0001663072143014,-0.023310552558549,0.0352991820921222,0.0341861965168781,0.9743589743589743,0.1346153846153846,0.10256410256410253,0.04487179487179482,0.07051282051282048,0.08974358974358965,0.12179487179487179,0.1346153846153846,-0.07051282051282051,0.1987179487179487,-0.012820512820512886,-0.038461538461538436,0.044871794871794934,-0.07051282051282048,13026.0,12961.0,65.0,65.0,0.0,MIXED_LONG_AND_SHORT_UP,MM_STRUCTURE_CROWDED_LONG
2024-08-06,2389.10009765625,180303,29517,150786,0.9423076923076924,-0.0066111860057173,-0.0064459782793436,0.0122876144231336,0.0353629892334776,0.9423076923076923,0.07051282051282051,-0.03205128205128205,0.04487179487179482,0.0,0.09615384615384603,0.038461538461538464,0.07051282051282051,-0.16666666666666666,0.16666666666666669,-0.04487179487179482,-0.0576923076923076,0.019230769230769162,-0.1153846153846152,11879.0,14058.0,-2179.0,-2179.0,0.0,MIXED_LONG_AND_SHORT_UP,MM_STRUCTURE_CROWDED_LONG
2024-08-13,2466.699951171875,203844,25929,177915,0.9935897435897436,0.0324807878881892,0.0256548653521309,0.0017462837064086,0.0584878366545775,0.9935897435897436,0.04487179487179487,-0.0064102564102563875,0.02564102564102566,-0.0064102564102563875,0.03205128205128205,-0.04487179487179487,0.038461538461538464,-0.2115384615384615,0.11538461538461538,-0.0064102564102563875,-0.0064102564102563875,0.0,-0.038461538461538436,26205.0,8911.0,17294.0,17294.0,0.0,MIXED_LONG_AND_SHORT_UP,MM_STRUCTURE_CROWDED_LONG
2024-08-20,2511.300048828125,222142,28837,193305,1.0,0.0180808766931954,0.051148945702089,0.0443732624297381,0.0840455594251492,1.0,0.07051282051282051,0.0064102564102563875,0.04487179487179482,0.04487179487179482,0.03205128205128194,-0.08333333333333334,0.0641025641025641,0.07051282051282051,0.20512820512820512,0.0064102564102563875,0.0064102564102563875,0.0,-0.05128205128205121,47386.0,12283.0,35103.0,35103.0,0.0,MIXED_LONG_AND_SHORT_UP,MM_STRUCTURE_CROWDED_LONG
2024-08-27,2516.0,217976,17685,200291,1.0,0.0018715211565691,0.0199862365930252,0.0461538461538462,0.0830822212656048,0.9935897435897436,0.02564102564102564,0.019230769230769273,0.1217948717948718,0.0641025641025641,0.15384615384615385,-0.10897435897435898,0.01282051282051282,0.02564102564102564,0.20512820512820512,0.038461538461538436,0.02564102564102555,0.0,-0.03205128205128227,50288.0,812.0,49476.0,49476.0,0.0,MIXED_LONG_AND_SHORT_UP,MM_STRUCTURE_CROWDED_LONG
2024-09-03,2489.89990234375,212086,19996,192090,0.9871794871794872,-0.0103736477171104,-0.0085215410617146,0.0421915367993104,0.0549975845585535,0.9807692307692307,0.03205128205128205,0.038461538461538436,0.0064102564102563875,0.08333333333333326,-0.02564102564102566,-0.038461538461538464,0.0,0.03205128205128205,0.20512820512820512,0.04487179487179482,0.0,-0.012820512820512775,-0.06410256410256399,30104.0,-4519.0,34623.0,34623.0,0.0,LONG_BUILDING,MM_STRUCTURE_CROWDED_LONG
2024-09-10,2512.300048828125,213645,23190,190455,0.9807692307692308,0.0089964044190249,-0.0014705688282492,0.0184862766282483,0.0202648426183249,0.9807692307692307,0.04487179487179487,-0.012820512820512886,-0.019230769230769273,0.012820512820512775,-0.019230769230769273,0.0,-0.04487179487179487,0.038461538461538464,0.12179487179487175,-0.012820512820512775,-0.019230769230769162,-0.019230769230769162,-0.02564102564102555,-2857.0,-8780.0,5923.0,5923.0,0.0,MIXED_LONG_AND_SHORT_DOWN,MM_STRUCTURE_CROWDED_LONG
2024-09-17,2564.300048828125,241844,25489,216355,1.0,0.0206981646257802,0.02988077810451,0.0211046067652218,0.0664143494494298,1.0,0.057692307692307696,0.0,0.0064102564102563875,0.04487179487179482,-0.03205128205128205,-0.012820512820512817,-0.09615384615384616,0.05128205128205129,-0.25,0.0,0.0064102564102563875,0.0064102564102563875,0.012820512820512775,44042.0,-9453.0,53495.0,53495.0,0.0,LONG_BUILDING,MM_STRUCTURE_CROWDED_LONG
2024-09-24,2651.199951171875,256435,37406,219029,1.0,0.0338883518656341,0.0552879431772255,0.0537360696231616,0.1023700420673077,1.0,0.26282051282051283,0.0064102564102563875,0.02564102564102566,0.1282051282051282,-0.019230769230769162,0.2371794871794872,0.12820512820512822,0.25,-0.0064102564102563875,0.0,0.038461538461538436,0.02564102564102555,0.07692307692307687,70849.0,4184.0,66665.0,66665.0,0.0,MIXED_LONG_AND_SHORT_UP,MM_STRUCTURE_CROWDED_LONG
2024-10-01,2667.300048828125,247867,33405,214462,0.9871794871794872,0.0060727587329403,0.0401669063833114,0.0712479029046058,0.1164454982211897,0.9935897435897436,0.1858974358974359,0.012820512820512886,0.05128205128205132,0.019230769230769273,0.0064102564102564985,0.15384615384615385,0.11538461538461539,0.15384615384615385,0.04487179487179488,0.0,0.04487179487179482,0.0,0.10256410256410242,67564.0,3888.0,63676.0,63676.0,0.0,MIXED_LONG_AND_SHORT_UP,MM_STRUCTURE_CROWDED_LONG
2024-10-08,2615.0,227596,33537,194059,0.9743589743589745,-0.0196078610845086,-0.0136541761612035,0.0408788557002894,0.0601208301632596,0.9807692307692307,0.19230769230769232,0.0,-0.012820512820512886,-0.019230769230769273,-0.03846153846153855,0.14743589743589744,0.14743589743589744,0.10256410256410257,0.10897435897435898,-0.0064102564102563875,-0.019230769230769162,-0.02564102564102555,-0.012820512820512775,23752.0,7608.0,16144.0,16144.0,0.0,MIXED_LONG_AND_SHORT_UP,MM_STRUCTURE_CROWDED_LONG
2024-10-15,2661.39990234375,233871,34450,199421,0.9743589743589745,0.0177437485062141,-0.0022120295341228,0.0378660264659742,0.0597697808295221,0.9807692307692307,0.21153846153846154,-0.019230769230769273,-0.019230769230769273,-0.012820512820512886,-0.0641025641025641,0.15384615384615385,0.14102564102564102,0.05769230769230768,0.07692307692307693,-0.02564102564102555,-0.02564102564102555,-0.019230769230769162,-0.03205128205128194,11729.0,5613.0,6116.0,6116.0,0.0,MIXED_LONG_AND_SHORT_UP,MM_STRUCTURE_CROWDED_LONG
2024-10-22,2744.199951171875,242427,37267,205160,0.9807692307692308,0.0311114645924528,0.0494072471020554,0.0350784556852803,0.0906995036454192,0.9871794871794872,0.27564102564102566,-0.012820512820512775,-0.0064102564102563875,0.012820512820512886,-0.1282051282051282,0.01282051282051283,0.25,0.14102564102564105,0.23717948717948717,-0.019230769230769162,-0.019230769230769162,0.019230769230769273,-0.04487179487179471,24451.0,19582.0,4869.0,4869.0,0.0,MIXED_LONG_AND_SHORT_UP,MM_STRUCTURE_CROWDED_LONG
2024-10-29,2768.39990234375,234856,39683,195173,0.9615384615384616,0.008818581591163,0.0402044051725449,0.0379034423067787,0.1118518859886081,0.9743589743589743,0.34615384615384615,-0.019230769230769273,-0.0064102564102563875,0.03205128205128205,-0.012820512820512775,0.16025641025641024,0.3141025641025641,0.27564102564102566,0.3141025641025641,-0.02564102564102566,-0.02564102564102566,0.019230769230769162,-0.02564102564102566,22770.0,19687.0,3083.0,3083.0,0.0,MIXED_LONG_AND_SHORT_UP,MM_STRUCTURE_CROWDED_LONG
2024-11-05,2740.300048828125,219687,36684,183003,0.9230769230769232,-0.0101502147474559,-0.0014211436532111,0.0479158886532027,0.0907534910514975,0.9487179487179487,0.2692307692307692,-0.03205128205128205,-0.03205128205128205,-0.044871794871794934,-0.012820512820512775,0.0769230769230769,0.22435897435897434,0.22435897435897434,0.2692307692307692,-0.05128205128205121,-0.0576923076923076,-0.07051282051282037,-0.038461538461538436,6042.0,13494.0,-7452.0,-7452.0,0.0,MIXED_LONG_AND_SHORT_UP,MM_STRUCTURE_CROWDED_LONG
2024-11-12,2600.0,203661,38365,165296,0.9102564102564102,-0.0511987907631222,-0.0608293267895224,-0.0230705285175965,0.0139219087049464,0.9102564102564102,0.3141025641025641,-0.07051282051282048,-0.08974358974358976,-0.08974358974358976,-0.09615384615384615,0.10256410256410256,0.2564102564102564,0.24358974358974358,0.35256410256410253,-0.06410256410256421,-0.08974358974358976,-0.08974358974358976,-0.09615384615384615,-38183.0,12876.0,-51059.0,-51059.0,0.0,LONG_LIQUIDATION,MM_STRUCTURE_CROWDED_LONG
2024-11-19,2627.10009765625,193355,38181,155174,0.8782051282051282,0.010423114483173,-0.0413093271374732,-0.0426717643026044,-0.0090901682104257,0.8974358974358975,0.3076923076923077,-0.08974358974358976,-0.10256410256410253,-0.09615384615384615,-0.1282051282051282,0.03205128205128205,0.04487179487179488,0.28205128205128205,-0.08333333333333334,-0.10256410256410264,-0.1217948717948718,-0.1217948717948718,-0.16025641025641024,-63080.0,775.0,-63855.0,-63855.0,0.0,LONG_LIQUIDATION,MM_STRUCTURE_CROWDED_LONG
2024-11-26,2620.300048828125,203596,24306,179290,0.9166666666666666,-0.0025884239562061,0.0078077110877403,-0.0534965535110164,-0.0176208147338539,0.9038461538461539,0.05128205128205128,-0.07051282051282048,-0.08974358974358976,-0.07692307692307687,-0.14102564102564108,-0.2948717948717949,-0.13461538461538464,0.019230769230769232,-0.25,-0.044871794871794934,-0.0705128205128206,-0.0705128205128206,-0.11538461538461542,-44271.0,-9099.0,-35172.0,-35172.0,0.0,MIXED_LONG_AND_SHORT_DOWN,MM_STRUCTURE_CROWDED_LONG
2024-12-03,2644.699951171875,203580,22845,180735,0.9166666666666666,0.0093118734072696,0.006699346374859,-0.0348867262536206,0.0113575339089389,0.8974358974358975,0.04487179487179487,-0.05128205128205121,-0.08333333333333326,-0.08333333333333326,-0.07051282051282037,-0.22435897435897434,-0.14743589743589744,0.0,-0.2948717948717949,-0.0064102564102566095,-0.05769230769230782,-0.06410256410256421,-0.03846153846153866,-24016.0,-10692.0,-13324.0,-13324.0,0.0,MIXED_LONG_AND_SHORT_DOWN,MM_STRUCTURE_CROWDED_LONG
2024-12-10,2697.60009765625,218482,22404,196078,0.9615384615384616,0.020002324445514,0.0295004569658714,0.0375384990985576,0.0136019375670002,0.9423076923076923,0.04487179487179487,0.03205128205128205,-0.038461538461538436,-0.05769230769230771,-0.019230769230769162,-0.2692307692307692,-0.16666666666666666,-0.012820512820512824,-0.3076923076923077,0.05128205128205132,-0.012820512820512886,-0.038461538461538436,0.012820512820512664,-15389.0,-12046.0,-3343.0,-3343.0,0.0,MIXED_LONG_AND_SHORT_DOWN,MM_STRUCTURE_CROWDED_LONG
2024-12-17,2644.39990234375,201880,18378,183502,0.9166666666666666,-0.0197213053775916,-0.0001134528807292,0.0065851334339843,-0.0363676301304162,0.8846153846153846,0.03205128205128205,-0.012820512820512886,-0.10256410256410264,-0.11538461538461542,-0.09615384615384626,-0.27564102564102566,-0.2435897435897436,-0.23076923076923078,-0.4935897435897436,0.038461538461538436,-0.06410256410256421,-0.08333333333333337,-0.044871794871795045,-40547.0,-18889.0,-21658.0,-21658.0,0.0,MIXED_LONG_AND_SHORT_DOWN,MM_STRUCTURE_CROWDED_LONG
2024-12-24,2620.0,186099,20602,165497,0.8846153846153846,-0.0092270092439967,-0.0287663459545657,-0.0001145093395923,-0.0536049369955956,0.8525641025641025,0.05128205128205128,-0.05128205128205132,-0.1217948717948718,-0.14102564102564108,-0.11538461538461542,0.0,-0.2948717948717949,-0.13461538461538464,-0.608974358974359,-0.03205128205128205,-0.07692307692307698,-0.10256410256410264,-0.05128205128205132,-48757.0,-19081.0,-29676.0,-29676.0,0.0,MIXED_LONG_AND_SHORT_DOWN,MM_STRUCTURE_CROWDED_LONG
2024-12-31,2629.199951171875,182128,15959,166169,0.8846153846153846,0.0035114317449904,-0.005747977512177,-0.0058607782682991,-0.0405430411548404,0.8333333333333334,0.00641025641025641,-0.0641025641025641,-0.11538461538461531,-0.14743589743589736,-0.08333333333333326,-0.038461538461538464,-0.26282051282051283,-0.1858974358974359,-0.48717948717948717,-0.03205128205128205,-0.03846153846153866,-0.08974358974358987,0.01923076923076894,-37559.0,-20725.0,-16834.0,-16834.0,0.0,MIXED_LONG_AND_SHORT_DOWN,MM_STRUCTURE_CROWDED_LONG
2025-01-07,2656.699951171875,191873,14232,177641,0.8846153846153846,0.0104594555418817,0.0140076149510972,-0.01516167890115,0.0218076735276442,0.8653846153846154,0.0,-0.07692307692307687,-0.04487179487179482,-0.11538461538461531,0.044871794871794934,-0.04487179487179487,-0.3141025641025641,-0.21153846153846154,-0.5705128205128205,-0.07692307692307698,-0.02564102564102566,-0.08974358974358987,0.0641025641025641,-11788.0,-24133.0,12345.0,12345.0,0.0,MIXED_LONG_AND_SHORT_DOWN,MM_STRUCTURE_CROWDED_LONG
2025-01-14,2677.5,206968,11346,195622,0.9551282051282052,0.0078292803893604,0.0183706259413998,0.0125170544844268,0.0191846143923917,0.9102564102564102,0.0,0.02564102564102566,0.012820512820512775,-0.07692307692307698,0.11538461538461531,-0.03205128205128205,-0.3076923076923077,-0.27564102564102566,-0.3525641025641026,0.03846153846153855,0.07692307692307698,-0.02564102564102566,0.1987179487179488,13613.0,-26835.0,40448.0,40448.0,0.0,SHORT_COVERING,MM_STRUCTURE_CROWDED_LONG
2025-01-21,2755.0,226964,11095,215869,0.9871794871794872,0.0289449112978523,0.0370008095136089,0.0515267175572518,0.0514063079272608,0.9551282051282052,0.0,0.10256410256410264,0.05128205128205132,-0.019230769230769162,0.14102564102564108,-0.05128205128205128,-0.05128205128205128,-0.34615384615384615,0.08333333333333336,0.10256410256410264,0.0705128205128206,0.02564102564102566,0.1410256410256412,23368.0,-13211.0,36579.0,36579.0,0.0,LONG_BUILDING,MM_STRUCTURE_CROWDED_LONG
2025-01-28,2766.800048828125,227871,17331,210540,0.9743589743589745,0.0042831393205535,0.0333520257061157,0.0523353492361504,0.0461678450903841,0.9615384615384616,0.05128205128205128,0.1282051282051282,0.0641025641025641,0.012820512820512886,0.14743589743589736,0.04487179487179487,0.006410256410256408,-0.21794871794871795,0.15384615384615385,0.08974358974358987,0.05769230769230782,0.05128205128205121,0.11538461538461564,24291.0,-5514.0,29805.0,29805.0,0.0,LONG_BUILDING,MM_STRUCTURE_CROWDED_LONG
2025-02-04,2853.300048828125,240485,30952,209533,0.967948717948718,0.0312635530119485,0.0356805984857078,0.0740016190272181,0.0577179513402121,0.9743589743589743,0.19230769230769232,0.10897435897435892,0.03205128205128205,0.0641025641025641,0.07051282051282048,0.19230769230769232,0.14743589743589744,-0.12179487179487178,0.3141025641025641,0.08333333333333337,0.0064102564102563875,0.05769230769230771,0.019230769230769273,22003.0,8548.0,13455.0,13455.0,0.0,MIXED_LONG_AND_SHORT_UP,MM_STRUCTURE_CROWDED_LONG
2025-02-11,2912.5,229071,34268,194803,0.9230769230769232,0.0207478884655643,0.052660094188442,0.087768440709617,0.1013840975484197,0.9551282051282052,0.27564102564102566,0.044871794871794934,0.0705128205128206,0.05769230769230771,0.17307692307692324,0.27564102564102566,0.2435897435897436,-0.03205128205128205,0.4871794871794872,-0.03205128205128194,0.0064102564102566095,0.044871794871795045,0.07051282051282082,27191.0,15890.0,11301.0,11301.0,0.0,MIXED_LONG_AND_SHORT_UP,MM_STRUCTURE_CROWDED_LONG
2025-02-18,2931.60009765625,222538,37209,185329,0.8910256410256411,0.006557973444206,0.0274419260113507,0.064101668840744,0.1189313349833014,0.9294871794871795,0.358974358974359,-0.02564102564102566,0.07692307692307698,0.02564102564102566,0.1987179487179488,0.358974358974359,0.3076923076923077,0.3076923076923077,0.6025641025641026,-0.09615384615384615,0.0064102564102564985,-0.02564102564102555,0.08333333333333348,36439.0,16607.0,19832.0,19832.0,0.0,MIXED_LONG_AND_SHORT_UP,MM_STRUCTURE_CROWDED_LONG
2025-02-25,2904.5,212694,32882,179812,0.8589743589743589,-0.0092441317892968,-0.0027467811158797,0.0497686673202848,0.1047086771416603,0.8846153846153846,0.23076923076923078,-0.07692307692307698,0.05128205128205121,-0.012820512820512886,0.16666666666666652,0.17948717948717952,0.22435897435897437,0.1858974358974359,0.4871794871794872,-0.11538461538461553,-0.02564102564102566,-0.05769230769230771,0.012820512820512997,30566.0,16923.0,13643.0,13643.0,0.0,MIXED_LONG_AND_SHORT_UP,MM_STRUCTURE_CROWDED_LONG
2025-03-04,2909.60009765625,204965,38307,166658,0.8333333333333334,0.0017559296458082,-0.0075044341885472,0.0197315556950443,0.0951933417896215,0.8653846153846154,0.41025641025641024,-0.10897435897435892,0.0,-0.07692307692307687,0.04487179487179482,0.21794871794871792,0.41025641025641024,0.36538461538461536,0.7243589743589743,-0.13461538461538458,-0.05128205128205121,-0.1282051282051282,-0.02564102564102555,13092.0,24075.0,-10983.0,-10983.0,0.0,MIXED_LONG_AND_SHORT_UP,MM_STRUCTURE_CROWDED_LONG
2025-03-11,2912.89990234375,204907,37331,167576,0.8333333333333334,0.0011341093541199,0.0028920304161645,0.0001373055257509,0.0879177973272642,0.8589743589743589,0.38461538461538464,-0.09615384615384626,-0.05128205128205132,-0.02564102564102566,-0.0641025641025641,0.10897435897435898,0.38461538461538464,0.3525641025641026,0.6923076923076923,-0.08974358974358987,-0.1217948717948718,-0.08333333333333326,-0.1987179487179488,-2061.0,25985.0,-28046.0,-28046.0,0.0,SHORT_BUILDING,MM_STRUCTURE_CROWDED_LONG
2025-03-18,3035.10009765625,220879,37045,183834,0.8782051282051282,0.0419513884477034,0.0431330752638801,0.0353049517506653,0.101669726916969,0.9166666666666666,0.36538461538461536,-0.012820512820512886,-0.03846153846153855,0.0641025641025641,-0.08974358974358987,0.0064102564102563875,0.36538461538461536,0.3141025641025641,0.41666666666666663,-0.012820512820512886,-0.10897435897435903,-0.0064102564102563875,-0.17948717948717963,-6085.0,25950.0,-32035.0,-32035.0,0.0,SHORT_BUILDING,MM_STRUCTURE_CROWDED_LONG
2025-03-25,3023.699951171875,213505,38773,174732,0.8269230769230769,-0.0037561023088426,0.0380377124318531,0.0410397490693321,0.0928509100079566,0.8782051282051282,0.4423076923076923,-0.0064102564102563875,-0.08333333333333337,0.04487179487179482,-0.14743589743589747,0.2115384615384615,0.391025641025641,0.4358974358974359,0.38461538461538464,-0.03205128205128205,-0.14743589743589758,-0.05769230769230771,-0.2051282051282054,-14366.0,21442.0,-35808.0,-35808.0,0.0,SHORT_BUILDING,MM_STRUCTURE_CROWDED_LONG
2025-04-01,3118.89990234375,204833,62834,141999,0.6923076923076923,0.0314845893141544,0.0276102276666958,0.0719342169585763,0.0930851466619184,0.8397435897435898,0.7051282051282052,-0.02564102564102566,-0.13461538461538458,-0.02564102564102566,-0.16666666666666663,0.29487179487179493,0.5128205128205129,0.7051282051282052,0.3653846153846154,-0.14102564102564108,-0.27564102564102566,-0.1923076923076923,-0.28205128205128205,-35652.0,31882.0,-67534.0,-67534.0,0.0,LONG_LIQUIDATION,MM_STRUCTURE_LONG_LIQUIDATION
2025-04-08,2968.39990234375,175393,44407,130986,0.6538461538461539,-0.0482541936940342,-0.0182888678510223,0.0190531778848095,0.0191930995171674,0.7307692307692307,0.48717948717948717,-0.1282051282051282,-0.22435897435897445,-0.17948717948717952,-0.29487179487179505,0.10256410256410253,0.2115384615384615,0.48717948717948717,-0.032051282051282104,-0.17948717948717952,-0.2692307692307694,-0.3012820512820513,-0.275641025641026,-53678.0,10139.0,-63817.0,-63817.0,0.0,LONG_LIQUIDATION,MM_STRUCTURE_LONG_LIQUIDATION
2025-04-15,3218.699951171875,168400,43546,124854,0.6346153846153846,0.0843215392341498,0.0319984776533317,0.0604921905730237,0.0979328161931618,0.6474358974358975,0.47435897435897434,-0.26923076923076916,-0.28205128205128205,-0.3076923076923077,-0.35897435897435903,0.10897435897435898,0.11538461538461536,0.47435897435897434,-0.19230769230769235,-0.2435897435897436,-0.2564102564102565,-0.35256410256410264,-0.262820512820513,-54138.0,6337.0,-60475.0,-60475.0,0.0,LONG_LIQUIDATION,MM_STRUCTURE_LONG_LIQUIDATION
2025-04-22,3400.800048828125,166360,45458,120902,0.6282051282051282,0.0565756673249242,0.1456677539111108,0.1247147877586529,0.1708728004228352,0.6346153846153846,0.5064102564102564,-0.2435897435897436,-0.25,-0.326923076923077,-0.3012820512820512,0.0641025641025641,0.2756410256410256,0.4551282051282051,0.05128205128205124,-0.19871794871794868,-0.23076923076923073,-0.34615384615384626,-0.20512820512820507,-46334.0,12576.0,-58910.0,-58910.0,0.0,LONG_LIQUIDATION,MM_STRUCTURE_LONG_LIQUIDATION
2025-04-29,3318.800048828125,150715,44820,105895,0.5576923076923077,-0.0241119733070622,0.031099543037494,0.0640931587237398,0.1406378668675103,0.5897435897435898,0.5,-0.25,-0.27564102564102566,-0.3846153846153846,-0.27564102564102566,-0.20512820512820518,0.08974358974358976,0.3076923076923077,-0.3205128205128205,-0.13461538461538458,-0.27564102564102566,-0.41025641025641024,-0.22435897435897445,-54250.0,6513.0,-60763.0,-60763.0,0.0,LONG_LIQUIDATION,MM_STRUCTURE_LONG_LIQUIDATION
2025-05-06,3411.39990234375,144383,42292,102091,0.5256410256410257,0.0279016066509707,0.003116870549116,0.1492386519923485,0.1711353004608575,0.5641025641025641,0.47435897435897434,-0.16666666666666663,-0.2948717948717948,-0.3910256410256411,-0.2435897435897435,-0.01282051282051283,0.0897435897435897,0.19871794871794868,-0.29487179487179493,-0.1282051282051282,-0.3076923076923077,-0.3974358974358976,-0.1858974358974359,-60524.0,4961.0,-65485.0,-65485.0,0.0,LONG_LIQUIDATION,MM_STRUCTURE_LONG_LIQUIDATION
2025-05-13,3240.300048828125,144410,43183,101227,0.5192307692307693,-0.0501553199312908,-0.0236531272884964,0.0067108142989176,0.0676089567294118,0.5641025641025641,0.4807692307692308,-0.08333333333333337,-0.35256410256410253,-0.3653846153846154,-0.314102564102564,0.006410256410256443,0.11538461538461542,0.1217948717948718,-0.24999999999999994,-0.11538461538461531,-0.3589743589743589,-0.3717948717948718,-0.2499999999999999,-76469.0,6138.0,-82607.0,-82607.0,0.0,LONG_LIQUIDATION,MM_STRUCTURE_LONG_LIQUIDATION
2025-05-20,3280.300048828125,149149,41520,107629,0.5641025641025641,0.012344535813733,-0.0384299282606986,-0.035432838823183,0.0848629499619502,0.5769230769230769,0.46153846153846156,-0.05769230769230771,-0.3012820512820513,-0.3076923076923077,-0.21794871794871795,-0.04487179487179482,0.019230769230769273,0.23076923076923078,-0.37179487179487175,-0.0641025641025641,-0.2628205128205128,-0.2948717948717948,-0.1153846153846152,-64356.0,2747.0,-67103.0,-67103.0,0.0,LONG_LIQUIDATION,MM_STRUCTURE_LONG_LIQUIDATION
2025-05-27,3299.10009765625,147502,36686,110816,0.5961538461538461,0.0057311979234464,0.0181464827152011,-0.0059358656387964,0.0577768447063933,0.5641025641025641,0.358974358974359,-0.02564102564102566,-0.27564102564102566,-0.3012820512820513,-0.14102564102564108,-0.14102564102564102,-0.3461538461538462,-0.051282051282051266,-0.858974358974359,0.038461538461538436,-0.09615384615384615,-0.23717948717948723,0.17948717948717952,-57331.0,-26148.0,-31183.0,-31183.0,0.0,MIXED_LONG_AND_SHORT_DOWN,MM_STRUCTURE_LONG_LIQUIDATION
2025-06-03,3350.199951171875,159966,36384,123582,0.6282051282051282,0.0154890279176214,0.0213089965257053,-0.0179398349427836,0.1286215002657385,0.6153846153846154,0.3525641025641026,0.05128205128205132,-0.11538461538461531,-0.2435897435897435,0.10897435897435914,-0.12179487179487175,-0.13461538461538458,-0.03205128205128205,-0.3461538461538461,0.10256410256410253,-0.02564102564102566,-0.20512820512820518,0.24358974358974372,-15427.0,-8023.0,-7404.0,-7404.0,0.0,MIXED_LONG_AND_SHORT_DOWN,MM_STRUCTURE_LONG_LIQUIDATION
2025-06-10,3320.89990234375,160680,36589,124091,0.6282051282051282,-0.008745761224752,0.0066078033530982,0.0248741944576318,0.0317519348563899,0.6153846153846154,0.358974358974359,0.05128205128205132,-0.03205128205128205,-0.3012820512820512,0.25,-0.1217948717948718,-0.11538461538461536,-0.0064102564102563875,-0.23076923076923073,0.10897435897435892,-0.0064102564102563875,-0.25,0.2500000000000001,-7720.0,-6957.0,-763.0,-763.0,0.0,MIXED_LONG_AND_SHORT_DOWN,MM_STRUCTURE_LONG_LIQUIDATION
2025-06-17,3386.60009765625,167646,37135,130511,0.6474358974358975,0.0197838529448393,0.010865066866126,0.0324055870639334,-0.0041754737026565,0.6346153846153846,0.391025641025641,0.05769230769230771,0.0,-0.2435897435897436,0.25,-0.07051282051282054,-0.11538461538461536,-0.051282051282051266,-0.39102564102564097,0.08333333333333337,0.019230769230769273,-0.1794871794871794,0.25,1286.0,-8323.0,9609.0,9609.0,0.0,SHORT_COVERING,MM_STRUCTURE_SHORT_COVERING_RALLY
2025-06-24,3317.39990234375,163829,38701,125128,0.6282051282051282,-0.0204335301827904,-0.0010539311942313,0.0055469079887877,-0.0004218833505409,0.6153846153846154,0.46153846153846156,0.05128205128205132,0.02564102564102566,-0.22435897435897434,0.3012820512820513,0.10256410256410259,-0.038461538461538436,-0.2435897435897436,-0.1282051282051282,0.03205128205128205,0.07051282051282048,-0.0641025641025641,0.34615384615384615,13114.0,-6119.0,19233.0,19233.0,0.0,LONG_BUILDING,MM_STRUCTURE_ACCUMULATION
2025-07-01,3336.699951171875,165086,34726,130360,0.6346153846153846,0.005817824017686,-0.0147345848477679,-0.0040296102312573,-0.0218971546316084,0.6217948717948718,0.3076923076923077,0.0064102564102563875,0.05769230769230771,-0.10897435897435892,0.35256410256410253,-0.04487179487179488,-0.16666666666666663,-0.17948717948717946,-0.25641025641025633,0.0064102564102563875,0.10897435897435892,-0.019230769230769273,0.41666666666666663,20703.0,-7566.0,28269.0,28269.0,0.0,LONG_BUILDING,MM_STRUCTURE_ACCUMULATION
2025-07-08,3307.0,164685,35743,128942,0.6282051282051282,-0.0089009954765169,-0.0031349558840954,-0.0041855830505279,0.0205844984003864,0.6089743589743589,0.33974358974358976,-0.0064102564102564985,0.04487179487179482,-0.03846153846153855,0.39743589743589736,-0.019230769230769218,-0.14102564102564102,-0.13461538461538458,-0.25641025641025644,0.0,0.10897435897435892,-0.0064102564102563875,0.46794871794871784,20275.0,-7440.0,27715.0,27715.0,0.0,LONG_BUILDING,MM_STRUCTURE_ACCUMULATION
2025-07-15,3329.800048828125,172657,35930,136727,0.6730769230769231,0.0068944810487223,-0.002067882172422,-0.0167719976348652,0.0150900829994755,0.6923076923076923,0.358974358974359,0.05769230769230771,0.11538461538461542,0.05769230769230771,0.41666666666666674,-0.03205128205128205,-0.10256410256410259,-0.1474358974358974,-0.12179487179487186,0.02564102564102566,0.10897435897435903,0.044871794871794934,0.3717948717948718,23508.0,-5590.0,29098.0,29098.0,0.0,LONG_BUILDING,MM_STRUCTURE_ACCUMULATION
2025-07-22,3439.199951171875,194753,34819,159934,0.7756410256410257,0.0328547963059377,0.0399757941251512,0.0367155158900418,0.0424660814672324,0.7948717948717948,0.3141025641025641,0.1794871794871794,0.23076923076923073,0.20512820512820507,0.5064102564102564,-0.14743589743589747,-0.04487179487179488,-0.1858974358974359,0.3012820512820513,0.14743589743589747,0.17948717948717952,0.21794871794871795,0.27564102564102566,47251.0,-1867.0,49118.0,49118.0,0.0,LONG_BUILDING,MM_STRUCTURE_ACCUMULATION
2025-07-29,3323.39990234375,170918,36662,134256,0.6410256410256411,-0.0336706357502323,-0.0019220813233598,-0.0039859888580793,-0.0079995371078525,0.6538461538461539,0.391025641025641,0.03205128205128205,0.038461538461538436,0.08974358974358976,0.15384615384615374,0.08333333333333331,0.038461538461538436,-0.08333333333333331,0.17307692307692302,0.0064102564102564985,0.012820512820512886,0.11538461538461542,0.03846153846153855,10952.0,278.0,10674.0,10674.0,0.0,MIXED_LONG_AND_SHORT_UP,MM_STRUCTURE_NEUTRAL
2025-08-05,3381.89990234375,186304,32317,153987,0.75,0.0176024558340825,-0.0166608657948487,0.0226488969893408,0.018368515099461,0.7692307692307693,0.21794871794871795,0.16025641025641035,0.15384615384615385,0.20512820512820518,0.1858974358974359,-0.1217948717948718,-0.14102564102564102,-0.26282051282051283,-0.02564102564102566,0.1217948717948718,0.1217948717948718,0.23076923076923073,0.1282051282051282,25624.0,-4272.0,29896.0,29896.0,0.0,LONG_BUILDING,MM_STRUCTURE_ACCUMULATION
2025-08-12,3348.89990234375,182337,34050,148287,0.6987179487179487,-0.009757828721403,0.0076728653635744,0.0057360361690026,-0.0111321662509226,0.75,0.28205128205128205,0.05769230769230771,0.11538461538461542,0.17307692307692313,0.11538461538461542,-0.07692307692307693,-0.10897435897435898,-0.17948717948717952,0.0064102564102563875,0.02564102564102555,0.05128205128205121,0.13461538461538458,0.03205128205128194,14691.0,-3085.0,17776.0,17776.0,0.0,LONG_BUILDING,MM_STRUCTURE_ACCUMULATION
2025-08-19,3313.39990234375,173388,36003,137385,0.6538461538461539,-0.0106004959942681,-0.0202548868913972,-0.0365782887340585,-0.0012057635852626,0.6794871794871795,0.38461538461538464,-0.11538461538461531,0.0641025641025641,0.11538461538461542,0.038461538461538436,0.07051282051282054,-0.07692307692307693,0.02564102564102566,-0.03846153846153849,-0.1217948717948718,0.02564102564102566,0.05769230769230771,-0.04487179487179482,9559.0,-2698.0,12257.0,12257.0,0.0,LONG_BUILDING,MM_STRUCTURE_ACCUMULATION
2025-08-26,3388.60009765625,175494,33577,141917,0.6666666666666666,0.0226957800232041,0.0118546975037132,0.0196185223651594,0.0155543342955206,0.7115384615384616,0.28205128205128205,0.05769230769230771,0.08974358974358976,0.09615384615384615,0.03205128205128205,-0.10897435897435898,-0.02564102564102566,-0.07051282051282054,0.14102564102564097,0.02564102564102555,0.03205128205128205,0.038461538461538436,-0.07692307692307687,10408.0,-1149.0,11557.0,11557.0,0.0,LONG_BUILDING,MM_STRUCTURE_ACCUMULATION
2025-09-02,3549.39990234375,196127,34625,161502,0.782051282051282,0.0474531665151984,0.0712259331670361,0.0495283730556064,0.0732990330643332,0.7948717948717948,0.3269230769230769,0.02564102564102555,0.1858974358974359,0.1794871794871794,0.14102564102564108,0.10897435897435898,-0.01282051282051283,-0.03205128205128205,0.1282051282051282,0.03205128205128205,0.15384615384615385,0.15384615384615385,0.044871794871794934,31442.0,-1118.0,32560.0,32560.0,0.0,LONG_BUILDING,MM_STRUCTURE_ACCUMULATION
2025-09-09,3643.300048828125,198907,35388,163519,0.7884615384615384,0.0264552175206773,0.0751637678780803,0.0879095091132275,0.0941497974061029,0.8012820512820513,0.36538461538461536,0.05128205128205132,0.10897435897435903,0.16666666666666674,-0.0064102564102563875,0.08333333333333331,0.0064102564102563875,-0.02564102564102566,0.10897435897435898,0.08974358974358976,0.11538461538461531,0.14102564102564097,0.0064102564102562765,26250.0,-542.0,26792.0,26792.0,0.0,LONG_BUILDING,MM_STRUCTURE_NEUTRAL
2025-09-16,3688.89990234375,195347,36376,158971,0.7564102564102564,0.0125160851163748,0.0393024183913131,0.1133277029839918,0.0726040808086172,0.782051282051282,0.4166666666666667,0.10256410256410253,-0.012820512820512775,0.16666666666666663,-0.2435897435897435,0.03205128205128205,0.10256410256410259,-0.04487179487179488,0.14743589743589747,0.10256410256410253,-0.019230769230769273,0.1282051282051282,-0.1987179487179488,594.0,1557.0,-963.0,-963.0,0.0,MIXED_LONG_AND_SHORT_UP,MM_STRUCTURE_LONG_LIQUIDATION
2025-09-23,3780.60009765625,198826,38277,160549,0.7628205128205128,0.0248584124644417,0.0376856275870793,0.1156819892294549,0.1375700212875585,0.7948717948717948,0.5128205128205128,0.08333333333333326,0.14102564102564097,0.17307692307692302,0.10256410256410253,0.23076923076923073,0.12179487179487175,0.20512820512820507,0.08333333333333331,0.09615384615384615,0.1217948717948717,0.1282051282051282,0.10897435897435881,27908.0,1615.0,26293.0,26293.0,0.0,MIXED_LONG_AND_SHORT_UP,MM_STRUCTURE_NEUTRAL
2025-09-30,3840.800048828125,184199,38972,145227,0.6602564102564102,0.0159233850756115,0.0411776276140929,0.0820984263542567,0.1356930008976151,0.7243589743589743,0.5576923076923077,-0.07051282051282048,-0.044871794871794934,0.11538461538461542,-0.1987179487179488,0.23076923076923078,0.33974358974358976,0.21794871794871795,0.4807692307692308,-0.1217948717948718,-0.08974358974358976,0.03205128205128205,-0.21153846153846156,-2105.0,6655.0,-8760.0,-8760.0,0.0,SHORT_BUILDING,MM_STRUCTURE_LONG_LIQUIDATION
2025-10-07,3976.60009765625,170587,40828,129759,0.5512820512820513,0.0353572295099191,0.0518436213662238,0.0914830083608764,0.1874347438313099,0.5897435897435898,0.5769230769230769,-0.21153846153846156,-0.16025641025641024,-0.10256410256410253,-0.27564102564102566,0.2115384615384615,0.2948717948717948,0.2179487179487179,0.4038461538461538,-0.23717948717948711,-0.14743589743589736,-0.1217948717948718,-0.19871794871794857,-11750.0,6778.0,-18528.0,-18528.0,0.0,LONG_LIQUIDATION,MM_STRUCTURE_LONG_LIQUIDATION
2025-10-14,4138.7001953125,152187,43877,108310,0.4423076923076923,0.0407634898343913,0.0775620034100104,0.1219334503175237,0.2490795911429133,0.46794871794871795,0.6410256410256411,-0.3141025641025641,-0.21153846153846156,-0.32692307692307687,-0.27564102564102566,0.2243589743589744,0.25641025641025644,0.326923076923077,0.33333333333333337,-0.3141025641025641,-0.21153846153846156,-0.33333333333333337,-0.23717948717948723,-21201.0,7874.0,-29075.0,-29075.0,0.0,LONG_LIQUIDATION,MM_STRUCTURE_LONG_LIQUIDATION
2025-10-21,4087.699951171875,135503,43276,92227,0.3397435897435897,-0.0123227684378752,0.0279384023505671,0.0812304516698312,0.2063093411344592,0.34615384615384615,0.6217948717948718,-0.4487179487179487,-0.3653846153846154,-0.3076923076923077,-0.4551282051282052,0.10897435897435903,0.33974358974358976,0.23076923076923078,0.3653846153846154,-0.4230769230769231,-0.3269230769230769,-0.3012820512820514,-0.358974358974359,-39991.0,9699.0,-49690.0,-49690.0,0.0,LONG_LIQUIDATION,MM_STRUCTURE_LONG_LIQUIDATION
2025-10-28,3966.199951171875,138605,34446,104159,0.4038461538461538,-0.0297233166453834,-0.0416798115350319,0.0326494221905697,0.1174283147280481,0.36538461538461536,0.3141025641025641,-0.358974358974359,-0.42948717948717946,-0.4038461538461539,-0.6153846153846154,-0.2435897435897436,-0.01282051282051283,0.09615384615384615,0.0,-0.25641025641025644,-0.37820512820512825,-0.3461538461538462,-0.5320512820512822,-57522.0,-179.0,-57343.0,-57343.0,0.0,MIXED_LONG_AND_SHORT_DOWN,MM_STRUCTURE_LOW_PARTICIPATION
2025-11-04,3947.699951171875,130688,30143,100545,0.3653846153846153,-0.004664414358266,-0.0342490891387133,-0.007267551620644,0.0835505992545579,0.2948717948717949,0.1858974358974359,-0.2948717948717949,-0.5064102564102564,-0.4551282051282051,-0.6153846153846154,-0.39102564102564097,-0.17948717948717946,-0.09615384615384615,-0.18589743589743585,-0.18589743589743601,-0.42307692307692313,-0.33333333333333337,-0.5384615384615384,-68219.0,-5245.0,-62974.0,-62974.0,0.0,MIXED_LONG_AND_SHORT_DOWN,MM_STRUCTURE_LOW_PARTICIPATION
2025-11-10,4111.7998046875,134155,30068,104087,0.3974358974358974,0.0415684716531994,0.0367101647189032,-0.0064997195630327,0.1146411975220742,0.32051282051282054,0.1858974358974359,-0.1474358974358974,-0.4615384615384615,-0.358974358974359,-0.44871794871794873,-0.4551282051282052,-0.23076923076923078,-0.19871794871794873,-0.33333333333333337,-0.04487179487179488,-0.358974358974359,-0.25641025641025644,-0.3397435897435897,-61192.0,-6308.0,-54884.0,-54884.0,0.0,MIXED_LONG_AND_SHORT_DOWN,MM_STRUCTURE_LOW_PARTICIPATION
2025-11-18,4061.300048828125,130222,32017,98205,0.3461538461538461,-0.0122816669726489,0.0287762745551438,-0.0064583757758887,0.0742474591126134,0.27564102564102566,0.22435897435897437,-0.07051282051282048,-0.5192307692307692,-0.4358974358974359,-0.6602564102564101,-0.39743589743589747,-0.28846153846153844,-0.05769230769230768,-0.4102564102564102,0.0064102564102563875,-0.4166666666666667,-0.32051282051282054,-0.5384615384615383,-68604.0,-6260.0,-62344.0,-62344.0,0.0,MIXED_LONG_AND_SHORT_DOWN,MM_STRUCTURE_LOW_PARTICIPATION
2025-11-25,4139.2001953125,136979,27670,109309,0.4487179487179487,0.0191810862403167,0.0066638435542905,0.0436186390677326,0.0776921846206029,0.34615384615384615,0.16025641025641027,-0.019230769230769218,-0.3782051282051282,-0.4487179487179487,-0.33333333333333326,-0.15384615384615383,-0.39743589743589747,-0.16666666666666666,-0.7371794871794872,0.04487179487179488,-0.21153846153846156,-0.33333333333333337,-0.1217948717948718,-47220.0,-11302.0,-35918.0,-35918.0,0.0,MIXED_LONG_AND_SHORT_DOWN,MM_STRUCTURE_LOW_PARTICIPATION
2025-12-02,4186.60009765625,140143,19819,120324,0.5,0.0114514640769076,0.0308522018372614,0.0605162878231051,0.0528089309568169,0.3782051282051282,0.07051282051282051,0.08333333333333331,-0.21153846153846156,-0.42307692307692313,-0.05128205128205132,-0.11538461538461539,-0.5064102564102564,-0.2948717948717948,-0.8012820512820512,0.1346153846153847,-0.05128205128205132,-0.28846153846153844,0.09615384615384603,-30444.0,-21009.0,-9435.0,-9435.0,0.0,MIXED_LONG_AND_SHORT_DOWN,MM_STRUCTURE_LOW_PARTICIPATION
2025-12-09,4206.7001953125,143383,19835,123548,0.5064102564102564,0.0048010550774846,0.0163074982641433,0.0230800124356278,0.0164302792642523,0.3974358974358974,0.07692307692307693,0.07692307692307687,-0.07051282051282054,-0.38461538461538464,0.14102564102564102,-0.10897435897435898,-0.5641025641025641,-0.33974358974358976,-0.8205128205128205,0.10897435897435898,0.0641025641025641,-0.25,0.27564102564102566,-8804.0,-24042.0,15238.0,15238.0,0.0,MIXED_LONG_AND_SHORT_DOWN,MM_STRUCTURE_LOW_PARTICIPATION
2025-12-16,4304.5,152873,20277,132596,0.5769230769230769,0.0232485796816415,0.0281612524706511,0.0598822909531271,0.0530371728399419,0.47435897435897434,0.09615384615384616,0.19871794871794868,0.1282051282051282,-0.3205128205128205,0.4935897435897436,-0.1282051282051282,-0.5256410256410257,-0.41666666666666663,-0.8653846153846154,0.23076923076923078,0.23717948717948717,-0.1858974358974359,0.5641025641025641,17370.0,-22999.0,40369.0,40369.0,0.0,SHORT_COVERING,MM_STRUCTURE_ACCUMULATION
2025-12-23,4482.7998046875,160581,24311,136270,0.6025641025641025,0.0414217225432687,0.0656332984420082,0.0830111116065646,0.1302505823900752,0.5,0.1346153846153846,0.15384615384615385,0.13461538461538464,-0.22435897435897434,0.5641025641025641,-0.02564102564102566,-0.1794871794871795,-0.42307692307692313,-0.16666666666666666,0.15384615384615385,0.19871794871794873,-0.05769230769230771,0.576923076923077,21976.0,-10135.0,32111.0,32111.0,0.0,LONG_BUILDING,MM_STRUCTURE_ACCUMULATION
2025-12-30,4370.10009765625,148642,22602,126040,0.5192307692307693,-0.0251404729056613,0.0152398879443025,0.0438303147469774,0.1069990505126878,0.42948717948717946,0.11538461538461539,0.051282051282051266,0.13461538461538458,-0.1602564102564103,0.641025641025641,0.04487179487179488,-0.07051282051282051,-0.46153846153846145,0.10897435897435895,0.019230769230769273,0.15384615384615397,-0.03205128205128205,0.5769230769230771,17954.0,-7541.0,25495.0,25495.0,0.0,LONG_BUILDING,MM_STRUCTURE_ACCUMULATION
2026-01-06,4482.2001953125,146445,23232,123213,0.4807692307692308,0.0256516086934417,-0.0001337577855635,0.0654907616917859,0.0900823017216789,0.41025641025641024,0.1346153846153846,0.01282051282051283,0.0897435897435897,-0.05769230769230771,0.5512820512820512,0.05769230769230768,-0.051282051282051294,-0.5064102564102565,0.1794871794871795,-0.025641025641025605,0.08333333333333337,0.03846153846153849,0.44230769230769235,12290.0,-6836.0,19126.0,19126.0,0.0,LONG_BUILDING,MM_STRUCTURE_ACCUMULATION
2026-01-13,4589.2001953125,158825,24080,134745,0.5833333333333334,0.0238722045730801,0.0501361737168803,0.0661401313305842,0.1299830448717274,0.4807692307692308,0.14102564102564102,0.006410256410256443,0.20512820512820512,0.13461538461538464,0.7243589743589742,0.044871794871794865,-0.08333333333333334,-0.4807692307692308,0.2051282051282051,0.0064102564102564985,0.23717948717948728,0.24358974358974367,0.653846153846154,28603.0,-7937.0,36540.0,36540.0,0.0,LONG_BUILDING,MM_STRUCTURE_ACCUMULATION
2026-01-20,4759.60009765625,163668,26224,137444,0.6153846153846154,0.0371306317204902,0.0618892263299295,0.0617471903785018,0.149884004896968,0.5128205128205128,0.19230769230769232,0.012820512820512775,0.16666666666666663,0.1474358974358974,0.5448717948717948,0.05769230769230771,0.03205128205128205,-0.12179487179487178,0.4294871794871795,0.012820512820512886,0.16666666666666674,0.21153846153846162,0.3782051282051283,26689.0,-1446.0,28135.0,28135.0,0.0,LONG_BUILDING,MM_STRUCTURE_NEUTRAL
2026-01-27,5079.89990234375,143321,25162,118159,0.4487179487179487,0.0672955286401526,0.1069248858510161,0.1624218642195807,0.2133711803970932,0.3525641025641026,0.16666666666666666,-0.07692307692307687,-0.025641025641025605,0.05769230769230771,0.18589743589743596,0.051282051282051266,0.09615384615384615,-0.019230769230769246,0.6025641025641025,-0.0705128205128206,-0.05128205128205132,0.08333333333333337,0.0,3178.0,5343.0,-2165.0,-2165.0,0.0,MIXED_LONG_AND_SHORT_UP,MM_STRUCTURE_LOW_PARTICIPATION
2026-02-03,4903.7001953125,118936,26864,92072,0.2435897435897435,-0.0346856651545349,0.030275673312808,0.0940386376406849,0.1656880613400173,0.14743589743589744,0.20512820512820512,-0.2628205128205128,-0.24999999999999997,-0.1730769230769231,-0.17948717948717943,0.07051282051282051,0.1282051282051282,0.019230769230769218,0.6923076923076923,-0.23717948717948728,-0.2628205128205129,-0.1538461538461539,-0.326923076923077,-24447.0,7029.0,-31476.0,-31476.0,0.0,LONG_LIQUIDATION,MM_STRUCTURE_LOW_PARTICIPATION
2026-02-10,5003.7998046875,119232,27210,92022,0.2371794871794871,0.0204130769394683,-0.0149806293665627,0.0903424543994573,0.162457847528749,0.14743589743589744,0.21153846153846154,-0.33333333333333337,-0.32692307692307687,-0.12820512820512822,-0.45512820512820507,0.07051282051282051,0.11538461538461538,-0.01282051282051283,0.6410256410256411,-0.34615384615384626,-0.33974358974358976,-0.108974358974359,-0.5769230769230769,-33641.0,6933.0,-40574.0,-40574.0,0.0,LONG_LIQUIDATION,MM_STRUCTURE_LOW_PARTICIPATION
2026-02-17,4882.89990234375,123011,27118,95893,0.2756410256410256,-0.0241616185824405,-0.0042417546220776,0.0259054967135192,0.0892522787294405,0.1858974358974359,0.21153846153846154,-0.32692307692307687,-0.3141025641025641,-0.16025641025641024,-0.44871794871794873,0.019230769230769218,0.07692307692307693,0.051282051282051266,0.2564102564102564,-0.3397435897435898,-0.3269230769230769,-0.17307692307692307,-0.5256410256410257,-37570.0,2807.0,-40377.0,-40377.0,0.0,LONG_LIQUIDATION,MM_STRUCTURE_LOW_PARTICIPATION
2026-02-24,5155.7998046875,121233,25259,95974,0.2756410256410256,0.0558888995886974,0.0303769147314023,0.0149412200639487,0.1797898651000311,0.16666666666666666,0.17307692307692307,-0.18589743589743593,-0.2628205128205128,-0.21153846153846154,-0.39743589743589736,0.006410256410256415,0.05769230769230768,0.10256410256410256,0.1282051282051282,-0.17307692307692307,-0.24358974358974367,-0.2243589743589744,-0.39743589743589763,-27409.0,2657.0,-30066.0,-30066.0,0.0,LONG_LIQUIDATION,MM_STRUCTURE_LOW_PARTICIPATION
2026-03-03,5107.39990234375,123456,25539,97917,0.2756410256410256,-0.0093874673527366,0.0459767770156913,0.0415400001871992,0.1394850028530823,0.19230769230769232,0.1858974358974359,0.04487179487179488,-0.21794871794871792,-0.2051282051282051,-0.3076923076923076,-0.019230769230769218,0.051282051282051294,0.10897435897435898,0.10256410256410259,0.032051282051282104,-0.20512820512820518,-0.23076923076923078,-0.28846153846153855,-22989.0,2307.0,-25296.0,-25296.0,0.0,LONG_LIQUIDATION,MM_STRUCTURE_LOW_PARTICIPATION
2026-03-10,5229.7001953125,125077,26678,98399,0.282051282051282,0.0239457053113516,0.0143334484317665,0.0451457691039876,0.1395668030900503,0.20512820512820512,0.21794871794871795,0.05769230769230768,-0.27564102564102566,-0.2692307692307692,-0.4807692307692308,0.006410256410256415,0.07692307692307693,0.12179487179487179,0.16025641025641027,0.04487179487179491,-0.3012820512820514,-0.2948717948717949,-0.5384615384615387,-33748.0,2598.0,-36346.0,-36346.0,0.0,LONG_LIQUIDATION,MM_STRUCTURE_LOW_PARTICIPATION
2026-03-17,5001.0,130147,28104,102043,0.3012820512820512,-0.0437310336675683,-0.020832498801381,0.0241864670622395,0.0507185262187512,0.21794871794871795,0.26282051282051283,0.03205128205128205,-0.2948717948717948,-0.28205128205128205,-0.46153846153846145,0.051282051282051294,0.07051282051282051,0.12820512820512822,0.038461538461538464,0.025641025641025605,-0.3141025641025642,-0.3012820512820513,-0.48076923076923095,-33521.0,1880.0,-35401.0,-35401.0,0.0,LONG_LIQUIDATION,MM_STRUCTURE_LOW_PARTICIPATION
2026-03-24,4399.2998046875,119562,27941,91621,0.2051282051282051,-0.1203159758673265,-0.1587854675434945,-0.1467279624224766,-0.1339790371346169,0.12179487179487179,0.26282051282051283,-0.044871794871794865,-0.23076923076923078,-0.30769230769230765,-0.20512820512820518,0.08974358974358976,0.09615384615384617,0.14743589743589744,2.7755575615628914e-17,-0.07051282051282051,-0.24358974358974358,-0.3141025641025642,-0.19230769230769226,-23759.0,2779.0,-26538.0,-26538.0,0.0,LONG_LIQUIDATION,MM_STRUCTURE_LOW_PARTICIPATION
2026-03-31,4647.60009765625,120092,27278,92814,0.2307692307692307,0.0564408664997515,-0.0706658472992901,-0.0900261999215101,-0.0522258880959033,0.1282051282051282,0.25,-0.06410256410256412,-0.019230769230769246,-0.28205128205128205,0.23076923076923073,0.0641025641025641,0.04487179487179488,0.11538461538461539,-0.08333333333333331,-0.04487179487179491,-0.012820512820512803,-0.2500000000000001,0.2500000000000001,1156.0,414.0,742.0,742.0,0.0,MIXED_LONG_AND_SHORT_UP,MM_STRUCTURE_LOW_PARTICIPATION
2026-04-07,4657.10009765625,120726,30694,90032,0.2051282051282051,0.0020440657114175,0.0586003010511038,-0.1094900426929796,-0.0692872857755951,0.14743589743589744,0.3269230769230769,-0.05769230769230768,0.0,-0.33333333333333337,0.32692307692307687,0.10897435897435898,0.11538461538461539,0.1858974358974359,1.3877787807814457e-17,-0.0769230769230769,-0.03205128205128199,-0.3782051282051283,0.30769230769230776,1494.0,3484.0,-1990.0,-1990.0,0.0,MIXED_LONG_AND_SHORT_UP,MM_STRUCTURE_LOW_PARTICIPATION
2026-04-14,4825.0,125422,30281,95141,0.2564102564102564,0.0360524572852209,0.0381702165883874,-0.0351929614077184,-0.0118576877473892,0.22435897435897437,0.32051282051282054,0.006410256410256415,0.038461538461538464,-0.28846153846153844,0.35256410256410253,0.05769230769230771,0.108974358974359,0.12820512820512822,0.032051282051282076,-0.04487179487179482,-0.019230769230769218,-0.35897435897435903,0.3076923076923077,2411.0,3163.0,-752.0,-752.0,0.0,MIXED_LONG_AND_SHORT_UP,MM_STRUCTURE_LOW_PARTICIPATION
2026-04-21,4698.39990234375,123681,30705,92976,0.2435897435897435,-0.0262383622085492,0.0088681376439136,0.0679881142307137,-0.0887156056617821,0.20512820512820512,0.3333333333333333,0.08333333333333333,0.038461538461538464,-0.14743589743589747,0.3012820512820512,0.07051282051282048,0.16025641025641024,0.16666666666666666,0.10256410256410256,0.03846153846153841,-0.032051282051282104,-0.20512820512820518,0.21153846153846156,2448.0,5446.0,-2998.0,-2998.0,0.0,MIXED_LONG_AND_SHORT_UP,MM_STRUCTURE_LOW_PARTICIPATION
2026-04-28,4591.5,122257,32505,89752,0.2051282051282051,-0.0227524060458166,-0.0483937823834197,-0.0120707669501386,-0.1010102815929896,0.17307692307692307,0.3782051282051282,0.04487179487179488,-0.019230769230769246,0.025641025641025633,0.19871794871794868,0.1282051282051282,0.1923076923076923,0.17307692307692307,0.141025641025641,-0.025641025641025605,-0.07051282051282051,-0.03846153846153841,0.13461538461538466,-1199.0,6966.0,-8165.0,-8165.0,0.0,SHORT_BUILDING,MM_STRUCTURE_LOW_PARTICIPATION
2026-05-05,4555.7998046875,123353,29099,94254,0.2692307692307692,-0.007775279388544,-0.0303507791205928,-0.0217517963635204,-0.1288602339440093,0.20512820512820512,0.28846153846153844,0.05769230769230768,0.0,0.05769230769230768,0.27564102564102566,-0.03846153846153849,0.07051282051282048,0.0769230769230769,-0.006410256410256443,0.06410256410256412,-0.012820512820512775,0.03205128205128213,0.2884615384615386,-1724.0,2421.0,-4145.0,-4145.0,0.0,SHORT_BUILDING,MM_STRUCTURE_LOW_PARTICIPATION
2026-05-12,4677.60009765625,127242,29227,98015,0.3141025641025641,0.0267352162497194,0.0187520630853206,-0.0305492025582901,-0.0646670470593381,0.25,0.2948717948717949,0.025641025641025633,0.03205128205128205,0.0641025641025641,0.32692307692307687,-0.02564102564102566,0.03205128205128205,0.08333333333333334,-0.038461538461538464,0.05769230769230771,0.012820512820512886,0.03846153846153849,0.3269230769230771,-2905.0,1123.0,-4028.0,-4028.0,0.0,LONG_LIQUIDATION,MM_STRUCTURE_LOW_PARTICIPATION
2026-05-19,4506.2998046875,122894,29354,93540,0.2628205128205128,-0.0366214061468361,-0.0108652711098211,-0.0408862807868743,0.0243220523152321,0.1858974358974359,0.30128205128205127,-0.019230769230769218,0.06410256410256411,0.019230769230769246,0.2948717948717949,-0.03205128205128205,0.038461538461538436,0.1282051282051282,-0.05769230769230774,0.019230769230769273,0.05769230769230768,-0.01282051282051283,0.30128205128205127,3332.0,1413.0,1919.0,1919.0,0.0,MIXED_LONG_AND_SHORT_UP,MM_STRUCTURE_LOW_PARTICIPATION
2026-05-26,4500.39990234375,124277,26831,97446,0.3012820512820512,-0.0013092565074371,-0.037882715839964,-0.0198410318319176,-0.0316723023107629,0.23717948717948717,0.22435897435897437,0.0641025641025641,0.10897435897435898,0.04487179487179485,0.12820512820512822,-0.15384615384615383,-0.025641025641025633,0.038461538461538464,-0.07051282051282051,0.09615384615384612,0.07051282051282051,0.025641025641025605,0.08333333333333331,4185.0,-447.0,4632.0,4632.0,0.0,LONG_BUILDING,MM_STRUCTURE_LOW_PARTICIPATION
2026-06-09,4468.10009765625,126280,20417,105863,0.3653846153846153,-0.0071770965666136,-0.0084769564136665,-0.019250123093867,-0.040583194699877,0.2564102564102564,0.10256410256410256,0.051282051282051266,0.10897435897435895,0.051282051282051266,0.10897435897435895,-0.18589743589743588,-0.22435897435897437,-0.11538461538461539,-0.33974358974358976,0.09615384615384609,0.16025641025641021,0.08333333333333331,0.1923076923076922,5554.0,-10277.0,15831.0,15831.0,0.0,SHORT_COVERING,MM_STRUCTURE_LOW_PARTICIPATION
