date,gold_close,mm_long,mm_short,mm_net,mm_long_percentile_156w,mm_short_percentile_156w,mm_net_percentile_156w,gold_return_1w,gold_return_2w,gold_return_4w,gold_return_8w,mm_long_velocity_2w,mm_long_velocity_4w,mm_long_velocity_8w,mm_long_velocity_12w,mm_long_velocity_26w,mm_short_velocity_2w,mm_short_velocity_4w,mm_short_velocity_8w,mm_short_velocity_12w,mm_short_velocity_26w,mm_net_velocity_2w,mm_net_velocity_4w,mm_net_velocity_8w,mm_net_velocity_12w,mm_net_velocity_26w
2009-09-01,954.7000122070312,157220,7182,150038,,,,,,,,,,,,,,,,,,,,,,
2009-09-08,997.9000244140624,194723,7174,187549,,,,0.045249828904017,,,,,,,,,,,,,,,,,,
2009-09-15,1005.0,207387,5527,201860,,,,0.007114916737382,0.0526866944064319,,,,,,,,,,,,,,,,,
2009-09-22,1014.2000122070312,208236,5170,203066,,,,0.0091542410020211,0.0163342894019264,,,,,,,,,,,,,,,,,
2009-09-29,993.0999755859376,198175,3726,194449,,,,-0.0208046108924582,-0.0118408203124998,0.040222020412606,,,,,,,,,,,,,,,,
2009-10-06,1038.5999755859375,215753,6378,209375,,,,0.0458161324323409,0.0240583347320306,0.0407855999359985,,,,,,,,,,,,,,,,
2009-10-13,1064.199951171875,232086,5232,226854,,,,0.0246485424491704,0.0715939757666268,0.0589054240516169,,,,,,,,,,,,,,,,
2009-10-20,1057.800048828125,233990,6715,227275,,,,-0.0060138156712961,0.0184864949870189,0.0429895840034693,,,,,,,,,,,,,,,,
2009-10-27,1034.699951171875,217920,7549,210371,,,,-0.0218378678294081,-0.0277203545889239,0.0418890107830212,0.0837958918424055,,,,,,,,,,,,,,,
2009-11-03,1084.300048828125,227499,9278,218221,,,,0.0479366966240544,0.0250519935495916,0.0440016120897801,0.0865818441730112,,,,,,,,,,,,,,,
2009-11-09,1100.800048828125,223460,8495,214965,,,,0.0152171901290907,0.0638833485798338,0.0343921249159491,0.0953234316697761,,,,,,,,,,,,,,,
2009-11-17,1138.800048828125,222637,8401,214236,,,,0.034520347305992,0.0502628401233604,0.0765740180195067,0.1228554872031089,,,,,,,,,,,,,,,
2009-11-24,1165.5,225366,3589,221777,,,,0.0234456884677431,0.05877538908247,0.1264135063309746,0.1735978538438134,,,,,,,,,,,,,,,
2009-12-01,1199.0999755859375,224030,6874,217156,,,,0.0288288078815421,0.0529504075977724,0.1058746855926866,0.1545349545280436,,,,,,,,,,,,,,,
2009-12-08,1142.800048828125,213164,5353,207811,,,,-0.0469518204520866,-0.0194765775820463,0.038154068075044,0.0738583924662814,,,,,,,,,,,,,,,
2009-12-15,1122.4000244140625,212517,4429,208088,,,,-0.0178509131452886,-0.0639646007284719,-0.0144011448111007,0.0610701196861391,,,,,,,,,,,,,,,
2009-12-22,1086.0,206996,4813,202183,,,,-0.0324305271046877,-0.0497025257273747,-0.0682110682110682,0.0495796378167641,,,,,,,,,,,,,,,
2009-12-29,1097.0,201751,5926,195825,,,,0.0101289134438304,-0.0226300996628384,-0.0851471751019313,0.0117125800977329,,,,,,,,,,,,,,,
2010-01-05,1118.0999755859375,198506,6907,191599,,,,0.0192342530409639,0.0295579885690031,-0.0216136438456718,0.0157157757907346,,,,,,,,,,,,,,,
2010-01-12,1128.9000244140625,202180,11137,191043,,,,0.0096592872408081,0.029079329456757,0.0057911616701837,-0.0086933824987538,,,,,,,,,,,,,,,
2010-01-19,1139.699951171875,200320,7695,192625,0.2,0.8,,0.0095667698859498,0.0193184653050528,0.0494474688507136,-0.0221364640309952,,,,,,,,,,,,,,,
2010-01-26,1097.9000244140625,182133,7766,174367,0.0476190476190476,0.8095238095238095,,-0.0366762556362597,-0.0274603590482602,0.0008204415807315,-0.0843965918041352,,,,,,,,,,,,,,,
2010-02-02,1117.4000244140625,187024,8423,178601,0.0909090909090909,0.8636363636363636,,0.0177611800404202,-0.0195664891754036,-0.0006260184126273,-0.0222261317192878,-0.10909090909090911,,,,,0.0636363636363636,,,,,,,,,
2010-02-09,1076.699951171875,166132,13404,152728,0.0434782608695652,1.0,,-0.0364239058107499,-0.0193096573192096,-0.0462397662443856,-0.0407163865361146,-0.0041407867494824,,,,,0.19047619047619047,,,,,,,,,
2010-02-16,1119.300048828125,167613,10459,157154,0.0833333333333333,0.9166666666666666,,0.0395654310282862,0.0017003976844003,-0.017899362303889,0.0306630283868554,-0.007575757575757597,-0.11666666666666671,,,,0.05303030303030298,0.11666666666666659,,,,,,,,
2010-02-23,1102.699951171875,171565,6909,164656,0.12,0.52,,-0.0148307843581618,0.0241478602945062,0.0043719160680173,0.0051959445504785,0.0765217391304348,0.07238095238095239,,,,-0.48,-0.2895238095238095,,,,,,,,
2010-03-02,1136.9000244140625,182360,5689,176671,0.1923076923076923,0.3076923076923077,,0.0310148496931028,0.0157240907872417,0.0174512256792058,0.0168142824779804,0.10897435897435899,0.10139860139860139,,,,-0.6089743589743589,-0.5559440559440559,,,,,,,,
2010-03-09,1122.0,179078,4670,174408,0.1481481481481481,0.1111111111111111,,-0.013105835248567,0.0175025389341989,0.0420730480936872,-0.0061121660597392,0.028148148148148117,0.10466988727858291,,,,-0.4088888888888889,-0.8888888888888888,,,,,,,,
2010-03-16,1122.199951171875,176715,6438,170277,0.1428571428571428,0.4285714285714285,,0.0001782096006015,-0.0129299612336305,0.0025908176692979,-0.015354918618717,-0.0494505494505495,0.05952380952380949,-0.05714285714285722,,,0.12087912087912078,-0.48809523809523814,-0.37142857142857155,,,,,,,
2010-03-23,1103.5,162654,8962,153692,0.0344827586206896,0.8620689655172413,,-0.0166636535247994,-0.016488413547237,0.000725536286888,0.0051006243386562,-0.11366538952745851,-0.0855172413793104,-0.013136288998358003,,,0.7509578544061302,0.3420689655172413,0.05254515599343179,,,,,,,
2010-03-30,1104.5,155355,8135,147220,0.0,0.7333333333333333,,0.0009062075215224,-0.0157725467314372,-0.0284985695472747,-0.0115446788367729,-0.1428571428571428,-0.1923076923076923,-0.0909090909090909,,,0.3047619047619048,0.42564102564102557,-0.13030303030303036,,,,,,,
2010-04-06,1135.0999755859375,181635,6500,175135,0.2580645161290322,0.4193548387096774,,0.0277048217165571,0.0286361355559017,0.0116755575632241,0.0542398319517896,0.22358175750834258,0.10991636798088408,0.214586255259467,,,-0.44271412680756395,0.3082437275985663,-0.5806451612903226,,,,,,,
2010-04-13,1152.800048828125,200201,3506,196695,0.46875,0.0,,0.0155934046541148,0.0437302388665685,0.0272679548990315,0.0299294188676875,0.46875,0.3258928571428572,0.3854166666666667,0.26875,,-0.7333333333333333,-0.4285714285714285,-0.9166666666666666,-0.8,,,,,,
2010-04-20,1138.5999755859375,199008,6768,192240,0.4545454545454545,0.4848484848484848,,-0.0123178978493473,0.0030834288391146,0.03180786188123,0.0325564759261214,0.19648093841642228,0.42006269592476486,0.3345454545454545,0.40692640692640686,,0.06549364613880743,-0.3772204806687565,-0.03515151515151521,-0.32467532467532473,,,,,,
2010-04-27,1161.699951171875,210203,4760,205443,0.6764705882352942,0.1470588235294117,,0.020288052065037,0.0077202480627904,0.0517880952212539,0.0218136390405954,0.20772058823529416,0.6764705882352942,0.48416289592760187,0.5855614973262032,,0.1470588235294117,-0.5862745098039216,-0.16063348416289602,-0.716577540106952,,,,,,
2010-05-04,1168.5999755859375,217433,9645,207788,0.7714285714285715,0.9142857142857144,,0.0059395925833534,0.0263481474119666,0.0295128188886686,0.0415329550676804,0.316883116883117,0.5133640552995393,0.6232804232804233,0.7279503105590063,,0.42943722943722956,0.494930875576037,0.8031746031746032,-0.08571428571428563,,,,,,
2010-05-11,1219.9000244140625,224664,7134,217530,0.8888888888888888,0.5833333333333334,,0.0438987248843669,0.0500990580084621,0.0582060832267901,0.0870611989780989,0.21241830065359468,0.42013888888888884,0.746031746031746,0.8055555555555556,,0.4362745098039217,0.5833333333333334,0.15476190476190488,-0.33333333333333326,,,,,,
2010-05-18,1214.300048828125,226337,6542,219795,0.918918918918919,0.4324324324324324,,-0.0045905201031758,0.0391066868021054,0.0664852229627277,0.1004078376330992,0.1474903474903475,0.4643734643734645,0.8844361602982294,0.798918918918919,,-0.48185328185328197,-0.052416052416052406,-0.4296365330848089,-0.08756756756756762,,,,,,
2010-05-25,1197.800048828125,212919,7703,205216,0.6578947368421053,0.7105263157894737,,-0.0135880748880176,-0.0181162186602565,0.0310752338586515,0.08447265625,-0.23099415204678353,-0.018575851393188847,0.6578947368421053,0.465587044534413,,0.1271929824561403,0.563467492260062,-0.02280701754385961,0.40283400809716596,,,,,,
2010-06-01,1224.800048828125,210717,4459,206258,0.6153846153846154,0.1025641025641025,,0.022541324845007,0.0086469567469202,0.048091797378319,0.0790239407730446,-0.30353430353430355,-0.15604395604395604,0.3573200992555832,0.4672364672364673,,-0.3298683298683299,-0.8117216117216118,-0.31679073614557485,-0.0085470085470086,,,,,,
2010-06-08,1244.0,215177,5161,210016,0.7,0.2,,0.0156759882482413,0.0385706706366184,0.019755697273236,0.0791116822597153,0.042105263157894646,-0.18888888888888888,0.23124999999999996,0.5571428571428572,,-0.5105263157894737,-0.38333333333333336,0.2,-0.22857142857142848,,,,,,
2010-06-15,1233.199951171875,215511,4021,211490,0.7073170731707317,0.073170731707317,,-0.0086817112766278,0.0068581825676663,0.0155644417226117,0.0830844700635577,0.09193245778611625,-0.2116018457481873,0.2527716186252772,0.6728343145500421,,-0.029393370856785506,-0.35926170072511543,-0.41167775314116783,-0.7888982338099243,,,,,,
2010-06-22,1239.9000244140625,223219,4354,218865,0.8095238095238095,0.0952380952380952,,0.0054330793930219,-0.0032958003102391,0.0351477490981289,0.0673152074796099,0.10952380952380958,0.15162907268170422,0.13305322128851538,0.8095238095238095,,-0.1047619047619048,-0.6152882205513784,-0.05182072829131648,-0.638095238095238,,,,,,
2010-06-29,1242.0,219365,4903,214462,0.7674418604651163,0.2325581395348837,,0.0016936652508978,0.0071359464616931,0.0140430686529868,0.0628102224435351,0.06012478729438464,0.1520572450805009,-0.003986710963455153,0.5093773443360841,,0.1593874078275667,0.12999403697078118,-0.6817275747508307,-0.1867966991747937,,,,,,
2010-07-06,1194.800048828125,193032,11299,181733,0.2727272727272727,0.9772727272727272,,-0.038003181297806,-0.0363738807144957,-0.0395497999773915,-0.0205754365797258,-0.5367965367965368,-0.42727272727272725,-0.6161616161616161,-0.1960227272727273,,0.882034632034632,0.7772727272727271,0.3939393939393938,0.9772727272727272,,,,,,
2010-07-13,1213.300048828125,188892,8138,180754,0.2666666666666666,0.7777777777777778,,0.0154837623401045,-0.0231078511850845,-0.0161368011122929,-0.0008235196901829,-0.5007751937984497,-0.44065040650406506,-0.6522522522522524,-0.18787878787878787,,0.5452196382428941,0.7046070460704608,0.3453453453453454,0.292929292929293,,,,,,
2010-07-20,1191.5,169169,20798,148371,0.108695652173913,1.0,,-0.0179675661013783,-0.0027620092846177,-0.0390354250028625,-0.0052596832286729,-0.1640316205533597,-0.7008281573498966,-0.5491990846681923,-0.5677749360613812,-0.09130434782608701,0.022727272727272818,0.9047619047619048,0.2894736842105263,0.8529411764705883,0.19999999999999996,,,,,
2010-07-27,1158.0,167161,14269,152892,0.0851063829787234,0.9787234042553192,,-0.0281158203944608,-0.0455782136344071,-0.0676328502415458,-0.0545395543476983,-0.1815602836879432,-0.6823354774863929,-0.530278232405892,-0.686322188449848,0.0374873353596758,0.20094562647754144,0.7461652647204355,0.8761593016912167,0.06443768996960486,0.1691995947315097,,,,,
2010-08-03,1185.199951171875,167800,11435,156365,0.125,0.9375,,0.0234887315819301,-0.0052874937709819,-0.0080348989487119,-0.0472669202798432,0.016304347826087,-0.1477272727272727,-0.575,-0.7638888888888888,0.0340909090909091,-0.0625,-0.03977272727272718,0.7375,0.35416666666666663,0.07386363636363635,,,,,
2010-08-10,1196.199951171875,167837,9244,158593,0.1428571428571428,0.8163265306122449,,0.0092811343681913,0.0329878680240716,-0.0140938737064802,-0.0300032447818701,0.05775075987841939,-0.12380952380952381,-0.5644599303135889,-0.7760617760617762,0.09937888198757759,-0.1623968736430743,0.038548752834467126,0.7431557989049279,0.3838940981798125,-0.18367346938775508,,,,,
2010-08-17,1226.5999755859375,182555,5336,177219,0.3,0.28,,0.0254138318466579,0.0349308354030286,0.0294586450574381,-0.0107267106752499,0.175,0.191304347826087,-0.5095238095238095,-0.3578947368421053,0.21666666666666667,-0.6575,-0.72,0.18476190476190482,-0.43052631578947365,-0.6366666666666666,,,,,
2010-08-24,1231.800048828125,201864,5780,196084,0.5098039215686274,0.3529411764705882,0.5192307692307693,0.0042394206307589,0.0297609924004542,0.0637306121140974,-0.0082125210723631,0.3669467787114846,0.424697538589904,-0.2576379388964889,-0.105580693815988,0.3898039215686274,-0.4633853541416567,-0.625782227784731,0.12038303693570451,0.25037707390648567,-0.16705882352941182,,,,,
2010-08-31,1248.300048828125,215631,6431,209200,0.7307692307692307,0.4038461538461538,0.7169811320754716,0.0133950311300095,0.0176912389320906,0.053240044090332,0.0447773667673294,0.43076923076923074,0.6057692307692307,0.458041958041958,0.03076923076923077,0.5384615384615384,0.12384615384615377,-0.5336538461538463,-0.5734265734265733,0.2038461538461538,0.09615384615384609,,,,,
2010-09-07,1257.300048828125,217437,6410,211027,0.7735849056603774,0.3962264150943396,0.7777777777777778,0.0072098050532394,0.0207014117463784,0.0510784987044954,0.0362647310881572,0.26378098409175,0.6307277628032346,0.5069182389937108,0.06626783248964574,0.6254367575122293,0.04328523862375139,-0.4201001155179053,-0.3815513626834382,0.3230556833870226,0.2851153039832285,0.2585470085470085,,,,
2010-09-14,1269.699951171875,225821,7571,218250,0.925925925925926,0.6481481481481481,0.9090909090909092,0.0098623255087815,0.0171432360063108,0.0351377600226585,0.0656315158807174,0.19515669515669531,0.625925925925926,0.8172302737520131,0.1164021164021165,0.7830687830687832,0.24430199430199434,0.3681481481481481,-0.35185185185185186,0.5529100529100529,0.21957671957671965,0.19210977701543752,,,,
2010-09-21,1272.4000244140625,219781,5982,213799,0.8,0.3636363636363636,0.7857142857142857,0.0021265443380504,0.0120098425193027,0.0329598749606823,0.0987910400812284,0.026415094339622636,0.29019607843137263,0.7148936170212766,0.032558139534883734,0.7655172413793104,-0.032590051457976,0.010695187165775388,-0.6150870406189557,0.1310782241014799,-0.49843260188087773,0.007936507936507908,0.2664835164835164,,,
2010-09-28,1306.5999755859375,231457,7049,224408,0.9642857142857144,0.5714285714285714,0.9649122807017544,0.0268783012540603,0.029062003491459,0.0467034562824404,0.1024299944444204,0.03835978835978837,0.23351648351648369,0.8392857142857144,0.6915584415584417,0.9642857142857144,-0.07671957671957674,0.1675824175824176,-0.3660714285714286,-0.4058441558441558,-0.16190476190476188,0.055821371610845216,0.24793114862628274,,,
2010-10-05,1338.9000244140625,227061,8345,218716,0.9298245614035088,0.7543859649122807,0.896551724137931,0.0247206868449849,0.0522634381672721,0.0649009563484812,0.1192944984677431,0.12982456140350873,0.15623965574313137,0.786967418546366,0.6631578947368422,0.6717600452744765,0.3907496012759171,0.3581595498179411,-0.0619405656999642,-0.023391812865497075,0.33503112620260334,0.11083743842364535,0.11877394636015326,,,
2010-10-12,1345.699951171875,233925,9966,223959,0.9827586206896552,0.8793103448275862,0.9491525423728814,0.0050787412307264,0.029924978047243,0.0598566613551929,0.0970976503803078,0.018472906403940836,0.05683269476372921,0.6827586206896552,0.8740629685157423,0.5140086206896552,0.3078817733990148,0.23116219667943805,0.5993103448275862,-0.12068965517241381,0.8793103448275862,-0.015759738328873008,0.04006163328197221,,,
2010-10-19,1335.0999755859375,220360,11613,208747,0.7627118644067796,0.9491525423728814,0.6333333333333333,-0.0078769235123377,-0.0028381871378245,0.0492769176114626,0.0838609536150669,-0.16711269699672915,-0.03728813559322042,0.2529079428381522,0.6776054814280562,0.30816640986132515,0.19476657746060067,0.5855161787365177,0.5962113659022932,-0.02957086188243785,0.4643040575243966,-0.26321839080459775,-0.1523809523809524,0.11410256410256403,,
2010-10-26,1338.0,209780,11743,198037,0.5166666666666667,0.95,0.4754098360655737,0.0021721402644694,-0.0057218930305895,0.0240318574933244,0.0718576845815901,-0.46609195402298853,-0.4476190476190477,-0.214102564102564,0.3916666666666667,-0.15980392156862744,0.07068965517241377,0.37857142857142856,0.5461538461538462,0.012499999999999956,0.8029411764705883,-0.4737427063073077,-0.4895024446361807,-0.24157129600989796,,
2010-11-02,1356.4000244140625,211627,16033,195594,0.5573770491803278,0.9836065573770492,0.4193548387096774,0.013751886707072,0.0159538979983704,0.0130704307124487,0.0788196705140544,-0.2053348152264518,-0.37244751222318095,-0.2162078564800496,0.41451990632318503,-0.21405152224824364,0.03445401500416778,0.22922059246476845,0.5873801422827096,0.16728002676480425,0.0693208430913348,-0.21397849462365592,-0.47719688542825367,-0.3584229390681004,,
2010-11-09,1409.800048828125,208053,19379,188674,0.4838709677419355,0.9838709677419356,0.3333333333333333,0.039368935013939,0.0536622188551008,0.0476332763484383,0.1103411065952582,-0.03279569892473122,-0.49888765294771975,-0.44205495818399054,0.1838709677419355,-0.40501792114695334,0.033870967741935654,0.10456062291434942,0.33572281959378747,0.7038709677419356,0.40053763440860224,-0.14207650273224037,-0.615819209039548,-0.5757575757575759,,
2010-11-16,1338.300048828125,183835,17233,166602,0.2539682539682539,0.9682539682539684,0.171875,-0.0507164119191464,-0.0133441280301924,0.0023968791107071,0.0517919075366328,-0.3034087952120739,-0.5087436104385257,-0.5460317460317461,-0.2558356676003735,-0.6649506649506651,-0.015352589123080795,0.019101425881086986,0.6046176046176048,0.6153127917833802,0.5358215358215359,-0.24747983870967738,-0.4614583333333333,-0.6138392857142857,-0.3473557692307693,
2010-11-23,1377.5,185172,15166,170006,0.265625,0.9375,0.1846153846153846,0.0292908538755567,-0.022911085054206,0.0295216741405082,0.0542629922997417,-0.2182459677419355,-0.2510416666666667,-0.6986607142857144,-0.4651442307692307,-0.3922697368421053,-0.04637096774193561,-0.012499999999999956,0.3660714285714286,0.5336538461538463,0.22697368421052633,-0.14871794871794872,-0.2907944514501891,-0.7802968960863698,-0.532365747460087,
2010-11-30,1385.0,187247,11873,175374,0.2923076923076923,0.8923076923076924,0.2575757575757575,0.0054446460980035,0.034894978306821,0.0210852072184914,0.0344312306709473,0.038339438339438425,-0.2650693568726355,-0.6375168690958164,-0.4812772133526851,-0.3230769230769231,-0.07594627594627601,-0.0912988650693568,0.13792172739541164,0.49608127721335277,0.7897435897435898,0.08570075757575751,-0.16177908113391987,-0.6389759665621735,-0.5202020202020203,
2010-12-07,1408.300048828125,190212,10455,179757,0.3181818181818182,0.7878787878787878,0.3134328358208955,0.0168231399481046,0.022359382089383,-0.0010639806696324,0.0465186147935399,0.05255681818181818,-0.16568914956011732,-0.6645768025078371,-0.6077441077441079,-0.3818181818181818,-0.14962121212121215,-0.19599217986314776,-0.09143155694879834,0.1397306397306397,0.5878787878787879,0.12881745120551089,-0.01990049751243783,-0.635719706551986,-0.5956580732700136,
2010-12-14,1403.5999755859375,180601,11976,168625,0.1791044776119403,0.8955223880597015,0.1764705882352941,-0.0033374089890138,0.0134295852606047,0.0487931886537642,0.0513070191391002,-0.11320321469575204,-0.07486377635631361,-0.5836073867948394,-0.6208955223880598,-0.5282125955587914,0.003214695752009167,-0.07273158019426684,-0.053630154313179856,0.5318860244233379,0.8223516563523845,-0.08110516934046341,0.004595588235294101,-0.4568627450980392,-0.6092436974789917,
2010-12-21,1388.199951171875,172385,14735,157650,0.1470588235294117,0.9264705882352942,0.1304347826086956,-0.010971804418587,-0.0142725960089085,0.0077676596529037,0.0375186481105194,-0.1711229946524065,-0.11856617647058831,-0.36960784313725503,-0.8172268907563027,-0.6624649859943978,0.1385918003565063,-0.011029411764705843,-0.0235294117647058,0.35504201680672276,0.8312324929971989,-0.1829980532121999,-0.054180602006689005,-0.34497505345687807,-0.8344774980930588,
2010-12-28,1405.199951171875,180866,12952,167914,0.2028985507246377,0.8840579710144928,0.1857142857142857,0.0122460744834698,0.0011399085307546,0.0145848022901624,0.0359775330871827,0.023794073112697406,-0.08940914158305463,-0.3544784984556901,-0.7269260106788711,-0.5645433097404786,-0.01146441704520873,-0.008249721293199563,-0.09954858636255637,0.12967200610221208,0.6514998314796091,0.009243697478991592,-0.07186147186147182,-0.2336405529953917,-0.7108374384236453,
2011-01-04,1378.5,172298,16163,156135,0.1428571428571428,0.9571428571428572,0.0985915492957746,-0.0190008198830411,-0.006987430855106,-0.0211602980862793,-0.0222017646077844,-0.004201680672268893,-0.17532467532467538,-0.3410138248847927,-0.8399014778325125,-0.1298701298701299,0.030672268907563027,0.16926406926406934,-0.026728110599078425,0.077832512315271,-0.020129870129869998,-0.03184323331292099,-0.21484128652512088,-0.23474178403755872,-0.8505609930771068,
2011-01-11,1384.0,160750,21194,139556,0.028169014084507,1.0,0.0138888888888888,0.0039898440333696,-0.015086786157511,-0.0139640751829989,0.0341477617159857,-0.1747295366401307,-0.15093546352743328,-0.2257992398837469,-0.7345428503222726,-0.2384976525821596,0.1159420289855072,0.10447761194029848,0.03174603174603163,0.05084745762711862,0.2222222222222222,-0.17182539682539688,-0.1625816993464053,-0.1579861111111112,-0.6194444444444445,
2011-01-18,1368.0999755859375,159114,25874,133240,0.0277777777777777,1.0,0.0136986301369863,-0.0114884569465769,-0.0075444500646082,-0.0144791645965479,-0.0068239741662885,-0.11507936507936509,-0.11928104575163398,-0.2378472222222223,-0.48888888888888904,-0.08091787439613529,0.042857142857142816,0.07352941176470584,0.0625,0.050000000000000044,0.0,-0.0848929191587883,-0.11673615247170929,-0.1709167544783983,-0.4617112059285874,
2011-01-25,1332.300048828125,160562,22345,138217,0.0410958904109589,0.9863013698630136,0.027027027027027,-0.0261676247326003,-0.0373554560490426,-0.0518786684293254,-0.0380505062612815,0.0129268763264519,-0.1618026603136788,-0.2512118018967334,-0.516281158769369,-0.0440104925677645,-0.013698630136986356,0.10224339884852085,0.09399367755532129,0.0026948124859644818,0.007577965607694415,0.013138138138138201,-0.1586872586872587,-0.2305487305487305,-0.3923278116826504,
2011-02-01,1339.5999755859375,145530,21797,123733,0.0,0.972972972972973,0.0133333333333333,0.0054791912409171,-0.0208318109119136,-0.0282190964193417,-0.0487822700136624,-0.0277777777777777,-0.1428571428571428,-0.3181818181818182,-0.4838709677419355,-0.125,-0.027027027027026973,0.015830115830115843,0.18509418509418518,-0.010897994768962582,0.03547297297297303,-0.0003652968036530011,-0.0852582159624413,-0.3000995024875622,-0.32,
2011-02-08,1363.4000244140625,159732,18223,141509,0.0533333333333333,0.92,0.0657894736842105,0.0177665342355017,0.0233430717151836,-0.0148843754233652,-0.0286406040689003,0.0122374429223744,0.0251643192488263,-0.12577114427860697,-0.2006349206349206,-0.08952380952380949,-0.0663013698630136,-0.07999999999999996,0.024477611940298516,-0.04825396825396833,0.10367346938775512,0.038762446657183494,0.0519005847953217,-0.1106811145510836,-0.1060855263157895,
2011-02-15,1373.5999755859375,166406,12172,154234,0.1184210526315789,0.8026315789473685,0.1558441558441558,0.0074812608106402,0.0253807111224591,0.0040201740356324,-0.0105171993224842,0.1184210526315789,0.09064327485380119,-0.028637770897832787,-0.1472039473684211,-0.1815789473684211,-0.17034139402560455,-0.19736842105263153,-0.12383900928792568,-0.13486842105263153,0.5226315789473684,0.1425108225108225,0.1421455257071695,0.02540937323546022,-0.028771228771228785,
2011-02-22,1400.5,185082,16633,168449,0.3506493506493506,0.8961038961038961,0.2692307692307692,0.0195835941265125,0.027211364912423,0.0511896334702253,-0.0033446849809206,0.2973160173160173,0.3095534602383917,0.1477507999247129,0.058341658341658276,-0.15915457091927682,-0.02389610389610397,-0.09019747375911757,0.012045925089403275,0.003796203796203712,0.5431627196333079,0.2034412955465587,0.24220374220374222,0.08351648351648353,0.011655011655011704,-0.25000000000000006
2011-03-01,1430.699951171875,199371,10555,188816,0.4871794871794871,0.6923076923076923,0.4683544303797468,0.0215636923754909,0.0415695811013538,0.0680053577532282,0.0378672115864164,0.36875843454790824,0.4871794871794871,0.3443223443223443,0.16899766899766894,-0.2435897435897436,-0.11032388663967618,-0.28066528066528074,-0.2648351648351649,-0.09557109557109555,0.2884615384615385,0.312510274535591,0.45502109704641347,0.36976288108397215,0.1549215945588513,-0.24862670169572487
2011-03-08,1426.9000244140625,197377,8757,188620,0.4430379746835443,0.5949367088607594,0.45,-0.0026559913940725,0.0188504280000445,0.0465747387875321,0.0309971274668081,0.09238862403419368,0.389704641350211,0.4148689605990373,0.26393349707160396,-0.33054693097683313,-0.3011671872431366,-0.3250632911392406,-0.40506329113924056,-0.3005856791989421,0.19871029376641985,0.1807692307692308,0.3842105263157895,0.4361111111111112,0.2735294117647059,-0.3277777777777778
2011-03-15,1392.5999755859375,187986,11748,176238,0.3875,0.7625,0.3580246913580246,-0.0240381584142237,-0.0266303046664188,0.0138322658253506,0.0179080479769082,-0.0996794871794871,0.2690789473684211,0.35972222222222233,0.24044117647058832,-0.5384259259259261,0.07019230769230766,-0.04013157894736852,-0.23750000000000004,-0.1639705882352942,0.11435185185185182,-0.11032973902172216,0.2021805355138688,0.3443260612210383,0.22758990874932902,-0.5510662177328846
2011-03-22,1427.5,183912,5037,178875,0.3333333333333333,0.1358024691358024,0.4024390243902439,0.0250610548800118,0.000420474858555,0.0192788289896466,0.071455338649587,-0.10970464135021096,-0.017316017316017285,0.2922374429223744,0.13043478260869562,-0.46666666666666673,-0.45913423972495704,-0.7603014269680937,-0.8504989007272112,-0.7482555018786904,-0.22783389450056118,-0.047560975609756084,0.1332082551594747,0.37541199736321695,0.21672473867595823,-0.38327526132404177
2011-03-29,1416.0,196020,4603,191417,0.4512195121951219,0.0853658536585365,0.5060240963855421,-0.0080560420315236,0.0168031199370206,-0.0102746569326673,0.0570319691000631,0.0637195121951219,-0.035959974984365206,0.4512195121951219,0.3083623693379791,-0.5130662020905925,-0.6771341463414635,-0.6069418386491559,-0.8876071193144366,-0.8717770034843206,-0.4860627177700349,0.14799940502751752,0.037669666005795355,0.4926907630522088,0.4074325470897675,-0.45888818431621226
2011-04-05,1451.800048828125,213018,6324,206694,0.6987951807228916,0.2771084337349397,0.6904761904761905,0.0252825203588453,0.0170228012806479,0.0174504337991636,0.0648379219826209,0.3654618473895583,0.2557572060393473,0.6454618473895583,0.6706261666383846,-0.23102938068061718,0.1413059645991373,-0.31782827512581974,-0.6428915662650603,-0.7228915662650603,-0.477277531177341,0.28803716608594654,0.24047619047619045,0.62468671679198,0.6765873015873016,-0.20607553366174058
2011-04-12,1452.9000244140625,208714,6810,201904,0.6190476190476191,0.3809523809523809,0.6235294117647059,0.0007576632793375,0.0260593392754677,0.0433003374158136,0.0577315450186273,0.16782810685249716,0.23154761904761906,0.5006265664160402,0.5912698412698414,-0.3637110016420362,0.2955865272938444,-0.3815476190476191,-0.4216791979949876,-0.6190476190476191,-0.4983579638752053,0.11750531537916376,0.26550472040668127,0.4676852559205501,0.6098307816277195,-0.3256231306081755
2011-04-19,1494.5,216243,4506,211737,0.7647058823529411,0.0823529411764705,0.813953488372093,0.0286323731068243,0.0294117300838652,0.0469352014010509,0.0671188861121028,0.06591070163004953,0.4313725490196078,0.4140565317035905,0.7236099919419823,0.001994017946161497,-0.1947554925584692,-0.0534495279593319,-0.8137509549274256,-0.9039484286865431,-0.8667996011964109,0.12347729789590256,0.4115144639818491,0.5447227191413238,0.786926461345066,0.18062015503875972
2011-04-26,1503.0,207496,5079,202417,0.5813953488372093,0.1627906976744186,0.632183908045977,0.0056875209100033,0.0344827412375756,0.0614406779661016,0.0505347391456221,-0.03765227021040973,0.13017583664208743,0.09421586165772222,0.5813953488372093,0.06472868217054262,-0.2181616832779623,0.0774248440158821,-0.5295169946332737,-0.8101822752985545,-0.7872093023255814,0.008654496281271129,0.12615981166043488,0.16382947766623024,0.6188505747126437,0.15677407198040333
2011-05-03,1540.0999755859375,203624,10746,192878,0.5517241379310345,0.7126436781609196,0.5227272727272727,0.0246839491589736,0.0305118605459602,0.0608209972365596,0.0793327838215989,-0.21298174442190665,-0.14707104279185712,0.1086861632474902,0.4983908045977012,-0.005652911249293346,0.630290736984449,0.43553524442597985,0.11770696930016011,-0.20735632183908048,-0.2709628792161296,-0.2912262156448203,-0.16774891774891776,0.0727272727272727,0.4569377990430622,0.10337243401759533
2011-05-10,1516.5999755859375,191435,10461,180974,0.3977272727272727,0.6931818181818182,0.4044943820224719,-0.0152587496737407,0.0090485532840569,0.0438433134431011,0.0890420811244283,-0.18366807610993663,-0.22132034632034636,0.010227272727272696,0.27930622009569384,-0.08614369501466279,0.5303911205073997,0.31222943722943736,-0.06931818181818172,-0.10944976076555024,-0.2906891495601174,-0.22768952602350512,-0.219035029742234,0.04646969066444728,0.24865022617831609,0.07116104868913858
2011-05-17,1479.800048828125,181722,7934,173788,0.2584269662921348,0.5280898876404494,0.2777777777777778,-0.0242647549454132,-0.0391532547975472,-0.0098360329018902,0.0366375123139228,-0.2932971716388997,-0.5062789160608063,-0.07490636704119852,-0.0922223843572158,0.004458712323880898,-0.18455379052047016,0.4457369464639789,0.392287418504647,-0.3680140084634467,-0.44016408061351897,-0.24494949494949492,-0.5361757105943152,-0.12466124661246614,0.008547008547008572,0.10590277777777779
2011-05-24,1523.199951171875,191481,14589,176892,0.4111111111111111,0.8555555555555555,0.3516483516483517,0.0293282206458358,0.0043518236134665,0.0134397546053726,0.0757061802061265,0.013383838383838387,-0.17028423772609824,-0.040108401084010814,-0.07606837606837602,0.1454861111111111,0.16237373737373728,0.692764857881137,0.770189701897019,0.16324786324786322,-0.08194444444444449,-0.05284603037412022,-0.28053555639762534,-0.15437574473719046,-0.1167060787313951,0.16703296703296708
2011-05-31,1535.9000244140625,197416,10101,187315,0.4615384615384615,0.6593406593406593,0.4347826086956521,0.0083377584357304,0.0379105107006612,-0.0027270639818541,0.057928070503801,0.2031114952463267,-0.09018567639257297,-0.2372567191844301,0.01850048685491723,0.16923076923076918,0.13125077170020993,-0.05330301882026023,0.3822322256057196,0.06440395047989989,-0.23296703296703303,0.15700483091787432,-0.0879446640316206,-0.25569358178053836,-0.015217391304347905,0.1772068511198946
2011-06-07,1543.300048828125,203518,7648,195870,0.5652173913043478,0.4782608695652174,0.5806451612903226,0.0048180378256621,0.0131959678969173,0.01760521803508,0.0622204025707273,0.1541062801932367,0.16749011857707508,-0.053830227743271286,0.17771739130434777,0.2470355731225296,-0.3772946859903381,-0.21492094861660083,0.09730848861283653,-0.28423913043478255,-0.30961791831357044,0.22899680964197094,0.17615077926785072,-0.04288425047438327,0.222620469932298,0.26721232546942714
2011-06-14,1523.800048828125,197429,9643,187786,0.4623655913978494,0.6344086021505376,0.4468085106382978,-0.0126352617009291,-0.007878101044079,0.0297337468226495,0.0196052518087153,0.0008271298593878762,0.2039386251057146,-0.30234029095509174,0.12903225806451607,0.2832611137859091,-0.024932057190121704,0.10631871451008823,0.5520556609740671,0.4986061330147352,-0.2611137859091639,0.01202590194264569,0.16903073286052,-0.36714497773379523,0.04436948624805387,0.2703379224030037
2011-06-21,1546.0,213479,7220,206259,0.7340425531914894,0.4468085106382978,0.7052631578947368,0.0145688085447612,0.0017494661351984,0.0149685199310725,0.0286094477711245,0.16882516188714158,0.3229314420803783,0.15264720435428003,0.28282304099636746,0.5869837296620777,-0.03145235892691961,-0.4087470449172577,0.2840178129638792,0.3614426569797613,-0.47966207759699636,0.1246179966044142,0.35361480624638514,0.0730792498487598,0.19923906150919468,0.5748283752860412
2011-06-28,1499.699951171875,178804,9233,169571,0.2,0.6105263157894737,0.2395833333333333,-0.0299482851410899,-0.0158157874287929,-0.0235692901014163,-0.0262320791211571,-0.2623655913978494,-0.2615384615384615,-0.35172413793103446,-0.4987951807228916,-0.002898550724637683,-0.02388228636106393,-0.048814343551185635,-0.10211736237144586,0.333417882054534,-0.2735316552250191,-0.2072251773049645,-0.19519927536231882,-0.28314393939393945,-0.4508928571428572,0.053869047619047594
2011-07-05,1512.300048828125,173769,8346,165423,0.1875,0.5520833333333334,0.1958762886597938,0.0084017457268064,-0.0217981572909928,-0.0200868262937846,-0.0028352412152394,-0.5465425531914894,-0.3777173913043478,-0.2102272727272727,-0.43154761904761907,0.044642857142857206,0.10527482269503557,0.07382246376811596,-0.14109848484848486,0.1711309523809525,-0.4050595238095238,-0.509386869234943,-0.38476887263052884,-0.2086180933626781,-0.4276531231049121,0.09728473936401921
2011-07-12,1561.9000244140625,208383,9278,199105,0.6391752577319587,0.6391752577319587,0.6224489795918368,0.0327977081164365,0.0414750118472591,0.0250032644474833,0.0554804520049541,0.4391752577319587,0.17680966633410933,0.3807482914398239,-0.1255306246209824,0.6110062436474517,0.028648941942485018,0.0047666555814210865,0.11108537009150932,0.5568223165554882,-0.3608247422680413,0.3828656462585035,0.17564046895353896,0.34467120181405897,-0.19150450878025627,0.6085600907029479
2011-07-19,1600.9000244140625,220116,9827,210289,0.8469387755102041,0.6632653061224489,0.797979797979798,0.0249695879316158,0.0585862413048212,0.0355110119107777,0.0510110791314093,0.6594387755102041,0.11289622231871477,0.43582766439909304,0.2655434266729948,0.8191609977324265,0.11118197278911557,0.21645679548415114,-0.19229024943310657,0.5004746084480304,-0.33673469387755106,0.6021035093200042,0.0927166400850612,0.44633144633144634,0.165795889933821,0.7842811678428117
2011-07-26,1616.5999755859375,221551,8050,213501,0.8585858585858586,0.5050505050505051,0.84,0.0098069529217612,0.0350214164266982,0.0779489419351624,0.0525424506081777,0.21941060085389985,0.6585858585858586,0.39704739704739705,0.3068617206548241,0.8174899681748997,-0.13412475268145363,-0.10547581073896861,-0.15429015429015425,-0.20759317311041448,-0.48125086481250856,0.2175510204081632,0.6004166666666667,0.40521739130434786,0.31727272727272726,0.812972972972973
2011-08-02,1641.9000244140625,237847,9023,228824,1.0,0.6,1.0,0.0156501603428238,0.025610593650285,0.0856972633746615,0.0638890510376173,0.15306122448979587,0.8125,0.4347826086956522,0.6022727272727273,1.0,-0.06326530612244896,0.04791666666666661,0.12173913043478257,-0.09318181818181825,-0.37297297297297305,0.202020202020202,0.8041237113402062,0.4193548387096774,0.5955056179775281,0.9866666666666667
2011-08-09,1740.0,201303,9893,191410,0.5148514851485149,0.6732673267326733,0.4803921568627451,0.0597478373392106,0.07633306091653,0.1140277692567106,0.1418821001732761,-0.3437343734373437,-0.12432377258344385,0.05248589375066548,0.25642451885638007,0.4615181518151816,0.16821682168216823,0.0340920690007146,0.038858724582135684,0.14517743909222391,-0.24673267326732673,-0.35960784313725486,-0.14205682272909165,0.03358364622444732,0.20261437908496732,0.4146026831785346
2011-08-16,1782.4000244140625,213261,13386,199875,0.7156862745098039,0.8431372549019608,0.6116504854368932,0.0243678301230243,0.0855715926127351,0.1133737255494327,0.1529107531785656,-0.28431372549019607,-0.1312525010004002,-0.018356278681685434,0.30457516339869284,0.5972652218782251,0.2431372549019608,0.17987194877951185,0.396328744263663,-0.012418300653594727,0.04050567595459231,-0.38834951456310685,-0.18632931254290486,-0.09361267245784366,0.2600021337885415,0.45580632959273737
2011-08-23,1858.300048828125,202430,10108,192322,0.5436893203883495,0.6893203883495146,0.5096153846153846,0.042583047225335,0.0679885338092671,0.1495113676186856,0.2391145624670039,0.02883783523983463,-0.31489653819750907,0.3436893203883495,0.08215085884988799,0.1930399697389989,0.01605306161684128,0.1842698832990095,0.0787940725600409,0.02997972900885526,-0.20678350775438148,0.02922322775263947,-0.3303846153846154,0.2700320512820513,0.07483277591973247,0.24038461538461536
2011-08-30,1826.699951171875,189799,6727,183072,0.3557692307692308,0.3173076923076923,0.4,-0.0170048414281522,0.0248540878315883,0.1125524843230094,0.2078951875901724,-0.35991704374057315,-0.6442307692307692,0.16826923076923078,-0.209448160535117,-0.13141025641025633,-0.5258295625942685,-0.2826923076923077,-0.23477564102564108,-0.16095317725752512,-0.375,-0.21165048543689313,-0.6,0.2041237113402062,-0.1806451612903226,-0.06835443037974676
2011-09-06,1869.9000244140625,195197,7002,188195,0.4095238095238095,0.3714285714285714,0.4339622641509434,0.0236492442091946,0.0062422511333692,0.0746551864448634,0.1971957200753258,-0.13416551086453998,-0.10532767562470535,-0.2296514482081492,-0.05284178187403987,-0.033514165159734766,-0.3178918169209432,-0.3018387553041019,-0.2677466863033873,-0.26298003072196624,-0.22350813743218806,-0.07565312046444117,-0.0464298927118017,-0.18848671544089335,-0.012846246487354385,-0.0160377358490566
2011-09-13,1826.800048828125,182461,6192,176269,0.2641509433962264,0.2358490566037736,0.308411214953271,-0.0230493475711049,5.479698851784676e-05,0.0249102467492718,0.141108139777025,-0.09161828737300437,-0.4515353311135775,-0.5827878321139777,-0.46989160979526295,-0.1233490566037736,-0.0814586357039187,-0.6072881982981873,-0.42741624951867535,-0.2109594540345242,-0.5266509433962263,-0.09158878504672902,-0.30323927048362215,-0.489568583026527,-0.3968519429414658,-0.04961347640475361
2011-09-20,1806.5999755859373,159718,8293,151425,0.0373831775700934,0.5233644859813084,0.0833333333333333,-0.0110576268350474,-0.0338521033219197,-0.0278211655188787,0.1175306215943337,-0.3721406319537161,-0.5063061428182561,-0.8212026810157652,-0.1626168224299066,-0.2959501557632399,0.15193591455273697,-0.16595590236820623,0.018313980930803275,-0.08716182980816534,0.38756201684550595,-0.3506289308176101,-0.42628205128205127,-0.7566666666666667,-0.15625,-0.3191056910569106
2011-09-27,1650.5999755859375,136103,13628,122475,0.0,0.8611111111111112,0.0091743119266055,-0.0863500509842551,-0.0964528511783313,-0.0964033395155919,0.0052987094479031,-0.2641509433962264,-0.3557692307692308,-1.0,-0.1875,-0.4512195121951219,0.6252620545073375,0.5438034188034189,0.2611111111111112,0.3090277777777778,0.7757452574525747,-0.2992369030266655,-0.3908256880733945,-0.9908256880733946,-0.1867019767331883,-0.4968497844589366
2011-10-04,1614.699951171875,133320,12631,120689,0.0,0.8256880733944955,0.009090909090909,-0.0217496819005577,-0.1062216467438084,-0.1364779239051323,-0.0720115223150144,-0.0373831775700934,-0.4095238095238095,-0.5148514851485149,-0.6391752577319587,-0.6987951807228916,0.3023235874131871,0.4542595019659241,0.15242074666182215,0.18651281566253675,0.5485796396595557,-0.0742424242424243,-0.42487135506003443,-0.47130124777183613,-0.6133580705009277,-0.6813852813852814
2011-10-11,1659.699951171875,134111,12090,122021,0.009090909090909,0.8090909090909091,0.018018018018018,0.0278689548280106,0.0055131320250427,-0.0914714764560266,-0.0688398067557944,0.009090909090909,-0.25506003430531743,-0.7065953654188949,-0.8378478664192951,-0.60995670995671,-0.05202020202020208,0.5732418524871354,-0.034046345811051704,0.14582560296846014,0.4281385281385282,0.0088437060914125,-0.290393196935253,-0.5936324674188751,-0.77996177996178,-0.6055113937466878
2011-10-18,1651.699951171875,132678,14779,117899,0.0,0.8918918918918919,0.0089285714285714,-0.0048201483613657,0.0229144739696975,-0.0857411859334401,-0.1111769317266797,0.0,-0.0373831775700934,-0.5436893203883495,-0.8585858585858586,-0.7647058823529411,0.06620381849739643,0.3685274059105835,0.2025715035423773,0.3868413868413868,0.8095389507154214,-0.00016233766233759994,-0.0744047619047619,-0.5006868131868132,-0.8310714285714286,-0.8050249169435216
2011-10-25,1699.5999755859375,141961,15391,126570,0.0357142857142857,0.9017857142857144,0.0530973451327433,0.0290004394442693,0.0240405046622373,0.0296861751634316,-0.06957901077536,0.026623376623376698,0.0357142857142857,-0.3200549450549451,-0.9642857142857143,-0.5456810631229236,0.09269480519480533,0.04067460317460325,0.5844780219780221,0.30178571428571443,0.7389950166112959,0.0350793271147253,0.0439230332061378,-0.34690265486725674,-0.9469026548672567,-0.5790865629132337
2011-11-01,1711.0,144879,11868,133011,0.0442477876106194,0.7699115044247787,0.0614035087719298,0.0067074750399029,0.035902434207891,0.0596395935716942,-0.0849778182466488,0.0442477876106194,0.0442477876106194,-0.3652760219131901,-0.47060369753789544,-0.507476350320415,-0.12198038746711315,-0.05577656896971672,0.39848293299620735,0.09664417769210543,0.05726782626385918,0.0524749373433584,0.0523125996810208,-0.3725587553790136,-0.4189886480908153,-0.4613237639553429
2011-11-08,1798.4000244140625,155632,9577,146055,0.0701754385964912,0.6052631578947368,0.1043478260869565,0.0510812533103812,0.0581313545818706,0.0835693663449557,-0.0155463234371385,0.0344611528822055,0.0610845295055822,-0.19397550479973522,-0.6455108359133127,-0.3275518341307815,-0.2965225563909776,-0.20382775119617225,0.36941410129096325,-0.23787409700722395,-0.0879186602870814,0.0512504809542132,0.0863298080689385,-0.2040633888663145,-0.5073026593499367,-0.3001465559355154
2011-11-15,1781.699951171875,159850,8940,150910,0.1130434782608695,0.5478260869565217,0.1379310344827586,-0.0092860726287126,0.0413208364534629,0.0787067892735393,-0.0137828101132274,0.0687956906502501,0.1130434782608695,0.07566030069077609,-0.43064584212748,-0.1453834880312653,-0.22208541746825705,-0.3440658049353702,0.024461600975213327,-0.1414943013929929,0.01973619931607229,0.0765275257108288,0.1290024630541872,0.05459770114942529,-0.371684350132626,-0.1398467432950192
2011-11-22,1702.199951171875,146180,8498,137682,0.0603448275862069,0.5344827586206896,0.0769230769230769,-0.0446203076717326,-0.05349203288269,0.0015297573683721,0.0312613451769985,-0.009830611010284297,0.0246305418719212,0.0603448275862069,-0.2954244031830239,-0.3507662835249042,-0.07078039927404722,-0.3673029556650248,-0.32662835249042155,0.21717506631299732,-0.3210727969348659,-0.027424749163879603,0.0238257317903336,0.0677487649964714,-0.32307692307692315,-0.27472527472527475
2011-11-29,1713.4000244140625,141009,7215,133794,0.0341880341880341,0.3846153846153846,0.0762711864406779,0.0065797635785835,-0.0383341351684326,0.0014027027551504,0.0611259529490637,-0.0788554440728354,-0.010059753422585298,0.0341880341880341,-0.3753357753357754,-0.4273504273504274,-0.1632107023411371,-0.38529611980939416,-0.4410726887791109,0.013186813186813195,-0.27472527472527475,-0.06165984804208069,0.014867677668748101,0.0671802773497689,-0.35769107771026554,-0.35851142225497423
2011-12-06,1727.9000244140625,146486,8794,137692,0.0762711864406779,0.5508474576271186,0.0924369747899159,0.0084627056107102,0.0150981517914474,-0.0392015119233384,0.0410918089104197,0.015926358854471002,0.006095747844186705,0.0671802773497689,-0.1878797569555485,-0.4889462048636699,0.016364699006429007,-0.05441570026761822,-0.25824345146379046,0.31499840102334503,0.07258658806190121,0.015513897866839002,-0.0119108512970406,0.0744189567718979,-0.2159742401633551,-0.4882081865004067
2011-12-13,1659.9000244140625,137811,10674,127137,0.0336134453781512,0.7142857142857143,0.0583333333333333,-0.0393541287338421,-0.0312244655291723,-0.0683616378154476,0.0049646264361571,-0.0005745888098829047,-0.0794300328827183,0.0336134453781512,-0.003769732191942203,-0.4287521460196982,0.3296703296703297,0.16645962732919262,-0.17760617760617758,0.19092122830440594,0.07987711213517668,-0.017937853107344602,-0.0795977011494253,0.049404761904761896,-0.025,-0.3884751773049645
2011-12-20,1615.5999755859375,124617,13147,111470,0.0,0.8333333333333334,0.0082644628099173,-0.0266883837439322,-0.0649922143882174,-0.0508753249148655,-0.0494233944496503,-0.0762711864406779,-0.0603448275862069,-0.0357142857142857,0.0,-0.7340425531914894,0.28248587570621475,0.29885057471264376,-0.06845238095238104,-0.02777777777777779,0.3865248226950356,-0.0841725119799986,-0.0686586141131596,-0.044832882322826,-0.0009098491166881998,-0.6969986950848195
2011-12-27,1594.199951171875,120594,14551,106043,0.0,0.8677685950413223,0.0081967213114754,-0.0132458682455112,-0.0395807411746856,-0.0695693192154299,-0.0682642015360169,-0.0336134453781512,-0.0341880341880341,-0.0442477876106194,0.0,-0.2,0.153482880755608,0.48315321042593773,0.09785709061654357,0.04208052164682685,0.2572422792518486,-0.0501366120218579,-0.0680744651292025,-0.0532067874604544,-0.0008941877794336004,-0.2313866120218579
2012-01-03,1599.699951171875,121961,17399,104562,0.0081967213114754,0.9426229508196722,0.008130081300813,0.0034500063784075,-0.0098415601970381,-0.0741941497950152,-0.1104871388705224,0.0081967213114754,-0.0680744651292025,-0.0619787172850158,-0.0008941877794336004,-0.1793032786885246,0.10928961748633881,0.39177549319255356,0.33735979292493534,0.1335320417287631,0.3905396174863388,-0.00013438150910429977,-0.0843068934891029,-0.0962177447861435,-0.009887936717205,-0.18774620735898082
2012-01-10,1631.0,118994,15014,103980,0.0,0.8861788617886179,0.0080645161290322,0.0195661997771494,0.0230837096695892,-0.0174107018428799,-0.0845821155648319,0.0,-0.0336134453781512,-0.1130434782608695,0.0,-0.6391752577319587,0.018410266747295623,0.17189314750290363,0.33835277483209625,-0.005713030103273953,0.24700360405665922,-0.00013220518244319926,-0.0502688172043011,-0.1298665183537264,-0.0008640552995391997,-0.6143844634628045
2012-01-17,1655.199951171875,120582,11927,108655,0.0080645161290322,0.7661290322580645,0.032,0.014837493054491,0.0346940061849367,0.024511002837553,-0.0276113273106622,-0.00013220518244319926,0.0080645161290322,-0.0522803114571747,-0.027649769585253496,-0.8388742593811719,-0.17649391856160768,-0.06720430107526887,0.2316462736373749,-0.1356566820276499,0.10286372613561556,0.023869918699187,0.0237355371900827,-0.0449230769230769,-0.0210973451327433,-0.765979797979798
2012-01-24,1664.199951171875,127512,10356,117156,0.04,0.648,0.0476190476190476,0.0054374095369129,0.0203555801176424,0.0439091720888236,-0.028714878336139,0.04,0.04,0.0058119658119658996,-0.004247787610619398,-0.8185858585858585,-0.2381788617886179,-0.2197685950413223,0.26338461538461544,-0.12191150442477872,0.14294949494949494,0.0395545314900154,0.039422326307572204,-0.0286521388216303,-0.013784461152882198,-0.7923809523809524
2012-01-31,1737.800048828125,149921,5973,143948,0.1349206349206349,0.1904761904761904,0.1732283464566929,0.0442255136496207,0.0499033954162271,0.0863287503103837,0.0057295122832234,0.12685611879160272,0.12672391360915952,0.05864944847995701,0.06474519632414372,-0.8650793650793651,-0.575652841781874,-0.7521467603434817,-0.3603712671509282,-0.4147869674185464,-0.40952380952380957,0.1412283464566929,0.16509826515587991,0.08079137166677701,0.06888052036973641,-0.8267716535433071
2012-02-07,1746.4000244140625,161575,5966,155609,0.2125984251968504,0.1889763779527559,0.2578125,0.004948771633271,0.0493931472503077,0.0707541535340665,0.0521115722198595,0.1725984251968504,0.2125984251968504,0.1789849798186992,0.09955494693598091,-0.30225305995166446,-0.4590236220472441,-0.697202483835862,-0.5253093363329584,-0.3588497090037658,-0.4842909487799174,0.21019345238095238,0.2497479838709678,0.1994791666666667,0.11988146551724141,-0.2225796568627451
2012-02-14,1715.9000244140625,156994,8005,148989,0.15625,0.4375,0.2015503875968992,-0.0174644981525542,-0.0126021543323299,0.0366723507931547,0.0620822297250585,0.021329365079365087,0.1481854838709678,0.15625,0.0959051724137931,-0.5594362745098039,0.2470238095238096,-0.3286290322580645,-0.39583333333333337,-0.09698275862068961,-0.4056372549019608,0.028322041140206283,0.1695503875968992,0.1932859247869819,0.1246273106738223,-0.41010009783999396
2012-02-21,1757.0999755859375,169144,8850,160294,0.2790697674418604,0.5348837209302325,0.3076923076923077,0.0240106944377156,0.0061268615565124,0.0558226337818634,0.1021829315038662,0.06647134224501,0.2390697674418604,0.2790697674418604,0.2448817332538263,-0.2646195529464891,0.3459073429774766,-0.11311627906976751,-0.3328848741110898,0.15026833631484793,-0.15443666741928208,0.04987980769230771,0.2600732600732601,0.2994955863808323,0.2314211212516298,-0.20192307692307687
2012-02-28,1787.0,184843,7700,177143,0.4230769230769231,0.4076923076923077,0.4503816793893129,0.0170166893344196,0.0414359663000858,0.028311629525533,0.1170844874321066,0.2668269230769231,0.28815628815628813,0.41488020176544765,0.34680573663624514,0.06730769230769229,-0.029807692307692313,0.21721611721611728,-0.5349306431273645,-0.14315514993481093,0.0903846153846154,0.2488312917924137,0.27715333293262,0.4422515980884999,0.357944704599397,0.05038167938931287
2012-03-06,1671.4000244140625,153286,11445,141841,0.1374045801526717,0.732824427480916,0.1666666666666666,-0.0646894099529589,-0.0487735202109355,-0.0429454872603791,0.0247700946744711,-0.1416651872891887,-0.0751938450441787,0.1374045801526717,0.10379113477452051,-0.2721192293711378,0.19794070655068352,0.5438480495281601,-0.1533544343077019,0.018538713195201728,0.36139585605234464,-0.1410256410256411,-0.0911458333333334,0.1586021505376344,0.10833333333333331,-0.2672955974842768
2012-03-13,1693.699951171875,146286,12668,133618,0.1212121212121212,0.8106060606060606,0.1203007518796992,0.0133420643963615,-0.0522104358299524,-0.0129378593894293,0.0232600296856837,-0.30186480186480186,-0.0350378787878788,0.113147605083089,0.1212121212121212,-0.1429388221841052,0.40291375291375287,0.37310606060606055,0.04447702834799605,-0.022727272727272818,0.5747570040022869,-0.3300809275096137,-0.0812496357172,0.0883007518796992,0.1120362890697819,-0.18811046307357182
2012-03-20,1646.699951171875,129938,16840,113098,0.0451127819548872,0.9323308270676692,0.044776119402985,-0.0277498974759257,-0.0147780739986805,-0.0628308155187626,-0.010515563341819,-0.0922917981977845,-0.2339569854869732,0.005112781954887201,0.0451127819548872,0.007729604384793802,0.1995063995867532,0.3974471061374367,0.2843308270676692,0.06456223202634692,0.4089663410863609,-0.12189054726368159,-0.2629161882893227,-0.0028429282160626,0.036579398091509605,-0.0385572139303483
2012-03-27,1684.800048828125,136546,12463,124083,0.0820895522388059,0.7910447761194029,0.0962962962962963,0.0231372434481071,-0.005254710161379,-0.0571907952836457,-0.0304983303664539,-0.0391225689733153,-0.34098737083811714,-0.05283108268182901,0.0738928309273305,0.0820895522388059,-0.019561284486657615,0.38335246842709525,0.6005685856432126,-0.15157817470026924,-0.07006633499170822,-0.024004455583402903,-0.3540853830930166,-0.07693205016039661,0.0881662149954833,0.08712198436969079
2012-04-03,1670.0,126887,13847,113040,0.037037037037037,0.8444444444444444,0.0441176470588235,-0.0087844541780606,0.0141495412151699,-0.0008376357506356,-0.043747150335557,-0.008075744917850201,-0.1003675431156347,-0.1755613881598134,0.037037037037037,0.037037037037037,-0.08788638262322479,0.11162001696352841,0.6554680664916885,-0.04173441734417349,0.018756371049948983,-0.0006584723441615051,-0.1225490196078431,-0.21369485294117652,0.036053130929791295,0.0350267379679145
2012-04-10,1659.5,119710,15480,104230,0.0073529411764705,0.9044117647058824,0.0145985401459854,-0.0062874251497005,-0.0150166477296357,-0.0201924497595999,-0.0328690620733115,-0.0747366110623354,-0.11385918003565071,-0.1488970588235295,-0.0007115749525617009,-0.0017379679144385006,0.11336698858647942,0.09380570409982181,0.46691176470588236,0.13828273244781786,0.09532085561497328,-0.0816977561503109,-0.1057022117337138,-0.18695184745091378,-0.017401459854014603,-0.0034194778720326013
2012-04-17,1650.300048828125,117770,10194,107576,0.0,0.6277372262773723,0.036231884057971,-0.0055438090821783,-0.0117963779472305,0.0021862499319855,-0.0607819294529317,-0.037037037037037,-0.0451127819548872,-0.2790697674418604,-0.04,0.0,-0.21670721816707217,-0.30459360079029696,0.09285350534713976,-0.020262773722627747,-0.2641546656145196,-0.007885763000852496,-0.008544235345014,-0.2714604236343367,-0.0113871635610766,0.0273033126293996
2012-04-24,1643.0,115706,12356,103350,0.0,0.7753623188405797,0.0071942446043165,-0.0044234676193027,-0.0099427538415185,-0.0248100947392536,-0.0805819809736989,-0.0073529411764705,-0.0820895522388059,-0.4230769230769231,-0.1349206349206349,-0.0357142857142857,-0.12904944586530265,-0.015682457278823225,0.367670011148272,0.5848861283643894,-0.1264233954451347,-0.007404295541668899,-0.0891020516919798,-0.4431874347849964,-0.1660341018523764,-0.0459031005284268
2012-05-01,1661.699951171875,119865,9809,110056,0.0287769784172661,0.5827338129496403,0.0571428571428571,0.01138158927077,0.0069077755598716,-0.0049700891186377,-0.0058035617449437,0.0287769784172661,-0.008260058619770902,-0.10862760173540562,-0.1838214467795843,-0.0154708091933533,-0.045003413327731945,-0.2617106314948041,-0.1500906145312757,0.3937574349968844,-0.1871776914751384,0.020910973084886098,0.013025210084033602,-0.1095238095238095,-0.2006696428571429,-0.004260651629072701
2012-05-08,1604.0,113307,22935,90372,0.0,0.9928571428571428,0.0070921985815602,-0.0347234475942443,-0.0237370663420571,-0.0334438083760169,-0.0529609457152144,0.0,-0.0073529411764705,-0.1212121212121212,-0.15625,-0.0701754385964912,0.21749482401656306,0.08844537815126041,0.18225108225108222,0.5553571428571428,0.38759398496240594,-0.00010204602275630005,-0.007506341564425199,-0.113208553298139,-0.19445818901533898,-0.0972556275053963
2012-05-15,1556.800048828125,112920,32822,80098,0.0,1.0,0.0070422535211267,-0.0294264034737374,-0.0631280648890745,-0.0566563638329855,-0.0545939788725764,-0.0287769784172661,0.0,-0.0451127819548872,-0.2790697674418604,-0.1130434782608695,0.41726618705035967,0.3722627737226277,0.06766917293233077,0.4651162790697675,0.4521739130434783,-0.0501006036217304,-0.029189630536844303,-0.0377338658818583,-0.300650054171181,-0.1308887809616319
2012-05-22,1576.300048828125,113453,38808,74645,0.0140845070422535,1.0,0.0069930069930069,0.0125256933378685,-0.0172692962418172,-0.0405964401533018,-0.0643993333662756,0.0140845070422535,0.0140845070422535,-0.0680050451965524,-0.40899241603466957,-0.0462603205439534,0.0071428571428572285,0.2246376811594203,0.20895522388059706,0.5923076923076923,0.4655172413793104,-9.919158855330006e-05,-0.0002012376113096001,-0.0893032893032894,-0.44338867239630597,-0.06993006993007
2012-05-29,1548.5999755859375,113383,40857,72526,0.0139860139860139,1.0,0.0069444444444444,-0.0175728429766786,-0.0052672616810104,-0.0680628145328983,-0.0726946253976422,0.0139860139860139,-0.014790964431252199,-0.0230510230510231,-0.1234185661666578,-0.0202020202020202,0.0,0.41726618705035967,0.15555555555555556,0.26717557251908397,0.6153846153846154,-9.780907668230018e-05,-0.0501984126984127,-0.0371732026143791,-0.1597222222222222,-0.0693267419962335
2012-06-05,1615.199951171875,124211,35621,88590,0.0833333333333333,0.9861111111111112,0.0275862068965517,0.0430065715071048,0.0246779808023664,0.0069825131994232,-0.026694817010018,0.0692488262910798,0.0833333333333333,0.07598039215686281,-0.0378787878787879,0.007062146892655399,-0.01388888888888884,-0.006746031746031611,0.0816993464052288,0.1755050505050506,0.43526365348399254,0.0205931999035448,0.0204940083149915,0.0129876667505663,-0.0927145449831475,-0.0648507678933642
2012-06-12,1612.699951171875,120365,32492,87873,0.0620689655172413,0.9724137931034482,0.0273972602739726,-0.0015477959853739,0.0413922101230075,0.0359069248397239,-0.0227837947911047,0.0480829515312274,0.0620689655172413,0.0620689655172413,0.0169561835623541,0.028455520139090106,-0.02758620689655178,-0.02758620689655178,0.34467656682607595,0.04008296603577899,0.2581280788177339,0.020452815829528202,0.020355006752845902,-0.0088346237839984,-0.0173788591290124,-0.0309360730593607
2012-06-19,1622.199951171875,121411,28260,93151,0.0821917808219178,0.9657534246575342,0.0476190476190476,0.0058907424118768,0.004333828759047,0.02911875970433,-0.012659798434647,-0.0011415525114154973,0.0681072737796643,0.0821917808219178,0.00010222858311190186,0.0821917808219178,-0.02035768645357694,-0.03424657534246578,0.1903911058169545,0.17470864853813128,0.13242009132420085,0.020032840722495903,0.0406260406260407,0.0404248030147311,-0.048677248677248694,0.0393545848091303
2012-06-26,1574.0,110884,33389,77495,0.0,0.979591836734694,0.0202702702702702,-0.0297127065853105,-0.0239969940742873,0.0164019274276767,-0.0527772484497135,-0.0620689655172413,-0.0139860139860139,-0.0287769784172661,-0.037037037037037,0.0,0.007178043631245745,-0.020408163265306034,0.39685802378505364,0.13514739229024952,0.11182324169337166,-0.007126990003702403,0.0133258258258258,-0.036872586872586904,-0.0238473767885533,0.012073548958794799
2012-07-03,1621.300048828125,125464,29245,96219,0.1148648648648648,0.9594594594594594,0.0604026845637583,0.0300508569429003,-0.0005547419373918,0.0037766826650931,0.0107855666010754,0.032673084042947,0.0315315315315315,0.1148648648648648,0.1075119236883943,0.1066681435533894,-0.006293965198074791,-0.02665165165165173,-0.03339768339768334,0.05504769475357707,0.01683650863978725,0.0127836369447107,0.032816477667206606,0.053310485982198105,0.045804144417772905,0.052272603262945305
2012-07-10,1579.300048828125,115071,34784,80287,0.0335570469798657,0.9798657718120806,0.0333333333333333,-0.0259051370721647,0.0033672483024935,-0.0207105496093552,0.014452723082156,0.0335570469798657,-0.0285119185373756,0.0335570469798657,0.0335570469798657,0.0335570469798657,0.00027393507738660006,0.007451978708632345,-0.020134228187919434,0.3521285455347083,0.09368691002346263,0.0130630630630631,0.005936073059360697,0.0262910798122066,-0.0028985507246377037,0.025268817204301096
2012-07-17,1589.0999755859375,109800,28444,81356,0.0,0.9466666666666668,0.0397350993377483,0.0062052342524046,-0.0198606502636335,-0.0204043746654203,0.0081202349561102,-0.1148648648648648,-0.0821917808219178,-0.0140845070422535,0.0,-0.0080645161290322,-0.012792792792792662,-0.019086757990867453,-0.05333333333333323,0.17130434782608706,0.18053763440860227,-0.020667585226010005,-0.007883948281299305,0.032742092344741396,0.032540854733431795,0.007735099337748297
2012-07-24,1576.0,92963,33154,59809,0.0,0.9668874172185432,0.006578947368421,-0.0082436446964938,-0.0020895641905246,0.0012706480304955,0.0176934165349544,-0.0335570469798657,0.0,-0.0139860139860139,-0.0287769784172661,-0.04,-0.012978354593537356,-0.012704419516150756,-0.03311258278145679,0.3841536042689029,0.3188874172185432,-0.026754385964912298,-0.013691322901849198,-0.0003654970760233996,-0.0505639097744361,-0.0410401002506266
2012-07-31,1610.5,105196,24339,80857,0.006578947368421,0.9210526315789472,0.0457516339869281,0.0218908629441625,0.0134667577514573,-0.006661351078063,-0.0029098262221126,0.006578947368421,-0.1082859174964438,-0.0767543859649123,0.006578947368421,-0.12834168755221392,-0.025614035087719533,-0.038406827880512195,-0.06505847953216393,-0.07180451127819554,0.7305764411027569,0.006016534649179804,-0.0146510505768302,0.018165427090376402,0.0386594354053679,-0.1274767124697648
2012-08-07,1609.699951171875,96887,27177,69710,0.0065359477124183,0.9281045751633988,0.0129870129870129,-0.000496770461425,0.0213832177486517,0.0192489719520412,-0.0018602344458559,0.0065359477124183,-0.027021099267447404,-0.055533017804823004,0.0065359477124183,-0.2060624774844321,-0.03878284205514437,-0.05176119664868173,-0.044309217940049384,-0.07189542483660116,0.7391281972106429,0.006408065618591899,-0.020346320346320397,-0.014410247286959702,0.005944759465886199,-0.2448254870129871
2012-08-14,1599.4000244140625,95478,28822,66656,0.0064935064935064,0.9415584415584416,0.0129032258064516,-0.0063986625273325,-0.0068922543222214,0.0064816871099171,-0.0140549423277579,-8.544087491459997e-05,0.0064935064935064,-0.0756982743284114,-0.0075910005487471,-0.1497564935064936,0.02050580997949436,-0.005108225108225173,-0.024194983099092626,-0.058441558441558406,0.5040584415584416,-0.032848408180476504,-0.026831873531296697,-0.034715821812596,0.0059102188134447006,-0.1886471617904476
2012-08-21,1639.9000244140625,111063,19478,91585,0.0387096774193548,0.8709677419354839,0.0897435897435897,0.0253219953618777,0.0187613059317057,0.0405457007703442,0.0418678681156687,0.0321737297069365,0.0387096774193548,0.0387096774193548,0.024723663433340898,-0.2403600900225056,-0.05713683322791496,-0.09591967528305934,-0.10862409479921009,-0.12903225806451613,0.33608402100525137,0.07675657675657681,0.0831646423751687,0.0694733194733195,0.0827991452991453,-0.217948717948718
2012-08-28,1666.5,127743,14577,113166,0.173076923076923,0.7692307692307693,0.1794871794871795,0.0162204861210619,0.0419532165572646,0.0347718099968954,0.0278788316848233,0.16658341658341658,0.166497975708502,0.05821205821205819,0.08974358974358969,-0.2500000000000001,-0.17232767232767232,-0.15182186234817796,-0.19022869022869016,-0.2168803418803419,0.3615384615384616,0.1665839536807279,0.13373554550025138,0.11908449492342119,0.1519009725906278,-0.27089449990213343
2012-09-04,1692.9000244140625,136347,13420,122927,0.2115384615384615,0.7371794871794872,0.2179487179487179,0.0158415988083182,0.032319043362986,0.0516866967546449,0.0719305844828099,0.1728287841191067,0.2050025138260432,0.1779814145585958,0.1494694960212202,0.0741338813857898,-0.13378825475599665,-0.1909250879839116,-0.24268628463259334,-0.235234305923961,0.004355059698571195,0.1282051282051282,0.204961704961705,0.1846153846153846,0.1905514576747453,0.051282051282051294
2012-09-11,1731.800048828125,147696,10083,137613,0.2756410256410256,0.532051282051282,0.2756410256410256,0.0229783353139985,0.0391839476916442,0.0827810568919849,0.0897993049113041,0.10256410256410262,0.2691475191475192,0.2756410256410256,0.1934492448191078,0.1544289044289044,-0.23717948717948723,-0.40950715950715955,-0.4146153846153847,-0.4337021426062522,-0.2785547785547785,0.09615384615384612,0.262737799834574,0.2359059263032773,0.228021978021978,0.15534027376132642
2012-09-18,1768.4000244140625,155972,11670,144302,0.3076923076923077,0.6282051282051282,0.3269230769230769,0.0211340654544409,0.0445980264109995,0.0783584353234663,0.1220812337652681,0.0961538461538462,0.2689826302729529,0.3076923076923077,0.3076923076923077,0.2625795257374205,-0.10897435897435903,-0.24276261373035568,-0.338682289013415,-0.35138670852956577,-0.30412569886254104,0.10897435897435903,0.23717948717948723,0.3203441295546559,0.30665280665280675,0.28214695752009195
2012-09-25,1763.800048828125,167404,9176,158228,0.391025641025641,0.4487179487179487,0.4294871794871794,-0.0026012076014654,0.0184778837612655,0.0583858678836632,0.0951878601851132,0.11538461538461542,0.21794871794871803,0.38444669365722,0.2761607761607762,0.3089360887868351,-0.08333333333333337,-0.3205128205128206,-0.47233468286099856,-0.5107415107415108,-0.34232682740145426,0.1538461538461538,0.24999999999999992,0.3837355455002513,0.3690844949234211,0.3331908831908831
2012-10-02,1772.699951171875,171822,8832,162990,0.4358974358974359,0.4166666666666667,0.4487179487179487,0.0050458680674507,0.0024315351156123,0.0471380031939172,0.1012611076252656,0.1282051282051282,0.2243589743589744,0.4293614881850176,0.4023403889175702,0.3988603988603989,-0.2115384615384615,-0.32051282051282054,-0.5114379084967322,-0.5631991051454139,-0.42777777777777776,0.12179487179487175,0.23076923076923078,0.4357309357309358,0.41538461538461535,0.4046003016591252
2012-10-09,1763.0,177644,10171,167473,0.4679487179487179,0.5384615384615384,0.4743589743589743,-0.0054718516607746,-0.0004535938348887,0.0180159084722209,0.1022883413084054,0.07692307692307687,0.1923076923076923,0.4614552114552115,0.4679487179487179,0.4605957767722474,0.08974358974358976,0.0064102564102563875,-0.40309690309690316,-0.40820512820512833,-0.3659502262443439,0.04487179487179488,0.19871794871794868,0.4614557485525227,0.434623875021226,0.4597604342129889
2012-10-16,1744.699951171875,169829,11245,158584,0.4294871794871794,0.5961538461538461,0.4358974358974359,-0.0103800617289421,-0.0157951152317064,-0.013401986493435,0.0639062901381792,-0.0064102564102564985,0.1217948717948717,0.3907775020678246,0.4294871794871794,0.4294871794871794,0.17948717948717946,-0.03205128205128205,-0.27481389578163773,-0.37073357106469707,-0.03158338012352613,-0.012820512820512775,0.10897435897435898,0.3461538461538462,0.4293184885290149,0.3996655518394649
2012-10-23,1708.300048828125,159412,12776,146636,0.3269230769230769,0.7051282051282052,0.3397435897435897,-0.0208631302587594,-0.0310266314077566,-0.0314661517539215,0.02508253755063,-0.14102564102564097,-0.0641025641025641,0.15384615384615394,0.3203441295546559,0.3269230769230769,0.16666666666666674,0.2564102564102565,-0.0641025641025641,-0.21592442645074206,-0.07023411371237454,-0.13461538461538458,-0.0897435897435897,0.16025641025641021,0.2939919557566616,0.3325493451392732
2012-10-30,1710.9000244140625,149389,13961,135428,0.282051282051282,0.75,0.2756410256410256,0.0015219665817611,-0.0193729166640429,-0.0348620344446665,0.0106326420582514,-0.1474358974358974,-0.1538461538461539,0.07051282051282048,0.2755153343388637,0.2532743036340159,0.15384615384615385,0.3333333333333333,0.012820512820512775,-0.17810457516339884,0.16726618705035967,-0.1602564102564103,-0.17307692307692307,0.05769230769230771,0.2626540126540127,0.2184981684981685
2012-11-06,1714.0999755859375,128668,13499,115169,0.1794871794871795,0.7307692307692307,0.1858974358974359,0.0018703320627813,0.003395145227439,-0.0277368260998652,-0.0102206217479695,-0.14743589743589744,-0.28846153846153844,-0.09615384615384612,0.17299367299367308,0.1794871794871795,0.02564102564102555,0.1923076923076923,0.19871794871794868,-0.21078921078921087,-0.26208791208791204,-0.1538461538461538,-0.2884615384615384,-0.0897435897435897,0.1729942100909843,0.1788052373158757
2012-11-13,1724.199951171875,137972,13042,124930,0.2371794871794871,0.6987179487179487,0.2435897435897435,0.0058922908405532,0.0077736434438169,-0.0117498713668391,-0.0249943862429161,-0.04487179487179491,-0.19230769230769232,-0.07051282051282062,0.1984698097601323,0.2371794871794871,-0.05128205128205132,0.10256410256410253,0.07051282051282048,-0.1722497932175352,-0.3012820512820513,-0.032051282051282104,-0.1923076923076924,-0.08333333333333343,0.1538461538461538,0.2365474900686168
2012-11-20,1723.199951171875,147339,11400,135939,0.2884615384615384,0.5769230769230769,0.2948717948717949,-0.0005799791371762,0.0053088942976191,0.0087220639921956,-0.0230185375509116,0.10897435897435889,-0.03846153846153855,-0.10256410256410264,0.11538461538461539,0.2743770314192849,-0.15384615384615385,-0.1282051282051283,0.1282051282051282,-0.1923076923076924,-0.42307692307692313,0.10897435897435898,-0.04487179487179482,-0.13461538461538453,0.11538461538461539,0.28787878787878796
2012-11-27,1742.199951171875,159947,7640,152307,0.3782051282051282,0.2628205128205128,0.4038461538461538,0.0110259984554195,0.0104396244691724,0.0182944218313001,-0.0172053933773944,0.1410256410256411,0.0961538461538462,-0.05769230769230771,0.16666666666666669,0.3642191142191143,-0.4358974358974359,-0.4871794871794872,-0.1538461538461539,-0.47435897435897445,-0.7371794871794872,0.1602564102564103,0.1282051282051282,-0.04487179487179488,0.1858974358974359,0.3969017094017094
2012-12-04,1694.4000244140625,134304,15559,118745,0.2115384615384615,0.8141025641025641,0.2051282051282051,-0.0274365331750011,-0.0167130498919912,-0.0114928834096394,-0.0389109334009855,-0.07692307692307687,0.03205128205128202,-0.2564102564102564,-0.0641025641025641,0.1282051282051282,0.23717948717948723,0.08333333333333337,0.27564102564102566,0.28205128205128205,-0.17200854700854706,-0.08974358974358979,0.01923076923076919,-0.26923076923076916,-0.07051282051282051,0.1775419982316534
2012-12-11,1708.199951171875,134234,14579,119655,0.2115384615384615,0.7628205128205128,0.2115384615384615,0.0081444325772981,-0.0195155555923016,-0.00927966619482,-0.0209205026775427,-0.16666666666666669,-0.025641025641025578,-0.2179487179487179,-0.0961538461538462,0.1494694960212202,0.5,0.0641025641025641,0.16666666666666663,0.13461538461538458,-0.20959328028293545,-0.1923076923076923,-0.03205128205128199,-0.2243589743589744,-0.11538461538461542,0.1841412012644889
2012-12-18,1669.5,130786,22755,108031,0.1923076923076923,0.8974358974358975,0.1474358974358974,-0.0226553988280621,-0.014695481619031,-0.0311629251935365,-0.0227126662290628,-0.019230769230769218,-0.09615384615384609,-0.13461538461538464,-0.19871794871794873,0.11011591148577449,0.08333333333333337,0.3205128205128206,0.1923076923076923,0.4487179487179488,-0.06831752722163675,-0.05769230769230768,-0.14743589743589747,-0.1923076923076923,-0.282051282051282,0.09981684981684981
2012-12-24,1658.5999755859375,128403,29509,98894,0.1794871794871795,0.9487179487179488,0.1089743589743589,-0.0065289154921008,-0.0290363991357747,-0.0479852932665419,-0.0305687346319586,-0.03205128205128202,-0.1987179487179487,-0.1025641025641025,-0.2564102564102564,0.1794871794871795,0.18589743589743601,0.685897435897436,0.1987179487179488,0.5320512820512822,-0.030873888016745177,-0.1025641025641026,-0.2948717948717949,-0.16666666666666669,-0.33974358974358976,0.0887040887040887
2012-12-31,1674.800048828125,124967,27848,97119,0.1538461538461538,0.9166666666666666,0.1089743589743589,0.0097673179070585,0.003174632421758,-0.011567501949674,-0.0229274414080651,-0.03846153846153849,-0.05769230769230771,-0.02564102564102569,-0.3141025641025641,0.038981288981289,0.019230769230769162,0.10256410256410253,0.1858974358974359,0.3782051282051282,-0.0427927927927928,-0.038461538461538505,-0.09615384615384619,-0.076923076923077,-0.36538461538461536,0.048571674410600604
2013-01-08,1661.5,117603,30254,87349,0.0833333333333333,0.9487179487179488,0.0705128205128205,-0.0079412756391016,0.0017484773042022,-0.0273386913164571,-0.0363646635816572,-0.09615384615384619,-0.1282051282051282,-0.1538461538461538,-0.3461538461538461,0.0497762863534676,0.0,0.18589743589743601,0.2500000000000001,0.35256410256410264,-0.031147823094131777,-0.03846153846153841,-0.14102564102564102,-0.17307692307692302,-0.3653846153846154,0.0371794871794872
2013-01-15,1683.4000244140625,118437,27333,91104,0.0961538461538461,0.903846153846154,0.0961538461538461,0.0131808753620599,0.0051349267585434,0.0083258606852725,-0.0230965226819709,-0.057692307692307696,-0.09615384615384619,-0.1923076923076923,-0.23076923076923084,0.0961538461538461,-0.012820512820512664,0.0064102564102564985,0.3269230769230771,0.1987179487179488,-0.0428205128205128,-0.012820512820512803,-0.05128205128205131,-0.1987179487179488,-0.2435897435897436,0.056418746816097806
2013-01-22,1692.800048828125,121758,23861,97897,0.1474358974358974,0.8782051282051282,0.1282051282051282,0.0055839516916571,0.0188384284249925,0.0206198442937426,-0.0283548982483449,0.06410256410256411,-0.032051282051282076,-0.23076923076923078,-0.13461538461538458,0.1474358974358974,-0.0705128205128206,-0.0705128205128206,0.6153846153846154,0.1282051282051282,-0.08868228901341502,0.057692307692307696,0.019230769230769287,-0.2756410256410256,-0.1474358974358974,0.12162618083670719
2013-01-29,1660.699951171875,111076,34575,76501,0.0448717948717948,0.9743589743589745,0.0384615384615384,-0.0189627225486388,-0.0134846577836356,-0.008418973755175,-0.0198890892095219,-0.0512820512820513,-0.108974358974359,-0.1666666666666667,-0.1346153846153847,0.038292847503373806,0.07051282051282048,0.05769230769230782,0.16025641025641035,0.24358974358974372,0.053306342780027216,-0.0576923076923077,-0.07051282051282051,-0.16666666666666669,-0.1474358974358975,-0.0072900955253897
2013-02-05,1672.4000244140625,113058,34510,78548,0.0576923076923076,0.967948717948718,0.0512820512820512,0.0070452662047297,-0.0120510537722307,0.0065603517388279,-0.0209576910087444,-0.08974358974358981,-0.025641025641025703,-0.1538461538461539,-0.1794871794871795,0.0511563599798893,0.08974358974358976,0.019230769230769162,0.20512820512820518,0.2692307692307693,0.039844142785319114,-0.076923076923077,-0.0192307692307693,-0.1602564102564103,-0.1923076923076923,0.038295038295038296
2013-02-12,1648.699951171875,113939,47357,66582,0.0833333333333333,1.0,0.0128205128205128,-0.0141712944846977,-0.0072258688220784,-0.0206130882374588,-0.0124588492531446,0.0384615384615385,-0.012820512820512803,-0.10897435897435899,-0.20512820512820507,0.0768398268398269,0.02564102564102555,0.09615384615384603,0.10256410256410253,0.42307692307692313,0.058441558441558406,-0.025641025641025602,-0.0833333333333333,-0.1346153846153846,-0.2820512820512821,-8.27129859388015e-05
2013-02-19,1603.5999755859375,109507,66697,42810,0.0256410256410256,1.0,0.0064102564102564,-0.0273548716695727,-0.0411385122122499,-0.0526938035617012,-0.0331604972926459,-0.032051282051282,-0.1217948717948718,-0.15384615384615388,-0.3525641025641026,-0.0130686517783292,0.03205128205128205,0.1217948717948718,0.05128205128205121,0.7371794871794872,0.12903225806451613,-0.044871794871794796,-0.12179487179487179,-0.1025641025641025,-0.3974358974358974,-0.0833333333333333
2013-02-26,1615.199951171875,112888,62035,50853,0.0576923076923076,0.9935897435897436,0.0128205128205128,0.0072337090063243,-0.0203190398448114,-0.0273980859503806,-0.0355863959389974,-0.025641025641025703,0.012820512820512796,-0.0961538461538462,-0.1538461538461539,-0.11538461538461539,-0.0064102564102563875,0.019230769230769162,0.07692307692307698,0.17948717948717952,0.22435897435897434,0.0,-0.025641025641025602,-0.0961538461538461,-0.1923076923076923,-0.16666666666666669
2013-03-05,1574.5999755859375,108352,67182,41170,0.0256410256410256,1.0,0.0064102564102564,-0.0251361916872775,-0.0180843105771461,-0.058478861157868,-0.0523021513175218,0.0,-0.032051282051282,-0.0576923076923077,-0.1858974358974359,-0.1858974358974359,0.0,0.03205128205128205,0.05128205128205121,0.23717948717948723,0.2628205128205128,0.0,-0.044871794871794796,-0.0641025641025641,-0.20512820512820512,-0.2115384615384615
2013-03-12,1591.5,112966,68642,44324,0.0769230769230769,1.0,0.0192307692307692,0.0107329002134486,-0.0146730757109545,-0.0346939727457491,-0.0545919110616919,0.0192307692307693,-0.006410256410256401,-0.019230769230769204,-0.11538461538461539,-0.1987179487179487,0.0064102564102563875,0.0,0.09615384615384603,0.10256410256410253,0.46794871794871795,0.006410256410256401,0.006410256410256401,-0.0769230769230769,-0.12820512820512822,-0.2564102564102564
2013-03-19,1611.300048828125,121388,56609,64779,0.1858974358974359,0.9743589743589745,0.0384615384615384,0.0124411239887685,0.0233075535445317,0.0048017419302928,-0.0481450836774373,0.1602564102564103,0.1602564102564103,0.03846153846153849,0.006410256410256415,-0.1217948717948718,-0.02564102564102555,-0.02564102564102555,0.09615384615384626,0.02564102564102566,0.34615384615384626,0.032051282051282,0.032051282051282,-0.08974358974358979,-0.07051282051282051,-0.28846153846153855
2013-03-26,1595.800048828125,110766,54831,55935,0.0448717948717948,0.967948717948718,0.032051282051282,-0.0096195615529665,0.0027018842778039,-0.012010836385721,-0.0390798484084697,-0.0320512820512821,-0.012820512820512796,0.0,-0.108974358974359,-0.3461538461538462,-0.03205128205128205,-0.02564102564102566,-0.0064102564102564985,0.05128205128205132,0.5192307692307693,0.0128205128205128,0.0192307692307692,-0.006410256410256401,-0.0769230769230769,-0.3974358974358974
2013-04-02,1575.0999755859375,110504,66308,44196,0.0448717948717948,0.9807692307692308,0.0192307692307692,-0.0129715958195317,-0.022466376308072,0.0003175409677076,-0.0581798896243228,-0.1410256410256411,0.019230769230769204,-0.012820512820512796,-0.0384615384615385,-0.3910256410256411,0.0064102564102563875,-0.019230769230769162,0.012820512820512886,0.03205128205128205,0.5641025641025641,-0.0192307692307692,0.012820512820512801,-0.03205128205128199,-0.051282051282051294,-0.42948717948717946
2013-04-09,1586.199951171875,113423,63436,49987,0.1153846153846153,0.9743589743589745,0.032051282051282,0.0070471562173748,-0.0060158524642857,-0.0033302223236726,-0.037908656426887,0.07051282051282048,0.038461538461538394,0.03205128205128199,0.01923076923076919,-0.3525641025641026,0.0064102564102564985,-0.02564102564102555,-0.02564102564102555,0.07051282051282048,0.435897435897436,0.0,0.0128205128205128,0.0192307692307692,-0.0641025641025641,-0.4423076923076923
2013-04-16,1386.800048828125,122687,54025,68662,0.2307692307692307,0.9487179487179488,0.0769230769230769,-0.1257091845176483,-0.119547920561528,-0.1393284882994173,-0.1351957658134761,0.1858974358974359,0.044871794871794796,0.2051282051282051,0.08333333333333329,-0.1987179487179487,-0.03205128205128205,-0.02564102564102566,-0.05128205128205121,0.0705128205128206,0.35256410256410264,0.057692307692307696,0.0384615384615385,0.0705128205128205,-0.051282051282051294,-0.35897435897435903
2013-04-23,1408.5999755859375,119662,66743,52919,0.173076923076923,0.9871794871794872,0.0448717948717948,0.0157195889748011,-0.1119656922538219,-0.1173079756324471,-0.1279098451161066,0.057692307692307696,0.1282051282051282,0.11538461538461539,0.1282051282051282,-0.15384615384615394,0.012820512820512775,0.019230769230769273,-0.0064102564102563875,0.012820512820512775,0.28205128205128205,0.012820512820512803,0.012820512820512803,0.03205128205128201,0.006410256410256401,-0.2948717948717949
2013-04-30,1472.199951171875,116815,65224,51591,0.1474358974358974,0.967948717948718,0.0448717948717948,0.0451511974217391,0.0615805446617301,-0.065329201961154,-0.0650324056914567,-0.08333333333333329,0.10256410256410262,0.1217948717948718,0.08974358974358981,-0.13461538461538458,0.019230769230769162,-0.012820512820512886,-0.03205128205128205,0.0,0.21794871794871795,-0.0320512820512821,0.025641025641025602,0.0384615384615384,-0.006410256410256394,-0.2307692307692308
2013-05-07,1449.0,115705,67172,48533,0.141025641025641,0.9871794871794872,0.032051282051282,-0.0157586957895276,0.0286809776475094,-0.0864960001231323,-0.0895381715362865,-0.03205128205128199,0.025641025641025703,0.0641025641025641,0.057692307692307696,-0.03846153846153849,0.0,0.012820512820512775,-0.012820512820512775,-0.012820512820512775,0.2564102564102565,-0.012820512820512803,0.0,0.0128205128205128,0.0192307692307692,-0.1538461538461539
2013-05-14,1424.699951171875,112533,73149,39384,0.0769230769230769,1.0,0.0064102564102564,-0.0167702200332126,-0.0322646390269133,0.0273290315902254,-0.115807169367345,-0.07051282051282051,-0.1538461538461538,-0.108974358974359,0.0512820512820513,-0.1602564102564102,0.03205128205128205,0.05128205128205121,0.02564102564102555,0.0,0.3012820512820513,-0.0384615384615384,-0.0705128205128205,-0.032051282051282,0.0,-0.23717948717948711
2013-05-21,1377.800048828125,113088,76730,36358,0.1089743589743589,1.0,0.0064102564102564,-0.0329191436450692,-0.0491373023960489,-0.0218656306202196,-0.1366085933886819,-0.03205128205128209,-0.06410256410256408,0.0641025641025641,0.05128205128205131,-0.17948717948717946,0.012820512820512775,0.012820512820512775,0.03205128205128205,0.0064102564102563875,0.42307692307692313,-0.0256410256410256,-0.0384615384615384,-0.0256410256410256,-0.0064102564102564,-0.2884615384615385
2013-05-28,1379.0999755859375,114281,67244,47037,0.1474358974358974,0.9807692307692308,0.0448717948717948,0.0009434799765888,-0.0320067222213559,-0.0632386759093625,-0.1244365456402778,0.07051282051282051,0.0,0.10256410256410262,0.1217948717948718,-0.23076923076923078,-0.019230769230769162,0.012820512820512886,0.0,-0.019230769230769162,0.7179487179487181,0.0384615384615384,0.0,0.025641025641025602,0.0384615384615384,-0.358974358974359
2013-06-04,1397.0999755859375,112259,58671,53588,0.0769230769230769,0.9230769230769232,0.0833333333333333,0.0130519906595982,0.0140077849280291,-0.0358178222319272,-0.1192157239988763,-0.03205128205128201,-0.0641025641025641,-0.038461538461538394,0.0,-0.1346153846153846,-0.07692307692307676,-0.06410256410256399,-0.05128205128205121,-0.07692307692307676,0.10897435897435914,0.0769230769230769,0.0512820512820513,0.0512820512820513,0.0641025641025641,-0.12179487179487179
2013-06-11,1377.0,116492,61174,55318,0.1794871794871795,0.9230769230769232,0.0897435897435897,-0.014386927161392,-0.0015227145407245,-0.0334806996607529,-0.0070666631692191,0.032051282051282076,0.10256410256410259,-0.05128205128205121,-0.006410256410256415,-0.03205128205128202,-0.0576923076923076,-0.07692307692307676,-0.02564102564102555,-0.05128205128205121,0.16025641025641046,0.0448717948717949,0.0833333333333333,0.012820512820512803,0.0512820512820513,-0.1217948717948718
2013-06-18,1366.5999755859375,110415,71162,39253,0.0448717948717948,0.9871794871794872,0.0128205128205128,-0.0075526684197985,-0.0218309358907607,-0.0081289540174669,-0.0298168399318118,-0.0320512820512821,-0.0641025641025641,-0.1282051282051282,0.0,-0.1474358974358975,0.06410256410256399,-0.012820512820512775,0.0,0.019230769230769273,0.08974358974358976,-0.0705128205128205,0.0064102564102564,-0.03205128205128201,-0.0192307692307692,-0.1346153846153846
2013-06-25,1274.800048828125,107441,77152,30289,0.0256410256410256,1.0,0.0064102564102564,-0.0671739560938107,-0.0742192818967865,-0.0756289816577646,-0.1340849809067166,-0.15384615384615388,-0.1217948717948718,-0.1217948717948718,-0.019230769230769204,-0.15384615384615388,0.07692307692307676,0.019230769230769162,0.03205128205128205,0.019230769230769162,0.05128205128205121,-0.0833333333333333,-0.0384615384615384,-0.0384615384615384,-0.012820512820512801,-0.1025641025641025
2013-07-02,1243.5999755859375,103011,81627,21384,0.0192307692307692,1.0,0.0064102564102564,-0.0244744838775842,-0.0900043920659833,-0.1098704478436647,-0.1417529499061852,-0.025641025641025602,-0.057692307692307696,-0.12179487179487179,-0.09615384615384609,-0.1346153846153846,0.012820512820512775,0.07692307692307676,0.012820512820512775,0.02564102564102555,0.08333333333333337,-0.0064102564102564,-0.0769230769230769,-0.0256410256410256,-0.0256410256410256,-0.1025641025641025
2013-07-09,1245.9000244140625,105942,82060,23882,0.032051282051282,1.0,0.0128205128205128,0.001849508582566,-0.0226702410630037,-0.0952069539476669,-0.125500058177683,0.006410256410256401,-0.1474358974358975,-0.0448717948717949,-0.1987179487179487,-0.0512820512820513,0.0,0.07692307692307676,0.0,0.05128205128205121,0.05128205128205121,0.0064102564102564,-0.0769230769230769,0.0064102564102564,-0.0641025641025641,-0.057692307692307696
2013-07-16,1290.800048828125,106737,64896,41841,0.0384615384615384,0.9102564102564102,0.0512820512820512,0.0360382242027634,0.0379543857902928,-0.0554660676949835,-0.0631441405986282,0.0192307692307692,-0.006410256410256401,-0.07051282051282051,-0.13461538461538458,-0.0576923076923077,-0.08974358974358976,-0.07692307692307698,-0.08974358974358976,-0.07692307692307698,0.0064102564102562765,0.044871794871794796,0.038461538461538394,0.044871794871794796,0.006410256410256394,-0.04487179487179491
2013-07-23,1335.0999755859375,111993,56639,55354,0.1089743589743589,0.8782051282051282,0.1282051282051282,0.0343197436334394,0.0715947904518463,0.0473014782304439,-0.0319048660567959,0.0769230769230769,0.08333333333333331,-0.038461538461538505,-0.038461538461538505,-0.038461538461538505,-0.1217948717948718,-0.1217948717948718,-0.10256410256410264,-0.08974358974358976,0.0,0.11538461538461539,0.12179487179487179,0.0833333333333334,0.0833333333333334,0.0
2013-07-30,1324.0,108850,56821,52029,0.0576923076923076,0.8782051282051282,0.1089743589743589,-0.0083139658369524,0.0257204446203858,0.0646510340884987,-0.0523226518240255,0.019230769230769197,0.038461538461538394,-0.0192307692307693,-0.0833333333333334,0.012820512820512796,-0.03205128205128205,-0.1217948717948718,-0.044871794871795045,-0.10897435897435903,-0.09615384615384626,0.05769230769230771,0.1025641025641025,0.025641025641025605,0.0769230769230769,0.07051282051282051
2013-08-06,1283.199951171875,105340,70596,34744,0.032051282051282,0.9615384615384616,0.0256410256410256,-0.0308157468490369,-0.0388735116194464,0.0299381379138783,-0.0681191349514342,-0.0769230769230769,0.0,-0.1474358974358975,-0.0448717948717949,-0.0256410256410256,0.08333333333333337,-0.038461538461538436,0.038461538461538325,-0.038461538461538436,-0.0064102564102563875,-0.10256410256410259,0.0128205128205128,-0.0641025641025641,0.019230769230769197,-0.0256410256410256
2013-08-13,1321.199951171875,100561,62573,37988,0.0192307692307692,0.8910256410256411,0.0384615384615384,0.0296134674610115,-0.0021148405046261,0.0235512094776795,-0.0332211511964918,-0.038461538461538394,-0.0192307692307692,-0.025641025641025602,-0.0897435897435897,-0.0641025641025641,0.012820512820512886,-0.019230769230769162,-0.09615384615384615,-0.10897435897435892,-0.10897435897435892,-0.07051282051282051,-0.012820512820512796,0.025641025641025602,0.032051282051282,0.025641025641025602
2013-08-20,1373.0999755859375,104483,56067,48416,0.032051282051282,0.8461538461538461,0.0961538461538461,0.0392824904118624,0.0700592486244733,0.0284622879895739,0.0771100745157453,0.0,-0.0769230769230769,0.006410256410256401,-0.11538461538461542,0.006410256410256401,-0.11538461538461542,-0.03205128205128205,-0.15384615384615385,-0.1346153846153847,-0.15384615384615385,0.07051282051282051,-0.03205128205128209,0.0897435897435897,0.0512820512820513,0.0897435897435897
2013-08-27,1420.5999755859375,105531,35142,70389,0.0512820512820512,0.8012820512820513,0.2051282051282051,0.034593256750828,0.07523465643932,0.0729607066359043,0.1423287258562418,0.03205128205128199,-0.006410256410256401,0.03205128205128199,-0.025641025641025703,-0.006410256410256401,-0.08974358974358976,-0.07692307692307687,-0.19871794871794868,-0.12179487179487192,-0.1923076923076923,0.16666666666666669,0.09615384615384619,0.1987179487179487,0.12179487179487179,0.1923076923076923
2013-09-03,1412.0,107642,32242,75400,0.0769230769230769,0.75,0.2243589743589743,-0.0060537630112167,0.0283300743614556,0.1003741067091681,0.1333172584726876,0.0448717948717949,0.0448717948717949,0.0448717948717949,-0.10256410256410259,0.0512820512820513,-0.09615384615384615,-0.21153846153846156,-0.25,-0.17307692307692324,-0.25,0.1282051282051282,0.1987179487179487,0.2115384615384615,0.1346153846153846,0.21794871794871792
2013-09-10,1364.0999755859375,100358,35578,64780,0.0192307692307692,0.8012820512820513,0.1794871794871795,-0.0339235300382878,-0.0397719280381488,0.0324705010592916,0.0567864301092637,-0.03205128205128199,0.0,-0.0192307692307692,-0.025641025641025602,-0.057692307692307696,0.0,-0.08974358974358976,-0.10897435897435892,-0.1858974358974359,-0.19871794871794868,-0.025641025641025605,0.14102564102564108,0.1282051282051283,0.16666666666666669,0.1602564102564103
2013-09-17,1309.5,96370,41590,54780,0.0128205128205128,0.8205128205128205,0.1474358974358974,-0.0400263738458646,-0.0725920679886685,-0.0463185323113837,-0.0191745757277108,-0.0641025641025641,-0.0192307692307692,-0.0961538461538461,-0.0128205128205128,-0.1730769230769231,0.07051282051282048,-0.02564102564102566,-0.05769230769230771,-0.17948717948717952,-0.15384615384615397,-0.0769230769230769,0.05128205128205131,0.019230769230769218,0.14102564102564102,0.108974358974359
2013-09-24,1316.0,99035,35023,64012,0.0256410256410256,0.782051282051282,0.1794871794871795,0.0049637266132112,-0.0352613272097425,-0.0736308442795758,-0.0060422960725075,0.006410256410256398,-0.0256410256410256,-0.032051282051282,0.006410256410256398,-0.019230769230769204,-0.019230769230769273,-0.019230769230769273,-0.09615384615384615,-0.21794871794871795,-0.1858974358974359,0.0,-0.025641025641025605,0.07051282051282058,0.1730769230769231,0.1474358974358975
2013-10-01,1286.0,97777,36394,61383,0.0256410256410256,0.8012820512820513,0.1794871794871795,-0.0227963525835865,-0.0179457808323787,-0.0892351274787535,0.0021820830226557,0.0128205128205128,-0.0512820512820513,-0.006410256410256401,-0.006410256410256401,-0.019230769230769204,-0.019230769230769162,0.05128205128205132,-0.16025641025641024,-0.19871794871794868,-0.17948717948717952,0.032051282051282076,-0.04487179487179482,0.15384615384615388,0.16666666666666669,0.1602564102564103
2013-10-08,1324.199951171875,97919,26363,71556,0.032051282051282,0.6602564102564102,0.2371794871794871,0.0297044721398715,0.0062309659360753,-0.0292500734023719,0.0022706631175235,0.006410256410256401,0.0128205128205128,0.0128205128205128,-0.006410256410256401,-0.08333333333333329,-0.1217948717948718,-0.14102564102564108,-0.23076923076923084,-0.25,-0.3141025641025642,0.0576923076923076,0.0576923076923076,0.19871794871794868,0.1858974358974359,0.2051282051282051
2013-10-15,1273.0,97326,44536,52790,0.0256410256410256,0.8205128205128205,0.1346153846153846,-0.0386648188036592,-0.0101088646967341,-0.027873234058801,-0.0729007190778094,0.0,0.0128205128205128,-0.006410256410256401,-0.08333333333333331,-0.2051282051282051,0.019230769230769162,0.0,-0.02564102564102566,-0.05769230769230771,-0.1282051282051283,-0.04487179487179488,-0.012820512820512803,0.038461538461538505,0.006410256410256415,0.05769230769230771
2013-10-22,1342.5,105074,38476,66598,0.0769230769230769,0.7948717948717948,0.2179487179487179,0.0545954438334641,0.0138197020864787,0.0201367781155015,-0.0549767541377892,0.0448717948717949,0.0512820512820513,0.025641025641025703,0.0192307692307693,-0.09615384615384609,0.13461538461538458,0.012820512820512775,-0.0064102564102564985,-0.08333333333333337,-0.1923076923076924,-0.01923076923076919,0.03846153846153841,0.012820512820512803,0.10897435897435899,0.1730769230769231
2013-10-29,1345.199951171875,109627,21224,88403,0.1474358974358974,0.5961538461538461,0.3333333333333333,0.0020111368133146,0.0567163795537117,0.0460341766499805,-0.0473088164505134,0.1217948717948718,0.1217948717948718,0.07051282051282051,0.11538461538461542,0.0,-0.22435897435897434,-0.20512820512820518,-0.15384615384615385,-0.3653846153846154,-0.3717948717948718,0.1987179487179487,0.15384615384615383,0.108974358974359,0.3076923076923077,0.2884615384615385
2013-11-05,1308.0,105007,26923,78084,0.0769230769230769,0.6474358974358975,0.2884615384615384,-0.0276538451696107,-0.0256983240223463,-0.0122337651179782,-0.0411259999926619,0.0,0.0448717948717949,0.057692307692307696,0.057692307692307696,-0.0641025641025641,-0.14743589743589736,-0.012820512820512775,-0.15384615384615385,-0.2435897435897436,-0.33974358974358976,0.07051282051282048,0.051282051282051294,0.10897435897435889,0.24999999999999997,0.2564102564102564
2013-11-12,1271.0999755859375,100760,54653,46107,0.0641025641025641,0.8333333333333334,0.0897435897435897,-0.0282110278394973,-0.055084729613159,-0.0014925564918009,-0.0293241881741599,-0.08333333333333331,0.0384615384615385,0.051282051282051294,0.0320512820512821,-0.012820512820512803,0.23717948717948723,0.012820512820512886,0.012820512820512886,-0.012820512820512775,-0.16666666666666663,-0.2435897435897436,-0.04487179487179491,-0.05769230769230771,-0.006410256410256401,0.0833333333333333
2013-11-19,1273.4000244140625,97331,62800,34531,0.032051282051282,0.8910256410256411,0.0256410256410256,0.0018094948251925,-0.0264525807231937,-0.0514711177548882,-0.0323708021169737,-0.0448717948717949,-0.0448717948717949,0.006410256410256401,-0.019230769230769197,-0.0769230769230769,0.2435897435897436,0.09615384615384626,0.10897435897435903,0.08974358974358976,-0.10897435897435892,-0.2628205128205128,-0.1923076923076923,-0.15384615384615388,-0.1794871794871795,0.019230769230769197
2013-11-26,1241.4000244140625,93619,77658,15961,0.0064102564102564,0.9871794871794872,0.0064102564102564,-0.0251295738860413,-0.023365550894755,-0.0771631954546139,-0.034681162975068,-0.057692307692307696,-0.14102564102564102,-0.019230769230769197,-0.0705128205128205,-0.14102564102564102,0.15384615384615385,0.3910256410256411,0.1858974358974359,0.23717948717948723,0.0064102564102563875,-0.0833333333333333,-0.3269230769230769,-0.1730769230769231,-0.21794871794871792,-0.0384615384615384
2013-12-03,1221.699951171875,93671,83730,9941,0.0128205128205128,1.0,0.0064102564102564,-0.0158692386456862,-0.0406000253266656,-0.065978630602542,-0.0774052286509229,-0.0192307692307692,-0.0641025641025641,-0.0192307692307692,-0.006410256410256401,-0.0641025641025641,0.10897435897435892,0.35256410256410253,0.33974358974358976,0.19871794871794868,0.07692307692307676,-0.019230769230769197,-0.282051282051282,-0.2307692307692307,-0.1730769230769231,-0.0769230769230769
2013-12-10,1262.4000244140625,94330,78527,15803,0.0192307692307692,0.9807692307692308,0.0128205128205128,0.0333142955462568,0.0169163843942341,-0.0068444271410395,-0.0083267679386783,0.012820512820512801,-0.04487179487179489,-0.006410256410256398,0.006410256410256401,-0.1602564102564103,-0.0064102564102563875,0.14743589743589747,0.16025641025641035,0.16025641025641035,0.0576923076923076,0.0064102564102564,-0.0769230769230769,-0.1217948717948718,-0.1346153846153846,-0.0769230769230769
2013-12-17,1231.199951171875,93399,79637,13762,0.0064102564102564,0.9807692307692308,0.0128205128205128,-0.0247148864375765,0.0077760500775068,-0.033139683079247,-0.0829050643040036,-0.0064102564102564,-0.0256410256410256,-0.0705128205128205,-0.019230769230769197,-0.0384615384615384,-0.019230769230769162,0.08974358974358976,0.18589743589743601,0.1987179487179488,-0.0064102564102563875,0.0064102564102564,-0.0128205128205128,-0.2051282051282051,-0.16666666666666669,0.0
2013-12-24,1205.0999755859375,93958,82765,11193,0.0256410256410256,0.9935897435897436,0.0128205128205128,-0.0211988114205943,-0.0453897716412993,-0.0292412180717158,-0.1041480677009309,0.006410256410256398,0.019230769230769197,-0.1217948717948718,0.0,0.0,0.012820512820512775,0.0064102564102563875,0.39743589743589747,0.1923076923076923,-0.0064102564102563875,0.0,0.0064102564102564,-0.32051282051282054,-0.16666666666666669,0.0064102564102564
2013-12-31,1201.9000244140625,96059,78334,17725,0.0448717948717948,0.9615384615384616,0.0384615384615384,-0.0026553408320493,-0.0237978621830876,-0.0162068654736542,-0.0811161892858849,0.0384615384615384,0.03205128205128201,-0.0320512820512821,0.012820512820512803,0.025641025641025602,-0.019230769230769273,-0.038461538461538436,0.3141025641025641,0.3012820512820513,-0.038461538461538436,0.025641025641025602,0.032051282051282,-0.24999999999999997,-0.19871794871794868,0.032051282051282
2014-01-07,1229.4000244140625,98659,74421,24238,0.0897435897435897,0.935897435897436,0.0576923076923076,0.0228804388396668,0.0201643426441113,-0.0261406839051011,-0.0328061930397352,0.0641025641025641,0.0705128205128205,0.025641025641025605,0.0641025641025641,0.0576923076923077,-0.0576923076923076,-0.04487179487179482,0.10256410256410264,0.11538461538461553,-0.06410256410256399,0.044871794871794796,0.044871794871794796,-0.032051282051282104,-0.07692307692307701,0.044871794871794796
2014-01-14,1245.199951171875,104303,76033,28270,0.1282051282051282,0.935897435897436,0.0641025641025641,0.0128517377940859,0.0360262300343339,0.011371020593913,-0.0221454945041039,0.0833333333333334,0.12179487179487179,0.0961538461538462,0.051282051282051294,0.08974358974358979,-0.02564102564102555,-0.04487179487179482,0.044871794871794934,0.1410256410256412,0.025641025641025772,0.025641025641025696,0.051282051282051294,0.0384615384615385,-0.1538461538461538,0.0128205128205129
2014-01-21,1242.300048828125,104723,74506,30217,0.141025641025641,0.9294871794871796,0.0705128205128205,-0.0023288648068294,0.0104929430274012,0.0308688689700622,0.0007250075691656,0.051282051282051294,0.11538461538461539,0.1346153846153846,-0.006410256410256415,0.03205128205128209,-0.0064102564102563875,-0.06410256410256399,-0.0576923076923076,0.3333333333333335,0.05128205128205143,0.0128205128205129,0.057692307692307696,0.0641025641025641,-0.26282051282051283,-0.057692307692307696
2014-01-28,1251.0,109782,62544,47238,0.2307692307692307,0.8205128205128205,0.1666666666666666,0.0070030997584535,0.0046579256790577,0.0408519632153883,0.0239830154695674,0.1025641025641025,0.1858974358974359,0.2179487179487179,0.1538461538461538,0.1730769230769231,-0.11538461538461553,-0.14102564102564108,-0.17948717948717952,0.17307692307692302,-0.05769230769230771,0.1025641025641025,0.1282051282051282,0.16025641025641021,-0.12179487179487178,0.057692307692307696
2014-02-04,1251.699951171875,107407,63755,43652,0.1923076923076923,0.8397435897435898,0.141025641025641,0.0005595133268385,0.007566531412936,0.0181388696233684,-0.0084759767389531,0.051282051282051294,0.10256410256410259,0.1730769230769231,0.1282051282051282,0.1602564102564103,-0.08974358974358987,-0.09615384615384626,-0.14102564102564108,0.0064102564102563875,-0.1217948717948718,0.0705128205128205,0.0833333333333334,0.1282051282051282,0.051282051282051294,0.11538461538461539
2014-02-11,1290.0999755859375,116817,64731,52086,0.4102564102564102,0.8397435897435898,0.2179487179487179,0.0306782982440092,0.03125497648756,0.0360584855241974,0.0478395278995913,0.1794871794871795,0.282051282051282,0.4038461538461538,0.3782051282051282,0.39102564102564097,0.019230769230769273,-0.09615384615384626,-0.14102564102564108,-0.05128205128205132,-0.05128205128205132,0.051282051282051294,0.1538461538461538,0.2051282051282051,0.1923076923076923,0.1794871794871795
2014-02-18,1324.699951171875,123273,54503,68770,0.5128205128205128,0.7435897435897436,0.3269230769230769,0.0268196079689273,0.0583206861449945,0.0663285028616706,0.0992448576955502,0.3205128205128205,0.3717948717948718,0.48717948717948717,0.5064102564102564,0.4807692307692308,-0.09615384615384615,-0.18589743589743601,-0.25,-0.2435897435897436,-0.10256410256410253,0.18589743589743593,0.25641025641025644,0.31410256410256415,0.32051282051282054,0.23076923076923084
2014-02-25,1343.0,127279,31023,96256,0.5512820512820513,0.6089743589743589,0.4807692307692308,0.0138144859233491,0.0410045929890328,0.0735411670663468,0.1173974313335461,0.14102564102564114,0.3205128205128206,0.5064102564102565,0.5384615384615385,0.5000000000000001,-0.23076923076923084,-0.21153846153846156,-0.35256410256410264,-0.3910256410256411,-0.1923076923076924,0.2628205128205129,0.3141025641025642,0.4423076923076924,0.4743589743589744,0.27564102564102566
2014-03-04,1337.800048828125,128351,27184,101167,0.5705128205128205,0.5512820512820513,0.5064102564102564,-0.0038718921607409,0.0098891055628569,0.0687865311296376,0.0881731106730101,0.05769230769230771,0.3782051282051282,0.4807692307692308,0.5512820512820513,0.4935897435897436,-0.1923076923076923,-0.28846153846153844,-0.3846153846153847,-0.4294871794871795,-0.19871794871794868,0.17948717948717946,0.3653846153846154,0.4487179487179488,0.4935897435897436,0.28205128205128205
2014-03-11,1346.5,127797,21766,106031,0.5705128205128205,0.5,0.5384615384615384,0.0065031774961406,0.0026061057334325,0.0437175610273512,0.0813524355930066,0.019230769230769162,0.1602564102564103,0.4423076923076923,0.5641025641025641,0.5512820512820513,-0.10897435897435892,-0.33974358974358976,-0.435897435897436,-0.48076923076923084,-0.3012820512820513,0.057692307692307654,0.32051282051282054,0.47435897435897434,0.5256410256410257,0.3589743589743589
2014-03-18,1359.0,137216,16153,121063,0.6602564102564102,0.4679487179487179,0.6410256410256411,0.0092833271444485,0.0158468757647642,0.0258926927549003,0.093938619162061,0.08974358974358976,0.14743589743589747,0.5192307692307693,0.6346153846153847,0.6474358974358975,-0.08333333333333343,-0.2756410256410257,-0.46153846153846173,-0.5256410256410258,-0.3525641025641026,0.1346153846153847,0.31410256410256415,0.5705128205128206,0.6282051282051283,0.49358974358974367
2014-03-25,1311.4000244140625,125231,18218,107013,0.5384615384615384,0.4807692307692308,0.5512820512820513,-0.0350257362663263,-0.0260675644901132,-0.0235293935859549,0.0482813944157174,-0.03205128205128205,-0.012820512820512886,0.3076923076923077,0.4935897435897436,0.5128205128205129,-0.019230769230769218,-0.12820512820512814,-0.3397435897435897,-0.4807692307692308,-0.30128205128205127,0.012820512820512886,0.07051282051282054,0.3846153846153847,0.5128205128205129,0.3717948717948718
2014-04-01,1279.5999755859375,117969,26516,91453,0.4294871794871794,0.532051282051282,0.4615384615384615,-0.0242489310935718,-0.0584253306946743,-0.0435043138869437,0.0222897064012359,-0.23076923076923084,-0.14102564102564108,0.23717948717948711,0.3397435897435897,0.4038461538461538,0.06410256410256415,-0.019230769230769273,-0.3076923076923077,-0.40384615384615397,-0.2692307692307693,-0.17948717948717957,-0.04487179487179488,0.3205128205128205,0.4038461538461539,0.28205128205128205
2014-04-08,1308.699951171875,109728,28201,81527,0.2371794871794871,0.5641025641025641,0.4230769230769231,0.0227414630674811,-0.0020589241969809,-0.0280728175478091,0.014417468365186,-0.3012820512820513,-0.33333333333333337,-0.1730769230769231,0.10897435897435889,0.2051282051282051,0.08333333333333331,0.0641025641025641,-0.27564102564102566,-0.3717948717948719,-0.09615384615384615,-0.12820512820512825,-0.11538461538461536,0.20512820512820518,0.358974358974359,0.185897435897436
2014-04-15,1300.0,105454,32464,72990,0.173076923076923,0.6153846153846154,0.358974358974359,-0.0066477813834138,0.0159425014092557,-0.0434142752023546,-0.0186456949364455,-0.2564102564102564,-0.4871794871794872,-0.33974358974358976,0.03205128205128199,0.14743589743589738,0.08333333333333337,0.14743589743589752,-0.1282051282051282,-0.3141025641025642,-0.20512820512820507,-0.10256410256410253,-0.2820512820512821,0.03205128205128205,0.2884615384615385,0.22435897435897437
2014-04-22,1280.5999755859375,105681,28575,77106,0.1858974358974359,0.5705128205128205,0.3846153846153846,-0.014923095703125,-0.0214716716087407,-0.0234863872614967,-0.0464631603976638,-0.05128205128205118,-0.35256410256410253,-0.3653846153846154,-0.044871794871794796,0.108974358974359,0.0064102564102563875,0.0897435897435897,-0.038461538461538436,-0.25,-0.22435897435897434,-0.03846153846153849,-0.16666666666666674,-0.0961538461538462,0.21794871794871798,0.16666666666666669
2014-04-29,1296.0,106919,29512,77407,0.2051282051282051,0.5897435897435898,0.391025641025641,0.0120256322877221,-0.003076923076923,0.0128165244818427,-0.0312453635090989,0.032051282051282104,-0.2243589743589743,-0.3653846153846154,0.012820512820512803,0.05769230769230768,-0.02564102564102566,0.05769230769230771,0.038461538461538436,-0.25,-0.0064102564102563875,0.03205128205128205,-0.07051282051282048,-0.11538461538461536,0.25,0.05769230769230771
2014-05-06,1308.300048828125,119385,28746,90639,0.4743589743589743,0.5641025641025641,0.4807692307692308,0.009490778416763,0.0216305433158494,-0.0003055722156877,-0.0283698114904381,0.2884615384615384,0.2371794871794872,-0.0961538461538462,0.0641025641025641,0.39743589743589736,-0.0064102564102563875,0.0,0.0641025641025641,-0.27564102564102566,-0.08333333333333337,0.0961538461538462,0.05769230769230771,-0.057692307692307654,0.2628205128205129,0.1923076923076924
2014-05-13,1294.5999755859375,114561,32107,82454,0.4038461538461538,0.6025641025641025,0.4487179487179487,-0.0104716599639806,-0.0010802657515914,-0.0041538649338942,-0.0473878031008554,0.1987179487179487,0.2307692307692308,-0.25641025641025644,-0.10897435897435898,0.3397435897435897,0.012820512820512775,-0.012820512820512886,0.13461538461538464,-0.14102564102564108,-0.23076923076923084,0.057692307692307654,0.0897435897435897,-0.1923076923076924,0.12179487179487175,0.358974358974359
2014-05-20,1294.5,112385,31232,81153,0.3269230769230769,0.5961538461538461,0.4358974358974359,-7.722507942442558e-05,-0.0105480763686327,0.0108543063244261,-0.012887009378861,-0.14743589743589736,0.14102564102564102,-0.2115384615384615,-0.2243589743589744,0.29487179487179493,0.03205128205128205,0.02564102564102566,0.11538461538461536,-0.012820512820512775,-0.29487179487179493,-0.04487179487179488,0.05128205128205132,-0.11538461538461542,-0.04487179487179488,0.4102564102564103
2014-05-27,1265.4000244140625,111146,53577,57569,0.3141025641025641,0.7307692307692307,0.2692307692307692,-0.0224797030405079,-0.0225551921230796,-0.0236110922730998,-0.0110971799334184,-0.0897435897435897,0.108974358974359,-0.11538461538461531,-0.2564102564102564,0.3076923076923077,0.1282051282051282,0.14102564102564097,0.19871794871794868,0.1794871794871794,-0.2564102564102565,-0.17948717948717946,-0.1217948717948718,-0.1923076923076923,-0.23717948717948717,0.26282051282051283
2014-06-03,1244.300048828125,111245,73063,38182,0.3205128205128205,0.9102564102564102,0.1089743589743589,-0.0166745496908835,-0.0387794138060061,-0.0489184419562823,-0.0492090660552735,-0.006410256410256443,-0.1538461538461538,0.0833333333333334,-0.25,0.3076923076923077,0.3141025641025641,0.34615384615384615,0.34615384615384615,0.41025641025641024,-0.08974358974358976,-0.326923076923077,-0.37179487179487186,-0.31410256410256415,-0.4294871794871795,0.1025641025641025
2014-06-10,1259.800048828125,111795,73741,38054,0.3269230769230769,0.9166666666666666,0.1089743589743589,0.0124568025329563,-0.0044254587307523,-0.026880833781927,-0.0309230393629807,0.01282051282051283,-0.07692307692307687,0.15384615384615394,-0.3333333333333333,0.3076923076923077,0.1858974358974359,0.3141025641025641,0.3012820512820512,0.44871794871794873,-0.06410256410256421,-0.1602564102564103,-0.33974358974358976,-0.25000000000000006,-0.5320512820512822,0.0961538461538461
2014-06-17,1271.699951171875,113624,60065,53559,0.4166666666666667,0.7756410256410257,0.25,0.0094458659172298,0.02202033373667,-0.0176130157034569,-0.0069498864467729,0.0961538461538462,0.08974358974358976,0.23076923076923078,-0.12179487179487175,0.4102564102564103,-0.13461538461538458,0.17948717948717952,0.20512820512820518,0.2948717948717949,-0.20512820512820518,0.14102564102564108,-0.1858974358974359,-0.13461538461538458,-0.3012820512820513,0.2371794871794872
2014-06-24,1320.9000244140625,134571,34641,99930,0.7243589743589743,0.6282051282051282,0.5833333333333334,0.0386884289779594,0.0484997406078633,0.0438596482765984,0.019212981800974,0.3974358974358974,0.41025641025641024,0.5192307692307693,0.29487179487179493,0.6987179487179488,-0.28846153846153844,-0.10256410256410253,0.038461538461538436,0.09615384615384615,-0.3653846153846154,0.47435897435897445,0.31410256410256415,0.19230769230769235,0.12179487179487186,0.5705128205128206
2014-07-01,1326.4000244140625,149227,23273,125954,0.8205128205128205,0.4294871794871794,0.7692307692307693,0.0041638276162798,0.0430133485432482,0.0659808505699721,0.0138347282048563,0.4038461538461538,0.5,0.3461538461538462,0.5833333333333334,0.7756410256410257,-0.34615384615384626,-0.48076923076923084,-0.1346153846153847,-0.1346153846153847,-0.5320512820512822,0.5192307692307693,0.6602564102564104,0.2884615384615385,0.3461538461538462,0.7307692307692308
2014-07-08,1316.0,154719,20943,133776,0.8461538461538461,0.3974358974358974,0.8012820512820513,-0.007840790276415,-0.0037096103592215,0.044610215108463,0.0165302215492293,0.1217948717948718,0.5192307692307692,0.44230769230769235,0.6730769230769231,0.7564102564102564,-0.23076923076923078,-0.5192307692307692,-0.20512820512820512,-0.217948717948718,-0.5384615384615385,0.21794871794871795,0.6923076923076924,0.35256410256410264,0.44230769230769235,0.7435897435897437
2014-07-15,1296.9000244140625,149260,27173,122087,0.8269230769230769,0.4615384615384615,0.7435897435897436,-0.0145136592598309,-0.0222406509778463,0.019816052693063,0.0018540165423426,0.0064102564102563875,0.4102564102564102,0.49999999999999994,0.641025641025641,0.6987179487179487,0.032051282051282104,-0.31410256410256415,-0.13461538461538464,-0.10897435897435898,-0.4743589743589745,-0.02564102564102566,0.4935897435897436,0.3076923076923077,0.35897435897435903,0.6794871794871795
2014-07-22,1306.0999755859375,148121,22395,125726,0.8205128205128205,0.4038461538461538,0.7756410256410257,0.0070938013714909,-0.0075228149043028,-0.0112045185514249,0.0321637034823996,-0.02564102564102566,0.09615384615384615,0.5064102564102564,0.6153846153846154,0.6794871794871795,0.0064102564102563875,-0.2243589743589744,-0.3269230769230769,-0.18589743589743596,-0.5256410256410258,-0.02564102564102566,0.1923076923076923,0.5064102564102564,0.38461538461538464,0.7051282051282052
2014-07-29,1298.300048828125,135724,27094,108630,0.7307692307692307,0.4551282051282051,0.6538461538461539,-0.0059719216779813,0.0010795160673198,-0.0211851440506046,0.043397892695461,-0.09615384615384615,-0.08974358974358976,0.41025641025641024,0.25641025641025644,0.5,-0.0064102564102563875,0.025641025641025716,-0.4551282051282051,-0.10897435897435898,-0.36538461538461536,-0.08974358974358976,-0.11538461538461542,0.5448717948717949,0.17307692307692307,0.4871794871794872
2014-08-05,1284.0,123819,33140,90679,0.5961538461538461,0.5961538461538461,0.5256410256410257,-0.0110144406456985,-0.016920584946817,-0.0243161094224924,0.0192093588140325,-0.22435897435897434,-0.25,0.2692307692307692,0.19230769230769235,0.40384615384615385,0.19230769230769235,0.19871794871794873,-0.3205128205128205,-0.0064102564102563875,-0.2435897435897436,-0.25,-0.27564102564102566,0.41666666666666674,0.07692307692307698,0.3846153846153847
2014-08-12,1308.800048828125,138357,21930,116427,0.782051282051282,0.3846153846153846,0.7115384615384616,0.019314679772683,0.0080874987330374,0.0091757453851841,0.029173625132298,0.05128205128205132,-0.04487179487179482,0.36538461538461536,0.4551282051282051,0.37179487179487186,-0.07051282051282054,-0.07692307692307693,-0.3910256410256411,-0.21153846153846156,-0.4551282051282052,0.05769230769230771,-0.03205128205128205,0.46153846153846156,0.27564102564102566,0.49358974358974367
2014-08-19,1295.0999755859375,128398,25193,103205,0.6730769230769231,0.4230769230769231,0.6025641025641025,-0.0104676594827867,0.0086448407990167,-0.0084220199108917,-0.0195321737839846,0.07692307692307698,-0.14743589743589736,-0.05128205128205121,0.35897435897435903,0.16025641025641035,-0.17307692307692307,0.019230769230769273,-0.20512820512820512,-0.30769230769230765,-0.32051282051282054,0.07692307692307687,-0.17307692307692313,0.019230769230769162,0.3333333333333333,0.2756410256410256
2014-08-26,1283.800048828125,118012,36830,81182,0.5,0.6666666666666666,0.4679487179487179,-0.0087251385768114,-0.019101466280036,-0.0111684506313375,-0.0321169894464952,-0.28205128205128205,-0.23076923076923073,-0.3205128205128205,0.17948717948717952,-0.05128205128205132,0.28205128205128205,0.2115384615384615,0.23717948717948723,-0.2435897435897436,0.05769230769230771,-0.24358974358974367,-0.18589743589743596,-0.3012820512820514,0.358974358974359,-0.012820512820512886
2014-09-02,1263.699951171875,116120,53202,62918,0.4615384615384615,0.7051282051282052,0.3076923076923077,-0.0156567198097536,-0.0242452513365667,-0.0158100068754867,-0.0397416784408244,-0.21153846153846162,-0.13461538461538464,-0.38461538461538464,0.13461538461538458,-0.10897435897435898,0.2820512820512821,0.10897435897435903,0.30769230769230776,-0.21153846153846145,0.15384615384615385,-0.2948717948717948,-0.21794871794871795,-0.4935897435897436,0.1987179487179488,-0.19871794871794868
2014-09-09,1246.800048828125,118708,58501,60207,0.5192307692307693,0.7628205128205128,0.3012820512820512,-0.0133733504761776,-0.028820687484608,-0.0473716363744894,-0.0386305610631572,0.019230769230769273,-0.2628205128205128,-0.3076923076923076,0.10256410256410259,-0.05128205128205121,0.09615384615384615,0.3782051282051282,0.30128205128205127,-0.012820512820512886,0.2628205128205128,-0.16666666666666669,-0.41025641025641035,-0.4423076923076924,0.05128205128205121,-0.23717948717948723
2014-09-16,1235.199951171875,113659,73364,40295,0.4230769230769231,0.9102564102564102,0.1346153846153846,-0.0093038957346472,-0.0225528219523716,-0.0462512744523542,-0.0542837652089042,-0.038461538461538436,-0.25000000000000006,-0.3974358974358974,-0.30128205128205127,-0.23717948717948717,0.20512820512820507,0.48717948717948717,0.5064102564102564,0.28205128205128205,0.44230769230769235,-0.1730769230769231,-0.46794871794871795,-0.6410256410256411,-0.4487179487179488,-0.5064102564102565
2014-09-23,1221.0,110427,80297,30130,0.282051282051282,0.9743589743589745,0.0705128205128205,-0.0114960749135417,-0.0206930123658357,-0.048917313007933,-0.0595394330439237,-0.23717948717948728,-0.217948717948718,-0.44871794871794873,-0.5384615384615385,-0.25641025641025644,0.21153846153846168,0.3076923076923078,0.5192307692307694,0.544871794871795,0.49358974358974367,-0.23076923076923073,-0.3974358974358974,-0.5833333333333334,-0.6987179487179488,-0.48076923076923084
2014-09-30,1210.5,111264,80341,30923,0.3333333333333333,0.9743589743589745,0.0897435897435897,-0.0085995085995086,-0.0199967229179707,-0.0420985623387424,-0.0572429906542055,-0.08974358974358976,-0.1282051282051282,-0.26282051282051283,-0.5128205128205128,-0.09615384615384609,0.06410256410256421,0.2692307692307693,0.3782051282051283,0.5769230769230771,0.4423076923076924,-0.04487179487179491,-0.217948717948718,-0.43589743589743596,-0.7115384615384617,-0.3717948717948718
2014-10-07,1211.699951171875,110064,80201,29863,0.2756410256410256,0.9615384615384616,0.0705128205128205,0.000991285561235,-0.0076167476069819,-0.0281521465203989,-0.0741901696467627,-0.0064102564102563875,-0.24358974358974367,-0.5064102564102564,-0.5512820512820513,0.03846153846153852,-0.012820512820512886,0.1987179487179488,0.576923076923077,0.5,0.39743589743589747,0.0,-0.23076923076923073,-0.6410256410256411,-0.6730769230769231,-0.3525641025641026
2014-10-14,1233.5999755859375,123582,81386,42196,0.6410256410256411,0.9743589743589745,0.173076923076923,0.0180738015156989,0.019083003375413,-0.0012953170734985,-0.0474866814603835,0.30769230769230776,0.217948717948718,-0.03205128205128205,-0.1794871794871794,0.46794871794871806,0.0,0.06410256410256421,0.5512820512820513,0.5705128205128207,0.35897435897435903,0.08333333333333329,0.03846153846153838,-0.4294871794871795,-0.6025641025641026,-0.185897435897436
2014-10-21,1251.0,132835,70347,62488,0.7564102564102564,0.8525641025641025,0.3461538461538461,0.0141050784358176,0.0324338123395289,0.0245700245700246,-0.0255491880204128,0.4807692307692308,0.4743589743589744,0.2564102564102564,0.02564102564102566,0.5705128205128205,-0.10897435897435903,-0.12179487179487192,0.1858974358974359,0.3974358974358974,0.28205128205128205,0.2756410256410256,0.2756410256410256,-0.1217948717948718,-0.30769230769230776,-0.03846153846153849
2014-10-28,1229.199951171875,128420,68353,60067,0.7371794871794872,0.8397435897435898,0.3333333333333333,-0.0174260981839528,-0.00356681622985,0.0154481215794093,-0.0273007844686603,0.09615384615384615,0.4038461538461539,0.2756410256410257,0.14102564102564108,0.5320512820512822,-0.1346153846153847,-0.1346153846153847,0.13461538461538458,0.2435897435897436,0.25,0.16025641025641033,0.2435897435897436,0.025641025641025605,-0.19230769230769235,-0.05769230769230771
2014-11-04,1167.4000244140625,113324,74519,38805,0.4166666666666667,0.903846153846154,0.141025641025641,-0.0502765450803139,-0.0668265192533473,-0.0365601456985853,-0.0636830456404706,-0.3397435897435897,0.14102564102564108,-0.10256410256410259,-0.36538461538461536,-0.0576923076923076,0.05128205128205143,-0.0576923076923076,0.1410256410256412,0.5192307692307694,0.33974358974358987,-0.2051282051282051,0.0705128205128205,-0.16025641025641021,-0.5705128205128206,-0.33974358974358976
2014-11-11,1162.800048828125,110478,79863,30615,0.2948717948717949,0.9487179487179488,0.0961538461538461,-0.0039403593367631,-0.0540187967632497,-0.0573929378720876,-0.0586139128932622,-0.44230769230769235,-0.3461538461538462,-0.1282051282051282,-0.37820512820512825,-0.10897435897435892,0.10897435897435903,-0.02564102564102566,0.03846153846153855,0.5256410256410258,0.34615384615384626,-0.23717948717948723,-0.07692307692307689,-0.038461538461538505,-0.5064102564102564,-0.3525641025641026
2014-11-18,1196.699951171875,119566,71166,48400,0.5769230769230769,0.8525641025641025,0.2371794871794871,0.0291536815619455,0.0250984462438388,-0.0434053148106514,-0.0199017598919942,0.1602564102564102,-0.17948717948717952,0.2948717948717949,0.07692307692307687,0.24999999999999994,-0.05128205128205143,0.0,-0.12179487179487192,0.1858974358974359,0.2564102564102564,0.09615384615384609,-0.108974358974359,0.16666666666666657,-0.2307692307692308,-0.19871794871794882
2014-11-25,1197.0999755859375,113999,59549,54450,0.4679487179487179,0.7051282051282052,0.3141025641025641,0.000334272942579,0.0294976997914475,-0.0261145272218198,-0.0110698260339219,0.17307692307692302,-0.26923076923076933,0.13461538461538458,0.0064102564102563875,0.1538461538461538,-0.2435897435897436,-0.13461538461538458,-0.2692307692307693,0.0,-0.02564102564102555,0.217948717948718,-0.019230769230769218,0.2243589743589744,0.0064102564102563875,0.04487179487179488
2014-12-02,1199.199951171875,117804,49170,68634,0.5448717948717948,0.6217948717948718,0.4294871794871794,0.0017542190533499,0.0020890783838938,0.0272399572492501,-0.0103160852551911,-0.03205128205128205,0.12820512820512814,0.2692307692307692,0.02564102564102555,0.22435897435897434,-0.23076923076923073,-0.28205128205128216,-0.33974358974358976,-0.14102564102564097,-0.28846153846153844,0.19230769230769232,0.28846153846153844,0.3589743589743589,0.1282051282051282,0.3205128205128205
2014-12-09,1231.5,130648,39985,90663,0.7884615384615384,0.5897435897435898,0.6217948717948718,0.0269346648960091,0.028736133251715,0.0590814828749888,-0.0017023148731338,0.32051282051282054,0.49358974358974356,0.14743589743589736,0.36538461538461536,0.4615384615384615,-0.11538461538461542,-0.35897435897435903,-0.3846153846153847,-0.3205128205128205,-0.32692307692307687,0.3076923076923077,0.5256410256410257,0.4487179487179488,0.4871794871794872,0.5128205128205129
2014-12-16,1193.9000244140625,127571,35746,91825,0.7371794871794872,0.5576923076923077,0.6538461538461539,-0.0305318518765225,-0.0044195521794621,-0.0023397065864928,-0.045643465696193,0.1923076923076924,0.16025641025641035,-0.019230769230769162,0.45512820512820523,0.32051282051282054,-0.0641025641025641,-0.2948717948717948,-0.2948717948717948,-0.41666666666666674,-0.21794871794871795,0.22435897435897445,0.41666666666666674,0.30769230769230776,0.5833333333333334,0.40384615384615385
2014-12-23,1177.9000244140625,123087,40890,82197,0.6666666666666666,0.5961538461538461,0.5769230769230769,-0.0134014571344467,-0.0435241377068108,-0.0160387198759045,-0.0417344035109218,-0.1217948717948718,0.19871794871794873,-0.0705128205128206,0.3333333333333333,-0.05769230769230771,0.0064102564102563875,-0.10897435897435903,-0.2435897435897436,-0.3782051282051283,-0.03205128205128205,-0.044871794871794934,0.2628205128205128,0.24358974358974356,0.48717948717948717,-0.0064102564102564985
2014-12-30,1200.199951171875,124928,37878,87050,0.6923076923076923,0.5641025641025641,0.5897435897435898,0.0189319350501799,0.0052767623996861,0.00083388929346,0.0280965616514146,-0.044871794871794934,0.14743589743589747,0.2756410256410256,0.4166666666666667,-0.1282051282051282,0.0064102564102563875,-0.05769230769230771,-0.33974358974358987,-0.39743589743589747,0.1346153846153847,-0.0641025641025641,0.16025641025641035,0.4487179487179488,0.5192307692307693,-0.17948717948717952
2015-01-06,1219.300048828125,128325,34129,94196,0.75,0.4871794871794871,0.6794871794871795,0.0159140963450303,0.0351473160335968,-0.009906578296285,0.048589609242742,0.08333333333333337,-0.038461538461538436,0.4551282051282051,0.10897435897435892,-0.09615384615384615,-0.10897435897435903,-0.10256410256410264,-0.4615384615384617,-0.48717948717948734,0.0897435897435897,0.10256410256410264,0.05769230769230771,0.5833333333333334,0.5064102564102565,-0.1217948717948718
2015-01-13,1234.300048828125,132173,30232,101941,0.8012820512820513,0.4102564102564102,0.7307692307692307,0.0123021400798077,0.0284120138673182,0.0338386997134787,0.0314198204983879,0.10897435897435903,0.0641025641025641,0.22435897435897445,0.044871794871794934,-0.02564102564102555,-0.1538461538461539,-0.14743589743589752,-0.44230769230769235,-0.44230769230769235,-0.05128205128205132,0.14102564102564097,0.07692307692307687,0.4935897435897436,0.38461538461538464,-0.012820512820512886
2015-01-20,1294.199951171875,155602,26261,129341,0.9294871794871796,0.2884615384615384,0.8846153846153846,0.0485294498696815,0.0614286060397821,0.0987349727033626,0.0811126702583135,0.17948717948717963,0.262820512820513,0.46153846153846173,0.1923076923076924,0.10897435897435914,-0.19871794871794873,-0.30769230769230776,-0.4166666666666668,-0.5512820512820513,-0.11538461538461542,0.20512820512820507,0.3076923076923077,0.5705128205128205,0.5512820512820513,0.10897435897435892
2015-01-27,1291.699951171875,173110,19873,153237,0.9871794871794872,0.2115384615384615,0.9551282051282052,-0.0019316953286362,0.0465040104294307,0.0762372968859559,0.0771347596450513,0.1858974358974359,0.29487179487179493,0.4423076923076924,0.5705128205128205,0.2564102564102565,-0.19871794871794868,-0.3525641025641026,-0.4102564102564103,-0.6923076923076925,-0.2435897435897436,0.22435897435897445,0.3653846153846154,0.5256410256410258,0.8141025641025642,0.3012820512820513
2015-02-03,1259.699951171875,167310,18984,148326,0.9551282051282052,0.1987179487179487,0.9423076923076924,-0.0247735551673347,-0.0266573955351805,0.0331336838562243,0.0228988641265732,0.02564102564102555,0.20512820512820518,0.16666666666666674,0.6602564102564104,0.35897435897435903,-0.08974358974358967,-0.28846153846153844,-0.3910256410256411,-0.7500000000000001,-0.39743589743589747,0.05769230769230782,0.2628205128205129,0.3205128205128206,0.8461538461538463,0.41666666666666674
2015-02-10,1231.5999755859375,140835,21298,119537,0.8589743589743589,0.2243589743589743,0.8333333333333334,-0.0223068799516874,-0.0465278143979278,-0.0021875339345169,0.0315771424750386,-0.1282051282051283,0.0576923076923076,0.1217948717948717,0.28205128205128205,0.07692307692307687,0.012820512820512803,-0.18589743589743588,-0.33333333333333337,-0.6282051282051282,-0.16025641025641027,-0.1217948717948718,0.10256410256410264,0.17948717948717952,0.5961538461538463,0.1217948717948718
2015-02-17,1208.0999755859375,128595,32903,95692,0.7628205128205128,0.4615384615384615,0.6858974358974359,-0.0190808707907125,-0.0409621160482979,-0.0665275682540209,0.0256388068137596,-0.1923076923076924,-0.16666666666666685,0.09615384615384615,0.2948717948717949,0.08974358974358965,0.2628205128205128,0.17307692307692313,-0.13461538461538464,-0.24358974358974367,0.038461538461538436,-0.2564102564102565,-0.19871794871794868,0.10897435897435903,0.3717948717948718,0.08333333333333337
2015-02-24,1196.9000244140625,124595,35108,89487,0.6730769230769231,0.5192307692307693,0.6217948717948718,-0.0092707155022024,-0.02817469296828,-0.0733916004810611,-0.0027494808299154,-0.1858974358974358,-0.3141025641025641,-0.019230769230769162,0.1282051282051283,0.17307692307692313,0.29487179487179493,0.30769230769230776,-0.04487179487179482,-0.10256410256410253,-0.14743589743589736,-0.21153846153846156,-0.33333333333333337,0.03205128205128205,0.1923076923076924,0.1538461538461539
2015-03-03,1204.0,115279,42320,72959,0.4935897435897436,0.6025641025641025,0.4743589743589743,0.0059319704579448,-0.0033937386547409,-0.0442168399864256,-0.0125482229274327,-0.26923076923076916,-0.46153846153846156,-0.2564102564102564,-0.2948717948717948,0.032051282051282104,0.14102564102564102,0.40384615384615385,0.11538461538461542,0.012820512820512775,-0.10256410256410264,-0.21153846153846162,-0.4679487179487181,-0.20512820512820523,-0.14743589743589752,0.16666666666666657
2015-03-10,1160.0999755859375,107032,58359,48673,0.2115384615384615,0.6858974358974359,0.2564102564102564,-0.0364618142973941,-0.0307461342447046,-0.0580545643206785,-0.0601151019256904,-0.4615384615384616,-0.6474358974358974,-0.5897435897435899,-0.5256410256410258,-0.30769230769230776,0.16666666666666663,0.46153846153846156,0.2756410256410257,0.1282051282051282,-0.07692307692307687,-0.3653846153846154,-0.576923076923077,-0.47435897435897434,-0.39743589743589747,-0.04487179487179482
2015-03-17,1148.300048828125,97847,78623,19224,0.0833333333333333,0.935897435897436,0.0448717948717948,-0.0101714740161533,-0.0462624179168397,-0.0494991540156344,-0.1127336639223639,-0.4102564102564103,-0.6794871794871795,-0.8461538461538464,-0.5833333333333334,-0.33974358974358976,0.3333333333333335,0.4743589743589745,0.6474358974358976,0.33974358974358987,0.025641025641025772,-0.42948717948717946,-0.6410256410256411,-0.8397435897435898,-0.532051282051282,-0.08974358974358981
2015-03-24,1191.699951171875,98784,87349,11435,0.1025641025641025,1.0,0.0192307692307692,0.037794914654964,0.027239010646455,-0.0043446178762784,-0.0774173598979209,-0.108974358974359,-0.5705128205128206,-0.8846153846153847,-0.5897435897435898,-0.1794871794871795,0.3141025641025641,0.4807692307692307,0.7884615384615385,0.4358974358974359,0.02564102564102555,-0.2371794871794872,-0.6025641025641026,-0.935897435897436,-0.5705128205128206,-0.051282051282051294
2015-03-31,1183.0999755859375,103808,67752,36056,0.141025641025641,0.8012820512820513,0.1346153846153846,-0.0072165611633033,0.0303056041783913,-0.0173588242641714,-0.0608081118957558,0.057692307692307696,-0.35256410256410264,-0.8141025641025642,-0.608974358974359,-0.19230769230769232,-0.1346153846153847,0.1987179487179488,0.6025641025641026,0.3141025641025642,-0.17307692307692313,0.08974358974358981,-0.33974358974358965,-0.8076923076923078,-0.5448717948717949,0.04487179487179491
2015-04-07,1210.5999755859375,112747,57072,55675,0.4102564102564102,0.6602564102564102,0.3653846153846153,0.0232440204272512,0.0158597173688535,0.0435307310255683,-0.0170509909193601,0.3076923076923077,0.19871794871794868,-0.44871794871794873,-0.39102564102564114,0.13461538461538458,-0.33974358974358976,-0.02564102564102566,0.4358974358974359,0.25000000000000006,-0.3012820512820513,0.3461538461538461,0.10897435897435892,-0.46794871794871806,-0.3653846153846154,0.2948717948717948
2015-04-14,1192.800048828125,110439,62390,48049,0.3205128205128205,0.7051282051282052,0.2564102564102564,-0.0147033926290947,0.0081988618395358,0.0387529374795494,-0.0126644541569433,0.1794871794871795,0.23717948717948717,-0.4423076923076923,-0.6089743589743591,-0.3205128205128206,-0.09615384615384615,-0.23076923076923084,0.24358974358974367,0.4166666666666668,-0.2692307692307693,0.12179487179487178,0.2115384615384616,-0.4294871794871795,-0.6282051282051282,0.0833333333333334
2015-04-21,1202.9000244140625,108259,60134,48125,0.2564102564102564,0.6858974358974359,0.2628205128205128,0.0084674506811601,-0.0063604421998672,0.0093984003533555,0.0050129500188933,-0.1538461538461538,0.15384615384615388,-0.41666666666666674,-0.7307692307692308,-0.5,0.02564102564102566,-0.3141025641025641,0.16666666666666663,0.4743589743589744,-0.16666666666666663,-0.10256410256410253,0.24358974358974358,-0.35897435897435903,-0.6923076923076924,-0.08333333333333331
2015-04-28,1214.0,114952,64369,50583,0.532051282051282,0.7371794871794872,0.3012820512820512,0.0092276792423746,0.0177732648424209,0.0261178472248375,0.0083056478405316,0.21153846153846156,0.3910256410256411,0.038461538461538436,-0.42307692307692313,-0.20512820512820518,0.03205128205128205,-0.0641025641025641,0.1346153846153847,0.5384615384615385,-0.10256410256410253,0.04487179487179482,0.1666666666666666,-0.17307692307692307,-0.6410256410256412,-0.032051282051282104
2015-05-05,1193.199951171875,98957,76100,22857,0.1089743589743589,0.8910256410256411,0.0641025641025641,-0.017133483383958,-0.0080639064305551,-0.0143730586196656,0.0285320026571154,-0.14743589743589747,-0.30128205128205127,-0.1025641025641026,-0.75,-0.30769230769230776,0.20512820512820518,0.23076923076923084,0.20512820512820518,0.6666666666666667,-0.012820512820512886,-0.19871794871794868,-0.3012820512820512,-0.1923076923076923,-0.7692307692307693,-0.0769230769230769
2015-05-12,1192.5999755859375,104207,76488,27719,0.1538461538461538,0.8910256410256411,0.0833333333333333,-0.0005028290399679,-0.0176276972109246,-0.0001677340995953,0.0385787031908793,-0.37820512820512825,-0.16666666666666669,0.0705128205128205,-0.608974358974359,-0.14102564102564108,0.15384615384615385,0.1858974358974359,-0.044871794871794934,0.42948717948717957,-0.05769230769230771,-0.2179487179487179,-0.17307692307692307,0.0384615384615385,-0.6025641025641026,-0.012820512820512803
2015-05-19,1206.9000244140625,132306,53689,78617,0.8269230769230769,0.5705128205128205,0.5961538461538461,0.0119906499420303,0.0114817916550635,0.0033252971309467,0.0127549499580328,0.717948717948718,0.5705128205128205,0.7243589743589743,0.15384615384615374,0.25,-0.3205128205128206,-0.11538461538461542,-0.4294871794871795,0.05128205128205121,-0.28205128205128205,0.532051282051282,0.33333333333333337,0.576923076923077,-0.02564102564102566,0.35897435897435903
2015-05-26,1187.199951171875,125069,58825,66244,0.717948717948718,0.6474358974358975,0.4743589743589743,-0.0163228708622751,-0.0045279427508032,-0.0220758227579283,0.003465451500755,0.5641025641025641,0.1858974358974359,0.576923076923077,0.22435897435897434,0.25000000000000006,-0.2435897435897436,-0.08974358974358976,-0.15384615384615385,0.044871794871794934,-0.05769230769230771,0.39102564102564097,0.17307692307692307,0.33974358974358965,0.0,0.1602564102564102
2015-06-02,1194.0999755859375,125229,63482,61747,0.717948717948718,0.7115384615384616,0.4423076923076923,0.0058120154126115,-0.0106057242266933,0.0007542947124483,-0.0136296054293358,-0.10897435897435892,0.608974358974359,0.30769230769230776,0.5064102564102564,0.17307692307692313,0.14102564102564108,-0.17948717948717952,0.05128205128205132,0.02564102564102566,0.08974358974358976,-0.15384615384615385,0.3782051282051282,0.07692307692307698,0.1858974358974359,0.012820512820512886
2015-06-09,1177.300048828125,121125,83486,37639,0.6346153846153846,0.9871794871794872,0.1602564102564102,-0.0140691123869832,-0.0083388668724067,-0.0128290517114051,-0.012994633941563,-0.08333333333333337,0.4807692307692308,0.3141025641025641,0.5512820512820513,-0.15384615384615385,0.33974358974358976,0.09615384615384615,0.28205128205128205,0.05128205128205121,0.39743589743589747,-0.3141025641025641,0.07692307692307689,-0.0961538461538462,0.11538461538461539,-0.4615384615384616
2015-06-16,1180.5,124527,89529,34998,0.6858974358974359,1.0,0.1474358974358974,0.002718042163559,-0.0113893106640958,-0.0218742430027536,-0.0186216842293054,-0.03205128205128205,-0.14102564102564097,0.4294871794871795,0.5833333333333334,-0.05128205128205132,0.28846153846153844,0.4294871794871795,0.3141025641025641,0.0,0.4423076923076923,-0.2948717948717949,-0.44871794871794873,-0.11538461538461536,0.12820512820512822,-0.5064102564102564
2015-06-23,1176.199951171875,124843,84927,39916,0.6923076923076923,0.9871794871794872,0.2115384615384615,-0.0036425657163278,-0.0009344241999692,-0.00926549903337,-0.031136778276874,0.05769230769230771,-0.02564102564102566,0.16025641025641024,0.5512820512820513,0.02564102564102566,0.0,0.33974358974358976,0.25,0.1858974358974359,0.3910256410256411,0.05128205128205132,-0.2628205128205128,-0.0897435897435897,0.0769230769230769,-0.36538461538461536
2015-06-30,1171.5,115188,99565,15623,0.5256410256410257,1.0,0.032051282051282,-0.0039958777138124,-0.0076238881829733,-0.0189263680160849,-0.018186349362957,-0.16025641025641024,-0.1923076923076923,0.41666666666666674,0.11538461538461547,-0.16666666666666663,0.0,0.28846153846153844,0.10897435897435892,0.33974358974358976,0.4358974358974359,-0.11538461538461542,-0.4102564102564103,-0.0320512820512821,-0.3333333333333333,-0.5576923076923077
2015-07-07,1152.4000244140625,111482,109383,2099,0.3974358974358974,1.0,0.0064102564102564,-0.0163038630695155,-0.0202345925402395,-0.0211501090472626,-0.0337078249159986,-0.2948717948717949,-0.23717948717948717,0.2435897435897436,0.07692307692307693,-0.3525641025641026,0.012820512820512775,0.012820512820512775,0.10897435897435892,0.2948717948717948,0.5128205128205129,-0.20512820512820512,-0.1538461538461538,-0.0769230769230769,-0.25,-0.6730769230769231
2015-07-14,1153.300048828125,108413,109536,-1123,0.282051282051282,1.0,0.0064102564102564,0.0007809999956569,-0.0155355963908451,-0.0230410429240788,-0.0444112805548742,-0.24358974358974367,-0.4038461538461539,-0.5448717948717949,0.025641025641025605,-0.5192307692307694,0.0,0.0,0.4294871794871795,0.3141025641025641,0.5897435897435899,-0.0256410256410256,-0.14102564102564102,-0.5897435897435898,-0.2564102564102564,-0.7243589743589743
2015-07-21,1103.4000244140625,106297,119853,-13556,0.2307692307692307,1.0,0.0064102564102564,-0.043267165786359,-0.0425199574469933,-0.0618941759734645,-0.0705861945791812,-0.1666666666666667,-0.46153846153846156,-0.4871794871794872,-0.3012820512820513,-0.6987179487179489,0.0,0.012820512820512775,0.35256410256410253,0.2628205128205128,0.7115384615384617,0.0,-0.20512820512820512,-0.4679487179487179,-0.2948717948717948,-0.8782051282051282
2015-07-28,1096.300048828125,106284,120917,-14633,0.2243589743589743,1.0,0.0064102564102564,-0.0064346342476363,-0.0494233916472283,-0.0641911661731754,-0.0819026285548851,-0.05769230769230768,-0.3012820512820513,-0.4935897435897436,0.1153846153846154,-0.7628205128205129,0.0,0.0,0.28846153846153844,0.10897435897435892,0.7884615384615385,0.0,-0.0256410256410256,-0.4358974358974359,-0.057692307692307696,-0.9487179487179488
2015-08-04,1090.699951171875,103573,114860,-11287,0.141025641025641,0.9871794871794872,0.0192307692307692,-0.0051081797015662,-0.0115099446811518,-0.0535404997700853,-0.0735582214087657,-0.0897435897435897,-0.2564102564102564,-0.4935897435897436,-0.012820512820512803,-0.8141025641025642,-0.012820512820512775,-0.012820512820512775,0.0,0.09615384615384615,0.7884615384615385,0.012820512820512801,0.012820512820512801,-0.141025641025641,-0.0641025641025641,-0.9230769230769232
2015-08-11,1107.5999755859375,108507,113937,-5430,0.2884615384615384,0.9807692307692308,0.0256410256410256,0.0154946595494982,0.0103073303425385,-0.0396254845290465,-0.0617535149632041,0.06410256410256407,0.0064102564102563875,-0.3974358974358975,-0.5384615384615385,-0.5705128205128205,-0.019230769230769162,-0.019230769230769162,-0.019230769230769162,0.41025641025641035,0.7564102564102565,0.019230769230769197,0.019230769230769197,-0.1217948717948718,-0.5705128205128206,-0.8076923076923078
2015-08-18,1117.0999755859375,112075,104158,7917,0.4166666666666667,0.9615384615384616,0.0448717948717948,0.0085771038365853,0.0242046626899521,0.0124161236802129,-0.050246538037223,0.27564102564102566,0.185897435897436,-0.2756410256410256,-0.30128205128205127,-0.3461538461538461,-0.02564102564102566,-0.038461538461538436,-0.02564102564102566,0.3141025641025641,0.5,0.025641025641025602,0.0384615384615384,-0.1666666666666667,-0.42948717948717946,-0.6410256410256411
2015-08-25,1138.199951171875,119456,78842,40614,0.6153846153846154,0.8589743589743589,0.2756410256410256,0.0188881711996011,0.0276272808418487,0.0382193746944901,-0.028425137710734,0.32692307692307704,0.3910256410256411,0.08974358974358976,-0.10256410256410253,-0.05769230769230771,-0.12179487179487192,-0.14102564102564108,-0.14102564102564108,0.14743589743589736,0.33974358974358965,0.25,0.2692307692307692,0.2435897435897436,-0.16666666666666669,-0.3461538461538462
2015-09-01,1138.699951171875,112641,72044,40597,0.4358974358974359,0.75,0.2756410256410256,0.0004392901260321,0.01933575871274,0.0440084369201883,-0.0118882965567042,0.019230769230769218,0.29487179487179493,0.03846153846153849,-0.19871794871794868,-0.05769230769230771,-0.21153846153846156,-0.23717948717948723,-0.25,-0.23717948717948723,0.14743589743589747,0.2307692307692308,0.2564102564102564,0.2692307692307692,0.11538461538461542,-0.19871794871794868
2015-09-08,1120.4000244140625,112684,85859,26825,0.4423076923076923,0.935897435897436,0.1346153846153846,-0.0160708944783737,-0.0156386641376025,0.0115565629381253,-0.0285268559968348,-0.17307692307692313,0.1538461538461539,0.1602564102564103,-0.2435897435897436,0.23076923076923078,0.0769230769230771,-0.04487179487179482,-0.06410256410256399,-0.06410256410256399,0.2500000000000001,-0.141025641025641,0.108974358974359,0.12820512820512822,-0.012820512820512803,-0.12179487179487178
2015-09-15,1102.800048828125,104300,95493,8807,0.1474358974358974,0.9487179487179488,0.0512820512820512,-0.0157086533402583,-0.0315270957084033,-0.0128009373111944,-0.0005437516518599,-0.2884615384615385,-0.2692307692307693,-0.08333333333333329,-0.5448717948717949,0.06410256410256411,0.1987179487179488,-0.012820512820512775,-0.05128205128205121,-0.038461538461538436,0.012820512820512775,-0.2243589743589744,0.006410256410256394,0.044871794871794796,-0.1602564102564103,0.006410256410256394
2015-09-22,1125.0,107531,86702,20829,0.2628205128205128,0.9294871794871796,0.1153846153846153,0.0201305315460091,0.0041056546641393,-0.0115972164278205,0.0261789199066015,-0.17948717948717952,-0.35256410256410264,0.038461538461538464,-0.2628205128205129,0.16025641025641027,-0.0064102564102563875,0.0705128205128207,-0.07051282051282037,-0.07051282051282037,-0.07051282051282037,-0.019230769230769315,-0.1602564102564103,0.10897435897435889,0.08333333333333329,0.09615384615384609
2015-09-29,1127.0999755859375,112633,72069,40564,0.4487179487179487,0.7307692307692307,0.2948717948717949,0.0018666449652777,0.0220347530666455,-0.0101870344106009,0.0333730870483246,0.30128205128205127,0.012820512820512775,0.3076923076923077,0.051282051282051266,0.3076923076923077,-0.21794871794871806,-0.019230769230769273,-0.2564102564102565,-0.2692307692307693,-0.0705128205128206,0.24358974358974367,0.019230769230769273,0.27564102564102566,0.2884615384615385,0.16025641025641027
2015-10-06,1146.800048828125,115414,69576,45838,0.5705128205128205,0.6923076923076923,0.358974358974359,0.0174785499679797,0.0193778211805555,0.0235630344866057,0.0353919051157887,0.3076923076923077,0.1282051282051282,0.2820512820512821,0.2884615384615385,0.1602564102564103,-0.23717948717948734,-0.24358974358974372,-0.28846153846153855,-0.3076923076923077,0.03205128205128205,0.24358974358974367,0.22435897435897437,0.33333333333333337,0.3525641025641026,-0.006410256410256332
2015-10-13,1165.800048828125,128350,51137,77213,0.8012820512820513,0.4230769230769231,0.6730769230769231,0.016567840243306,0.0343359720348399,0.0571273097665765,0.0435950893443028,0.35256410256410264,0.653846153846154,0.38461538461538464,0.5705128205128206,0.48076923076923084,-0.30769230769230765,-0.5256410256410258,-0.5384615384615385,-0.5769230769230769,-0.2820512820512821,0.37820512820512825,0.6217948717948719,0.6282051282051283,0.6666666666666667,0.41666666666666674
2015-10-20,1178.0,156199,39855,116344,0.9743589743589745,0.3717948717948718,0.8974358974358975,0.0104648744732327,0.0272060950849777,0.0471111111111111,0.0349675369315798,0.40384615384615397,0.7115384615384617,0.35897435897435903,0.7500000000000001,0.7179487179487181,-0.3205128205128205,-0.5576923076923078,-0.4871794871794871,-0.6282051282051282,-0.3141025641025641,0.5384615384615385,0.7820512820512822,0.6217948717948718,0.8910256410256411,0.6346153846153847
2015-10-27,1166.800048828125,147660,33568,114092,0.935897435897436,0.282051282051282,0.8910256410256411,-0.0095075986178905,0.0008577800292641,0.035223204775201,0.0246773503655033,0.1346153846153847,0.48717948717948734,0.5000000000000001,0.794871794871795,0.40384615384615397,-0.14102564102564108,-0.44871794871794873,-0.467948717948718,-0.7051282051282053,-0.45512820512820523,0.21794871794871795,0.5961538461538463,0.6153846153846154,0.8717948717948719,0.5897435897435899
2015-11-03,1114.199951171875,116702,49495,67207,0.5961538461538461,0.4166666666666667,0.6089743589743589,-0.0450806440307222,-0.0541596339797325,-0.028427011046575,-0.0055338032016108,-0.3782051282051283,0.02564102564102566,0.15384615384615385,0.30769230769230776,0.4871794871794872,0.04487179487179488,-0.2756410256410256,-0.5192307692307694,-0.5641025641025641,-0.4743589743589744,-0.28846153846153855,0.24999999999999994,0.47435897435897434,0.5833333333333334,0.5448717948717948
2015-11-10,1088.199951171875,91880,75011,16869,0.0,0.7756410256410257,0.1025641025641025,-0.0233351293658324,-0.0673638107362027,-0.0665638140384832,-0.013239115895728,-0.935897435897436,-0.8012820512820513,-0.1474358974358974,-0.4166666666666667,-0.1538461538461538,0.49358974358974367,0.3525641025641026,-0.17307692307692313,-0.1858974358974359,-0.11538461538461542,-0.7884615384615385,-0.5705128205128206,0.05128205128205131,0.0576923076923077,0.019230769230769204
2015-11-17,1068.699951171875,90510,104433,-13923,0.0,0.9615384615384616,0.0128205128205128,-0.0179195008959526,-0.0408364763902069,-0.0927844217556239,-0.0500444878472222,-0.5961538461538461,-0.9743589743589745,-0.2628205128205128,-0.6153846153846154,-0.8269230769230769,0.5448717948717949,0.5897435897435898,0.03205128205128194,0.10256410256410264,0.3910256410256411,-0.5961538461538461,-0.8846153846153847,-0.10256410256410249,-0.26282051282051283,-0.5833333333333334
2015-11-24,1074.300048828125,91059,107723,-16664,0.0064102564102564,0.9615384615384616,0.0064102564102564,0.005240102846556,-0.0127732980770502,-0.0792766507791136,-0.0468458237081974,0.0064102564102564,-0.9294871794871796,-0.4423076923076923,-0.4294871794871795,-0.7115384615384616,0.1858974358974359,0.6794871794871795,0.23076923076923084,0.21153846153846156,0.3141025641025641,-0.0961538461538461,-0.8846153846153847,-0.2884615384615385,-0.2692307692307692,-0.4679487179487179
2015-12-01,1063.800048828125,89982,110548,-20566,0.0,0.9743589743589745,0.0064102564102564,-0.0097738057551552,-0.0045849186559586,-0.0452341631237205,-0.072375302115495,0.0,-0.5961538461538461,-0.5705128205128205,-0.4423076923076923,-0.717948717948718,0.012820512820512886,0.5576923076923077,0.28205128205128216,0.038461538461538436,0.2628205128205129,-0.0064102564102564,-0.6025641025641025,-0.3525641025641026,-0.12820512820512822,-0.4358974358974359
2015-12-08,1076.300048828125,92488,109910,-17422,0.0256410256410256,0.967948717948718,0.0128205128205128,0.0117503284698754,0.0018616772866961,-0.0109354005492603,-0.0767713126191462,0.019230769230769197,0.0256410256410256,-0.7756410256410258,-0.1217948717948718,-0.608974358974359,0.0064102564102563875,0.1923076923076923,0.5448717948717949,0.019230769230769162,-0.019230769230769273,0.0064102564102564,-0.0897435897435897,-0.6602564102564104,-0.038461538461538394,-0.14743589743589738
2015-12-15,1062.9000244140625,83617,110836,-27219,0.0,0.9743589743589745,0.0064102564102564,-0.0124500825105903,-0.0008460465996913,-0.0054270862008112,-0.0977079589014749,0.0,0.0,-0.9743589743589745,-0.2628205128205128,-0.6858974358974359,0.0,0.012820512820512886,0.6025641025641026,0.04487179487179482,-0.02564102564102555,0.0,-0.0064102564102564,-0.8910256410256411,-0.10897435897435889,-0.14102564102564102
2015-12-22,1074.800048828125,79979,100041,-20062,0.0,0.9230769230769232,0.0192307692307692,0.0111958078283256,-0.0013936634135,0.0004654193216739,-0.0788481283424697,-0.0256410256410256,-0.0064102564102564,-0.935897435897436,-0.4487179487179487,-0.6923076923076923,-0.04487179487179471,-0.038461538461538325,0.6410256410256412,0.1923076923076925,-0.06410256410256399,0.006410256410256401,0.012820512820512801,-0.8717948717948719,-0.27564102564102566,-0.19230769230769232
2015-12-29,1077.5,76071,103272,-27201,0.0,0.9230769230769232,0.0128205128205128,0.0025120497294532,0.0137359819838049,0.0128783141032629,-0.0329383887813631,0.0,0.0,-0.5961538461538461,-0.5705128205128205,-0.5256410256410257,-0.05128205128205121,-0.05128205128205121,0.5064102564102566,0.23076923076923095,-0.07692307692307676,0.0064102564102564,0.0064102564102564,-0.5961538461538461,-0.3461538461538462,-0.0192307692307692
2016-01-05,1078.4000244140625,79732,95659,-15927,0.0064102564102564,0.903846153846154,0.0448717948717948,0.0008352894794083,0.0033494374975724,0.0019511060955761,-0.0090056305803534,0.0064102564102564,-0.019230769230769197,0.0064102564102564,-0.7948717948717949,-0.391025641025641,-0.019230769230769273,-0.06410256410256399,0.1282051282051283,0.4807692307692309,-0.09615384615384603,0.025641025641025602,0.03205128205128201,-0.0576923076923077,-0.6282051282051283,0.0384615384615384
2016-01-12,1085.5999755859375,82908,82816,92,0.0192307692307692,0.8461538461538461,0.0897435897435897,0.0066765124340451,0.0075173787340487,0.02135661929671,0.0158136288820176,0.0192307692307692,0.0192307692307692,0.0192307692307692,-0.9551282051282053,-0.2628205128205128,-0.0769230769230771,-0.1282051282051283,-0.11538461538461542,0.47435897435897434,-0.15384615384615385,0.0769230769230769,0.0833333333333333,0.0769230769230769,-0.8076923076923077,0.0833333333333333
2016-01-19,1089.9000244140625,84054,83615,439,0.032051282051282,0.8525641025641025,0.0961538461538461,0.0039609883242712,0.0106639463461144,0.0140491020654505,0.0145210601106779,0.0256410256410256,0.032051282051282,0.0256410256410256,-0.903846153846154,-0.1987179487179487,-0.05128205128205143,-0.0705128205128207,-0.10897435897435903,0.5705128205128205,-0.14743589743589747,0.0512820512820513,0.0769230769230769,0.0897435897435897,-0.7948717948717949,0.0897435897435897
2016-01-26,1121.699951171875,95745,78942,16803,0.1025641025641025,0.7756410256410257,0.1666666666666666,0.0291769208601571,0.0332534786272937,0.0410208363544084,0.0544274296730218,0.0833333333333333,0.1025641025641025,0.1025641025641025,-0.4935897435897436,-0.1217948717948718,-0.07051282051282048,-0.14743589743589758,-0.1987179487179488,0.358974358974359,-0.22435897435897434,0.0769230769230769,0.1538461538461538,0.16025641025641021,-0.4423076923076923,0.16025641025641021
2016-02-02,1127.300048828125,100566,71530,29036,0.1923076923076923,0.6410256410256411,0.2435897435897435,0.0049925094945393,0.0343150964091123,0.0453449771021952,0.0473845560589993,0.1602564102564103,0.1858974358974359,0.16666666666666669,0.1923076923076923,0.051282051282051294,-0.21153846153846145,-0.2628205128205129,-0.32692307692307687,-0.13461538461538458,-0.34615384615384615,0.1474358974358974,0.1987179487179487,0.2307692307692307,0.141025641025641,0.2243589743589743
2016-02-09,1198.699951171875,121059,60423,60636,0.7371794871794872,0.4615384615384615,0.6282051282051282,0.0633370879545096,0.0686458084620185,0.104181999013857,0.1277635936010763,0.6346153846153847,0.7179487179487181,0.7371794871794872,0.7371794871794872,0.44871794871794884,-0.31410256410256415,-0.38461538461538464,-0.512820512820513,-0.5,-0.5192307692307694,0.46153846153846156,0.5384615384615385,0.6217948717948718,0.6153846153846154,0.6025641025641026
2016-02-16,1207.9000244140625,126219,45206,81013,0.8269230769230769,0.3141025641025641,0.7756410256410257,0.0076750426436518,0.071498245449137,0.1082668110439188,0.1238369645880264,0.6346153846153846,0.7948717948717948,0.8269230769230769,0.8205128205128205,0.4102564102564102,-0.326923076923077,-0.5384615384615384,-0.6089743589743591,-0.6474358974358975,-0.6474358974358975,0.5320512820512822,0.6794871794871795,0.7564102564102565,0.7692307692307693,0.7307692307692308
2016-02-23,1222.300048828125,141373,32276,109097,0.9423076923076924,0.1794871794871795,0.9230769230769232,0.0119215366528764,0.0196880775987169,0.0896853900645622,0.1343851961281903,0.20512820512820518,0.8397435897435899,0.9423076923076924,0.9423076923076924,0.326923076923077,-0.28205128205128205,-0.5961538461538461,-0.7435897435897437,-0.7948717948717949,-0.6794871794871794,0.29487179487179505,0.7564102564102566,0.9102564102564105,0.9166666666666669,0.6474358974358976
2016-03-01,1230.300048828125,133823,29453,104370,0.903846153846154,0.141025641025641,0.8974358974358975,0.0065450377815741,0.0185446013422581,0.0913687532499203,0.1408568443760893,0.0769230769230771,0.7115384615384617,0.8974358974358976,0.8782051282051284,0.46794871794871806,-0.1730769230769231,-0.5000000000000001,-0.762820512820513,-0.826923076923077,-0.608974358974359,0.1217948717948718,0.653846153846154,0.8525641025641026,0.8846153846153847,0.6217948717948718
2016-03-08,1262.0999755859375,160317,32890,127427,0.9871794871794872,0.1987179487179487,0.9743589743589745,0.0258472937460274,0.0325615030417207,0.0528906540390539,0.1625829071198501,0.04487179487179482,0.25,0.9679487179487181,0.9871794871794872,0.5448717948717949,0.019230769230769218,-0.2628205128205128,-0.6474358974358975,-0.7756410256410258,-0.7371794871794873,0.05128205128205121,0.34615384615384626,0.8846153846153848,0.9679487179487181,0.8397435897435899
2016-03-15,1230.4000244140625,159202,29425,129777,0.9807692307692308,0.141025641025641,0.9807692307692308,-0.0251168305087384,8.126114116047134e-05,0.0186273694388858,0.1289109063700899,0.07692307692307687,0.15384615384615397,0.9487179487179488,0.9807692307692308,0.8333333333333335,0.0,-0.1730769230769231,-0.7115384615384616,-0.7820512820512823,-0.8076923076923078,0.08333333333333337,0.20512820512820518,0.8846153846153847,0.9615384615384617,0.9294871794871796
2016-03-22,1248.199951171875,174457,29558,144899,1.0,0.1602564102564102,0.9871794871794872,0.0144667802378248,-0.0110134099381543,0.0211894799223655,0.1127752567590303,0.012820512820512775,0.0576923076923076,0.8974358974358975,1.0,0.7371794871794872,-0.03846153846153852,-0.0192307692307693,-0.6153846153846154,-0.762820512820513,-0.7692307692307694,0.012820512820512775,0.06410256410256399,0.8205128205128206,0.9743589743589745,0.8717948717948719
2016-03-29,1235.5999755859375,184135,29930,154205,1.0,0.1666666666666666,1.0,-0.0100945169675003,0.0042262281117486,0.0043078326810281,0.0960701872322233,0.019230769230769162,0.09615384615384603,0.8076923076923077,0.9935897435897436,0.5512820512820513,0.025641025641025605,0.025641025641025605,-0.47435897435897445,-0.7371794871794873,-0.5641025641025641,0.019230769230769162,0.10256410256410253,0.7564102564102565,0.9551282051282052,0.7051282051282051
2016-04-05,1228.4000244140625,186716,33958,152758,1.0,0.2435897435897435,0.9871794871794872,-0.0058270891179491,-0.015862784435477,-0.0267014910258829,0.0247769036889942,0.0,0.012820512820512775,0.2628205128205128,0.9807692307692308,0.4294871794871795,0.08333333333333331,0.044871794871794796,-0.217948717948718,-0.6025641025641026,-0.4487179487179488,0.0,0.012820512820512775,0.35897435897435903,0.8974358974358976,0.6282051282051282
2016-04-12,1259.4000244140625,202500,31866,170634,1.0,0.1923076923076923,1.0,0.0252360789513879,0.0192619369524014,0.0235695704035849,0.0426359789378942,0.0,0.019230769230769162,0.17307692307692313,0.967948717948718,0.19871794871794868,0.02564102564102569,0.051282051282051294,-0.1217948717948718,-0.6602564102564102,-0.23076923076923078,0.0,0.019230769230769162,0.22435897435897434,0.9038461538461539,0.32692307692307687
2016-04-19,1253.0,208661,34554,174107,1.0,0.2628205128205128,1.0,-0.0050818042639312,0.0200260298738363,0.0038455768433722,0.0251165425390504,0.0,0.0,0.0576923076923076,0.8974358974358975,0.02564102564102555,0.019230769230769273,0.10256410256410259,0.08333333333333329,-0.5128205128205129,-0.10897435897435903,0.012820512820512775,0.012820512820512775,0.07692307692307676,0.8333333333333334,0.10256410256410253
2016-04-26,1242.199951171875,206476,34426,172050,0.9935897435897436,0.2628205128205128,0.9935897435897436,-0.008619352616221,-0.0136573550172748,0.0053415148238471,0.0096723578569999,-0.0064102564102563875,-0.0064102564102563875,0.08974358974358965,0.8012820512820513,0.0576923076923076,0.07051282051282048,0.09615384615384617,0.12179487179487178,-0.3782051282051283,-0.019230769230769218,-0.0064102564102563875,-0.0064102564102563875,0.09615384615384615,0.7500000000000001,0.10256410256410253
2016-05-03,1290.699951171875,248842,29947,218895,1.0,0.173076923076923,1.0,0.0390436338000543,0.0300877503366918,0.0507163183976075,0.022660626051165,0.0,0.0,0.012820512820512775,0.2628205128205128,0.40384615384615385,-0.08974358974358979,-0.07051282051282051,-0.025641025641025716,-0.28846153846153855,-0.2435897435897437,0.0,0.012820512820512775,0.02564102564102555,0.3717948717948718,0.3910256410256411
2016-05-10,1263.9000244140625,246782,35591,211191,0.9935897435897436,0.3141025641025641,0.9935897435897436,-0.020763870590899,0.0174690662495324,0.0035731299926673,0.0272269175351758,0.0,-0.0064102564102563875,0.012820512820512775,0.16666666666666674,0.9935897435897436,0.05128205128205132,0.1217948717948718,0.1730769230769231,0.0,-0.46153846153846156,0.0,-0.0064102564102563875,0.012820512820512775,0.21794871794871795,0.8910256410256411
2016-05-17,1276.199951171875,247059,34618,212441,0.9935897435897436,0.282051282051282,0.9935897435897436,0.0097317244404,-0.0112342144174057,0.0185155236806664,0.0224323033931479,-0.0064102564102563875,-0.0064102564102563875,-0.0064102564102563875,0.05128205128205121,0.9935897435897436,0.108974358974359,0.019230769230769218,0.1217948717948718,0.1025641025641025,-0.6794871794871795,-0.0064102564102563875,-0.0064102564102563875,0.0064102564102563875,0.07051282051282037,0.9807692307692308
2016-05-24,1228.9000244140625,205180,48719,156461,0.967948717948718,0.4038461538461538,0.9615384615384616,-0.0370631002723195,-0.0276920637106766,-0.0107067519566922,-0.005422427407137,-0.02564102564102566,-0.02564102564102566,-0.03205128205128205,0.06410256410256399,0.9615384615384616,0.0897435897435897,0.14102564102564102,0.2371794871794872,0.2628205128205128,-0.5576923076923077,-0.03205128205128205,-0.03205128205128205,-0.038461538461538436,0.0641025641025641,0.9551282051282052
2016-05-31,1214.800048828125,192160,43549,148611,0.9551282051282052,0.391025641025641,0.935897435897436,-0.0114736555503449,-0.048111506576512,-0.0588052260130927,-0.0110712921814085,-0.038461538461538436,-0.04487179487179482,-0.04487179487179482,-0.03205128205128205,0.9551282051282052,0.10897435897435903,0.21794871794871803,0.14743589743589752,0.19230769230769232,-0.5833333333333335,-0.0576923076923076,-0.06410256410256399,-0.05128205128205121,-0.038461538461538436,0.9294871794871796
2016-06-07,1244.4000244140625,212061,34695,177366,0.9807692307692308,0.2948717948717949,0.9807692307692308,0.0243661297301489,0.0126129056001853,-0.0154284354959484,-0.0119104333088915,0.012820512820512886,-0.012820512820512775,-0.019230769230769162,0.0,0.9551282051282053,-0.10897435897435892,-0.019230769230769218,0.10256410256410259,0.15384615384615388,-0.6730769230769231,0.019230769230769273,-0.012820512820512775,-0.019230769230769162,0.0,0.9679487179487181
2016-06-14,1285.5999755859375,257500,28260,229240,1.0,0.1282051282051282,1.0,0.0331082854094884,0.0582811359170678,0.007365636086595,0.0260175383766461,0.04487179487179482,0.0064102564102563875,0.0,0.0,1.0,-0.26282051282051283,-0.1538461538461538,-0.13461538461538458,-0.03205128205128199,-0.8461538461538463,0.06410256410256399,0.0064102564102563875,0.0,0.012820512820512775,0.9935897435897436
2016-06-21,1270.5,274936,24528,250408,1.0,0.0705128205128205,1.0,-0.0117454697205134,0.0209739433251996,0.0338513912926092,0.0227822008859581,0.019230769230769162,0.03205128205128205,0.0064102564102563875,0.0,1.0,-0.2243589743589744,-0.3333333333333333,-0.1923076923076923,-0.0961538461538461,-0.8525641025641028,0.019230769230769162,0.038461538461538436,0.0064102564102563875,0.0,0.9807692307692308
2016-06-28,1315.300048828125,285895,24845,261050,1.0,0.0769230769230769,1.0,0.0352617464211924,0.0231021109257965,0.0827296641097017,0.0190595015006505,0.0,0.04487179487179482,0.0,0.0,1.0,-0.051282051282051294,-0.3141025641025641,-0.09615384615384609,-0.1666666666666666,-0.8461538461538464,0.0,0.06410256410256399,0.0,0.012820512820512775,0.9871794871794872
2016-07-05,1356.4000244140625,300070,26994,273076,1.0,0.1153846153846153,1.0,0.0312476043945681,0.0676111959181917,0.0900032126347283,0.0731861683782169,0.0,0.019230769230769162,0.0064102564102563875,0.0,0.9935897435897436,0.044871794871794796,-0.17948717948717957,-0.1987179487179488,-0.076923076923077,-0.7884615384615387,0.0,0.019230769230769162,0.0064102564102563875,0.0,0.9551282051282052
2016-07-12,1334.0999755859375,296106,36977,259129,0.9935897435897436,0.3782051282051282,0.9871794871794872,-0.0164406137029953,0.0142932608985777,0.0377255763231445,0.045369085276093,-0.0064102564102563875,-0.0064102564102563875,0.0,-0.0064102564102563875,0.9743589743589745,0.3012820512820513,0.25,0.0961538461538462,0.11538461538461542,-0.46794871794871795,-0.012820512820512775,-0.012820512820512775,-0.0064102564102563875,-0.012820512820512775,0.8974358974358976
2016-07-19,1331.5,287317,34920,252397,0.9871794871794872,0.3269230769230769,0.9807692307692308,-0.001948861129988,-0.0183574343599844,0.0480125934671389,0.0834892778481772,-0.012820512820512775,-0.012820512820512775,0.019230769230769273,-0.0064102564102563875,0.9551282051282052,0.21153846153846162,0.25641025641025644,-0.07692307692307687,0.06410256410256415,-0.5256410256410255,-0.019230769230769162,-0.019230769230769162,0.019230769230769273,-0.012820512820512775,0.8846153846153847
2016-07-26,1320.699951171875,278777,31356,247421,0.9743589743589745,0.2243589743589743,0.967948717948718,-0.0081111895066654,-0.0100442430547059,0.004105452857362,0.0871747597029717,-0.019230769230769162,-0.02564102564102555,0.019230769230769273,-0.02564102564102555,0.8717948717948719,-0.15384615384615388,0.1474358974358974,-0.1666666666666667,0.05128205128205132,-0.5512820512820513,-0.019230769230769273,-0.03205128205128205,0.03205128205128194,-0.03205128205128205,0.8012820512820513
2016-08-02,1364.4000244140625,288542,33813,254729,0.9871794871794872,0.2884615384615384,0.9807692307692308,0.0330885703474221,0.0247089931761641,0.0058979650958468,0.0964320135372089,0.0,-0.012820512820512775,0.0064102564102563875,-0.0064102564102563875,0.7948717948717949,-0.03846153846153855,0.17307692307692307,-0.0064102564102564985,-0.025641025641025716,-0.3525641025641027,0.0,-0.019230769230769162,0.0,-0.012820512820512775,0.7371794871794873
2016-08-09,1339.0,281496,36244,245252,0.967948717948718,0.3846153846153846,0.9551282051282052,-0.0186162591318996,0.0138563258156305,0.0036729064565872,0.0415370452925876,-0.0064102564102564985,-0.02564102564102566,-0.03205128205128205,-0.02564102564102566,0.23076923076923073,0.16025641025641027,0.0064102564102563875,0.2564102564102564,0.10256410256410259,-0.07692307692307693,-0.012820512820512775,-0.03205128205128205,-0.04487179487179482,-0.038461538461538436,0.326923076923077
2016-08-16,1350.5,277152,34425,242727,0.9551282051282052,0.3076923076923077,0.9487179487179488,0.008588498879761,-0.0101876459728383,0.0142696207285017,0.0629673356946083,-0.03205128205128205,-0.03205128205128205,-0.04487179487179482,-0.012820512820512775,0.1282051282051283,0.01923076923076933,-0.019230769230769218,0.23717948717948723,-0.09615384615384609,-0.0064102564102563875,-0.03205128205128205,-0.03205128205128205,-0.05128205128205121,-0.012820512820512775,0.17307692307692313
2016-08-23,1340.5999755859375,284550,30866,253684,0.967948717948718,0.2115384615384615,0.9743589743589745,-0.0073306363673176,0.0011949033502147,0.015067786135984,0.0192350990789924,0.0,-0.0064102564102564985,-0.03205128205128205,0.012820512820512775,0.02564102564102555,-0.17307692307692307,-0.012820512820512803,0.1346153846153846,-0.17948717948717952,0.03205128205128202,0.019230769230769273,0.0064102564102564985,-0.02564102564102555,0.038461538461538436,0.05128205128205121
2016-08-30,1311.699951171875,266680,35086,231594,0.935897435897436,0.3653846153846153,0.935897435897436,-0.021557530165873,-0.0287301361185672,-0.0386250896358781,-0.0329549339705276,-0.019230769230769162,-0.05128205128205121,-0.06410256410256399,-0.04487179487179482,0.03205128205128205,0.0576923076923076,0.07692307692307693,0.25,0.07051282051282043,0.2243589743589743,-0.012820512820512775,-0.04487179487179482,-0.06410256410256399,-0.04487179487179482,0.03846153846153855
2016-09-06,1349.4000244140625,291692,22157,269535,0.9871794871794872,0.0576923076923076,0.9935897435897436,0.0287413849550777,0.0065642615160266,0.0077670085243184,0.0114684424766631,0.019230769230769273,0.019230769230769273,-0.0064102564102563875,-0.012820512820512775,0.0,-0.1538461538461539,-0.326923076923077,-0.3205128205128206,-0.0705128205128206,-0.1410256410256411,0.019230769230769162,0.038461538461538436,0.0064102564102563875,-0.0064102564102563875,0.019230769230769162
2016-09-13,1319.0,271631,28654,242977,0.9294871794871796,0.1666666666666666,0.935897435897436,-0.0225285488839848,0.0055653343751389,-0.0233246945575712,-0.0093879083740142,-0.0064102564102563875,-0.02564102564102555,-0.0576923076923076,-0.07051282051282037,-0.05128205128205121,-0.1987179487179487,-0.1410256410256411,-0.16025641025641033,0.0961538461538461,0.025641025641025605,0.0,-0.012820512820512775,-0.04487179487179482,-0.06410256410256399,-0.04487179487179482
2016-09-20,1313.699951171875,246119,32972,213147,0.8910256410256411,0.2884615384615384,0.903846153846154,-0.0040182326217779,-0.0264562565557157,-0.0200656608264558,-0.0053002197764819,-0.09615384615384615,-0.07692307692307687,-0.08333333333333337,-0.10897435897435892,-0.10897435897435892,0.23076923076923078,0.07692307692307687,0.06410256410256407,0.21153846153846148,0.1282051282051282,-0.08974358974358965,-0.07051282051282048,-0.06410256410256399,-0.09615384615384603,-0.08333333333333326
2016-09-27,1325.9000244140625,282151,26974,255177,0.9551282051282052,0.1217948717948717,0.9743589743589745,0.0092868034525726,0.0052312542942096,0.0108257023486972,-0.0282175310107706,0.02564102564102555,0.019230769230769162,-0.03205128205128205,-0.04487179487179482,-0.04487179487179482,-0.04487179487179491,-0.2435897435897436,-0.16666666666666669,0.006410256410256401,-0.04487179487179491,0.038461538461538436,0.038461538461538436,-0.0064102564102563875,-0.02564102564102555,-0.02564102564102555
2016-10-04,1266.300048828125,244765,44649,200116,0.8782051282051282,0.4743589743589743,0.8782051282051282,-0.0449505803518449,-0.0360812241040789,-0.0615829065380528,-0.0542942129737676,-0.012820512820512886,-0.10897435897435903,-0.08974358974358976,-0.11538461538461542,-0.1217948717948718,0.1858974358974359,0.4166666666666667,0.0897435897435897,0.09615384615384609,0.23076923076923078,-0.025641025641025772,-0.11538461538461542,-0.07692307692307698,-0.10897435897435903,-0.10897435897435903
2016-10-11,1253.0,203033,54240,148793,0.8461538461538461,0.5256410256410257,0.8205128205128205,-0.0105030785084729,-0.0549815393858811,-0.0500379075056861,-0.0721954831543872,-0.10897435897435903,-0.08333333333333348,-0.10897435897435903,-0.14102564102564108,-0.15384615384615385,0.40384615384615397,0.35897435897435903,0.21794871794871795,0.19871794871794873,0.33333333333333337,-0.15384615384615397,-0.11538461538461553,-0.1282051282051283,-0.16025641025641035,-0.17948717948717952
2016-10-18,1260.800048828125,190008,59054,130954,0.8269230769230769,0.5641025641025641,0.7884615384615384,0.0062250988253191,-0.0043433623848391,-0.0402678726573454,-0.0595255320088561,-0.05128205128205132,-0.06410256410256421,-0.14102564102564108,-0.14743589743589758,-0.17307692307692313,0.08974358974358981,0.2756410256410257,0.3525641025641026,0.33974358974358976,0.3012820512820513,-0.08974358974358976,-0.11538461538461553,-0.18589743589743601,-0.17948717948717952,-0.21153846153846156
2016-10-25,1271.9000244140625,199094,55184,143910,0.8333333333333334,0.532051282051282,0.7948717948717948,0.0088039143052498,0.0150838183671688,-0.0407270525723563,-0.030342249172347,-0.012820512820512775,-0.1217948717948718,-0.10256410256410264,-0.15384615384615385,-0.16025641025641024,0.0064102564102563875,0.41025641025641035,0.16666666666666674,0.24358974358974367,0.2692307692307693,-0.02564102564102566,-0.17948717948717963,-0.1410256410256412,-0.18589743589743601,-0.1987179487179488
2016-11-01,1286.4000244140625,203670,37403,166267,0.8461538461538461,0.4102564102564102,0.8461538461538461,0.0114002670977853,0.0203045483776209,0.0158729959811172,-0.0466874157849196,0.019230769230769273,-0.03205128205128205,-0.14102564102564108,-0.1217948717948718,-0.15384615384615385,-0.1538461538461539,-0.0641025641025641,0.3525641025641026,0.025641025641025605,0.2371794871794872,0.05769230769230771,-0.03205128205128205,-0.14743589743589747,-0.10897435897435903,-0.15384615384615385
2016-11-08,1273.4000244140625,211670,38033,173637,0.8653846153846154,0.4166666666666667,0.8589743589743589,-0.0101057212012424,0.0011793379756328,0.0162809452626198,-0.0345716266762224,0.03205128205128205,0.019230769230769273,-0.06410256410256421,-0.08974358974358976,-0.1282051282051282,-0.11538461538461536,-0.10897435897435898,0.2500000000000001,0.10897435897435898,0.10256410256410259,0.0641025641025641,0.038461538461538436,-0.0769230769230771,-0.08974358974358987,-0.1346153846153847
2016-11-15,1224.0,178132,43452,134680,0.7884615384615384,0.4487179487179487,0.7756410256410257,-0.0387937988589196,-0.0485074807445568,-0.0291878548563901,-0.0682803946912374,-0.05769230769230771,-0.038461538461538436,-0.10256410256410264,-0.17948717948717952,-0.20512820512820518,0.03846153846153849,-0.11538461538461542,0.1602564102564103,0.23717948717948717,0.16666666666666669,-0.07051282051282048,-0.012820512820512775,-0.1282051282051283,-0.1987179487179488,-0.21794871794871795
2016-11-22,1211.0,171864,47475,124389,0.7692307692307693,0.4743589743589743,0.7243589743589743,-0.0106209150326797,-0.0490026882501238,-0.0478811410056524,-0.086658135831047,-0.09615384615384615,-0.0641025641025641,-0.1858974358974359,-0.16666666666666674,-0.19871794871794868,0.0576923076923076,-0.057692307692307765,0.3525641025641026,0.10897435897435898,0.07051282051282048,-0.13461538461538458,-0.07051282051282048,-0.2500000000000001,-0.21153846153846168,-0.23717948717948723
2016-11-29,1187.9000244140625,162086,55145,106941,0.7564102564102564,0.5384615384615384,0.6602564102564102,-0.0190751243484207,-0.029493444106158,-0.0765702721786447,-0.061912675820092,-0.03205128205128205,-0.08974358974358976,-0.1217948717948718,-0.23076923076923084,-0.1987179487179488,0.08974358974358976,0.12820512820512825,0.06410256410256415,0.48076923076923084,0.1474358974358974,-0.11538461538461542,-0.1858974358974359,-0.21794871794871795,-0.33333333333333337,-0.27564102564102577
2016-12-06,1167.5999755859375,150856,68538,82318,0.717948717948718,0.6602564102564102,0.5448717948717948,-0.0170890213072755,-0.0358381704492671,-0.0830846920054108,-0.0681564440654928,-0.05128205128205132,-0.14743589743589747,-0.1282051282051282,-0.21153846153846168,-0.2628205128205129,0.18589743589743596,0.24358974358974356,0.13461538461538458,0.4935897435897436,0.36538461538461536,-0.17948717948717952,-0.3141025641025641,-0.27564102564102566,-0.3910256410256412,-0.435897435897436
2016-12-13,1156.699951171875,146150,77432,68718,0.6858974358974359,0.7692307692307693,0.4615384615384615,-0.009335409936603,-0.0262648982245597,-0.0549837000229779,-0.0825666986236302,-0.07051282051282048,-0.10256410256410253,-0.14102564102564097,-0.20512820512820518,-0.3141025641025641,0.23076923076923084,0.3205128205128206,0.20512820512820518,0.4807692307692309,0.6410256410256411,-0.19871794871794873,-0.31410256410256415,-0.3269230769230769,-0.44230769230769246,-0.5384615384615385
2016-12-20,1131.5,137588,83783,53805,0.6602564102564102,0.8589743589743589,0.3782051282051282,-0.0217860743802612,-0.0309181023816152,-0.0656482246077622,-0.1103860537141996,-0.05769230769230771,-0.10897435897435903,-0.17307692307692313,-0.29487179487179493,-0.33974358974358976,0.19871794871794868,0.38461538461538464,0.32692307692307687,0.7371794871794872,0.7884615384615384,-0.16666666666666663,-0.34615384615384615,-0.41666666666666663,-0.5961538461538463,-0.6217948717948718
2016-12-27,1137.300048828125,130595,87229,43366,0.6025641025641025,0.8782051282051282,0.3076923076923077,0.005125982172448,-0.016771767236694,-0.0425961567017361,-0.1159048295679646,-0.08333333333333337,-0.15384615384615385,-0.2435897435897436,-0.27564102564102566,-0.39743589743589747,0.10897435897435892,0.33974358974358976,0.467948717948718,0.4038461538461539,0.8012820512820513,-0.1538461538461538,-0.35256410256410253,-0.5384615384615384,-0.5705128205128205,-0.6923076923076923
2017-01-03,1160.4000244140625,127786,91229,36557,0.5512820512820513,0.8910256410256411,0.2371794871794871,0.0203112411801438,0.0255413384127816,-0.0061664536848434,-0.0887388077850833,-0.10897435897435892,-0.16666666666666663,-0.3141025641025641,-0.2948717948717948,-0.4487179487179487,0.03205128205128216,0.23076923076923084,0.4743589743589744,0.3653846153846154,0.7756410256410258,-0.1410256410256411,-0.3076923076923077,-0.6217948717948718,-0.5833333333333334,-0.7628205128205129
2017-01-10,1184.199951171875,135563,79884,55679,0.6410256410256411,0.7948717948717948,0.391025641025641,0.0205101053577021,0.0412379322343965,0.0237745319969446,-0.0325163797615399,0.03846153846153855,-0.04487179487179482,-0.14743589743589736,-0.1858974358974358,-0.35256410256410253,-0.08333333333333337,0.02564102564102555,0.34615384615384615,0.23076923076923073,0.41666666666666663,0.08333333333333331,-0.07051282051282048,-0.38461538461538464,-0.3974358974358974,-0.5961538461538463
2017-01-17,1212.0,141566,82931,58635,0.6794871794871795,0.8269230769230769,0.3974358974358974,0.0234758064299989,0.0444674030509371,0.0711444984533804,0.000825763831544,0.1282051282051282,0.019230769230769273,-0.08974358974358976,-0.15384615384615385,-0.3076923076923077,-0.06410256410256421,-0.03205128205128205,0.3525641025641026,0.2948717948717948,0.49999999999999994,0.16025641025641033,0.019230769230769218,-0.3269230769230769,-0.3974358974358974,-0.5833333333333335
2017-01-24,1210.300048828125,135159,75405,59754,0.6282051282051282,0.7371794871794872,0.3974358974358974,-0.0014025999767945,0.0220402792876504,0.064187107065738,0.0188568262931987,-0.012820512820512886,0.02564102564102566,-0.1282051282051282,-0.21794871794871795,-0.34615384615384626,-0.0576923076923076,-0.14102564102564097,0.1987179487179488,0.32692307692307704,0.5128205128205129,0.0064102564102563875,0.0897435897435897,-0.26282051282051283,-0.44871794871794873,-0.5705128205128205
2017-01-31,1208.5999755859375,140663,70826,69837,0.6602564102564102,0.6730769230769231,0.4679487179487179,-0.0014046708862266,-0.0028053006716687,0.0415373579436222,0.0351147660648287,-0.019230769230769273,0.10897435897435892,-0.05769230769230771,-0.20512820512820518,-0.326923076923077,-0.15384615384615374,-0.21794871794871795,0.012820512820512886,0.25641025641025644,0.38461538461538475,0.07051282051282048,0.2307692307692308,-0.07692307692307693,-0.391025641025641,-0.512820512820513
2017-02-07,1234.199951171875,142542,72393,70149,0.6794871794871795,0.6987179487179487,0.4679487179487179,0.0211815125790701,0.0197470886387975,0.042222599275165,0.067000953809571,0.05128205128205132,0.038461538461538436,-0.0064102564102563875,-0.10897435897435892,-0.28846153846153844,-0.03846153846153855,-0.09615384615384615,-0.0705128205128206,0.25,0.3141025641025641,0.07051282051282048,0.07692307692307687,0.0064102564102563875,-0.30769230769230776,-0.4871794871794873
2017-02-14,1223.9000244140625,135739,72114,63625,0.6282051282051282,0.6923076923076923,0.4294871794871794,-0.0083454279414229,0.0126593158507284,0.0098185019918006,0.0816615328449514,-0.03205128205128205,-0.05128205128205132,-0.03205128205128205,-0.14102564102564108,-0.326923076923077,0.019230769230769162,-0.13461538461538458,-0.16666666666666663,0.217948717948718,0.3846153846153846,-0.03846153846153849,0.03205128205128199,0.05128205128205121,-0.29487179487179493,-0.5192307692307694
2017-02-21,1237.5,142639,64597,78042,0.6794871794871795,0.6217948717948718,0.5064102564102564,0.0111119987863783,0.0026738364597986,0.0224737255841733,0.0881033560801489,0.0,0.05128205128205132,0.07692307692307698,-0.07692307692307687,-0.28846153846153844,-0.07692307692307687,-0.11538461538461542,-0.2564102564102564,0.08333333333333337,0.4102564102564103,0.03846153846153849,0.10897435897435898,0.19871794871794868,-0.15384615384615385,-0.46794871794871806
2017-02-28,1252.5999755859375,166437,52191,114246,0.7564102564102564,0.5,0.6858974358974359,0.0122020004734848,0.0234495878743159,0.0364057594645146,0.079455316470224,0.1282051282051282,0.09615384615384615,0.20512820512820507,0.038461538461538436,-0.17948717948717963,-0.1923076923076923,-0.17307692307692313,-0.3910256410256411,-0.16025641025641024,0.1346153846153847,0.2564102564102565,0.217948717948718,0.4487179487179488,0.14102564102564108,-0.2500000000000001
2017-03-07,1215.0999755859375,150277,60030,90247,0.7051282051282052,0.5769230769230769,0.5769230769230769,-0.0299377301061005,-0.0181010298295454,-0.015475592563265,0.0260935869685554,0.02564102564102566,0.02564102564102566,0.0641025641025641,0.019230769230769273,-0.28205128205128205,-0.044871794871794934,-0.1217948717948718,-0.21794871794871795,-0.1923076923076924,0.5192307692307693,0.07051282051282048,0.10897435897435898,0.18589743589743585,0.11538461538461536,-0.41666666666666674
2017-03-14,1201.9000244140625,121179,74805,46374,0.4230769230769231,0.7243589743589743,0.3076923076923077,-0.0108632634656335,-0.0404757721220285,-0.0179753244228689,-0.0083333131897174,-0.3333333333333333,-0.20512820512820512,-0.25641025641025644,-0.23717948717948717,-0.5064102564102566,0.22435897435897434,0.03205128205128205,-0.10256410256410253,-0.13461538461538458,0.5576923076923077,-0.3782051282051282,-0.1217948717948717,-0.0897435897435897,-0.07051282051282048,-0.6282051282051283
2017-03-21,1246.0999755859375,130259,74064,56195,0.5448717948717948,0.7115384615384616,0.3782051282051282,0.0367750647092488,0.0255123040267131,0.0069494752209595,0.0295793814042029,-0.16025641025641035,-0.1346153846153847,-0.08333333333333337,-0.05769230769230771,-0.34615384615384626,0.1346153846153847,0.08974358974358976,-0.02564102564102566,-0.16666666666666663,0.4230769230769232,-0.19871794871794868,-0.1282051282051282,-0.019230769230769218,0.07051282051282048,-0.5256410256410258
2017-03-28,1255.300048828125,150879,59836,91043,0.7115384615384616,0.5576923076923077,0.6153846153846154,0.0073830939912036,0.0444296724597335,0.0021555750397683,0.0386398098506886,0.2884615384615385,-0.04487179487179482,0.05128205128205132,0.16025641025641024,-0.2435897435897436,-0.16666666666666663,0.05769230769230771,-0.11538461538461542,-0.33333333333333337,0.435897435897436,0.3076923076923077,-0.07051282051282048,0.14743589743589752,0.3782051282051283,-0.35897435897435903
2017-04-04,1255.0,163428,54302,109126,0.75,0.5,0.6794871794871795,-0.000239025584684,0.0071423036581614,0.0328368243072527,0.0168530624299372,0.20512820512820518,0.04487179487179482,0.07051282051282048,0.10897435897435892,-0.1282051282051282,-0.21153846153846156,-0.07692307692307687,-0.19871794871794868,-0.2948717948717948,0.025641025641025716,0.3012820512820513,0.10256410256410264,0.21153846153846162,0.2884615384615385,-0.19871794871794868
2017-04-11,1271.199951171875,179841,46830,133011,0.7884615384615384,0.4294871794871794,0.7628205128205128,0.0129083276269921,0.0126662166217497,0.0576586449372915,0.0386468876658918,0.07692307692307687,0.36538461538461536,0.16025641025641024,0.10897435897435892,-0.05769230769230771,-0.1282051282051283,-0.29487179487179493,-0.2628205128205129,-0.39743589743589747,-0.09615384615384626,0.14743589743589736,0.45512820512820507,0.33333333333333337,0.36538461538461536,-0.05769230769230771
2017-04-18,1291.699951171875,199001,47765,151236,0.8141025641025641,0.4358974358974359,0.8076923076923077,0.0161264952701594,0.0292429889815737,0.0365941549469139,0.043797940340909,0.0641025641025641,0.2692307692307693,0.13461538461538458,0.1858974358974359,-0.012820512820512775,-0.0641025641025641,-0.27564102564102566,-0.1858974358974359,-0.3012820512820513,-0.1282051282051282,0.1282051282051282,0.4294871794871795,0.3012820512820513,0.4102564102564103,0.019230769230769273
2017-04-25,1265.5999755859375,207394,47014,160380,0.8525641025641025,0.4230769230769231,0.8333333333333334,-0.0202059120326347,-0.0044052673072989,0.0082051512444598,0.0103784131034481,0.0641025641025641,0.14102564102564097,0.09615384615384615,0.1923076923076923,0.019230769230769162,-0.006410256410256332,-0.13461538461538464,-0.07692307692307693,-0.25000000000000006,-0.10897435897435898,0.0705128205128206,0.21794871794871795,0.14743589743589747,0.3653846153846155,0.03846153846153855
2017-05-02,1255.0999755859375,195331,51720,143611,0.8012820512820513,0.4615384615384615,0.7628205128205128,-0.008296460337034,-0.0283347348219163,7.966182146423861e-05,0.0329191019699521,-0.012820512820512775,0.05128205128205132,0.09615384615384615,0.1217948717948718,-0.04487179487179482,0.025641025641025605,-0.03846153846153849,-0.11538461538461536,-0.23717948717948717,0.05128205128205132,-0.044871794871794934,0.08333333333333326,0.1858974358974359,0.2948717948717949,-0.08333333333333337
2017-05-09,1214.300048828125,151419,55457,95962,0.6794871794871795,0.5128205128205128,0.6025641025641025,-0.0325073122073524,-0.0405340769179946,-0.0447607807814152,0.0103170181896847,-0.17307692307692302,-0.10897435897435892,0.25641025641025644,0.05128205128205132,-0.1858974358974359,0.0897435897435897,0.08333333333333337,-0.21153846153846156,-0.17948717948717952,0.09615384615384609,-0.23076923076923084,-0.16025641025641024,0.2948717948717948,0.17307692307692313,-0.2564102564102564
2017-05-16,1235.0,132094,66226,65868,0.5128205128205128,0.6089743589743589,0.4487179487179487,0.0170468173758633,-0.0160146410460679,-0.0438956052606759,-0.0089077728941596,-0.28846153846153855,-0.3012820512820513,-0.03205128205128205,-0.16666666666666674,-0.27564102564102566,0.1474358974358974,0.17307692307692302,-0.10256410256410264,-0.012820512820512886,0.16025641025641024,-0.3141025641025641,-0.35897435897435903,0.07051282051282048,-0.05769230769230771,-0.326923076923077
2017-05-23,1254.800048828125,161893,50845,111048,0.7115384615384616,0.4358974358974359,0.6538461538461539,0.0160324282009109,0.0333525474524067,-0.0085334441894346,-0.0003983111451854,0.03205128205128205,-0.14102564102564097,0.0,-0.04487179487179482,-0.05769230769230771,-0.07692307692307687,0.01282051282051283,-0.1217948717948718,-0.0641025641025641,-0.03846153846153838,0.05128205128205132,-0.17948717948717952,0.038461538461538436,-0.03205128205128205,-0.07051282051282048
2017-05-30,1262.0999755859375,175304,51171,124133,0.7564102564102564,0.4487179487179487,0.6923076923076923,0.0058176015888986,0.021943300069585,0.0055772449495363,0.0056573510644919,0.2435897435897436,-0.044871794871794934,0.0064102564102563875,0.05128205128205121,0.0,-0.16025641025641024,-0.01282051282051283,-0.05128205128205132,-0.1282051282051282,-0.08974358974358976,0.2435897435897436,-0.07051282051282048,0.012820512820512775,0.11538461538461542,0.03205128205128205
2017-06-06,1294.4000244140625,229476,63427,166049,0.8717948717948718,0.5897435897435898,0.8333333333333334,0.0255923060398837,0.0315587934690633,0.0659639070781878,0.0182505303125604,0.16025641025641024,0.1923076923076923,0.08333333333333337,0.44871794871794873,0.15384615384615385,0.15384615384615385,0.07692307692307698,0.16025641025641035,-0.13461538461538458,-0.07051282051282048,0.17948717948717952,0.23076923076923084,0.0705128205128206,0.5256410256410257,0.28846153846153855
2017-06-13,1265.800048828125,214955,67459,147496,0.8653846153846154,0.6217948717948718,0.7692307692307693,-0.0220951599555816,0.0029316799887186,0.0249393107920039,-0.0200510206106709,0.10897435897435903,0.35256410256410264,0.05128205128205132,0.3205128205128206,0.17948717948717952,0.17307692307692313,0.012820512820512886,0.1858974358974359,-0.08974358974358976,-0.14743589743589747,0.07692307692307698,0.3205128205128206,-0.038461538461538436,0.3910256410256411,0.30769230769230776
2017-06-20,1241.0,165035,65659,99376,0.7051282051282052,0.6089743589743589,0.5833333333333334,-0.0195923904814863,-0.0412546534354673,-0.0109978070538114,-0.0194374020705463,-0.16666666666666663,-0.0064102564102563875,-0.14743589743589736,-0.0064102564102563875,0.044871794871794934,0.019230769230769162,0.17307692307692302,0.18589743589743585,0.05128205128205121,-0.25,-0.25,-0.07051282051282048,-0.25,-0.03205128205128205,0.20512820512820518
2017-06-27,1246.4000244140625,144515,71860,72655,0.5897435897435898,0.6730769230769231,0.4679487179487179,0.0043513492458198,-0.0153262945692117,-0.0124395463715829,-0.0069316798192219,-0.27564102564102566,-0.16666666666666663,-0.21153846153846156,-0.16025641025641024,-0.012820512820512775,0.05128205128205132,0.22435897435897445,0.21153846153846162,0.17307692307692313,-0.20512820512820507,-0.3012820512820514,-0.2243589743589744,-0.2948717948717949,-0.21153846153846162,0.1602564102564102
2017-07-03,1217.9000244140625,129780,96091,33689,0.4615384615384615,0.903846153846154,0.2115384615384615,-0.0228658532106479,-0.0186140012779512,-0.0591007405416492,0.0029646507791971,-0.24358974358974367,-0.4102564102564103,-0.217948717948718,-0.3269230769230769,-0.08974358974358981,0.29487179487179505,0.3141025641025642,0.3910256410256412,0.47435897435897456,0.012820512820512886,-0.37179487179487186,-0.6217948717948718,-0.391025641025641,-0.5512820512820513,-0.025641025641025578
2017-07-11,1213.5999755859375,123619,100397,23222,0.3653846153846153,0.9166666666666666,0.1666666666666666,-0.0035307075637787,-0.0263158281335436,-0.0412387985689479,-0.0173279549911437,-0.22435897435897445,-0.5000000000000001,-0.14743589743589747,-0.4487179487179488,-0.27564102564102577,0.2435897435897435,0.2948717948717948,0.3076923076923077,0.4807692307692307,0.1217948717948718,-0.3012820512820513,-0.6025641025641026,-0.28205128205128205,-0.6410256410256411,-0.22435897435897442
2017-07-18,1241.0999755859375,127028,98115,28913,0.4230769230769231,0.8974358974358975,0.1858974358974359,0.0226598554327777,0.0190491425460284,8.056050438165485e-05,-0.0109181325383133,-0.038461538461538436,-0.2820512820512821,-0.2884615384615385,-0.42948717948717946,-0.25641025641025644,-0.0064102564102564985,0.28846153846153855,0.46153846153846156,0.4743589743589744,0.0705128205128206,-0.025641025641025605,-0.39743589743589747,-0.46794871794871795,-0.6474358974358975,-0.2115384615384615
2017-07-25,1251.699951171875,136359,62735,73624,0.5576923076923077,0.5512820512820513,0.5,0.0085407910679662,0.0313941795916257,0.0042521876235552,-0.0082402540331515,0.1923076923076924,-0.03205128205128205,-0.19871794871794868,-0.2435897435897436,-0.07051282051282048,-0.3653846153846153,-0.1217948717948718,0.10256410256410264,0.08974358974358981,-0.1858974358974359,0.33333333333333337,0.032051282051282104,-0.1923076923076923,-0.2628205128205128,0.10256410256410259
2017-08-01,1272.5999755859375,158082,39624,118458,0.6666666666666666,0.3012820512820512,0.6858974358974359,0.0166973118393871,0.0253807111591704,0.0449133344899894,-0.016841817380213,0.24358974358974356,0.20512820512820512,-0.20512820512820518,-0.012820512820512886,0.0064102564102563875,-0.5961538461538463,-0.6025641025641028,-0.28846153846153855,-0.21153846153846156,-0.3717948717948719,0.5,0.4743589743589744,-0.14743589743589747,0.08333333333333337,0.217948717948718
2017-08-08,1256.4000244140625,164828,28843,135985,0.6987179487179487,0.0833333333333333,0.7435897435897436,-0.0127298062884341,0.0037549520057,0.0352670152349505,-0.0074261526713994,0.14102564102564097,0.33333333333333337,-0.16666666666666674,0.1858974358974359,0.019230769230769162,-0.467948717948718,-0.8333333333333334,-0.5384615384615385,-0.5256410256410257,-0.6153846153846154,0.2435897435897436,0.576923076923077,-0.02564102564102566,0.29487179487179493,0.2756410256410257
2017-08-15,1273.699951171875,195433,18877,176556,0.7884615384615384,0.0,0.8653846153846154,0.0137694415963423,0.0008643529836869,0.0262670020362756,0.0263496786235899,0.1217948717948718,0.36538461538461536,0.08333333333333326,0.07692307692307687,0.16025641025641024,-0.3012820512820512,-0.8974358974358975,-0.6089743589743589,-0.4358974358974359,-0.6923076923076923,0.17948717948717952,0.6794871794871795,0.28205128205128205,0.21153846153846156,0.435897435897436
2017-08-22,1285.0999755859375,209717,15638,194079,0.8461538461538461,0.0,0.8717948717948718,0.0089503217799244,0.0228430043092839,0.0266837306998315,0.0310493825528188,0.14743589743589747,0.28846153846153844,0.2564102564102564,0.08974358974358976,0.16666666666666663,-0.0833333333333333,-0.5512820512820513,-0.6730769230769231,-0.4487179487179487,-0.6217948717948718,0.1282051282051282,0.3717948717948718,0.4038461538461539,0.17948717948717952,0.3653846153846154
2017-08-29,1313.0999755859375,235065,13939,221126,0.8717948717948718,0.0,0.903846153846154,0.0217881881036015,0.0309335211780548,0.0318246116430678,0.0781672955607961,0.08333333333333337,0.20512820512820518,0.4102564102564103,0.0,0.11538461538461542,0.0,-0.3012820512820512,-0.903846153846154,-0.5897435897435898,-0.5,0.03846153846153855,0.21794871794871806,0.6923076923076925,0.0705128205128206,0.21794871794871806
2017-09-05,1339.199951171875,251489,14301,237188,0.903846153846154,0.0064102564102564,0.9166666666666666,0.0198766096041476,0.0420978730166661,0.0659025192206814,0.1034937196050096,0.05769230769230782,0.2051282051282053,0.5384615384615387,0.03846153846153855,0.1987179487179488,0.0064102564102564,-0.0769230769230769,-0.9102564102564102,-0.6153846153846154,-0.5705128205128205,0.04487179487179482,0.17307692307692302,0.75,0.14743589743589736,0.33974358974358976
2017-09-12,1328.0,270413,16896,253517,0.9166666666666666,0.0192307692307692,0.9551282051282052,-0.0083631657558488,0.0113472124675151,0.0426317428827456,0.0700185529961323,0.04487179487179482,0.1282051282051282,0.49358974358974356,0.21153846153846145,0.49358974358974356,0.0192307692307692,0.0192307692307692,-0.8782051282051283,-0.5897435897435898,-0.7051282051282052,0.05128205128205121,0.08974358974358976,0.7692307692307693,0.3717948717948718,0.6474358974358975
2017-09-19,1306.199951171875,251735,18353,233382,0.8974358974358975,0.0256410256410256,0.903846153846154,-0.0164156994187688,-0.0246415779593802,0.0164189370374214,0.0435407862315371,-0.0064102564102564985,0.05128205128205132,0.33974358974358976,0.3076923076923077,0.35256410256410264,0.019230769230769197,0.0256410256410256,-0.5256410256410258,-0.6474358974358976,-0.685897435897436,-0.012820512820512664,0.03205128205128216,0.40384615384615397,0.43589743589743607,0.5256410256410258
2017-09-26,1297.0,219134,23158,195976,0.8397435897435898,0.0641025641025641,0.8461538461538461,-0.0070432946836517,-0.0233433734939758,-0.0122610432452054,0.0191733654582446,-0.07692307692307687,-0.03205128205128205,0.17307692307692313,0.37820512820512825,0.1282051282051282,0.04487179487179489,0.0641025641025641,-0.23717948717948711,-0.8397435897435899,-0.4935897435897436,-0.10897435897435903,-0.05769230769230782,0.16025641025641024,0.6346153846153846,0.23076923076923073
2017-10-03,1271.5,204361,24917,179444,0.782051282051282,0.0833333333333333,0.8333333333333334,-0.0196607555898227,-0.026565573778152,-0.0505525340802422,0.0120184457915619,-0.11538461538461542,-0.12179487179487192,0.08333333333333337,0.41666666666666674,0.03205128205128205,0.0576923076923077,0.0769230769230769,0.0,-0.8333333333333334,-0.4166666666666667,-0.0705128205128206,-0.08333333333333326,0.08974358974358976,0.6666666666666667,0.15384615384615385
2017-10-10,1290.5999755859375,193154,21824,171330,0.7307692307692307,0.0576923076923076,0.7948717948717948,0.0150216087974341,-0.0049344829715207,-0.0281626689864928,0.0132684502331286,-0.10897435897435903,-0.1858974358974359,-0.05769230769230771,0.30769230769230765,-0.05769230769230771,-0.0064102564102564985,0.038461538461538394,0.0576923076923076,-0.8397435897435899,-0.3717948717948718,-0.05128205128205132,-0.16025641025641035,-0.0705128205128206,0.6089743589743589,0.03205128205128205
2017-10-17,1283.0,196555,27040,169515,0.7435897435897436,0.1153846153846153,0.782051282051282,-0.0058887151167712,0.0090444357058592,-0.0177614086963185,-0.0016340951099776,-0.038461538461538436,-0.15384615384615385,-0.10256410256410253,0.1858974358974359,-0.07051282051282048,0.03205128205128199,0.0897435897435897,0.1153846153846153,-0.435897435897436,-0.3205128205128206,-0.05128205128205132,-0.12179487179487192,-0.08974358974358976,0.28205128205128205,-0.02564102564102566
2017-10-24,1275.0,192701,24333,168368,0.717948717948718,0.0769230769230769,0.7756410256410257,-0.0062353858144972,-0.0120873825205637,-0.0169622205088666,-0.0290152892348781,-0.012820512820512775,-0.1217948717948718,-0.15384615384615385,0.05128205128205132,-0.13461538461538458,0.0192307692307693,0.012820512820512803,0.0769230769230769,-0.2243589743589743,-0.34615384615384615,-0.019230769230769162,-0.07051282051282048,-0.1282051282051283,0.08974358974358976,-0.05769230769230771
2017-10-31,1267.0,182652,16687,165965,0.6858974358974359,0.0192307692307692,0.7564102564102564,-0.0062745098039215,-0.0124707716289945,-0.0035391270153362,-0.0539127492565214,-0.05769230769230771,-0.09615384615384615,-0.21794871794871806,-0.012820512820512775,-0.11538461538461542,-0.09615384615384609,-0.0641025641025641,0.012820512820512801,-0.0641025641025641,-0.4423076923076923,-0.02564102564102566,-0.07692307692307698,-0.16025641025641024,0.012820512820512775,-0.0064102564102563875
2017-11-07,1273.699951171875,187782,17070,170712,0.6987179487179487,0.032051282051282,0.7884615384615384,0.0052880435452842,-0.0010196461397058,-0.0130947038073434,-0.0408885909850338,-0.019230769230769273,-0.03205128205128205,-0.21794871794871795,-0.08974358974358976,0.019230769230769162,-0.0448717948717949,-0.0256410256410256,0.0128205128205128,0.032051282051282,-0.4807692307692308,0.012820512820512775,-0.0064102564102563875,-0.16666666666666674,-0.07692307692307698,0.1858974358974359
2017-11-14,1281.5,190657,14559,176098,0.7051282051282052,0.0128205128205128,0.8141025641025641,0.0061239295965651,0.011444356748224,-0.0011691348402181,-0.0189097780548185,0.019230769230769273,-0.038461538461538436,-0.1923076923076923,-0.14102564102564097,0.1923076923076924,-0.006410256410256401,-0.10256410256410249,-0.0128205128205128,0.0128205128205128,-0.5961538461538461,0.05769230769230771,0.03205128205128205,-0.08974358974358987,-0.05769230769230771,0.3653846153846154
2017-11-21,1281.0999755859375,187292,14137,173155,0.6858974358974359,0.0064102564102564,0.7948717948717948,-0.0003121532688743,0.0058098647230488,0.0047842945772058,-0.0122590781912587,-0.012820512820512775,-0.03205128205128205,-0.15384615384615385,-0.1858974358974359,-0.02564102564102566,-0.0256410256410256,-0.0705128205128205,-0.057692307692307696,0.0064102564102564,-0.4294871794871795,0.0064102564102563875,0.019230769230769162,-0.05128205128205132,-0.10897435897435914,0.14102564102564097
2017-11-28,1294.699951171875,208518,9978,198540,0.8012820512820513,0.0,0.8461538461538461,0.0106158581259181,0.0103003910822279,0.0218626291806431,0.0182461275437475,0.09615384615384615,0.11538461538461542,0.019230769230769273,-0.10256410256410264,0.044871794871794934,-0.0128205128205128,-0.0192307692307692,-0.0833333333333333,-0.0064102564102564,-0.4487179487179487,0.03205128205128205,0.08974358974358976,0.012820512820512775,-0.07051282051282048,0.15384615384615385
2017-12-05,1261.5999755859375,167174,32664,134510,0.6089743589743589,0.2435897435897435,0.6282051282051282,-0.02556575023887,-0.0152212944903704,-0.0094998634292203,-0.022470169338748,-0.07692307692307698,-0.08974358974358976,-0.1217948717948718,-0.3076923076923077,-0.2628205128205129,0.23717948717948711,0.2115384615384615,0.1858974358974359,0.2243589743589743,-0.34615384615384626,-0.16666666666666663,-0.16025641025641024,-0.16666666666666663,-0.326923076923077,-0.20512820512820518
2017-12-12,1238.5,123139,46913,76226,0.282051282051282,0.4487179487179487,0.4166666666666667,-0.0183100634376668,-0.0434077031678317,-0.0335544284042138,-0.034684333593141,-0.5192307692307694,-0.4230769230769232,-0.4615384615384616,-0.6153846153846154,-0.5833333333333335,0.4487179487179487,0.4358974358974359,0.33333333333333337,0.4230769230769231,-0.17307692307692313,-0.42948717948717946,-0.3974358974358974,-0.36538461538461536,-0.4871794871794873,-0.3525641025641026
2017-12-19,1260.699951171875,116642,35397,81245,0.2435897435897435,0.3461538461538461,0.4487179487179487,0.0179248697390996,-0.0007133992006019,-0.0159238348316509,-0.0112157245710784,-0.3653846153846154,-0.4423076923076924,-0.47435897435897445,-0.5961538461538463,-0.4615384615384617,0.10256410256410259,0.3397435897435897,0.26923076923076916,0.282051282051282,-0.26282051282051283,-0.17948717948717952,-0.34615384615384615,-0.326923076923077,-0.39743589743589747,-0.1346153846153847
2017-12-26,1284.0999755859375,127715,19957,107758,0.3461538461538461,0.0833333333333333,0.5256410256410257,0.0185611369242231,0.0368187126248991,-0.0081872062915759,0.013496429033889,0.0641025641025641,-0.45512820512820523,-0.3397435897435898,-0.43589743589743596,-0.24358974358974367,-0.36538461538461536,0.0833333333333333,0.0641025641025641,0.0,-0.5897435897435899,0.10897435897435898,-0.3205128205128205,-0.23076923076923073,-0.3076923076923077,0.057692307692307765
2018-01-02,1313.699951171875,168423,20249,148174,0.6153846153846154,0.0897435897435897,0.6666666666666666,0.0230511456652204,0.0420401380603958,0.0412967474589083,0.0314045705687573,0.3717948717948719,0.0064102564102564985,-0.08333333333333326,-0.11538461538461531,0.1538461538461539,-0.2564102564102564,-0.1538461538461538,0.0576923076923077,0.032051282051282104,-0.8141025641025643,0.21794871794871795,0.038461538461538436,-0.1217948717948718,-0.1282051282051282,0.4551282051282051
2018-01-09,1311.699951171875,216115,20065,196050,0.8333333333333334,0.0897435897435897,0.8397435897435898,-0.0015224176557332,0.0214936345383416,0.0591037151165725,0.0235660953350564,0.4871794871794873,0.5512820512820513,0.1282051282051282,0.08974358974358976,0.46794871794871806,0.006410256410256401,-0.358974358974359,0.0769230769230769,-0.02564102564102559,-0.8269230769230769,0.3141025641025641,0.4230769230769231,0.02564102564102566,0.05769230769230771,0.6730769230769231
2018-01-16,1335.4000244140625,227373,25841,201532,0.8397435897435898,0.1538461538461538,0.8525641025641025,0.0180682123385107,0.0165182873173057,0.0592528564570424,0.0423854889258661,0.22435897435897434,0.5961538461538463,0.15384615384615385,0.1217948717948718,0.4166666666666667,0.0641025641025641,-0.1923076923076923,0.1474358974358974,0.0769230769230769,-0.7435897435897436,0.1858974358974359,0.40384615384615385,0.05769230769230771,0.07692307692307687,0.6666666666666666
2018-01-23,1335.699951171875,236003,26467,209536,0.8525641025641025,0.1602564102564102,0.8525641025641025,0.0002245969389913,0.0182968673426864,0.040183768060888,0.0316675689706249,0.019230769230769162,0.5064102564102564,0.05128205128205121,0.16666666666666663,0.2948717948717948,0.07051282051282048,0.07692307692307689,0.1602564102564102,0.141025641025641,-0.39102564102564114,0.012820512820512775,0.32692307692307687,0.0064102564102563875,0.09615384615384615,0.35256410256410253
2018-01-30,1335.4000244140625,230597,23035,207562,0.8397435897435898,0.1153846153846153,0.8461538461538461,-0.0002245465065333,0.0,0.0165182873173057,0.0584971863160106,0.0,0.22435897435897434,0.23076923076923084,0.14102564102564108,0.17307692307692313,-0.038461538461538505,0.02564102564102559,-0.1282051282051282,0.08333333333333329,-0.1858974358974359,-0.0064102564102563875,0.17948717948717952,0.21794871794871795,0.05769230769230771,0.16025641025641024
2018-02-06,1326.0999755859375,206377,23448,182929,0.7564102564102564,0.1217948717948717,0.8012820512820513,-0.0069642419186007,-0.0071872246289408,0.0109781390181478,0.0707307029357589,-0.09615384615384615,-0.07692307692307698,0.4743589743589744,0.05128205128205121,0.05769230769230771,-0.03846153846153849,0.03205128205128199,-0.326923076923077,0.10897435897435889,0.038461538461538394,-0.05128205128205121,-0.038461538461538436,0.38461538461538464,-0.012820512820512775,0.05769230769230771
2018-02-13,1328.0999755859375,186183,16426,169757,0.6346153846153846,0.0384615384615384,0.7243589743589743,0.0015081819145017,-0.0054665633478089,-0.0054665633478089,0.0534623836158725,-0.20512820512820518,-0.20512820512820518,0.3910256410256411,-0.05128205128205132,-0.15384615384615385,-0.0769230769230769,-0.11538461538461539,-0.3076923076923077,0.032051282051282,0.0384615384615384,-0.1217948717948718,-0.1282051282051282,0.27564102564102566,-0.07051282051282048,-0.14102564102564108
2018-02-20,1328.800048828125,190398,14943,175455,0.6602564102564102,0.032051282051282,0.7692307692307693,0.0005271239026103,0.0020361008158487,-0.0051657577270227,0.0348104307235039,-0.09615384615384615,-0.1923076923076923,0.31410256410256415,-0.14102564102564108,-0.1858974358974359,-0.0897435897435897,-0.1282051282051282,-0.0512820512820513,0.032051282051282,0.032051282051282,-0.03205128205128205,-0.08333333333333326,0.2435897435897436,-0.07692307692307687,-0.10256410256410253
2018-02-27,1315.5,177475,27456,150019,0.5961538461538461,0.1923076923076923,0.6474358974358975,-0.0100090670826317,-0.0094872191985234,-0.014901920061589,0.0013702130585597,-0.038461538461538436,-0.2435897435897436,-0.019230769230769273,-0.012820512820512775,-0.27564102564102566,0.15384615384615388,0.076923076923077,0.10256410256410259,-0.05128205128205121,0.1923076923076923,-0.07692307692307687,-0.19871794871794868,-0.019230769230769162,0.019230769230769273,-0.2564102564102565
2018-03-06,1333.5999755859375,172492,21786,150706,0.5769230769230769,0.1025641025641025,0.6474358974358975,0.0137590084271663,0.0036122265061968,0.0056556821793818,0.0166959100627372,-0.08333333333333337,-0.17948717948717952,-0.2564102564102565,0.2948717948717949,-0.3269230769230771,0.07051282051282051,-0.01923076923076919,0.012820512820512803,-0.34615384615384615,0.0961538461538461,-0.1217948717948718,-0.15384615384615385,-0.1923076923076923,0.23076923076923078,-0.26923076923076916
2018-03-13,1325.9000244140625,162337,26472,135865,0.5256410256410257,0.1794871794871795,0.5833333333333334,-0.0057738087228832,0.0079057578214081,-0.0016564650344974,-0.0071139732112618,-0.07051282051282048,-0.10897435897435892,-0.3141025641025641,0.28205128205128216,-0.39102564102564097,-0.012820512820512803,0.14102564102564108,0.02564102564102569,-0.1666666666666666,0.1602564102564103,-0.0641025641025641,-0.14102564102564097,-0.26923076923076916,0.1346153846153847,-0.3717948717948718
2018-03-20,1311.0999755859375,148152,36345,111807,0.4551282051282051,0.391025641025641,0.5,-0.0111622660499349,-0.0168716259837319,-0.0133203436121163,-0.0184172916711981,-0.12179487179487175,-0.20512820512820512,-0.3974358974358974,0.10897435897435903,-0.44230769230769235,0.28846153846153855,0.35897435897435903,0.23076923076923084,0.3076923076923077,0.3653846153846154,-0.14743589743589747,-0.2692307692307693,-0.35256410256410253,-0.02564102564102566,-0.40384615384615397
2018-03-27,1341.300048828125,183080,20917,162163,0.6153846153846154,0.1025641025641025,0.6794871794871795,0.0230341498013459,0.0116147704430942,0.0196123518267767,0.0044181700660455,0.08974358974358976,0.019230769230769273,-0.22435897435897434,0.0,-0.22435897435897434,-0.07692307692307698,-0.08974358974358979,-0.012820512820512789,0.012820512820512803,0.03846153846153841,0.09615384615384615,0.03205128205128205,-0.16666666666666663,0.012820512820512886,-0.16666666666666663
2018-04-03,1332.800048828125,155590,28948,126642,0.4743589743589743,0.2371794871794871,0.532051282051282,-0.0063371353840077,0.0165510438915916,-0.0005998251143196,0.0050524646448524,0.019230769230769162,-0.10256410256410259,-0.2820512820512821,-0.3589743589743591,-0.30769230769230776,-0.15384615384615394,0.13461538461538458,0.11538461538461539,0.14743589743589738,0.1538461538461538,0.03205128205128205,-0.11538461538461542,-0.2692307692307693,-0.3076923076923077,-0.3012820512820513
2018-04-10,1342.0,154044,28482,125562,0.4679487179487179,0.2243589743589743,0.5256410256410257,0.0069027242158072,0.0005218453339255,0.0121426768907801,0.010466097936588,-0.14743589743589752,-0.057692307692307765,-0.16666666666666669,-0.37179487179487186,-0.26282051282051283,0.1217948717948718,0.04487179487179482,0.1858974358974359,0.07051282051282051,0.1666666666666667,-0.15384615384615385,-0.05769230769230771,-0.19871794871794868,-0.32692307692307687,-0.26923076923076916
2018-04-17,1347.199951171875,157925,25287,132638,0.4807692307692308,0.173076923076923,0.5512820512820513,0.0038747773262854,0.0108042480613737,0.0275341135368447,0.0138470060713626,0.0064102564102564985,0.02564102564102566,-0.17948717948717946,-0.37179487179487175,-0.26282051282051283,-0.0641025641025641,-0.21794871794871803,0.141025641025641,0.012820512820512803,0.057692307692307696,0.019230769230769273,0.05128205128205132,-0.21794871794871795,-0.3012820512820512,-0.23076923076923073
2018-04-24,1331.4000244140625,143258,43597,99661,0.4038461538461538,0.4679487179487179,0.4294871794871794,-0.0117279745624016,-0.0078986405260339,-0.0073809170608112,0.0120866776237646,-0.0641025641025641,-0.21153846153846162,-0.19230769230769235,-0.43589743589743596,-0.31410256410256415,0.24358974358974358,0.3653846153846154,0.2756410256410256,0.3525641025641026,0.39102564102564097,-0.09615384615384626,-0.2500000000000001,-0.21794871794871806,-0.41666666666666674,-0.34615384615384626
2018-05-01,1303.800048828125,119064,79747,39317,0.1987179487179487,0.7948717948717948,0.2051282051282051,-0.0207300398676828,-0.0322148930498388,-0.0217587026842461,-0.0223454763822408,-0.28205128205128205,-0.27564102564102555,-0.3782051282051282,-0.5576923076923077,-0.4871794871794872,0.6217948717948718,0.5576923076923077,0.6923076923076923,0.6730769230769231,0.7756410256410257,-0.34615384615384626,-0.326923076923077,-0.4423076923076924,-0.5961538461538463,-0.5512820512820513
2018-05-08,1312.0,109508,67869,41639,0.1346153846153846,0.6794871794871795,0.2307692307692307,0.0062892704899384,-0.0145711462057395,-0.022354694485842,-0.0104834634271955,-0.26923076923076916,-0.33333333333333326,-0.3910256410256411,-0.5,-0.5641025641025641,0.21153846153846162,0.4551282051282052,0.5,0.6410256410256411,0.6474358974358975,-0.1987179487179487,-0.29487179487179493,-0.35256410256410264,-0.4935897435897436,-0.5576923076923077
2018-05-15,1288.9000244140625,103256,84258,18998,0.0833333333333333,0.8333333333333334,0.141025641025641,-0.0176066887087937,-0.0114281514465771,-0.0432748878198071,-0.0169323099574871,-0.1153846153846154,-0.39743589743589747,-0.3717948717948718,-0.576923076923077,-0.6217948717948719,0.03846153846153855,0.6602564102564104,0.44230769230769235,0.8012820512820513,0.8205128205128206,-0.0641025641025641,-0.41025641025641035,-0.35897435897435903,-0.6282051282051283,-0.6730769230769231
2018-05-22,1291.699951171875,91411,74880,16531,0.0576923076923076,0.75,0.1282051282051282,0.0021723381990665,-0.0154725981921683,-0.0298182909074672,-0.0369791216361953,-0.07692307692307701,-0.3461538461538462,-0.5576923076923078,-0.5384615384615385,-0.6282051282051283,0.07051282051282048,0.2820512820512821,0.6474358974358975,0.5576923076923077,0.7435897435897436,-0.1025641025641025,-0.3012820512820512,-0.5512820512820513,-0.5192307692307693,-0.6666666666666666
2018-05-29,1298.699951171875,107882,53881,54001,0.1282051282051282,0.5641025641025641,0.2756410256410256,0.0054192151928544,0.0076033257600933,-0.0039117176447677,-0.0255853064277966,0.04487179487179489,-0.07051282051282051,-0.3461538461538461,-0.4487179487179487,-0.6730769230769231,-0.2692307692307693,-0.23076923076923073,0.326923076923077,0.46153846153846156,0.5641025641025641,0.1346153846153846,0.07051282051282051,-0.25641025641025644,-0.37179487179487186,-0.5705128205128205
2018-06-05,1297.5,100027,49147,50880,0.0833333333333333,0.5256410256410257,0.2628205128205128,-0.0009239633610459,0.0044902446755246,-0.0110518292682927,-0.0331594634873323,0.025641025641025703,-0.05128205128205131,-0.3846153846153846,-0.44230769230769235,-0.5256410256410257,-0.22435897435897434,-0.15384615384615385,0.3012820512820513,0.34615384615384615,0.28205128205128216,0.13461538461538458,0.032051282051282076,-0.2628205128205129,-0.3205128205128206,-0.3653846153846154
2018-06-12,1295.0999755859375,104313,48809,55504,0.1153846153846153,0.5256410256410257,0.2756410256410256,-0.001849729798892,-0.0027719840773761,0.0048102653847752,-0.0386727861299414,-0.0128205128205129,0.03205128205128199,-0.3653846153846155,-0.3397435897435898,-0.16666666666666669,-0.038461538461538436,-0.3076923076923077,0.35256410256410264,0.13461538461538464,0.07692307692307698,0.0,0.1346153846153846,-0.2756410256410257,-0.2243589743589744,-0.14102564102564108
2018-06-19,1275.5999755859375,94297,83769,10528,0.0769230769230769,0.8269230769230769,0.1217948717948717,-0.0150567526581704,-0.0168786315329961,-0.0124641760428426,-0.0419108065231424,-0.006410256410256401,0.0192307692307693,-0.32692307692307687,-0.5384615384615385,-0.1666666666666666,0.3012820512820512,0.07692307692307687,0.358974358974359,0.7243589743589743,0.4807692307692308,-0.14102564102564108,-0.0064102564102564985,-0.3076923076923077,-0.5576923076923078,-0.326923076923077
2018-06-26,1256.5999755859375,94845,94869,-24,0.0833333333333333,0.8717948717948718,0.0897435897435897,-0.0148949516805003,-0.0297274347353621,-0.0324170148369904,-0.0362019262728297,-0.03205128205128199,-0.04487179487179489,-0.1153846153846154,-0.39102564102564097,-0.2628205128205128,0.34615384615384615,0.3076923076923077,0.07692307692307698,0.6346153846153847,0.7884615384615385,-0.1858974358974359,-0.1858974358974359,-0.11538461538461539,-0.44230769230769235,-0.43589743589743596
2018-07-03,1251.5999755859375,104275,105529,-1254,0.1217948717948717,0.935897435897436,0.0833333333333333,-0.0039789910052071,-0.0188146758069478,-0.0353757413595857,-0.046036603974133,0.044871794871794796,0.038461538461538394,-0.012820512820512914,-0.3461538461538462,-0.4935897435897437,0.10897435897435914,0.41025641025641035,0.2564102564102565,0.7115384615384617,0.8461538461538463,-0.038461538461538394,-0.17948717948717946,-0.1474358974358974,-0.44230769230769235,-0.5833333333333334
2018-07-10,1253.800048828125,107402,109929,-2527,0.1538461538461538,0.9615384615384616,0.0833333333333333,0.0017578086330318,-0.0022281766769149,-0.0318893734355352,-0.027232504399939,0.0705128205128205,0.038461538461538505,0.0705128205128205,-0.326923076923077,-0.6794871794871795,0.08974358974358976,0.4358974358974359,0.1282051282051282,0.7884615384615385,0.8717948717948718,-0.006410256410256401,-0.1923076923076923,-0.057692307692307696,-0.467948717948718,-0.7564102564102565
2018-07-17,1225.699951171875,107775,134224,-26449,0.1666666666666666,1.0,0.0192307692307692,-0.0224119449369251,-0.0206935322141863,-0.0391188659212237,-0.0510954575326279,0.04487179487179491,0.0897435897435897,0.108974358974359,-0.2371794871794872,-0.6730769230769231,0.06410256410256399,0.17307692307692313,0.25,0.5320512820512822,0.8461538461538463,-0.0641025641025641,-0.10256410256410249,-0.10897435897435899,-0.4102564102564102,-0.8333333333333334
2018-07-24,1223.9000244140625,110249,146671,-36422,0.1858974358974359,1.0,0.0064102564102564,-0.0014684888875875,-0.0238475221324235,-0.0260225623167208,-0.0575960033649937,0.032051282051282104,0.1025641025641026,0.05769230769230771,-0.012820512820512803,-0.6666666666666666,0.038461538461538436,0.1282051282051282,0.4358974358974359,0.20512820512820518,0.8397435897435899,-0.0769230769230769,-0.0833333333333333,-0.2692307692307692,-0.1987179487179487,-0.8461538461538461
2018-07-31,1223.699951171875,110580,153108,-42528,0.1858974358974359,1.0,0.0064102564102564,-0.0001634718834843,-0.0016317207144275,-0.0222914868634453,-0.0568786503492292,0.0192307692307693,0.06410256410256421,0.1025641025641026,0.051282051282051294,-0.6538461538461539,0.0,0.06410256410256399,0.47435897435897434,0.3205128205128205,0.8846153846153847,-0.012820512820512801,-0.0769230769230769,-0.2564102564102564,-0.2243589743589743,-0.8397435897435898
2018-08-07,1209.5999755859375,105849,171965,-66116,0.1346153846153846,1.0,0.0064102564102564,-0.011522412477368,-0.0116840007703824,-0.035252888435839,-0.0660180693473625,-0.051282051282051294,-0.01923076923076919,0.019230769230769315,0.05128205128205131,-0.6217948717948718,0.0,0.038461538461538436,0.47435897435897434,0.16666666666666663,0.8782051282051283,0.0,-0.0769230769230769,-0.2692307692307692,-0.1346153846153846,-0.7948717948717949
2018-08-14,1193.0,104803,188127,-83324,0.1346153846153846,1.0,0.0064102564102564,-0.0137235250669515,-0.0250878094278546,-0.026678593843959,-0.0647538234296342,-0.051282051282051294,-0.03205128205128199,0.05769230769230771,0.07692307692307701,-0.5,0.0,0.0,0.17307692307692313,0.25,0.9615384615384616,0.0,-0.012820512820512801,-0.1153846153846153,-0.12179487179487179,-0.717948717948718
2018-08-21,1192.5999755859375,107143,197171,-90028,0.1474358974358974,1.0,0.0064102564102564,-0.0003353096513516,-0.0140542330878975,-0.0255740241880538,-0.0509310848666518,0.012820512820512803,-0.03846153846153849,0.06410256410256411,0.019230769230769218,-0.5128205128205128,0.0,0.0,0.1282051282051282,0.4358974358974359,0.967948717948718,0.0,0.0,-0.0833333333333333,-0.2692307692307692,-0.7628205128205129
2018-08-28,1207.4000244140625,105971,181743,-75772,0.1474358974358974,0.9871794871794872,0.0192307692307692,0.0124099020049481,0.0120704311936818,-0.0133201989116717,-0.0353147587360592,0.012820512820512803,-0.03846153846153849,0.025641025641025716,0.06410256410256411,-0.44871794871794873,-0.012820512820512775,-0.012820512820512775,0.05128205128205121,0.46153846153846156,0.7948717948717949,0.012820512820512801,0.012820512820512801,-0.0641025641025641,-0.24358974358974358,-0.6282051282051283
2018-09-04,1192.699951171875,101651,184373,-82722,0.1089743589743589,0.9871794871794872,0.0192307692307692,-0.0121749817334327,8.382994129130239e-05,-0.0139715813121408,-0.0487319311507107,-0.038461538461538505,-0.025641025641025703,-0.04487179487179489,-0.0064102564102563875,-0.46794871794871795,-0.012820512820512775,-0.012820512820512775,0.02564102564102566,0.46153846153846156,0.8846153846153847,0.012820512820512801,0.012820512820512801,-0.0641025641025641,-0.2564102564102564,-0.6282051282051283
2018-09-11,1195.4000244140625,100593,175812,-75219,0.1089743589743589,0.9743589743589745,0.032051282051282,0.0022638327766633,-0.0099387110794729,0.0020117555859702,-0.0247205090681803,-0.038461538461538505,-0.025641025641025703,-0.057692307692307696,0.03205128205128201,-0.41666666666666674,-0.012820512820512775,-0.02564102564102555,-0.02564102564102555,0.14743589743589758,0.7948717948717949,0.0128205128205128,0.0256410256410256,0.0128205128205128,-0.0897435897435897,-0.5512820512820513
2018-09-18,1196.800048828125,97904,180367,-82463,0.0961538461538461,0.9743589743589745,0.0256410256410256,0.0011711764977992,0.0034376606222055,0.0035217787423851,-0.0221423115004115,-0.012820512820512803,-0.05128205128205131,-0.0897435897435898,0.012820512820512803,-0.35897435897435903,-0.012820512820512775,-0.02564102564102555,-0.02564102564102555,0.10256410256410264,0.5833333333333335,0.006410256410256398,0.019230769230769197,0.019230769230769197,-0.0641025641025641,-0.4743589743589744
2018-09-25,1200.0,98513,182190,-83677,0.1025641025641025,0.9807692307692308,0.0128205128205128,0.0026737558834564,0.0038480638213072,-0.0061288920527011,-0.0193674529031228,-0.006410256410256401,-0.04487179487179491,-0.0833333333333334,-0.01923076923076919,-0.5128205128205129,0.0064102564102563875,-0.0064102564102563875,-0.019230769230769162,0.04487179487179482,0.8782051282051283,-0.0192307692307692,-0.006410256410256401,0.0064102564102564,-0.0705128205128205,-0.6666666666666667
2018-10-02,1202.4000244140625,100671,180274,-79603,0.1282051282051282,0.9615384615384616,0.0384615384615384,0.002000020345052,0.004679123794673,0.0081328696564939,-0.0059523407053536,0.03205128205128209,0.019230769230769287,-0.006410256410256415,-0.025641025641025605,-0.3461538461538461,-0.012820512820512886,-0.02564102564102566,-0.038461538461538436,0.0,0.7243589743589745,0.012820512820512803,0.0192307692307692,0.032051282051282,-0.0448717948717949,-0.49358974358974367
2018-10-09,1187.199951171875,82218,191672,-109454,0.0192307692307692,0.9935897435897436,0.0064102564102564,-0.012641444555521,-0.0106667073567708,-0.0068596897061357,-0.0048617341392498,-0.0833333333333333,-0.0897435897435897,-0.1153846153846154,-0.1474358974358974,-0.4487179487179487,0.012820512820512775,0.019230769230769162,-0.0064102564102563875,-0.0064102564102563875,0.7692307692307693,-0.0064102564102564,-0.0256410256410256,0.0,-0.012820512820512801,-0.5192307692307693
2018-10-16,1227.300048828125,95333,144715,-49382,0.0961538461538461,0.9230769230769232,0.0705128205128205,0.0337770378247299,0.0207086027182978,0.0254846246287046,0.0290961545803645,-0.03205128205128209,0.0,-0.05128205128205131,-0.0897435897435898,-0.3846153846153847,-0.038461538461538325,-0.05128205128205121,-0.07692307692307676,-0.07692307692307676,0.7500000000000002,0.0320512820512821,0.0448717948717949,0.0641025641025641,0.0641025641025641,-0.48076923076923084
2018-10-23,1233.4000244140625,99368,137484,-38116,0.1217948717948717,0.9166666666666666,0.0833333333333333,0.0049702398299111,0.0389151576333741,0.0278333536783854,0.0215338740055248,0.10256410256410249,0.01923076923076919,-0.025641025641025716,-0.06410256410256421,-0.2820512820512821,-0.07692307692307698,-0.06410256410256421,-0.0705128205128206,-0.08333333333333337,0.44871794871794873,0.0769230769230769,0.0705128205128205,0.0641025641025641,0.0769230769230769,-0.3461538461538461
2018-10-30,1222.5999755859375,80105,135628,-55523,0.0192307692307692,0.9102564102564102,0.0705128205128205,-0.0087563228590461,-0.0038296040537726,0.0167996929156073,0.0250691922848529,-0.0769230769230769,-0.10897435897435899,-0.0897435897435897,-0.1153846153846154,-0.17948717948717952,-0.012820512820512997,-0.05128205128205132,-0.07692307692307698,-0.08974358974358976,0.11538461538461542,0.0,0.0320512820512821,0.051282051282051294,0.0641025641025641,-0.13461538461538458
2018-11-06,1223.800048828125,82188,129634,-47446,0.0256410256410256,0.8974358974358975,0.0833333333333333,0.0009815747310255,-0.0077833431132758,0.0308289244959303,0.0237577579337786,-0.09615384615384609,0.006410256410256398,-0.08333333333333331,-0.108974358974359,-0.108974358974359,-0.019230769230769162,-0.09615384615384615,-0.07692307692307698,-0.10256410256410253,0.21794871794871795,0.0,0.0769230769230769,0.0512820512820513,0.0769230769230769,-0.1474358974358974
2018-11-13,1199.199951171875,79529,158723,-79194,0.0064102564102564,0.935897435897436,0.0512820512820512,-0.0201014027412455,-0.0191395590392089,-0.0228958661600976,0.0020052659139677,-0.012820512820512801,-0.0897435897435897,-0.0897435897435897,-0.14102564102564102,-0.0769230769230769,0.025641025641025772,0.012820512820512775,-0.038461538461538436,-0.06410256410256399,0.10256410256410264,-0.0192307692307693,-0.0192307692307693,0.0256410256410256,0.044871794871794796,-0.0897435897435898
2018-11-20,1219.0,84356,136207,-51851,0.0641025641025641,0.903846153846154,0.0833333333333333,0.0165110487277588,-0.0039222492536434,-0.0116750641552024,0.0158333333333333,0.0384615384615385,-0.0576923076923076,-0.03846153846153841,-0.08333333333333331,0.0064102564102564985,0.0064102564102564985,-0.012820512820512664,-0.07692307692307687,-0.08333333333333326,0.15384615384615397,0.0,0.0,0.0705128205128205,0.0641025641025641,-0.04487179487179489
2018-11-27,1211.199951171875,79992,138382,-58390,0.0256410256410256,0.9102564102564102,0.0769230769230769,-0.0063987275046144,0.0100066715215201,-0.0093244107980609,0.00731863487952,0.019230769230769197,0.006410256410256398,-0.10256410256410259,-0.08333333333333331,-0.10256410256410259,-0.025641025641025772,0.0,-0.05128205128205132,-0.07692307692307698,0.34615384615384615,0.025641025641025703,0.006410256410256401,0.0384615384615385,0.057692307692307696,-0.1987179487179487
2018-12-04,1241.0999755859375,99414,109201,-9787,0.1346153846153846,0.8525641025641025,0.1602564102564102,0.0246862827109044,0.0181295944101209,0.0141362363683334,0.0454009658279199,0.07051282051282051,0.108974358974359,0.1153846153846154,0.025641025641025703,0.05128205128205131,-0.05128205128205143,-0.044871794871794934,-0.14102564102564108,-0.12179487179487192,0.32692307692307687,0.07692307692307689,0.07692307692307689,0.1538461538461538,0.1282051282051282,-0.10256410256410259
2018-12-11,1241.9000244140625,89942,90008,-66,0.0769230769230769,0.7948717948717948,0.173076923076923,0.0006446288323769,0.0253468250328809,0.0356071339066186,0.0118960115742503,0.0512820512820513,0.0705128205128205,-0.019230769230769204,-0.019230769230769204,-0.038461538461538394,-0.11538461538461542,-0.1410256410256412,-0.12820512820512842,-0.17948717948717963,0.26923076923076916,0.09615384615384609,0.12179487179487179,0.10256410256410249,0.14743589743589738,-0.10256410256410262
2018-12-18,1249.199951171875,100828,89630,11198,0.1602564102564102,0.7948717948717948,0.1987179487179487,0.0058780309318833,0.0065264489124765,0.024774365194319,0.0128100587360684,0.025641025641025578,0.09615384615384609,0.03846153846153849,0.05769230769230768,0.08333333333333329,-0.05769230769230771,-0.10897435897435914,-0.1217948717948718,-0.18589743589743601,-0.03205128205128205,0.03846153846153852,0.1153846153846154,0.1153846153846154,0.1858974358974359,0.07692307692307701
2018-12-24,1267.5,119146,77178,41968,0.2628205128205128,0.7243589743589743,0.2628205128205128,0.0146494152605094,0.0206135559084281,0.0464828691362255,0.036725032971266,0.18589743589743588,0.23717948717948717,0.24358974358974358,0.13461538461538458,0.17948717948717946,-0.07051282051282048,-0.1858974358974359,-0.1858974358974359,-0.23717948717948723,-0.14743589743589747,0.08974358974358979,0.18589743589743588,0.1923076923076923,0.22435897435897437,0.17307692307692307
2018-12-31,1278.300048828125,121205,71021,50184,0.2756410256410256,0.6730769230769231,0.2756410256410256,0.008520748582347,0.0232949878271697,0.0299734702876171,0.0445334187167156,0.11538461538461542,0.141025641025641,0.25,0.2564102564102564,0.1538461538461539,-0.1217948717948717,-0.1794871794871794,-0.22435897435897434,-0.3205128205128205,-0.2628205128205129,0.0769230769230769,0.11538461538461542,0.1923076923076923,0.2692307692307692,0.1923076923076923
2019-01-08,1283.199951171875,112690,80219,32471,0.2371794871794871,0.7628205128205128,0.2243589743589743,0.0038331394481616,0.0123865492480275,0.0332554359818924,0.0700467006506413,-0.02564102564102569,0.1602564102564102,0.2307692307692307,0.14102564102564097,0.08333333333333329,0.038461538461538436,-0.03205128205128205,-0.17307692307692324,-0.16025641025641046,-0.1987179487179488,-0.038461538461538464,0.05128205128205132,0.17307692307692313,0.1538461538461538,0.14102564102564102
2019-01-15,1286.199951171875,115651,90716,24935,0.2371794871794871,0.8205128205128205,0.2051282051282051,0.0023379053258694,0.0061800062911616,0.0296189572896559,0.0551271133485438,-0.03846153846153852,0.0769230769230769,0.173076923076923,0.11538461538461539,0.07051282051282048,0.14743589743589736,0.02564102564102566,-0.08333333333333348,-0.09615384615384615,-0.17948717948717952,-0.07051282051282051,0.0064102564102563875,0.12179487179487179,0.12179487179487179,0.1858974358974359
2019-01-22,1282.5,105295,89085,16210,0.1666666666666666,0.8012820512820513,0.1794871794871795,-0.0028766531739515,-0.0005454731908584,0.0118343195266272,0.0588672817887252,-0.07051282051282048,-0.09615384615384617,0.141025641025641,0.1474358974358974,-0.0192307692307693,0.03846153846153855,0.07692307692307698,-0.10897435897435892,-0.10897435897435892,-0.19871794871794868,-0.04487179487179482,-0.08333333333333329,0.10256410256410259,0.10897435897435899,0.1730769230769231
2019-01-29,1308.199951171875,126404,94007,32397,0.2948717948717949,0.8269230769230769,0.2179487179487179,0.0200389482821636,0.0171046500040334,0.0233903631398282,0.0540649237820336,0.05769230769230779,0.019230769230769273,0.16025641025641027,0.2692307692307693,0.10897435897435898,0.0064102564102563875,0.15384615384615374,-0.02564102564102566,-0.0705128205128206,-0.17307692307692313,0.012820512820512803,-0.05769230769230771,0.05769230769230771,0.13461538461538458,0.2115384615384615
2019-02-05,1314.199951171875,134954,90079,44875,0.3461538461538461,0.8076923076923077,0.2692307692307692,0.0045864548417275,0.0247173108552631,0.0241583550339832,0.058217187645136,0.1794871794871795,0.108974358974359,0.26923076923076916,0.3397435897435897,0.21153846153846148,0.0064102564102563875,0.044871794871794934,0.012820512820512886,-0.1282051282051283,-0.1923076923076923,0.08974358974358973,0.04487179487179491,0.09615384615384623,0.217948717948718,0.26282051282051283
2019-02-12,1309.199951171875,132365,89746,42619,0.3333333333333333,0.7948717948717948,0.2628205128205128,-0.0038045960932668,0.0007644091402878,0.017882134095126,0.0480307415507934,0.038461538461538436,0.09615384615384623,0.17307692307692313,0.2692307692307692,0.1987179487179487,-0.03205128205128205,-0.02564102564102566,0.0,-0.10897435897435914,-0.20512820512820518,0.04487179487179488,0.05769230769230768,0.06410256410256407,0.17948717948717946,0.2564102564102564
2019-02-19,1340.0999755859375,166411,84034,82377,0.5384615384615384,0.7628205128205128,0.4166666666666667,0.0236022193450309,0.0197078263402517,0.0449122616654482,0.057278087247288,0.19230769230769235,0.3717948717948718,0.27564102564102566,0.5128205128205129,0.391025641025641,-0.044871794871794934,-0.03846153846153855,0.038461538461538436,-0.14743589743589747,-0.23717948717948723,0.14743589743589747,0.2371794871794872,0.1538461538461539,0.33974358974358976,0.4102564102564103
2019-02-26,1325.0999755859375,154217,75658,78559,0.4615384615384615,0.7051282051282052,0.4038461538461538,-0.0111931947416397,0.0121448403659274,0.0129185331331984,0.0366110654542461,0.1282051282051282,0.16666666666666663,0.1858974358974359,0.32692307692307687,0.3141025641025641,-0.08974358974358965,-0.1217948717948717,0.03205128205128205,-0.14743589743589736,-0.28205128205128205,0.14102564102564102,0.1858974358974359,0.1282051282051282,0.2435897435897436,0.3846153846153846
2019-03-05,1282.0,125903,94656,31247,0.2756410256410256,0.8269230769230769,0.2179487179487179,-0.0325258292808279,-0.0433549560811939,-0.0245015616863797,-0.0009351240785032,-0.26282051282051283,-0.07051282051282048,0.03846153846153852,0.1987179487179487,0.16666666666666669,0.0641025641025641,0.019230769230769162,0.0641025641025641,0.03205128205128205,-0.16025641025641035,-0.1987179487179488,-0.05128205128205132,-0.006410256410256415,0.04487179487179491,0.1987179487179487
2019-03-12,1296.300048828125,123293,105886,17407,0.2692307692307692,0.8589743589743589,0.1923076923076923,0.0111544842653081,-0.0217341538664489,-0.0098532713297179,0.0078526652462143,-0.1923076923076923,-0.0641025641025641,0.03205128205128213,0.10897435897435903,0.1602564102564103,0.15384615384615374,0.0641025641025641,0.038461538461538436,0.0641025641025641,-0.11538461538461553,-0.2115384615384615,-0.07051282051282048,-0.012820512820512803,-0.006410256410256415,0.1602564102564103
2019-03-19,1305.0,123909,93434,30475,0.282051282051282,0.8076923076923077,0.2243589743589743,0.0067113714758708,0.0179407176287051,-0.0261920574773465,0.0175438596491228,0.0064102564102563875,-0.25641025641025644,0.11538461538461539,0.019230769230769218,0.1858974358974359,-0.019230769230769162,0.044871794871794934,0.0064102564102563875,0.08333333333333337,-0.16666666666666674,0.006410256410256415,-0.19230769230769237,0.04487179487179482,-0.038461538461538464,0.1987179487179487
2019-03-26,1314.300048828125,135373,77386,57987,0.3653846153846153,0.6923076923076923,0.3525641025641026,0.0071264741977969,0.0138856740893222,-0.0081502731543232,0.0046629704050864,0.09615384615384609,-0.0961538461538462,0.07051282051282043,0.0897435897435897,0.2628205128205128,-0.16666666666666663,-0.012820512820512886,-0.13461538461538458,0.019230769230769162,-0.28846153846153855,0.1602564102564103,-0.05128205128205121,0.1346153846153847,0.07692307692307698,0.3397435897435898
2019-04-02,1290.0,110816,86198,24618,0.2179487179487179,0.75,0.2115384615384615,-0.0184889659326968,-0.0114942528735632,0.0062402496099844,-0.0184142079371528,-0.0641025641025641,-0.05769230769230771,-0.1282051282051282,-0.01923076923076919,0.0897435897435897,-0.05769230769230771,-0.07692307692307687,-0.05769230769230771,-0.012820512820512775,-0.21153846153846156,-0.012820512820512803,-0.0064102564102563875,-0.05769230769230771,-0.012820512820512803,0.1730769230769231
2019-04-09,1303.5,117917,80880,37037,0.2435897435897435,0.7115384615384616,0.2692307692307692,0.0104651162790698,-0.0082173388319924,0.0055542319684271,-0.0043537667159038,-0.1217948717948718,-0.025641025641025716,-0.08974358974358981,0.006410256410256415,0.2243589743589743,0.019230769230769273,-0.14743589743589736,-0.08333333333333326,-0.10897435897435892,-0.28205128205128205,-0.08333333333333337,0.07692307692307693,0.006410256410256443,0.06410256410256412,0.26282051282051283
2019-04-16,1272.5999755859375,96196,111583,-15387,0.0705128205128205,0.8717948717948718,0.1346153846153846,-0.0237054272451572,-0.013488391018653,-0.0248276049149904,-0.0503693763373785,-0.1474358974358974,-0.2115384615384615,-0.46794871794871795,-0.0961538461538461,-0.025641025641025605,0.1217948717948718,0.0641025641025641,0.10897435897435903,0.07051282051282048,-0.05128205128205143,-0.0769230769230769,-0.0897435897435897,-0.28205128205128205,-0.04487179487179488,0.06410256410256411
2019-04-23,1269.300048828125,88989,122818,-33829,0.0384615384615384,0.8717948717948718,0.1282051282051282,-0.0025930589510605,-0.026237016625911,-0.0342387570023478,-0.0421099749346374,-0.2051282051282051,-0.3269230769230769,-0.42307692307692313,-0.2564102564102565,-0.08333333333333329,0.16025641025641024,0.17948717948717952,0.16666666666666663,0.044871794871794934,-0.04487179487179482,-0.14102564102564102,-0.2243589743589744,-0.2756410256410256,-0.0897435897435897,0.04487179487179489
2019-04-30,1282.800048828125,95159,95083,76,0.0705128205128205,0.8141025641025641,0.1794871794871795,0.0106357830935748,0.0080151449299621,-0.0055813574975774,0.0006240630484595,0.0,-0.1474358974358974,-0.20512820512820512,-0.2756410256410256,0.051282051282051294,-0.05769230769230771,0.0641025641025641,-0.012820512820512775,0.0064102564102563875,-0.09615384615384615,0.04487179487179488,-0.03205128205128202,-0.03846153846153841,-0.08974358974358973,0.10897435897435899
2019-05-07,1283.5,102975,93428,9547,0.1474358974358974,0.782051282051282,0.1858974358974359,0.0005456432376302,0.0111872296743271,-0.015343306482547,-0.0098742947974864,0.108974358974359,-0.09615384615384609,-0.1217948717948718,-0.1858974358974359,0.1217948717948718,-0.08974358974358976,0.07051282051282048,-0.07692307692307687,-0.012820512820512775,-0.11538461538461542,0.05769230769230771,-0.08333333333333331,-0.0064102564102563875,-0.07692307692307687,0.1025641025641026
2019-05-14,1294.699951171875,138467,85921,52546,0.4358974358974359,0.717948717948718,0.358974358974359,0.0087261014194586,0.0092765059953192,0.0173660034652776,-0.0078927577227011,0.3653846153846154,0.3653846153846154,0.1538461538461539,-0.10256410256410253,0.4294871794871795,-0.09615384615384615,-0.15384615384615385,-0.08974358974358976,-0.04487179487179482,-0.21794871794871806,0.1794871794871795,0.22435897435897437,0.13461538461538466,-0.05769230769230771,0.30769230769230776
2019-05-21,1272.0,114986,99049,15937,0.2564102564102564,0.8269230769230769,0.2051282051282051,-0.0175329821796382,-0.0089598753408648,0.0021271181501707,-0.032184468733636,0.10897435897435898,0.21794871794871798,-0.10897435897435892,-0.20512820512820512,0.1923076923076923,0.04487179487179482,-0.044871794871794934,0.13461538461538458,0.1217948717948717,-0.0769230769230771,0.01923076923076919,0.0769230769230769,-0.1474358974358975,-0.1987179487179487,0.12179487179487179
2019-05-28,1276.5,119314,93040,26274,0.2948717948717949,0.7692307692307693,0.2564102564102564,0.0035377358490567,-0.0140572733901793,-0.0049111697757419,-0.0104651162790697,-0.14102564102564102,0.2243589743589744,0.07692307692307698,0.019230769230769273,0.2692307692307693,0.05128205128205132,-0.04487179487179482,0.019230769230769273,-0.0576923076923076,-0.14102564102564097,-0.10256410256410259,0.0769230769230769,0.04487179487179488,0.03846153846153849,0.1794871794871795
2019-06-04,1323.4000244140625,159663,63481,96182,0.5641025641025641,0.5192307692307693,0.532051282051282,0.0367411080407853,0.0404088242248918,0.0310868908563011,0.0152666086797563,0.3076923076923077,0.4166666666666667,0.3205128205128206,0.2948717948717949,0.4294871794871795,-0.3076923076923076,-0.2628205128205128,-0.1923076923076923,-0.33974358974358965,-0.33333333333333326,0.326923076923077,0.34615384615384615,0.26282051282051283,0.33974358974358976,0.37179487179487186
2019-06-11,1326.4000244140625,169640,40480,129160,0.6346153846153846,0.3525641025641026,0.6217948717948718,0.0022668882761494,0.0390912843040049,0.0244844940431909,0.0422756953168681,0.3397435897435897,0.19871794871794868,0.5641025641025641,0.3525641025641026,0.5576923076923077,-0.4166666666666667,-0.36538461538461536,-0.5192307692307692,-0.4551282051282051,-0.44230769230769224,0.3653846153846154,0.26282051282051283,0.4871794871794872,0.39743589743589747,0.4487179487179488
2019-06-18,1346.5999755859375,191766,41250,150516,0.7307692307692307,0.3525641025641026,0.7115384615384616,0.0152291547045155,0.0175305657729203,0.058647779548693,0.0608996484552091,0.16666666666666663,0.47435897435897434,0.6923076923076923,0.3653846153846154,0.5705128205128205,-0.16666666666666669,-0.4743589743589743,-0.5192307692307692,-0.3397435897435897,-0.44230769230769224,0.17948717948717952,0.5064102564102565,0.5833333333333334,0.358974358974359,0.5128205128205129
2019-06-25,1414.9000244140625,204918,27177,177741,0.8012820512820513,0.2115384615384615,0.8269230769230769,0.0507203698696088,0.066721952933539,0.1084214840689874,0.1029778379776447,0.16666666666666674,0.5064102564102564,0.7307692307692308,0.5833333333333335,0.5384615384615385,-0.14102564102564108,-0.5576923076923077,-0.6025641025641026,-0.5384615384615385,-0.5128205128205128,0.20512820512820507,0.5705128205128205,0.6474358974358974,0.6153846153846154,0.5641025641025641
2019-07-02,1404.5999755859375,214186,20099,194087,0.8397435897435898,0.0961538461538461,0.8525641025641025,-0.0072797007918565,0.0430714399610492,0.0613570724451411,0.0943513639158064,0.10897435897435903,0.27564102564102566,0.6923076923076923,0.5961538461538463,0.5641025641025641,-0.2564102564102565,-0.4230769230769232,-0.6858974358974359,-0.6153846153846154,-0.576923076923077,0.14102564102564097,0.3205128205128205,0.6666666666666666,0.5833333333333333,0.5769230769230769
2019-07-09,1397.5,208301,25690,182611,0.8205128205128205,0.173076923076923,0.8397435897435898,-0.0050548025838998,-0.0122977059253838,0.0536037200522112,0.0794006740597135,0.019230769230769162,0.1858974358974359,0.3846153846153846,0.75,0.5833333333333334,-0.03846153846153852,-0.1794871794871796,-0.5448717948717949,-0.6987179487179488,-0.5897435897435898,0.012820512820512886,0.21794871794871795,0.4807692307692308,0.7051282051282052,0.6153846153846154
2019-07-16,1409.199951171875,211322,31263,180059,0.8397435897435898,0.2564102564102564,0.8397435897435898,0.0083720580836315,0.0032749363988979,0.0464874325864284,0.107861596833235,0.0,0.10897435897435903,0.5833333333333334,0.8012820512820513,0.6025641025641026,0.1602564102564103,-0.0961538461538462,-0.5705128205128205,-0.6153846153846154,-0.5641025641025641,-0.012820512820512775,0.1282051282051282,0.6346153846153847,0.7115384615384616,0.6346153846153847
2019-07-23,1420.0999755859375,208153,29980,178173,0.8205128205128205,0.25,0.8333333333333334,0.0077349026339363,0.0161717177716904,0.0036751368168421,0.1124950846736683,0.0,0.019230769230769162,0.5256410256410255,0.75,0.6538461538461539,0.07692307692307701,0.03846153846153849,-0.5192307692307693,-0.5641025641025641,-0.5512820512820513,-0.0064102564102563875,0.0064102564102564985,0.576923076923077,0.6538461538461539,0.6538461538461539
2019-07-30,1429.699951171875,215581,29868,185713,0.8717948717948718,0.25,0.8653846153846154,0.0067600702422212,0.0145472613612798,0.017869839115914,0.0803233525742732,0.03205128205128205,0.03205128205128205,0.3076923076923077,0.7243589743589745,0.5769230769230769,-0.0064102564102563875,0.1538461538461539,-0.2692307692307693,-0.532051282051282,-0.5769230769230769,0.02564102564102566,0.012820512820512886,0.33333333333333337,0.6794871794871795,0.6474358974358976
2019-08-06,1472.4000244140625,248687,21854,226833,0.935897435897436,0.1282051282051282,0.9423076923076924,0.0298664577887044,0.0368284273834635,0.0535957240887745,0.1100723743310361,0.11538461538461553,0.11538461538461553,0.30128205128205143,0.5000000000000001,0.5897435897435899,-0.1217948717948718,-0.044871794871794796,-0.2243589743589744,-0.5897435897435898,-0.6794871794871795,0.10897435897435903,0.10256410256410264,0.3205128205128206,0.5833333333333335,0.6730769230769231
2019-08-13,1502.199951171875,245631,22020,223611,0.9294871794871796,0.1346153846153846,0.9423076923076924,0.0202390153923497,0.0507099408799547,0.0659948930048304,0.1155502587308694,0.05769230769230782,0.08974358974358987,0.1987179487179489,0.6730769230769232,0.5961538461538463,-0.11538461538461539,-0.12179487179487178,-0.21794871794871798,-0.6923076923076923,-0.6602564102564102,0.07692307692307698,0.10256410256410264,0.23076923076923084,0.7371794871794873,0.6794871794871796
2019-08-20,1504.5999755859375,249696,19850,229846,0.9487179487179488,0.0833333333333333,0.9551282051282052,0.0015976730742071,0.0218690237964978,0.0595028529347978,0.0633966708771678,0.012820512820512775,0.1282051282051283,0.14743589743589747,0.653846153846154,0.41025641025641035,-0.04487179487179489,-0.16666666666666669,-0.1282051282051282,-0.685897435897436,-0.6794871794871795,0.012820512820512775,0.1217948717948718,0.1282051282051283,0.6987179487179488,0.5384615384615385
2019-08-27,1541.0,258269,31553,226716,0.967948717948718,0.2884615384615384,0.9487179487179488,0.0241924930245245,0.0258288177934347,0.0778485364966936,0.0971095164352131,0.038461538461538325,0.09615384615384615,0.1282051282051282,0.40384615384615385,0.5064102564102564,0.15384615384615377,0.03846153846153838,0.1923076923076923,-0.2307692307692309,-0.4166666666666668,0.0064102564102563875,0.08333333333333337,0.09615384615384626,0.41666666666666674,0.5448717948717949
2019-09-03,1545.9000244140625,265175,33549,231626,0.9743589743589745,0.3076923076923077,0.967948717948718,0.0031797692498782,0.0274491888198,0.0499184995797925,0.1061896417989713,0.02564102564102566,0.038461538461538436,0.15384615384615397,0.33974358974358987,0.6987179487179489,0.2243589743589744,0.17948717948717952,0.13461538461538472,-0.04487179487179488,-0.5192307692307692,0.012820512820512775,0.02564102564102555,0.1282051282051282,0.34615384615384615,0.75
2019-09-10,1490.300048828125,239475,33294,206181,0.9230769230769232,0.3012820512820512,0.9166666666666666,-0.0359660875269158,-0.032900682136194,-0.0079216500669346,0.0575504544893066,-0.04487179487179471,-0.0064102564102563875,0.08333333333333348,0.1923076923076925,0.653846153846154,0.01282051282051283,0.1666666666666666,0.04487179487179482,-0.05128205128205138,-0.5576923076923077,-0.03205128205128216,-0.025641025641025772,0.07692307692307687,0.20512820512820507,0.7243589743589743
2019-09-17,1505.0999755859375,241936,28080,213856,0.9294871794871796,0.2371794871794871,0.935897435897436,0.0099308369274027,-0.0263924239496595,0.0003323142417341,0.0598549408219859,-0.04487179487179482,-0.019230769230769162,0.10897435897435914,0.1282051282051283,0.6474358974358976,-0.07051282051282062,0.1538461538461538,-0.012820512820512914,0.025641025641025578,-0.5705128205128206,-0.03205128205128194,-0.019230769230769162,0.10256410256410264,0.10897435897435914,0.7115384615384617
2019-09-24,1532.0999755859375,265508,27637,237871,0.9871794871794872,0.2371794871794871,0.9935897435897436,0.0179390076659118,0.0280479939530842,-0.005775486316718,0.0716234370226625,0.06410256410256399,0.019230769230769273,0.11538461538461542,0.14743589743589747,0.6217948717948719,-0.06410256410256412,-0.051282051282051294,-0.012820512820512914,0.14102564102564097,-0.4551282051282052,0.07692307692307698,0.04487179487179482,0.1282051282051282,0.14102564102564108,0.641025641025641
2019-10-01,1482.0,219990,29179,190811,0.8910256410256411,0.2628205128205128,0.8717948717948718,-0.032700199976687,-0.0153478014488337,-0.0413351597159604,0.0065199507109203,-0.03846153846153855,-0.08333333333333337,-0.044871794871794934,0.0705128205128206,0.6730769230769231,0.02564102564102569,-0.044871794871794934,0.13461538461538458,0.08974358974358979,-0.4871794871794872,-0.06410256410256421,-0.09615384615384615,-0.0705128205128206,0.03205128205128205,0.6602564102564104
2019-10-08,1497.199951171875,231976,31475,200501,0.9166666666666666,0.2884615384615384,0.903846153846154,0.0102563773089574,-0.0227792082567688,0.0046298746008734,-0.003328451712503,-0.0705128205128206,-0.0064102564102566095,-0.012820512820512997,0.07692307692307687,0.6730769230769231,0.051282051282051294,-0.01282051282051283,0.15384615384615377,0.03205128205128199,-0.4230769230769232,-0.08974358974358965,-0.012820512820512664,-0.038461538461538436,0.06410256410256421,0.6346153846153848
2019-10-15,1477.5999755859375,213987,38200,175787,0.8525641025641025,0.3461538461538461,0.8012820512820513,-0.0130910875134589,-0.002968977337424,-0.0182712115115769,-0.0179449690536418,-0.03846153846153855,-0.0769230769230771,-0.09615384615384626,0.03205128205128205,0.782051282051282,0.08333333333333331,0.108974358974359,0.2628205128205128,0.09615384615384609,-0.5256410256410258,-0.07051282051282048,-0.1346153846153847,-0.15384615384615385,-0.03205128205128205,0.6666666666666667
2019-10-22,1481.699951171875,218317,33879,184438,0.8782051282051282,0.3205128205128205,0.8525641025641025,0.0027747534201951,-0.0103526586331157,-0.0328960415228696,-0.038481537201898,-0.038461538461538436,-0.10897435897435903,-0.08974358974358976,0.0064102564102563875,0.8397435897435898,0.032051282051282104,0.0833333333333334,0.032051282051282104,0.07051282051282048,-0.5512820512820513,-0.05128205128205143,-0.14102564102564108,-0.09615384615384626,-0.012820512820512886,0.7243589743589743
2019-10-29,1487.0,230664,32106,198558,0.9102564102564102,0.3012820512820512,0.8974358974358975,0.0035770054685722,0.0063616841969253,0.0033738191632928,-0.0381007979066351,0.05769230769230771,0.019230769230769162,-0.06410256410256421,-0.025641025641025772,0.8397435897435898,-0.04487179487179488,0.038461538461538436,-0.0064102564102564985,0.17307692307692302,-0.5128205128205129,0.09615384615384615,0.02564102564102566,-0.07051282051282048,-0.044871794871794934,0.717948717948718
2019-11-05,1480.800048828125,233167,35920,197247,0.9166666666666666,0.3397435897435897,0.8846153846153846,-0.0041694358923167,-0.0006073445187322,-0.0109537155213728,-0.0063745552497768,0.038461538461538436,0.0,-0.0064102564102566095,-0.012820512820512997,0.7692307692307692,0.019230769230769218,0.05128205128205132,0.03846153846153849,0.2051282051282051,-0.44230769230769235,0.03205128205128205,-0.019230769230769384,-0.03205128205128205,-0.05769230769230782,0.6987179487179487
2019-11-12,1452.0999755859375,209432,33991,175441,0.8141025641025641,0.3333333333333333,0.7692307692307693,-0.0193814642732488,-0.023470090392779,-0.0172577154990057,-0.0352136076404937,-0.09615384615384615,-0.038461538461538436,-0.11538461538461553,-0.1346153846153847,0.3782051282051282,0.032051282051282104,-0.012820512820512775,0.09615384615384623,0.25,-0.38461538461538464,-0.1282051282051282,-0.03205128205128205,-0.16666666666666674,-0.1858974358974359,0.4102564102564103
2019-11-19,1473.300048828125,221795,26596,195199,0.8782051282051282,0.2115384615384615,0.8653846153846154,0.0145995961701141,-0.0050648296547095,-0.0056690980769126,-0.0383786487140468,-0.038461538461538436,0.0,-0.10897435897435903,-0.08974358974358976,0.6217948717948718,-0.1282051282051282,-0.10897435897435898,-0.025641025641025578,-0.07692307692307687,-0.6153846153846154,-0.019230769230769162,0.012820512820512886,-0.1282051282051282,-0.08333333333333337,0.6602564102564104
2019-11-26,1459.800048828125,218724,24437,194287,0.8589743589743589,0.173076923076923,0.8589743589743589,-0.0091631029339461,0.0053027156336673,-0.0182918299743611,-0.0149797241375674,0.04487179487179482,-0.05128205128205132,-0.03205128205128216,-0.11538461538461553,0.5641025641025641,-0.16025641025641033,-0.12820512820512822,-0.08974358974358979,-0.13461538461538472,-0.5961538461538463,0.08974358974358965,-0.03846153846153855,-0.012820512820512886,-0.10897435897435903,0.6025641025641025
2019-12-03,1478.199951171875,232276,24314,207962,0.9102564102564102,0.1666666666666666,0.9230769230769232,0.0126043990466508,0.0033258007068195,-0.0017558735619354,-0.0126903557438192,0.03205128205128205,-0.0064102564102563875,-0.0064102564102563875,-0.012820512820512997,0.34615384615384615,-0.04487179487179491,-0.1730769230769231,-0.12179487179487178,-0.1346153846153846,-0.35256410256410264,0.05769230769230782,0.03846153846153866,0.019230769230769273,0.0064102564102566095,0.3910256410256412
2019-12-10,1462.5999755859375,212929,29281,183648,0.8076923076923077,0.2884615384615384,0.8141025641025641,-0.0105533595597606,0.0019180207317159,0.0072309070839031,-0.0101515973523563,-0.05128205128205121,-0.0064102564102563875,-0.04487179487179482,-0.12179487179487192,0.17307692307692313,0.11538461538461539,-0.044871794871794934,-0.05769230769230771,0.051282051282051294,-0.06410256410256421,-0.04487179487179482,0.04487179487179482,0.012820512820512775,-0.12179487179487192,0.1923076923076923
2019-12-17,1474.5999755859375,228616,26895,201721,0.8782051282051282,0.2307692307692307,0.903846153846154,0.0082045673460322,-0.0024353779629633,0.0008823231621057,-0.0047917768913484,-0.03205128205128205,0.0,0.0,-0.10897435897435903,0.14743589743589747,0.0641025641025641,0.01923076923076919,-0.08974358974358979,-0.0064102564102563875,-0.12179487179487189,-0.019230769230769273,0.03846153846153855,0.05128205128205143,-0.08974358974358965,0.1923076923076924
2019-12-24,1499.0999755859375,245366,26520,218846,0.9423076923076924,0.2243589743589743,0.935897435897436,0.0166146754412259,0.0249555590108481,0.0269214450221186,0.0081371725527488,0.1346153846153847,0.08333333333333348,0.03205128205128216,0.05128205128205132,0.14102564102564108,-0.06410256410256407,0.05128205128205132,-0.0769230769230769,-0.038461538461538464,0.012820512820512803,0.12179487179487192,0.0769230769230771,0.03846153846153855,0.06410256410256421,0.10897435897435914
2019-12-31,1519.5,258357,25625,232732,0.9807692307692308,0.1987179487179487,0.9743589743589745,0.0136081814063728,0.0304489523650108,0.0279394196944624,0.0261344880441498,0.10256410256410264,0.0705128205128206,0.06410256410256421,0.06410256410256421,0.14102564102564108,-0.03205128205128199,0.032051282051282104,-0.141025641025641,-0.08974358974358967,0.1025641025641026,0.07051282051282048,0.05128205128205121,0.08974358974358987,0.07051282051282048,0.12179487179487192
2020-01-07,1571.800048828125,261083,31326,229757,0.9807692307692308,0.3333333333333333,0.9551282051282052,0.0344192489819841,0.0484958137723749,0.0746616129255988,0.0824323911953013,0.038461538461538436,0.17307692307692313,0.16666666666666674,0.1282051282051283,0.16025641025641035,0.108974358974359,0.044871794871794934,0.0,-0.012820512820512775,0.16025641025641033,0.019230769230769162,0.14102564102564108,0.1858974358974359,0.15384615384615385,0.11538461538461542
2020-01-14,1542.4000244140625,262402,31943,230459,0.9807692307692308,0.3525641025641026,0.9615384615384616,-0.018704684756806,0.0150707630234041,0.045978604333819,0.0469014954834896,0.0,0.10256410256410264,0.10256410256410264,0.10256410256410264,0.14102564102564108,0.15384615384615388,0.12179487179487189,0.14102564102564108,0.032051282051282104,0.0961538461538462,-0.012820512820512886,0.0576923076923076,0.09615384615384615,0.10897435897435903,0.1217948717948718
2020-01-21,1556.4000244140625,258269,34437,223832,0.9615384615384616,0.3974358974358974,0.9294871794871796,0.0090767633418045,-0.0097976994119221,0.0382229669543745,0.0661734294799376,-0.019230769230769273,0.019230769230769162,0.10256410256410264,0.05128205128205132,0.14102564102564108,0.0641025641025641,0.1730769230769231,0.22435897435897442,0.0961538461538462,0.1474358974358974,-0.02564102564102555,-0.0064102564102563875,0.0705128205128207,0.03205128205128216,0.09615384615384626
2020-01-28,1569.199951171875,254259,34321,219938,0.9487179487179488,0.3974358974358974,0.9102564102564102,0.0082240597256679,0.0173754709113114,0.0327080955392398,0.0615613604423797,-0.03205128205128205,-0.03205128205128205,0.03846153846153855,0.03205128205128216,0.07692307692307698,0.04487179487179482,0.1987179487179487,0.2307692307692308,0.05769230769230771,0.1474358974358974,-0.05128205128205132,-0.06410256410256421,-0.012820512820512997,0.02564102564102566,0.04487179487179482
2020-02-04,1550.4000244140625,223762,42152,181610,0.8269230769230769,0.4551282051282051,0.75,-0.0119805807690553,-0.0038550500551802,-0.0136149788454438,0.0600301177996063,-0.1346153846153847,-0.15384615384615397,0.019230769230769162,0.012820512820512775,-0.10897435897435914,0.05769230769230771,0.1217948717948718,0.16666666666666674,0.1217948717948718,0.3269230769230769,-0.17948717948717963,-0.20512820512820518,-0.0641025641025641,-0.019230769230769273,-0.1923076923076924
2020-02-11,1565.5999755859375,231499,35828,195671,0.8589743589743589,0.4166666666666667,0.8141025641025641,0.0098038899203574,-0.0022941471437397,0.0150414618806093,0.0617116516388391,-0.08974358974358987,-0.12179487179487192,-0.019230769230769273,-0.019230769230769273,-0.0705128205128207,0.019230769230769273,0.0641025641025641,0.185897435897436,0.20512820512820518,0.28205128205128205,-0.09615384615384615,-0.14743589743589747,-0.08974358974358987,-0.05128205128205132,-0.1282051282051283
2020-02-18,1600.0,278286,39740,238546,1.0,0.4487179487179487,0.9935897435897436,0.0219724226817186,0.0319917278153312,0.028013348048071,0.0673070682791685,0.17307692307692313,0.038461538461538436,0.0576923076923076,0.14102564102564108,0.05128205128205121,-0.006410256410256443,0.051282051282051266,0.22435897435897437,0.27564102564102566,0.36538461538461536,0.2435897435897436,0.06410256410256399,0.0576923076923076,0.1346153846153847,0.038461538461538436
2020-02-25,1646.9000244140625,263218,32372,230846,0.9743589743589745,0.3653846153846153,0.9551282051282052,0.0293125152587889,0.051929004915638,0.0495157249935938,0.0838433855966189,0.11538461538461553,0.02564102564102566,-0.0064102564102563875,0.06410256410256421,0.0064102564102564985,-0.05128205128205138,-0.032051282051282104,0.1666666666666666,0.1987179487179487,0.07692307692307693,0.14102564102564108,0.044871794871794934,-0.019230769230769273,0.03205128205128194,0.0064102564102563875
2020-03-03,1642.0999755859375,242921,27560,215361,0.8910256410256411,0.2692307692307692,0.8846153846153846,-0.0029145963670944,0.0263124847412108,0.059145994406528,0.0447257440984465,-0.10897435897435892,0.06410256410256421,-0.08974358974358976,0.08333333333333337,-0.08333333333333337,-0.17948717948717946,-0.1858974358974359,-0.0641025641025641,-0.019230769230769162,-0.03846153846153849,-0.10897435897435903,0.13461538461538458,-0.0705128205128206,0.07051282051282048,-0.08333333333333337
2020-03-10,1659.0999755859375,220642,10457,210185,0.7884615384615384,0.0064102564102564,0.8717948717948718,0.0103525974378837,0.0074078274279067,0.0597215134504629,0.0756612741990896,-0.18589743589743601,-0.07051282051282048,-0.1923076923076924,-0.08974358974358976,-0.1346153846153848,-0.3589743589743589,-0.4102564102564103,-0.3461538461538462,-0.2243589743589743,-0.2948717948717948,-0.08333333333333337,0.05769230769230771,-0.08974358974358976,-0.03205128205128216,-0.04487179487179482
2020-03-17,1524.9000244140625,164979,10900,154079,0.5064102564102564,0.0128205128205128,0.5897435897435898,-0.0808871997749745,-0.0713719949542387,-0.0469374847412109,-0.0202390127896964,-0.3846153846153847,-0.4935897435897436,-0.4551282051282052,-0.435897435897436,-0.42307692307692324,-0.25641025641025644,-0.4358974358974359,-0.38461538461538464,-0.2115384615384615,-0.22435897435897428,-0.2948717948717948,-0.40384615384615385,-0.33974358974358987,-0.34615384615384626,-0.34615384615384626
2020-03-24,1660.199951171875,158965,1556,157409,0.4679487179487179,0.0,0.5897435897435898,0.0887270801964876,0.0006629953602097,0.0080757341433304,0.0579913349678868,-0.32051282051282054,-0.5064102564102566,-0.4807692307692309,-0.512820512820513,-0.5192307692307694,-0.0064102564102564,-0.3653846153846153,-0.3974358974358974,-0.1987179487179487,-0.2371794871794871,-0.28205128205128205,-0.3653846153846154,-0.3205128205128205,-0.3846153846153847,-0.40384615384615385
2020-03-31,1583.4000244140625,156820,4222,152598,0.4487179487179487,0.0064102564102564,0.5769230769230769,-0.0462594440528697,0.0383631707412939,-0.0357468802415209,0.0212848293861911,-0.05769230769230771,-0.4423076923076924,-0.3782051282051282,-0.5320512820512822,-0.4423076923076924,-0.0064102564102564,-0.26282051282051283,-0.44871794871794873,-0.3269230769230769,-0.2564102564102564,-0.012820512820512886,-0.3076923076923077,-0.17307692307692313,-0.3782051282051283,-0.29487179487179493
2020-04-07,1664.800048828125,157005,4523,152482,0.4551282051282051,0.0128205128205128,0.5705128205128205,0.0514083763792947,0.0027708094154579,0.0034356418094541,0.0633623369884515,-0.012820512820512775,-0.3333333333333333,-0.4038461538461538,-0.5256410256410258,-0.4615384615384615,0.0128205128205128,0.0064102564102564,-0.4038461538461539,-0.3397435897435898,-0.2756410256410256,-0.019230769230769273,-0.3012820512820513,-0.2435897435897436,-0.3910256410256411,-0.3333333333333335
2020-04-14,1756.699951171875,162412,7168,155244,0.5,0.0192307692307692,0.5833333333333334,0.0552017657666694,0.1094479752972987,0.1520099174022118,0.0979374694824217,0.05128205128205132,-0.0064102564102563875,-0.5,-0.46153846153846156,-0.35256410256410253,0.012820512820512801,0.006410256410256401,-0.42948717948717946,-0.3782051282051282,-0.32692307692307687,0.0064102564102564985,-0.0064102564102563875,-0.41025641025641024,-0.34615384615384626,-0.21794871794871795
2020-04-21,1678.199951171875,155492,9221,146271,0.4423076923076923,0.0256410256410256,0.532051282051282,-0.0446860603301283,0.008048956001162,0.0108420675396927,0.0190053593380377,-0.01282051282051283,-0.025641025641025605,-0.5320512820512822,-0.5064102564102565,-0.4358974358974359,0.0128205128205128,0.0256410256410256,-0.3397435897435897,-0.3717948717948718,-0.2948717948717949,-0.038461538461538436,-0.05769230769230771,-0.42307692307692313,-0.3782051282051282,-0.3205128205128205
2020-04-28,1710.5,154025,7619,146406,0.4294871794871794,0.0256410256410256,0.532051282051282,0.019246841716072,-0.0262992841441451,0.0802702877518086,0.0416539951470713,-0.0705128205128206,-0.019230769230769273,-0.4615384615384617,-0.39743589743589747,-0.48076923076923084,0.006410256410256398,0.019230769230769197,-0.2435897435897436,-0.4294871794871795,-0.2756410256410256,-0.05128205128205132,-0.04487179487179482,-0.35256410256410253,-0.21794871794871795,-0.3653846153846154
2020-05-05,1704.4000244140625,142326,9085,133241,0.4038461538461538,0.032051282051282,0.5,-0.0035661944378471,0.0156120092983509,0.023786625675445,0.0273039898105758,-0.03846153846153849,-0.05128205128205132,-0.38461538461538464,-0.4551282051282051,-0.5128205128205128,0.006410256410256401,0.0192307692307692,0.0256410256410256,-0.3846153846153847,-0.3076923076923077,-0.03205128205128205,-0.07051282051282048,-0.3717948717948718,-0.3141025641025641,-0.3846153846153846
2020-05-12,1704.4000244140625,144015,21798,122217,0.4166666666666667,0.1858974358974359,0.4615384615384615,0.0,-0.0035661944378471,-0.0297716902211579,0.1177126350096113,-0.01282051282051272,-0.08333333333333331,-0.0897435897435897,-0.5833333333333333,-0.3974358974358974,0.1602564102564103,0.1666666666666667,0.1730769230769231,-0.2628205128205128,-0.1474358974358974,-0.07051282051282054,-0.12179487179487186,-0.12820512820512825,-0.5320512820512822,-0.30769230769230776
2020-05-19,1744.199951171875,153961,26897,127064,0.4294871794871794,0.3141025641025641,0.4807692307692308,0.0233512826729129,0.0233512826729129,0.0393278524134819,0.0505963151852326,0.025641025641025605,-0.012820512820512886,-0.03846153846153849,-0.544871794871795,-0.4487179487179488,0.2820512820512821,0.2884615384615385,0.3141025641025641,-0.05128205128205121,0.10256410256410259,-0.019230769230769218,-0.051282051282051266,-0.10897435897435898,-0.4743589743589744,-0.38461538461538464
2020-05-26,1704.800048828125,145566,32485,113081,0.4230769230769231,0.4487179487179487,0.4487179487179487,-0.022589097263349,0.0002347010140415,-0.0033323304132563,0.0766704702173959,0.0064102564102563875,-0.006410256410256332,-0.025641025641025605,-0.467948717948718,-0.43589743589743585,0.2628205128205128,0.4230769230769231,0.4423076923076923,0.17948717948717946,0.27564102564102566,-0.01282051282051283,-0.08333333333333337,-0.1282051282051282,-0.4358974358974359,-0.41025641025641024
2020-06-02,1734.0,133655,33300,100355,0.3717948717948718,0.4679487179487179,0.4358974358974359,0.0171280797369444,-0.0058479253855167,0.0173668007286689,0.0415665239922269,-0.0576923076923076,-0.03205128205128199,-0.08333333333333331,-0.41666666666666663,-0.5384615384615384,0.1538461538461538,0.4358974358974359,0.4551282051282051,0.4615384615384615,0.3012820512820513,-0.04487179487179488,-0.0641025641025641,-0.13461538461538458,-0.4358974358974359,-0.48717948717948734
2020-06-09,1721.9000244140625,126407,35230,91177,0.3461538461538461,0.5064102564102564,0.4166666666666667,-0.0069780712721669,0.0100304875036176,0.0102675426832479,-0.0198098296380083,-0.07692307692307698,-0.0705128205128206,-0.1538461538461539,-0.1602564102564103,-0.4615384615384616,0.05769230769230771,0.3205128205128205,0.48717948717948717,0.4935897435897436,0.217948717948718,-0.03205128205128199,-0.04487179487179482,-0.16666666666666669,-0.17307692307692307,-0.3974358974358974
2020-06-16,1736.5,135945,31257,104688,0.3974358974358974,0.4038461538461538,0.4423076923076923,0.0084789914506828,0.0014417531718569,-0.004414603478633,0.0347396320607771,0.025641025641025605,-0.03205128205128199,-0.04487179487179488,-0.07051282051282048,-0.4807692307692308,-0.0641025641025641,0.0897435897435897,0.3782051282051282,0.4038461538461538,0.1730769230769231,0.0064102564102563875,-0.03846153846153849,-0.08974358974358976,-0.14743589743589747,-0.4615384615384617
2020-06-23,1782.0,161593,32078,129515,0.532051282051282,0.4423076923076923,0.5,0.026202130722718,0.0349032898157886,0.0452838743317387,0.0418006430868167,0.18589743589743596,0.10897435897435898,0.10256410256410264,0.08333333333333337,-0.41025641025641035,-0.0641025641025641,-0.0064102564102563875,0.4166666666666667,0.4358974358974359,0.21794871794871798,0.08333333333333331,0.05128205128205132,-0.03205128205128205,-0.07692307692307687,-0.435897435897436
2020-06-30,1800.5,173526,34971,138555,0.5897435897435898,0.5192307692307693,0.532051282051282,0.0103815937149269,0.0368557443132737,0.0383506343713955,0.0563834629250106,0.19230769230769235,0.21794871794871795,0.18589743589743596,0.13461538461538464,-0.3910256410256411,0.11538461538461547,0.05128205128205138,0.4871794871794873,0.5064102564102565,0.3205128205128206,0.08974358974358976,0.09615384615384615,0.03205128205128205,-0.038461538461538436,-0.4423076923076924
2020-07-07,1809.9000244140625,179810,40467,139343,0.5961538461538461,0.5769230769230769,0.532051282051282,0.0052207855673771,0.0156565793569374,0.0511063352995451,0.0618986144618654,0.0641025641025641,0.25000000000000006,0.17948717948717946,0.09615384615384615,-0.3846153846153847,0.13461538461538458,0.07051282051282048,0.39102564102564097,0.5576923076923077,0.24358974358974356,0.03205128205128205,0.11538461538461536,0.07051282051282054,-0.05128205128205132,-0.42307692307692313
2020-07-14,1813.4000244140625,177400,42427,134973,0.5833333333333334,0.6025641025641025,0.5064102564102564,0.0019338084716216,0.0071646900383572,0.0442844943357687,0.0396743923743916,-0.0064102564102563875,0.18589743589743596,0.15384615384615397,0.14102564102564108,-0.39743589743589747,0.08333333333333326,0.19871794871794873,0.28846153846153844,0.576923076923077,0.24999999999999994,-0.02564102564102566,0.0641025641025641,0.025641025641025605,-0.02564102564102566,-0.4551282051282052
2020-07-21,1843.9000244140625,181256,40987,140269,0.5961538461538461,0.5897435897435898,0.532051282051282,0.016819234360524,0.0187855680100381,0.0347362651032898,0.0815931320987199,0.0,0.0641025641025641,0.17307692307692307,0.16666666666666674,-0.3653846153846154,0.012820512820512886,0.14743589743589747,0.14102564102564108,0.5641025641025642,0.19230769230769235,0.0,0.03205128205128205,0.08333333333333337,0.0,-0.3974358974358976
2020-07-28,1944.5999755859373,159894,42758,117136,0.5,0.6153846153846154,0.4358974358974359,0.0546124788972082,0.0723502533393134,0.0800333105170436,0.1214532731176107,-0.08333333333333337,-0.08974358974358976,0.1282051282051282,0.0961538461538462,-0.4487179487179488,0.012820512820512886,0.09615384615384615,0.14743589743589752,0.5833333333333334,0.217948717948718,-0.07051282051282048,-0.09615384615384615,0.0,-0.0641025641025641,-0.47435897435897434
2020-08-04,2021.0,165357,51885,113472,0.532051282051282,0.6410256410256411,0.4358974358974359,0.0392882985566438,0.0960464088296841,0.116636263184912,0.1737034504588712,-0.0641025641025641,-0.0641025641025641,0.18589743589743596,0.11538461538461536,-0.2948717948717948,0.05128205128205132,0.06410256410256421,0.1346153846153847,0.4551282051282052,0.18589743589743596,-0.09615384615384615,-0.09615384615384615,0.019230769230769218,-0.025641025641025605,-0.3141025641025641
2020-08-11,1946.300048828125,155418,57726,97692,0.4487179487179487,0.6474358974358975,0.3974358974358974,-0.0369618758891019,0.0008742534523973,0.0732877592504746,0.1208177649456521,-0.05128205128205132,-0.1346153846153847,0.051282051282051266,0.019230769230769273,-0.41025641025641024,0.03205128205128205,0.044871794871794934,0.24358974358974367,0.33333333333333337,0.23076923076923078,-0.03846153846153849,-0.10897435897435898,-0.04487179487179488,-0.08333333333333337,-0.4166666666666667
2020-08-18,2013.0999755859373,151016,55578,95438,0.4230769230769231,0.6410256410256411,0.391025641025641,0.0343214946729477,-0.0039089680425842,0.0917619984443796,0.129685732652041,-0.10897435897435898,-0.17307692307692307,-0.10897435897435898,0.0,-0.5769230769230769,0.0,0.05128205128205132,0.1987179487179488,0.1923076923076924,0.1923076923076924,-0.04487179487179488,-0.14102564102564102,-0.10897435897435898,-0.057692307692307654,-0.6025641025641026
2020-08-25,1923.0999755859373,145055,58206,86849,0.4102564102564102,0.6474358974358975,0.3846153846153846,-0.0447071685914677,-0.0119200907671747,-0.0110562584952834,0.0680921830524505,-0.03846153846153849,-0.08974358974358981,-0.17948717948717957,0.03846153846153838,-0.5641025641025643,0.0,0.03205128205128205,0.1282051282051282,0.17948717948717957,0.28205128205128216,-0.01282051282051283,-0.05128205128205132,-0.14743589743589747,-0.05128205128205132,-0.5705128205128206
2020-09-01,1978.9000244140625,147175,49433,97742,0.4230769230769231,0.6153846153846154,0.4166666666666667,0.0290156775708574,-0.0169886998095663,-0.0208312595675098,0.0933753233440128,0.0,-0.10897435897435898,-0.17307692307692307,0.07692307692307698,-0.467948717948718,-0.02564102564102566,-0.02564102564102566,0.03846153846153855,0.10897435897435903,0.3461538461538462,0.02564102564102566,-0.019230769230769218,-0.11538461538461536,0.0,-0.4679487179487179
2020-09-08,1943.199951171875,155528,51236,104292,0.4807692307692308,0.6153846153846154,0.4358974358974359,-0.0180403622223199,0.0104518620150331,-0.0015928158960467,0.071578209446508,0.0705128205128206,0.032051282051282104,-0.10256410256410259,0.08333333333333337,-0.30769230769230765,-0.03205128205128205,-0.03205128205128205,0.012820512820512886,0.21153846153846162,0.608974358974359,0.05128205128205132,0.03846153846153849,-0.07051282051282048,-0.0064102564102563875,-0.4358974358974359
2020-09-15,1966.199951171875,166571,55473,111098,0.5705128205128205,0.6282051282051282,0.4551282051282051,0.0118361468597862,-0.0064177437392006,-0.023297414426927,0.0663267667110507,0.1474358974358974,0.1474358974358974,-0.02564102564102566,0.038461538461538436,0.0641025641025641,0.012820512820512775,-0.012820512820512886,0.038461538461538436,0.1858974358974359,0.6153846153846154,0.038461538461538436,0.0641025641025641,-0.07692307692307693,-0.04487179487179488,-0.13461538461538464
2020-09-22,1907.5999755859373,144670,63222,81448,0.4102564102564102,0.6474358974358975,0.3782051282051282,-0.0298036705529423,-0.0183202843147811,-0.0080599033834823,-0.019027049503511,-0.0705128205128206,0.0,-0.08974358974358981,-0.17948717948717957,-0.05769230769230771,0.03205128205128205,0.0,0.03205128205128205,0.1282051282051282,0.6474358974358975,-0.05769230769230771,-0.0064102564102563875,-0.05769230769230771,-0.15384615384615385,-0.21153846153846156
2020-09-29,1903.199951171875,140320,45948,94372,0.391025641025641,0.5705128205128205,0.4038461538461538,-0.0023065760486344,-0.0320415021689179,-0.0382536117581795,-0.05828800040976,-0.17948717948717946,-0.03205128205128205,-0.14102564102564102,-0.20512820512820512,-0.057692307692307654,-0.05769230769230771,-0.044871794871794934,-0.0705128205128206,-0.0064102564102563875,0.5641025641025641,-0.05128205128205132,-0.012820512820512886,-0.032051282051282104,-0.12820512820512825,-0.17307692307692307
2020-10-06,1908.800048828125,139350,44738,94612,0.391025641025641,0.5641025641025641,0.4102564102564102,0.0029424641655764,0.0006291010995735,-0.0177027085262144,-0.0192673272667176,-0.019230769230769162,-0.08974358974358976,-0.057692307692307654,-0.19230769230769235,-0.0641025641025641,-0.08333333333333337,-0.05128205128205132,-0.08333333333333337,-0.038461538461538436,0.5512820512820513,0.03205128205128199,-0.025641025641025716,0.012820512820512775,-0.0961538461538462,-0.1602564102564103
2020-10-13,1894.5999755859373,138169,56388,81781,0.3846153846153846,0.6282051282051282,0.3846153846153846,-0.0074392670153721,-0.0045186926264065,-0.0364154090957348,-0.0588644386454324,-0.006410256410256443,-0.1858974358974359,-0.03846153846153849,-0.21153846153846156,-0.11538461538461542,0.05769230769230771,0.0,-0.012820512820512886,0.038461538461538436,0.608974358974359,-0.019230769230769218,-0.07051282051282054,-0.006410256410256443,-0.14743589743589747,-0.1987179487179488
2020-10-20,1915.4000244140625,149108,58543,90565,0.4615384615384615,0.6410256410256411,0.4038461538461538,0.0109785965882811,0.0034576568614346,0.0040889331767417,-0.0040039266130865,0.07051282051282048,0.05128205128205132,0.05128205128205132,-0.03846153846153849,0.019230769230769218,0.07692307692307698,-0.0064102564102563875,-0.0064102564102563875,0.02564102564102566,0.6153846153846155,-0.0064102564102563875,0.025641025641025605,0.019230769230769218,-0.032051282051282104,-0.12820512820512825
2020-10-27,1911.9000244140625,149140,47265,101875,0.4679487179487179,0.5641025641025641,0.4679487179487179,-0.001827294536592,0.0091312409221238,0.0045712870246925,-0.0338571929725647,0.08333333333333331,0.07692307692307687,0.04487179487179482,-0.06410256410256415,0.03846153846153849,-0.0641025641025641,-0.0064102564102563875,-0.05128205128205132,-0.07692307692307698,0.5384615384615385,0.08333333333333331,0.0641025641025641,0.05128205128205121,0.03205128205128199,-0.06410256410256415
2020-11-03,1910.4000244140625,140094,49399,90695,0.4038461538461538,0.5769230769230769,0.4102564102564102,-0.0007845598518989,-0.00261042076656,0.0008382101555999,-0.0168793369606827,-0.05769230769230771,0.012820512820512775,-0.07692307692307698,-0.04487179487179488,0.0,-0.06410256410256421,0.012820512820512775,-0.03846153846153855,-0.0705128205128206,0.5448717948717948,0.0064102564102563875,0.0,-0.025641025641025716,0.012820512820512775,-0.08974358974358981
2020-11-10,1876.4000244140625,130105,50322,79783,0.3525641025641026,0.5833333333333334,0.3717948717948718,-0.0177973197055565,-0.0185679164949431,-0.0096062236917564,-0.0456718182218908,-0.11538461538461531,-0.03205128205128199,-0.2179487179487179,-0.07051282051282048,-0.0641025641025641,0.019230769230769273,-0.04487179487179482,-0.04487179487179482,-0.05769230769230771,0.39743589743589747,-0.09615384615384609,-0.012820512820512775,-0.08333333333333331,-0.019230769230769218,-0.0897435897435897
2020-11-17,1885.0999755859373,139550,49103,90447,0.4102564102564102,0.5576923076923077,0.4102564102564102,0.004636511969025,-0.0132433252223628,-0.015819175337744,-0.0117949257118693,0.0064102564102563875,-0.05128205128205132,0.0,0.0,-0.019230769230769218,-0.019230769230769162,-0.08333333333333337,-0.08974358974358976,-0.08974358974358976,0.2435897435897436,0.0,0.0064102564102563875,0.03205128205128199,0.025641025641025605,-0.0705128205128206
2020-11-24,1804.5999755859373,137503,52155,85348,0.391025641025641,0.5961538461538461,0.4038461538461538,-0.0427033054175169,-0.038264787835177,-0.0561222069448998,-0.0518074706366117,0.038461538461538436,-0.07692307692307687,0.0,-0.03205128205128205,-0.03205128205128205,0.012820512820512775,0.03205128205128205,0.02564102564102566,-0.019230769230769273,0.14743589743589747,0.03205128205128199,-0.0641025641025641,0.0,-0.012820512820512886,-0.04487179487179488
2020-12-01,1814.0999755859373,134446,48903,85543,0.3717948717948718,0.5448717948717948,0.4102564102564102,0.0052643245752652,-0.0376637849024062,-0.0504083163722013,-0.0496123589793112,-0.03846153846153838,-0.03205128205128199,-0.019230769230769218,-0.10897435897435898,0.0,-0.012820512820512886,-0.03205128205128205,-0.019230769230769273,-0.0705128205128206,0.07692307692307693,0.0,0.0,0.0,-0.025641025641025716,-0.025641025641025716
2020-12-08,1874.9000244140625,147844,49033,98811,0.4871794871794871,0.5448717948717948,0.4807692307692308,0.0335152690845979,0.0389560289145518,-0.0007994031019417,-0.0103979475486809,0.09615384615384609,0.13461538461538453,0.10256410256410253,-0.08333333333333337,0.14102564102564102,-0.05128205128205132,-0.03846153846153855,-0.08333333333333337,-0.08333333333333337,0.038461538461538436,0.07692307692307698,0.10897435897435898,0.0961538461538462,0.02564102564102566,0.0641025641025641
2020-12-15,1855.300048828125,151901,50022,101879,0.5128205128205128,0.5705128205128205,0.5,-0.0104538777165267,0.0227110268434242,-0.0158081412889253,-0.031377244867856,0.14102564102564097,0.10256410256410259,0.051282051282051266,0.10256410256410259,0.11538461538461536,0.02564102564102566,0.012820512820512775,-0.0705128205128206,-0.07692307692307698,0.16666666666666669,0.08974358974358981,0.08974358974358981,0.0961538461538462,0.1217948717948718,0.05769230769230771
2020-12-21,1882.800048828125,158194,50070,108124,0.5833333333333334,0.5705128205128205,0.5192307692307693,0.0148224002998167,0.0042135710230903,0.0433337439322512,-0.0152204483573118,0.09615384615384626,0.19230769230769235,0.11538461538461547,0.19230769230769235,0.05128205128205132,0.02564102564102566,-0.02564102564102566,0.0064102564102563875,0.0,0.1282051282051282,0.03846153846153849,0.11538461538461547,0.05128205128205138,0.11538461538461547,0.019230769230769273
2020-12-29,1882.9000244140625,159673,50678,108995,0.5961538461538461,0.5769230769230769,0.5256410256410257,5.3099417540281024e-05,0.0148762867781795,0.0379251693699536,-0.0143948909383178,0.08333333333333337,0.22435897435897434,0.19230769230769235,0.20512820512820512,0.0064102564102563875,0.0064102564102563875,0.03205128205128205,0.0,0.012820512820512775,0.0576923076923076,0.02564102564102566,0.11538461538461547,0.11538461538461547,0.11538461538461547,-0.0064102564102563875
2021-01-05,1954.4000244140625,167096,50527,116569,0.6538461538461539,0.5705128205128205,0.5576923076923077,0.0379733385059835,0.0380284542856805,0.0424022609018019,0.0415689613009659,0.07051282051282048,0.16666666666666674,0.30128205128205127,0.2692307692307693,0.05769230769230771,0.0,0.02564102564102566,-0.012820512820512886,-0.05769230769230771,-0.0064102564102563875,0.038461538461538436,0.07692307692307693,0.1858974358974359,0.17307692307692313,0.02564102564102566
2021-01-12,1844.199951171875,131057,52823,78234,0.3397435897435897,0.5961538461538461,0.358974358974359,-0.0563856282570534,-0.0205534402997474,-0.0059829123937452,-0.021696474958231,-0.25641025641025644,-0.17307692307692307,-0.07051282051282048,-0.1217948717948718,-0.24358974358974367,0.019230769230769273,0.02564102564102566,0.038461538461538436,-0.044871794871794934,-0.0064102564102563875,-0.16666666666666669,-0.14102564102564102,-0.05128205128205121,-0.04487179487179482,-0.1474358974358974
2021-01-19,1840.199951171875,127161,49090,78071,0.3333333333333333,0.5128205128205128,0.358974358974359,-0.0021689622090371,-0.0584322921692682,-0.0226259276351542,0.0197273501427255,-0.32051282051282054,-0.25000000000000006,-0.05769230769230771,-0.13461538461538458,-0.26282051282051283,-0.05769230769230771,-0.05769230769230771,-0.08333333333333337,-0.05128205128205132,-0.07692307692307698,-0.19871794871794873,-0.1602564102564103,-0.04487179487179482,-0.10897435897435892,-0.17307692307692307
2021-01-26,1850.9000244140625,142815,46416,96399,0.4423076923076923,0.4807692307692308,0.4743589743589743,0.0058146253266517,0.0036330514150215,-0.0169950605900905,0.0202855682285312,0.10256410256410259,-0.15384615384615385,0.07051282051282048,0.03846153846153849,-0.05769230769230771,-0.11538461538461536,-0.09615384615384609,-0.06410256410256404,-0.09615384615384609,-0.13461538461538464,0.11538461538461531,-0.05128205128205138,0.0641025641025641,0.0641025641025641,0.03846153846153838
2021-02-02,1833.4000244140625,137062,49284,87778,0.391025641025641,0.5256410256410257,0.4230769230769231,-0.009454859673223,-0.0036952108130869,-0.0619115833444978,-0.0221345135525129,0.05769230769230771,-0.26282051282051283,-0.09615384615384609,0.038461538461538436,-0.14102564102564102,0.012820512820512886,-0.04487179487179482,-0.019230769230769162,-0.05769230769230771,-0.11538461538461542,0.0641025641025641,-0.13461538461538464,-0.05769230769230771,0.051282051282051266,-0.01282051282051283
2021-02-09,1837.5,134733,47093,87640,0.3717948717948718,0.4743589743589743,0.4230769230769231,0.0022362689709507,-0.0072397343115842,-0.0036329852235478,-0.0095941617849728,-0.07051282051282048,0.032051282051282104,-0.14102564102564097,-0.03846153846153838,-0.07692307692307687,-0.0064102564102564985,-0.12179487179487186,-0.0961538461538462,-0.08333333333333343,-0.17307692307692318,-0.05128205128205121,0.0641025641025641,-0.07692307692307693,0.012820512820512886,0.02564102564102566
2021-02-16,1799.0,125997,58041,67956,0.3205128205128205,0.6282051282051282,0.358974358974359,-0.0209523809523809,-0.0187629671408215,-0.0223888448348441,-0.0445082040869305,-0.07051282051282054,-0.01282051282051283,-0.2628205128205129,-0.07051282051282054,-0.10256410256410259,0.10256410256410253,0.11538461538461542,0.05769230769230771,0.03205128205128205,-0.012820512820512886,-0.0641025641025641,0.0,-0.1602564102564103,-0.04487179487179482,-0.03205128205128205
2021-02-23,1805.9000244140625,125124,56001,69123,0.3141025641025641,0.6089743589743589,0.3653846153846153,0.0038354777176556,-0.017197265625,-0.0243124963025734,-0.0408943645449054,-0.05769230769230771,-0.1282051282051282,-0.28205128205128205,-0.05769230769230771,-0.09615384615384609,0.13461538461538464,0.12820512820512814,0.03205128205128205,0.0641025641025641,-0.03846153846153855,-0.057692307692307765,-0.10897435897435898,-0.16025641025641035,-0.04487179487179488,-0.019230769230769273
2021-03-02,1733.5999755859375,106608,60648,45960,0.1987179487179487,0.6410256410256411,0.3205128205128205,-0.0400354658899698,-0.0363535433096512,-0.0544344101119013,-0.1129758729379476,-0.12179487179487178,-0.19230769230769232,-0.4551282051282052,-0.28846153846153844,-0.22435897435897437,0.012820512820512886,0.11538461538461542,0.0705128205128206,0.09615384615384626,0.02564102564102566,-0.03846153846153849,-0.10256410256410259,-0.23717948717948723,-0.1602564102564103,-0.0961538461538462
2021-03-09,1716.9000244140625,96223,66793,29430,0.0897435897435897,0.6538461538461539,0.2564102564102564,-0.0096331053340206,-0.0492829053639759,-0.0656326397746598,-0.0690271825877238,-0.2243589743589744,-0.2820512820512821,-0.25,-0.4230769230769231,-0.3910256410256411,0.044871794871794934,0.17948717948717957,0.05769230769230771,0.08333333333333337,0.038461538461538436,-0.10897435897435892,-0.16666666666666669,-0.10256410256410259,-0.2435897435897436,-0.17948717948717952
2021-03-16,1730.9000244140625,100669,59548,41121,0.1346153846153846,0.6282051282051282,0.3012820512820512,0.0081542313477325,-0.0015574245557787,-0.0378543499643899,-0.0593956796315575,-0.0641025641025641,-0.18589743589743588,-0.1987179487179487,-0.4487179487179488,-0.4358974358974359,-0.012820512820512886,0.0,0.11538461538461542,0.05769230769230771,0.0,-0.019230769230769273,-0.057692307692307765,-0.057692307692307765,-0.21794871794871806,-0.1538461538461539
2021-03-23,1725.0999755859375,107941,64420,43521,0.2435897435897435,0.6474358974358975,0.3269230769230769,-0.0033508860975887,0.0047760213496843,-0.0447422602224844,-0.06796696048883,0.1538461538461538,-0.0705128205128206,-0.1987179487179488,-0.35256410256410264,-0.16666666666666669,-0.0064102564102563875,0.03846153846153855,0.16666666666666669,0.0705128205128206,0.0,0.07051282051282054,-0.03846153846153838,-0.14743589743589736,-0.19871794871794873,-0.051282051282051266
2021-03-30,1683.9000244140625,113009,69936,43073,0.282051282051282,0.6602564102564102,0.3269230769230769,-0.0238826455016795,-0.0271535035744829,-0.0286686385970195,-0.0815424882781807,0.14743589743589738,0.08333333333333329,-0.10897435897435903,-0.37179487179487186,-0.10897435897435903,0.03205128205128205,0.019230769230769162,0.13461538461538458,0.08974358974358976,0.08974358974358976,0.025641025641025716,0.006410256410256443,-0.09615384615384615,-0.23076923076923078,-0.07692307692307687
2021-04-06,1743.0,121563,55091,66472,0.3333333333333333,0.5576923076923077,0.391025641025641,0.0350970810197013,0.0103762243738845,0.0152018027927076,-0.0514285714285713,0.08974358974358981,0.2435897435897436,-0.03846153846153849,-0.0064102564102563875,-0.05769230769230771,-0.08974358974358976,-0.09615384615384615,0.08333333333333343,-0.038461538461538436,-0.0064102564102563875,0.0641025641025641,0.13461538461538464,-0.03205128205128205,0.03205128205128205,-0.019230769230769162
2021-04-13,1747.5999755859375,112070,58263,53807,0.2756410256410256,0.6025641025641025,0.3717948717948718,0.0026391139334123,0.0378288201486547,0.0096481315710468,-0.0285714421423359,-0.0064102564102563875,0.141025641025641,-0.04487179487179488,-0.05769230769230771,-0.10897435897435898,-0.05769230769230771,-0.02564102564102566,-0.02564102564102566,0.08974358974358976,-0.02564102564102566,0.04487179487179488,0.0705128205128206,0.01282051282051283,0.01282051282051283,-0.012820512820512775
2021-04-20,1778.4000244140625,116843,60419,56424,0.3076923076923077,0.6153846153846154,0.391025641025641,0.0176241984769989,0.0203098246781769,0.0308967883499164,-0.0152278640169588,-0.025641025641025605,0.06410256410256421,-0.0064102564102563875,-0.13461538461538458,-0.1538461538461538,0.05769230769230771,-0.03205128205128205,0.0064102564102564985,0.13461538461538464,-0.02564102564102566,0.0,0.0641025641025641,0.025641025641025716,-0.08333333333333326,-0.012820512820512775
2021-04-27,1778.800048828125,117144,66493,50651,0.3141025641025641,0.6410256410256411,0.3525641025641026,0.0002249350025702,0.0178530977786988,0.0563572795523203,0.0260729544755042,0.03846153846153849,0.032051282051282104,0.11538461538461539,-0.07692307692307693,-0.1538461538461538,0.03846153846153855,-0.019230769230769162,0.0,0.11538461538461542,0.07692307692307698,-0.019230769230769218,0.02564102564102566,0.032051282051282104,-0.07051282051282048,-0.11538461538461531
2021-05-04,1776.0,117434,63809,53625,0.3205128205128205,0.6346153846153846,0.3653846153846153,-0.0015741223022619,-0.0013495413748958,0.0189328743545611,0.0344224909695058,0.012820512820512775,-0.01282051282051283,0.23076923076923078,-0.05128205128205132,-0.08333333333333331,0.019230769230769162,0.07692307692307687,-0.019230769230769273,0.1602564102564103,0.05769230769230771,-0.025641025641025716,-0.025641025641025716,0.10897435897435892,-0.057692307692307765,-0.04487179487179488
2021-05-11,1836.0999755859373,131295,49680,81615,0.4166666666666667,0.4743589743589743,0.4487179487179487,0.0338400763434332,0.0322126856222888,0.0506408796271169,0.0607776010676797,0.10256410256410259,0.14102564102564108,0.28205128205128205,0.0961538461538462,0.0641025641025641,-0.1666666666666668,-0.12820512820512825,-0.1538461538461539,-0.1538461538461539,-0.10897435897435909,0.09615384615384609,0.07692307692307687,0.14743589743589747,0.0897435897435897,0.07692307692307687
2021-05-18,1868.0,141776,49786,91990,0.5128205128205128,0.4807692307692308,0.5192307692307693,0.0173737949121657,0.0518018018018018,0.0503823517520802,0.082835792960652,0.1923076923076923,0.20512820512820507,0.2692307692307693,0.19871794871794868,0.10256410256410259,-0.1538461538461538,-0.13461538461538464,-0.16666666666666669,-0.12820512820512814,-0.07692307692307693,0.15384615384615397,0.12820512820512825,0.19230769230769235,0.15384615384615397,0.10897435897435909
2021-05-25,1898.0,143862,36607,107255,0.5256410256410257,0.3269230769230769,0.6025641025641025,0.0160599571734474,0.0337127744878429,0.0670114391161638,0.1271453010759571,0.10897435897435898,0.21153846153846156,0.24358974358974367,0.326923076923077,0.13461538461538464,-0.14743589743589736,-0.31410256410256415,-0.3333333333333333,-0.31410256410256415,-0.2692307692307692,0.15384615384615385,0.24999999999999994,0.2756410256410256,0.28205128205128205,0.19871794871794873
2021-06-01,1905.0,147270,37297,109973,0.5576923076923077,0.3333333333333333,0.6153846153846154,0.0036880927291886,0.0198072805139186,0.072635135135135,0.0929432013769362,0.044871794871794934,0.23717948717948723,0.2243589743589744,0.467948717948718,0.1858974358974359,-0.14743589743589747,-0.30128205128205127,-0.2243589743589744,-0.32051282051282054,-0.2115384615384615,0.09615384615384615,0.2500000000000001,0.2243589743589744,0.35897435897435903,0.20512820512820523
2021-06-08,1894.4000244140625,145037,37373,107664,0.532051282051282,0.3397435897435897,0.5961538461538461,-0.0055642916461614,-0.0018967205405361,0.0317521102354574,0.0840009446549148,0.0064102564102563875,0.11538461538461536,0.25641025641025644,0.39743589743589747,0.044871794871794934,0.012820512820512775,-0.13461538461538458,-0.26282051282051283,-0.2884615384615385,-0.20512820512820512,-0.0064102564102563875,0.14743589743589747,0.22435897435897434,0.29487179487179493,0.11538461538461536
2021-06-15,1856.4000244140625,138546,41754,96792,0.4615384615384615,0.3846153846153846,0.532051282051282,-0.0200591213631098,-0.0255117982078412,-0.0062098370374398,0.0438596485206972,-0.0961538461538462,-0.051282051282051266,0.1538461538461538,0.217948717948718,-0.051282051282051266,0.051282051282051266,-0.0961538461538462,-0.23076923076923084,-0.2628205128205129,-0.1858974358974359,-0.08333333333333337,0.012820512820512775,0.14102564102564102,0.20512820512820512,0.03205128205128205
2021-06-22,1777.4000244140625,110038,47502,62536,0.2115384615384615,0.4423076923076923,0.358974358974359,-0.0425554831722946,-0.0617609789337857,-0.0635405561569744,-0.000787061151131,-0.32051282051282054,-0.31410256410256415,-0.10256410256410259,-0.07051282051282048,-0.37179487179487186,0.10256410256410259,0.11538461538461536,-0.1987179487179488,-0.21794871794871795,-0.1282051282051282,-0.23717948717948717,-0.24358974358974356,0.0064102564102563875,0.03205128205128205,-0.1602564102564103
2021-06-29,1763.5999755859375,115438,54056,61382,0.2564102564102564,0.5641025641025641,0.3525641025641026,-0.0077641772468605,-0.0499892521049797,-0.0742257346005577,-0.0069819957286387,-0.20512820512820512,-0.3012820512820513,-0.0641025641025641,-0.07692307692307693,-0.33974358974358976,0.17948717948717952,0.23076923076923078,-0.07051282051282048,0.0064102564102563875,-0.012820512820512775,-0.17948717948717946,-0.26282051282051283,-0.01282051282051272,-0.038461538461538436,-0.17307692307692307
2021-07-06,1794.199951171875,131218,53258,77960,0.3782051282051282,0.5641025641025641,0.3782051282051282,0.0173508596107634,0.0094519672144997,-0.0528927744673036,-0.0228201214373913,0.16666666666666669,-0.15384615384615385,-0.03846153846153849,0.10256410256410259,-0.27564102564102566,0.1217948717948718,0.2243589743589744,0.08974358974358981,-0.038461538461538436,-0.0064102564102563875,0.019230769230769218,-0.21794871794871795,-0.07051282051282048,0.0064102564102563875,-0.17948717948717952
2021-07-13,1809.9000244140625,135938,49647,86291,0.4230769230769231,0.4935897435897436,0.4423076923076923,0.0087504590733786,0.026253146671054,-0.0250484806014139,-0.0311027706562834,0.16666666666666669,-0.038461538461538436,-0.0897435897435897,0.11538461538461536,0.08333333333333337,-0.07051282051282048,0.10897435897435903,0.01282051282051283,-0.1217948717948718,-0.10256410256410253,0.0897435897435897,-0.08974358974358976,-0.07692307692307698,0.051282051282051266,0.08333333333333331
2021-07-20,1811.4000244140625,135163,44735,90428,0.4102564102564102,0.4102564102564102,0.4615384615384615,0.0008287750592663,0.0095864862948822,0.0191290646635433,-0.0456269629009153,0.03205128205128199,0.19871794871794868,-0.11538461538461547,0.09615384615384609,0.07692307692307687,-0.1538461538461539,-0.032051282051282104,0.08333333333333326,-0.2307692307692309,-0.10256410256410259,0.08333333333333331,0.10256410256410253,-0.14102564102564102,0.10897435897435892,0.10256410256410253
2021-07-27,1799.800048828125,131635,41405,90230,0.3717948717948718,0.3846153846153846,0.4551282051282051,-0.0064038729323137,-0.0055804052432162,0.0205262382305038,-0.0552230714812992,-0.051282051282051266,0.11538461538461542,-0.1858974358974359,0.05128205128205132,-0.07051282051282048,-0.10897435897435903,-0.17948717948717952,0.051282051282051266,-0.25,-0.0961538461538462,0.01282051282051283,0.10256410256410253,-0.1602564102564103,0.08974358974358981,-0.019230769230769162
2021-08-03,1814.0999755859373,132920,43047,89873,0.3782051282051282,0.4166666666666667,0.4487179487179487,0.0079452863484046,0.001490532811905,0.0110913080791605,-0.0423881164449213,-0.03205128205128199,0.0,-0.15384615384615385,-0.03846153846153849,-0.01282051282051283,0.0064102564102564985,-0.1474358974358974,0.07692307692307698,-0.0576923076923076,-0.10897435897435898,-0.01282051282051283,0.07051282051282048,-0.14743589743589747,0.0,0.025641025641025605
2021-08-10,1731.699951171875,111892,76489,35403,0.1923076923076923,0.7435897435897436,0.2179487179487179,-0.0454219863971101,-0.0378375907371437,-0.0432068468906198,-0.0671730616258458,-0.17948717948717952,-0.23076923076923078,-0.2692307692307692,-0.3205128205128205,-0.17948717948717952,0.35897435897435903,0.25,0.35897435897435903,0.26282051282051283,0.26923076923076933,-0.23717948717948723,-0.2243589743589744,-0.31410256410256415,-0.3012820512820514,-0.20512820512820518
2021-08-17,1787.800048828125,117272,58194,59078,0.2435897435897435,0.6474358974358975,0.3141025641025641,0.032395968838762,-0.0144975068142634,-0.0130285830119558,0.0058512570446773,-0.1346153846153847,-0.16666666666666669,0.03205128205128199,-0.28205128205128216,-0.07692307692307698,0.23076923076923078,0.23717948717948728,0.20512820512820518,0.32051282051282054,0.019230769230769273,-0.13461538461538458,-0.1474358974358974,-0.04487179487179488,-0.28846153846153844,-0.04487179487179488
2021-08-24,1808.5,126636,51192,75444,0.3269230769230769,0.5641025641025641,0.3461538461538461,0.0115784487115566,0.0443495126139796,0.0048338431691563,0.0254593020161191,0.13461538461538464,-0.04487179487179488,0.07051282051282054,-0.23076923076923078,0.01282051282051283,-0.17948717948717952,0.17948717948717952,0.0,0.23076923076923078,-0.04487179487179482,0.1282051282051282,-0.10897435897435903,-0.0064102564102564985,-0.26923076923076933,-0.019230769230769218
2021-08-31,1818.0999755859373,136555,54878,81677,0.4294871794871794,0.6089743589743589,0.391025641025641,0.0053082530195949,0.0169481630664869,0.0022049501426777,0.0133207140031701,0.1858974358974359,0.05128205128205121,0.05128205128205121,-0.10256410256410264,0.2307692307692307,-0.03846153846153855,0.19230769230769224,0.04487179487179482,0.2692307692307692,-0.03205128205128216,0.07692307692307693,-0.057692307692307654,0.01282051282051283,-0.20512820512820512,0.07051282051282054
2021-09-07,1798.5,129044,61449,67595,0.3269230769230769,0.7051282051282052,0.3205128205128205,-0.0107804718382555,-0.0055294442908487,0.0385748401638055,-0.0062987039396019,0.0,0.13461538461538464,-0.09615384615384615,-0.13461538461538458,0.23717948717948723,0.14102564102564108,-0.038461538461538436,0.21153846153846156,0.3205128205128206,0.05128205128205132,-0.025641025641025605,0.10256410256410259,-0.1217948717948718,-0.21153846153846156,0.0641025641025641
2021-09-14,1807.0999755859373,130837,59615,71222,0.3333333333333333,0.6923076923076923,0.3333333333333333,0.0047817490052473,-0.0060502723434968,0.0107953497207158,-0.0023738814012195,-0.09615384615384609,0.08974358974358981,-0.07692307692307687,0.1217948717948718,0.1987179487179487,0.08333333333333337,0.04487179487179482,0.2820512820512821,0.25,0.0641025641025641,-0.05769230769230771,0.019230769230769218,-0.1282051282051282,-0.02564102564102566,0.032051282051282104
2021-09-21,1778.199951171875,119777,72933,46844,0.2435897435897435,0.7692307692307693,0.2371794871794871,-0.0159924878559591,-0.0112872109136085,-0.0167542432005114,-0.0120013874154043,-0.08333333333333343,-0.08333333333333343,-0.1282051282051283,-0.012820512820512886,0.0,0.0641025641025641,0.20512820512820518,0.3846153846153847,0.20512820512820518,0.1217948717948718,-0.0833333333333334,-0.108974358974359,-0.21794871794871803,-0.1153846153846155,-0.08974358974358984
2021-09-28,1737.5,118923,88062,30861,0.2243589743589743,0.8333333333333334,0.1538461538461538,-0.0228882871946165,-0.0385147343955721,-0.0443319821067383,-0.042224781774332,-0.108974358974359,-0.2051282051282051,-0.15384615384615388,-0.15384615384615388,-0.05769230769230768,0.14102564102564108,0.22435897435897445,0.4166666666666667,0.2692307692307693,0.17307692307692313,-0.17948717948717952,-0.23717948717948723,-0.2948717948717949,-0.2243589743589744,-0.17307692307692313
2021-10-05,1760.9000244140625,126745,72579,54166,0.3076923076923077,0.7692307692307693,0.2692307692307692,0.0134676399505395,-0.0097288984550986,-0.0209062972398874,0.0168620858494725,0.06410256410256421,-0.019230769230769218,0.11538461538461542,-0.11538461538461536,-0.025641025641025605,0.0,0.0641025641025641,0.02564102564102566,0.27564102564102566,0.21153846153846156,0.03205128205128213,-0.051282051282051266,0.05128205128205132,-0.17307692307692307,-0.1217948717948718
2021-10-12,1759.300048828125,131668,73149,58519,0.358974358974359,0.782051282051282,0.282051282051282,-0.0009086123935229,0.0125467906924461,-0.0264511800141624,-0.0159413800322252,0.13461538461538466,0.02564102564102566,0.11538461538461547,-0.05128205128205121,0.08333333333333337,-0.05128205128205132,0.08974358974358976,0.13461538461538458,0.37179487179487186,0.17948717948717952,0.1282051282051282,-0.05128205128205132,-0.032051282051282104,-0.17948717948717952,-0.08974358974358981
2021-10-19,1770.5,124560,66761,57799,0.2564102564102564,0.75,0.2692307692307692,0.0063661404314376,0.0054517436838197,-0.0043301942319818,-0.0210118883052253,-0.05128205128205132,0.012820512820512886,-0.07051282051282054,-0.11538461538461542,-0.05128205128205132,-0.019230769230769273,-0.019230769230769273,0.1858974358974359,0.3653846153846154,0.13461538461538458,0.0,0.03205128205128213,-0.07692307692307687,-0.1858974358974359,-0.1217948717948718
2021-10-26,1793.4000244140625,141280,54918,86362,0.4871794871794871,0.6153846153846154,0.4230769230769231,0.0129342131680669,0.0193826946169026,0.0321726759217626,-0.0135855846782653,0.12820512820512814,0.2628205128205128,0.05769230769230771,0.10897435897435892,0.17307692307692302,-0.16666666666666663,-0.21794871794871795,0.0064102564102564985,0.19871794871794873,-0.02564102564102566,0.14102564102564108,0.2692307692307693,0.03205128205128205,-0.025641025641025605,0.07051282051282048
2021-11-02,1789.4000244140625,136944,51705,85239,0.4230769230769231,0.5769230769230769,0.3974358974358974,-0.002230400326501,0.0106749643682928,0.0161849052216824,-0.0050597584575687,0.16666666666666669,0.11538461538461536,0.09615384615384615,0.23076923076923078,0.10256410256410259,-0.17307692307692313,-0.1923076923076924,-0.1282051282051283,-0.16666666666666674,-0.05769230769230771,0.1282051282051282,0.1282051282051282,0.07692307692307693,0.17948717948717952,0.032051282051282104
2021-11-09,1830.800048828125,168133,42523,125610,0.717948717948718,0.4102564102564102,0.6538461538461539,0.0231362601146822,0.0208542566660674,0.0406411629713909,0.0131149762394873,0.23076923076923084,0.358974358974359,0.38461538461538464,0.47435897435897445,0.30128205128205127,-0.20512820512820523,-0.37179487179487186,-0.2820512820512821,-0.23717948717948728,-0.0641025641025641,0.23076923076923078,0.37179487179487186,0.32051282051282054,0.33974358974358976,0.20512820512820518
2021-11-16,1854.0999755859373,185468,43083,142385,0.75,0.4294871794871794,0.7051282051282052,0.0127266365175848,0.036157343405123,0.0472182861259176,0.0426836275437092,0.3269230769230769,0.4935897435897436,0.5064102564102565,0.4230769230769231,0.23717948717948723,-0.14743589743589747,-0.3205128205128206,-0.33974358974358987,-0.1346153846153847,-0.05128205128205138,0.30769230769230776,0.43589743589743596,0.46794871794871806,0.3589743589743591,0.1858974358974359
2021-11-23,1783.800048828125,152273,46934,105339,0.5769230769230769,0.4615384615384615,0.5705128205128205,-0.0379159310088421,-0.0256718367634325,-0.005352947170319,0.0266475101169065,-0.14102564102564108,0.08974358974358976,0.35256410256410253,0.14743589743589747,0.05128205128205121,0.05128205128205132,-0.1538461538461539,-0.37179487179487186,-0.1474358974358974,0.13461538461538458,-0.08333333333333337,0.1474358974358974,0.4166666666666667,0.17948717948717946,-0.03205128205128205
2021-11-30,1773.5999755859375,137469,45384,92085,0.4102564102564102,0.4487179487179487,0.4743589743589743,-0.0057181707383002,-0.0434172919799321,-0.008829802510648,0.0072121931942734,-0.3397435897435898,-0.012820512820512886,0.10256410256410248,0.08333333333333326,-0.14743589743589752,0.019230769230769273,-0.1282051282051282,-0.3205128205128206,-0.2564102564102565,0.11538461538461536,-0.2307692307692309,0.07692307692307687,0.20512820512820507,0.1538461538461538,-0.14102564102564114
2021-12-07,1784.699951171875,125067,44326,80741,0.2179487179487179,0.4358974358974359,0.3333333333333333,0.0062584436957213,0.0005044861078129,-0.0251803017406286,0.0144375044840525,-0.358974358974359,-0.5,-0.14102564102564108,-0.11538461538461542,-0.31410256410256415,-0.025641025641025605,0.025641025641025716,-0.34615384615384615,-0.2564102564102564,0.0961538461538462,-0.23717948717948717,-0.32051282051282054,0.05128205128205132,0.0,-0.26282051282051283
2021-12-14,1772.300048828125,121492,58075,63417,0.1858974358974359,0.7051282051282052,0.2564102564102564,-0.0069478919050834,-0.000732931199654,-0.0441184012916896,0.0010166895386189,-0.22435897435897428,-0.5641025641025641,-0.07051282051282048,-0.0576923076923076,-0.2756410256410256,0.2564102564102565,0.27564102564102577,-0.04487179487179482,-0.0641025641025641,0.3205128205128206,-0.2179487179487179,-0.4487179487179488,-0.01282051282051283,0.0192307692307693,-0.27564102564102566
2021-12-21,1788.699951171875,124120,52372,71748,0.2051282051282051,0.6282051282051282,0.2884615384615384,0.009253457028675,0.0022412731044081,0.0027468899033662,-0.0026207612234884,-0.012820512820512803,-0.3717948717948718,-0.28205128205128205,-0.019230769230769218,-0.006410256410256415,0.1923076923076923,0.16666666666666669,0.012820512820512775,-0.20512820512820518,0.1858974358974359,-0.044871794871794934,-0.2820512820512821,-0.1346153846153847,0.13461538461538458,-0.0705128205128206
2021-12-28,1810.9000244140625,130389,46726,83663,0.282051282051282,0.4743589743589743,0.3653846153846153,0.0124112896786534,0.0217795940430405,0.0210306998993965,0.0120152004619762,0.09615384615384609,-0.1282051282051282,-0.14102564102564108,-0.025641025641025716,0.025641025641025605,-0.2307692307692309,0.025641025641025605,-0.10256410256410259,-0.294871794871795,-0.08974358974358981,0.10897435897435892,-0.10897435897435898,-0.032051282051282104,0.09615384615384609,0.01282051282051272
2022-01-04,1814.5999755859373,124252,44744,79508,0.1987179487179487,0.4551282051282051,0.3141025641025641,0.0020431559567026,0.0144798038357936,0.0167535301350958,-0.0088486305495552,-0.0064102564102563875,-0.01923076923076919,-0.5192307692307693,-0.16025641025641027,-0.1794871794871795,-0.17307692307692307,0.019230769230769218,0.044871794871794934,-0.3269230769230769,-0.10897435897435898,0.025641025641025716,-0.019230769230769218,-0.33974358974358976,0.032051282051282104,-0.0641025641025641
2022-01-11,1818.5,119297,44987,74310,0.1474358974358974,0.4615384615384615,0.2756410256410256,0.002149247474118,0.0041967946785999,0.0260677932060224,-0.0192006774471192,-0.13461538461538458,-0.03846153846153849,-0.6025641025641026,-0.10897435897435898,-0.27564102564102566,-0.012820512820512775,-0.24358974358974367,0.032051282051282104,-0.2884615384615385,-0.032051282051282104,-0.0897435897435897,0.019230769230769218,-0.42948717948717957,0.0064102564102563875,-0.16666666666666669
2022-01-18,1812.4000244140625,119807,48014,71793,0.1602564102564102,0.5192307692307693,0.2692307692307692,-0.0033543995523439,-0.0012123615129909,0.0132498875659163,0.0160331734516581,-0.03846153846153852,-0.04487179487179491,-0.4166666666666667,-0.3269230769230769,-0.25,0.06410256410256415,-0.10897435897435892,0.057692307692307765,-0.09615384615384615,0.10897435897435909,-0.04487179487179488,-0.019230769230769162,-0.30128205128205127,-0.15384615384615385,-0.1923076923076923
2022-01-25,1852.5,140640,39265,101375,0.4615384615384615,0.3525641025641026,0.5384615384615384,0.0221253448718647,0.0186967280725873,0.0229719890800694,0.0444858059879011,0.3141025641025641,0.17948717948717952,0.05128205128205132,0.038461538461538436,0.0897435897435897,-0.10897435897435892,-0.1217948717948717,-0.09615384615384609,-0.22435897435897428,-0.03205128205128199,0.26282051282051283,0.17307692307692313,0.06410256410256415,0.14102564102564102,0.08333333333333331
2022-02-01,1801.5,108309,58395,49914,0.0512820512820512,0.7692307692307693,0.1346153846153846,-0.0275303643724695,-0.0060141383067937,-0.0072192085099677,0.0094133743978048,-0.10897435897435899,-0.14743589743589752,-0.16666666666666669,-0.6666666666666667,-0.326923076923077,0.25,0.31410256410256415,0.33333333333333337,0.3589743589743591,0.3525641025641026,-0.1346153846153846,-0.1794871794871795,-0.1987179487179487,-0.5192307692307693,-0.3141025641025641
2022-02-08,1827.9000244140625,117234,47767,69467,0.1153846153846153,0.5256410256410257,0.2435897435897435,0.0146544681732236,-0.0132793390477395,0.0051691088336884,0.0313716492998468,-0.3461538461538462,-0.03205128205128212,-0.07051282051282061,-0.6346153846153847,-0.076923076923077,0.17307692307692307,0.06410256410256415,-0.17948717948717952,0.09615384615384626,-0.21794871794871795,-0.29487179487179493,-0.032051282051282104,-0.012820512820512886,-0.4615384615384617,0.025641025641025605
2022-02-15,1856.199951171875,151530,43824,107706,0.5641025641025641,0.4423076923076923,0.5833333333333334,0.0154822071118927,0.030363558796489,0.0241668098476066,0.0377369049268307,0.5128205128205129,0.4038461538461539,0.35897435897435903,-0.012820512820512775,0.3205128205128206,-0.326923076923077,-0.07692307692307698,-0.1858974358974359,-0.019230769230769218,-0.20512820512820518,0.4487179487179488,0.31410256410256415,0.294871794871795,0.012820512820512886,0.2692307692307693
2022-02-22,1907.4000244140625,183356,44380,138976,0.7435897435897436,0.4551282051282051,0.6858974358974359,0.0275832747489641,0.0434925318333445,0.0296356407093454,0.0532884194041709,0.6282051282051283,0.2820512820512821,0.4615384615384616,0.3333333333333334,0.4166666666666667,-0.07051282051282054,0.10256410256410253,-0.019230769230769162,0.006410256410256443,-0.10897435897435898,0.4423076923076924,0.14743589743589747,0.3205128205128206,0.21153846153846162,0.3397435897435898
2022-03-01,1943.800048828125,187215,38594,148621,0.75,0.3525641025641026,0.717948717948718,0.0190835818119716,0.0471932442412497,0.078989757884055,0.0712003058417702,0.1858974358974359,0.6987179487179488,0.5512820512820513,0.5320512820512822,0.3205128205128206,-0.0897435897435897,-0.4166666666666667,-0.10256410256410253,-0.08333333333333331,-0.25641025641025633,0.13461538461538458,0.5833333333333334,0.40384615384615385,0.38461538461538464,0.3269230769230769
2022-03-08,2043.300048828125,181510,38537,142973,0.7307692307692307,0.3525641025641026,0.6987179487179487,0.0511883925818328,0.0712488322714632,0.1178401562104631,0.1236183936365824,-0.012820512820512886,0.6153846153846154,0.5833333333333333,0.5448717948717948,0.4038461538461538,-0.10256410256410253,-0.17307692307692307,-0.10897435897435892,-0.3525641025641026,-0.3525641025641026,0.012820512820512775,0.4551282051282052,0.4230769230769231,0.4423076923076923,0.3782051282051282
2022-03-15,1929.699951171875,165597,39060,126537,0.6730769230769231,0.3653846153846153,0.6282051282051282,-0.0555963857199544,-0.0072538827564855,0.0395970272241399,0.064720770899203,-0.07692307692307687,0.10897435897435903,0.512820512820513,0.46794871794871806,0.3397435897435898,0.01282051282051272,-0.07692307692307698,-0.15384615384615397,-0.2628205128205129,-0.326923076923077,-0.08974358974358976,0.04487179487179482,0.358974358974359,0.3397435897435898,0.2948717948717949
2022-03-22,1921.5,152589,37457,115132,0.5641025641025641,0.3461538461538461,0.5961538461538461,-0.0042493399903417,-0.0596094777651377,0.0073922488232476,0.037246963562753,-0.16666666666666663,-0.17948717948717952,0.10256410256410259,0.2820512820512821,0.3205128205128206,-0.0064102564102564985,-0.10897435897435903,-0.0064102564102564985,-0.1282051282051282,-0.4230769230769232,-0.10256410256410253,-0.08974358974358976,0.05769230769230771,0.23076923076923084,0.35897435897435903
2022-03-29,1912.199951171875,146486,38184,108302,0.5,0.3525641025641026,0.5576923076923077,-0.0048399941858574,-0.0090687673953521,-0.0162568663764058,0.0614487655686233,-0.17307692307692313,-0.25,0.4487179487179488,0.3012820512820513,0.27564102564102566,-0.01282051282051272,0.0,-0.4166666666666667,-0.10256410256410253,-0.4807692307692308,-0.07051282051282048,-0.16025641025641024,0.42307692307692313,0.2435897435897436,0.4038461538461539
2022-04-05,1927.5,148320,46693,101627,0.5192307692307693,0.5384615384615384,0.4935897435897436,0.0080012808382035,0.0031225604996096,-0.0566730514661998,0.0544887435065626,-0.04487179487179482,-0.21153846153846145,0.40384615384615397,0.37179487179487186,0.21153846153846156,0.19230769230769235,0.18589743589743585,0.012820512820512775,0.07692307692307693,-0.23076923076923084,-0.10256410256410253,-0.20512820512820507,0.2500000000000001,0.217948717948718,0.2243589743589744
2022-04-12,1976.0999755859373,165244,48219,117025,0.6602564102564102,0.5897435897435898,0.6025641025641025,0.0252139951159207,0.0334170202100996,0.0240452016314165,0.0645943473591654,0.16025641025641024,-0.012820512820512886,0.09615384615384615,0.5,0.30128205128205127,0.23717948717948717,0.22435897435897445,0.14743589743589747,0.07051282051282048,-0.1923076923076923,0.04487179487179482,-0.02564102564102566,0.019230769230769162,0.3333333333333333,0.32051282051282054
2022-04-19,1959.0,157560,56294,101266,0.6025641025641025,0.7884615384615384,0.4743589743589743,-0.0086533959805686,0.0163424124513618,0.0195160031225605,0.0270525190969255,0.08333333333333326,0.038461538461538436,-0.14102564102564108,0.14102564102564102,0.34615384615384615,0.25,0.44230769230769235,0.3333333333333333,0.43589743589743585,0.038461538461538436,-0.01923076923076933,-0.12179487179487186,-0.21153846153846162,-0.06410256410256415,0.20512820512820507
2022-04-26,1904.0999755859373,138215,57098,81117,0.3653846153846153,0.8012820512820513,0.2628205128205128,-0.0280245147596032,-0.0364354035167937,-0.0042359459223778,-0.020423949091946,-0.29487179487179493,-0.1346153846153847,-0.3846153846153847,0.3141025641025641,-0.1217948717948718,0.21153846153846156,0.44871794871794873,0.44871794871794873,0.03205128205128205,0.1858974358974359,-0.33974358974358976,-0.29487179487179493,-0.4551282051282052,0.12820512820512817,-0.1602564102564103
2022-05-03,1870.5999755859373,128828,60981,67847,0.2179487179487179,0.8846153846153846,0.1666666666666666,-0.0175936140063712,-0.0451250762705782,-0.0295201164275292,-0.0845201728161435,-0.38461538461538464,-0.3012820512820514,-0.5128205128205128,0.1025641025641026,-0.20512820512820518,0.09615384615384615,0.34615384615384615,0.5320512820512819,0.3589743589743589,0.3076923076923077,-0.3076923076923077,-0.326923076923077,-0.532051282051282,-0.0769230769230769,-0.2307692307692308
2022-05-10,1841.0,123931,61939,61992,0.1474358974358974,0.8974358974358975,0.1346153846153846,-0.015823787005378,-0.0331390034110576,-0.0683669739664252,-0.0459656700089612,-0.2179487179487179,-0.5128205128205128,-0.5256410256410258,-0.4166666666666667,-0.5705128205128205,0.09615384615384615,0.3076923076923077,0.5320512820512822,0.4551282051282052,0.4871794871794873,-0.12820512820512817,-0.46794871794871795,-0.4935897435897436,-0.4487179487179488,-0.5192307692307693
2022-05-17,1818.9000244140625,115572,72212,43360,0.0705128205128205,0.9551282051282052,0.0448717948717948,-0.0120043322031164,-0.0276381652125706,-0.0715160671699527,-0.0533957718375943,-0.1474358974358974,-0.532051282051282,-0.4935897435897436,-0.6730769230769231,-0.6794871794871795,0.0705128205128206,0.16666666666666674,0.608974358974359,0.5,0.5256410256410258,-0.1217948717948718,-0.42948717948717946,-0.5512820512820513,-0.6410256410256411,-0.6602564102564104
2022-05-24,1865.4000244140625,121174,60117,61057,0.1346153846153846,0.8717948717948718,0.1217948717948717,0.0255649015206207,0.0132536797469107,-0.0203245374024889,-0.0244743896835326,-0.012820512820512803,-0.2307692307692307,-0.3653846153846154,-0.6153846153846154,-0.4423076923076923,-0.02564102564102566,0.07051282051282048,0.5192307692307692,0.5192307692307692,0.4102564102564103,-0.012820512820512914,-0.14102564102564108,-0.435897435897436,-0.5961538461538463,-0.4487179487179488
2022-05-31,1842.699951171875,112731,61938,50793,0.0512820512820512,0.903846153846154,0.0769230769230769,-0.0121690109065575,0.0130847910486335,-0.0149150137807111,-0.0439948372649157,-0.0192307692307693,-0.16666666666666669,-0.46794871794871806,-0.6794871794871795,-0.358974358974359,-0.05128205128205121,0.019230769230769384,0.36538461538461553,0.5512820512820513,0.4551282051282053,0.0320512820512821,-0.0897435897435897,-0.41666666666666674,-0.6217948717948718,-0.39743589743589736
2022-06-07,1852.0999755859373,115215,57684,57531,0.0641025641025641,0.8076923076923077,0.1089743589743589,0.0051012235649565,-0.0071298641867997,0.00602931862354,-0.062749861612256,-0.07051282051282051,-0.08333333333333331,-0.5961538461538461,-0.608974358974359,-0.1538461538461538,-0.0641025641025641,-0.08974358974358976,0.21794871794871795,0.4423076923076924,0.3717948717948718,-0.012820512820512789,-0.025641025641025703,-0.4935897435897436,-0.5192307692307693,-0.2243589743589744
2022-06-14,1813.5,109111,72206,36905,0.032051282051282,0.9615384615384616,0.0256410256410256,-0.0208411943711221,-0.0158462863980134,-0.0029688406957947,-0.0742725880551301,-0.019230769230769197,-0.0384615384615385,-0.5705128205128205,-0.532051282051282,-0.1538461538461539,0.0576923076923076,0.0064102564102563875,0.17307692307692313,0.6153846153846154,0.2564102564102564,-0.0512820512820513,-0.019230769230769204,-0.4487179487179487,-0.5705128205128206,-0.23076923076923078
2022-06-21,1838.800048828125,113220,63417,49803,0.0705128205128205,0.9166666666666666,0.0705128205128205,0.0139509505531429,-0.007180998290119,-0.0142596629343847,-0.0342943792842168,0.006410256410256401,-0.06410256410256411,-0.2948717948717948,-0.4294871794871795,-0.13461538461538458,0.10897435897435892,0.04487179487179482,0.11538461538461531,0.5641025641025641,0.28846153846153844,-0.03846153846153841,-0.0512820512820512,-0.1923076923076923,-0.4871794871794872,-0.2179487179487179
2022-06-28,1821.199951171875,110850,74748,36102,0.0448717948717948,0.9871794871794872,0.0256410256410256,-0.009571512502116,0.0042459063533912,-0.0116676618927172,-0.0264086523355098,0.012820512820512803,-0.006410256410256394,-0.1730769230769231,-0.47435897435897445,-0.2371794871794872,0.02564102564102566,0.08333333333333326,0.10256410256410264,0.4487179487179488,0.512820512820513,0.0,-0.0512820512820513,-0.141025641025641,-0.467948717948718,-0.3397435897435897
2022-07-05,1763.9000244140625,103472,86438,17034,0.0128205128205128,0.9935897435897436,0.0064102564102564,-0.0314627324259162,-0.0407330989912669,-0.0476215929671784,-0.0418794001009981,-0.057692307692307696,-0.051282051282051294,-0.1346153846153846,-0.6474358974358975,-0.1858974358974359,0.07692307692307698,0.1858974358974359,0.09615384615384615,0.40384615384615385,0.5384615384615385,-0.0641025641025641,-0.1025641025641025,-0.12820512820512822,-0.5961538461538461,-0.3076923076923077
2022-07-12,1724.800048828125,91669,97802,-6133,0.0,1.0,0.0064102564102564,-0.0221667753527731,-0.0529320804570196,-0.0489109187603391,-0.0517345507300494,-0.0448717948717948,-0.032051282051282,-0.0705128205128205,-0.6025641025641025,-0.1474358974358974,0.012820512820512775,0.038461538461538436,0.04487179487179482,0.21153846153846156,0.5384615384615385,-0.019230769230769197,-0.019230769230769197,-0.0384615384615384,-0.4679487179487179,-0.2692307692307692
2022-07-19,1710.699951171875,91056,109794,-18738,0.0,1.0,0.0064102564102564,-0.0081749172408882,-0.030160481039655,-0.0696650501711095,-0.0829313129717471,-0.0128205128205128,-0.0705128205128205,-0.1346153846153846,-0.3653846153846153,-0.1602564102564102,0.0064102564102563875,0.08333333333333337,0.1282051282051282,0.19871794871794868,0.4807692307692307,0.0,-0.0641025641025641,-0.1153846153846153,-0.2564102564102564,-0.26282051282051283
2022-07-26,1717.699951171875,92216,111309,-19093,0.0128205128205128,1.0,0.0064102564102564,0.004091892324662,-0.0041164757973389,-0.0568306626262544,-0.0678352435623095,0.0128205128205128,-0.03205128205128201,-0.038461538461538394,-0.2051282051282051,-0.44871794871794873,0.0,0.012820512820512775,0.09615384615384603,0.11538461538461542,0.6474358974358974,0.0,-0.019230769230769197,-0.0705128205128205,-0.16025641025641021,-0.532051282051282
2022-08-02,1789.699951171875,96634,80779,15855,0.0256410256410256,0.967948717948718,0.0256410256410256,0.0419165174632967,0.0461799276640435,0.0146266377916643,-0.0336914989669071,0.0256410256410256,0.0128205128205128,-0.0384615384615385,-0.1217948717948718,-0.0256410256410256,-0.03205128205128205,-0.02564102564102566,0.16025641025641024,0.07051282051282048,0.19871794871794868,0.019230769230769197,0.019230769230769197,-0.08333333333333331,-0.108974358974359,-0.108974358974359
2022-08-09,1812.300048828125,100013,59279,40734,0.032051282051282,0.8076923076923077,0.0705128205128205,0.0126278696277841,0.0550737034088582,0.0507305180443669,-0.0006616769627102,0.0192307692307692,0.032051282051282,0.0,-0.0384615384615385,-0.08333333333333329,-0.1923076923076923,-0.1923076923076923,-0.15384615384615385,-0.14743589743589747,0.28205128205128205,0.0641025641025641,0.0641025641025641,0.0448717948717949,0.025641025641025696,-0.17307692307692302
2022-08-16,1789.699951171875,96765,60392,36373,0.032051282051282,0.8269230769230769,0.0641025641025641,-0.0124703951042013,0.0,0.0461799276640435,-0.0267022494846798,0.006410256410256401,0.032051282051282,-0.0384615384615385,-0.10256410256410262,-0.532051282051282,-0.14102564102564108,-0.17307692307692313,-0.08974358974358976,-0.044871794871794934,0.3846153846153846,0.0384615384615385,0.057692307692307696,-0.006410256410256401,-0.0576923076923076,-0.5192307692307693
2022-08-23,1761.199951171875,95850,73739,22111,0.0192307692307692,0.9487179487179488,0.0384615384615384,-0.0159244570473048,-0.0281962678803062,0.0253245626340752,-0.0329453116673938,-0.0128205128205128,0.006410256410256401,-0.025641025641025602,-0.03205128205128199,-0.7243589743589745,0.14102564102564108,-0.05128205128205121,-0.038461538461538436,0.04487179487179482,0.49358974358974367,-0.0320512820512821,0.032051282051282,0.012820512820512803,-0.0384615384615385,-0.6474358974358975
2022-08-30,1736.300048828125,91761,79973,11788,0.0128205128205128,0.9615384615384616,0.0256410256410256,-0.0141380326107674,-0.0298373491650286,-0.0298373491650286,-0.0156471314722645,-0.0192307692307692,-0.0128205128205128,0.0,-0.051282051282051294,-0.7371794871794872,0.1346153846153847,-0.0064102564102563875,-0.03205128205128205,0.15384615384615385,0.608974358974359,-0.0384615384615385,0.0,0.019230769230769197,-0.08333333333333331,-0.6923076923076924
2022-09-06,1712.9000244140625,85842,92804,-6962,0.0,0.9807692307692308,0.0192307692307692,-0.0134769473915846,-0.0274244424806362,-0.0548474434342904,-0.0068993646087542,-0.0192307692307692,-0.032051282051282,0.0,-0.032051282051282,-0.7307692307692307,0.03205128205128205,0.17307692307692313,-0.019230769230769162,0.019230769230769273,0.6282051282051282,-0.0192307692307692,-0.051282051282051294,0.012820512820512801,-0.006410256410256398,-0.6794871794871795
2022-09-13,1717.4000244140625,80300,98637,-18337,0.0,0.9871794871794872,0.0192307692307692,0.0026271235541253,-0.0108852294433894,-0.0403977922167743,0.0039165683249116,-0.0128205128205128,-0.032051282051282,0.0,-0.0705128205128205,-0.6730769230769231,0.02564102564102566,0.16025641025641035,-0.012820512820512775,0.0705128205128206,0.6217948717948719,-0.006410256410256398,-0.04487179487179489,0.012820512820512801,-0.051282051282051294,-0.608974358974359
2022-09-20,1671.0999755859375,78544,115239,-36695,0.0,1.0,0.0064102564102564,-0.0269593852159875,-0.0244030872977678,-0.0511582887144564,-0.0271292873671826,0.0,-0.0192307692307692,-0.0128205128205128,-0.0448717948717948,-0.5641025641025641,0.019230769230769162,0.05128205128205121,0.0,0.012820512820512775,0.653846153846154,-0.012820512820512801,-0.032051282051282,0.0,-0.019230769230769197,-0.5897435897435898
2022-09-27,1636.199951171875,74171,117265,-43094,0.0,1.0,0.0064102564102564,-0.0208844622846849,-0.0472808152369108,-0.0576513821581761,-0.0857685669039047,0.0,-0.0128205128205128,-0.0256410256410256,-0.0128205128205128,-0.5,0.012820512820512775,0.038461538461538436,0.03205128205128205,0.0064102564102563875,0.6474358974358974,-0.012820512820512801,-0.019230769230769197,-0.019230769230769197,0.0,-0.5512820512820513
2022-10-04,1730.5,82806,89681,-6875,0.0192307692307692,0.9551282051282052,0.0448717948717948,0.0576335726942087,0.0355454642342598,0.0102749578697436,-0.0451360407350972,0.0192307692307692,0.0192307692307692,-0.0128205128205128,0.0192307692307692,-0.5000000000000001,-0.04487179487179482,-0.02564102564102566,0.14743589743589747,-0.04487179487179482,0.41666666666666674,0.0384615384615384,0.025641025641025602,-0.025641025641025696,0.0384615384615384,-0.4487179487179488
2022-10-11,1686.0,78365,83945,-5580,0.0064102564102564,0.935897435897436,0.0576923076923076,-0.0257151112395261,0.0304364077217196,-0.0182834656851571,-0.0579426462541798,0.0064102564102564,0.0064102564102564,-0.0256410256410256,0.0064102564102564,-0.6538461538461539,-0.06410256410256399,-0.05128205128205121,0.10897435897435914,-0.06410256410256399,0.34615384615384626,0.0512820512820512,0.038461538461538394,-0.0064102564102564985,0.0512820512820512,-0.5448717948717949
2022-10-18,1655.800048828125,73344,99042,-25698,0.0,0.9743589743589745,0.0192307692307692,-0.0179121893071618,-0.043166686606111,-0.00915560228672,-0.0598455060560378,-0.0192307692307692,0.0,-0.0192307692307692,-0.0128205128205128,-0.6025641025641025,0.019230769230769273,-0.02564102564102555,0.02564102564102566,-0.02564102564102555,0.18589743589743601,-0.025641025641025602,0.012820512820512801,-0.0192307692307692,0.012820512820512801,-0.45512820512820507
2022-10-25,1658.0,72016,110804,-38788,0.0,0.9807692307692308,0.0128205128205128,0.0013286333536661,-0.0166073546856464,0.0133235848176815,-0.0450959204205354,-0.0064102564102564,0.0,-0.0128205128205128,-0.0256410256410256,-0.3653846153846153,0.04487179487179482,-0.019230769230769162,0.019230769230769273,0.012820512820512886,0.17948717948717952,-0.044871794871794796,0.0064102564102564,-0.0128205128205128,-0.0128205128205128,-0.24999999999999997
2022-11-01,1649.699951171875,78213,119614,-41401,0.0192307692307692,1.0,0.0128205128205128,-0.0050060608131031,-0.0036840786788038,-0.0466917358151546,-0.0368965335637767,0.0192307692307692,0.0,0.0192307692307692,-0.0128205128205128,-0.1987179487179487,0.02564102564102555,0.04487179487179482,0.019230769230769162,0.1923076923076923,0.11538461538461542,-0.006410256410256401,-0.03205128205128201,-0.006410256410256401,-0.057692307692307696,-0.1538461538461538
2022-11-08,1716.0,88059,104405,-16346,0.0576923076923076,0.9615384615384616,0.0576923076923076,0.0401891560832188,0.0349819059107359,0.0177935943060498,-0.0008151999500175,0.0576923076923076,0.0512820512820512,0.0576923076923076,0.0256410256410256,-0.08974358974358981,-0.019230769230769273,0.02564102564102555,-0.02564102564102566,0.1346153846153847,0.0641025641025641,0.044871794871794796,0.0,0.038461538461538394,-0.0064102564102564985,-0.07692307692307701
2022-11-15,1776.800048828125,95065,69608,25457,0.0897435897435897,0.8333333333333334,0.1153846153846153,0.0354312638858538,0.0770443725636069,0.0730764563545196,0.0632517950968947,0.0705128205128205,0.0897435897435897,0.0897435897435897,0.0705128205128205,0.019230769230769204,-0.16666666666666663,-0.14102564102564108,-0.16666666666666663,-0.11538461538461542,-0.1217948717948718,0.10256410256410249,0.09615384615384609,0.10897435897435889,0.0769230769230769,0.07051282051282048
2022-11-22,1739.9000244140625,92161,72730,19431,0.0833333333333333,0.8589743589743589,0.1089743589743589,-0.0207676853894728,0.0139277531550481,0.0493968784162017,0.0633786067331902,0.025641025641025703,0.0833333333333333,0.0833333333333333,0.0705128205128205,-0.05128205128205131,-0.10256410256410264,-0.12179487179487192,-0.14102564102564108,-0.10256410256410264,-0.012820512820512886,0.05128205128205131,0.0961538461538461,0.1025641025641025,0.08333333333333331,-0.012820512820512789
2022-11-29,1748.4000244140625,88032,73312,14720,0.0576923076923076,0.8717948717948718,0.0961538461538461,0.0048853381692792,-0.0159838043863143,0.0598291059971696,0.0103438453707382,-0.032051282051282104,0.038461538461538394,0.038461538461538394,0.0576923076923076,0.006410256410256401,0.038461538461538436,-0.1282051282051282,-0.08333333333333337,-0.10897435897435903,-0.03205128205128216,-0.01923076923076919,0.0833333333333333,0.0512820512820513,0.0769230769230769,0.019230769230769204
2022-12-06,1782.4000244140625,93629,70142,23487,0.1025641025641025,0.8269230769230769,0.1282051282051282,0.0194463506778972,0.0244266908463965,0.0386946529219478,0.0571767641839042,0.019230769230769204,0.04487179487179491,0.0961538461538461,0.1025641025641025,0.03846153846153841,-0.03205128205128205,-0.1346153846153847,-0.10897435897435914,-0.16025641025641035,0.019230769230769162,0.019230769230769287,0.0705128205128206,0.0705128205128206,0.10897435897435899,0.019230769230769287
2022-12-13,1825.5,103737,66288,37449,0.1602564102564102,0.7884615384615384,0.1794871794871795,0.0241808656842372,0.0440974459559253,0.0274087966195153,0.102488190703931,0.10256410256410259,0.07051282051282048,0.1602564102564102,0.1602564102564102,0.1282051282051282,-0.08333333333333337,-0.044871794871794934,-0.18589743589743601,-0.21153846153846156,-0.17307692307692313,0.08333333333333338,0.0641025641025642,0.1602564102564103,0.1730769230769231,0.15384615384615388
2022-12-20,1825.4000244140625,104813,65718,39095,0.1666666666666666,0.782051282051282,0.1858974358974359,-5.476613855792678e-05,0.0241247752530386,0.04914075452628,0.1009650328190967,0.0641025641025641,0.0833333333333333,0.1666666666666666,0.1666666666666666,0.0961538461538461,-0.04487179487179482,-0.07692307692307687,-0.1987179487179488,-0.21794871794871795,-0.13461538461538458,0.05769230769230771,0.076923076923077,0.1730769230769231,0.17948717948717952,0.1153846153846154
2022-12-27,1823.0999755859373,106983,56106,50877,0.1794871794871795,0.6025641025641025,0.2628205128205128,-0.0012600245411213,-0.0013147216730006,0.0427247484150024,0.1051100379137954,0.0192307692307693,0.12179487179487189,0.1602564102564103,0.1602564102564103,0.1346153846153847,-0.1858974358974359,-0.2692307692307693,-0.39743589743589747,-0.35256410256410264,-0.3846153846153847,0.08333333333333329,0.16666666666666669,0.24999999999999997,0.21794871794871798,0.23717948717948717
2023-01-03,1846.0999755859373,109140,54559,54581,0.2051282051282051,0.5576923076923077,0.2884615384615384,0.0126158742296114,0.011339953377353,0.0357383024570003,0.0758158365885415,0.03846153846153849,0.10256410256410259,0.1474358974358975,0.1987179487179487,0.1923076923076923,-0.22435897435897434,-0.26923076923076916,-0.40384615384615385,-0.3782051282051283,-0.4358974358974359,0.10256410256410248,0.1602564102564102,0.23076923076923078,0.23076923076923078,0.282051282051282
2023-01-10,1876.5,116604,54795,61809,0.2756410256410256,0.5576923076923077,0.3397435897435897,0.0164671604008954,0.0292907822550434,0.0279375513557929,0.0561120826384664,0.09615384615384612,0.11538461538461542,0.1858974358974359,0.2756410256410256,0.2756410256410256,-0.04487179487179482,-0.23076923076923073,-0.27564102564102566,-0.41666666666666674,-0.4423076923076923,0.07692307692307693,0.16025641025641021,0.2243589743589744,0.3205128205128205,0.3333333333333333
2023-01-17,1909.9000244140625,124222,54845,69377,0.3717948717948718,0.5576923076923077,0.3974358974358974,0.0177991070685119,0.0345593682204972,0.0462912232222214,0.0977067633855859,0.1666666666666667,0.2051282051282052,0.2884615384615385,0.3717948717948718,0.3717948717948718,0.0,-0.22435897435897434,-0.3012820512820512,-0.42307692307692313,-0.4423076923076923,0.10897435897435903,0.2115384615384615,0.2884615384615385,0.38461538461538464,0.391025641025641
2023-01-24,1935.4000244140625,131501,51622,79879,0.4871794871794871,0.4935897435897436,0.4743589743589743,0.0133514842002386,0.0313882357655541,0.0615984039997765,0.106954928728435,0.2115384615384615,0.3076923076923076,0.4294871794871795,0.4679487179487179,0.47435897435897434,-0.0641025641025641,-0.10897435897435892,-0.3782051282051282,-0.5064102564102564,-0.5064102564102564,0.13461538461538458,0.2115384615384615,0.3782051282051282,0.4615384615384615,0.4679487179487179
2023-01-31,1929.5,138125,53678,84447,0.5833333333333334,0.532051282051282,0.5256410256410257,-0.0030484780095261,0.0102623044847336,0.0451763314647095,0.0825291593194936,0.21153846153846156,0.3782051282051283,0.48076923076923084,0.5256410256410258,0.5576923076923078,-0.02564102564102566,-0.02564102564102566,-0.2948717948717948,-0.4294871794871795,-0.4358974358974359,0.12820512820512825,0.23717948717948728,0.39743589743589747,0.46794871794871806,0.5000000000000001
2023-02-07,1884.800048828125,115521,55945,59576,0.2692307692307692,0.5897435897435898,0.3269230769230769,-0.0231665981714822,-0.026144453315927,0.0044231541849852,0.0324842776379759,-0.2179487179487179,-0.0064102564102563875,0.10897435897435903,0.17948717948717952,0.23717948717948723,0.09615384615384615,0.03205128205128205,-0.19871794871794868,-0.2435897435897436,-0.21794871794871795,-0.14743589743589736,-0.012820512820512775,0.14743589743589744,0.21153846153846162,0.25641025641025644
2023-02-14,1865.4000244140625,106106,64933,41173,0.173076923076923,0.7756410256410257,0.2051282051282051,-0.0102928819564306,-0.0332210290676017,-0.0232996488984559,0.0219130050756077,-0.41025641025641035,-0.19871794871794882,0.0064102564102563875,0.08974358974358969,0.141025641025641,0.2435897435897436,0.21794871794871795,-0.0064102564102563875,-0.08333333333333326,-0.05128205128205121,-0.3205128205128206,-0.19230769230769232,0.01923076923076919,0.09615384615384619,0.141025641025641
2023-02-21,1842.5,104710,68004,36706,0.1666666666666666,0.8076923076923077,0.173076923076923,-0.0122762003400613,-0.0224427248155182,-0.0480004253602237,0.0106412290460524,-0.10256410256410262,-0.3205128205128205,-0.012820512820512886,0.108974358974359,0.1474358974358974,0.21794871794871795,0.3141025641025641,0.20512820512820518,-0.0641025641025641,-0.14102564102564108,-0.15384615384615394,-0.3012820512820513,-0.08974358974358979,0.07692307692307689,0.13461538461538458
2023-02-28,1836.699951171875,99425,72850,26575,0.141025641025641,0.8525641025641025,0.141025641025641,-0.0031479233802578,-0.0153854791822479,-0.0480953867987172,-0.0050918284699499,-0.03205128205128199,-0.4423076923076924,-0.0641025641025641,0.03846153846153849,0.1282051282051282,0.07692307692307687,0.3205128205128205,0.2948717948717948,0.02564102564102566,-0.10897435897435903,-0.0641025641025641,-0.3846153846153847,-0.14743589743589738,0.012820512820512803,0.11538461538461539
2023-03-07,1820.0,103439,89040,14399,0.1602564102564102,0.9230769230769232,0.0961538461538461,-0.0090923676244559,-0.0122116689280868,-0.0343803306183138,-0.030109245936584,-0.006410256410256415,-0.10897435897435903,-0.11538461538461542,0.0,0.1602564102564102,0.11538461538461553,0.3333333333333335,0.36538461538461553,0.1346153846153848,-0.0576923076923076,-0.07692307692307689,-0.23076923076923084,-0.2435897435897436,-0.08333333333333338,0.0769230769230769
2023-03-14,1910.9000244140625,118560,58839,59721,0.3461538461538461,0.6538461538461539,0.358974358974359,0.0499450683593749,0.0403985818123671,0.0243915510906524,0.0005235876156957,0.2051282051282051,0.1730769230769231,-0.025641025641025716,0.1794871794871795,0.3461538461538461,-0.19871794871794868,-0.1217948717948718,0.09615384615384615,-0.1282051282051282,-0.33333333333333337,0.21794871794871798,0.15384615384615388,-0.038461538461538436,0.17307692307692307,0.33974358974358976
2023-03-21,1941.0999755859373,125090,43861,81229,0.4358974358974359,0.2179487179487179,0.532051282051282,0.0158040456256391,0.0665384481241413,0.0535142336965739,0.002945102356088,0.2756410256410257,0.2692307692307693,-0.05128205128205121,0.2564102564102564,0.4358974358974359,-0.7051282051282053,-0.5897435897435899,-0.2756410256410257,-0.38461538461538464,-0.7820512820512822,0.43589743589743596,0.35897435897435903,0.057692307692307765,0.2692307692307693,0.5256410256410257
2023-03-28,1973.5,130530,31370,99160,0.5064102564102564,0.0576923076923076,0.7371794871794872,0.0166915794248476,0.0327594195332812,0.074481435435789,0.0228038351904638,0.1602564102564103,0.3653846153846154,-0.07692307692307698,0.3012820512820513,0.5064102564102564,-0.5961538461538463,-0.7948717948717949,-0.47435897435897445,-0.5000000000000001,-0.9423076923076924,0.37820512820512825,0.5961538461538463,0.21153846153846156,0.44871794871794884,0.7307692307692308
2023-04-04,2038.199951171875,142348,32217,110131,0.7115384615384616,0.0641025641025641,0.8461538461538461,0.0327843684681403,0.0500231707831675,0.1198900830614697,0.0813878917496455,0.27564102564102566,0.5512820512820513,0.44230769230769235,0.43589743589743596,0.6923076923076924,-0.1538461538461538,-0.8589743589743591,-0.5256410256410257,-0.4935897435897436,-0.8910256410256411,0.3141025641025641,0.75,0.5192307692307692,0.5064102564102564,0.8012820512820513
2023-04-11,2019.0,135015,30409,104606,0.5833333333333334,0.0384615384615384,0.7884615384615384,-0.0094200528072998,0.0230554851786166,0.0565701890234073,0.0823415747698323,0.07692307692307698,0.23717948717948728,0.41025641025641035,0.21153846153846156,0.576923076923077,-0.019230769230769197,-0.6153846153846154,-0.7371794871794872,-0.5192307692307693,-0.8974358974358976,0.05128205128205121,0.42948717948717946,0.5833333333333334,0.391025641025641,0.7307692307692308
2023-04-18,2019.699951171875,137170,34474,102696,0.6282051282051282,0.0769230769230769,0.782051282051282,0.0003466821059312,-0.0090766364651139,0.0404924921820224,0.0961736505681818,-0.08333333333333337,0.1923076923076923,0.46153846153846156,0.14102564102564108,0.6282051282051282,0.012820512820512803,-0.141025641025641,-0.7307692307692308,-0.41666666666666674,-0.8974358974358976,-0.0641025641025641,0.25,0.608974358974359,0.30769230769230776,0.7628205128205129
2023-04-25,2004.5,135979,33176,102803,0.6089743589743589,0.0641025641025641,0.7884615384615384,-0.0075258461847541,-0.0071817731550272,0.0157081327590575,0.0913595324707572,0.02564102564102555,0.10256410256410253,0.46794871794871795,0.02564102564102555,0.6089743589743589,0.025641025641025696,0.0064102564102564985,-0.7884615384615384,-0.46794871794871795,-0.9166666666666667,0.0,0.05128205128205121,0.6474358974358975,0.2628205128205128,0.7756410256410257
2023-05-02,2023.300048828125,143191,29401,113790,0.7435897435897436,0.0192307692307692,0.8910256410256411,0.0093789218399227,0.0017824913320223,-0.0073103241589144,0.1117033235319369,0.11538461538461542,0.03205128205128205,0.5833333333333335,0.4743589743589744,0.7243589743589745,-0.057692307692307696,-0.04487179487179489,-0.9038461538461541,-0.5705128205128206,-0.9807692307692308,0.10897435897435903,0.044871794871794934,0.7948717948717949,0.5641025641025641,0.8782051282051283
2023-05-09,2042.9000244140625,143463,32477,110986,0.7435897435897436,0.0512820512820512,0.8717948717948718,0.0096871324632694,0.0191569091614181,0.0118375554304419,0.0690773972021248,0.1346153846153847,0.16025641025641024,0.3974358974358975,0.5705128205128206,0.685897435897436,-0.0128205128205129,0.012820512820512796,-0.6025641025641026,-0.7243589743589745,-0.9102564102564104,0.08333333333333337,0.08333333333333337,0.5128205128205128,0.6666666666666667,0.8141025641025642
2023-05-16,1993.0,139786,35803,103983,0.6923076923076923,0.0897435897435897,0.7948717948717948,-0.024426072650508,-0.0149755587885614,-0.0132197612602719,0.0267374298422709,-0.05128205128205132,0.0641025641025641,0.2564102564102564,0.5256410256410257,0.6025641025641026,0.0705128205128205,0.012820512820512803,-0.1282051282051282,-0.7179487179487181,-0.7435897435897436,-0.09615384615384626,0.012820512820512775,0.2628205128205128,0.6217948717948718,0.6794871794871795
2023-05-23,1974.5,128550,35411,93139,0.4807692307692308,0.0833333333333333,0.6858974358974359,-0.0092824887104867,-0.0334818266173748,-0.0149663257670241,0.0005067139599697,-0.26282051282051283,-0.12820512820512814,-0.025641025641025605,0.33974358974358976,0.39743589743589747,0.032051282051282104,0.019230769230769204,0.025641025641025703,-0.7692307692307693,-0.7756410256410257,-0.1858974358974359,-0.10256410256410253,-0.05128205128205132,0.5448717948717949,0.576923076923077
2023-05-30,1958.0,122904,36201,86703,0.3974358974358974,0.0897435897435897,0.6089743589743589,-0.0083565459610027,-0.0175614651279478,-0.0322740311630724,-0.0393484216922699,-0.2948717948717949,-0.3461538461538462,-0.31410256410256415,0.23717948717948723,0.3397435897435898,0.0,0.0705128205128205,0.025641025641025605,-0.8333333333333335,-0.7820512820512822,-0.1858974358974359,-0.28205128205128216,-0.23717948717948723,0.5128205128205128,0.5128205128205128
2023-06-06,1981.5,120985,27557,93428,0.3782051282051282,0.0,0.6923076923076923,0.0120020429009193,0.0035452013167891,-0.0300553251163981,-0.0185735512630015,-0.10256410256410259,-0.3653846153846154,-0.20512820512820518,0.032051282051282104,0.27564102564102566,-0.0833333333333333,-0.0512820512820512,-0.0384615384615384,-0.6538461538461539,-0.8269230769230769,0.0064102564102563875,-0.17948717948717952,-0.09615384615384615,0.3333333333333333,0.5641025641025641
2023-06-13,1958.5999755859373,110512,35869,74643,0.2435897435897435,0.0833333333333333,0.4743589743589743,-0.0115569136583713,0.0003064226690179,-0.0172604236899461,-0.0302520062697858,-0.1538461538461539,-0.4487179487179488,-0.3846153846153847,-0.1923076923076924,0.08333333333333331,-0.006410256410256401,-0.006410256410256401,0.006410256410256401,-0.13461538461538458,-0.7051282051282052,-0.13461538461538464,-0.32051282051282054,-0.30769230769230776,-0.057692307692307765,0.2948717948717948
2023-06-20,1947.699951171875,110314,34275,76039,0.2435897435897435,0.0512820512820512,0.4871794871794871,-0.005565212166819,-0.0170578091486878,-0.0135730811993542,-0.0283362678114866,-0.1346153846153847,-0.23717948717948728,-0.3653846153846154,-0.2628205128205129,0.0769230769230769,0.0512820512820512,-0.032051282051282104,-0.0128205128205129,-0.006410256410256401,-0.7307692307692308,-0.20512820512820518,-0.1987179487179488,-0.3012820512820513,-0.2500000000000001,0.3012820512820512
2023-06-27,1923.800048828125,108209,38534,69675,0.2179487179487179,0.1217948717948717,0.4487179487179487,-0.0122708337746633,-0.0177677561480625,-0.0174667779223058,-0.0491770857503954,-0.025641025641025605,-0.17948717948717952,-0.5256410256410258,-0.49358974358974367,0.03846153846153841,0.038461538461538394,0.03205128205128199,0.10256410256410249,0.0576923076923076,-0.48076923076923084,-0.025641025641025605,-0.16025641025641024,-0.4423076923076924,-0.39743589743589747,0.1858974358974359
2023-07-03,1929.5,123017,39869,83148,0.4294871794871794,0.1474358974358974,0.5833333333333334,0.0029628604985987,-0.0093443300447405,-0.0262427453949029,-0.0555093362665104,0.1858974358974359,0.05128205128205121,-0.3141025641025642,-0.15384615384615397,0.2243589743589743,0.09615384615384621,0.1474358974358974,0.09615384615384621,0.108974358974359,-0.4102564102564103,0.09615384615384626,-0.10897435897435892,-0.28846153846153844,-0.20512820512820507,0.294871794871795
2023-07-11,1937.0999755859373,124394,41951,82443,0.4615384615384615,0.173076923076923,0.5833333333333334,0.0039388316071196,0.0069133623142976,-0.0109772287695286,-0.0280481808399712,0.2435897435897436,0.217948717948718,-0.23076923076923078,-0.16666666666666669,0.1858974358974359,0.051282051282051294,0.08974358974358969,0.08333333333333329,0.09615384615384609,-0.3846153846153847,0.1346153846153847,0.10897435897435909,-0.21153846153846145,-0.19871794871794868,0.24358974358974367
2023-07-18,1980.800048828125,147644,32326,115318,0.8333333333333334,0.032051282051282,0.9423076923076924,0.0225595342485971,0.0265872240622571,0.0169944542209052,0.003190705914472,0.40384615384615397,0.5897435897435899,0.3525641025641026,0.22435897435897445,0.46153846153846156,-0.11538461538461542,-0.019230769230769197,-0.0512820512820513,-0.0320512820512821,-0.5256410256410257,0.35897435897435903,0.4551282051282053,0.2564102564102565,0.15384615384615397,0.5448717948717949
2023-07-25,1963.699951171875,132603,37316,95287,0.6025641025641025,0.1025641025641025,0.7435897435897436,-0.0086329246944267,0.0137318547938609,0.0207401503955959,0.0029111088722548,0.14102564102564102,0.38461538461538464,0.20512820512820512,-0.14102564102564108,0.11538461538461542,-0.07051282051282048,-0.01923076923076919,0.012820512820512803,0.0833333333333333,-0.3910256410256411,0.16025641025641024,0.29487179487179493,0.1346153846153847,-0.14743589743589747,0.26923076923076933
2023-08-01,1978.800048828125,123802,43793,80009,0.4358974358974359,0.2051282051282051,0.5384615384615384,0.007689615537872,-0.0010096930284221,0.0255506860990542,-0.0013625794458113,-0.39743589743589747,0.0064102564102564985,0.05769230769230771,-0.3076923076923077,-0.14743589743589747,0.1730769230769231,0.05769230769230768,0.2051282051282051,0.1538461538461539,-0.326923076923077,-0.40384615384615397,-0.044871794871794934,-0.15384615384615385,-0.33333333333333337,0.012820512820512775
2023-08-08,1959.9000244140625,114585,55979,58606,0.3012820512820512,0.5576923076923077,0.3461538461538461,-0.0095512552798122,-0.001935085222946,0.0117701972616197,0.0006637643440878,-0.3012820512820513,-0.1602564102564103,0.05769230769230771,-0.3910256410256411,0.03205128205128199,0.4551282051282052,0.3846153846153847,0.4743589743589744,0.467948717948718,-0.03205128205128205,-0.3974358974358975,-0.23717948717948728,-0.1282051282051282,-0.44871794871794873,0.019230769230769162
2023-08-15,1935.199951171875,113146,83610,29536,0.2948717948717949,0.8974358974358975,0.1602564102564102,-0.0126027210237786,-0.0220336044978726,-0.0230210503494422,-0.0064178263148176,-0.14102564102564102,-0.5384615384615385,0.05128205128205138,-0.1858974358974359,0.12179487179487189,0.6923076923076924,0.8653846153846154,0.8461538461538463,0.8141025641025642,0.1217948717948718,-0.37820512820512825,-0.7820512820512822,-0.3269230769230769,-0.5256410256410258,-0.04487179487179491
2023-08-22,1926.0,105085,95976,9109,0.1923076923076923,0.935897435897436,0.0897435897435897,-0.0047540054795391,-0.0172968130985137,-0.0191984275140287,0.0011435446075671,-0.10897435897435892,-0.41025641025641024,-0.025641025641025605,-0.20512820512820512,0.02564102564102569,0.3782051282051283,0.8333333333333335,0.8141025641025643,0.8461538461538463,0.1282051282051283,-0.2564102564102564,-0.653846153846154,-0.358974358974359,-0.5192307692307692,-0.08333333333333329
2023-08-29,1965.0999755859373,120609,81367,39242,0.4166666666666667,0.8846153846153846,0.2243589743589743,0.020301129587714,0.015450612426874,-0.0069234247544622,0.0184503630919601,0.1217948717948718,-0.019230769230769218,-0.01282051282051272,0.03846153846153849,0.27564102564102566,-0.012820512820512886,0.6794871794871795,0.7371794871794872,0.8846153846153846,0.03205128205128205,0.06410256410256412,-0.3141025641025641,-0.35897435897435903,-0.46794871794871795,0.08333333333333331
2023-09-05,1952.5999755859373,120222,69857,50365,0.4166666666666667,0.782051282051282,0.2948717948717949,-0.00636099951926,0.0138109945929061,-0.0037247046977856,0.0080016520547998,0.2243589743589744,0.11538461538461547,-0.04487179487179482,0.17307692307692318,0.2564102564102565,-0.15384615384615397,0.22435897435897434,0.608974358974359,0.6987179487179488,-0.1410256410256412,0.20512820512820518,-0.05128205128205121,-0.2884615384615385,-0.1794871794871794,0.1987179487179488
2023-09-12,1935.0999755859373,117737,83166,34571,0.3846153846153846,0.8846153846153846,0.1794871794871795,-0.0089624092076251,-0.015266398846224,-5.166163107706012e-05,-0.0230715226755091,-0.032051282051282104,0.0897435897435897,-0.4487179487179488,0.14102564102564108,0.03846153846153849,0.0,-0.012820512820512886,0.8525641025641025,0.8333333333333334,0.23076923076923073,-0.04487179487179482,0.0192307692307693,-0.7628205128205129,-0.3076923076923076,-0.1794871794871795
2023-09-19,1953.699951171875,121172,73782,47390,0.4423076923076923,0.8461538461538461,0.2884615384615384,0.0096118938662617,0.000563338932547,0.0143821137964044,-0.005092427686843,0.025641025641025605,0.25,-0.16025641025641024,0.2243589743589744,0.0064102564102563875,0.0641025641025641,-0.08974358974358987,0.7435897435897436,0.7243589743589745,0.6282051282051282,-0.0064102564102564985,0.19871794871794868,-0.45512820512820523,-0.1602564102564103,-0.24358974358974367
2023-09-26,1919.800048828125,114668,91230,23438,0.3205128205128205,0.9230769230769232,0.141025641025641,-0.0173516421103537,-0.007906530386462,-0.0230522249863166,-0.0298160493956631,-0.0641025641025641,-0.0961538461538462,-0.11538461538461542,-0.10897435897435892,-0.1858974358974359,0.03846153846153866,0.03846153846153866,0.7179487179487182,0.7756410256410258,0.8653846153846156,-0.03846153846153849,-0.08333333333333331,-0.39743589743589747,-0.4423076923076924,-0.5961538461538463
2023-10-03,1841.5,100500,108061,-7561,0.1538461538461538,0.9615384615384616,0.0641025641025641,-0.0407855228860529,-0.0574294692000042,-0.0568984825233331,-0.0604112571759672,-0.2884615384615385,-0.2628205128205129,-0.1474358974358974,-0.3076923076923077,-0.5576923076923077,0.11538461538461542,0.17948717948717952,0.40384615384615385,0.7884615384615385,0.8974358974358975,-0.22435897435897428,-0.23076923076923078,-0.282051282051282,-0.5192307692307693,-0.782051282051282
2023-10-10,1875.300048828125,93934,120701,-26767,0.1089743589743589,1.0,0.032051282051282,0.0183546287418545,-0.0231794972748143,-0.0309027582617301,-0.0309528234059106,-0.21153846153846156,-0.27564102564102566,-0.18589743589743596,-0.7243589743589745,-0.47435897435897445,0.07692307692307676,0.11538461538461542,0.10256410256410253,0.967948717948718,0.9615384615384616,-0.108974358974359,-0.1474358974358975,-0.1282051282051282,-0.9102564102564104,-0.7564102564102564
2023-10-17,1935.699951171875,104708,89605,15103,0.1923076923076923,0.8974358974358975,0.1282051282051282,0.0322081271109089,0.0511539240683545,-0.0092132878383925,0.0050363194038811,0.03846153846153849,-0.25,0.0,-0.41025641025641024,-0.4358974358974359,-0.0641025641025641,0.05128205128205132,-0.03846153846153855,0.7948717948717949,0.8205128205128206,0.0641025641025641,-0.1602564102564102,0.03846153846153849,-0.6153846153846154,-0.6538461538461539
2023-10-24,1986.0999755859373,122456,66708,55748,0.4935897435897436,0.7115384615384616,0.3846153846153846,0.026037105793979,0.0590838393179007,0.0345348083506313,0.0106864791923568,0.3846153846153847,0.17307692307692313,0.07692307692307693,0.05769230769230771,-0.11538461538461531,-0.28846153846153844,-0.21153846153846168,-0.17307692307692302,0.5064102564102565,0.6474358974358975,0.3525641025641026,0.24358974358974358,0.16025641025641027,-0.15384615384615385,-0.40384615384615385
2023-10-31,1994.300048828125,140111,65271,74840,0.8141025641025641,0.6858974358974359,0.5641025641025641,0.0041287313544065,0.0302733373634551,0.0829758614325957,0.0213561783076814,0.6217948717948718,0.6602564102564104,0.3974358974358974,0.5128205128205129,0.07051282051282048,-0.21153846153846156,-0.27564102564102566,-0.09615384615384615,0.1282051282051282,0.6666666666666667,0.4358974358974359,0.5,0.2692307692307692,0.217948717948718,-0.326923076923077
2023-11-07,1973.5,140609,62374,78235,0.8141025641025641,0.6538461538461539,0.6025641025641025,-0.0104297489439201,-0.0063440792209968,0.0523649275395903,0.0198439485807111,0.3205128205128205,0.7051282051282052,0.4294871794871795,0.5192307692307692,0.07051282051282048,-0.05769230769230771,-0.34615384615384615,-0.23076923076923073,-0.2435897435897436,0.6025641025641026,0.21794871794871795,0.5705128205128205,0.423076923076923,0.44230769230769235,-0.2692307692307693
2023-11-14,1966.5,132924,68609,64315,0.6923076923076923,0.7307692307692307,0.4807692307692308,-0.0035469977197871,-0.0139397523679852,0.015911582169271,0.0065516963443885,-0.1217948717948718,0.5,0.25,0.5,0.0,0.04487179487179482,-0.16666666666666674,-0.11538461538461542,-0.2051282051282053,0.641025641025641,-0.08333333333333331,0.3525641025641026,0.1923076923076924,0.3910256410256411,-0.31410256410256404
2023-11-21,2001.5999755859373,144381,65246,79135,0.8653846153846154,0.6730769230769231,0.6153846153846154,0.017848957836734,0.0142386499041993,0.00780423956021,0.0426085658283759,0.05128205128205132,0.3717948717948718,0.5448717948717949,0.44871794871794873,0.38461538461538464,0.019230769230769273,-0.038461538461538436,-0.2500000000000001,-0.21153846153846145,0.5897435897435899,0.012820512820512886,0.23076923076923084,0.47435897435897445,0.3910256410256411,-0.07051282051282048
2023-11-28,2040.0,169695,54802,114893,0.9743589743589745,0.4551282051282051,0.935897435897436,0.0191846647094515,0.0373760488176964,0.0229152835846986,0.107792560412707,0.28205128205128216,0.16025641025641035,0.8205128205128207,0.5576923076923077,0.5769230769230771,-0.2756410256410256,-0.23076923076923078,-0.5064102564102564,-0.3269230769230769,0.3653846153846154,0.45512820512820523,0.3717948717948719,0.8717948717948719,0.6410256410256412,0.3269230769230771
2023-12-05,2036.300048828125,159907,50520,109387,0.9423076923076924,0.3717948717948718,0.903846153846154,-0.0018137015548407,0.0173361678983983,0.0318216614279833,0.0858529279624393,0.07692307692307698,0.1282051282051283,0.8333333333333335,0.5576923076923078,0.5641025641025642,-0.3012820512820513,-0.28205128205128205,-0.6282051282051282,-0.5128205128205128,0.3717948717948718,0.28846153846153855,0.30128205128205143,0.8717948717948719,0.7243589743589745,0.21153846153846168
2023-12-12,1993.199951171875,149634,54106,95528,0.8910256410256411,0.4358974358974359,0.7884615384615384,-0.0211658874540879,-0.0229412004059436,0.0135773969854435,0.0297050170224932,-0.08333333333333337,0.1987179487179488,0.6987179487179488,0.4487179487179488,0.6474358974358976,-0.019230769230769218,-0.2948717948717948,-0.46153846153846156,-0.41025641025641024,0.3525641025641026,-0.14743589743589758,0.30769230769230765,0.6602564102564102,0.5,0.31410256410256415
2023-12-19,2052.10009765625,155697,47421,108276,0.9166666666666666,0.2948717948717949,0.8846153846153846,0.0295505458194225,0.0077591948383135,0.0252298774411852,0.033231017009021,-0.025641025641025772,0.05128205128205121,0.423076923076923,0.5961538461538461,0.6730769230769231,-0.07692307692307693,-0.37820512820512825,-0.4166666666666667,-0.6282051282051284,0.24358974358974367,-0.019230769230769384,0.26923076923076916,0.5,0.7435897435897436,0.39743589743589747
2023-12-26,2069.800048828125,152801,46347,106454,0.9166666666666666,0.2628205128205128,0.8653846153846154,0.0086252864526883,0.0384307141946367,0.0146078670726101,0.0378578940738454,0.02564102564102555,-0.05769230769230782,0.10256410256410253,0.7628205128205128,0.6987179487179487,-0.17307692307692313,-0.19230769230769235,-0.42307692307692313,-0.6987179487179488,0.14102564102564108,0.07692307692307698,-0.0705128205128206,0.3012820512820513,0.8012820512820513,0.41666666666666674
2024-01-02,2073.39990234375,154384,45235,109149,0.9230769230769232,0.2564102564102564,0.903846153846154,0.001739227669679,0.0103795154592249,0.0182192469803139,0.0506206751171776,0.0064102564102566095,-0.019230769230769162,0.10897435897435914,0.8141025641025643,0.49358974358974383,-0.03846153846153849,-0.11538461538461542,-0.39743589743589747,-0.7435897435897436,0.10897435897435898,0.019230769230769384,0.0,0.30128205128205143,0.8717948717948719,0.3205128205128206
2024-01-09,2033.0,134333,45874,88459,0.6987179487179487,0.2692307692307692,0.7307692307692307,-0.0194848578405364,-0.0177795187747533,0.0199679158153325,0.0338164251207728,-0.21794871794871795,-0.1923076923076924,0.0064102564102563875,0.5064102564102564,0.23717948717948717,0.006410256410256443,-0.16666666666666669,-0.4615384615384615,-0.6282051282051282,0.09615384615384623,-0.1346153846153847,-0.05769230769230771,0.24999999999999994,0.6025641025641025,0.14743589743589736
2024-01-16,2030.199951171875,130931,47702,83229,0.6410256410256411,0.3269230769230769,0.6730769230769231,-0.001377298980878,-0.020835320346568,-0.0106720654169782,0.0142885571216924,-0.28205128205128216,-0.27564102564102555,-0.22435897435897434,0.14743589743589747,-0.1923076923076923,0.07051282051282054,0.03205128205128205,-0.3461538461538462,-0.38461538461538464,0.29487179487179493,-0.23076923076923084,-0.21153846153846145,0.05769230769230771,0.28846153846153855,-0.2692307692307693
2024-01-23,2025.800048828125,111298,50265,61033,0.2948717948717949,0.3782051282051282,0.4423076923076923,-0.002167226110517,-0.0035415401730816,-0.0212580920678361,-0.0069607603783701,-0.4038461538461538,-0.6217948717948718,-0.6794871794871795,-0.5192307692307692,-0.30769230769230765,0.10897435897435898,0.11538461538461542,-0.07692307692307693,-0.3076923076923077,0.27564102564102566,-0.28846153846153844,-0.42307692307692313,-0.4935897435897437,-0.1217948717948718,-0.3012820512820513
2024-01-30,2031.5,108093,52069,56024,0.2435897435897435,0.4038461538461538,0.391025641025641,0.0028136790574035,0.0006403550681668,-0.020208307281382,-0.0023572404424816,-0.3974358974358976,-0.6794871794871797,-0.6987179487179489,-0.5705128205128206,-0.1923076923076924,0.07692307692307687,0.1474358974358974,0.03205128205128199,-0.25000000000000006,0.1987179487179487,-0.2820512820512821,-0.512820512820513,-0.512820512820513,-0.2115384615384615,-0.1474358974358974
2024-02-06,2051.39990234375,114316,46247,68069,0.3461538461538461,0.2756410256410256,0.5256410256410257,0.0097956693791534,0.0126369103063423,0.0090506160077472,0.0291992537615992,0.05128205128205121,-0.3525641025641026,-0.5448717948717949,-0.3461538461538462,0.04487179487179488,-0.10256410256410259,0.0064102564102563875,-0.1602564102564103,-0.4551282051282051,-0.2820512820512821,0.08333333333333337,-0.20512820512820507,-0.2628205128205128,0.04487179487179488,0.17948717948717957
2024-02-13,2007.199951171875,100642,66466,34176,0.1666666666666666,0.6923076923076923,0.2051282051282051,-0.0215462383133469,-0.0119616287610755,-0.0113289333825093,-0.0218800956813249,-0.0769230769230769,-0.47435897435897445,-0.75,-0.6987179487179488,-0.12820512820512828,0.2884615384615385,0.36538461538461536,0.3974358974358974,0.019230769230769162,-0.20512820512820518,-0.18589743589743593,-0.46794871794871806,-0.6794871794871795,-0.41025641025641035,0.04487179487179491
2024-02-20,2039.800048828125,98840,48917,49923,0.1474358974358974,0.3461538461538461,0.3397435897435897,0.0162415795383099,-0.0056546037183544,0.006910849867981,-0.0144941536826155,-0.19871794871794868,-0.14743589743589747,-0.7692307692307692,-0.8269230769230771,-0.04487179487179488,0.07051282051282048,-0.032051282051282104,0.08333333333333331,-0.10897435897435903,-0.5897435897435899,-0.18589743589743596,-0.10256410256410259,-0.5256410256410258,-0.5961538461538463,0.25
2024-02-27,2044.0999755859373,103885,47732,56153,0.2051282051282051,0.3269230769230769,0.4038461538461538,0.0021080138517903,0.0183838308647421,0.006202301543656,-0.0141313437531719,0.03846153846153849,-0.03846153846153841,-0.7179487179487182,-0.7371794871794873,-0.2115384615384616,-0.36538461538461536,-0.07692307692307687,0.07051282051282054,-0.04487179487179488,-0.5576923076923077,0.1987179487179487,0.012820512820512775,-0.5000000000000002,-0.5000000000000002,0.1794871794871795
2024-03-05,2141.89990234375,145106,35343,109763,0.8653846153846154,0.0641025641025641,0.9102564102564102,0.0478449821074815,0.0500538538442931,0.0441162154178726,0.053566110351082,0.7179487179487181,0.5192307692307694,0.16666666666666674,-0.02564102564102566,0.44871794871794873,-0.282051282051282,-0.2115384615384615,-0.20512820512820512,-0.3717948717948718,-0.717948717948718,0.5705128205128205,0.3846153846153846,0.17948717948717952,0.1217948717948718,0.6153846153846154
2024-03-12,2166.10009765625,173994,32911,141083,0.9743589743589745,0.0448717948717948,0.9807692307692308,0.0112984716447388,0.059684028925905,0.0791650808837471,0.0669392915736848,0.7692307692307694,0.8076923076923078,0.33333333333333337,0.05769230769230782,0.5897435897435899,-0.2820512820512821,-0.6474358974358975,-0.2820512820512821,-0.25000000000000006,-0.8397435897435898,0.5769230769230771,0.7756410256410258,0.3076923076923077,0.09615384615384626,0.8012820512820513
2024-03-19,2159.699951171875,172588,29692,142896,0.967948717948718,0.0128205128205128,0.9871794871794872,-0.0029546863929788,0.00831040181133,0.0587802232932748,0.066097294459642,0.10256410256410253,0.8205128205128205,0.6730769230769231,0.05128205128205132,0.5256410256410257,-0.051282051282051294,-0.3333333333333333,-0.3653846153846154,-0.24999999999999997,-0.8333333333333334,0.07692307692307698,0.6474358974358976,0.5448717948717949,0.1217948717948718,0.6987179487179489
2024-03-26,2177.199951171875,163006,27211,135795,0.935897435897436,0.0,0.9615384615384616,0.0081029774485592,0.0051243492983703,0.0651142200360257,0.0717203796071253,-0.038461538461538436,0.730769230769231,0.6923076923076925,0.012820512820512775,0.6153846153846155,-0.0448717948717948,-0.3269230769230769,-0.4038461538461538,-0.2564102564102564,-0.9230769230769232,-0.019230769230769273,0.5576923076923077,0.5705128205128205,0.0576923076923076,0.8205128205128206
2024-04-02,2281.800048828125,173073,25993,147080,0.967948717948718,0.0,0.9935897435897436,0.048043404373562,0.0565356764443121,0.0653159124435698,0.112313618725018,0.0,0.10256410256410253,0.6217948717948718,0.2692307692307693,0.8141025641025641,-0.0128205128205128,-0.0641025641025641,-0.2756410256410256,-0.2692307692307692,-0.9615384615384616,0.0064102564102563875,0.08333333333333337,0.46794871794871795,0.2628205128205129,0.9294871794871795
2024-04-09,2362.39990234375,174617,32885,141732,0.9743589743589745,0.0641025641025641,0.967948717948718,0.0353229256687144,0.0850633636438358,0.0906236073300117,0.1769629134180161,0.038461538461538436,0.0,0.8076923076923078,0.33333333333333337,0.8653846153846155,0.0641025641025641,0.019230769230769294,-0.6282051282051282,-0.26282051282051283,-0.9358974358974359,0.0064102564102563875,-0.012820512820512886,0.7628205128205129,0.2948717948717948,0.9358974358974359
2024-04-16,2407.800048828125,169910,35174,134736,0.9487179487179488,0.0961538461538461,0.9423076923076924,0.0192178074674542,0.0552195623208573,0.1148771140739381,0.1804098397837659,-0.019230769230769162,-0.019230769230769162,0.8012820512820513,0.653846153846154,0.7564102564102565,0.0961538461538461,0.0833333333333333,-0.25,-0.2820512820512821,-0.8012820512820513,-0.05128205128205121,-0.04487179487179482,0.6025641025641026,0.5000000000000001,0.8141025641025642
2024-04-23,2342.10009765625,176400,34261,142139,0.9743589743589745,0.0833333333333333,0.967948717948718,-0.0272862986292616,-0.008592873995364,0.0757395508830587,0.1457854927007136,0.0,0.038461538461538436,0.7692307692307694,0.730769230769231,0.48076923076923084,0.019230769230769204,0.0833333333333333,-0.2435897435897436,-0.3205128205128205,-0.6282051282051283,0.0,0.0064102564102563875,0.5641025641025641,0.5769230769230769,0.5833333333333334
2024-04-30,2302.89990234375,171853,36826,135027,0.9423076923076924,0.1474358974358974,0.935897435897436,-0.0167371989573493,-0.0435668013776433,0.0092470212394206,0.0751669113126283,-0.0064102564102563875,-0.02564102564102555,0.07692307692307698,0.5961538461538463,0.1282051282051283,0.05128205128205131,0.1474358974358974,0.08333333333333331,-0.1282051282051282,-0.5384615384615385,-0.0064102564102563875,-0.0576923076923076,0.025641025641025772,0.41025641025641035,0.3717948717948719
2024-05-07,2324.199951171875,164780,38681,126099,0.903846153846154,0.2051282051282051,0.9166666666666666,0.0092492291160579,-0.0076427760292089,-0.016169976613179,0.0729882491057043,-0.07051282051282048,-0.07051282051282048,-0.07051282051282048,0.7371794871794873,0.08974358974358987,0.12179487179487179,0.141025641025641,0.1602564102564103,-0.4871794871794872,-0.4487179487179488,-0.05128205128205132,-0.05128205128205132,-0.06410256410256421,0.7115384615384616,0.3141025641025641
2024-05-14,2359.89990234375,171868,41433,130435,0.9423076923076924,0.2371794871794871,0.9230769230769232,0.0153601032277257,0.0247514014577832,-0.0198937393109897,0.0926980394027625,0.0,-0.0064102564102563875,-0.02564102564102555,0.7948717948717949,0.2500000000000001,0.08974358974358967,0.14102564102564097,0.22435897435897428,-0.108974358974359,-0.4935897435897436,-0.012820512820512775,-0.019230769230769162,-0.06410256410256399,0.5833333333333335,0.44230769230769246
2024-05-21,2425.89990234375,190605,42082,148523,1.0,0.2564102564102564,0.9935897435897436,0.0279672879067673,0.0437569715637407,0.0357797708011535,0.1142292654553902,0.09615384615384603,0.02564102564102555,0.06410256410256399,0.7948717948717949,0.13461538461538458,0.051282051282051294,0.17307692307692307,0.2564102564102564,-0.07051282051282054,-0.41666666666666674,0.07692307692307698,0.02564102564102566,0.03205128205128205,0.5897435897435899,0.3782051282051282
2024-05-28,2356.5,174444,25616,148828,0.9551282051282052,0.0,1.0,-0.028607900217441,-0.0014406976924629,0.0232750444783549,0.0327372905484155,0.012820512820512775,0.012820512820512775,-0.012820512820512775,0.08974358974358976,-0.019230769230769273,-0.2371794871794871,-0.1474358974358974,0.0,-0.0641025641025641,-0.4551282051282051,0.07692307692307676,0.06410256410256399,0.0064102564102563875,0.08974358974358976,0.06410256410256399
2024-06-04,2347.39990234375,172560,20261,152299,0.9294871794871796,0.0,1.0,-0.0038617006816252,-0.0323591257512967,0.0099819084671168,-0.0063494753725305,-0.07051282051282037,0.02564102564102566,-0.04487179487179482,-0.04487179487179482,-0.012820512820512775,-0.2564102564102564,-0.2051282051282051,-0.0641025641025641,-0.0448717948717948,-0.3717948717948718,0.0064102564102563875,0.08333333333333337,0.03205128205128205,0.019230769230769162,0.09615384615384603
2024-06-11,2326.60009765625,168424,15459,152965,0.8974358974358975,0.0,1.0,-0.0088607845074597,-0.0126882674915128,-0.0141106852262793,-0.0337237102438779,-0.05769230769230771,-0.044871794871794934,-0.05128205128205132,-0.07051282051282048,0.0064102564102563875,0.0,-0.2371794871794871,-0.0961538461538461,-0.0128205128205128,-0.4358974358974359,0.0,0.07692307692307676,0.0576923076923076,0.012820512820512775,0.21153846153846156
2024-06-18,2346.89990234375,177639,17018,160621,0.967948717948718,0.0064102564102564,1.0,0.0087250940580418,-0.0002130016276735,-0.0325652348325152,0.002049359330245,0.038461538461538325,-0.03205128205128205,-0.0064102564102564985,0.03205128205128194,0.05128205128205132,0.0064102564102564,-0.25,-0.0769230769230769,0.0064102564102564,-0.2884615384615385,0.0,0.0064102564102563875,0.03205128205128205,0.038461538461538436,0.11538461538461542
2024-06-25,2330.800048828125,174756,16554,158202,0.9551282051282052,0.0064102564102564,0.9935897435897436,-0.006860051210342,0.0018051882556464,-0.0109059839473265,0.012115223269574,0.05769230769230771,0.0,0.012820512820512775,-0.012820512820512775,0.03846153846153855,0.0064102564102564,0.0064102564102564,-0.14102564102564102,0.0064102564102564,-0.2564102564102564,-0.0064102564102563875,-0.0064102564102563875,0.0576923076923076,0.0,0.1282051282051282
2024-07-02,2333.39990234375,167688,16873,150815,0.8717948717948718,0.0128205128205128,0.9743589743589745,0.0011154339545049,-0.0057522691898866,-0.0059640455748599,0.0039583303352348,-0.09615384615384615,-0.05769230769230782,-0.03205128205128216,-0.10256410256410264,-0.05128205128205143,0.0064102564102564,0.0128205128205128,-0.1923076923076923,-0.051282051282051294,-0.24358974358974358,-0.02564102564102555,-0.02564102564102555,0.05769230769230782,0.0064102564102564985,0.07051282051282048
2024-07-09,2367.89990234375,181982,24515,157467,0.9743589743589745,0.032051282051282,0.9871794871794872,0.0147852924675906,0.0159172184393414,0.0177511402707772,0.0033899742917293,0.019230769230769273,0.07692307692307698,0.03205128205128205,0.02564102564102566,0.27564102564102577,0.0256410256410256,0.032051282051282,-0.2051282051282051,-0.0641025641025641,-0.23717948717948723,-0.0064102564102563875,-0.012820512820512775,0.06410256410256399,0.04487179487179482,0.2564102564102565
2024-07-16,2467.800048828125,216502,31970,184532,1.0,0.0897435897435897,1.0,0.0421893452444901,0.0575984195205367,0.051514828716656,0.0172720013896261,0.1282051282051282,0.03205128205128205,0.0,0.02564102564102555,0.3589743589743589,0.0769230769230769,0.0833333333333333,-0.16666666666666669,0.006410256410256401,-0.23717948717948723,0.02564102564102555,0.0,0.0064102564102563875,0.03205128205128205,0.32692307692307687
2024-07-23,2407.300048828125,197802,34942,162860,0.9935897435897436,0.1538461538461538,0.9935897435897436,-0.0245157625427268,0.0166392787319162,0.0328213482055066,0.0215574151615214,0.019230769230769162,0.038461538461538436,0.038461538461538436,0.05128205128205121,0.6987179487179487,0.1217948717948718,0.1474358974358974,0.1538461538461538,0.0064102564102563875,-0.2243589743589744,0.0064102564102563875,0.0,-0.0064102564102563875,0.0576923076923076,0.5512820512820513
2024-07-30,2405.0,185586,33222,152364,0.9743589743589745,0.1346153846153846,0.9615384615384616,-0.0009554475061156,-0.0254477865246605,0.0306848807117599,0.0245378291098756,-0.02564102564102555,0.10256410256410264,0.04487179487179482,0.07051282051282048,0.730769230769231,0.04487179487179491,0.1217948717948718,0.1346153846153846,-0.07051282051282048,-0.26923076923076916,-0.038461538461538436,-0.012820512820512886,-0.038461538461538436,0.044871794871794934,0.5705128205128205
2024-08-06,2431.60009765625,180303,29517,150786,0.9423076923076924,0.0705128205128205,0.9423076923076924,0.0110603316658004,0.0100943165933777,0.0269015574726996,0.0451302310636769,-0.05128205128205121,-0.03205128205128205,0.044871794871794934,0.0,0.5961538461538463,-0.0833333333333333,0.0384615384615385,0.0705128205128205,-0.16666666666666657,-0.20512820512820512,-0.05128205128205121,-0.04487179487179482,-0.0576923076923076,0.019230769230769162,0.41666666666666674
2024-08-13,2507.800048828125,203844,25929,177915,0.9935897435897436,0.0448717948717948,0.9935897435897436,0.0313373696790528,0.0427443030470373,0.0162087686232905,0.0685585892792832,0.019230769230769162,-0.0064102564102563875,0.02564102564102566,-0.0064102564102563875,0.826923076923077,-0.08974358974358981,-0.0448717948717949,0.0384615384615384,-0.2115384615384616,-0.6474358974358975,0.03205128205128205,-0.0064102564102563875,-0.0064102564102563875,0.0,0.7884615384615385
2024-08-20,2550.60009765625,222142,28837,193305,1.0,0.0705128205128205,1.0,0.0170667708727916,0.0489389682599128,0.0595272902926593,0.0943024044205917,0.0576923076923076,0.0064102564102563875,0.04487179487179482,0.04487179487179482,0.8525641025641026,0.0,-0.0833333333333333,0.0641025641025641,0.0705128205128205,-0.2756410256410256,0.0576923076923076,0.0064102564102563875,0.0064102564102563875,0.0,0.6602564102564104
2024-08-27,2552.89990234375,217976,17685,200291,0.9935897435897436,0.0256410256410256,1.0,0.0009016719985281,0.017983831500721,0.061496840891372,0.0940687448300336,0.0,0.019230769230769162,0.1217948717948718,0.06410256410256399,0.7884615384615385,-0.019230769230769204,-0.108974358974359,0.0128205128205128,0.0256410256410256,-0.3012820512820513,0.0064102564102563875,0.038461538461538436,0.02564102564102555,0.0,0.5961538461538463
2024-09-03,2523.0,212086,19996,192090,0.9807692307692308,0.032051282051282,0.9871794871794872,-0.0117121326677555,-0.0108210211712967,0.037588377476974,0.0655011208466758,-0.019230769230769162,0.038461538461538436,0.0064102564102563875,0.08333333333333337,0.11538461538461542,-0.0384615384615385,-0.0384615384615385,0.0,0.032051282051282,-0.0320512820512821,-0.012820512820512775,0.04487179487179482,0.0,-0.012820512820512775,0.07692307692307698
2024-09-10,2543.10009765625,213645,23190,190455,0.9807692307692308,0.0448717948717948,0.9807692307692308,0.0079667450084224,-0.0038386952338017,0.0140761018186519,0.0305130267194388,-0.012820512820512775,-0.012820512820512775,-0.019230769230769162,0.012820512820512886,0.0064102564102563875,0.019230769230769204,0.0,-0.0448717948717949,0.0384615384615384,0.0,-0.019230769230769162,-0.012820512820512775,-0.019230769230769162,-0.019230769230769162,0.0
2024-09-17,2592.39990234375,241844,25489,216355,1.0,0.0576923076923076,1.0,0.0193857114523079,0.0275068974806778,0.0163882235893857,0.0768910604250316,0.019230769230769162,0.0,0.0064102564102563875,0.04487179487179482,0.03205128205128205,0.0256410256410256,-0.0128205128205129,-0.0961538461538462,0.0512820512820512,0.044871794871794796,0.012820512820512775,0.0,0.0064102564102563875,0.0064102564102563875,0.012820512820512775
2024-09-24,2677.0,256435,37406,219029,1.0,0.2628205128205128,1.0,0.0326338917000283,0.0526522343603987,0.0486114232455088,0.1130977130977131,0.019230769230769162,0.0064102564102563875,0.02564102564102555,0.1282051282051282,0.06410256410256399,0.21794871794871798,0.23717948717948717,0.12820512820512817,0.24999999999999997,0.2628205128205128,0.019230769230769162,0.0,0.038461538461538436,0.02564102564102555,0.038461538461538436
2024-10-01,2690.300048828125,247867,33405,214462,0.9935897435897436,0.1858974358974359,0.9871794871794872,0.0049682662787169,0.0377642918424216,0.0663099678272394,0.1063908294053896,-0.0064102564102563875,0.012820512820512775,0.05128205128205121,0.019230769230769162,0.02564102564102566,0.1282051282051283,0.1538461538461539,0.1153846153846154,0.1538461538461539,0.1858974358974359,-0.012820512820512775,0.0,0.04487179487179482,0.0,-0.0064102564102563875
2024-10-08,2635.39990234375,227596,33537,194059,0.9807692307692308,0.1923076923076923,0.9743589743589745,-0.0204067001776583,-0.0155398198192939,0.0362942083060608,0.0508811910962563,-0.019230769230769162,0.0,-0.012820512820512775,-0.019230769230769162,0.0064102564102563875,-0.07051282051282048,0.1474358974358975,0.1474358974358975,0.10256410256410259,0.1282051282051282,-0.02564102564102555,-0.0064102564102563875,-0.019230769230769162,-0.02564102564102555,0.0064102564102564985
2024-10-15,2678.89990234375,233871,34450,199421,0.9807692307692308,0.2115384615384615,0.9743589743589745,0.0165060338513765,-0.0042375000102091,0.0333667656451446,0.0503018112503779,-0.012820512820512775,-0.019230769230769162,-0.019230769230769162,-0.012820512820512775,0.03205128205128205,0.025641025641025605,0.1538461538461539,0.14102564102564102,0.05769230769230771,0.1153846153846154,-0.012820512820512775,-0.02564102564102555,-0.02564102564102555,-0.019230769230769162,0.03205128205128205
2024-10-22,2759.800048828125,242427,37267,205160,0.9871794871794872,0.2756410256410256,0.9807692307692308,0.0301990180422926,0.0472035179077534,0.030930163925336,0.0810451464604724,0.0064102564102563875,-0.012820512820512775,-0.0064102564102563875,0.012820512820512775,0.012820512820512775,0.08333333333333331,0.01282051282051283,0.25,0.141025641025641,0.1923076923076923,0.0064102564102563875,-0.019230769230769162,-0.019230769230769162,0.019230769230769273,0.012820512820512886
2024-10-29,2781.10009765625,234856,39683,195173,0.9743589743589745,0.3461538461538461,0.9615384615384616,0.0077179681322092,0.0381500612333762,0.0337509003383011,0.1022988892811138,-0.0064102564102563875,-0.019230769230769162,-0.0064102564102563875,0.03205128205128205,0.03205128205128205,0.13461538461538458,0.1602564102564102,0.3141025641025641,0.2756410256410256,0.19871794871794868,-0.012820512820512886,-0.02564102564102566,-0.02564102564102566,0.019230769230769162,0.02564102564102555
2024-11-05,2749.699951171875,219687,36684,183003,0.9487179487179488,0.2692307692307692,0.9230769230769232,-0.0112905488410277,-0.0036597208049686,0.0433710454062299,0.0812393714687162,-0.038461538461538436,-0.03205128205128205,-0.03205128205128205,-0.04487179487179482,0.04487179487179482,-0.0064102564102563875,0.07692307692307693,0.22435897435897442,0.22435897435897442,0.06410256410256412,-0.0576923076923076,-0.05128205128205121,-0.0576923076923076,-0.07051282051282037,0.0064102564102566095
2024-11-12,2606.300048828125,203661,38365,165296,0.9102564102564102,0.3141025641025641,0.9102564102564102,-0.052151109171979,-0.0628528433677868,-0.0271006219575833,0.005361883585865,-0.06410256410256421,-0.0705128205128206,-0.08974358974358976,-0.08974358974358976,-0.03205128205128216,-0.03205128205128199,0.10256410256410259,0.2564102564102565,0.2435897435897436,0.07692307692307701,-0.05128205128205132,-0.06410256410256421,-0.08974358974358976,-0.08974358974358976,-0.012820512820512997
2024-11-19,2631.0,193355,38181,155174,0.8974358974358975,0.3076923076923077,0.8782051282051282,0.0094770174995701,-0.0431683286466536,-0.0466700654211584,-0.0171834142697049,-0.05128205128205132,-0.08974358974358976,-0.10256410256410253,-0.09615384615384615,-0.10256410256410253,0.03846153846153849,0.032051282051282104,0.044871794871794934,0.2820512820512821,0.05128205128205132,-0.044871794871795045,-0.10256410256410264,-0.1217948717948718,-0.1217948717948718,-0.11538461538461542
2024-11-26,2621.300048828125,203596,24306,179290,0.903846153846154,0.0512820512820512,0.9166666666666666,-0.0036867925396711,0.0057552851624833,-0.0574592942421581,-0.025647696817333,-0.0064102564102562765,-0.07051282051282048,-0.08974358974358965,-0.07692307692307687,-0.05128205128205121,-0.2628205128205129,-0.2948717948717949,-0.1346153846153847,0.019230769230769197,0.0512820512820512,0.0064102564102563875,-0.044871794871794934,-0.0705128205128206,-0.0705128205128206,-0.08333333333333337
2024-12-03,2667.89990234375,203580,22845,180735,0.8974358974358975,0.0448717948717948,0.9166666666666666,0.0177773824619802,0.0140250484012733,-0.0297487181440517,0.0123320942567755,0.0,-0.05128205128205132,-0.08333333333333337,-0.08333333333333337,-0.03205128205128216,-0.2628205128205129,-0.22435897435897442,-0.1474358974358975,0.0,0.0448717948717948,0.038461538461538436,-0.0064102564102566095,-0.05769230769230782,-0.06410256410256421,-0.08333333333333337
2024-12-10,2718.39990234375,218482,22404,196078,0.9423076923076924,0.0448717948717948,0.9615384615384616,0.0189287461480978,0.0370426321698786,0.0430111082436686,0.0147448585015967,0.038461538461538436,0.03205128205128216,-0.038461538461538436,-0.0576923076923076,0.044871794871794934,-0.006410256410256394,-0.2692307692307693,-0.1666666666666667,-0.012820512820512796,0.0448717948717948,0.044871794871794934,0.05128205128205132,-0.012820512820512886,-0.038461538461538436,-0.038461538461538436
2024-12-17,2662.0,201880,18378,183502,0.8846153846153846,0.032051282051282,0.9166666666666666,-0.0207474633497165,-0.0022114406685823,0.0117825921702774,-0.0354373675982987,-0.012820512820512886,-0.012820512820512886,-0.10256410256410264,-0.11538461538461542,-0.08333333333333337,-0.012820512820512803,-0.2756410256410257,-0.2435897435897436,-0.23076923076923078,0.0256410256410256,0.0,0.038461538461538436,-0.06410256410256421,-0.08333333333333337,-0.08333333333333337
2024-12-24,2635.5,186099,20602,165497,0.8525641025641025,0.0512820512820512,0.8846153846153846,-0.0099549211119459,-0.0304958451007429,0.0054171406963592,-0.0523534186270222,-0.08974358974358987,-0.05128205128205143,-0.12179487179487192,-0.14102564102564108,-0.10256410256410264,0.006410256410256394,0.0,-0.2948717948717949,-0.1346153846153847,0.044871794871794796,-0.07692307692307698,-0.03205128205128205,-0.07692307692307698,-0.10256410256410264,-0.10897435897435903
2024-12-31,2641.0,182128,15959,166169,0.8333333333333334,0.0064102564102564,0.8846153846153846,0.0020868905331057,-0.0078888054094665,-0.0100828004529399,-0.0395315682082144,-0.05128205128205121,-0.0641025641025641,-0.11538461538461542,-0.14743589743589747,-0.038461538461538436,-0.0256410256410256,-0.0384615384615384,-0.26282051282051283,-0.1858974358974359,-0.0064102564102564,-0.03205128205128205,-0.03205128205128205,-0.03846153846153866,-0.08974358974358987,-0.08974358974358987
2025-01-07,2665.39990234375,191873,14232,177641,0.8653846153846154,0.0,0.8846153846153846,0.0092388876727564,0.011345058753083,-0.0194967635020529,0.0226757673362274,0.012820512820512886,-0.07692307692307698,-0.04487179487179482,-0.11538461538461542,-0.10897435897435903,-0.0512820512820512,-0.0448717948717948,-0.3141025641025641,-0.2115384615384615,-0.032051282051282,0.0,-0.07692307692307698,-0.02564102564102566,-0.08974358974358987,-0.10256410256410264
2025-01-14,2682.300048828125,206968,11346,195622,0.9102564102564102,0.0,0.9551282051282052,0.0063405669331324,0.0156380343915656,0.0076258635717976,0.0194983081824875,0.07692307692307687,0.02564102564102566,0.012820512820512775,-0.07692307692307698,-0.08974358974358976,-0.0064102564102564,-0.032051282051282,-0.3076923076923077,-0.2756410256410256,-0.0897435897435897,0.0705128205128206,0.03846153846153855,0.07692307692307698,-0.02564102564102566,-0.04487179487179482
2025-01-21,2759.199951171875,226964,11095,215869,0.9551282051282052,0.0,0.9871794871794872,0.0286693885635005,0.0351917356737516,0.0469360467356763,0.0526074466009334,0.08974358974358976,0.10256410256410264,0.05128205128205121,-0.019230769230769273,-0.038461538461538436,0.0,-0.0512820512820512,-0.0512820512820512,-0.3461538461538461,-0.1538461538461538,0.10256410256410264,0.10256410256410264,0.0705128205128206,0.02564102564102566,-0.0064102564102563875
2025-01-28,2767.5,227871,17331,210540,0.9615384615384616,0.0512820512820512,0.9743589743589745,0.0030081360448703,0.0317637660294933,0.0478985232866338,0.0373327715814042,0.05128205128205132,0.1282051282051282,0.0641025641025641,0.012820512820512775,-0.012820512820512886,0.0512820512820512,0.044871794871794796,0.006410256410256394,-0.217948717948718,-0.08333333333333341,0.019230769230769273,0.08974358974358987,0.05769230769230782,0.05128205128205121,0.012820512820512886
2025-02-04,2875.800048828125,240485,30952,209533,0.9743589743589745,0.1923076923076923,0.967948717948718,0.0391328089713189,0.0422586618293929,0.0789375531601712,0.0579017628527236,0.019230769230769273,0.10897435897435903,0.03205128205128205,0.06410256410256421,0.03205128205128205,0.1923076923076923,0.1923076923076923,0.1474358974358975,-0.1217948717948718,0.12179487179487179,-0.019230769230769273,0.08333333333333337,0.0064102564102563875,0.05769230769230771,0.02564102564102555
2025-02-11,2932.60009765625,229071,34268,194803,0.9551282051282052,0.2756410256410256,0.9230769230769232,0.0197510424451348,0.0596567651874435,0.0933154547484271,0.1016529292472765,-0.0064102564102563875,0.044871794871794934,0.0705128205128206,0.05769230769230771,-0.038461538461538436,0.2243589743589744,0.2756410256410256,0.2435897435897436,-0.032051282051282104,0.2307692307692308,-0.05128205128205121,-0.03205128205128194,0.0064102564102566095,0.044871794871795045,-0.07051282051282037
2025-02-18,2949.0,222538,37209,185329,0.9294871794871796,0.358974358974359,0.8910256410256411,0.0055922736812485,0.0254537693612264,0.0687880734223389,0.1189527603870232,-0.04487179487179482,-0.02564102564102555,0.0769230769230771,0.02564102564102566,-0.07051282051282037,0.16666666666666669,0.358974358974359,0.30769230769230776,0.30769230769230776,0.2884615384615385,-0.07692307692307687,-0.09615384615384615,0.0064102564102564985,-0.02564102564102555,-0.10897435897435892
2025-02-25,2918.800048828125,212694,32882,179812,0.8846153846153846,0.2307692307692307,0.8589743589743589,-0.0102407430219989,-0.0047057383784288,0.0546702976795392,0.1051874474926637,-0.0705128205128206,-0.07692307692307698,0.05128205128205121,-0.012820512820512886,-0.10897435897435903,-0.04487179487179491,0.17948717948717952,0.2243589743589743,0.1858974358974359,0.2051282051282051,-0.06410256410256432,-0.11538461538461553,-0.02564102564102566,-0.05769230769230771,-0.14102564102564108
2025-03-04,2920.60009765625,204965,38307,166658,0.8653846153846154,0.4102564102564102,0.8333333333333334,0.0006167085096657,-0.0096303500657002,0.0155782905860859,0.095745555887541,-0.06410256410256421,-0.10897435897435903,0.0,-0.07692307692307698,-0.11538461538461542,0.05128205128205121,0.2179487179487179,0.4102564102564102,0.36538461538461536,0.3782051282051282,-0.05769230769230771,-0.13461538461538458,-0.05128205128205121,-0.1282051282051282,-0.15384615384615385
2025-03-11,2920.89990234375,204907,37331,167576,0.8589743589743589,0.3846153846153846,0.8333333333333334,0.0001026517419282,0.0007194235577967,-0.0039897002396783,0.0889534538165732,-0.02564102564102566,-0.09615384615384626,-0.05128205128205132,-0.02564102564102566,-0.12179487179487192,0.15384615384615388,0.10897435897435898,0.3846153846153846,0.3525641025641026,0.33974358974358976,-0.02564102564102555,-0.08974358974358987,-0.1217948717948718,-0.08333333333333326,-0.14743589743589747
2025-03-18,3040.800048828125,220879,37045,183834,0.9166666666666666,0.3653846153846153,0.8782051282051282,0.041049043271961,0.0411559087696853,0.0311292128952611,0.1020586048998188,0.05128205128205121,-0.012820512820512997,-0.03846153846153855,0.0641025641025641,-0.08333333333333337,-0.04487179487179488,0.006410256410256332,0.3653846153846153,0.3141025641025641,0.3076923076923077,0.04487179487179482,-0.012820512820512886,-0.10897435897435903,-0.0064102564102563875,-0.1217948717948718
2025-03-25,3025.89990234375,213505,38773,174732,0.8782051282051282,0.4423076923076923,0.8269230769230769,-0.0049000744031549,0.0359478255025951,0.0366931107729098,0.0933694317411923,0.019230769230769273,-0.0064102564102563875,-0.08333333333333337,0.04487179487179482,-0.1217948717948718,0.05769230769230771,0.2115384615384616,0.3910256410256411,0.4358974358974359,0.17948717948717952,-0.0064102564102564985,-0.03205128205128205,-0.14743589743589758,-0.05769230769230771,-0.17307692307692313
2025-04-01,3146.0,204833,62834,141999,0.8397435897435898,0.7051282051282052,0.6923076923076923,0.0396907040987128,0.0345961422923606,0.0771758867380134,0.0939564457139432,-0.07692307692307687,-0.02564102564102566,-0.1346153846153847,-0.02564102564102566,-0.15384615384615385,0.33974358974358987,0.294871794871795,0.5128205128205129,0.7051282051282052,0.5192307692307693,-0.1858974358974359,-0.14102564102564108,-0.27564102564102566,-0.1923076923076923,-0.29487179487179493
2025-04-08,2990.199951171875,175393,44407,130986,0.7307692307692307,0.4871794871794871,0.6538461538461539,-0.0495232195893594,-0.0117981269453835,0.0237255815485215,0.0196412233504523,-0.14743589743589747,-0.1282051282051282,-0.22435897435897445,-0.17948717948717952,-0.2500000000000001,0.04487179487179482,0.10256410256410253,0.2115384615384615,0.4871794871794871,0.2948717948717948,-0.17307692307692302,-0.17948717948717952,-0.2692307692307694,-0.3012820512820513,-0.3205128205128206
2025-04-15,3240.39990234375,168400,43546,124854,0.6474358974358975,0.4743589743589743,0.6346153846153846,0.0836733179243818,0.0300063262376828,0.0656405716622332,0.0988131238873346,-0.1923076923076923,-0.26923076923076916,-0.28205128205128216,-0.3076923076923077,-0.33333333333333337,-0.2307692307692309,0.10897435897435898,0.11538461538461531,0.4743589743589743,0.2628205128205128,-0.05769230769230771,-0.2435897435897436,-0.2564102564102565,-0.35256410256410264,-0.33974358974358987
2025-04-22,3419.39990234375,166360,45458,120902,0.6346153846153846,0.5064102564102564,0.6282051282051282,0.0552400954803544,0.143535535476037,0.1300439580619337,0.1715087861933577,-0.09615384615384615,-0.2435897435897436,-0.25,-0.326923076923077,-0.35256410256410264,0.019230769230769273,0.0641025641025641,0.27564102564102566,0.4551282051282052,0.23076923076923078,-0.02564102564102566,-0.19871794871794868,-0.23076923076923073,-0.34615384615384626,-0.35256410256410264
2025-04-29,3333.60009765625,150715,44820,105895,0.5897435897435898,0.5,0.5576923076923077,-0.0250920650224883,0.0287619423902245,0.0596313088544977,0.1414092947307055,-0.05769230769230771,-0.25,-0.27564102564102566,-0.3846153846153847,-0.3846153846153847,0.025641025641025716,-0.20512820512820518,0.08974358974358981,0.3076923076923077,0.1538461538461539,-0.07692307692307687,-0.13461538461538458,-0.27564102564102566,-0.41025641025641024,-0.40384615384615385
2025-05-06,3422.800048828125,144383,42292,102091,0.5641025641025641,0.4743589743589743,0.5256410256410257,0.0267578439401261,0.0009943693576304,0.1446726321718758,0.1718306560528304,-0.07051282051282048,-0.16666666666666663,-0.2948717948717948,-0.3910256410256411,-0.3846153846153847,-0.032051282051282104,-0.01282051282051283,0.0897435897435897,0.19871794871794868,0.20512820512820507,-0.10256410256410253,-0.1282051282051282,-0.3076923076923077,-0.3974358974358976,-0.3974358974358976
2025-05-13,3247.800048828125,144410,43183,101227,0.5641025641025641,0.4807692307692308,0.5192307692307693,-0.0511277309522989,-0.0257379548580072,0.002283713957349,0.0680741899092558,-0.02564102564102566,-0.08333333333333337,-0.35256410256410253,-0.36538461538461553,-0.34615384615384615,-0.019230769230769218,0.0064102564102564985,0.11538461538461547,0.1217948717948718,0.16666666666666669,-0.038461538461538436,-0.11538461538461531,-0.3589743589743589,-0.3717948717948718,-0.39102564102564097
2025-05-20,3284.60009765625,149149,41520,107629,0.5769230769230769,0.4615384615384615,0.5641025641025641,0.011330761831044,-0.040376285263637,-0.0394220648468477,0.0854952918674276,0.012820512820512775,-0.05769230769230771,-0.3012820512820513,-0.3076923076923077,-0.3205128205128206,-0.012820512820512775,-0.04487179487179488,0.019230769230769218,0.2307692307692308,0.1538461538461538,0.038461538461538436,-0.0641025641025641,-0.2628205128205128,-0.2948717948717948,-0.3141025641025641
2025-05-27,3300.39990234375,147502,36686,110816,0.5641025641025641,0.358974358974359,0.5961538461538461,0.004810267374337,0.0161955331993433,-0.0099592615610498,0.0490781634913382,0.0,-0.02564102564102566,-0.27564102564102566,-0.3012820512820513,-0.33974358974358987,-0.1217948717948718,-0.14102564102564102,-0.3461538461538462,-0.05128205128205121,0.30769230769230776,0.07692307692307687,0.038461538461538436,-0.09615384615384615,-0.23717948717948723,-0.3205128205128205
2025-06-03,3377.10009765625,159966,36384,123582,0.6153846153846154,0.3525641025641026,0.6282051282051282,0.0232396671864012,0.0281617235735953,-0.0133516274745647,0.1293893896067877,0.03846153846153855,0.05128205128205132,-0.11538461538461531,-0.2435897435897435,-0.28205128205128205,-0.10897435897435892,-0.1217948717948717,-0.13461538461538453,-0.03205128205128199,0.30769230769230776,0.0641025641025641,0.10256410256410253,-0.02564102564102566,-0.20512820512820518,-0.28846153846153844
2025-06-10,3343.39990234375,160680,36589,124091,0.6153846153846154,0.358974358974359,0.6282051282051282,-0.0099790335903541,0.0130287241765654,0.0294352645108553,0.0317862001926061,0.05128205128205132,0.05128205128205132,-0.03205128205128205,-0.3012820512820512,-0.326923076923077,0.0,-0.1217948717948718,-0.11538461538461531,-0.006410256410256332,0.31410256410256415,0.03205128205128205,0.10897435897435892,-0.0064102564102563875,-0.25,-0.33333333333333337
2025-06-17,3406.89990234375,167646,37135,130511,0.6346153846153846,0.391025641025641,0.6474358974358975,0.0189926427752438,0.008824080964666,0.0372343058671793,-0.0036556122000916,0.019230769230769162,0.05769230769230771,0.0,-0.2435897435897436,-0.25,0.038461538461538436,-0.07051282051282048,-0.11538461538461536,-0.051282051282051266,0.35897435897435903,0.019230769230769273,0.08333333333333337,0.019230769230769273,-0.1794871794871794,-0.26923076923076916
2025-06-24,3333.89990234375,163829,38701,125128,0.6153846153846154,0.4615384615384615,0.6282051282051282,-0.0214271044329128,-0.0028414189978711,0.0101502851143009,8.99342088784838e-05,0.0,0.05128205128205132,0.02564102564102566,-0.22435897435897434,-0.23717948717948711,0.10256410256410253,0.10256410256410253,-0.03846153846153849,-0.24358974358974367,0.4102564102564103,0.0,0.03205128205128205,0.07051282051282048,-0.0641025641025641,-0.2564102564102564
2025-07-01,3349.800048828125,165086,34726,130360,0.6217948717948718,0.3076923076923077,0.6346153846153846,0.0047692333153726,-0.0167600619778537,-0.0080838731570531,-0.0213275677686732,-0.012820512820512775,0.0064102564102563875,0.05769230769230771,-0.10897435897435892,-0.21153846153846156,-0.08333333333333331,-0.04487179487179488,-0.16666666666666657,-0.1794871794871794,0.3012820512820513,-0.012820512820512886,0.0064102564102563875,0.10897435897435892,-0.019230769230769273,-0.25
2025-07-08,3316.89990234375,164685,35743,128942,0.6089743589743589,0.3397435897435897,0.6282051282051282,-0.0098215254656421,-0.0050991332967281,-0.0079260635203773,0.021275895214226,-0.0064102564102564985,-0.0064102564102564985,0.04487179487179482,-0.03846153846153855,-0.2564102564102565,-0.1217948717948718,-0.019230769230769273,-0.14102564102564108,-0.13461538461538458,0.3397435897435897,0.0,0.0,0.10897435897435892,-0.0064102564102563875,-0.2564102564102564
2025-07-15,3336.699951171875,172657,35930,136727,0.6923076923076923,0.358974358974359,0.6730769230769231,0.0059694441831463,-0.0039107103305562,-0.0206052285608924,0.0158618559235874,0.07051282051282048,0.05769230769230771,0.11538461538461542,0.05769230769230771,-0.21794871794871795,0.051282051282051266,-0.03205128205128205,-0.10256410256410253,-0.1474358974358974,0.358974358974359,0.03846153846153855,0.02564102564102566,0.10897435897435903,0.044871794871794934,-0.28205128205128205
2025-07-22,3443.699951171875,194753,34819,159934,0.7948717948717948,0.3141025641025641,0.7756410256410257,0.0320676121814371,0.0382284821855876,0.0329344167624634,0.0434189955969765,0.1858974358974359,0.1794871794871794,0.23076923076923073,0.20512820512820507,-0.16025641025641035,-0.025641025641025605,-0.1474358974358974,-0.04487179487179488,-0.1858974358974359,0.3141025641025641,0.14743589743589747,0.14743589743589747,0.17948717948717952,0.21794871794871795,-0.21153846153846156
2025-07-29,3324.0,170918,36662,134256,0.6538461538461539,0.391025641025641,0.6410256410256411,-0.0347591116732285,-0.0038061412046997,-0.0077019668195272,-0.0157235782537515,-0.038461538461538436,0.03205128205128205,0.038461538461538436,0.08974358974358976,-0.3076923076923077,0.03205128205128205,0.08333333333333331,0.038461538461538436,-0.08333333333333326,0.3397435897435898,-0.03205128205128205,0.0064102564102564985,0.012820512820512886,0.11538461538461542,-0.33333333333333337
2025-08-05,3434.699951171875,186304,32317,153987,0.7692307692307693,0.2179487179487179,0.75,0.0333032344079047,-0.002613468109188,0.0355151051573447,0.0273075466575574,-0.02564102564102555,0.16025641025641035,0.15384615384615385,0.20512820512820518,-0.20512820512820518,-0.0961538461538462,-0.1217948717948718,-0.14102564102564108,-0.2628205128205129,0.025641025641025605,-0.02564102564102566,0.1217948717948718,0.1217948717948718,0.23076923076923073,-0.21794871794871795
2025-08-12,3399.0,182337,34050,148287,0.75,0.282051282051282,0.6987179487179487,-0.0103939067980871,0.0225631768953069,0.0186711570533169,-0.0023187949661553,0.09615384615384615,0.05769230769230771,0.11538461538461542,0.17307692307692313,-0.20512820512820518,-0.10897435897435903,-0.07692307692307698,-0.10897435897435903,-0.17948717948717952,0.0064102564102563875,0.0576923076923076,0.02564102564102555,0.05128205128205121,0.13461538461538458,-0.22435897435897456
2025-08-19,3358.699951171875,173388,36003,137385,0.6794871794871795,0.3846153846153846,0.6538461538461539,-0.011856442726721,-0.0221271147641498,-0.0246827543645534,0.0074387502788222,-0.08974358974358976,-0.11538461538461531,0.0641025641025641,0.11538461538461542,-0.2500000000000001,0.16666666666666669,0.07051282051282048,-0.07692307692307693,0.025641025641025605,0.025641025641025605,-0.09615384615384615,-0.1217948717948718,0.02564102564102566,0.05769230769230771,-0.23717948717948723
2025-08-26,3433.0,175494,33577,141917,0.7115384615384616,0.282051282051282,0.6666666666666666,0.0221216690708561,0.010002942041777,0.032791817087846,0.024837288781156,-0.038461538461538436,0.05769230769230771,0.08974358974358976,0.09615384615384615,-0.17307692307692302,0.0,-0.10897435897435903,-0.025641025641025716,-0.0705128205128206,0.051282051282051294,-0.03205128205128205,0.02564102564102555,0.03205128205128205,0.038461538461538436,-0.1923076923076923
2025-09-02,3592.199951171875,196127,34625,161502,0.7948717948717948,0.3269230769230769,0.782051282051282,0.0463734200908461,0.0695209466146358,0.0458555338862316,0.082999203151592,0.11538461538461531,0.02564102564102555,0.1858974358974359,0.1794871794871794,-0.0705128205128206,-0.057692307692307654,0.10897435897435903,-0.012820512820512775,-0.03205128205128205,-0.08333333333333326,0.1282051282051282,0.03205128205128205,0.15384615384615385,0.15384615384615385,-0.05128205128205132
2025-09-09,3682.199951171875,198907,35388,163519,0.8012820512820513,0.3653846153846153,0.7884615384615384,0.0250542846231707,0.0725895575799229,0.0833186087590101,0.1035454206419301,0.08974358974358976,0.05128205128205132,0.10897435897435903,0.16666666666666674,-0.0576923076923076,0.08333333333333331,0.08333333333333331,0.006410256410256332,-0.025641025641025716,-0.019230769230769273,0.1217948717948718,0.08974358974358976,0.11538461538461531,0.14102564102564097,-0.044871794871794934
2025-09-16,3725.10009765625,195347,36376,158971,0.782051282051282,0.4166666666666667,0.7564102564102564,0.011650683573205,0.0369968677386733,0.1090898716202783,0.081714478750861,-0.012820512820512775,0.10256410256410253,-0.012820512820512775,0.16666666666666663,-0.13461538461538458,0.08974358974358976,0.032051282051282104,0.10256410256410259,-0.04487179487179482,0.05128205128205138,-0.02564102564102566,0.10256410256410253,-0.019230769230769273,0.1282051282051282,-0.1217948717948718
2025-09-23,3815.699951171875,198826,38277,160549,0.7948717948717948,0.5128205128205128,0.7628205128205128,0.0243214547637602,0.0362554999104578,0.1114768281887197,0.1479241730360634,-0.0064102564102564985,0.08333333333333326,0.14102564102564097,0.17307692307692302,-0.08333333333333337,0.14743589743589747,0.23076923076923078,0.12179487179487175,0.20512820512820507,0.07051282051282048,-0.02564102564102566,0.09615384615384615,0.1217948717948717,0.1282051282051282,-0.0641025641025641
2025-09-30,3873.199951171875,184199,38972,145227,0.7243589743589743,0.5576923076923077,0.6602564102564102,0.0150693190596238,0.0397572815852131,0.078225044212344,0.1276676292642067,-0.05769230769230771,-0.07051282051282048,-0.044871794871794934,0.11538461538461542,-0.11538461538461542,0.14102564102564102,0.23076923076923078,0.3397435897435898,0.217948717948718,-0.14743589743589747,-0.09615384615384615,-0.1217948717948718,-0.08974358974358976,0.03205128205128205,-0.03205128205128205
2025-10-07,4004.39990234375,170587,40828,129759,0.5897435897435898,0.5769230769230769,0.5512820512820513,0.0338737872626946,0.0494535612303377,0.087502024725554,0.1781111804482935,-0.20512820512820507,-0.21153846153846156,-0.16025641025641024,-0.10256410256410253,-0.14102564102564097,0.0641025641025641,0.21153846153846156,0.2948717948717949,0.2179487179487179,0.08974358974358976,-0.21153846153846145,-0.23717948717948711,-0.14743589743589736,-0.1217948717948718,-0.10256410256410253
2025-10-14,4163.39990234375,152187,43877,108310,0.4679487179487179,0.6410256410256411,0.4423076923076923,0.0397063240129784,0.0749251148482721,0.1176612153223126,0.239586733816788,-0.25641025641025644,-0.31410256410256415,-0.21153846153846162,-0.3269230769230769,-0.17948717948717957,0.08333333333333337,0.2243589743589744,0.2564102564102565,0.326923076923077,0.1666666666666668,-0.21794871794871795,-0.3141025641025641,-0.21153846153846156,-0.33333333333333337,-0.1923076923076923
2025-10-21,4109.10009765625,135503,43276,92227,0.3461538461538461,0.6217948717948718,0.3397435897435897,-0.0130421784986189,0.0261462885490582,0.0768928768611028,0.196941479072604,-0.24358974358974367,-0.44871794871794873,-0.3653846153846155,-0.30769230769230776,-0.2884615384615385,0.044871794871794934,0.10897435897435903,0.3397435897435898,0.23076923076923078,0.11538461538461542,-0.21153846153846162,-0.4230769230769231,-0.3269230769230769,-0.3012820512820514,-0.2884615384615385
2025-10-28,3983.10009765625,138605,34446,104159,0.3653846153846153,0.3141025641025641,0.4038461538461538,-0.0306636482454802,-0.0433059059702628,0.0283745088995788,0.1088191503250961,-0.10256410256410259,-0.35897435897435903,-0.4294871794871795,-0.40384615384615397,-0.22435897435897445,-0.326923076923077,-0.2435897435897436,-0.01282051282051283,0.0961538461538462,-0.1858974358974359,-0.03846153846153849,-0.25641025641025644,-0.37820512820512825,-0.3461538461538462,-0.1538461538461539
2025-11-04,3960.5,130688,30143,100545,0.2948717948717949,0.1858974358974359,0.3653846153846153,-0.0056739969124924,-0.0361636597125021,-0.010962916645277,0.0755798306769177,-0.05128205128205121,-0.2948717948717949,-0.5064102564102564,-0.4551282051282051,-0.2692307692307692,-0.4358974358974359,-0.39102564102564097,-0.1794871794871794,-0.09615384615384609,-0.2884615384615384,0.025641025641025605,-0.18589743589743601,-0.42307692307692313,-0.33333333333333337,-0.16025641025641035
2025-11-10,4122.0,134155,30068,104087,0.3205128205128205,0.1858974358974359,0.3974358974358974,0.0407776795859109,0.0348723102453494,-0.0099437727133644,0.1065474462266049,-0.04487179487179482,-0.1474358974358974,-0.46153846153846156,-0.35897435897435903,-0.2435897435897436,-0.1282051282051282,-0.4551282051282052,-0.23076923076923078,-0.19871794871794868,-0.2948717948717949,-0.0064102564102563875,-0.04487179487179488,-0.358974358974359,-0.25641025641025644,-0.12179487179487186
2025-11-18,4066.5,130222,32017,98205,0.2756410256410256,0.2243589743589743,0.3461538461538461,-0.0134643377001455,0.0267642974371922,-0.0103672572202726,0.0657284514080043,-0.019230769230769273,-0.07051282051282048,-0.5192307692307692,-0.43589743589743596,-0.30128205128205127,0.03846153846153841,-0.39743589743589747,-0.28846153846153844,-0.05769230769230768,-0.2371794871794872,-0.019230769230769218,0.0064102564102563875,-0.4166666666666667,-0.32051282051282054,-0.217948717948718
2025-11-25,4140.0,136979,27670,109309,0.3461538461538461,0.1602564102564102,0.4487179487179487,0.018074511250461,0.0043668122270741,0.0393914033031892,0.0688836239263614,0.025641025641025605,-0.019230769230769218,-0.37820512820512825,-0.44871794871794873,-0.217948717948718,-0.025641025641025716,-0.1538461538461539,-0.3974358974358975,-0.16666666666666674,-0.1987179487179488,0.051282051282051266,0.04487179487179488,-0.21153846153846156,-0.33333333333333337,-0.14743589743589747
2025-12-02,4220.7998046875,140143,19819,120324,0.3782051282051282,0.0705128205128205,0.5,0.0195168610356279,0.0379441300104512,0.0657239754292386,0.0540405323197348,0.10256410256410259,0.08333333333333331,-0.21153846153846156,-0.42307692307692313,-0.23717948717948723,-0.1538461538461538,-0.1153846153846154,-0.5064102564102564,-0.2948717948717948,-0.2820512820512821,0.1538461538461539,0.1346153846153847,-0.05128205128205132,-0.28846153846153844,-0.1282051282051282
2025-12-09,4236.2001953125,143383,19835,123548,0.3974358974358974,0.0769230769230769,0.5064102564102564,0.0036486901387497,0.0232367621527778,0.0277050449569384,0.0174857795735086,0.05128205128205132,0.07692307692307693,-0.07051282051282048,-0.38461538461538464,-0.217948717948718,-0.08333333333333329,-0.108974358974359,-0.5641025641025642,-0.33974358974358976,-0.28205128205128205,0.05769230769230771,0.10897435897435898,0.0641025641025641,-0.25,-0.1217948717948718
2025-12-16,4332.2998046875,152873,20277,132596,0.4743589743589743,0.0961538461538461,0.5769230769230769,0.022685332360198,0.0264167942474247,0.0653632865332596,0.0543183913087341,0.09615384615384609,0.19871794871794868,0.1282051282051282,-0.32051282051282054,-0.1602564102564103,0.025641025641025605,-0.1282051282051282,-0.5256410256410257,-0.4166666666666667,-0.29487179487179493,0.07692307692307687,0.23076923076923078,0.23717948717948717,-0.1858974358974359,-0.0705128205128206
2025-12-23,4505.7001953125,160581,24311,136270,0.5,0.1346153846153846,0.6025641025641025,0.0400250209917103,0.0636183342558294,0.0883333805102657,0.131204359630269,0.10256410256410259,0.1538461538461539,0.1346153846153847,-0.22435897435897434,-0.11538461538461542,0.05769230769230771,-0.025641025641025578,-0.1794871794871795,-0.42307692307692313,-0.32692307692307687,0.09615384615384615,0.15384615384615385,0.19871794871794873,-0.05769230769230771,-0.02564102564102566
2025-12-30,4386.2998046875,148642,22602,126040,0.4294871794871794,0.1153846153846153,0.5192307692307693,-0.026499852508877,0.0124645113298882,0.0392105780085092,0.1075116285033455,-0.04487179487179488,0.05128205128205121,0.13461538461538453,-0.16025641025641035,-0.1923076923076924,0.01923076923076919,0.044871794871794796,-0.07051282051282061,-0.46153846153846156,-0.1923076923076924,-0.0576923076923076,0.019230769230769273,0.15384615384615397,-0.03205128205128205,-0.11538461538461531
2026-01-06,4496.10009765625,146445,23232,123213,0.4102564102564102,0.1346153846153846,0.4807692307692308,0.0250325554243715,-0.0021306561111716,0.0613521293519929,0.0907569378108321,-0.08974358974358981,0.012820512820512775,0.0897435897435897,-0.05769230769230771,-0.19871794871794873,0.0,0.05769230769230771,-0.051282051282051294,-0.5064102564102565,-0.2051282051282051,-0.12179487179487175,-0.025641025641025605,0.08333333333333337,0.03846153846153849,-0.1474358974358974
2026-01-13,4599.10009765625,158825,24080,134745,0.4807692307692308,0.141025641025641,0.5833333333333334,0.0229087426353546,0.0485147624294484,0.0615839865653053,0.1309726048582933,0.05128205128205138,0.0064102564102564985,0.20512820512820518,0.1346153846153847,-0.2115384615384615,0.025641025641025703,0.04487179487179489,-0.08333333333333331,-0.48076923076923084,-0.21794871794871798,0.0641025641025641,0.0064102564102564985,0.23717948717948728,0.24358974358974367,-0.08974358974358976
2026-01-20,4765.7998046875,163668,26224,137444,0.5128205128205128,0.1923076923076923,0.6153846153846154,0.0362461576159653,0.0599852541476646,0.057726790088163,0.1511593731129226,0.10256410256410259,0.012820512820512775,0.16666666666666669,0.14743589743589747,-0.28205128205128205,0.05769230769230768,0.05769230769230768,0.032051282051282104,-0.1217948717948718,-0.1217948717948718,0.13461538461538464,0.012820512820512886,0.16666666666666674,0.21153846153846162,-0.16025641025641024
2026-01-27,5082.60009765625,143321,25162,118159,0.3525641025641026,0.1666666666666666,0.4487179487179487,0.0664736887724815,0.1051292621890087,0.1587443457979402,0.2041793813607693,-0.1282051282051282,-0.07692307692307682,-0.025641025641025605,0.05769230769230771,-0.30128205128205127,0.025641025641025605,0.05128205128205131,0.0961538461538461,-0.0192307692307693,-0.22435897435897442,-0.1346153846153847,-0.0705128205128206,-0.05128205128205132,0.08333333333333337,-0.1923076923076924
2026-02-03,4935.0,118936,26864,92072,0.1474358974358974,0.2051282051282051,0.2435897435897435,-0.029040273643467,0.0355030010169707,0.0976179117036433,0.1649591078015495,-0.36538461538461536,-0.2628205128205128,-0.25,-0.17307692307692307,-0.6217948717948718,0.012820512820512803,0.07051282051282048,0.1282051282051282,0.01923076923076919,-0.012820512820512803,-0.3717948717948719,-0.23717948717948728,-0.2628205128205129,-0.1538461538461539,-0.5064102564102565
2026-02-10,5031.0,119232,27210,92022,0.1474358974358974,0.2115384615384615,0.2371794871794871,0.019452887537994,-0.010152303282732,0.0939096547526441,0.1612769722345888,-0.20512820512820518,-0.33333333333333337,-0.32692307692307687,-0.1282051282051282,-0.6025641025641026,0.04487179487179491,0.07051282051282051,0.1153846153846154,-0.012820512820512803,-0.07051282051282048,-0.2115384615384616,-0.34615384615384626,-0.33974358974358976,-0.108974358974359,-0.46153846153846156
2026-02-17,4905.89990234375,123011,27118,95893,0.1858974358974359,0.2115384615384615,0.2756410256410256,-0.0248658512534784,-0.0058966763234549,0.0293969749880076,0.0888207580805304,0.03846153846153849,-0.32692307692307687,-0.3141025641025641,-0.1602564102564102,-0.4935897435897436,0.006410256410256415,0.019230769230769218,0.0769230769230769,0.05128205128205132,-0.17307692307692307,0.032051282051282104,-0.3397435897435898,-0.3269230769230769,-0.17307692307692307,-0.37820512820512825
2026-02-24,5176.2998046875,121233,25259,95974,0.1666666666666666,0.173076923076923,0.2756410256410256,0.0551172889227864,0.0288808993614588,0.0184353884293313,0.1801062479030166,0.01923076923076919,-0.185897435897436,-0.2628205128205128,-0.2115384615384616,-0.5448717948717949,-0.03846153846153852,0.0064102564102563875,0.057692307692307696,0.10256410256410249,-0.108974358974359,0.03846153846153852,-0.17307692307692307,-0.24358974358974367,-0.2243589743589744,-0.391025641025641
2026-03-03,5123.7001953125,123456,25539,97917,0.1923076923076923,0.1858974358974359,0.2756410256410256,-0.0101616234298035,0.0443955843584777,0.0382371216438703,0.1395876613119464,0.0064102564102563875,0.04487179487179488,-0.2179487179487179,-0.20512820512820512,-0.6025641025641025,-0.025641025641025605,-0.01923076923076919,0.051282051282051294,0.108974358974359,-0.14102564102564102,0.0,0.032051282051282104,-0.20512820512820518,-0.23076923076923078,-0.5064102564102564
2026-03-10,5242.10009765625,125077,26678,98399,0.2051282051282051,0.2179487179487179,0.282051282051282,0.023108280701527,0.0127118396251244,0.0419598683474955,0.1398099598501192,0.03846153846153849,0.05769230769230768,-0.27564102564102566,-0.26923076923076916,-0.5961538461538463,0.04487179487179491,0.0064102564102563875,0.0769230769230769,0.12179487179487179,-0.1474358974358974,0.0064102564102563875,0.04487179487179491,-0.3012820512820514,-0.2948717948717949,-0.5064102564102564
2026-03-17,5008.2001953125,130147,28104,102043,0.2179487179487179,0.2628205128205128,0.3012820512820512,-0.0446195032499144,-0.0225423025542491,0.0208525031095472,0.0508624786099034,0.025641025641025605,0.03205128205128199,-0.2948717948717949,-0.2820512820512821,-0.5641025641025641,0.07692307692307687,0.051282051282051266,0.07051282051282048,0.12820512820512817,-0.1538461538461539,0.025641025641025605,0.025641025641025605,-0.3141025641025642,-0.3012820512820513,-0.4551282051282052
2026-03-24,4402.0,119562,27941,91621,0.1217948717948717,0.2628205128205128,0.2051282051282051,-0.121041526231296,-0.1602602167081586,-0.149585579256116,-0.1339078590837977,-0.0833333333333334,-0.04487179487179491,-0.2307692307692309,-0.3076923076923077,-0.6730769230769231,0.04487179487179488,0.08974358974358979,0.09615384615384617,0.14743589743589747,-0.25,-0.0769230769230769,-0.07051282051282051,-0.24358974358974358,-0.3141025641025642,-0.5576923076923077
2026-03-31,4647.60009765625,120092,27278,92814,0.1282051282051282,0.25,0.2307692307692307,0.0557928436293162,-0.0720019335476562,-0.0929211467313833,-0.0582370622783687,-0.0897435897435897,-0.0641025641025641,-0.019230769230769218,-0.282051282051282,-0.5961538461538461,-0.012820512820512775,0.0641025641025641,0.04487179487179491,0.11538461538461539,-0.3076923076923077,-0.07051282051282051,-0.04487179487179491,-0.012820512820512803,-0.2500000000000001,-0.4294871794871795
2026-04-07,4684.7001953125,120726,30694,90032,0.1474358974358974,0.3269230769230769,0.2051282051282051,0.0079826355273036,0.0642208530923444,-0.1063314114495761,-0.0688331951277082,0.025641025641025716,-0.05769230769230768,0.0,-0.33333333333333337,-0.44230769230769235,0.06410256410256415,0.10897435897435903,0.11538461538461542,0.18589743589743593,-0.24999999999999994,0.0,-0.0769230769230769,-0.03205128205128199,-0.3782051282051283,-0.34615384615384626
2026-04-14,4850.10009765625,125422,30281,95141,0.2243589743589743,0.3205128205128205,0.2564102564102564,0.0353064007189294,0.0435708743749529,-0.0315682463740618,-0.0113740202201928,0.09615384615384612,0.006410256410256415,0.03846153846153841,-0.28846153846153844,-0.24358974358974358,0.07051282051282048,0.05769230769230771,0.10897435897435898,0.1282051282051282,-0.3205128205128206,0.02564102564102569,-0.04487179487179482,-0.019230769230769218,-0.35897435897435903,-0.1858974358974359
2026-04-21,4719.60009765625,123681,30705,92976,0.2051282051282051,0.3333333333333333,0.2435897435897435,-0.0269066611765522,0.0074497621808693,0.0721490453558042,-0.0882289906426355,0.05769230769230768,0.0833333333333334,0.03846153846153849,-0.1474358974358975,-0.141025641025641,0.0064102564102563875,0.07051282051282054,0.16025641025641033,0.1666666666666667,-0.2884615384615385,0.03846153846153841,0.03846153846153841,-0.032051282051282104,-0.20512820512820518,-0.0961538461538462
2026-04-28,4608.39990234375,122257,32505,89752,0.173076923076923,0.3782051282051282,0.2051282051282051,-0.0235613596515776,-0.0498340633071261,-0.0084345026441212,-0.1005719057177039,-0.05128205128205132,0.044871794871794796,-0.0192307692307693,0.025641025641025578,-0.19230769230769232,0.05769230769230771,0.1282051282051282,0.1923076923076923,0.1730769230769231,0.0641025641025641,-0.051282051282051294,-0.025641025641025605,-0.07051282051282051,-0.03846153846153841,-0.1987179487179487
2026-05-05,4568.5,123353,29099,94254,0.2051282051282051,0.2884615384615384,0.2692307692307692,-0.0086580815878104,-0.032015445065205,-0.0248041903361861,-0.1284981372174517,0.0,0.05769230769230768,0.0,0.05769230769230768,-0.08974358974358979,-0.044871794871794934,-0.03846153846153855,0.07051282051282048,0.07692307692307687,0.10256410256410248,0.025641025641025716,0.06410256410256412,-0.012820512820512775,0.03205128205128213,-0.09615384615384609
2026-05-12,4686.7001953125,127242,29227,98015,0.25,0.2948717948717949,0.3141025641025641,0.0258728675303709,0.016990776544572,-0.0336900061965135,-0.0641947181546201,0.07692307692307701,0.02564102564102569,0.032051282051282104,0.0641025641025641,-0.07051282051282048,-0.08333333333333331,-0.025641025641025605,0.032051282051282104,0.08333333333333337,0.10897435897435898,0.108974358974359,0.05769230769230771,0.012820512820512886,0.03846153846153849,-0.08333333333333331
2026-05-19,4511.2001953125,122894,29354,93540,0.1858974358974359,0.3012820512820512,0.2628205128205128,-0.0374463892901726,-0.0125423672293969,-0.0441562628255816,0.0248069503208767,-0.01923076923076919,-0.01923076923076919,0.06410256410256421,0.0192307692307693,-0.0897435897435897,0.01282051282051283,-0.032051282051282104,0.038461538461538436,0.12820512820512822,0.0769230769230769,-0.006410256410256443,0.019230769230769273,0.05769230769230768,-0.01282051282051283,-0.08333333333333331
2026-05-26,4502.2998046875,124277,26831,97446,0.2371794871794871,0.2243589743589743,0.3012820512820512,-0.0019729540343272,-0.0393454633196789,-0.0230231967504143,-0.031263510180668,-0.012820512820512914,0.0641025641025641,0.10897435897435889,0.044871794871794796,-0.108974358974359,-0.07051282051282057,-0.15384615384615388,-0.02564102564102569,0.03846153846153841,0.06410256410256412,-0.012820512820512886,0.09615384615384612,0.07051282051282051,0.025641025641025605,-0.14743589743589747
2026-06-02,4519.89990234375,129367,17188,112179,0.2628205128205128,0.0512820512820512,0.4294871794871794,0.0039091349798443,0.0019284684018876,-0.0106380863863959,-0.0351784076030412,0.07692307692307687,0.05769230769230768,0.11538461538461536,0.05769230769230768,-0.11538461538461542,-0.25,-0.23717948717948717,-0.2756410256410257,-0.16666666666666669,-0.0192307692307693,0.16666666666666663,0.1602564102564102,0.2243589743589743,0.1474358974358974,-0.0705128205128206
2026-06-09,4286.39990234375,126280,20417,105863,0.25,0.1089743589743589,0.358974358974359,-0.0516604360815425,-0.0479532487194587,-0.0854119692505867,-0.1162244456737915,0.012820512820512914,0.0,0.02564102564102569,0.032051282051282104,-0.1474358974358974,-0.1153846153846154,-0.18589743589743596,-0.21153846153846156,-0.15384615384615385,0.03205128205128201,0.057692307692307765,0.04487179487179488,0.10256410256410259,0.057692307692307765,-0.1474358974358974
2026-06-16,4354.39990234375,128043,14322,113721,0.2564102564102564,0.0192307692307692,0.4294871794871794,0.0158641287675511,-0.0366158551241768,-0.0347579992419042,-0.0773794787176689,-0.0064102564102563875,0.07051282051282048,0.051282051282051294,0.1346153846153847,-0.2179487179487179,-0.03205128205128199,-0.282051282051282,-0.3141025641025641,-0.24358974358974358,-0.0769230769230769,0.0,0.16666666666666663,0.1858974358974359,0.2243589743589743,-0.14743589743589747
2026-06-23,4149.39990234375,131102,15707,115395,0.2884615384615384,0.032051282051282,0.4423076923076923,-0.0470788178847926,-0.0319615535463898,-0.0783821419391782,-0.0996007312140079,0.03846153846153838,0.051282051282051294,0.11538461538461539,0.1602564102564102,-0.21153846153846162,-0.0769230769230769,-0.19230769230769232,-0.3461538461538462,-0.217948717948718,-0.10256410256410262,0.08333333333333331,0.14102564102564108,0.2371794871794872,0.2115384615384616,-0.16025641025641024
2026-06-30,4038.5,134577,14486,120091,0.3141025641025641,0.0256410256410256,0.4487179487179487,-0.0267267327695046,-0.0725472876695861,-0.1065067618188014,-0.1160118200722337,0.05769230769230771,0.05128205128205132,0.108974358974359,0.16666666666666669,-0.11538461538461531,0.006410256410256398,-0.0256410256410256,-0.2628205128205128,-0.3012820512820513,-0.0897435897435897,0.019230769230769273,0.019230769230769273,0.17948717948717946,0.24358974358974358,-0.0705128205128206
2026-07-07,4157.39990234375,134941,18780,116161,0.3141025641025641,0.0961538461538461,0.4358974358974359,0.0294416001841648,0.0019279896342314,-0.0300951854560896,-0.1129366656519101,0.025641025641025716,0.0641025641025641,0.0641025641025641,0.08974358974358979,-0.09615384615384609,0.0641025641025641,-0.012820512820512803,-0.1987179487179488,-0.2243589743589744,-0.038461538461538505,-0.0064102564102563875,0.07692307692307693,0.1217948717948718,0.17948717948717952,-0.04487179487179488
2026-07-14,4069.699951171875,136905,16126,120779,0.3205128205128205,0.0512820512820512,0.4551282051282051,-0.021094903841806,0.0077256286175251,-0.065382132453805,-0.0978675795854459,0.0064102564102563875,0.0641025641025641,0.13461538461538458,0.11538461538461539,-0.1602564102564103,0.0256410256410256,0.03205128205128199,-0.25,-0.2820512820512821,-0.0897435897435898,0.006410256410256443,0.025641025641025716,0.19230769230769235,0.21153846153846162,-0.12820512820512825
2026-07-21,4076.39990234375,141487,16656,124831,0.358974358974359,0.0641025641025641,0.4871794871794871,0.0016463010178295,-0.0194833313856422,-0.0175929054123625,-0.0945960777423864,0.04487179487179488,0.0705128205128206,0.12179487179487189,0.185897435897436,-0.1538461538461538,-0.03205128205128201,0.0320512820512821,-0.16025641025641021,-0.3141025641025641,-0.1282051282051282,0.05128205128205121,0.04487179487179482,0.1858974358974359,0.28205128205128205,-0.1282051282051283
2026-07-28,4038.699951171875,135093,15298,119795,0.3076923076923077,0.032051282051282,0.4294871794871794,-0.0092483446362068,-0.0076172691775652,4.951124721430666e-05,-0.1064625238542016,-0.012820512820512775,-0.0064102564102563875,0.044871794871794934,0.10256410256410262,-0.04487179487179488,-0.019230769230769197,0.006410256410256401,-0.019230769230769197,-0.2564102564102564,-0.1346153846153846,-0.025641025641025716,-0.019230769230769273,0.0,0.1602564102564102,-0.019230769230769273
2026-08-04,4152.60009765625,139809,9043,130766,0.3333333333333333,0.0,0.5448717948717948,0.028202180865485,0.0186930127411415,-0.0011545208063323,-0.0312149607446425,-0.02564102564102566,0.019230769230769218,0.08333333333333331,0.08333333333333331,0.1858974358974359,-0.0641025641025641,-0.0961538461538461,-0.1089743589743589,-0.2948717948717949,-0.2051282051282051,0.05769230769230771,0.10897435897435892,0.18589743589743585,0.23076923076923073,0.3012820512820513
2026-08-11,4441.10009765625,148634,10972,137662,0.4102564102564102,0.0064102564102564,0.6153846153846154,0.0694745444336986,0.0996360589668499,0.0912598351083424,0.0199109400277714,0.10256410256410248,0.0897435897435897,0.1538461538461538,0.22435897435897428,0.2628205128205128,-0.0256410256410256,-0.044871794871794796,-0.012820512820512801,-0.2948717948717948,-0.20512820512820512,0.18589743589743601,0.1602564102564103,0.18589743589743601,0.35256410256410264,0.3782051282051283
2026-08-18,4420.60009765625,154595,12947,141648,0.4615384615384615,0.0256410256410256,0.6217948717948718,-0.0046159734185722,0.0645378783647527,0.0844372984884529,0.0653588956705077,0.1282051282051282,0.10256410256410253,0.17307692307692313,0.22435897435897442,0.2756410256410256,0.0256410256410256,-0.0384615384615385,-0.006410256410256401,-0.1987179487179487,-0.1858974358974359,0.07692307692307698,0.1346153846153847,0.17948717948717952,0.3205128205128206,0.3461538461538462
2026-08-25,4694.5,159819,15072,144747,0.4743589743589743,0.0512820512820512,0.6538461538461539,0.0619598914837304,0.0570579128530517,0.1623789973894538,0.1624365482233503,0.0641025641025641,0.16666666666666657,0.1602564102564102,0.2115384615384615,0.3076923076923077,0.044871794871794796,0.019230769230769197,0.0256410256410256,0.0,-0.12179487179487179,0.038461538461538436,0.22435897435897445,0.20512820512820518,0.22435897435897445,0.37820512820512825
2026-09-01,4396.39990234375,149721,12950,136771,0.4166666666666667,0.032051282051282,0.5833333333333334,-0.0634998610408457,-0.0054744140564378,0.0587101572398223,0.0574878543354135,-0.04487179487179482,0.08333333333333337,0.10256410256410259,0.16666666666666669,0.2243589743589744,0.006410256410256401,0.032051282051282,-0.0641025641025641,-0.0769230769230769,-0.1538461538461539,-0.038461538461538436,0.03846153846153855,0.14743589743589747,0.2243589743589744,0.30769230769230776
2026-09-08,4439.0,145804,10832,134972,0.3717948717948718,0.0064102564102564,0.5512820512820513,0.0096897685839587,-0.0544253914154861,-0.0004728778028124,0.0907438025552189,-0.10256410256410248,-0.03846153846153838,0.05128205128205132,0.11538461538461542,0.1666666666666667,-0.044871794871794796,0.0,-0.044871794871794796,-0.012820512820512801,-0.2115384615384615,-0.10256410256410253,-0.0641025641025641,0.0961538461538462,0.12179487179487192,0.26923076923076933
2026-09-15,4332.7998046875,142394,9278,133116,0.3269230769230769,0.0064102564102564,0.5256410256410257,-0.023924351275625,-0.0144664041190485,-0.0198616230894309,0.0628986136017546,-0.08974358974358976,-0.13461538461538458,-0.03205128205128205,0.03846153846153855,0.10897435897435903,-0.0256410256410256,-0.019230769230769197,-0.057692307692307696,-0.0256410256410256,-0.2564102564102564,-0.05769230769230771,-0.09615384615384615,0.03846153846153855,0.08333333333333337,0.22435897435897445
2026-09-22,4376.39990234375,135699,8310,127389,0.2692307692307692,0.0,0.4679487179487179,0.0100627999496032,-0.0141022972868326,-0.0677601656526254,0.0836160039752118,-0.10256410256410259,-0.20512820512820507,-0.03846153846153849,-0.04487179487179488,0.14743589743589752,-0.0064102564102564,-0.0512820512820512,-0.032051282051282,-0.0256410256410256,-0.2628205128205128,-0.08333333333333343,-0.18589743589743596,0.03846153846153849,0.019230769230769218,0.2628205128205128
2026-09-29,4179.7001953125,131711,11393,120318,0.2179487179487179,0.0448717948717948,0.3846153846153846,-0.0449455514624952,-0.0353350296058837,-0.0492902629070949,0.0065260552470596,-0.10897435897435903,-0.1987179487179488,-0.11538461538461542,-0.0961538461538462,0.0897435897435897,0.0384615384615384,0.012820512820512803,0.0448717948717948,-0.0512820512820513,-0.2051282051282052,-0.14102564102564108,-0.1987179487179488,-0.16025641025641024,-0.05128205128205132,0.15384615384615388
