date,gold_close,long_baseline_8w,long_candidate_26w,long_baseline_candidate_delta,short_baseline_8w,short_candidate_2w,short_candidate_4w,short_candidate_fast_avg,short_baseline_candidate_delta,net_baseline_8w,net_candidate_26w,net_baseline_candidate_delta,long_alignment_status,short_alignment_status,net_alignment_status,overall_velocity_reading,mm_structure_state
2009-09-01,954.7000122070312,,,,,,,,,,,,MIXED_OR_UNCLEAR,MIXED_OR_UNCLEAR,MIXED_OR_UNCLEAR,MIXED_STRUCTURE,MM_STRUCTURE_NEUTRAL
2009-09-08,997.9000244140624,,,,,,,,,,,,MIXED_OR_UNCLEAR,MIXED_OR_UNCLEAR,MIXED_OR_UNCLEAR,MIXED_STRUCTURE,MM_STRUCTURE_NEUTRAL
2009-09-15,1005.0,,,,,,,,,,,,MIXED_OR_UNCLEAR,MIXED_OR_UNCLEAR,MIXED_OR_UNCLEAR,MIXED_STRUCTURE,MM_STRUCTURE_NEUTRAL
2009-09-22,1014.2000122070312,,,,,,,,,,,,MIXED_OR_UNCLEAR,MIXED_OR_UNCLEAR,MIXED_OR_UNCLEAR,MIXED_STRUCTURE,MM_STRUCTURE_NEUTRAL
2009-09-29,993.0999755859376,,,,,,,,,,,,MIXED_OR_UNCLEAR,MIXED_OR_UNCLEAR,MIXED_OR_UNCLEAR,MIXED_STRUCTURE,MM_STRUCTURE_NEUTRAL
2009-10-06,1038.5999755859375,,,,,,,,,,,,MIXED_OR_UNCLEAR,MIXED_OR_UNCLEAR,MIXED_OR_UNCLEAR,MIXED_STRUCTURE,MM_STRUCTURE_NEUTRAL
2009-10-13,1064.199951171875,,,,,,,,,,,,MIXED_OR_UNCLEAR,MIXED_OR_UNCLEAR,MIXED_OR_UNCLEAR,MIXED_STRUCTURE,MM_STRUCTURE_NEUTRAL
2009-10-20,1057.800048828125,,,,,,,,,,,,MIXED_OR_UNCLEAR,MIXED_OR_UNCLEAR,MIXED_OR_UNCLEAR,MIXED_STRUCTURE,MM_STRUCTURE_NEUTRAL
2009-10-27,1034.699951171875,,,,,,,,,,,,MIXED_OR_UNCLEAR,MIXED_OR_UNCLEAR,MIXED_OR_UNCLEAR,MIXED_STRUCTURE,MM_STRUCTURE_NEUTRAL
2009-11-03,1084.300048828125,,,,,,,,,,,,MIXED_OR_UNCLEAR,MIXED_OR_UNCLEAR,MIXED_OR_UNCLEAR,MIXED_STRUCTURE,MM_STRUCTURE_NEUTRAL
2009-11-09,1100.800048828125,,,,,,,,,,,,MIXED_OR_UNCLEAR,MIXED_OR_UNCLEAR,MIXED_OR_UNCLEAR,MIXED_STRUCTURE,MM_STRUCTURE_NEUTRAL
2009-11-17,1138.800048828125,,,,,,,,,,,,MIXED_OR_UNCLEAR,MIXED_OR_UNCLEAR,MIXED_OR_UNCLEAR,MIXED_STRUCTURE,MM_STRUCTURE_NEUTRAL
2009-11-24,1165.5,,,,,,,,,,,,MIXED_OR_UNCLEAR,MIXED_OR_UNCLEAR,MIXED_OR_UNCLEAR,MIXED_STRUCTURE,MM_STRUCTURE_NEUTRAL
2009-12-01,1199.0999755859375,,,,,,,,,,,,MIXED_OR_UNCLEAR,MIXED_OR_UNCLEAR,MIXED_OR_UNCLEAR,MIXED_STRUCTURE,MM_STRUCTURE_NEUTRAL
2009-12-08,1142.800048828125,,,,,,,,,,,,MIXED_OR_UNCLEAR,MIXED_OR_UNCLEAR,MIXED_OR_UNCLEAR,MIXED_STRUCTURE,MM_STRUCTURE_NEUTRAL
2009-12-15,1122.4000244140625,,,,,,,,,,,,MIXED_OR_UNCLEAR,MIXED_OR_UNCLEAR,MIXED_OR_UNCLEAR,MIXED_STRUCTURE,MM_STRUCTURE_NEUTRAL
2009-12-22,1086.0,,,,,,,,,,,,MIXED_OR_UNCLEAR,MIXED_OR_UNCLEAR,MIXED_OR_UNCLEAR,MIXED_STRUCTURE,MM_STRUCTURE_NEUTRAL
2009-12-29,1097.0,,,,,,,,,,,,MIXED_OR_UNCLEAR,MIXED_OR_UNCLEAR,MIXED_OR_UNCLEAR,MIXED_STRUCTURE,MM_STRUCTURE_NEUTRAL
2010-01-05,1118.0999755859375,,,,,,,,,,,,MIXED_OR_UNCLEAR,MIXED_OR_UNCLEAR,MIXED_OR_UNCLEAR,MIXED_STRUCTURE,MM_STRUCTURE_NEUTRAL
2010-01-12,1128.9000244140625,,,,,,,,,,,,MIXED_OR_UNCLEAR,MIXED_OR_UNCLEAR,MIXED_OR_UNCLEAR,MIXED_STRUCTURE,MM_STRUCTURE_NEUTRAL
2010-01-19,1139.699951171875,,,,,,,,,,,,MIXED_OR_UNCLEAR,MIXED_OR_UNCLEAR,MIXED_OR_UNCLEAR,MIXED_STRUCTURE,MM_STRUCTURE_NEUTRAL
2010-01-26,1097.9000244140625,,,,,,,,,,,,MIXED_OR_UNCLEAR,MIXED_OR_UNCLEAR,MIXED_OR_UNCLEAR,MIXED_STRUCTURE,MM_STRUCTURE_NEUTRAL
2010-02-02,1117.4000244140625,,,,,0.0636363636363636,,0.0636363636363636,,,,,MIXED_OR_UNCLEAR,MIXED_OR_UNCLEAR,MIXED_OR_UNCLEAR,MIXED_STRUCTURE,MM_STRUCTURE_NEUTRAL
2010-02-09,1076.699951171875,,,,,0.19047619047619047,,0.19047619047619047,,,,,MIXED_OR_UNCLEAR,MIXED_OR_UNCLEAR,MIXED_OR_UNCLEAR,MIXED_STRUCTURE,MM_STRUCTURE_NEUTRAL
2010-02-16,1119.300048828125,,,,,0.05303030303030298,0.1166666666666665,0.08484848484848474,,,,,MIXED_OR_UNCLEAR,MIXED_OR_UNCLEAR,MIXED_OR_UNCLEAR,MIXED_STRUCTURE,MM_STRUCTURE_NEUTRAL
2010-02-23,1102.699951171875,,,,,-0.48,-0.2895238095238095,-0.38476190476190475,,,,,MIXED_OR_UNCLEAR,MIXED_OR_UNCLEAR,MIXED_OR_UNCLEAR,MIXED_STRUCTURE,MM_STRUCTURE_NEUTRAL
2010-03-02,1136.9000244140625,,,,,-0.6089743589743589,-0.5559440559440559,-0.5824592074592074,,,,,MIXED_OR_UNCLEAR,MIXED_OR_UNCLEAR,MIXED_OR_UNCLEAR,MIXED_STRUCTURE,MM_STRUCTURE_NEUTRAL
2010-03-09,1122.0,,,,,-0.4088888888888889,-0.8888888888888888,-0.6488888888888888,,,,,MIXED_OR_UNCLEAR,MIXED_OR_UNCLEAR,MIXED_OR_UNCLEAR,MIXED_STRUCTURE,MM_STRUCTURE_NEUTRAL
2010-03-16,1122.199951171875,-0.0571428571428571,,,-0.3714285714285715,0.12087912087912078,-0.4880952380952381,-0.18360805860805865,-0.18782051282051285,,,,MIXED_OR_UNCLEAR,SAME_DIRECTION_NEGATIVE,MIXED_OR_UNCLEAR,MIXED_STRUCTURE,MM_STRUCTURE_NEUTRAL
2010-03-23,1103.5,-0.0131362889983579,,,0.0525451559934317,0.7509578544061302,0.3420689655172413,0.5465134099616857,-0.49396825396825406,,,,MIXED_OR_UNCLEAR,SAME_DIRECTION_POSITIVE,MIXED_OR_UNCLEAR,MIXED_STRUCTURE,MM_STRUCTURE_NEUTRAL
2010-03-30,1104.5,-0.0909090909090909,,,-0.1303030303030303,0.3047619047619048,0.4256410256410255,0.3652014652014651,-0.49550449550449543,,,,MIXED_OR_UNCLEAR,BASELINE_NEGATIVE_CANDIDATE_POSITIVE,MIXED_OR_UNCLEAR,MIXED_STRUCTURE,MM_STRUCTURE_NEUTRAL
2010-04-06,1135.0999755859375,0.214586255259467,,,-0.5806451612903225,-0.44271412680756395,0.3082437275985663,-0.06723519960449884,-0.5134099616858236,,,,MIXED_OR_UNCLEAR,SAME_DIRECTION_NEGATIVE,MIXED_OR_UNCLEAR,MIXED_STRUCTURE,MM_STRUCTURE_NEUTRAL
2010-04-13,1152.800048828125,0.3854166666666667,,,-0.9166666666666666,-0.7333333333333333,-0.4285714285714285,-0.5809523809523809,-0.33571428571428574,,,,MIXED_OR_UNCLEAR,SAME_DIRECTION_NEGATIVE,MIXED_OR_UNCLEAR,MIXED_STRUCTURE,MM_STRUCTURE_NEUTRAL
2010-04-20,1138.5999755859375,0.3345454545454545,,,-0.0351515151515151,0.06549364613880743,-0.3772204806687564,-0.1558634172649745,0.12071190211345939,,,,MIXED_OR_UNCLEAR,SAME_DIRECTION_NEGATIVE,MIXED_OR_UNCLEAR,MIXED_STRUCTURE,MM_STRUCTURE_NEUTRAL
2010-04-27,1161.699951171875,0.4841628959276018,,,-0.1606334841628959,0.1470588235294117,-0.5862745098039215,-0.2196078431372549,0.05897435897435899,,,,MIXED_OR_UNCLEAR,SAME_DIRECTION_NEGATIVE,MIXED_OR_UNCLEAR,MIXED_STRUCTURE,MM_STRUCTURE_NEUTRAL
2010-05-04,1168.5999755859375,0.6232804232804233,,,0.8031746031746032,0.42943722943722956,0.4949308755760368,0.4621840525066332,0.34099055066797,,,,MIXED_OR_UNCLEAR,SAME_DIRECTION_POSITIVE,MIXED_OR_UNCLEAR,MIXED_STRUCTURE,MM_STRUCTURE_NEUTRAL
2010-05-11,1219.9000244140625,0.746031746031746,,,0.1547619047619048,0.4362745098039217,0.5833333333333334,0.5098039215686275,-0.35504201680672276,,,,MIXED_OR_UNCLEAR,SAME_DIRECTION_POSITIVE,MIXED_OR_UNCLEAR,MIXED_STRUCTURE,MM_STRUCTURE_NEUTRAL
2010-05-18,1214.300048828125,0.8844361602982294,,,-0.4296365330848088,-0.48185328185328197,-0.0524160524160524,-0.26713466713466716,-0.16250186595014166,,,,MIXED_OR_UNCLEAR,SAME_DIRECTION_NEGATIVE,MIXED_OR_UNCLEAR,MIXED_STRUCTURE,MM_STRUCTURE_NEUTRAL
2010-05-25,1197.800048828125,0.6578947368421053,,,-0.0228070175438596,0.1271929824561403,0.5634674922600619,0.3453302373581011,-0.3681372549019607,,,,MIXED_OR_UNCLEAR,BASELINE_NEGATIVE_CANDIDATE_POSITIVE,MIXED_OR_UNCLEAR,MIXED_STRUCTURE,MM_STRUCTURE_NEUTRAL
2010-06-01,1224.800048828125,0.3573200992555831,,,-0.3167907361455748,-0.3298683298683299,-0.8117216117216117,-0.5707949707949709,0.2540042346493961,,,,MIXED_OR_UNCLEAR,SAME_DIRECTION_NEGATIVE,MIXED_OR_UNCLEAR,MIXED_STRUCTURE,MM_STRUCTURE_NEUTRAL
2010-06-08,1244.0,0.2312499999999999,,,0.2,-0.5105263157894737,-0.3833333333333333,-0.4469298245614035,0.6469298245614035,,,,MIXED_OR_UNCLEAR,BASELINE_POSITIVE_CANDIDATE_NEGATIVE,MIXED_OR_UNCLEAR,MIXED_STRUCTURE,MM_STRUCTURE_NEUTRAL
2010-06-15,1233.199951171875,0.2527716186252771,,,-0.4116777531411678,-0.029393370856785506,-0.3592617007251154,-0.19432753579095044,-0.21735021735021734,,,,MIXED_OR_UNCLEAR,SAME_DIRECTION_NEGATIVE,MIXED_OR_UNCLEAR,MIXED_STRUCTURE,MM_STRUCTURE_NEUTRAL
2010-06-22,1239.9000244140625,0.1330532212885153,,,-0.0518207282913165,-0.1047619047619048,-0.6152882205513784,-0.36002506265664164,0.3082043343653251,,,,MIXED_OR_UNCLEAR,SAME_DIRECTION_NEGATIVE,MIXED_OR_UNCLEAR,MIXED_STRUCTURE,MM_STRUCTURE_NEUTRAL
2010-06-29,1242.0,-0.0039867109634551,,,-0.6817275747508306,0.1593874078275667,0.1299940369707811,0.1446907223991739,-0.8264182971500045,,,,MIXED_OR_UNCLEAR,BASELINE_NEGATIVE_CANDIDATE_POSITIVE,MIXED_OR_UNCLEAR,MIXED_STRUCTURE,MM_STRUCTURE_NEUTRAL
2010-07-06,1194.800048828125,-0.6161616161616161,,,0.3939393939393939,0.882034632034632,0.7772727272727273,0.8296536796536796,-0.4357142857142857,,,,MIXED_OR_UNCLEAR,SAME_DIRECTION_POSITIVE,MIXED_OR_UNCLEAR,MIXED_STRUCTURE,MM_STRUCTURE_NEUTRAL
2010-07-13,1213.300048828125,-0.6522522522522523,,,0.3453453453453453,0.5452196382428941,0.7046070460704608,0.6249133421566775,-0.2795679968113322,,,,MIXED_OR_UNCLEAR,SAME_DIRECTION_POSITIVE,MIXED_OR_UNCLEAR,MIXED_STRUCTURE,MM_STRUCTURE_NEUTRAL
2010-07-20,1191.5,-0.5491990846681922,-0.09130434782608701,-0.45789473684210524,0.2894736842105263,0.022727272727272818,0.9047619047619048,0.4637445887445888,-0.17427090453406247,,,,SAME_DIRECTION_NEGATIVE,SAME_DIRECTION_POSITIVE,MIXED_OR_UNCLEAR,MIXED_STRUCTURE,MM_STRUCTURE_NEUTRAL
2010-07-27,1158.0,-0.530278232405892,0.0374873353596758,-0.5677655677655677,0.8761593016912166,0.20094562647754144,0.7461652647204354,0.47355544559898843,0.40260385609222815,,,,BASELINE_NEGATIVE_CANDIDATE_POSITIVE,SAME_DIRECTION_POSITIVE,MIXED_OR_UNCLEAR,MIXED_STRUCTURE,MM_STRUCTURE_NEUTRAL
2010-08-03,1185.199951171875,-0.575,0.0340909090909091,-0.609090909090909,0.7375,-0.0625,-0.0397727272727272,-0.051136363636363605,0.7886363636363637,,,,BASELINE_NEGATIVE_CANDIDATE_POSITIVE,BASELINE_POSITIVE_CANDIDATE_NEGATIVE,MIXED_OR_UNCLEAR,MIXED_STRUCTURE,MM_STRUCTURE_NEUTRAL
2010-08-10,1196.199951171875,-0.5644599303135889,0.09937888198757759,-0.6638388123011665,0.7431557989049279,-0.1623968736430743,0.0385487528344671,-0.06192406040430361,0.8050798593092315,,,,BASELINE_NEGATIVE_CANDIDATE_POSITIVE,BASELINE_POSITIVE_CANDIDATE_NEGATIVE,MIXED_OR_UNCLEAR,MIXED_STRUCTURE,MM_STRUCTURE_NEUTRAL
2010-08-17,1226.5999755859375,-0.5095238095238095,0.21666666666666667,-0.7261904761904762,0.1847619047619048,-0.6575,-0.72,-0.68875,0.8735119047619048,,,,BASELINE_NEGATIVE_CANDIDATE_POSITIVE,BASELINE_POSITIVE_CANDIDATE_NEGATIVE,MIXED_OR_UNCLEAR,MIXED_STRUCTURE,MM_STRUCTURE_NEUTRAL
2010-08-24,1231.800048828125,-0.2576379388964889,0.3898039215686274,-0.6474418604651163,0.1203830369357045,-0.4633853541416567,-0.6257822277847309,-0.5445837909631939,0.6649668278988984,,,,BASELINE_NEGATIVE_CANDIDATE_POSITIVE,BASELINE_POSITIVE_CANDIDATE_NEGATIVE,MIXED_OR_UNCLEAR,MIXED_STRUCTURE,MM_STRUCTURE_NEUTRAL
2010-08-31,1248.300048828125,0.458041958041958,0.5384615384615384,-0.08041958041958042,-0.5734265734265734,0.12384615384615377,-0.5336538461538461,-0.2049038461538462,-0.3685227272727273,,,,SAME_DIRECTION_POSITIVE,SAME_DIRECTION_NEGATIVE,MIXED_OR_UNCLEAR,MIXED_STRUCTURE,MM_STRUCTURE_NEUTRAL
2010-09-07,1257.300048828125,0.5069182389937108,0.6254367575122293,-0.11851851851851847,-0.3815513626834381,0.04328523862375139,-0.4201001155179052,-0.1884074384470769,-0.19314392423636118,,,,SAME_DIRECTION_POSITIVE,SAME_DIRECTION_NEGATIVE,MIXED_OR_UNCLEAR,MIXED_STRUCTURE,MM_STRUCTURE_NEUTRAL
2010-09-14,1269.699951171875,0.8172302737520128,0.7830687830687832,0.0341614906832296,-0.3518518518518518,0.24430199430199434,0.3681481481481481,0.30622507122507125,-0.658076923076923,,,,SAME_DIRECTION_POSITIVE,BASELINE_NEGATIVE_CANDIDATE_POSITIVE,MIXED_OR_UNCLEAR,MIXED_STRUCTURE,MM_STRUCTURE_NEUTRAL
2010-09-21,1272.4000244140625,0.7148936170212766,0.7655172413793104,-0.0506236243580338,-0.6150870406189555,-0.032590051457976,0.0106951871657753,-0.01094743214610035,-0.6041396084728551,,,,SAME_DIRECTION_POSITIVE,SAME_DIRECTION_NEGATIVE,MIXED_OR_UNCLEAR,MIXED_STRUCTURE,MM_STRUCTURE_NEUTRAL
2010-09-28,1306.5999755859375,0.8392857142857143,0.9642857142857144,-0.1250000000000001,-0.3660714285714286,-0.07671957671957674,0.1675824175824175,0.04543142043142037,-0.41150284900284895,,,,SAME_DIRECTION_POSITIVE,BASELINE_NEGATIVE_CANDIDATE_POSITIVE,MIXED_OR_UNCLEAR,MIXED_STRUCTURE,MM_STRUCTURE_NEUTRAL
2010-10-05,1338.9000244140625,0.786967418546366,0.6717600452744765,0.11520737327188946,-0.0619405656999642,0.3907496012759171,0.358159549817941,0.37445457554692907,-0.43639514124689327,,,,SAME_DIRECTION_POSITIVE,BASELINE_NEGATIVE_CANDIDATE_POSITIVE,MIXED_OR_UNCLEAR,MIXED_STRUCTURE,MM_STRUCTURE_NEUTRAL
2010-10-12,1345.699951171875,0.6827586206896552,0.5140086206896552,0.16874999999999996,0.5993103448275862,0.3078817733990148,0.231162196679438,0.2695219850392264,0.32978835978835974,,,,SAME_DIRECTION_POSITIVE,SAME_DIRECTION_POSITIVE,MIXED_OR_UNCLEAR,MIXED_STRUCTURE,MM_STRUCTURE_NEUTRAL
2010-10-19,1335.0999755859375,0.2529079428381522,0.30816640986132515,-0.05525846702317294,0.5962113659022932,0.19476657746060067,0.5855161787365177,0.3901413780985592,0.20606998780373398,0.114102564102564,,,SAME_DIRECTION_POSITIVE,SAME_DIRECTION_POSITIVE,MIXED_OR_UNCLEAR,MIXED_STRUCTURE,MM_STRUCTURE_NEUTRAL
2010-10-26,1338.0,-0.214102564102564,-0.15980392156862744,-0.05429864253393657,0.5461538461538461,0.07068965517241377,0.3785714285714285,0.22463054187192114,0.321523304281925,-0.2415712960098979,,,SAME_DIRECTION_NEGATIVE,SAME_DIRECTION_POSITIVE,MIXED_OR_UNCLEAR,MIXED_STRUCTURE,MM_STRUCTURE_LONG_LIQUIDATION
2010-11-02,1356.4000244140625,-0.2162078564800496,-0.21405152224824364,-0.0021563342318059453,0.5873801422827095,0.03445401500416778,0.2292205924647684,0.1318373037344681,0.4555428385482414,-0.3584229390681004,,,SAME_DIRECTION_NEGATIVE,SAME_DIRECTION_POSITIVE,MIXED_OR_UNCLEAR,MIXED_STRUCTURE,MM_STRUCTURE_LONG_LIQUIDATION
2010-11-09,1409.800048828125,-0.4420549581839904,-0.40501792114695334,-0.037037037037037035,0.3357228195937873,0.033870967741935654,0.1045606229143493,0.06921579532814248,0.2665070242656448,-0.5757575757575759,,,SAME_DIRECTION_NEGATIVE,SAME_DIRECTION_POSITIVE,MIXED_OR_UNCLEAR,MIXED_STRUCTURE,MM_STRUCTURE_LONG_LIQUIDATION
2010-11-16,1338.300048828125,-0.5460317460317461,-0.6649506649506651,0.11891891891891904,0.6046176046176046,-0.015352589123080795,0.0191014258810868,0.0018744183790030018,0.6027431862386016,-0.6138392857142857,,,SAME_DIRECTION_NEGATIVE,SAME_DIRECTION_POSITIVE,MIXED_OR_UNCLEAR,MIXED_STRUCTURE,MM_STRUCTURE_LONG_LIQUIDATION
2010-11-23,1377.5,-0.6986607142857143,-0.3922697368421053,-0.306390977443609,0.3660714285714286,-0.04637096774193561,-0.0124999999999999,-0.029435483870967755,0.39550691244239633,-0.7802968960863698,,,SAME_DIRECTION_NEGATIVE,BASELINE_POSITIVE_CANDIDATE_NEGATIVE,MIXED_OR_UNCLEAR,MIXED_STRUCTURE,MM_STRUCTURE_LONG_LIQUIDATION
2010-11-30,1385.0,-0.6375168690958164,-0.3230769230769231,-0.3144399460188933,0.1379217273954116,-0.07594627594627601,-0.0912988650693568,-0.08362257050781641,0.221544297903228,-0.6389759665621735,,,SAME_DIRECTION_NEGATIVE,BASELINE_POSITIVE_CANDIDATE_NEGATIVE,MIXED_OR_UNCLEAR,MIXED_STRUCTURE,MM_STRUCTURE_LONG_LIQUIDATION
2010-12-07,1408.300048828125,-0.6645768025078369,-0.3818181818181818,-0.2827586206896551,-0.0914315569487983,-0.14962121212121215,-0.1959921798631476,-0.17280669599217988,0.08137513904338158,-0.635719706551986,,,SAME_DIRECTION_NEGATIVE,SAME_DIRECTION_NEGATIVE,MIXED_OR_UNCLEAR,MIXED_STRUCTURE,MM_STRUCTURE_LONG_LIQUIDATION
2010-12-14,1403.5999755859375,-0.5836073867948394,-0.5282125955587914,-0.05539479123604796,-0.0536301543131798,0.003214695752009167,-0.0727315801942667,-0.03475844222112877,-0.018871712092051032,-0.4568627450980392,,,SAME_DIRECTION_NEGATIVE,SAME_DIRECTION_NEGATIVE,MIXED_OR_UNCLEAR,MIXED_STRUCTURE,MM_STRUCTURE_LONG_LIQUIDATION
2010-12-21,1388.199951171875,-0.3696078431372549,-0.6624649859943978,0.2928571428571429,-0.0235294117647058,0.1385918003565063,-0.0110294117647058,0.06378119429590026,-0.08731060606060606,-0.344975053456878,,,SAME_DIRECTION_NEGATIVE,BASELINE_NEGATIVE_CANDIDATE_POSITIVE,MIXED_OR_UNCLEAR,MIXED_STRUCTURE,MM_STRUCTURE_LONG_LIQUIDATION
2010-12-28,1405.199951171875,-0.3544784984556901,-0.5645433097404786,0.2100648112847885,-0.0995485863625563,-0.01146441704520873,-0.0082497212931995,-0.009857069169204116,-0.08969151719335218,-0.2336405529953917,,,SAME_DIRECTION_NEGATIVE,SAME_DIRECTION_NEGATIVE,MIXED_OR_UNCLEAR,MIXED_STRUCTURE,MM_STRUCTURE_LONG_LIQUIDATION
2011-01-04,1378.5,-0.3410138248847926,-0.1298701298701299,-0.21114369501466268,-0.0267281105990783,0.030672268907563027,0.1692640692640693,0.09996816908581617,-0.12669627968489447,-0.2347417840375587,,,SAME_DIRECTION_NEGATIVE,BASELINE_NEGATIVE_CANDIDATE_POSITIVE,MIXED_OR_UNCLEAR,MIXED_STRUCTURE,MM_STRUCTURE_LONG_LIQUIDATION
2011-01-11,1384.0,-0.2257992398837469,-0.2384976525821596,0.012698412698412709,0.0317460317460317,0.1159420289855072,0.1044776119402984,0.11020982046290281,-0.07846378871687111,-0.1579861111111112,,,SAME_DIRECTION_NEGATIVE,SAME_DIRECTION_POSITIVE,MIXED_OR_UNCLEAR,MIXED_STRUCTURE,MM_STRUCTURE_LONG_LIQUIDATION
2011-01-18,1368.0999755859375,-0.2378472222222222,-0.08091787439613529,-0.15692934782608692,0.0625,0.042857142857142816,0.0735294117647058,0.05819327731092431,0.004306722689075691,-0.1709167544783983,,,SAME_DIRECTION_NEGATIVE,SAME_DIRECTION_POSITIVE,MIXED_OR_UNCLEAR,MIXED_STRUCTURE,MM_STRUCTURE_LONG_LIQUIDATION
2011-01-25,1332.300048828125,-0.2512118018967334,-0.0440104925677645,-0.2072013093289689,0.0939936775553212,-0.013698630136986356,0.1022433988485208,0.04427238435576722,0.049721293199553984,-0.2305487305487305,,,SAME_DIRECTION_NEGATIVE,SAME_DIRECTION_POSITIVE,MIXED_OR_UNCLEAR,MIXED_STRUCTURE,MM_STRUCTURE_LONG_LIQUIDATION
2011-02-01,1339.5999755859375,-0.3181818181818182,-0.125,-0.19318181818181818,0.1850941850941851,-0.027027027027026973,0.0158301158301158,-0.005598455598455586,0.1906926406926407,-0.3000995024875622,,,SAME_DIRECTION_NEGATIVE,BASELINE_POSITIVE_CANDIDATE_NEGATIVE,MIXED_OR_UNCLEAR,MIXED_STRUCTURE,MM_STRUCTURE_LONG_LIQUIDATION
2011-02-08,1363.4000244140625,-0.1257711442786069,-0.08952380952380949,-0.0362473347547974,0.0244776119402985,-0.0663013698630136,-0.0799999999999999,-0.07315068493150675,0.09762829687180526,-0.1106811145510836,,,SAME_DIRECTION_NEGATIVE,BASELINE_POSITIVE_CANDIDATE_NEGATIVE,MIXED_OR_UNCLEAR,MIXED_STRUCTURE,MM_STRUCTURE_LONG_LIQUIDATION
2011-02-15,1373.5999755859375,-0.0286377708978328,-0.1815789473684211,0.1529411764705883,-0.1238390092879256,-0.17034139402560455,-0.1973684210526315,-0.18385490753911804,0.06001589825119244,0.0254093732354602,,,SAME_DIRECTION_NEGATIVE,SAME_DIRECTION_NEGATIVE,MIXED_OR_UNCLEAR,MIXED_STRUCTURE,MM_STRUCTURE_SHORT_COVERING_RALLY
2011-02-22,1400.5,0.1477507999247129,-0.15915457091927682,0.3069053708439897,0.0120459250894032,-0.02389610389610397,-0.0901974737591175,-0.05704678882761074,0.06909271391701394,0.0835164835164835,-0.25000000000000006,0.33351648351648355,BASELINE_POSITIVE_CANDIDATE_NEGATIVE,BASELINE_POSITIVE_CANDIDATE_NEGATIVE,BASELINE_POSITIVE_CANDIDATE_NEGATIVE,MEDIUM_TERM_STRUCTURE_WEAKENING,MM_STRUCTURE_NEUTRAL
2011-03-01,1430.699951171875,0.3443223443223443,-0.2435897435897436,0.5879120879120879,-0.2648351648351649,-0.11032388663967618,-0.2806652806652807,-0.19549458365247843,-0.06934058118268646,0.3697628810839721,-0.24862670169572487,0.618389582779697,BASELINE_POSITIVE_CANDIDATE_NEGATIVE,SAME_DIRECTION_NEGATIVE,BASELINE_POSITIVE_CANDIDATE_NEGATIVE,MEDIUM_TERM_STRUCTURE_WEAKENING,MM_STRUCTURE_ACCUMULATION
2011-03-08,1426.9000244140625,0.4148689605990372,-0.33054693097683313,0.7454158915758704,-0.4050632911392405,-0.3011671872431366,-0.3250632911392406,-0.3131152391911886,-0.09194805194805189,0.4361111111111112,-0.3277777777777778,0.7638888888888891,BASELINE_POSITIVE_CANDIDATE_NEGATIVE,SAME_DIRECTION_NEGATIVE,BASELINE_POSITIVE_CANDIDATE_NEGATIVE,MEDIUM_TERM_STRUCTURE_WEAKENING,MM_STRUCTURE_ACCUMULATION
2011-03-15,1392.5999755859375,0.3597222222222222,-0.5384259259259261,0.8981481481481484,-0.2375,0.07019230769230766,-0.0401315789473685,0.015030364372469584,-0.25253036437246956,0.3443260612210383,-0.5510662177328846,0.8953922789539228,BASELINE_POSITIVE_CANDIDATE_NEGATIVE,BASELINE_NEGATIVE_CANDIDATE_POSITIVE,BASELINE_POSITIVE_CANDIDATE_NEGATIVE,MEDIUM_TERM_STRUCTURE_WEAKENING,MM_STRUCTURE_ACCUMULATION
2011-03-22,1427.5,0.2922374429223744,-0.46666666666666673,0.7589041095890412,-0.8504989007272112,-0.45913423972495704,-0.7603014269680937,-0.6097178333465254,-0.24078106738068583,0.3754119973632169,-0.38327526132404177,0.7586872586872586,BASELINE_POSITIVE_CANDIDATE_NEGATIVE,SAME_DIRECTION_NEGATIVE,BASELINE_POSITIVE_CANDIDATE_NEGATIVE,MEDIUM_TERM_STRUCTURE_WEAKENING,MM_STRUCTURE_LOW_PARTICIPATION
2011-03-29,1416.0,0.4512195121951219,-0.5130662020905925,0.9642857142857144,-0.8876071193144365,-0.6771341463414635,-0.6069418386491557,-0.6420379924953097,-0.2455691268191268,0.4926907630522088,-0.45888818431621226,0.9515789473684211,BASELINE_POSITIVE_CANDIDATE_NEGATIVE,SAME_DIRECTION_NEGATIVE,BASELINE_POSITIVE_CANDIDATE_NEGATIVE,MEDIUM_TERM_STRUCTURE_WEAKENING,MM_STRUCTURE_ACCUMULATION
2011-04-05,1451.800048828125,0.6454618473895583,-0.23102938068061718,0.8764912280701754,-0.6428915662650603,0.1413059645991373,-0.3178282751258197,-0.08826115526334119,-0.5546304110017191,0.62468671679198,-0.20607553366174058,0.8307622504537205,BASELINE_POSITIVE_CANDIDATE_NEGATIVE,SAME_DIRECTION_NEGATIVE,BASELINE_POSITIVE_CANDIDATE_NEGATIVE,MEDIUM_TERM_STRUCTURE_WEAKENING,MM_STRUCTURE_ACCUMULATION
2011-04-12,1452.9000244140625,0.5006265664160401,-0.3637110016420362,0.8643375680580763,-0.4216791979949875,0.2955865272938444,-0.381547619047619,-0.04298054587688732,-0.37869865211810017,0.4676852559205501,-0.3256231306081755,0.7933083865287256,BASELINE_POSITIVE_CANDIDATE_NEGATIVE,SAME_DIRECTION_NEGATIVE,BASELINE_POSITIVE_CANDIDATE_NEGATIVE,MEDIUM_TERM_STRUCTURE_WEAKENING,MM_STRUCTURE_ACCUMULATION
2011-04-19,1494.5,0.4140565317035904,0.001994017946161497,0.4120625137574289,-0.8137509549274254,-0.1947554925584692,-0.0534495279593318,-0.1241025102589005,-0.6896484446685249,0.5447227191413238,0.18062015503875972,0.36410256410256403,SAME_DIRECTION_POSITIVE,SAME_DIRECTION_NEGATIVE,SAME_DIRECTION_POSITIVE,MEDIUM_TERM_PARTICIPATION_BUILDING,MM_STRUCTURE_ACCUMULATION
2011-04-26,1503.0,0.0942158616577221,0.06472868217054262,0.02948717948717948,-0.5295169946332736,-0.2181616832779623,0.077424844015882,-0.07036841963104015,-0.4591485750022335,0.1638294776662302,0.15677407198040333,0.007055405685826882,SAME_DIRECTION_POSITIVE,SAME_DIRECTION_NEGATIVE,SAME_DIRECTION_POSITIVE,MEDIUM_TERM_PARTICIPATION_BUILDING,MM_STRUCTURE_ACCUMULATION
2011-05-03,1540.0999755859375,0.1086861632474902,-0.005652911249293346,0.11433907449678354,0.1177069693001601,0.630290736984449,0.4355352444259798,0.5329129907052144,-0.41520602140505425,0.0727272727272727,0.10337243401759533,-0.03064516129032263,BASELINE_POSITIVE_CANDIDATE_NEGATIVE,SAME_DIRECTION_POSITIVE,SAME_DIRECTION_POSITIVE,SHORT_TERM_RECOVERY_MEDIUM_TERM_UNCONFIRMED,MM_STRUCTURE_NEUTRAL
2011-05-10,1516.5999755859375,0.0102272727272726,-0.08614369501466279,0.09637096774193539,-0.0693181818181817,0.5303911205073997,0.3122294372294373,0.4213102788684185,-0.49062846068660015,0.0464696906644472,0.07116104868913858,-0.024691358024691384,BASELINE_POSITIVE_CANDIDATE_NEGATIVE,BASELINE_NEGATIVE_CANDIDATE_POSITIVE,SAME_DIRECTION_POSITIVE,SHORT_TERM_RECOVERY_MEDIUM_TERM_UNCONFIRMED,MM_STRUCTURE_ACCUMULATION
2011-05-17,1479.800048828125,-0.0749063670411984,0.004458712323880898,-0.07936507936507929,0.3922874185046469,-0.18455379052047016,0.4457369464639788,0.13059157797175433,0.2616958405328925,-0.1246612466124661,0.10590277777777779,-0.23056402439024387,BASELINE_NEGATIVE_CANDIDATE_POSITIVE,SAME_DIRECTION_POSITIVE,BASELINE_NEGATIVE_CANDIDATE_POSITIVE,MEDIUM_TERM_PARTICIPATION_BUILDING,MM_STRUCTURE_LONG_LIQUIDATION
2011-05-24,1523.199951171875,-0.0401084010840108,0.1454861111111111,-0.1855945121951219,0.770189701897019,0.16237373737373728,0.692764857881137,0.4275692976274371,0.34262040426958185,-0.1543757447371904,0.16703296703296708,-0.3214087117701575,BASELINE_NEGATIVE_CANDIDATE_POSITIVE,SAME_DIRECTION_POSITIVE,BASELINE_NEGATIVE_CANDIDATE_POSITIVE,MEDIUM_TERM_PARTICIPATION_BUILDING,MM_STRUCTURE_LONG_LIQUIDATION
2011-05-31,1535.9000244140625,-0.23725671918443,0.16923076923076918,-0.4064874884151992,0.3822322256057195,0.13125077170020993,-0.0533030188202602,0.03897387643997487,0.34325834916574466,-0.2556935817805383,0.1772068511198946,-0.4329004329004329,BASELINE_NEGATIVE_CANDIDATE_POSITIVE,SAME_DIRECTION_POSITIVE,BASELINE_NEGATIVE_CANDIDATE_POSITIVE,MEDIUM_TERM_PARTICIPATION_BUILDING,MM_STRUCTURE_LONG_LIQUIDATION
2011-06-07,1543.300048828125,-0.0538302277432712,0.2470355731225296,-0.30086580086580084,0.0973084886128364,-0.3772946859903381,-0.2149209486166008,-0.29610781730346947,0.3934163059163059,-0.0428842504743832,0.26721232546942714,-0.31009657594381035,BASELINE_NEGATIVE_CANDIDATE_POSITIVE,BASELINE_POSITIVE_CANDIDATE_NEGATIVE,BASELINE_NEGATIVE_CANDIDATE_POSITIVE,MEDIUM_TERM_PARTICIPATION_BUILDING,MM_STRUCTURE_LONG_LIQUIDATION
2011-06-14,1523.800048828125,-0.3023402909550917,0.2832611137859091,-0.5856014047410008,0.552055660974067,-0.024932057190121704,0.1063187145100882,0.04069332865998325,0.5113623323140838,-0.3671449777337952,0.2703379224030037,-0.6374829001367989,BASELINE_NEGATIVE_CANDIDATE_POSITIVE,SAME_DIRECTION_POSITIVE,BASELINE_NEGATIVE_CANDIDATE_POSITIVE,MEDIUM_TERM_PARTICIPATION_BUILDING,MM_STRUCTURE_LONG_LIQUIDATION
2011-06-21,1546.0,0.15264720435428,0.5869837296620777,-0.43433652530779765,0.2840178129638792,-0.03145235892691961,-0.4087470449172576,-0.2200997019220886,0.5041175148859678,0.0730792498487598,0.5748283752860412,-0.5017491254372815,SAME_DIRECTION_POSITIVE,BASELINE_POSITIVE_CANDIDATE_NEGATIVE,SAME_DIRECTION_POSITIVE,MEDIUM_TERM_PARTICIPATION_BUILDING,MM_STRUCTURE_NEUTRAL
2011-06-28,1499.699951171875,-0.3517241379310344,-0.002898550724637683,-0.3488255872063967,-0.1021173623714458,-0.02388228636106393,-0.0488143435511856,-0.03634831495612477,-0.06576904741532102,-0.2831439393939394,0.053869047619047594,-0.337012987012987,SAME_DIRECTION_NEGATIVE,SAME_DIRECTION_NEGATIVE,BASELINE_NEGATIVE_CANDIDATE_POSITIVE,MIXED_STRUCTURE,MM_STRUCTURE_LONG_LIQUIDATION
2011-07-05,1512.300048828125,-0.2102272727272727,0.044642857142857206,-0.2548701298701299,-0.1410984848484848,0.10527482269503557,0.0738224637681159,0.08954864323157574,-0.23064712808006055,-0.2086180933626781,0.09728473936401921,-0.30590283272669727,BASELINE_NEGATIVE_CANDIDATE_POSITIVE,BASELINE_NEGATIVE_CANDIDATE_POSITIVE,BASELINE_NEGATIVE_CANDIDATE_POSITIVE,MEDIUM_TERM_PARTICIPATION_BUILDING,MM_STRUCTURE_LONG_LIQUIDATION
2011-07-12,1561.9000244140625,0.3807482914398238,0.6110062436474517,-0.2302579522076279,0.1110853700915093,0.028648941942485018,0.004766655581421,0.01670779876195301,0.09437757132955629,0.3446712018140589,0.6085600907029479,-0.263888888888889,SAME_DIRECTION_POSITIVE,SAME_DIRECTION_POSITIVE,SAME_DIRECTION_POSITIVE,MEDIUM_TERM_PARTICIPATION_BUILDING,MM_STRUCTURE_NEUTRAL
2011-07-19,1600.9000244140625,0.435827664399093,0.8191609977324265,-0.38333333333333347,-0.1922902494331065,0.11118197278911557,0.2164567954841511,0.16381938413663333,-0.3561096335697398,0.4463314463314463,0.7842811678428117,-0.3379497215113654,SAME_DIRECTION_POSITIVE,BASELINE_NEGATIVE_CANDIDATE_POSITIVE,SAME_DIRECTION_POSITIVE,MEDIUM_TERM_PARTICIPATION_BUILDING,MM_STRUCTURE_ACCUMULATION
2011-07-26,1616.5999755859375,0.397047397047397,0.8174899681748997,-0.4204425711275027,-0.1542901542901542,-0.13412475268145363,-0.1054758107389686,-0.11980028171021112,-0.03448987257994307,0.4052173913043478,0.812972972972973,-0.4077555816686252,SAME_DIRECTION_POSITIVE,SAME_DIRECTION_NEGATIVE,SAME_DIRECTION_POSITIVE,MEDIUM_TERM_PARTICIPATION_BUILDING,MM_STRUCTURE_CROWDED_LONG
2011-08-02,1641.9000244140625,0.4347826086956522,1.0,-0.5652173913043478,0.1217391304347825,-0.06326530612244896,0.0479166666666666,-0.00767431972789118,0.1294134501626737,0.4193548387096774,0.9866666666666667,-0.5673118279569893,SAME_DIRECTION_POSITIVE,BASELINE_POSITIVE_CANDIDATE_NEGATIVE,SAME_DIRECTION_POSITIVE,MEDIUM_TERM_PARTICIPATION_BUILDING,MM_STRUCTURE_CROWDED_LONG
2011-08-09,1740.0,0.0524858937506654,0.4615181518151816,-0.40903225806451615,0.0388587245821356,0.16821682168216823,0.0340920690007146,0.10115444534144141,-0.06229572075930581,0.0335836462244473,0.4146026831785346,-0.3810190369540873,SAME_DIRECTION_POSITIVE,SAME_DIRECTION_POSITIVE,SAME_DIRECTION_POSITIVE,MEDIUM_TERM_PARTICIPATION_BUILDING,MM_STRUCTURE_NEUTRAL
2011-08-16,1782.4000244140625,-0.0183562786816854,0.5972652218782251,-0.6156215005599105,0.3963287442636629,0.2431372549019608,0.1798719487795118,0.2115046018407363,0.18482414242292658,-0.0936126724578436,0.45580632959273737,-0.5494190020505809,BASELINE_NEGATIVE_CANDIDATE_POSITIVE,SAME_DIRECTION_POSITIVE,BASELINE_NEGATIVE_CANDIDATE_POSITIVE,MEDIUM_TERM_PARTICIPATION_BUILDING,MM_STRUCTURE_LONG_LIQUIDATION
2011-08-23,1858.300048828125,0.3436893203883495,0.1930399697389989,0.1506493506493506,0.0787940725600409,0.01605306161684128,0.1842698832990095,0.1001614724579254,-0.021367399897884498,0.2700320512820513,0.24038461538461536,0.02964743589743596,SAME_DIRECTION_POSITIVE,SAME_DIRECTION_POSITIVE,SAME_DIRECTION_POSITIVE,MEDIUM_TERM_PARTICIPATION_BUILDING,MM_STRUCTURE_NEUTRAL
2011-08-30,1826.699951171875,0.1682692307692307,-0.13141025641025633,0.299679487179487,-0.234775641025641,-0.5258295625942685,-0.2826923076923077,-0.4042609351432881,0.1694852941176471,0.2041237113402062,-0.06835443037974676,0.272478141719953,BASELINE_POSITIVE_CANDIDATE_NEGATIVE,SAME_DIRECTION_NEGATIVE,BASELINE_POSITIVE_CANDIDATE_NEGATIVE,MEDIUM_TERM_STRUCTURE_WEAKENING,MM_STRUCTURE_LOW_PARTICIPATION
2011-09-06,1869.9000244140625,-0.2296514482081492,-0.033514165159734766,-0.19613728304841443,-0.2677466863033872,-0.3178918169209432,-0.3018387553041018,-0.3098652861125225,0.04211859980913529,-0.1884867154408933,-0.0160377358490566,-0.1724489795918367,SAME_DIRECTION_NEGATIVE,SAME_DIRECTION_NEGATIVE,SAME_DIRECTION_NEGATIVE,MEDIUM_TERM_STRUCTURE_WEAKENING,MM_STRUCTURE_LONG_LIQUIDATION
2011-09-13,1826.800048828125,-0.5827878321139777,-0.1233490566037736,-0.45943877551020407,-0.4274162495186753,-0.0814586357039187,-0.6072881982981873,-0.34437341700105295,-0.08304283251762234,-0.489568583026527,-0.04961347640475361,-0.4399551066217734,SAME_DIRECTION_NEGATIVE,SAME_DIRECTION_NEGATIVE,SAME_DIRECTION_NEGATIVE,MEDIUM_TERM_STRUCTURE_WEAKENING,MM_STRUCTURE_LOW_PARTICIPATION
2011-09-20,1806.5999755859373,-0.8212026810157651,-0.2959501557632399,-0.5252525252525252,0.0183139809308032,0.15193591455273697,-0.1659559023682062,-0.007009993907734616,0.025323974838537815,-0.7566666666666667,-0.3191056910569106,-0.4375609756097561,SAME_DIRECTION_NEGATIVE,BOTH_NEAR_ZERO,SAME_DIRECTION_NEGATIVE,MEDIUM_TERM_STRUCTURE_WEAKENING,MM_STRUCTURE_LONG_LIQUIDATION
2011-09-27,1650.5999755859375,-1.0,-0.4512195121951219,-0.5487804878048781,0.2611111111111112,0.6252620545073375,0.5438034188034189,0.5845327366553782,-0.323421625544267,-0.9908256880733946,-0.4968497844589366,-0.4939759036144579,SAME_DIRECTION_NEGATIVE,SAME_DIRECTION_POSITIVE,SAME_DIRECTION_NEGATIVE,MEDIUM_TERM_STRUCTURE_WEAKENING,MM_STRUCTURE_LONG_LIQUIDATION
2011-10-04,1614.699951171875,-0.5148514851485149,-0.6987951807228916,0.18394369557437673,0.1524207466618221,0.3023235874131871,0.454259501965924,0.37829154468955556,-0.22587079802773347,-0.4713012477718361,-0.6813852813852814,0.21008403361344535,SAME_DIRECTION_NEGATIVE,SAME_DIRECTION_POSITIVE,SAME_DIRECTION_NEGATIVE,MEDIUM_TERM_STRUCTURE_WEAKENING,MM_STRUCTURE_LONG_LIQUIDATION
2011-10-11,1659.699951171875,-0.7065953654188949,-0.60995670995671,-0.09663865546218486,-0.0340463458110517,-0.05202020202020208,0.5732418524871354,0.2606108252334667,-0.2946571710445184,-0.5936324674188751,-0.6055113937466878,0.011878926327812733,SAME_DIRECTION_NEGATIVE,BASELINE_NEGATIVE_CANDIDATE_POSITIVE,SAME_DIRECTION_NEGATIVE,MEDIUM_TERM_STRUCTURE_WEAKENING,MM_STRUCTURE_LONG_LIQUIDATION
2011-10-18,1651.699951171875,-0.5436893203883495,-0.7647058823529411,0.22101656196459163,0.2025715035423773,0.06620381849739643,0.3685274059105835,0.21736561220398998,-0.014794108661612682,-0.5006868131868132,-0.8050249169435216,0.30433810375670844,SAME_DIRECTION_NEGATIVE,SAME_DIRECTION_POSITIVE,SAME_DIRECTION_NEGATIVE,MEDIUM_TERM_STRUCTURE_WEAKENING,MM_STRUCTURE_LONG_LIQUIDATION
2011-10-25,1699.5999755859375,-0.3200549450549451,-0.5456810631229236,0.22562611806797855,0.584478021978022,0.09269480519480533,0.0406746031746031,0.06668470418470421,0.5177933177933178,-0.3469026548672567,-0.5790865629132337,0.232183908045977,SAME_DIRECTION_NEGATIVE,SAME_DIRECTION_POSITIVE,SAME_DIRECTION_NEGATIVE,MEDIUM_TERM_STRUCTURE_WEAKENING,MM_STRUCTURE_LONG_LIQUIDATION
2011-11-01,1711.0,-0.36527602191319,-0.507476350320415,0.14220032840722507,0.3984829329962073,-0.12198038746711315,-0.0557765689697167,-0.08887847821841492,0.48736141121462223,-0.3725587553790136,-0.4613237639553429,0.0887650085763293,SAME_DIRECTION_NEGATIVE,BASELINE_POSITIVE_CANDIDATE_NEGATIVE,SAME_DIRECTION_NEGATIVE,MEDIUM_TERM_STRUCTURE_WEAKENING,MM_STRUCTURE_LONG_LIQUIDATION
2011-11-08,1798.4000244140625,-0.1939755047997352,-0.3275518341307815,0.1335763293310463,0.3694141012909632,-0.2965225563909776,-0.2038277511961722,-0.2501751537935749,0.6195892550845381,-0.2040633888663145,-0.3001465559355154,0.09608316706920092,SAME_DIRECTION_NEGATIVE,BASELINE_POSITIVE_CANDIDATE_NEGATIVE,SAME_DIRECTION_NEGATIVE,MEDIUM_TERM_STRUCTURE_WEAKENING,MM_STRUCTURE_LONG_LIQUIDATION
2011-11-15,1781.699951171875,0.0756603006907761,-0.1453834880312653,0.2210437887220414,0.0244616009752133,-0.22208541746825705,-0.3440658049353702,-0.2830756112018136,0.3075372121770269,0.0545977011494252,-0.1398467432950192,0.1944444444444444,BASELINE_POSITIVE_CANDIDATE_NEGATIVE,BASELINE_POSITIVE_CANDIDATE_NEGATIVE,BASELINE_POSITIVE_CANDIDATE_NEGATIVE,MEDIUM_TERM_STRUCTURE_WEAKENING,MM_STRUCTURE_NEUTRAL
2011-11-22,1702.199951171875,0.0603448275862069,-0.3507662835249042,0.4111111111111111,-0.3266283524904215,-0.07078039927404722,-0.3673029556650247,-0.21904167746953596,-0.10758667502088554,0.0677487649964714,-0.27472527472527475,0.34247403972174617,BASELINE_POSITIVE_CANDIDATE_NEGATIVE,SAME_DIRECTION_NEGATIVE,BASELINE_POSITIVE_CANDIDATE_NEGATIVE,MEDIUM_TERM_STRUCTURE_WEAKENING,MM_STRUCTURE_ACCUMULATION
2011-11-29,1713.4000244140625,0.0341880341880341,-0.4273504273504274,0.4615384615384615,-0.4410726887791108,-0.1632107023411371,-0.3852961198093941,-0.2742534110752656,-0.16681927770384525,0.0671802773497689,-0.35851142225497423,0.4256916996047431,BASELINE_POSITIVE_CANDIDATE_NEGATIVE,SAME_DIRECTION_NEGATIVE,BASELINE_POSITIVE_CANDIDATE_NEGATIVE,MEDIUM_TERM_STRUCTURE_WEAKENING,MM_STRUCTURE_LOW_PARTICIPATION
2011-12-06,1727.9000244140625,0.0671802773497688,-0.4889462048636699,0.5561264822134387,-0.2582434514637904,0.016364699006429007,-0.0544157002676182,-0.019025500630594598,-0.2392179508331958,0.0744189567718979,-0.4882081865004067,0.5626271432723046,BASELINE_POSITIVE_CANDIDATE_NEGATIVE,SAME_DIRECTION_NEGATIVE,BASELINE_POSITIVE_CANDIDATE_NEGATIVE,MEDIUM_TERM_STRUCTURE_WEAKENING,MM_STRUCTURE_ACCUMULATION
2011-12-13,1659.9000244140625,0.0336134453781512,-0.4287521460196982,0.4623655913978494,-0.1776061776061775,0.3296703296703297,0.1664596273291926,0.24806497849976117,-0.42567115610593864,0.0494047619047618,-0.3884751773049645,0.4378799392097263,BASELINE_POSITIVE_CANDIDATE_NEGATIVE,BASELINE_NEGATIVE_CANDIDATE_POSITIVE,BASELINE_POSITIVE_CANDIDATE_NEGATIVE,MEDIUM_TERM_STRUCTURE_WEAKENING,MM_STRUCTURE_ACCUMULATION
2011-12-20,1615.5999755859375,-0.0357142857142857,-0.7340425531914894,0.6983282674772037,-0.0684523809523809,0.28248587570621475,0.2988505747126437,0.29066822520942925,-0.3591206061618102,-0.044832882322826,-0.6969986950848195,0.6521658127619935,SAME_DIRECTION_NEGATIVE,BASELINE_NEGATIVE_CANDIDATE_POSITIVE,SAME_DIRECTION_NEGATIVE,MEDIUM_TERM_STRUCTURE_WEAKENING,MM_STRUCTURE_LONG_LIQUIDATION
2011-12-27,1594.199951171875,-0.0442477876106194,-0.2,0.1557522123893806,0.0978570906165435,0.153482880755608,0.4831532104259377,0.3183180455907728,-0.2204609549742293,-0.0532067874604544,-0.2313866120218579,0.1781798245614035,SAME_DIRECTION_NEGATIVE,SAME_DIRECTION_POSITIVE,SAME_DIRECTION_NEGATIVE,MEDIUM_TERM_STRUCTURE_WEAKENING,MM_STRUCTURE_LONG_LIQUIDATION
2012-01-03,1599.699951171875,-0.0619787172850158,-0.1793032786885246,0.1173245614035088,0.3373597929249353,0.10928961748633881,0.3917754931925535,0.2505325553394462,0.0868272375854891,-0.0962177447861435,-0.18774620735898082,0.09152846257283731,SAME_DIRECTION_NEGATIVE,SAME_DIRECTION_POSITIVE,SAME_DIRECTION_NEGATIVE,MEDIUM_TERM_STRUCTURE_WEAKENING,MM_STRUCTURE_LONG_LIQUIDATION
2012-01-10,1631.0,-0.1130434782608695,-0.6391752577319587,0.5261317794710892,0.3383527748320962,0.018410266747295623,0.1718931475029036,0.09515170712509961,0.24320106770699657,-0.1298665183537264,-0.6143844634628045,0.4845179451090781,SAME_DIRECTION_NEGATIVE,SAME_DIRECTION_POSITIVE,SAME_DIRECTION_NEGATIVE,MEDIUM_TERM_STRUCTURE_WEAKENING,MM_STRUCTURE_LONG_LIQUIDATION
2012-01-17,1655.199951171875,-0.0522803114571746,-0.8388742593811719,0.7865939479239973,0.2316462736373749,-0.17649391856160768,-0.0672043010752688,-0.12184910981843824,0.3534953834558131,-0.0449230769230769,-0.765979797979798,0.7210567210567211,SAME_DIRECTION_NEGATIVE,BASELINE_POSITIVE_CANDIDATE_NEGATIVE,SAME_DIRECTION_NEGATIVE,MEDIUM_TERM_STRUCTURE_WEAKENING,MM_STRUCTURE_LONG_LIQUIDATION
2012-01-24,1664.199951171875,0.0058119658119658,-0.8185858585858585,0.8243978243978243,0.2633846153846154,-0.2381788617886179,-0.2197685950413223,-0.2289737284149701,0.4923583437995855,-0.0286521388216303,-0.7923809523809524,0.7637288135593221,BASELINE_POSITIVE_CANDIDATE_NEGATIVE,BASELINE_POSITIVE_CANDIDATE_NEGATIVE,SAME_DIRECTION_NEGATIVE,MEDIUM_TERM_STRUCTURE_WEAKENING,MM_STRUCTURE_SHORT_BUILDING
2012-01-31,1737.800048828125,0.0586494484799569,-0.8650793650793651,0.923728813559322,-0.3603712671509281,-0.575652841781874,-0.7521467603434817,-0.6638998010626779,0.3035285339117498,0.080791371666777,-0.8267716535433071,0.907563025210084,BASELINE_POSITIVE_CANDIDATE_NEGATIVE,SAME_DIRECTION_NEGATIVE,BASELINE_POSITIVE_CANDIDATE_NEGATIVE,MEDIUM_TERM_STRUCTURE_WEAKENING,MM_STRUCTURE_LOW_PARTICIPATION
2012-02-07,1746.4000244140625,0.1789849798186991,-0.30225305995166446,0.48123803977036356,-0.5253093363329584,-0.4590236220472441,-0.697202483835862,-0.578113052941553,0.05280371660859462,0.1994791666666667,-0.2225796568627451,0.4220588235294118,BASELINE_POSITIVE_CANDIDATE_NEGATIVE,SAME_DIRECTION_NEGATIVE,BASELINE_POSITIVE_CANDIDATE_NEGATIVE,MEDIUM_TERM_STRUCTURE_WEAKENING,MM_STRUCTURE_LOW_PARTICIPATION
2012-02-14,1715.9000244140625,0.15625,-0.5594362745098039,0.7156862745098039,-0.3958333333333333,0.2470238095238096,-0.3286290322580645,-0.040802611367127456,-0.3550307219662059,0.1932859247869819,-0.41010009783999396,0.6033860226269758,BASELINE_POSITIVE_CANDIDATE_NEGATIVE,SAME_DIRECTION_NEGATIVE,BASELINE_POSITIVE_CANDIDATE_NEGATIVE,MEDIUM_TERM_STRUCTURE_WEAKENING,MM_STRUCTURE_ACCUMULATION
2012-02-21,1757.0999755859375,0.2790697674418604,-0.2646195529464891,0.5436893203883495,-0.3328848741110898,0.3459073429774766,-0.1131162790697675,0.11639553195385455,-0.44928040606494435,0.2994955863808323,-0.20192307692307687,0.5014186633039092,BASELINE_POSITIVE_CANDIDATE_NEGATIVE,BASELINE_NEGATIVE_CANDIDATE_POSITIVE,BASELINE_POSITIVE_CANDIDATE_NEGATIVE,MEDIUM_TERM_STRUCTURE_WEAKENING,MM_STRUCTURE_ACCUMULATION
2012-02-28,1787.0,0.4148802017654476,0.06730769230769229,0.3475725094577553,-0.5349306431273645,-0.029807692307692313,0.2172161172161172,0.09370421245421244,-0.628634855581577,0.4422515980884999,0.05038167938931287,0.391869918699187,SAME_DIRECTION_POSITIVE,BASELINE_NEGATIVE_CANDIDATE_POSITIVE,SAME_DIRECTION_POSITIVE,MEDIUM_TERM_PARTICIPATION_BUILDING,MM_STRUCTURE_ACCUMULATION
2012-03-06,1671.4000244140625,0.1374045801526717,-0.2721192293711378,0.4095238095238095,-0.1533544343077019,0.19794070655068352,0.5438480495281601,0.3708943780394218,-0.5242488123471237,0.1586021505376344,-0.2672955974842768,0.42589774802191116,BASELINE_POSITIVE_CANDIDATE_NEGATIVE,BASELINE_NEGATIVE_CANDIDATE_POSITIVE,BASELINE_POSITIVE_CANDIDATE_NEGATIVE,MEDIUM_TERM_STRUCTURE_WEAKENING,MM_STRUCTURE_ACCUMULATION
2012-03-13,1693.699951171875,0.1131476050830889,-0.1429388221841052,0.2560864272671941,0.044477028347996,0.40291375291375287,0.3731060606060605,0.38800990675990665,-0.34353287841191066,0.0883007518796992,-0.18811046307357182,0.27641121495327103,BASELINE_POSITIVE_CANDIDATE_NEGATIVE,SAME_DIRECTION_POSITIVE,BASELINE_POSITIVE_CANDIDATE_NEGATIVE,MEDIUM_TERM_STRUCTURE_WEAKENING,MM_STRUCTURE_NEUTRAL
2012-03-20,1646.699951171875,0.0051127819548872,0.007729604384793802,-0.002616822429906602,0.2843308270676691,0.1995063995867532,0.3974471061374366,0.2984767528620949,-0.014145925794425807,-0.0028429282160626,-0.0385572139303483,0.0357142857142857,BOTH_NEAR_ZERO,SAME_DIRECTION_POSITIVE,SAME_DIRECTION_NEGATIVE,SHORT_TERM_RECOVERY_MEDIUM_TERM_UNCONFIRMED,MM_STRUCTURE_SHORT_BUILDING
2012-03-27,1684.800048828125,-0.0528310826818289,0.0820895522388059,-0.1349206349206348,0.6005685856432125,-0.019561284486657615,0.3833524684270952,0.1818955919702188,0.4186729936729937,-0.0769320501603966,0.08712198436969079,-0.16405403453008738,BASELINE_NEGATIVE_CANDIDATE_POSITIVE,SAME_DIRECTION_POSITIVE,BASELINE_NEGATIVE_CANDIDATE_POSITIVE,MEDIUM_TERM_PARTICIPATION_BUILDING,MM_STRUCTURE_LONG_LIQUIDATION
2012-04-03,1670.0,-0.1755613881598133,0.037037037037037,-0.2125984251968503,0.6554680664916885,-0.08788638262322479,0.1116200169635284,0.011866817170151804,0.6436012493215367,-0.2136948529411765,0.0350267379679145,-0.248721590909091,BASELINE_NEGATIVE_CANDIDATE_POSITIVE,SAME_DIRECTION_POSITIVE,BASELINE_NEGATIVE_CANDIDATE_POSITIVE,MEDIUM_TERM_PARTICIPATION_BUILDING,MM_STRUCTURE_LONG_LIQUIDATION
2012-04-10,1659.5,-0.1488970588235294,-0.0017379679144385006,-0.1471590909090909,0.4669117647058823,0.11336698858647942,0.0938057040998218,0.10358634634315061,0.3633254183627317,-0.1869518474509137,-0.0034194778720326013,-0.1835323695788811,SAME_DIRECTION_NEGATIVE,SAME_DIRECTION_POSITIVE,SAME_DIRECTION_NEGATIVE,MEDIUM_TERM_STRUCTURE_WEAKENING,MM_STRUCTURE_LONG_LIQUIDATION
2012-04-17,1650.300048828125,-0.2790697674418604,0.0,-0.2790697674418604,0.0928535053471397,-0.21670721816707217,-0.3045936007902968,-0.26065040947868445,0.35350391482582416,-0.2714604236343367,0.0273033126293996,-0.2987637362637363,MIXED_OR_UNCLEAR,BASELINE_POSITIVE_CANDIDATE_NEGATIVE,BASELINE_NEGATIVE_CANDIDATE_POSITIVE,SHORT_TERM_ONLY_REACTION,MM_STRUCTURE_LONG_LIQUIDATION
2012-04-24,1643.0,-0.4230769230769231,-0.0357142857142857,-0.3873626373626374,0.367670011148272,-0.12904944586530265,-0.0156824572788232,-0.07236595157206292,0.44003596272033496,-0.4431874347849964,-0.0459031005284268,-0.3972843342565696,SAME_DIRECTION_NEGATIVE,BASELINE_POSITIVE_CANDIDATE_NEGATIVE,SAME_DIRECTION_NEGATIVE,MEDIUM_TERM_STRUCTURE_WEAKENING,MM_STRUCTURE_LONG_LIQUIDATION
2012-05-01,1661.699951171875,-0.1086276017354055,-0.0154708091933533,-0.0931567925420522,-0.1500906145312757,-0.045003413327731945,-0.2617106314948041,-0.15335702241126803,0.003266407879992328,-0.1095238095238095,-0.004260651629072701,-0.1052631578947368,SAME_DIRECTION_NEGATIVE,SAME_DIRECTION_NEGATIVE,SAME_DIRECTION_NEGATIVE,MEDIUM_TERM_STRUCTURE_WEAKENING,MM_STRUCTURE_LONG_LIQUIDATION
2012-05-08,1604.0,-0.1212121212121212,-0.0701754385964912,-0.051036682615630005,0.1822510822510823,0.21749482401656306,0.0884453781512605,0.1529701010839118,0.02928098116717051,-0.113208553298139,-0.0972556275053963,-0.015952925792742698,SAME_DIRECTION_NEGATIVE,SAME_DIRECTION_POSITIVE,SAME_DIRECTION_NEGATIVE,MEDIUM_TERM_STRUCTURE_WEAKENING,MM_STRUCTURE_LONG_LIQUIDATION
2012-05-15,1556.800048828125,-0.0451127819548872,-0.1130434782608695,0.0679306963059823,0.0676691729323308,0.41726618705035967,0.3722627737226277,0.3947644803864937,-0.32709530745416293,-0.0377338658818583,-0.1308887809616319,0.0931549150797736,SAME_DIRECTION_NEGATIVE,SAME_DIRECTION_POSITIVE,SAME_DIRECTION_NEGATIVE,MEDIUM_TERM_STRUCTURE_WEAKENING,MM_STRUCTURE_LONG_LIQUIDATION
2012-05-22,1576.300048828125,-0.0680050451965524,-0.0462603205439534,-0.021744724652599003,0.208955223880597,0.0071428571428572285,0.2246376811594203,0.11589026915113876,0.09306495472945825,-0.0893032893032894,-0.06993006993007,-0.019373219373219397,SAME_DIRECTION_NEGATIVE,SAME_DIRECTION_POSITIVE,SAME_DIRECTION_NEGATIVE,MEDIUM_TERM_STRUCTURE_WEAKENING,MM_STRUCTURE_LONG_LIQUIDATION
2012-05-29,1548.5999755859375,-0.023051023051023,-0.0202020202020202,-0.0028490028490027984,0.1555555555555555,0.0,0.4172661870503596,0.2086330935251798,-0.053077537969624305,-0.0371732026143791,-0.0693267419962335,0.0321535393818544,BOTH_NEAR_ZERO,SAME_DIRECTION_POSITIVE,SAME_DIRECTION_NEGATIVE,MEDIUM_TERM_STRUCTURE_WEAKENING,MM_STRUCTURE_LONG_LIQUIDATION
2012-06-05,1615.199951171875,0.0759803921568627,0.007062146892655399,0.0689182452642073,0.0816993464052288,-0.01388888888888884,-0.0067460317460317,-0.01031746031746027,0.09201680672268907,0.0129876667505663,-0.0648507678933642,0.0778384346439305,SAME_DIRECTION_POSITIVE,BASELINE_POSITIVE_CANDIDATE_NEGATIVE,BASELINE_POSITIVE_CANDIDATE_NEGATIVE,SHORT_TERM_RECOVERY_MEDIUM_TERM_UNCONFIRMED,MM_STRUCTURE_NEUTRAL
2012-06-12,1612.699951171875,0.0620689655172413,0.028455520139090106,0.0336134453781512,0.3446765668260759,-0.02758620689655178,-0.0275862068965517,-0.027586206896551738,0.3722627737226276,-0.0088346237839984,-0.0309360730593607,0.022101449275362298,SAME_DIRECTION_POSITIVE,BASELINE_POSITIVE_CANDIDATE_NEGATIVE,SAME_DIRECTION_NEGATIVE,SHORT_TERM_RECOVERY_MEDIUM_TERM_UNCONFIRMED,MM_STRUCTURE_SHORT_BUILDING
2012-06-19,1622.199951171875,0.0821917808219178,0.0821917808219178,0.0,0.1903911058169545,-0.02035768645357694,-0.0342465753424657,-0.02730213089802132,0.21769323671497584,0.0404248030147311,0.0393545848091303,0.001070218205600798,SAME_DIRECTION_POSITIVE,BASELINE_POSITIVE_CANDIDATE_NEGATIVE,SAME_DIRECTION_POSITIVE,MEDIUM_TERM_PARTICIPATION_BUILDING,MM_STRUCTURE_NEUTRAL
2012-06-26,1574.0,-0.0287769784172661,0.0,-0.0287769784172661,0.3968580237850535,0.007178043631245745,-0.0204081632653061,-0.006615059817030177,0.4034730836020837,-0.0368725868725869,0.012073548958794799,-0.048946135831381694,BOTH_NEAR_ZERO,BASELINE_POSITIVE_CANDIDATE_NEGATIVE,BASELINE_NEGATIVE_CANDIDATE_POSITIVE,MIXED_STRUCTURE,MM_STRUCTURE_LONG_LIQUIDATION
2012-07-03,1621.300048828125,0.1148648648648648,0.1066681435533894,0.008196721311475405,-0.0333976833976834,-0.006293965198074791,-0.0266516516516517,-0.016472808424863247,-0.01692487497282015,0.0533104859821981,0.052272603262945305,0.0010378827192527931,SAME_DIRECTION_POSITIVE,SAME_DIRECTION_NEGATIVE,SAME_DIRECTION_POSITIVE,MEDIUM_TERM_PARTICIPATION_BUILDING,MM_STRUCTURE_ACCUMULATION
2012-07-10,1579.300048828125,0.0335570469798657,0.0335570469798657,0.0,-0.0201342281879194,0.00027393507738660006,0.0074519787086323,0.00386295689300945,-0.02399718508092885,0.0262910798122066,0.025268817204301096,0.0010222626079055032,SAME_DIRECTION_POSITIVE,BOTH_NEAR_ZERO,BOTH_NEAR_ZERO,MEDIUM_TERM_PARTICIPATION_BUILDING,MM_STRUCTURE_ACCUMULATION
2012-07-17,1589.0999755859375,-0.0140845070422535,-0.0080645161290322,-0.0060199909132213,-0.0533333333333333,-0.012792792792792662,-0.0190867579908675,-0.01593977539183008,-0.037393557941503223,0.0327420923447413,0.007735099337748297,0.025006993006993,BOTH_NEAR_ZERO,SAME_DIRECTION_NEGATIVE,SAME_DIRECTION_POSITIVE,SHORT_TERM_RECOVERY_MEDIUM_TERM_UNCONFIRMED,MM_STRUCTURE_SHORT_COVERING_RALLY
2012-07-24,1576.0,-0.0139860139860139,-0.04,0.0260139860139861,-0.0331125827814569,-0.012978354593537356,-0.0127044195161507,-0.012841387054844028,-0.020271195726612873,-0.0003654970760233,-0.0410401002506266,0.0406746031746033,SAME_DIRECTION_NEGATIVE,SAME_DIRECTION_NEGATIVE,SAME_DIRECTION_NEGATIVE,MEDIUM_TERM_STRUCTURE_WEAKENING,MM_STRUCTURE_LONG_LIQUIDATION
2012-07-31,1610.5,-0.0767543859649122,-0.12834168755221392,0.05158730158730172,-0.0650584795321638,-0.025614035087719533,-0.038406827880512,-0.03201043148411577,-0.033048048048048034,0.0181654270903764,-0.1274767124697648,0.14564213956014121,SAME_DIRECTION_NEGATIVE,SAME_DIRECTION_NEGATIVE,BASELINE_POSITIVE_CANDIDATE_NEGATIVE,MEDIUM_TERM_STRUCTURE_WEAKENING,MM_STRUCTURE_SHORT_COVERING_RALLY
2012-08-07,1609.699951171875,-0.055533017804823,-0.2060624774844321,0.1505294596796091,-0.0443092179400494,-0.03878284205514437,-0.0517611966486818,-0.045272019351913086,0.0009628014118636882,-0.0144102472869597,-0.2448254870129871,0.2304152397260274,SAME_DIRECTION_NEGATIVE,SAME_DIRECTION_NEGATIVE,SAME_DIRECTION_NEGATIVE,MEDIUM_TERM_STRUCTURE_WEAKENING,MM_STRUCTURE_LONG_LIQUIDATION
2012-08-14,1599.4000244140625,-0.0756982743284113,-0.1497564935064936,0.0740582191780823,-0.0241949830990926,0.02050580997949436,-0.005108225108225,0.0076987924356346805,-0.031893775534727276,-0.034715821812596,-0.1886471617904476,0.1539313399778516,SAME_DIRECTION_NEGATIVE,BOTH_NEAR_ZERO,SAME_DIRECTION_NEGATIVE,MEDIUM_TERM_STRUCTURE_WEAKENING,MM_STRUCTURE_LONG_LIQUIDATION
2012-08-21,1639.9000244140625,0.0387096774193548,-0.2403600900225056,0.2790697674418604,-0.1086240947992099,-0.05713683322791496,-0.0959196752830592,-0.07652825425548708,-0.03209584054372282,0.0694733194733195,-0.217948717948718,0.28742203742203754,BASELINE_POSITIVE_CANDIDATE_NEGATIVE,SAME_DIRECTION_NEGATIVE,BASELINE_POSITIVE_CANDIDATE_NEGATIVE,MEDIUM_TERM_STRUCTURE_WEAKENING,MM_STRUCTURE_ACCUMULATION
2012-08-28,1666.5,0.0582120582120582,-0.2500000000000001,0.3082120582120583,-0.1902286902286901,-0.17232767232767232,-0.151821862348178,-0.16207476733792514,-0.02815392289076496,0.1190844949234211,-0.27089449990213343,0.38997899482555454,BASELINE_POSITIVE_CANDIDATE_NEGATIVE,SAME_DIRECTION_NEGATIVE,BASELINE_POSITIVE_CANDIDATE_NEGATIVE,MEDIUM_TERM_STRUCTURE_WEAKENING,MM_STRUCTURE_ACCUMULATION
2012-09-04,1692.9000244140625,0.1779814145585957,0.0741338813857898,0.1038475331728059,-0.2426862846325933,-0.13378825475599665,-0.1909250879839115,-0.16235667136995408,-0.08032961326263924,0.1846153846153846,0.051282051282051294,0.1333333333333333,SAME_DIRECTION_POSITIVE,SAME_DIRECTION_NEGATIVE,SAME_DIRECTION_POSITIVE,MEDIUM_TERM_PARTICIPATION_BUILDING,MM_STRUCTURE_ACCUMULATION
2012-09-11,1731.800048828125,0.2756410256410256,0.1544289044289044,0.12121212121212122,-0.4146153846153846,-0.23717948717948723,-0.4095071595071595,-0.3233433233433234,-0.09127206127206122,0.2359059263032773,0.15534027376132642,0.08056565254195089,SAME_DIRECTION_POSITIVE,SAME_DIRECTION_NEGATIVE,SAME_DIRECTION_POSITIVE,MEDIUM_TERM_PARTICIPATION_BUILDING,MM_STRUCTURE_ACCUMULATION
2012-09-18,1768.4000244140625,0.3076923076923077,0.2625795257374205,0.045112781954887216,-0.3386822890134149,-0.10897435897435903,-0.2427626137303556,-0.1758684863523573,-0.1628138026610576,0.3203441295546559,0.28214695752009195,0.038197172034563964,SAME_DIRECTION_POSITIVE,SAME_DIRECTION_NEGATIVE,SAME_DIRECTION_POSITIVE,MEDIUM_TERM_PARTICIPATION_BUILDING,MM_STRUCTURE_ACCUMULATION
2012-09-25,1763.800048828125,0.3844466936572199,0.3089360887868351,0.0755106048703848,-0.4723346828609986,-0.08333333333333337,-0.3205128205128205,-0.20192307692307693,-0.2704116059379217,0.3837355455002513,0.3331908831908831,0.050544662309368216,SAME_DIRECTION_POSITIVE,SAME_DIRECTION_NEGATIVE,SAME_DIRECTION_POSITIVE,MEDIUM_TERM_PARTICIPATION_BUILDING,MM_STRUCTURE_ACCUMULATION
2012-10-02,1772.699951171875,0.4293614881850176,0.3988603988603989,0.030501089324618702,-0.511437908496732,-0.2115384615384615,-0.3205128205128205,-0.26602564102564097,-0.24541226747109102,0.4357309357309358,0.4046003016591252,0.031130634071810603,SAME_DIRECTION_POSITIVE,SAME_DIRECTION_NEGATIVE,SAME_DIRECTION_POSITIVE,MEDIUM_TERM_PARTICIPATION_BUILDING,MM_STRUCTURE_ACCUMULATION
2012-10-09,1763.0,0.4614552114552114,0.4605957767722474,0.0008594346829640109,-0.4030969030969031,0.08974358974358976,0.0064102564102563,0.04807692307692303,-0.4511738261738261,0.4614557485525227,0.4597604342129889,0.0016953143395337933,SAME_DIRECTION_POSITIVE,BASELINE_NEGATIVE_CANDIDATE_POSITIVE,SAME_DIRECTION_POSITIVE,MEDIUM_TERM_PARTICIPATION_BUILDING,MM_STRUCTURE_ACCUMULATION
2012-10-16,1744.699951171875,0.3907775020678246,0.4294871794871794,-0.03870967741935483,-0.2748138957816377,0.17948717948717946,-0.032051282051282,0.07371794871794873,-0.3485318444995864,0.3461538461538462,0.3996655518394649,-0.05351170568561869,SAME_DIRECTION_POSITIVE,BASELINE_NEGATIVE_CANDIDATE_POSITIVE,SAME_DIRECTION_POSITIVE,MEDIUM_TERM_PARTICIPATION_BUILDING,MM_STRUCTURE_ACCUMULATION
2012-10-23,1708.300048828125,0.1538461538461538,0.3269230769230769,-0.17307692307692313,-0.0641025641025641,0.16666666666666674,0.2564102564102564,0.21153846153846156,-0.27564102564102566,0.1602564102564102,0.3325493451392732,-0.172292934882863,SAME_DIRECTION_POSITIVE,BASELINE_NEGATIVE_CANDIDATE_POSITIVE,SAME_DIRECTION_POSITIVE,MEDIUM_TERM_PARTICIPATION_BUILDING,MM_STRUCTURE_ACCUMULATION
2012-10-30,1710.9000244140625,0.0705128205128205,0.2532743036340159,-0.1827614831211954,0.0128205128205127,0.15384615384615385,0.3333333333333333,0.24358974358974358,-0.2307692307692309,0.0576923076923077,0.2184981684981685,-0.1608058608058608,SAME_DIRECTION_POSITIVE,SAME_DIRECTION_POSITIVE,SAME_DIRECTION_POSITIVE,MEDIUM_TERM_PARTICIPATION_BUILDING,MM_STRUCTURE_NEUTRAL
2012-11-06,1714.0999755859375,-0.0961538461538461,0.1794871794871795,-0.2756410256410256,0.1987179487179486,0.02564102564102555,0.1923076923076923,0.10897435897435892,0.08974358974358967,-0.0897435897435897,0.1788052373158757,-0.26854882705946537,BASELINE_NEGATIVE_CANDIDATE_POSITIVE,SAME_DIRECTION_POSITIVE,BASELINE_NEGATIVE_CANDIDATE_POSITIVE,MEDIUM_TERM_PARTICIPATION_BUILDING,MM_STRUCTURE_LONG_LIQUIDATION
2012-11-13,1724.199951171875,-0.0705128205128205,0.2371794871794871,-0.3076923076923076,0.0705128205128204,-0.05128205128205132,0.1025641025641025,0.02564102564102559,0.04487179487179481,-0.0833333333333334,0.2365474900686168,-0.31988082340195023,BASELINE_NEGATIVE_CANDIDATE_POSITIVE,SAME_DIRECTION_POSITIVE,BASELINE_NEGATIVE_CANDIDATE_POSITIVE,MEDIUM_TERM_PARTICIPATION_BUILDING,MM_STRUCTURE_LONG_LIQUIDATION
2012-11-20,1723.199951171875,-0.1025641025641025,0.2743770314192849,-0.37694113398338736,0.1282051282051281,-0.15384615384615385,-0.1282051282051283,-0.14102564102564108,0.26923076923076916,-0.1346153846153845,0.28787878787878796,-0.4224941724941724,BASELINE_NEGATIVE_CANDIDATE_POSITIVE,BASELINE_POSITIVE_CANDIDATE_NEGATIVE,BASELINE_NEGATIVE_CANDIDATE_POSITIVE,MEDIUM_TERM_PARTICIPATION_BUILDING,MM_STRUCTURE_LONG_LIQUIDATION
2012-11-27,1742.199951171875,-0.0576923076923077,0.3642191142191143,-0.421911421911422,-0.1538461538461538,-0.4358974358974359,-0.4871794871794871,-0.4615384615384615,0.3076923076923077,-0.0448717948717948,0.3969017094017094,-0.4417735042735042,BASELINE_NEGATIVE_CANDIDATE_POSITIVE,SAME_DIRECTION_NEGATIVE,BASELINE_NEGATIVE_CANDIDATE_POSITIVE,MEDIUM_TERM_PARTICIPATION_BUILDING,MM_STRUCTURE_LOW_PARTICIPATION
2012-12-04,1694.4000244140625,-0.2564102564102564,0.1282051282051282,-0.3846153846153846,0.2756410256410256,0.23717948717948723,0.0833333333333333,0.16025641025641027,0.11538461538461534,-0.2692307692307691,0.1775419982316534,-0.4467727674624225,BASELINE_NEGATIVE_CANDIDATE_POSITIVE,SAME_DIRECTION_POSITIVE,BASELINE_NEGATIVE_CANDIDATE_POSITIVE,MEDIUM_TERM_PARTICIPATION_BUILDING,MM_STRUCTURE_LONG_LIQUIDATION
2012-12-11,1708.199951171875,-0.2179487179487179,0.1494694960212202,-0.3674182139699381,0.1666666666666666,0.5,0.0641025641025641,0.28205128205128205,-0.11538461538461545,-0.2243589743589744,0.1841412012644889,-0.4085001756234633,BASELINE_NEGATIVE_CANDIDATE_POSITIVE,SAME_DIRECTION_POSITIVE,BASELINE_NEGATIVE_CANDIDATE_POSITIVE,MEDIUM_TERM_PARTICIPATION_BUILDING,MM_STRUCTURE_LONG_LIQUIDATION
2012-12-18,1669.5,-0.1346153846153846,0.11011591148577449,-0.2447312961011591,0.1923076923076923,0.08333333333333337,0.3205128205128206,0.20192307692307698,-0.009615384615384692,-0.1923076923076923,0.09981684981684981,-0.2921245421245421,BASELINE_NEGATIVE_CANDIDATE_POSITIVE,SAME_DIRECTION_POSITIVE,BASELINE_NEGATIVE_CANDIDATE_POSITIVE,MEDIUM_TERM_PARTICIPATION_BUILDING,MM_STRUCTURE_LONG_LIQUIDATION
2012-12-24,1658.5999755859375,-0.1025641025641025,0.1794871794871795,-0.282051282051282,0.1987179487179486,0.18589743589743601,0.6858974358974359,0.43589743589743596,-0.23717948717948736,-0.1666666666666666,0.0887040887040887,-0.2553707553707553,BASELINE_NEGATIVE_CANDIDATE_POSITIVE,SAME_DIRECTION_POSITIVE,BASELINE_NEGATIVE_CANDIDATE_POSITIVE,MEDIUM_TERM_PARTICIPATION_BUILDING,MM_STRUCTURE_LONG_LIQUIDATION
2012-12-31,1674.800048828125,-0.0256410256410256,0.038981288981289,-0.0646223146223146,0.1858974358974359,0.019230769230769162,0.1025641025641025,0.060897435897435834,0.12500000000000006,-0.076923076923077,0.048571674410600604,-0.1254947513336776,BASELINE_NEGATIVE_CANDIDATE_POSITIVE,SAME_DIRECTION_POSITIVE,BASELINE_NEGATIVE_CANDIDATE_POSITIVE,MEDIUM_TERM_PARTICIPATION_BUILDING,MM_STRUCTURE_LONG_LIQUIDATION
2013-01-08,1661.5,-0.1538461538461538,0.0497762863534676,-0.2036224401996214,0.25,0.0,0.1858974358974359,0.09294871794871795,0.15705128205128205,-0.173076923076923,0.0371794871794872,-0.21025641025641018,BASELINE_NEGATIVE_CANDIDATE_POSITIVE,SAME_DIRECTION_POSITIVE,BASELINE_NEGATIVE_CANDIDATE_POSITIVE,MEDIUM_TERM_PARTICIPATION_BUILDING,MM_STRUCTURE_LONG_LIQUIDATION
2013-01-15,1683.4000244140625,-0.1923076923076923,0.0961538461538461,-0.2884615384615384,0.326923076923077,-0.012820512820512664,0.0064102564102563,-0.003205128205128182,0.3301282051282052,-0.1987179487179488,0.056418746816097806,-0.2551366955340466,BASELINE_NEGATIVE_CANDIDATE_POSITIVE,BASELINE_POSITIVE_CANDIDATE_NEGATIVE,BASELINE_NEGATIVE_CANDIDATE_POSITIVE,MEDIUM_TERM_PARTICIPATION_BUILDING,MM_STRUCTURE_LONG_LIQUIDATION
2013-01-22,1692.800048828125,-0.2307692307692307,0.1474358974358974,-0.3782051282051281,0.6153846153846154,-0.0705128205128206,-0.0705128205128204,-0.0705128205128205,0.6858974358974359,-0.2756410256410256,0.12162618083670719,-0.3972672064777328,BASELINE_NEGATIVE_CANDIDATE_POSITIVE,BASELINE_POSITIVE_CANDIDATE_NEGATIVE,BASELINE_NEGATIVE_CANDIDATE_POSITIVE,MEDIUM_TERM_PARTICIPATION_BUILDING,MM_STRUCTURE_LONG_LIQUIDATION
2013-01-29,1660.699951171875,-0.1666666666666666,0.038292847503373806,-0.2049595141700404,0.1602564102564102,0.07051282051282048,0.0576923076923077,0.0641025641025641,0.09615384615384609,-0.1666666666666666,-0.0072900955253897,-0.1593765711412769,BASELINE_NEGATIVE_CANDIDATE_POSITIVE,SAME_DIRECTION_POSITIVE,SAME_DIRECTION_NEGATIVE,MIXED_STRUCTURE,MM_STRUCTURE_LONG_LIQUIDATION
2013-02-05,1672.4000244140625,-0.1538461538461538,0.0511563599798893,-0.2050025138260431,0.2051282051282051,0.08974358974358976,0.0192307692307692,0.05448717948717948,0.1506410256410256,-0.1602564102564103,0.038295038295038296,-0.1985514485514486,BASELINE_NEGATIVE_CANDIDATE_POSITIVE,SAME_DIRECTION_POSITIVE,BASELINE_NEGATIVE_CANDIDATE_POSITIVE,MEDIUM_TERM_PARTICIPATION_BUILDING,MM_STRUCTURE_LONG_LIQUIDATION
2013-02-12,1648.699951171875,-0.1089743589743589,0.0768398268398269,-0.1858141858141858,0.1025641025641025,0.02564102564102555,0.0961538461538461,0.06089743589743583,0.04166666666666668,-0.1346153846153846,-8.27129859388015e-05,-0.13453267162944582,BASELINE_NEGATIVE_CANDIDATE_POSITIVE,SAME_DIRECTION_POSITIVE,SAME_DIRECTION_NEGATIVE,MIXED_STRUCTURE,MM_STRUCTURE_LONG_LIQUIDATION
2013-02-19,1603.5999755859375,-0.1538461538461538,-0.0130686517783292,-0.1407775020678246,0.0512820512820513,0.03205128205128205,0.1217948717948718,0.07692307692307693,-0.025641025641025626,-0.1025641025641025,-0.0833333333333333,-0.019230769230769204,SAME_DIRECTION_NEGATIVE,SAME_DIRECTION_POSITIVE,SAME_DIRECTION_NEGATIVE,MEDIUM_TERM_STRUCTURE_WEAKENING,MM_STRUCTURE_LONG_LIQUIDATION
2013-02-26,1615.199951171875,-0.0961538461538461,-0.11538461538461539,0.019230769230769287,0.0769230769230769,-0.0064102564102563875,0.0192307692307692,0.0064102564102564066,0.0705128205128205,-0.0961538461538461,-0.16666666666666669,0.07051282051282058,SAME_DIRECTION_NEGATIVE,SAME_DIRECTION_POSITIVE,SAME_DIRECTION_NEGATIVE,MEDIUM_TERM_STRUCTURE_WEAKENING,MM_STRUCTURE_LONG_LIQUIDATION
2013-03-05,1574.5999755859375,-0.0576923076923076,-0.1858974358974359,0.1282051282051283,0.0512820512820513,0.0,0.032051282051282,0.016025641025641,0.0352564102564103,-0.0641025641025641,-0.2115384615384615,0.1474358974358974,SAME_DIRECTION_NEGATIVE,SAME_DIRECTION_POSITIVE,SAME_DIRECTION_NEGATIVE,MEDIUM_TERM_STRUCTURE_WEAKENING,MM_STRUCTURE_LONG_LIQUIDATION
2013-03-12,1591.5,-0.0192307692307692,-0.1987179487179487,0.17948717948717952,0.0961538461538461,0.0064102564102563875,0.0,0.0032051282051281937,0.09294871794871791,-0.0769230769230769,-0.2564102564102564,0.1794871794871795,SAME_DIRECTION_NEGATIVE,SAME_DIRECTION_POSITIVE,SAME_DIRECTION_NEGATIVE,MEDIUM_TERM_STRUCTURE_WEAKENING,MM_STRUCTURE_LONG_LIQUIDATION
2013-03-19,1611.300048828125,0.0384615384615384,-0.1217948717948718,0.16025641025641021,0.0961538461538461,-0.02564102564102555,-0.0256410256410256,-0.025641025641025574,0.12179487179487168,-0.0897435897435897,-0.28846153846153855,0.19871794871794884,BASELINE_POSITIVE_CANDIDATE_NEGATIVE,BASELINE_POSITIVE_CANDIDATE_NEGATIVE,SAME_DIRECTION_NEGATIVE,MEDIUM_TERM_STRUCTURE_WEAKENING,MM_STRUCTURE_SHORT_BUILDING
2013-03-26,1595.800048828125,0.0,-0.3461538461538462,0.3461538461538462,-0.0064102564102563,-0.03205128205128205,-0.0256410256410256,-0.028846153846153823,0.022435897435897523,-0.0064102564102564,-0.3974358974358974,0.391025641025641,MIXED_OR_UNCLEAR,BOTH_NEAR_ZERO,SAME_DIRECTION_NEGATIVE,MEDIUM_TERM_STRUCTURE_WEAKENING,MM_STRUCTURE_NEUTRAL
2013-04-02,1575.0999755859375,-0.0128205128205128,-0.3910256410256411,0.3782051282051283,0.0128205128205127,0.0064102564102563875,-0.0192307692307692,-0.0064102564102564066,0.019230769230769107,-0.0320512820512819,-0.42948717948717946,0.3974358974358976,SAME_DIRECTION_NEGATIVE,BOTH_NEAR_ZERO,SAME_DIRECTION_NEGATIVE,MEDIUM_TERM_STRUCTURE_WEAKENING,MM_STRUCTURE_LONG_LIQUIDATION
2013-04-09,1586.199951171875,0.032051282051282,-0.3525641025641026,0.3846153846153846,-0.0256410256410256,0.0064102564102564985,-0.0256410256410256,-0.00961538461538455,-0.01602564102564105,0.0192307692307692,-0.4423076923076923,0.4615384615384615,BASELINE_POSITIVE_CANDIDATE_NEGATIVE,BOTH_NEAR_ZERO,BASELINE_POSITIVE_CANDIDATE_NEGATIVE,MEDIUM_TERM_STRUCTURE_WEAKENING,MM_STRUCTURE_ACCUMULATION
2013-04-16,1386.800048828125,0.2051282051282051,-0.1987179487179487,0.4038461538461538,-0.0512820512820513,-0.03205128205128205,-0.0256410256410256,-0.028846153846153823,-0.022435897435897478,0.0705128205128205,-0.35897435897435903,0.4294871794871795,BASELINE_POSITIVE_CANDIDATE_NEGATIVE,SAME_DIRECTION_NEGATIVE,BASELINE_POSITIVE_CANDIDATE_NEGATIVE,MEDIUM_TERM_STRUCTURE_WEAKENING,MM_STRUCTURE_ACCUMULATION
2013-04-23,1408.5999755859375,0.1153846153846153,-0.15384615384615394,0.2692307692307692,-0.0064102564102563,0.012820512820512775,0.0192307692307692,0.01602564102564099,-0.02243589743589729,0.032051282051282,-0.2948717948717949,0.32692307692307687,BASELINE_POSITIVE_CANDIDATE_NEGATIVE,BOTH_NEAR_ZERO,BASELINE_POSITIVE_CANDIDATE_NEGATIVE,MEDIUM_TERM_STRUCTURE_WEAKENING,MM_STRUCTURE_ACCUMULATION
2013-04-30,1472.199951171875,0.1217948717948718,-0.13461538461538458,0.2564102564102564,-0.032051282051282,0.019230769230769162,-0.0128205128205127,0.003205128205128231,-0.03525641025641023,0.0384615384615384,-0.2307692307692308,0.2692307692307692,BASELINE_POSITIVE_CANDIDATE_NEGATIVE,BASELINE_NEGATIVE_CANDIDATE_POSITIVE,BASELINE_POSITIVE_CANDIDATE_NEGATIVE,MEDIUM_TERM_STRUCTURE_WEAKENING,MM_STRUCTURE_ACCUMULATION
2013-05-07,1449.0,0.0641025641025641,-0.03846153846153849,0.10256410256410259,-0.0128205128205127,0.0,0.0128205128205128,0.0064102564102564,-0.0192307692307691,0.0128205128205128,-0.1538461538461539,0.1666666666666667,BASELINE_POSITIVE_CANDIDATE_NEGATIVE,BOTH_NEAR_ZERO,BASELINE_POSITIVE_CANDIDATE_NEGATIVE,MEDIUM_TERM_STRUCTURE_WEAKENING,MM_STRUCTURE_ACCUMULATION
2013-05-14,1424.699951171875,-0.1089743589743589,-0.1602564102564102,0.05128205128205128,0.0256410256410256,0.03205128205128205,0.0512820512820513,0.04166666666666667,-0.016025641025641073,-0.032051282051282,-0.23717948717948711,0.20512820512820512,SAME_DIRECTION_NEGATIVE,SAME_DIRECTION_POSITIVE,SAME_DIRECTION_NEGATIVE,MEDIUM_TERM_STRUCTURE_WEAKENING,MM_STRUCTURE_LONG_LIQUIDATION
2013-05-21,1377.800048828125,0.0641025641025641,-0.17948717948717946,0.24358974358974356,0.032051282051282,0.012820512820512775,0.0128205128205127,0.012820512820512737,0.019230769230769263,-0.0256410256410256,-0.2884615384615385,0.2628205128205129,BASELINE_POSITIVE_CANDIDATE_NEGATIVE,SAME_DIRECTION_POSITIVE,SAME_DIRECTION_NEGATIVE,MEDIUM_TERM_STRUCTURE_WEAKENING,MM_STRUCTURE_SHORT_BUILDING
2013-05-28,1379.0999755859375,0.1025641025641025,-0.23076923076923078,0.33333333333333326,0.0,-0.019230769230769162,0.0128205128205127,-0.003205128205128231,0.003205128205128231,0.0256410256410256,-0.358974358974359,0.3846153846153846,BASELINE_POSITIVE_CANDIDATE_NEGATIVE,BOTH_NEAR_ZERO,BASELINE_POSITIVE_CANDIDATE_NEGATIVE,MEDIUM_TERM_STRUCTURE_WEAKENING,MM_STRUCTURE_ACCUMULATION
2013-06-04,1397.0999755859375,-0.0384615384615384,-0.1346153846153846,0.0961538461538462,-0.0512820512820512,-0.07692307692307676,-0.0641025641025641,-0.07051282051282043,0.019230769230769232,0.0512820512820513,-0.12179487179487179,0.1730769230769231,SAME_DIRECTION_NEGATIVE,SAME_DIRECTION_NEGATIVE,BASELINE_POSITIVE_CANDIDATE_NEGATIVE,MEDIUM_TERM_STRUCTURE_WEAKENING,MM_STRUCTURE_SHORT_COVERING_RALLY
2013-06-11,1377.0,-0.0512820512820512,-0.03205128205128202,-0.019230769230769176,-0.0256410256410255,-0.0576923076923076,-0.0769230769230768,-0.06730769230769221,0.041666666666666706,0.0128205128205128,-0.1217948717948718,0.1346153846153846,SAME_DIRECTION_NEGATIVE,SAME_DIRECTION_NEGATIVE,BASELINE_POSITIVE_CANDIDATE_NEGATIVE,MEDIUM_TERM_STRUCTURE_WEAKENING,MM_STRUCTURE_SHORT_COVERING_RALLY
2013-06-18,1366.5999755859375,-0.1282051282051282,-0.1474358974358975,0.0192307692307693,0.0,0.06410256410256399,-0.0128205128205127,0.025641025641025644,-0.025641025641025644,-0.032051282051282,-0.1346153846153846,0.10256410256410262,SAME_DIRECTION_NEGATIVE,BOTH_NEAR_ZERO,SAME_DIRECTION_NEGATIVE,MEDIUM_TERM_STRUCTURE_WEAKENING,MM_STRUCTURE_LONG_LIQUIDATION
2013-06-25,1274.800048828125,-0.1217948717948718,-0.15384615384615388,0.032051282051282076,0.032051282051282,0.07692307692307676,0.0192307692307692,0.04807692307692298,-0.016025641025640983,-0.0384615384615384,-0.1025641025641025,0.0641025641025641,SAME_DIRECTION_NEGATIVE,SAME_DIRECTION_POSITIVE,SAME_DIRECTION_NEGATIVE,MEDIUM_TERM_STRUCTURE_WEAKENING,MM_STRUCTURE_LONG_LIQUIDATION
2013-07-02,1243.5999755859375,-0.1217948717948717,-0.1346153846153846,0.012820512820512914,0.0128205128205127,0.012820512820512775,0.0769230769230768,0.04487179487179479,-0.03205128205128209,-0.0256410256410256,-0.1025641025641025,0.0769230769230769,SAME_DIRECTION_NEGATIVE,SAME_DIRECTION_POSITIVE,SAME_DIRECTION_NEGATIVE,MEDIUM_TERM_STRUCTURE_WEAKENING,MM_STRUCTURE_LONG_LIQUIDATION
2013-07-09,1245.9000244140625,-0.0448717948717948,-0.0512820512820513,0.0064102564102564985,0.0,0.0,0.0769230769230768,0.0384615384615384,-0.0384615384615384,0.0064102564102564,-0.057692307692307696,0.0641025641025641,SAME_DIRECTION_NEGATIVE,MIXED_OR_UNCLEAR,BASELINE_POSITIVE_CANDIDATE_NEGATIVE,MEDIUM_TERM_STRUCTURE_WEAKENING,MM_STRUCTURE_NEUTRAL
2013-07-16,1290.800048828125,-0.0705128205128205,-0.0576923076923077,-0.012820512820512796,-0.0897435897435897,-0.08974358974358976,-0.0769230769230769,-0.08333333333333333,-0.006410256410256374,0.0448717948717947,-0.04487179487179491,0.0897435897435896,SAME_DIRECTION_NEGATIVE,SAME_DIRECTION_NEGATIVE,BASELINE_POSITIVE_CANDIDATE_NEGATIVE,MEDIUM_TERM_STRUCTURE_WEAKENING,MM_STRUCTURE_SHORT_COVERING_RALLY
2013-07-23,1335.0999755859375,-0.0384615384615384,-0.038461538461538505,1.0408340855860843e-16,-0.1025641025641025,-0.1217948717948718,-0.1217948717948718,-0.1217948717948718,0.0192307692307693,0.0833333333333334,0.0,0.0833333333333334,SAME_DIRECTION_NEGATIVE,SAME_DIRECTION_NEGATIVE,MIXED_OR_UNCLEAR,SHORT_TERM_RECOVERY_MEDIUM_TERM_UNCONFIRMED,MM_STRUCTURE_SHORT_COVERING_RALLY
2013-07-30,1324.0,-0.0192307692307692,0.012820512820512796,-0.03205128205128199,-0.0448717948717949,-0.03205128205128205,-0.1217948717948718,-0.07692307692307693,0.03205128205128203,0.0256410256410256,0.07051282051282051,-0.044871794871794914,BOTH_NEAR_ZERO,SAME_DIRECTION_NEGATIVE,SAME_DIRECTION_POSITIVE,MEDIUM_TERM_PARTICIPATION_BUILDING,MM_STRUCTURE_SHORT_COVERING_RALLY
2013-08-06,1283.199951171875,-0.1474358974358974,-0.0256410256410256,-0.1217948717948718,0.0384615384615384,0.08333333333333337,-0.0384615384615384,0.022435897435897485,0.016025641025640917,-0.0641025641025641,-0.0256410256410256,-0.0384615384615385,SAME_DIRECTION_NEGATIVE,SAME_DIRECTION_POSITIVE,SAME_DIRECTION_NEGATIVE,MEDIUM_TERM_STRUCTURE_WEAKENING,MM_STRUCTURE_LONG_LIQUIDATION
2013-08-13,1321.199951171875,-0.0256410256410256,-0.0641025641025641,0.0384615384615385,-0.0961538461538461,0.012820512820512886,-0.0192307692307691,-0.003205128205128107,-0.092948717948718,0.0256410256410256,0.025641025641025602,-3.469446951953614e-18,SAME_DIRECTION_NEGATIVE,SAME_DIRECTION_NEGATIVE,BOTH_NEAR_ZERO,SHORT_TERM_RECOVERY_MEDIUM_TERM_UNCONFIRMED,MM_STRUCTURE_SHORT_COVERING_RALLY
2013-08-20,1373.0999755859375,0.0064102564102564,0.006410256410256401,-1.734723475976807e-18,-0.1538461538461538,-0.11538461538461542,-0.032051282051282,-0.0737179487179487,-0.0801282051282051,0.0897435897435897,0.0897435897435897,0.0,BOTH_NEAR_ZERO,SAME_DIRECTION_NEGATIVE,SAME_DIRECTION_POSITIVE,MEDIUM_TERM_PARTICIPATION_BUILDING,MM_STRUCTURE_ACCUMULATION
2013-08-27,1420.5999755859375,0.032051282051282,-0.006410256410256401,0.0384615384615384,-0.1987179487179486,-0.08974358974358976,-0.0769230769230768,-0.08333333333333329,-0.11538461538461531,0.1987179487179487,0.1923076923076923,0.006410256410256415,BASELINE_POSITIVE_CANDIDATE_NEGATIVE,SAME_DIRECTION_NEGATIVE,SAME_DIRECTION_POSITIVE,SHORT_TERM_RECOVERY_MEDIUM_TERM_UNCONFIRMED,MM_STRUCTURE_ACCUMULATION
2013-09-03,1412.0,0.0448717948717948,0.0512820512820513,-0.0064102564102564985,-0.25,-0.09615384615384615,-0.2115384615384615,-0.15384615384615383,-0.09615384615384617,0.2115384615384615,0.21794871794871792,-0.006410256410256415,SAME_DIRECTION_POSITIVE,SAME_DIRECTION_NEGATIVE,SAME_DIRECTION_POSITIVE,MEDIUM_TERM_PARTICIPATION_BUILDING,MM_STRUCTURE_ACCUMULATION
2013-09-10,1364.0999755859375,-0.0192307692307692,-0.057692307692307696,0.03846153846153849,-0.1089743589743589,0.0,-0.0897435897435897,-0.04487179487179485,-0.06410256410256406,0.1282051282051283,0.1602564102564103,-0.03205128205128199,SAME_DIRECTION_NEGATIVE,SAME_DIRECTION_NEGATIVE,SAME_DIRECTION_POSITIVE,SHORT_TERM_RECOVERY_MEDIUM_TERM_UNCONFIRMED,MM_STRUCTURE_SHORT_COVERING_RALLY
2013-09-17,1309.5,-0.0961538461538461,-0.1730769230769231,0.076923076923077,-0.0576923076923077,0.07051282051282048,-0.0256410256410256,0.022435897435897443,-0.08012820512820515,0.0192307692307692,0.108974358974359,-0.0897435897435898,SAME_DIRECTION_NEGATIVE,BASELINE_NEGATIVE_CANDIDATE_POSITIVE,SAME_DIRECTION_POSITIVE,SHORT_TERM_RECOVERY_MEDIUM_TERM_UNCONFIRMED,MM_STRUCTURE_SHORT_COVERING_RALLY
2013-09-24,1316.0,-0.032051282051282,-0.019230769230769204,-0.012820512820512796,-0.0961538461538461,-0.019230769230769273,-0.0192307692307692,-0.01923076923076924,-0.07692307692307687,0.0705128205128205,0.1474358974358975,-0.076923076923077,SAME_DIRECTION_NEGATIVE,SAME_DIRECTION_NEGATIVE,SAME_DIRECTION_POSITIVE,SHORT_TERM_RECOVERY_MEDIUM_TERM_UNCONFIRMED,MM_STRUCTURE_SHORT_COVERING_RALLY
2013-10-01,1286.0,-0.0064102564102564,-0.019230769230769204,0.012820512820512804,-0.1602564102564102,-0.019230769230769162,0.0512820512820513,0.01602564102564107,-0.17628205128205127,0.1538461538461538,0.1602564102564103,-0.0064102564102564985,BOTH_NEAR_ZERO,BASELINE_NEGATIVE_CANDIDATE_POSITIVE,SAME_DIRECTION_POSITIVE,SHORT_TERM_RECOVERY_MEDIUM_TERM_UNCONFIRMED,MM_STRUCTURE_SHORT_COVERING_RALLY
2013-10-08,1324.199951171875,0.0128205128205128,-0.08333333333333329,0.09615384615384609,-0.2307692307692308,-0.1217948717948718,-0.141025641025641,-0.1314102564102564,-0.09935897435897442,0.1987179487179486,0.2051282051282051,-0.0064102564102564985,BASELINE_POSITIVE_CANDIDATE_NEGATIVE,SAME_DIRECTION_NEGATIVE,SAME_DIRECTION_POSITIVE,SHORT_TERM_RECOVERY_MEDIUM_TERM_UNCONFIRMED,MM_STRUCTURE_ACCUMULATION
2013-10-15,1273.0,-0.0064102564102564,-0.2051282051282051,0.1987179487179487,-0.0256410256410256,0.019230769230769162,0.0,0.009615384615384581,-0.03525641025641018,0.0384615384615385,0.05769230769230771,-0.01923076923076921,SAME_DIRECTION_NEGATIVE,BOTH_NEAR_ZERO,SAME_DIRECTION_POSITIVE,SHORT_TERM_RECOVERY_MEDIUM_TERM_UNCONFIRMED,MM_STRUCTURE_SHORT_COVERING_RALLY
2013-10-22,1342.5,0.0256410256410256,-0.09615384615384609,0.1217948717948717,-0.0064102564102564,0.13461538461538458,0.0128205128205127,0.07371794871794864,-0.08012820512820504,0.0128205128205128,0.1730769230769231,-0.1602564102564103,BASELINE_POSITIVE_CANDIDATE_NEGATIVE,BASELINE_NEGATIVE_CANDIDATE_POSITIVE,SAME_DIRECTION_POSITIVE,SHORT_TERM_RECOVERY_MEDIUM_TERM_UNCONFIRMED,MM_STRUCTURE_ACCUMULATION
2013-10-29,1345.199951171875,0.0705128205128205,0.0,0.0705128205128205,-0.1538461538461538,-0.22435897435897434,-0.2051282051282051,-0.2147435897435897,0.0608974358974359,0.108974358974359,0.2884615384615385,-0.1794871794871795,MIXED_OR_UNCLEAR,SAME_DIRECTION_NEGATIVE,SAME_DIRECTION_POSITIVE,SHORT_TERM_RECOVERY_MEDIUM_TERM_UNCONFIRMED,MM_STRUCTURE_ACCUMULATION
2013-11-05,1308.0,0.0576923076923076,-0.0641025641025641,0.1217948717948717,-0.1538461538461538,-0.14743589743589736,-0.0128205128205127,-0.08012820512820502,-0.07371794871794878,0.1089743589743588,0.2564102564102564,-0.14743589743589758,BASELINE_POSITIVE_CANDIDATE_NEGATIVE,SAME_DIRECTION_NEGATIVE,SAME_DIRECTION_POSITIVE,SHORT_TERM_RECOVERY_MEDIUM_TERM_UNCONFIRMED,MM_STRUCTURE_ACCUMULATION
2013-11-12,1271.0999755859375,0.0512820512820512,-0.012820512820512803,0.064102564102564,0.0128205128205128,0.23717948717948723,0.0128205128205128,0.125,-0.1121794871794872,-0.0576923076923077,0.0833333333333333,-0.141025641025641,BASELINE_POSITIVE_CANDIDATE_NEGATIVE,SAME_DIRECTION_POSITIVE,BASELINE_NEGATIVE_CANDIDATE_POSITIVE,SHORT_TERM_RECOVERY_MEDIUM_TERM_UNCONFIRMED,MM_STRUCTURE_SHORT_BUILDING
2013-11-19,1273.4000244140625,0.0064102564102564,-0.0769230769230769,0.0833333333333333,0.108974358974359,0.2435897435897436,0.0961538461538462,0.1698717948717949,-0.0608974358974359,-0.1538461538461538,0.019230769230769197,-0.173076923076923,BASELINE_POSITIVE_CANDIDATE_NEGATIVE,SAME_DIRECTION_POSITIVE,BASELINE_NEGATIVE_CANDIDATE_POSITIVE,SHORT_TERM_RECOVERY_MEDIUM_TERM_UNCONFIRMED,MM_STRUCTURE_SHORT_BUILDING
2013-11-26,1241.4000244140625,-0.0192307692307692,-0.14102564102564102,0.12179487179487182,0.1858974358974359,0.15384615384615385,0.3910256410256411,0.27243589743589747,-0.08653846153846156,-0.1730769230769231,-0.0384615384615384,-0.1346153846153847,SAME_DIRECTION_NEGATIVE,SAME_DIRECTION_POSITIVE,SAME_DIRECTION_NEGATIVE,MEDIUM_TERM_STRUCTURE_WEAKENING,MM_STRUCTURE_LONG_LIQUIDATION
2013-12-03,1221.699951171875,-0.0192307692307692,-0.0641025641025641,0.04487179487179489,0.3397435897435897,0.10897435897435892,0.3525641025641025,0.2307692307692307,0.108974358974359,-0.2307692307692307,-0.0769230769230769,-0.1538461538461538,SAME_DIRECTION_NEGATIVE,SAME_DIRECTION_POSITIVE,SAME_DIRECTION_NEGATIVE,MEDIUM_TERM_STRUCTURE_WEAKENING,MM_STRUCTURE_LONG_LIQUIDATION
2013-12-10,1262.4000244140625,-0.0064102564102564,-0.1602564102564103,0.1538461538461539,0.1602564102564102,-0.0064102564102563875,0.1474358974358973,0.07051282051282046,0.08974358974358973,-0.1217948717948718,-0.0769230769230769,-0.04487179487179491,SAME_DIRECTION_NEGATIVE,SAME_DIRECTION_POSITIVE,SAME_DIRECTION_NEGATIVE,MEDIUM_TERM_STRUCTURE_WEAKENING,MM_STRUCTURE_LONG_LIQUIDATION
2013-12-17,1231.199951171875,-0.0705128205128205,-0.0384615384615384,-0.0320512820512821,0.1858974358974359,-0.019230769230769162,0.0897435897435896,0.03525641025641022,0.1506410256410257,-0.2051282051282051,0.0,-0.2051282051282051,SAME_DIRECTION_NEGATIVE,SAME_DIRECTION_POSITIVE,MIXED_OR_UNCLEAR,MIXED_STRUCTURE,MM_STRUCTURE_LONG_LIQUIDATION
2013-12-24,1205.0999755859375,-0.1217948717948718,0.0,-0.1217948717948718,0.3974358974358974,0.012820512820512775,0.0064102564102563,0.009615384615384538,0.3878205128205129,-0.3205128205128205,0.0064102564102564,-0.32692307692307687,MIXED_OR_UNCLEAR,SAME_DIRECTION_POSITIVE,BASELINE_NEGATIVE_CANDIDATE_POSITIVE,MIXED_STRUCTURE,MM_STRUCTURE_LONG_LIQUIDATION
2013-12-31,1201.9000244140625,-0.032051282051282,0.025641025641025602,-0.0576923076923076,0.3141025641025641,-0.019230769230769273,-0.0384615384615384,-0.028846153846153837,0.34294871794871795,-0.2499999999999999,0.032051282051282,-0.2820512820512819,BASELINE_NEGATIVE_CANDIDATE_POSITIVE,BASELINE_POSITIVE_CANDIDATE_NEGATIVE,BASELINE_NEGATIVE_CANDIDATE_POSITIVE,MEDIUM_TERM_PARTICIPATION_BUILDING,MM_STRUCTURE_LONG_LIQUIDATION
2014-01-07,1229.4000244140625,0.0256410256410256,0.0576923076923077,-0.032051282051282104,0.1025641025641025,-0.0576923076923076,-0.0448717948717948,-0.0512820512820512,0.1538461538461537,-0.0320512820512821,0.044871794871794796,-0.0769230769230769,SAME_DIRECTION_POSITIVE,BASELINE_POSITIVE_CANDIDATE_NEGATIVE,BASELINE_NEGATIVE_CANDIDATE_POSITIVE,MEDIUM_TERM_PARTICIPATION_BUILDING,MM_STRUCTURE_SHORT_BUILDING
2014-01-14,1245.199951171875,0.0961538461538461,0.08974358974358979,0.006410256410256318,0.0448717948717948,-0.02564102564102555,-0.0448717948717948,-0.03525641025641017,0.08012820512820498,0.0384615384615385,0.0128205128205129,0.0256410256410256,SAME_DIRECTION_POSITIVE,BASELINE_POSITIVE_CANDIDATE_NEGATIVE,SAME_DIRECTION_POSITIVE,MEDIUM_TERM_PARTICIPATION_BUILDING,MM_STRUCTURE_NEUTRAL
2014-01-21,1242.300048828125,0.1346153846153846,0.03205128205128209,0.10256410256410252,-0.0576923076923077,-0.0064102564102563875,-0.0641025641025641,-0.03525641025641024,-0.02243589743589746,0.0641025641025641,-0.057692307692307696,0.12179487179487179,SAME_DIRECTION_POSITIVE,SAME_DIRECTION_NEGATIVE,BASELINE_POSITIVE_CANDIDATE_NEGATIVE,SHORT_TERM_RECOVERY_MEDIUM_TERM_UNCONFIRMED,MM_STRUCTURE_ACCUMULATION
2014-01-28,1251.0,0.2179487179487179,0.1730769230769231,0.044871794871794796,-0.1794871794871795,-0.11538461538461553,-0.141025641025641,-0.12820512820512825,-0.05128205128205124,0.1602564102564102,0.057692307692307696,0.10256410256410249,SAME_DIRECTION_POSITIVE,SAME_DIRECTION_NEGATIVE,SAME_DIRECTION_POSITIVE,MEDIUM_TERM_PARTICIPATION_BUILDING,MM_STRUCTURE_ACCUMULATION
2014-02-04,1251.699951171875,0.173076923076923,0.1602564102564103,0.012820512820512692,-0.1410256410256409,-0.08974358974358987,-0.0961538461538461,-0.09294871794871798,-0.048076923076922934,0.1282051282051282,0.11538461538461539,0.012820512820512803,SAME_DIRECTION_POSITIVE,SAME_DIRECTION_NEGATIVE,SAME_DIRECTION_POSITIVE,MEDIUM_TERM_PARTICIPATION_BUILDING,MM_STRUCTURE_ACCUMULATION
2014-02-11,1290.0999755859375,0.4038461538461538,0.39102564102564097,0.01282051282051283,-0.1410256410256409,0.019230769230769273,-0.0961538461538461,-0.038461538461538415,-0.1025641025641025,0.2051282051282051,0.1794871794871795,0.025641025641025605,SAME_DIRECTION_POSITIVE,SAME_DIRECTION_NEGATIVE,SAME_DIRECTION_POSITIVE,MEDIUM_TERM_PARTICIPATION_BUILDING,MM_STRUCTURE_ACCUMULATION
2014-02-18,1324.699951171875,0.4871794871794871,0.4807692307692308,0.006410256410256332,-0.25,-0.09615384615384615,-0.1858974358974359,-0.14102564102564102,-0.10897435897435898,0.3141025641025641,0.23076923076923084,0.08333333333333326,SAME_DIRECTION_POSITIVE,SAME_DIRECTION_NEGATIVE,SAME_DIRECTION_POSITIVE,MEDIUM_TERM_PARTICIPATION_BUILDING,MM_STRUCTURE_ACCUMULATION
2014-02-25,1343.0,0.5064102564102565,0.5000000000000001,0.0064102564102563875,-0.3525641025641026,-0.23076923076923084,-0.2115384615384615,-0.22115384615384617,-0.13141025641025642,0.4423076923076924,0.27564102564102566,0.16666666666666674,SAME_DIRECTION_POSITIVE,SAME_DIRECTION_NEGATIVE,SAME_DIRECTION_POSITIVE,MEDIUM_TERM_PARTICIPATION_BUILDING,MM_STRUCTURE_ACCUMULATION
2014-03-04,1337.800048828125,0.4807692307692307,0.4935897435897436,-0.012820512820512886,-0.3846153846153846,-0.1923076923076923,-0.2884615384615384,-0.24038461538461534,-0.14423076923076925,0.4487179487179488,0.28205128205128205,0.16666666666666674,SAME_DIRECTION_POSITIVE,SAME_DIRECTION_NEGATIVE,SAME_DIRECTION_POSITIVE,MEDIUM_TERM_PARTICIPATION_BUILDING,MM_STRUCTURE_ACCUMULATION
2014-03-11,1346.5,0.4423076923076923,0.5512820512820513,-0.10897435897435903,-0.4358974358974359,-0.10897435897435892,-0.3397435897435897,-0.2243589743589743,-0.2115384615384616,0.4743589743589743,0.3589743589743589,0.11538461538461536,SAME_DIRECTION_POSITIVE,SAME_DIRECTION_NEGATIVE,SAME_DIRECTION_POSITIVE,MEDIUM_TERM_PARTICIPATION_BUILDING,MM_STRUCTURE_ACCUMULATION
2014-03-18,1359.0,0.5192307692307692,0.6474358974358975,-0.1282051282051283,-0.4615384615384615,-0.08333333333333343,-0.2756410256410256,-0.17948717948717952,-0.282051282051282,0.5705128205128206,0.49358974358974367,0.07692307692307693,SAME_DIRECTION_POSITIVE,SAME_DIRECTION_NEGATIVE,SAME_DIRECTION_POSITIVE,MEDIUM_TERM_PARTICIPATION_BUILDING,MM_STRUCTURE_ACCUMULATION
2014-03-25,1311.4000244140625,0.3076923076923076,0.5128205128205129,-0.2051282051282053,-0.3397435897435897,-0.019230769230769218,-0.1282051282051281,-0.07371794871794866,-0.266025641025641,0.3846153846153847,0.3717948717948718,0.012820512820512886,SAME_DIRECTION_POSITIVE,SAME_DIRECTION_NEGATIVE,SAME_DIRECTION_POSITIVE,MEDIUM_TERM_PARTICIPATION_BUILDING,MM_STRUCTURE_ACCUMULATION
2014-04-01,1279.5999755859375,0.2371794871794871,0.4038461538461538,-0.1666666666666667,-0.3076923076923077,0.06410256410256415,-0.0192307692307692,0.022435897435897474,-0.3301282051282052,0.3205128205128205,0.28205128205128205,0.038461538461538436,SAME_DIRECTION_POSITIVE,BASELINE_NEGATIVE_CANDIDATE_POSITIVE,SAME_DIRECTION_POSITIVE,MEDIUM_TERM_PARTICIPATION_BUILDING,MM_STRUCTURE_ACCUMULATION
2014-04-08,1308.699951171875,-0.173076923076923,0.2051282051282051,-0.3782051282051281,-0.2756410256410256,0.08333333333333331,0.0641025641025641,0.0737179487179487,-0.34935897435897434,0.2051282051282051,0.185897435897436,0.019230769230769107,BASELINE_NEGATIVE_CANDIDATE_POSITIVE,BASELINE_NEGATIVE_CANDIDATE_POSITIVE,SAME_DIRECTION_POSITIVE,MEDIUM_TERM_PARTICIPATION_BUILDING,MM_STRUCTURE_SHORT_COVERING_RALLY
2014-04-15,1300.0,-0.3397435897435897,0.14743589743589738,-0.4871794871794871,-0.1282051282051282,0.08333333333333337,0.1474358974358974,0.11538461538461539,-0.24358974358974358,0.032051282051282,0.22435897435897437,-0.19230769230769237,BASELINE_NEGATIVE_CANDIDATE_POSITIVE,BASELINE_NEGATIVE_CANDIDATE_POSITIVE,SAME_DIRECTION_POSITIVE,MEDIUM_TERM_PARTICIPATION_BUILDING,MM_STRUCTURE_SHORT_COVERING_RALLY
2014-04-22,1280.5999755859375,-0.3653846153846154,0.108974358974359,-0.47435897435897445,-0.0384615384615384,0.0064102564102563875,0.0897435897435897,0.048076923076923045,-0.08653846153846145,-0.0961538461538462,0.16666666666666669,-0.2628205128205129,BASELINE_NEGATIVE_CANDIDATE_POSITIVE,BASELINE_NEGATIVE_CANDIDATE_POSITIVE,BASELINE_NEGATIVE_CANDIDATE_POSITIVE,MEDIUM_TERM_PARTICIPATION_BUILDING,MM_STRUCTURE_LONG_LIQUIDATION
2014-04-29,1296.0,-0.3653846153846153,0.05769230769230768,-0.423076923076923,0.0384615384615384,-0.02564102564102566,0.0576923076923077,0.01602564102564102,0.02243589743589738,-0.1153846153846153,0.05769230769230771,-0.17307692307692302,BASELINE_NEGATIVE_CANDIDATE_POSITIVE,SAME_DIRECTION_POSITIVE,BASELINE_NEGATIVE_CANDIDATE_POSITIVE,MEDIUM_TERM_PARTICIPATION_BUILDING,MM_STRUCTURE_LONG_LIQUIDATION
2014-05-06,1308.300048828125,-0.0961538461538461,0.39743589743589736,-0.49358974358974345,0.0641025641025641,-0.0064102564102563875,0.0,-0.0032051282051281937,0.06730769230769229,-0.0576923076923076,0.1923076923076924,-0.25,BASELINE_NEGATIVE_CANDIDATE_POSITIVE,BASELINE_POSITIVE_CANDIDATE_NEGATIVE,BASELINE_NEGATIVE_CANDIDATE_POSITIVE,MEDIUM_TERM_PARTICIPATION_BUILDING,MM_STRUCTURE_LONG_LIQUIDATION
2014-05-13,1294.5999755859375,-0.2564102564102564,0.3397435897435897,-0.596153846153846,0.1346153846153845,0.012820512820512775,-0.0128205128205128,-1.214306433183765e-17,0.1346153846153845,-0.1923076923076924,0.358974358974359,-0.5512820512820513,BASELINE_NEGATIVE_CANDIDATE_POSITIVE,BASELINE_POSITIVE_CANDIDATE_NEGATIVE,BASELINE_NEGATIVE_CANDIDATE_POSITIVE,MEDIUM_TERM_PARTICIPATION_BUILDING,MM_STRUCTURE_LONG_LIQUIDATION
2014-05-20,1294.5,-0.2115384615384615,0.29487179487179493,-0.5064102564102564,0.1153846153846153,0.03205128205128205,0.0256410256410256,0.028846153846153823,0.08653846153846147,-0.1153846153846154,0.4102564102564103,-0.5256410256410257,BASELINE_NEGATIVE_CANDIDATE_POSITIVE,SAME_DIRECTION_POSITIVE,BASELINE_NEGATIVE_CANDIDATE_POSITIVE,MEDIUM_TERM_PARTICIPATION_BUILDING,MM_STRUCTURE_LONG_LIQUIDATION
2014-05-27,1265.4000244140625,-0.1153846153846153,0.3076923076923077,-0.423076923076923,0.1987179487179486,0.1282051282051282,0.1410256410256409,0.13461538461538455,0.06410256410256404,-0.1923076923076923,0.26282051282051283,-0.4551282051282051,BASELINE_NEGATIVE_CANDIDATE_POSITIVE,SAME_DIRECTION_POSITIVE,BASELINE_NEGATIVE_CANDIDATE_POSITIVE,MEDIUM_TERM_PARTICIPATION_BUILDING,MM_STRUCTURE_LONG_LIQUIDATION
2014-06-03,1244.300048828125,0.0833333333333333,0.3076923076923077,-0.2243589743589744,0.3461538461538461,0.3141025641025641,0.3461538461538461,0.33012820512820507,0.016025641025641024,-0.3141025641025641,0.1025641025641025,-0.41666666666666663,SAME_DIRECTION_POSITIVE,SAME_DIRECTION_POSITIVE,BASELINE_NEGATIVE_CANDIDATE_POSITIVE,MEDIUM_TERM_PARTICIPATION_BUILDING,MM_STRUCTURE_SHORT_BUILDING
2014-06-10,1259.800048828125,0.1538461538461538,0.3076923076923077,-0.1538461538461539,0.3012820512820512,0.1858974358974359,0.3141025641025641,0.25,0.05128205128205121,-0.25,0.0961538461538461,-0.3461538461538461,SAME_DIRECTION_POSITIVE,SAME_DIRECTION_POSITIVE,BASELINE_NEGATIVE_CANDIDATE_POSITIVE,MEDIUM_TERM_PARTICIPATION_BUILDING,MM_STRUCTURE_SHORT_BUILDING
2014-06-17,1271.699951171875,0.2307692307692307,0.4102564102564103,-0.1794871794871796,0.2051282051282051,-0.13461538461538458,0.1794871794871795,0.022435897435897453,0.18269230769230765,-0.1346153846153845,0.2371794871794872,-0.3717948717948717,SAME_DIRECTION_POSITIVE,SAME_DIRECTION_POSITIVE,BASELINE_NEGATIVE_CANDIDATE_POSITIVE,MEDIUM_TERM_PARTICIPATION_BUILDING,MM_STRUCTURE_SHORT_BUILDING
2014-06-24,1320.9000244140625,0.5192307692307692,0.6987179487179488,-0.17948717948717963,0.0384615384615384,-0.28846153846153844,-0.1025641025641025,-0.19551282051282048,0.2339743589743589,0.1923076923076923,0.5705128205128206,-0.3782051282051283,SAME_DIRECTION_POSITIVE,BASELINE_POSITIVE_CANDIDATE_NEGATIVE,SAME_DIRECTION_POSITIVE,MEDIUM_TERM_PARTICIPATION_BUILDING,MM_STRUCTURE_NEUTRAL
2014-07-01,1326.4000244140625,0.3461538461538461,0.7756410256410257,-0.42948717948717957,-0.1346153846153846,-0.34615384615384626,-0.4807692307692308,-0.41346153846153855,0.27884615384615397,0.2884615384615385,0.7307692307692308,-0.44230769230769235,SAME_DIRECTION_POSITIVE,SAME_DIRECTION_NEGATIVE,SAME_DIRECTION_POSITIVE,MEDIUM_TERM_PARTICIPATION_BUILDING,MM_STRUCTURE_ACCUMULATION
2014-07-08,1316.0,0.4423076923076923,0.7564102564102564,-0.3141025641025641,-0.2051282051282051,-0.23076923076923078,-0.5192307692307692,-0.375,0.1698717948717949,0.3525641025641026,0.7435897435897437,-0.39102564102564114,SAME_DIRECTION_POSITIVE,SAME_DIRECTION_NEGATIVE,SAME_DIRECTION_POSITIVE,MEDIUM_TERM_PARTICIPATION_BUILDING,MM_STRUCTURE_CROWDED_LONG
2014-07-15,1296.9000244140625,0.4999999999999999,0.6987179487179487,-0.1987179487179488,-0.1346153846153845,0.032051282051282104,-0.3141025641025641,-0.141025641025641,0.0064102564102564985,0.3076923076923077,0.6794871794871795,-0.3717948717948718,SAME_DIRECTION_POSITIVE,SAME_DIRECTION_NEGATIVE,SAME_DIRECTION_POSITIVE,MEDIUM_TERM_PARTICIPATION_BUILDING,MM_STRUCTURE_ACCUMULATION
2014-07-22,1306.0999755859375,0.5064102564102564,0.6794871794871795,-0.17307692307692313,-0.3269230769230768,0.0064102564102563875,-0.2243589743589743,-0.10897435897435896,-0.21794871794871784,0.5064102564102564,0.7051282051282052,-0.1987179487179488,SAME_DIRECTION_POSITIVE,SAME_DIRECTION_NEGATIVE,SAME_DIRECTION_POSITIVE,MEDIUM_TERM_PARTICIPATION_BUILDING,MM_STRUCTURE_ACCUMULATION
2014-07-29,1298.300048828125,0.4102564102564102,0.5,-0.08974358974358981,-0.4551282051282051,-0.0064102564102563875,0.0256410256410256,0.009615384615384606,-0.4647435897435897,0.5448717948717949,0.4871794871794872,0.05769230769230771,SAME_DIRECTION_POSITIVE,BASELINE_NEGATIVE_CANDIDATE_POSITIVE,SAME_DIRECTION_POSITIVE,MEDIUM_TERM_PARTICIPATION_BUILDING,MM_STRUCTURE_ACCUMULATION
2014-08-05,1284.0,0.2692307692307692,0.40384615384615385,-0.13461538461538464,-0.3205128205128205,0.19230769230769235,0.1987179487179487,0.19551282051282054,-0.516025641025641,0.4166666666666667,0.3846153846153847,0.03205128205128199,SAME_DIRECTION_POSITIVE,BASELINE_NEGATIVE_CANDIDATE_POSITIVE,SAME_DIRECTION_POSITIVE,MEDIUM_TERM_PARTICIPATION_BUILDING,MM_STRUCTURE_ACCUMULATION
2014-08-12,1308.800048828125,0.3653846153846153,0.37179487179487186,-0.006410256410256554,-0.391025641025641,-0.07051282051282054,-0.0769230769230769,-0.07371794871794872,-0.3173076923076923,0.4615384615384615,0.49358974358974367,-0.03205128205128216,SAME_DIRECTION_POSITIVE,SAME_DIRECTION_NEGATIVE,SAME_DIRECTION_POSITIVE,MEDIUM_TERM_PARTICIPATION_BUILDING,MM_STRUCTURE_ACCUMULATION
2014-08-19,1295.0999755859375,-0.0512820512820512,0.16025641025641035,-0.21153846153846156,-0.2051282051282051,-0.17307692307692307,0.0192307692307692,-0.07692307692307694,-0.12820512820512814,0.0192307692307691,0.2756410256410256,-0.2564102564102565,BASELINE_NEGATIVE_CANDIDATE_POSITIVE,SAME_DIRECTION_NEGATIVE,SAME_DIRECTION_POSITIVE,MEDIUM_TERM_PARTICIPATION_BUILDING,MM_STRUCTURE_SHORT_COVERING_RALLY
2014-08-26,1283.800048828125,-0.3205128205128205,-0.05128205128205132,-0.26923076923076916,0.2371794871794871,0.28205128205128205,0.2115384615384615,0.24679487179487178,-0.009615384615384692,-0.3012820512820514,-0.012820512820512886,-0.2884615384615385,SAME_DIRECTION_NEGATIVE,SAME_DIRECTION_POSITIVE,SAME_DIRECTION_NEGATIVE,MEDIUM_TERM_STRUCTURE_WEAKENING,MM_STRUCTURE_LONG_LIQUIDATION
2014-09-02,1263.699951171875,-0.3846153846153846,-0.10897435897435898,-0.2756410256410256,0.3076923076923077,0.2820512820512821,0.108974358974359,0.19551282051282054,0.11217948717948717,-0.4935897435897436,-0.19871794871794868,-0.29487179487179493,SAME_DIRECTION_NEGATIVE,SAME_DIRECTION_POSITIVE,SAME_DIRECTION_NEGATIVE,MEDIUM_TERM_STRUCTURE_WEAKENING,MM_STRUCTURE_LONG_LIQUIDATION
2014-09-09,1246.800048828125,-0.3076923076923076,-0.05128205128205121,-0.2564102564102564,0.3012820512820512,0.09615384615384615,0.3782051282051281,0.23717948717948711,0.0641025641025641,-0.4423076923076924,-0.23717948717948723,-0.20512820512820518,SAME_DIRECTION_NEGATIVE,SAME_DIRECTION_POSITIVE,SAME_DIRECTION_NEGATIVE,MEDIUM_TERM_STRUCTURE_WEAKENING,MM_STRUCTURE_LONG_LIQUIDATION
2014-09-16,1235.199951171875,-0.3974358974358974,-0.23717948717948717,-0.16025641025641024,0.5064102564102564,0.20512820512820507,0.4871794871794871,0.3461538461538461,0.1602564102564103,-0.6410256410256411,-0.5064102564102565,-0.13461538461538458,SAME_DIRECTION_NEGATIVE,SAME_DIRECTION_POSITIVE,SAME_DIRECTION_NEGATIVE,MEDIUM_TERM_STRUCTURE_WEAKENING,MM_STRUCTURE_LONG_LIQUIDATION
2014-09-23,1221.0,-0.4487179487179487,-0.25641025641025644,-0.19230769230769224,0.5192307692307692,0.21153846153846168,0.3076923076923077,0.2596153846153847,0.25961538461538447,-0.5833333333333334,-0.48076923076923084,-0.10256410256410253,SAME_DIRECTION_NEGATIVE,SAME_DIRECTION_POSITIVE,SAME_DIRECTION_NEGATIVE,MEDIUM_TERM_STRUCTURE_WEAKENING,MM_STRUCTURE_LONG_LIQUIDATION
2014-09-30,1210.5,-0.2628205128205128,-0.09615384615384609,-0.16666666666666669,0.3782051282051282,0.06410256410256421,0.2692307692307691,0.16666666666666666,0.21153846153846154,-0.4358974358974359,-0.3717948717948718,-0.0641025641025641,SAME_DIRECTION_NEGATIVE,SAME_DIRECTION_POSITIVE,SAME_DIRECTION_NEGATIVE,MEDIUM_TERM_STRUCTURE_WEAKENING,MM_STRUCTURE_LONG_LIQUIDATION
2014-10-07,1211.699951171875,-0.5064102564102564,0.03846153846153852,-0.5448717948717949,0.5769230769230769,-0.012820512820512886,0.1987179487179488,0.09294871794871795,0.4839743589743589,-0.6410256410256411,-0.3525641025641026,-0.2884615384615385,BASELINE_NEGATIVE_CANDIDATE_POSITIVE,SAME_DIRECTION_POSITIVE,SAME_DIRECTION_NEGATIVE,MIXED_STRUCTURE,MM_STRUCTURE_LONG_LIQUIDATION
2014-10-14,1233.5999755859375,-0.032051282051282,0.46794871794871806,-0.5000000000000001,0.5512820512820513,0.0,0.0641025641025641,0.03205128205128205,0.5192307692307693,-0.4294871794871795,-0.185897435897436,-0.24358974358974353,BASELINE_NEGATIVE_CANDIDATE_POSITIVE,SAME_DIRECTION_POSITIVE,SAME_DIRECTION_NEGATIVE,MIXED_STRUCTURE,MM_STRUCTURE_LONG_LIQUIDATION
2014-10-21,1251.0,0.2564102564102564,0.5705128205128205,-0.3141025641025641,0.1858974358974359,-0.10897435897435903,-0.1217948717948718,-0.11538461538461542,0.3012820512820513,-0.1217948717948718,-0.03846153846153849,-0.08333333333333331,SAME_DIRECTION_POSITIVE,BASELINE_POSITIVE_CANDIDATE_NEGATIVE,SAME_DIRECTION_NEGATIVE,SHORT_TERM_RECOVERY_MEDIUM_TERM_UNCONFIRMED,MM_STRUCTURE_SHORT_BUILDING
2014-10-28,1229.199951171875,0.2756410256410256,0.5320512820512822,-0.25641025641025655,0.1346153846153845,-0.1346153846153847,-0.1346153846153845,-0.13461538461538458,0.26923076923076905,0.0256410256410256,-0.05769230769230771,0.08333333333333331,SAME_DIRECTION_POSITIVE,BASELINE_POSITIVE_CANDIDATE_NEGATIVE,BASELINE_POSITIVE_CANDIDATE_NEGATIVE,SHORT_TERM_RECOVERY_MEDIUM_TERM_UNCONFIRMED,MM_STRUCTURE_NEUTRAL
2014-11-04,1167.4000244140625,-0.1025641025641025,-0.0576923076923076,-0.04487179487179491,0.141025641025641,0.05128205128205143,-0.0576923076923077,-0.0032051282051281348,0.14423076923076913,-0.1602564102564102,-0.33974358974358976,0.17948717948717957,SAME_DIRECTION_NEGATIVE,BASELINE_POSITIVE_CANDIDATE_NEGATIVE,SAME_DIRECTION_NEGATIVE,MEDIUM_TERM_STRUCTURE_WEAKENING,MM_STRUCTURE_LONG_LIQUIDATION
2014-11-11,1162.800048828125,-0.1282051282051282,-0.10897435897435892,-0.019230769230769273,0.0384615384615384,0.10897435897435903,-0.0256410256410256,0.04166666666666671,-0.0032051282051283117,-0.0384615384615385,-0.3525641025641026,0.3141025641025641,SAME_DIRECTION_NEGATIVE,SAME_DIRECTION_POSITIVE,SAME_DIRECTION_NEGATIVE,MEDIUM_TERM_STRUCTURE_WEAKENING,MM_STRUCTURE_LONG_LIQUIDATION
2014-11-18,1196.699951171875,0.2948717948717948,0.24999999999999994,0.04487179487179488,-0.1217948717948718,-0.05128205128205143,0.0,-0.025641025641025716,-0.09615384615384609,0.1666666666666665,-0.19871794871794882,0.3653846153846153,SAME_DIRECTION_POSITIVE,SAME_DIRECTION_NEGATIVE,BASELINE_POSITIVE_CANDIDATE_NEGATIVE,SHORT_TERM_RECOVERY_MEDIUM_TERM_UNCONFIRMED,MM_STRUCTURE_ACCUMULATION
2014-11-25,1197.0999755859375,0.1346153846153846,0.1538461538461538,-0.01923076923076919,-0.2692307692307691,-0.2435897435897436,-0.1346153846153845,-0.18910256410256404,-0.08012820512820507,0.2243589743589744,0.04487179487179488,0.17948717948717952,SAME_DIRECTION_POSITIVE,SAME_DIRECTION_NEGATIVE,SAME_DIRECTION_POSITIVE,MEDIUM_TERM_PARTICIPATION_BUILDING,MM_STRUCTURE_ACCUMULATION
2014-12-02,1199.199951171875,0.2692307692307691,0.22435897435897434,0.04487179487179477,-0.3397435897435897,-0.23076923076923073,-0.282051282051282,-0.2564102564102564,-0.08333333333333331,0.3589743589743589,0.3205128205128205,0.038461538461538436,SAME_DIRECTION_POSITIVE,SAME_DIRECTION_NEGATIVE,SAME_DIRECTION_POSITIVE,MEDIUM_TERM_PARTICIPATION_BUILDING,MM_STRUCTURE_ACCUMULATION
2014-12-09,1231.5,0.1474358974358973,0.4615384615384615,-0.3141025641025642,-0.3846153846153846,-0.11538461538461542,-0.3589743589743589,-0.23717948717948717,-0.1474358974358974,0.4487179487179488,0.5128205128205129,-0.0641025641025641,SAME_DIRECTION_POSITIVE,SAME_DIRECTION_NEGATIVE,SAME_DIRECTION_POSITIVE,MEDIUM_TERM_PARTICIPATION_BUILDING,MM_STRUCTURE_ACCUMULATION
2014-12-16,1193.9000244140625,-0.0192307692307691,0.32051282051282054,-0.33974358974358965,-0.2948717948717948,-0.0641025641025641,-0.2948717948717948,-0.17948717948717946,-0.11538461538461536,0.3076923076923077,0.40384615384615385,-0.09615384615384615,BASELINE_NEGATIVE_CANDIDATE_POSITIVE,SAME_DIRECTION_NEGATIVE,SAME_DIRECTION_POSITIVE,MEDIUM_TERM_PARTICIPATION_BUILDING,MM_STRUCTURE_SHORT_COVERING_RALLY
2014-12-23,1177.9000244140625,-0.0705128205128206,-0.05769230769230771,-0.012820512820512886,-0.2435897435897436,0.0064102564102563875,-0.108974358974359,-0.05128205128205131,-0.1923076923076923,0.2435897435897435,-0.0064102564102564985,0.25,SAME_DIRECTION_NEGATIVE,SAME_DIRECTION_NEGATIVE,BASELINE_POSITIVE_CANDIDATE_NEGATIVE,MEDIUM_TERM_STRUCTURE_WEAKENING,MM_STRUCTURE_SHORT_COVERING_RALLY
2014-12-30,1200.199951171875,0.2756410256410256,-0.1282051282051282,0.4038461538461538,-0.3397435897435897,0.0064102564102563875,-0.0576923076923077,-0.025641025641025657,-0.31410256410256404,0.4487179487179488,-0.17948717948717952,0.6282051282051283,BASELINE_POSITIVE_CANDIDATE_NEGATIVE,SAME_DIRECTION_NEGATIVE,BASELINE_POSITIVE_CANDIDATE_NEGATIVE,MEDIUM_TERM_STRUCTURE_WEAKENING,MM_STRUCTURE_ACCUMULATION
2015-01-06,1219.300048828125,0.4551282051282051,-0.09615384615384615,0.5512820512820513,-0.4615384615384615,-0.10897435897435903,-0.1025641025641025,-0.10576923076923077,-0.3557692307692307,0.5833333333333334,-0.1217948717948718,0.7051282051282052,BASELINE_POSITIVE_CANDIDATE_NEGATIVE,SAME_DIRECTION_NEGATIVE,BASELINE_POSITIVE_CANDIDATE_NEGATIVE,MEDIUM_TERM_STRUCTURE_WEAKENING,MM_STRUCTURE_ACCUMULATION
2015-01-13,1234.300048828125,0.2243589743589744,-0.02564102564102555,0.24999999999999994,-0.4423076923076923,-0.1538461538461539,-0.1474358974358974,-0.15064102564102566,-0.29166666666666663,0.4935897435897436,-0.012820512820512886,0.5064102564102565,BASELINE_POSITIVE_CANDIDATE_NEGATIVE,SAME_DIRECTION_NEGATIVE,BASELINE_POSITIVE_CANDIDATE_NEGATIVE,MEDIUM_TERM_STRUCTURE_WEAKENING,MM_STRUCTURE_ACCUMULATION
2015-01-20,1294.199951171875,0.4615384615384615,0.10897435897435914,0.35256410256410237,-0.4166666666666667,-0.19871794871794873,-0.3076923076923077,-0.2532051282051282,-0.1634615384615385,0.5705128205128205,0.10897435897435892,0.46153846153846156,SAME_DIRECTION_POSITIVE,SAME_DIRECTION_NEGATIVE,SAME_DIRECTION_POSITIVE,MEDIUM_TERM_PARTICIPATION_BUILDING,MM_STRUCTURE_CROWDED_LONG
2015-01-27,1291.699951171875,0.4423076923076924,0.2564102564102565,0.1858974358974359,-0.4102564102564102,-0.19871794871794868,-0.3525641025641025,-0.27564102564102555,-0.13461538461538464,0.5256410256410258,0.3012820512820513,0.22435897435897445,SAME_DIRECTION_POSITIVE,SAME_DIRECTION_NEGATIVE,SAME_DIRECTION_POSITIVE,MEDIUM_TERM_PARTICIPATION_BUILDING,MM_STRUCTURE_CROWDED_LONG
2015-02-03,1259.699951171875,0.1666666666666667,0.35897435897435903,-0.19230769230769232,-0.3910256410256411,-0.08974358974358967,-0.2884615384615384,-0.18910256410256404,-0.20192307692307704,0.3205128205128206,0.41666666666666674,-0.09615384615384615,SAME_DIRECTION_POSITIVE,SAME_DIRECTION_NEGATIVE,SAME_DIRECTION_POSITIVE,MEDIUM_TERM_PARTICIPATION_BUILDING,MM_STRUCTURE_CROWDED_LONG
2015-02-10,1231.5999755859375,0.1217948717948717,0.07692307692307687,0.04487179487179482,-0.3333333333333333,0.012820512820512803,-0.1858974358974358,-0.0865384615384615,-0.2467948717948718,0.1794871794871795,0.1217948717948718,0.05769230769230768,SAME_DIRECTION_POSITIVE,SAME_DIRECTION_NEGATIVE,SAME_DIRECTION_POSITIVE,MEDIUM_TERM_PARTICIPATION_BUILDING,MM_STRUCTURE_CROWDED_LONG
2015-02-17,1208.0999755859375,0.0961538461538461,0.08974358974358965,0.006410256410256457,-0.1346153846153845,0.2628205128205128,0.1730769230769231,0.21794871794871795,-0.3525641025641024,0.108974358974359,0.08333333333333337,0.025641025641025633,SAME_DIRECTION_POSITIVE,BASELINE_NEGATIVE_CANDIDATE_POSITIVE,SAME_DIRECTION_POSITIVE,MEDIUM_TERM_PARTICIPATION_BUILDING,MM_STRUCTURE_ACCUMULATION
2015-02-24,1196.9000244140625,-0.0192307692307691,0.17307692307692313,-0.19230769230769224,-0.0448717948717948,0.29487179487179493,0.3076923076923077,0.3012820512820513,-0.34615384615384615,0.032051282051282,0.1538461538461539,-0.12179487179487192,BASELINE_NEGATIVE_CANDIDATE_POSITIVE,BASELINE_NEGATIVE_CANDIDATE_POSITIVE,SAME_DIRECTION_POSITIVE,MEDIUM_TERM_PARTICIPATION_BUILDING,MM_STRUCTURE_SHORT_COVERING_RALLY
2015-03-03,1204.0,-0.2564102564102564,0.032051282051282104,-0.2884615384615385,0.1153846153846153,0.14102564102564102,0.4038461538461538,0.2724358974358974,-0.1570512820512821,-0.2051282051282052,0.16666666666666657,-0.3717948717948718,BASELINE_NEGATIVE_CANDIDATE_POSITIVE,SAME_DIRECTION_POSITIVE,BASELINE_NEGATIVE_CANDIDATE_POSITIVE,MEDIUM_TERM_PARTICIPATION_BUILDING,MM_STRUCTURE_LONG_LIQUIDATION
2015-03-10,1160.0999755859375,-0.5897435897435898,-0.30769230769230776,-0.282051282051282,0.2756410256410256,0.16666666666666663,0.4615384615384615,0.3141025641025641,-0.03846153846153849,-0.4743589743589743,-0.04487179487179482,-0.42948717948717946,SAME_DIRECTION_NEGATIVE,SAME_DIRECTION_POSITIVE,SAME_DIRECTION_NEGATIVE,MEDIUM_TERM_STRUCTURE_WEAKENING,MM_STRUCTURE_LONG_LIQUIDATION
2015-03-17,1148.300048828125,-0.8461538461538461,-0.33974358974358976,-0.5064102564102564,0.6474358974358975,0.3333333333333335,0.4743589743589743,0.40384615384615385,0.2435897435897436,-0.8397435897435898,-0.08974358974358981,-0.75,SAME_DIRECTION_NEGATIVE,SAME_DIRECTION_POSITIVE,SAME_DIRECTION_NEGATIVE,MEDIUM_TERM_STRUCTURE_WEAKENING,MM_STRUCTURE_LONG_LIQUIDATION
2015-03-24,1191.699951171875,-0.8846153846153847,-0.1794871794871795,-0.7051282051282052,0.7884615384615384,0.3141025641025641,0.4807692307692307,0.3974358974358974,0.391025641025641,-0.935897435897436,-0.051282051282051294,-0.8846153846153847,SAME_DIRECTION_NEGATIVE,SAME_DIRECTION_POSITIVE,SAME_DIRECTION_NEGATIVE,MEDIUM_TERM_STRUCTURE_WEAKENING,MM_STRUCTURE_LONG_LIQUIDATION
2015-03-31,1183.0999755859375,-0.8141025641025641,-0.19230769230769232,-0.6217948717948718,0.6025641025641026,-0.1346153846153847,0.1987179487179488,0.03205128205128205,0.5705128205128206,-0.8076923076923078,0.04487179487179491,-0.8525641025641028,SAME_DIRECTION_NEGATIVE,SAME_DIRECTION_POSITIVE,BASELINE_NEGATIVE_CANDIDATE_POSITIVE,MIXED_STRUCTURE,MM_STRUCTURE_LONG_LIQUIDATION
2015-04-07,1210.5999755859375,-0.4487179487179487,0.13461538461538458,-0.5833333333333333,0.4358974358974359,-0.33974358974358976,-0.0256410256410256,-0.18269230769230768,0.6185897435897436,-0.467948717948718,0.2948717948717948,-0.7628205128205128,BASELINE_NEGATIVE_CANDIDATE_POSITIVE,BASELINE_POSITIVE_CANDIDATE_NEGATIVE,BASELINE_NEGATIVE_CANDIDATE_POSITIVE,MEDIUM_TERM_PARTICIPATION_BUILDING,MM_STRUCTURE_LONG_LIQUIDATION
2015-04-14,1192.800048828125,-0.4423076923076922,-0.3205128205128206,-0.12179487179487158,0.2435897435897436,-0.09615384615384615,-0.2307692307692307,-0.16346153846153844,0.40705128205128205,-0.4294871794871795,0.0833333333333334,-0.5128205128205129,SAME_DIRECTION_NEGATIVE,BASELINE_POSITIVE_CANDIDATE_NEGATIVE,BASELINE_NEGATIVE_CANDIDATE_POSITIVE,MIXED_STRUCTURE,MM_STRUCTURE_LONG_LIQUIDATION
2015-04-21,1202.9000244140625,-0.4166666666666667,-0.5,0.08333333333333331,0.1666666666666666,0.02564102564102566,-0.3141025641025641,-0.14423076923076922,0.3108974358974358,-0.358974358974359,-0.08333333333333331,-0.27564102564102566,SAME_DIRECTION_NEGATIVE,BASELINE_POSITIVE_CANDIDATE_NEGATIVE,SAME_DIRECTION_NEGATIVE,MEDIUM_TERM_STRUCTURE_WEAKENING,MM_STRUCTURE_LONG_LIQUIDATION
2015-04-28,1214.0,0.0384615384615384,-0.20512820512820518,0.24358974358974358,0.1346153846153847,0.03205128205128205,-0.0641025641025641,-0.016025641025641024,0.15064102564102572,-0.173076923076923,-0.032051282051282104,-0.14102564102564089,BASELINE_POSITIVE_CANDIDATE_NEGATIVE,BASELINE_POSITIVE_CANDIDATE_NEGATIVE,SAME_DIRECTION_NEGATIVE,MEDIUM_TERM_STRUCTURE_WEAKENING,MM_STRUCTURE_SHORT_BUILDING
2015-05-05,1193.199951171875,-0.1025641025641025,-0.30769230769230776,0.20512820512820526,0.2051282051282051,0.20512820512820518,0.2307692307692308,0.217948717948718,-0.012820512820512914,-0.1923076923076923,-0.0769230769230769,-0.11538461538461539,SAME_DIRECTION_NEGATIVE,SAME_DIRECTION_POSITIVE,SAME_DIRECTION_NEGATIVE,MEDIUM_TERM_STRUCTURE_WEAKENING,MM_STRUCTURE_LONG_LIQUIDATION
2015-05-12,1192.5999755859375,0.0705128205128205,-0.14102564102564108,0.21153846153846156,-0.0448717948717948,0.15384615384615385,0.1858974358974359,0.16987179487179488,-0.21474358974358967,0.0384615384615385,-0.012820512820512803,0.0512820512820513,BASELINE_POSITIVE_CANDIDATE_NEGATIVE,BASELINE_NEGATIVE_CANDIDATE_POSITIVE,BASELINE_POSITIVE_CANDIDATE_NEGATIVE,MEDIUM_TERM_STRUCTURE_WEAKENING,MM_STRUCTURE_ACCUMULATION
2015-05-19,1206.9000244140625,0.7243589743589743,0.25,0.47435897435897434,-0.4294871794871795,-0.3205128205128206,-0.1153846153846154,-0.217948717948718,-0.2115384615384615,0.576923076923077,0.35897435897435903,0.21794871794871795,SAME_DIRECTION_POSITIVE,SAME_DIRECTION_NEGATIVE,SAME_DIRECTION_POSITIVE,MEDIUM_TERM_PARTICIPATION_BUILDING,MM_STRUCTURE_ACCUMULATION
2015-05-26,1187.199951171875,0.5769230769230769,0.25000000000000006,0.3269230769230768,-0.1538461538461538,-0.2435897435897436,-0.0897435897435897,-0.16666666666666666,0.012820512820512858,0.3397435897435896,0.1602564102564102,0.1794871794871794,SAME_DIRECTION_POSITIVE,SAME_DIRECTION_NEGATIVE,SAME_DIRECTION_POSITIVE,MEDIUM_TERM_PARTICIPATION_BUILDING,MM_STRUCTURE_ACCUMULATION
2015-06-02,1194.0999755859375,0.3076923076923077,0.17307692307692313,0.13461538461538458,0.0512820512820513,0.14102564102564108,-0.1794871794871795,-0.019230769230769204,0.07051282051282051,0.0769230769230769,0.012820512820512886,0.06410256410256401,SAME_DIRECTION_POSITIVE,BASELINE_POSITIVE_CANDIDATE_NEGATIVE,SAME_DIRECTION_POSITIVE,MEDIUM_TERM_PARTICIPATION_BUILDING,MM_STRUCTURE_NEUTRAL
2015-06-09,1177.300048828125,0.314102564102564,-0.15384615384615385,0.46794871794871784,0.282051282051282,0.33974358974358976,0.0961538461538461,0.21794871794871792,0.06410256410256407,-0.0961538461538462,-0.4615384615384616,0.3653846153846154,BASELINE_POSITIVE_CANDIDATE_NEGATIVE,SAME_DIRECTION_POSITIVE,SAME_DIRECTION_NEGATIVE,MEDIUM_TERM_STRUCTURE_WEAKENING,MM_STRUCTURE_SHORT_BUILDING
2015-06-16,1180.5,0.4294871794871795,-0.05128205128205132,0.48076923076923084,0.3141025641025641,0.28846153846153844,0.4294871794871795,0.358974358974359,-0.04487179487179488,-0.1153846153846153,-0.5064102564102564,0.3910256410256411,BASELINE_POSITIVE_CANDIDATE_NEGATIVE,SAME_DIRECTION_POSITIVE,SAME_DIRECTION_NEGATIVE,MEDIUM_TERM_STRUCTURE_WEAKENING,MM_STRUCTURE_SHORT_BUILDING
2015-06-23,1176.199951171875,0.1602564102564102,0.02564102564102566,0.13461538461538453,0.25,0.0,0.3397435897435897,0.16987179487179485,0.08012820512820515,-0.0897435897435897,-0.36538461538461536,0.27564102564102566,SAME_DIRECTION_POSITIVE,SAME_DIRECTION_POSITIVE,SAME_DIRECTION_NEGATIVE,SHORT_TERM_RECOVERY_MEDIUM_TERM_UNCONFIRMED,MM_STRUCTURE_SHORT_BUILDING
2015-06-30,1171.5,0.4166666666666667,-0.16666666666666663,0.5833333333333333,0.1089743589743589,0.0,0.2884615384615384,0.1442307692307692,-0.035256410256410284,-0.0320512820512821,-0.5576923076923077,0.5256410256410257,BASELINE_POSITIVE_CANDIDATE_NEGATIVE,SAME_DIRECTION_POSITIVE,SAME_DIRECTION_NEGATIVE,MEDIUM_TERM_STRUCTURE_WEAKENING,MM_STRUCTURE_SHORT_BUILDING
2015-07-07,1152.4000244140625,0.2435897435897435,-0.3525641025641026,0.596153846153846,0.1089743589743589,0.012820512820512775,0.0128205128205127,0.012820512820512737,0.09615384615384617,-0.0769230769230769,-0.6730769230769231,0.5961538461538463,BASELINE_POSITIVE_CANDIDATE_NEGATIVE,SAME_DIRECTION_POSITIVE,SAME_DIRECTION_NEGATIVE,MEDIUM_TERM_STRUCTURE_WEAKENING,MM_STRUCTURE_SHORT_BUILDING
2015-07-14,1153.300048828125,-0.5448717948717948,-0.5192307692307694,-0.02564102564102544,0.4294871794871795,0.0,0.0,0.0,0.4294871794871795,-0.5897435897435898,-0.7243589743589743,0.13461538461538458,SAME_DIRECTION_NEGATIVE,MIXED_OR_UNCLEAR,SAME_DIRECTION_NEGATIVE,MEDIUM_TERM_STRUCTURE_WEAKENING,MM_STRUCTURE_LONG_LIQUIDATION
2015-07-21,1103.4000244140625,-0.4871794871794871,-0.6987179487179489,0.2115384615384618,0.3525641025641025,0.0,0.0128205128205127,0.00641025641025635,0.34615384615384615,-0.4679487179487179,-0.8782051282051282,0.4102564102564103,SAME_DIRECTION_NEGATIVE,SAME_DIRECTION_POSITIVE,SAME_DIRECTION_NEGATIVE,MEDIUM_TERM_STRUCTURE_WEAKENING,MM_STRUCTURE_LONG_LIQUIDATION
2015-07-28,1096.300048828125,-0.4935897435897436,-0.7628205128205129,0.2692307692307693,0.2884615384615384,0.0,0.0,0.0,0.2884615384615384,-0.4358974358974359,-0.9487179487179488,0.5128205128205129,SAME_DIRECTION_NEGATIVE,MIXED_OR_UNCLEAR,SAME_DIRECTION_NEGATIVE,MEDIUM_TERM_STRUCTURE_WEAKENING,MM_STRUCTURE_LONG_LIQUIDATION
2015-08-04,1090.699951171875,-0.4935897435897435,-0.8141025641025642,0.3205128205128207,0.0,-0.012820512820512775,-0.0128205128205127,-0.012820512820512737,0.012820512820512737,-0.141025641025641,-0.9230769230769232,0.7820512820512823,SAME_DIRECTION_NEGATIVE,BOTH_NEAR_ZERO,SAME_DIRECTION_NEGATIVE,MEDIUM_TERM_STRUCTURE_WEAKENING,MM_STRUCTURE_LONG_LIQUIDATION
2015-08-11,1107.5999755859375,-0.3974358974358974,-0.5705128205128205,0.17307692307692307,-0.0192307692307692,-0.019230769230769162,-0.0192307692307692,-0.019230769230769183,-1.734723475976807e-17,-0.1217948717948718,-0.8076923076923078,0.685897435897436,SAME_DIRECTION_NEGATIVE,BOTH_NEAR_ZERO,SAME_DIRECTION_NEGATIVE,MEDIUM_TERM_STRUCTURE_WEAKENING,MM_STRUCTURE_LONG_LIQUIDATION
2015-08-18,1117.0999755859375,-0.2756410256410256,-0.3461538461538461,0.07051282051282048,-0.0256410256410256,-0.02564102564102566,-0.0384615384615384,-0.032051282051282035,0.006410256410256436,-0.1666666666666667,-0.6410256410256411,0.47435897435897434,SAME_DIRECTION_NEGATIVE,SAME_DIRECTION_NEGATIVE,SAME_DIRECTION_NEGATIVE,MEDIUM_TERM_STRUCTURE_WEAKENING,MM_STRUCTURE_LONG_LIQUIDATION
2015-08-25,1138.199951171875,0.0897435897435897,-0.05769230769230771,0.1474358974358974,-0.141025641025641,-0.12179487179487192,-0.141025641025641,-0.13141025641025644,-0.009615384615384553,0.2435897435897436,-0.3461538461538462,0.5897435897435899,BASELINE_POSITIVE_CANDIDATE_NEGATIVE,SAME_DIRECTION_NEGATIVE,BASELINE_POSITIVE_CANDIDATE_NEGATIVE,MEDIUM_TERM_STRUCTURE_WEAKENING,MM_STRUCTURE_ACCUMULATION
2015-09-01,1138.699951171875,0.0384615384615384,-0.05769230769230771,0.09615384615384612,-0.25,-0.21153846153846156,-0.2371794871794872,-0.2243589743589744,-0.025641025641025605,0.2692307692307692,-0.19871794871794868,0.4679487179487179,BASELINE_POSITIVE_CANDIDATE_NEGATIVE,SAME_DIRECTION_NEGATIVE,BASELINE_POSITIVE_CANDIDATE_NEGATIVE,MEDIUM_TERM_STRUCTURE_WEAKENING,MM_STRUCTURE_ACCUMULATION
2015-09-08,1120.4000244140625,0.1602564102564102,0.23076923076923078,-0.0705128205128206,-0.0641025641025641,0.0769230769230771,-0.0448717948717948,0.016025641025641146,-0.08012820512820525,0.1282051282051282,-0.12179487179487178,0.24999999999999997,SAME_DIRECTION_POSITIVE,BASELINE_NEGATIVE_CANDIDATE_POSITIVE,BASELINE_POSITIVE_CANDIDATE_NEGATIVE,SHORT_TERM_RECOVERY_MEDIUM_TERM_UNCONFIRMED,MM_STRUCTURE_ACCUMULATION
2015-09-15,1102.800048828125,-0.0833333333333333,0.06410256410256411,-0.1474358974358974,-0.0512820512820513,0.1987179487179488,-0.0128205128205128,0.092948717948718,-0.1442307692307693,0.0448717948717947,0.006410256410256394,0.038461538461538304,BASELINE_NEGATIVE_CANDIDATE_POSITIVE,BASELINE_NEGATIVE_CANDIDATE_POSITIVE,SAME_DIRECTION_POSITIVE,MEDIUM_TERM_PARTICIPATION_BUILDING,MM_STRUCTURE_SHORT_COVERING_RALLY
2015-09-22,1125.0,0.0384615384615384,0.16025641025641027,-0.12179487179487186,-0.0705128205128204,-0.0064102564102563875,0.0705128205128206,0.032051282051282104,-0.1025641025641025,0.1089743589743588,0.09615384615384609,0.012820512820512706,SAME_DIRECTION_POSITIVE,BASELINE_NEGATIVE_CANDIDATE_POSITIVE,SAME_DIRECTION_POSITIVE,MEDIUM_TERM_PARTICIPATION_BUILDING,MM_STRUCTURE_ACCUMULATION
2015-09-29,1127.0999755859375,0.3076923076923077,0.3076923076923077,0.0,-0.2564102564102565,-0.21794871794871806,-0.0192307692307692,-0.11858974358974363,-0.13782051282051289,0.2756410256410256,0.16025641025641027,0.11538461538461534,SAME_DIRECTION_POSITIVE,SAME_DIRECTION_NEGATIVE,SAME_DIRECTION_POSITIVE,MEDIUM_TERM_PARTICIPATION_BUILDING,MM_STRUCTURE_ACCUMULATION
2015-10-06,1146.800048828125,0.282051282051282,0.1602564102564103,0.1217948717948717,-0.2884615384615384,-0.23717948717948734,-0.2435897435897436,-0.24038461538461547,-0.048076923076922906,0.3333333333333333,-0.006410256410256332,0.33974358974358965,SAME_DIRECTION_POSITIVE,SAME_DIRECTION_NEGATIVE,BASELINE_POSITIVE_CANDIDATE_NEGATIVE,SHORT_TERM_RECOVERY_MEDIUM_TERM_UNCONFIRMED,MM_STRUCTURE_ACCUMULATION
2015-10-13,1165.800048828125,0.3846153846153846,0.48076923076923084,-0.09615384615384626,-0.5384615384615385,-0.30769230769230765,-0.5256410256410255,-0.41666666666666663,-0.12179487179487192,0.6282051282051283,0.41666666666666674,0.21153846153846156,SAME_DIRECTION_POSITIVE,SAME_DIRECTION_NEGATIVE,SAME_DIRECTION_POSITIVE,MEDIUM_TERM_PARTICIPATION_BUILDING,MM_STRUCTURE_ACCUMULATION
2015-10-20,1178.0,0.3589743589743589,0.7179487179487181,-0.35897435897435914,-0.4871794871794871,-0.3205128205128205,-0.5576923076923077,-0.4391025641025641,-0.04807692307692302,0.6217948717948718,0.6346153846153847,-0.012820512820512886,SAME_DIRECTION_POSITIVE,SAME_DIRECTION_NEGATIVE,SAME_DIRECTION_POSITIVE,MEDIUM_TERM_PARTICIPATION_BUILDING,MM_STRUCTURE_CROWDED_LONG
2015-10-27,1166.800048828125,0.5,0.40384615384615397,0.09615384615384603,-0.4679487179487179,-0.14102564102564108,-0.4487179487179487,-0.2948717948717949,-0.17307692307692302,0.6153846153846154,0.5897435897435899,0.02564102564102555,SAME_DIRECTION_POSITIVE,SAME_DIRECTION_NEGATIVE,SAME_DIRECTION_POSITIVE,MEDIUM_TERM_PARTICIPATION_BUILDING,MM_STRUCTURE_CROWDED_LONG
2015-11-03,1114.199951171875,0.1538461538461538,0.4871794871794872,-0.3333333333333334,-0.5192307692307692,0.04487179487179488,-0.2756410256410256,-0.11538461538461536,-0.4038461538461538,0.4743589743589743,0.5448717948717948,-0.07051282051282054,SAME_DIRECTION_POSITIVE,SAME_DIRECTION_NEGATIVE,SAME_DIRECTION_POSITIVE,MEDIUM_TERM_PARTICIPATION_BUILDING,MM_STRUCTURE_ACCUMULATION
2015-11-10,1088.199951171875,-0.1474358974358974,-0.1538461538461538,0.0064102564102563875,-0.173076923076923,0.49358974358974367,0.3525641025641026,0.42307692307692313,-0.5961538461538461,0.0512820512820513,0.019230769230769204,0.0320512820512821,SAME_DIRECTION_NEGATIVE,BASELINE_NEGATIVE_CANDIDATE_POSITIVE,SAME_DIRECTION_POSITIVE,SHORT_TERM_RECOVERY_MEDIUM_TERM_UNCONFIRMED,MM_STRUCTURE_SHORT_COVERING_RALLY
2015-11-17,1068.699951171875,-0.2628205128205128,-0.8269230769230769,0.5641025641025641,0.032051282051282,0.5448717948717949,0.5897435897435898,0.5673076923076923,-0.5352564102564102,-0.1025641025641024,-0.5833333333333334,0.48076923076923095,SAME_DIRECTION_NEGATIVE,SAME_DIRECTION_POSITIVE,SAME_DIRECTION_NEGATIVE,MEDIUM_TERM_STRUCTURE_WEAKENING,MM_STRUCTURE_LONG_LIQUIDATION
2015-11-24,1074.300048828125,-0.4423076923076923,-0.7115384615384616,0.2692307692307693,0.2307692307692308,0.1858974358974359,0.6794871794871795,0.4326923076923077,-0.2019230769230769,-0.2884615384615385,-0.4679487179487179,0.1794871794871794,SAME_DIRECTION_NEGATIVE,SAME_DIRECTION_POSITIVE,SAME_DIRECTION_NEGATIVE,MEDIUM_TERM_STRUCTURE_WEAKENING,MM_STRUCTURE_LONG_LIQUIDATION
2015-12-01,1063.800048828125,-0.5705128205128205,-0.717948717948718,0.14743589743589747,0.282051282051282,0.012820512820512886,0.5576923076923077,0.2852564102564103,-0.0032051282051283048,-0.3525641025641026,-0.4358974358974359,0.08333333333333331,SAME_DIRECTION_NEGATIVE,SAME_DIRECTION_POSITIVE,SAME_DIRECTION_NEGATIVE,MEDIUM_TERM_STRUCTURE_WEAKENING,MM_STRUCTURE_LONG_LIQUIDATION
2015-12-08,1076.300048828125,-0.7756410256410257,-0.608974358974359,-0.16666666666666663,0.5448717948717949,0.0064102564102563875,0.1923076923076923,0.09935897435897434,0.4455128205128206,-0.6602564102564104,-0.14743589743589738,-0.512820512820513,SAME_DIRECTION_NEGATIVE,SAME_DIRECTION_POSITIVE,SAME_DIRECTION_NEGATIVE,MEDIUM_TERM_STRUCTURE_WEAKENING,MM_STRUCTURE_LONG_LIQUIDATION
2015-12-15,1062.9000244140625,-0.9743589743589745,-0.6858974358974359,-0.28846153846153855,0.6025641025641025,0.0,0.0128205128205127,0.00641025641025635,0.5961538461538461,-0.8910256410256411,-0.14102564102564102,-0.75,SAME_DIRECTION_NEGATIVE,SAME_DIRECTION_POSITIVE,SAME_DIRECTION_NEGATIVE,MEDIUM_TERM_STRUCTURE_WEAKENING,MM_STRUCTURE_LONG_LIQUIDATION
2015-12-22,1074.800048828125,-0.935897435897436,-0.6923076923076923,-0.24358974358974372,0.6410256410256411,-0.04487179487179471,-0.0384615384615384,-0.04166666666666656,0.6826923076923076,-0.8717948717948719,-0.19230769230769232,-0.6794871794871796,SAME_DIRECTION_NEGATIVE,BASELINE_POSITIVE_CANDIDATE_NEGATIVE,SAME_DIRECTION_NEGATIVE,MEDIUM_TERM_STRUCTURE_WEAKENING,MM_STRUCTURE_LONG_LIQUIDATION
2015-12-29,1077.5,-0.5961538461538461,-0.5256410256410257,-0.07051282051282048,0.5064102564102564,-0.05128205128205121,-0.0512820512820512,-0.051282051282051204,0.5576923076923076,-0.5961538461538461,-0.0192307692307692,-0.576923076923077,SAME_DIRECTION_NEGATIVE,BASELINE_POSITIVE_CANDIDATE_NEGATIVE,SAME_DIRECTION_NEGATIVE,MEDIUM_TERM_STRUCTURE_WEAKENING,MM_STRUCTURE_LONG_LIQUIDATION
2016-01-05,1078.4000244140625,0.0064102564102564,-0.391025641025641,0.3974358974358974,0.1282051282051282,-0.019230769230769273,-0.0641025641025641,-0.041666666666666685,0.16987179487179488,-0.0576923076923077,0.0384615384615384,-0.0961538461538461,BASELINE_POSITIVE_CANDIDATE_NEGATIVE,BASELINE_POSITIVE_CANDIDATE_NEGATIVE,BASELINE_NEGATIVE_CANDIDATE_POSITIVE,SHORT_TERM_RECOVERY_MEDIUM_TERM_UNCONFIRMED,MM_STRUCTURE_SHORT_BUILDING
2016-01-12,1085.5999755859375,0.0192307692307692,-0.2628205128205128,0.282051282051282,-0.1153846153846154,-0.0769230769230771,-0.1282051282051282,-0.10256410256410264,-0.012820512820512761,0.0769230769230769,0.0833333333333333,-0.006410256410256401,BASELINE_POSITIVE_CANDIDATE_NEGATIVE,SAME_DIRECTION_NEGATIVE,SAME_DIRECTION_POSITIVE,SHORT_TERM_RECOVERY_MEDIUM_TERM_UNCONFIRMED,MM_STRUCTURE_ACCUMULATION
2016-01-19,1089.9000244140625,0.0256410256410256,-0.1987179487179487,0.2243589743589743,-0.108974358974359,-0.05128205128205143,-0.0705128205128206,-0.060897435897436014,-0.04807692307692299,0.0897435897435897,0.0897435897435897,0.0,BASELINE_POSITIVE_CANDIDATE_NEGATIVE,SAME_DIRECTION_NEGATIVE,SAME_DIRECTION_POSITIVE,SHORT_TERM_RECOVERY_MEDIUM_TERM_UNCONFIRMED,MM_STRUCTURE_ACCUMULATION
2016-01-26,1121.699951171875,0.1025641025641025,-0.1217948717948718,0.2243589743589743,-0.1987179487179486,-0.07051282051282048,-0.1474358974358974,-0.10897435897435895,-0.08974358974358965,0.1602564102564102,0.16025641025641021,-2.7755575615628914e-17,BASELINE_POSITIVE_CANDIDATE_NEGATIVE,SAME_DIRECTION_NEGATIVE,SAME_DIRECTION_POSITIVE,SHORT_TERM_RECOVERY_MEDIUM_TERM_UNCONFIRMED,MM_STRUCTURE_ACCUMULATION
2016-02-02,1127.300048828125,0.1666666666666666,0.051282051282051294,0.11538461538461531,-0.3269230769230768,-0.21153846153846145,-0.2628205128205128,-0.23717948717948711,-0.0897435897435897,0.2307692307692307,0.2243589743589743,0.0064102564102563875,SAME_DIRECTION_POSITIVE,SAME_DIRECTION_NEGATIVE,SAME_DIRECTION_POSITIVE,MEDIUM_TERM_PARTICIPATION_BUILDING,MM_STRUCTURE_ACCUMULATION
2016-02-09,1198.699951171875,0.7371794871794872,0.44871794871794884,0.2884615384615384,-0.5128205128205128,-0.31410256410256415,-0.3846153846153846,-0.34935897435897434,-0.16346153846153844,0.6217948717948718,0.6025641025641026,0.019230769230769162,SAME_DIRECTION_POSITIVE,SAME_DIRECTION_NEGATIVE,SAME_DIRECTION_POSITIVE,MEDIUM_TERM_PARTICIPATION_BUILDING,MM_STRUCTURE_ACCUMULATION
2016-02-16,1207.9000244140625,0.8269230769230769,0.4102564102564102,0.4166666666666667,-0.608974358974359,-0.326923076923077,-0.5384615384615384,-0.4326923076923077,-0.17628205128205132,0.7564102564102565,0.7307692307692308,0.02564102564102566,SAME_DIRECTION_POSITIVE,SAME_DIRECTION_NEGATIVE,SAME_DIRECTION_POSITIVE,MEDIUM_TERM_PARTICIPATION_BUILDING,MM_STRUCTURE_ACCUMULATION
2016-02-23,1222.300048828125,0.9423076923076924,0.326923076923077,0.6153846153846154,-0.7435897435897436,-0.28205128205128205,-0.5961538461538461,-0.4391025641025641,-0.3044871794871795,0.9102564102564104,0.6474358974358976,0.2628205128205128,SAME_DIRECTION_POSITIVE,SAME_DIRECTION_NEGATIVE,SAME_DIRECTION_POSITIVE,MEDIUM_TERM_PARTICIPATION_BUILDING,MM_STRUCTURE_CROWDED_LONG
2016-03-01,1230.300048828125,0.8974358974358975,0.46794871794871806,0.4294871794871794,-0.7628205128205128,-0.1730769230769231,-0.5,-0.33653846153846156,-0.4262820512820512,0.8525641025641026,0.6217948717948718,0.23076923076923084,SAME_DIRECTION_POSITIVE,SAME_DIRECTION_NEGATIVE,SAME_DIRECTION_POSITIVE,MEDIUM_TERM_PARTICIPATION_BUILDING,MM_STRUCTURE_CROWDED_LONG
2016-03-08,1262.0999755859375,0.967948717948718,0.5448717948717949,0.423076923076923,-0.6474358974358975,0.019230769230769218,-0.2628205128205129,-0.12179487179487183,-0.5256410256410257,0.8846153846153848,0.8397435897435899,0.044871794871794934,SAME_DIRECTION_POSITIVE,SAME_DIRECTION_NEGATIVE,SAME_DIRECTION_POSITIVE,MEDIUM_TERM_PARTICIPATION_BUILDING,MM_STRUCTURE_CROWDED_LONG
2016-03-15,1230.4000244140625,0.9487179487179488,0.8333333333333335,0.11538461538461531,-0.7115384615384615,0.0,-0.173076923076923,-0.0865384615384615,-0.625,0.8846153846153847,0.9294871794871796,-0.044871794871794934,SAME_DIRECTION_POSITIVE,SAME_DIRECTION_NEGATIVE,SAME_DIRECTION_POSITIVE,MEDIUM_TERM_PARTICIPATION_BUILDING,MM_STRUCTURE_CROWDED_LONG
2016-03-22,1248.199951171875,0.8974358974358975,0.7371794871794872,0.16025641025641024,-0.6153846153846154,-0.03846153846153852,-0.0192307692307692,-0.02884615384615386,-0.5865384615384616,0.8205128205128206,0.8717948717948719,-0.05128205128205132,SAME_DIRECTION_POSITIVE,SAME_DIRECTION_NEGATIVE,SAME_DIRECTION_POSITIVE,MEDIUM_TERM_PARTICIPATION_BUILDING,MM_STRUCTURE_CROWDED_LONG
2016-03-29,1235.5999755859375,0.8076923076923077,0.5512820512820513,0.2564102564102564,-0.4743589743589744,0.025641025641025605,0.0256410256410256,0.025641025641025602,-0.5,0.7564102564102565,0.7051282051282051,0.05128205128205143,SAME_DIRECTION_POSITIVE,BASELINE_NEGATIVE_CANDIDATE_POSITIVE,SAME_DIRECTION_POSITIVE,MEDIUM_TERM_PARTICIPATION_BUILDING,MM_STRUCTURE_CROWDED_LONG
2016-04-05,1228.4000244140625,0.2628205128205128,0.4294871794871795,-0.16666666666666674,-0.2179487179487179,0.08333333333333331,0.0448717948717948,0.06410256410256406,-0.28205128205128194,0.358974358974359,0.6282051282051282,-0.2692307692307692,SAME_DIRECTION_POSITIVE,BASELINE_NEGATIVE_CANDIDATE_POSITIVE,SAME_DIRECTION_POSITIVE,MEDIUM_TERM_PARTICIPATION_BUILDING,MM_STRUCTURE_CROWDED_LONG
2016-04-12,1259.4000244140625,0.1730769230769231,0.19871794871794868,-0.025641025641025578,-0.1217948717948717,0.02564102564102569,0.0512820512820512,0.03846153846153844,-0.16025641025641013,0.2243589743589743,0.32692307692307687,-0.10256410256410256,SAME_DIRECTION_POSITIVE,BASELINE_NEGATIVE_CANDIDATE_POSITIVE,SAME_DIRECTION_POSITIVE,MEDIUM_TERM_PARTICIPATION_BUILDING,MM_STRUCTURE_CROWDED_LONG
2016-04-19,1253.0,0.0576923076923077,0.02564102564102555,0.03205128205128215,0.0833333333333333,0.019230769230769273,0.1025641025641025,0.06089743589743589,0.02243589743589741,0.0769230769230767,0.10256410256410253,-0.025641025641025827,SAME_DIRECTION_POSITIVE,SAME_DIRECTION_POSITIVE,SAME_DIRECTION_POSITIVE,MEDIUM_TERM_PARTICIPATION_BUILDING,MM_STRUCTURE_CROWDED_LONG
2016-04-26,1242.199951171875,0.0897435897435897,0.0576923076923076,0.032051282051282104,0.1217948717948718,0.07051282051282048,0.0961538461538461,0.08333333333333329,0.03846153846153852,0.0961538461538461,0.10256410256410253,-0.006410256410256429,SAME_DIRECTION_POSITIVE,SAME_DIRECTION_POSITIVE,SAME_DIRECTION_POSITIVE,MEDIUM_TERM_PARTICIPATION_BUILDING,MM_STRUCTURE_CROWDED_LONG
2016-05-03,1290.699951171875,0.0128205128205127,0.40384615384615385,-0.39102564102564114,-0.0256410256410256,-0.08974358974358979,-0.0705128205128205,-0.08012820512820515,0.05448717948717955,0.0256410256410255,0.3910256410256411,-0.3653846153846156,SAME_DIRECTION_POSITIVE,SAME_DIRECTION_NEGATIVE,SAME_DIRECTION_POSITIVE,MEDIUM_TERM_PARTICIPATION_BUILDING,MM_STRUCTURE_CROWDED_LONG
2016-05-10,1263.9000244140625,0.0128205128205128,0.9935897435897436,-0.9807692307692308,0.173076923076923,0.05128205128205132,0.1217948717948717,0.08653846153846151,0.08653846153846148,0.0128205128205127,0.8910256410256411,-0.8782051282051284,SAME_DIRECTION_POSITIVE,SAME_DIRECTION_POSITIVE,SAME_DIRECTION_POSITIVE,MEDIUM_TERM_PARTICIPATION_BUILDING,MM_STRUCTURE_CROWDED_LONG
2016-05-17,1276.199951171875,-0.0064102564102563,0.9935897435897436,-0.9999999999999999,0.1217948717948717,0.108974358974359,0.0192307692307692,0.0641025641025641,0.0576923076923076,0.0064102564102563,0.9807692307692308,-0.9743589743589746,BASELINE_NEGATIVE_CANDIDATE_POSITIVE,SAME_DIRECTION_POSITIVE,SAME_DIRECTION_POSITIVE,MEDIUM_TERM_PARTICIPATION_BUILDING,MM_STRUCTURE_CROWDED_LONG
2016-05-24,1228.9000244140625,-0.032051282051282,0.9615384615384616,-0.9935897435897436,0.2371794871794872,0.0897435897435897,0.141025641025641,0.11538461538461535,0.12179487179487185,-0.0384615384615384,0.9551282051282052,-0.9935897435897436,BASELINE_NEGATIVE_CANDIDATE_POSITIVE,SAME_DIRECTION_POSITIVE,BASELINE_NEGATIVE_CANDIDATE_POSITIVE,MEDIUM_TERM_PARTICIPATION_BUILDING,MM_STRUCTURE_CROWDED_LONG
2016-05-31,1214.800048828125,-0.0448717948717948,0.9551282051282052,-1.0,0.1474358974358974,0.10897435897435903,0.2179487179487179,0.16346153846153846,-0.016025641025641052,-0.0512820512820512,0.9294871794871796,-0.9807692307692308,BASELINE_NEGATIVE_CANDIDATE_POSITIVE,SAME_DIRECTION_POSITIVE,BASELINE_NEGATIVE_CANDIDATE_POSITIVE,MEDIUM_TERM_PARTICIPATION_BUILDING,MM_STRUCTURE_CROWDED_LONG
2016-06-07,1244.4000244140625,-0.0192307692307692,0.9551282051282053,-0.9743589743589745,0.1025641025641025,-0.10897435897435892,-0.0192307692307692,-0.06410256410256406,0.16666666666666657,-0.0192307692307691,0.9679487179487181,-0.9871794871794871,BASELINE_NEGATIVE_CANDIDATE_POSITIVE,BASELINE_POSITIVE_CANDIDATE_NEGATIVE,BASELINE_NEGATIVE_CANDIDATE_POSITIVE,MEDIUM_TERM_PARTICIPATION_BUILDING,MM_STRUCTURE_CROWDED_LONG
2016-06-14,1285.5999755859375,0.0,1.0,-1.0,-0.1346153846153846,-0.26282051282051283,-0.1538461538461538,-0.20833333333333331,0.0737179487179487,0.0,0.9935897435897436,-0.9935897435897436,MIXED_OR_UNCLEAR,SAME_DIRECTION_NEGATIVE,MIXED_OR_UNCLEAR,MEDIUM_TERM_PARTICIPATION_BUILDING,MM_STRUCTURE_CROWDED_LONG
2016-06-21,1270.5,0.0064102564102563,1.0,-0.9935897435897437,-0.1923076923076923,-0.2243589743589744,-0.3333333333333333,-0.27884615384615385,0.08653846153846156,0.0064102564102563,0.9807692307692308,-0.9743589743589746,SAME_DIRECTION_POSITIVE,SAME_DIRECTION_NEGATIVE,SAME_DIRECTION_POSITIVE,MEDIUM_TERM_PARTICIPATION_BUILDING,MM_STRUCTURE_CROWDED_LONG
2016-06-28,1315.300048828125,0.0,1.0,-1.0,-0.0961538461538461,-0.051282051282051294,-0.3141025641025641,-0.1826923076923077,0.0865384615384616,0.0,0.9871794871794872,-0.9871794871794872,MIXED_OR_UNCLEAR,SAME_DIRECTION_NEGATIVE,MIXED_OR_UNCLEAR,MEDIUM_TERM_PARTICIPATION_BUILDING,MM_STRUCTURE_CROWDED_LONG
2016-07-05,1356.4000244140625,0.0064102564102563,0.9935897435897436,-0.9871794871794873,-0.1987179487179487,0.044871794871794796,-0.1794871794871795,-0.06730769230769235,-0.13141025641025636,0.0064102564102563,0.9551282051282052,-0.9487179487179489,SAME_DIRECTION_POSITIVE,SAME_DIRECTION_NEGATIVE,SAME_DIRECTION_POSITIVE,MEDIUM_TERM_PARTICIPATION_BUILDING,MM_STRUCTURE_CROWDED_LONG
2016-07-12,1334.0999755859375,0.0,0.9743589743589745,-0.9743589743589745,0.0961538461538461,0.3012820512820513,0.25,0.27564102564102566,-0.17948717948717957,-0.0064102564102563,0.8974358974358976,-0.9038461538461539,MIXED_OR_UNCLEAR,SAME_DIRECTION_POSITIVE,BASELINE_NEGATIVE_CANDIDATE_POSITIVE,MEDIUM_TERM_PARTICIPATION_BUILDING,MM_STRUCTURE_CROWDED_LONG
2016-07-19,1331.5,0.0192307692307692,0.9551282051282052,-0.935897435897436,-0.0769230769230769,0.21153846153846162,0.2564102564102564,0.233974358974359,-0.3108974358974359,0.0192307692307692,0.8846153846153847,-0.8653846153846155,SAME_DIRECTION_POSITIVE,BASELINE_NEGATIVE_CANDIDATE_POSITIVE,SAME_DIRECTION_POSITIVE,MEDIUM_TERM_PARTICIPATION_BUILDING,MM_STRUCTURE_CROWDED_LONG
2016-07-26,1320.699951171875,0.0192307692307691,0.8717948717948719,-0.8525641025641029,-0.1666666666666666,-0.15384615384615388,0.1474358974358974,-0.0032051282051282354,-0.16346153846153838,0.0320512820512819,0.8012820512820513,-0.7692307692307694,SAME_DIRECTION_POSITIVE,SAME_DIRECTION_NEGATIVE,SAME_DIRECTION_POSITIVE,MEDIUM_TERM_PARTICIPATION_BUILDING,MM_STRUCTURE_CROWDED_LONG
2016-08-02,1364.4000244140625,0.0064102564102564,0.7948717948717949,-0.7884615384615385,-0.0064102564102564,-0.03846153846153855,0.173076923076923,0.06730769230769222,-0.07371794871794862,0.0,0.7371794871794873,-0.7371794871794873,SAME_DIRECTION_POSITIVE,BASELINE_NEGATIVE_CANDIDATE_POSITIVE,MIXED_OR_UNCLEAR,MEDIUM_TERM_PARTICIPATION_BUILDING,MM_STRUCTURE_CROWDED_LONG
2016-08-09,1339.0,-0.032051282051282,0.23076923076923073,-0.2628205128205127,0.2564102564102564,0.16025641025641027,0.0064102564102564,0.08333333333333333,0.17307692307692307,-0.0448717948717948,0.326923076923077,-0.3717948717948718,BASELINE_NEGATIVE_CANDIDATE_POSITIVE,SAME_DIRECTION_POSITIVE,BASELINE_NEGATIVE_CANDIDATE_POSITIVE,MEDIUM_TERM_PARTICIPATION_BUILDING,MM_STRUCTURE_CROWDED_LONG
2016-08-16,1350.5,-0.0448717948717948,0.1282051282051283,-0.1730769230769231,0.2371794871794872,0.01923076923076933,-0.0192307692307692,6.418476861114186e-17,0.23717948717948714,-0.0512820512820512,0.17307692307692313,-0.22435897435897434,BASELINE_NEGATIVE_CANDIDATE_POSITIVE,SAME_DIRECTION_POSITIVE,BASELINE_NEGATIVE_CANDIDATE_POSITIVE,MEDIUM_TERM_PARTICIPATION_BUILDING,MM_STRUCTURE_CROWDED_LONG
2016-08-23,1340.5999755859375,-0.032051282051282,0.02564102564102555,-0.05769230769230755,0.1346153846153846,-0.17307692307692307,-0.0128205128205128,-0.09294871794871794,0.22756410256410253,-0.0256410256410255,0.05128205128205121,-0.0769230769230767,BASELINE_NEGATIVE_CANDIDATE_POSITIVE,BASELINE_POSITIVE_CANDIDATE_NEGATIVE,BASELINE_NEGATIVE_CANDIDATE_POSITIVE,MEDIUM_TERM_PARTICIPATION_BUILDING,MM_STRUCTURE_CROWDED_LONG
2016-08-30,1311.699951171875,-0.0641025641025641,0.03205128205128205,-0.09615384615384615,0.2499999999999999,0.0576923076923076,0.0769230769230769,0.06730769230769225,0.18269230769230765,-0.0641025641025639,0.03846153846153855,-0.10256410256410245,BASELINE_NEGATIVE_CANDIDATE_POSITIVE,SAME_DIRECTION_POSITIVE,BASELINE_NEGATIVE_CANDIDATE_POSITIVE,MEDIUM_TERM_PARTICIPATION_BUILDING,MM_STRUCTURE_CROWDED_LONG
2016-09-06,1349.4000244140625,-0.0064102564102563,0.0,-0.0064102564102563,-0.3205128205128205,-0.1538461538461539,-0.3269230769230769,-0.24038461538461542,-0.08012820512820507,0.0064102564102563,0.019230769230769162,-0.012820512820512862,BOTH_NEAR_ZERO,SAME_DIRECTION_NEGATIVE,BOTH_NEAR_ZERO,SHORT_TERM_ONLY_REACTION,MM_STRUCTURE_CROWDED_LONG
2016-09-13,1319.0,-0.0576923076923077,-0.05128205128205121,-0.0064102564102564916,-0.1602564102564102,-0.1987179487179487,-0.141025641025641,-0.16987179487179485,0.009615384615384664,-0.0448717948717948,-0.04487179487179482,2.0816681711721685e-17,SAME_DIRECTION_NEGATIVE,SAME_DIRECTION_NEGATIVE,SAME_DIRECTION_NEGATIVE,MEDIUM_TERM_STRUCTURE_WEAKENING,MM_STRUCTURE_CROWDED_LONG
2016-09-20,1313.699951171875,-0.0833333333333332,-0.10897435897435892,0.025641025641025716,0.064102564102564,0.23076923076923078,0.0769230769230769,0.15384615384615385,-0.08974358974358985,-0.0641025641025639,-0.08333333333333326,0.019230769230769357,SAME_DIRECTION_NEGATIVE,SAME_DIRECTION_POSITIVE,SAME_DIRECTION_NEGATIVE,MEDIUM_TERM_STRUCTURE_WEAKENING,MM_STRUCTURE_CROWDED_LONG
2016-09-27,1325.9000244140625,-0.032051282051282,-0.04487179487179482,0.012820512820512824,-0.1666666666666666,-0.04487179487179491,-0.2435897435897435,-0.14423076923076922,-0.022435897435897384,-0.0064102564102563,-0.02564102564102555,0.01923076923076925,SAME_DIRECTION_NEGATIVE,SAME_DIRECTION_NEGATIVE,BOTH_NEAR_ZERO,MEDIUM_TERM_STRUCTURE_WEAKENING,MM_STRUCTURE_CROWDED_LONG
2016-10-04,1266.300048828125,-0.0897435897435897,-0.1217948717948718,0.032051282051282104,0.0897435897435897,0.1858974358974359,0.4166666666666666,0.3012820512820512,-0.2115384615384615,-0.0769230769230769,-0.10897435897435903,0.03205128205128213,SAME_DIRECTION_NEGATIVE,SAME_DIRECTION_POSITIVE,SAME_DIRECTION_NEGATIVE,MEDIUM_TERM_STRUCTURE_WEAKENING,MM_STRUCTURE_CROWDED_LONG
2016-10-11,1253.0,-0.108974358974359,-0.15384615384615385,0.04487179487179485,0.2179487179487179,0.40384615384615397,0.358974358974359,0.3814102564102565,-0.1634615384615386,-0.1282051282051283,-0.17948717948717952,0.05128205128205121,SAME_DIRECTION_NEGATIVE,SAME_DIRECTION_POSITIVE,SAME_DIRECTION_NEGATIVE,MEDIUM_TERM_STRUCTURE_WEAKENING,MM_STRUCTURE_CROWDED_LONG
2016-10-18,1260.800048828125,-0.141025641025641,-0.17307692307692313,0.03205128205128213,0.3525641025641025,0.08974358974358981,0.2756410256410256,0.1826923076923077,0.16987179487179477,-0.185897435897436,-0.21153846153846156,0.025641025641025578,SAME_DIRECTION_NEGATIVE,SAME_DIRECTION_POSITIVE,SAME_DIRECTION_NEGATIVE,MEDIUM_TERM_STRUCTURE_WEAKENING,MM_STRUCTURE_LONG_LIQUIDATION
2016-10-25,1271.9000244140625,-0.1025641025641025,-0.16025641025641024,0.05769230769230774,0.1666666666666666,0.0064102564102563875,0.4102564102564102,0.2083333333333333,-0.041666666666666685,-0.1410256410256412,-0.1987179487179488,0.0576923076923076,SAME_DIRECTION_NEGATIVE,SAME_DIRECTION_POSITIVE,SAME_DIRECTION_NEGATIVE,MEDIUM_TERM_STRUCTURE_WEAKENING,MM_STRUCTURE_LONG_LIQUIDATION
2016-11-01,1286.4000244140625,-0.141025641025641,-0.15384615384615385,0.012820512820512858,0.3525641025641025,-0.1538461538461539,-0.0641025641025641,-0.108974358974359,0.46153846153846145,-0.1474358974358974,-0.15384615384615385,0.006410256410256443,SAME_DIRECTION_NEGATIVE,BASELINE_POSITIVE_CANDIDATE_NEGATIVE,SAME_DIRECTION_NEGATIVE,MEDIUM_TERM_STRUCTURE_WEAKENING,MM_STRUCTURE_CROWDED_LONG
2016-11-08,1273.4000244140625,-0.0641025641025641,-0.1282051282051282,0.0641025641025641,0.25,-0.11538461538461536,-0.1089743589743589,-0.11217948717948714,0.3621794871794871,-0.0769230769230771,-0.1346153846153847,0.0576923076923076,SAME_DIRECTION_NEGATIVE,BASELINE_POSITIVE_CANDIDATE_NEGATIVE,SAME_DIRECTION_NEGATIVE,MEDIUM_TERM_STRUCTURE_WEAKENING,MM_STRUCTURE_CROWDED_LONG
2016-11-15,1224.0,-0.1025641025641026,-0.20512820512820518,0.10256410256410257,0.1602564102564103,0.03846153846153849,-0.1153846153846153,-0.0384615384615384,0.1987179487179487,-0.1282051282051283,-0.21794871794871795,0.08974358974358965,SAME_DIRECTION_NEGATIVE,BASELINE_POSITIVE_CANDIDATE_NEGATIVE,SAME_DIRECTION_NEGATIVE,MEDIUM_TERM_STRUCTURE_WEAKENING,MM_STRUCTURE_LONG_LIQUIDATION
2016-11-22,1211.0,-0.1858974358974359,-0.19871794871794868,0.012820512820512775,0.3525641025641025,0.0576923076923076,-0.0576923076923077,-5.204170427930421e-17,0.35256410256410253,-0.2500000000000001,-0.23717948717948723,-0.012820512820512886,SAME_DIRECTION_NEGATIVE,BASELINE_POSITIVE_CANDIDATE_NEGATIVE,SAME_DIRECTION_NEGATIVE,MEDIUM_TERM_STRUCTURE_WEAKENING,MM_STRUCTURE_LONG_LIQUIDATION
2016-11-29,1187.9000244140625,-0.1217948717948718,-0.1987179487179488,0.07692307692307698,0.0641025641025641,0.08974358974358976,0.1282051282051282,0.10897435897435898,-0.04487179487179488,-0.2179487179487179,-0.27564102564102577,0.057692307692307876,SAME_DIRECTION_NEGATIVE,SAME_DIRECTION_POSITIVE,SAME_DIRECTION_NEGATIVE,MEDIUM_TERM_STRUCTURE_WEAKENING,MM_STRUCTURE_LONG_LIQUIDATION
2016-12-06,1167.5999755859375,-0.1282051282051282,-0.2628205128205129,0.1346153846153847,0.1346153846153845,0.18589743589743596,0.2435897435897435,0.21474358974358973,-0.08012820512820523,-0.2756410256410256,-0.435897435897436,0.1602564102564104,SAME_DIRECTION_NEGATIVE,SAME_DIRECTION_POSITIVE,SAME_DIRECTION_NEGATIVE,MEDIUM_TERM_STRUCTURE_WEAKENING,MM_STRUCTURE_LONG_LIQUIDATION
2016-12-13,1156.699951171875,-0.1410256410256409,-0.3141025641025641,0.17307692307692318,0.2051282051282051,0.23076923076923084,0.3205128205128205,0.27564102564102566,-0.07051282051282057,-0.3269230769230769,-0.5384615384615385,0.21153846153846162,SAME_DIRECTION_NEGATIVE,SAME_DIRECTION_POSITIVE,SAME_DIRECTION_NEGATIVE,MEDIUM_TERM_STRUCTURE_WEAKENING,MM_STRUCTURE_LONG_LIQUIDATION
2016-12-20,1131.5,-0.1730769230769231,-0.33974358974358976,0.16666666666666666,0.3269230769230768,0.19871794871794868,0.3846153846153846,0.29166666666666663,0.03525641025641019,-0.4166666666666666,-0.6217948717948718,0.20512820512820523,SAME_DIRECTION_NEGATIVE,SAME_DIRECTION_POSITIVE,SAME_DIRECTION_NEGATIVE,MEDIUM_TERM_STRUCTURE_WEAKENING,MM_STRUCTURE_LONG_LIQUIDATION
2016-12-27,1137.300048828125,-0.2435897435897436,-0.39743589743589747,0.15384615384615385,0.4679487179487179,0.10897435897435892,0.3397435897435897,0.2243589743589743,0.24358974358974358,-0.5384615384615384,-0.6923076923076923,0.15384615384615385,SAME_DIRECTION_NEGATIVE,SAME_DIRECTION_POSITIVE,SAME_DIRECTION_NEGATIVE,MEDIUM_TERM_STRUCTURE_WEAKENING,MM_STRUCTURE_LONG_LIQUIDATION
2017-01-03,1160.4000244140625,-0.3141025641025641,-0.4487179487179487,0.13461538461538458,0.4743589743589744,0.03205128205128216,0.2307692307692308,0.1314102564102565,0.3429487179487179,-0.6217948717948718,-0.7628205128205129,0.14102564102564108,SAME_DIRECTION_NEGATIVE,SAME_DIRECTION_POSITIVE,SAME_DIRECTION_NEGATIVE,MEDIUM_TERM_STRUCTURE_WEAKENING,MM_STRUCTURE_LONG_LIQUIDATION
2017-01-10,1184.199951171875,-0.1474358974358973,-0.35256410256410253,0.20512820512820523,0.3461538461538461,-0.08333333333333337,0.0256410256410255,-0.028846153846153934,0.375,-0.3846153846153846,-0.5961538461538463,0.21153846153846168,SAME_DIRECTION_NEGATIVE,BASELINE_POSITIVE_CANDIDATE_NEGATIVE,SAME_DIRECTION_NEGATIVE,MEDIUM_TERM_STRUCTURE_WEAKENING,MM_STRUCTURE_LONG_LIQUIDATION
2017-01-17,1212.0,-0.0897435897435897,-0.3076923076923077,0.217948717948718,0.3525641025641025,-0.06410256410256421,-0.032051282051282,-0.0480769230769231,0.40064102564102555,-0.3269230769230769,-0.5833333333333335,0.25641025641025655,SAME_DIRECTION_NEGATIVE,BASELINE_POSITIVE_CANDIDATE_NEGATIVE,SAME_DIRECTION_NEGATIVE,MEDIUM_TERM_STRUCTURE_WEAKENING,MM_STRUCTURE_LONG_LIQUIDATION
2017-01-24,1210.300048828125,-0.1282051282051282,-0.34615384615384626,0.21794871794871806,0.1987179487179488,-0.0576923076923076,-0.1410256410256409,-0.09935897435897426,0.298076923076923,-0.2628205128205128,-0.5705128205128205,0.3076923076923077,SAME_DIRECTION_NEGATIVE,BASELINE_POSITIVE_CANDIDATE_NEGATIVE,SAME_DIRECTION_NEGATIVE,MEDIUM_TERM_STRUCTURE_WEAKENING,MM_STRUCTURE_LONG_LIQUIDATION
2017-01-31,1208.5999755859375,-0.0576923076923077,-0.326923076923077,0.2692307692307693,0.0128205128205128,-0.15384615384615374,-0.2179487179487179,-0.18589743589743582,0.19871794871794862,-0.0769230769230769,-0.512820512820513,0.4358974358974361,SAME_DIRECTION_NEGATIVE,BASELINE_POSITIVE_CANDIDATE_NEGATIVE,SAME_DIRECTION_NEGATIVE,MEDIUM_TERM_STRUCTURE_WEAKENING,MM_STRUCTURE_LONG_LIQUIDATION
2017-02-07,1234.199951171875,-0.0064102564102563,-0.28846153846153844,0.28205128205128216,-0.0705128205128206,-0.03846153846153855,-0.0961538461538461,-0.06730769230769232,-0.003205128205128277,0.0064102564102563,-0.4871794871794873,0.49358974358974356,SAME_DIRECTION_NEGATIVE,SAME_DIRECTION_NEGATIVE,BASELINE_POSITIVE_CANDIDATE_NEGATIVE,MEDIUM_TERM_STRUCTURE_WEAKENING,MM_STRUCTURE_SHORT_COVERING_RALLY
2017-02-14,1223.9000244140625,-0.032051282051282,-0.326923076923077,0.294871794871795,-0.1666666666666666,0.019230769230769162,-0.1346153846153845,-0.05769230769230767,-0.10897435897435893,0.0512820512820512,-0.5192307692307694,0.5705128205128206,SAME_DIRECTION_NEGATIVE,SAME_DIRECTION_NEGATIVE,BASELINE_POSITIVE_CANDIDATE_NEGATIVE,MEDIUM_TERM_STRUCTURE_WEAKENING,MM_STRUCTURE_SHORT_COVERING_RALLY
2017-02-21,1237.5,0.0769230769230769,-0.28846153846153844,0.3653846153846153,-0.2564102564102564,-0.07692307692307687,-0.1153846153846154,-0.09615384615384615,-0.16025641025641024,0.1987179487179486,-0.46794871794871806,0.6666666666666666,BASELINE_POSITIVE_CANDIDATE_NEGATIVE,SAME_DIRECTION_NEGATIVE,BASELINE_POSITIVE_CANDIDATE_NEGATIVE,MEDIUM_TERM_STRUCTURE_WEAKENING,MM_STRUCTURE_ACCUMULATION
2017-02-28,1252.5999755859375,0.205128205128205,-0.17948717948717963,0.38461538461538464,-0.3910256410256411,-0.1923076923076923,-0.1730769230769231,-0.1826923076923077,-0.20833333333333337,0.4487179487179488,-0.2500000000000001,0.6987179487179489,BASELINE_POSITIVE_CANDIDATE_NEGATIVE,SAME_DIRECTION_NEGATIVE,BASELINE_POSITIVE_CANDIDATE_NEGATIVE,MEDIUM_TERM_STRUCTURE_WEAKENING,MM_STRUCTURE_ACCUMULATION
2017-03-07,1215.0999755859375,0.0641025641025641,-0.28205128205128205,0.34615384615384615,-0.2179487179487179,-0.044871794871794934,-0.1217948717948718,-0.08333333333333337,-0.13461538461538453,0.1858974358974358,-0.41666666666666674,0.6025641025641025,BASELINE_POSITIVE_CANDIDATE_NEGATIVE,SAME_DIRECTION_NEGATIVE,BASELINE_POSITIVE_CANDIDATE_NEGATIVE,MEDIUM_TERM_STRUCTURE_WEAKENING,MM_STRUCTURE_ACCUMULATION
2017-03-14,1201.9000244140625,-0.2564102564102564,-0.5064102564102566,0.2500000000000002,-0.1025641025641025,0.22435897435897434,0.032051282051282,0.12820512820512817,-0.23076923076923067,-0.0897435897435897,-0.6282051282051283,0.5384615384615385,SAME_DIRECTION_NEGATIVE,BASELINE_NEGATIVE_CANDIDATE_POSITIVE,SAME_DIRECTION_NEGATIVE,MEDIUM_TERM_STRUCTURE_WEAKENING,MM_STRUCTURE_LONG_LIQUIDATION
2017-03-21,1246.0999755859375,-0.0833333333333333,-0.34615384615384626,0.26282051282051294,-0.0256410256410256,0.1346153846153847,0.0897435897435897,0.1121794871794872,-0.1378205128205128,-0.0192307692307692,-0.5256410256410258,0.5064102564102566,SAME_DIRECTION_NEGATIVE,BASELINE_NEGATIVE_CANDIDATE_POSITIVE,SAME_DIRECTION_NEGATIVE,MEDIUM_TERM_STRUCTURE_WEAKENING,MM_STRUCTURE_LONG_LIQUIDATION
2017-03-28,1255.300048828125,0.0512820512820513,-0.2435897435897436,0.29487179487179493,-0.1153846153846154,-0.16666666666666663,0.0576923076923077,-0.05448717948717946,-0.060897435897435945,0.1474358974358975,-0.35897435897435903,0.5064102564102565,BASELINE_POSITIVE_CANDIDATE_NEGATIVE,SAME_DIRECTION_NEGATIVE,BASELINE_POSITIVE_CANDIDATE_NEGATIVE,MEDIUM_TERM_STRUCTURE_WEAKENING,MM_STRUCTURE_ACCUMULATION
2017-04-04,1255.0,0.0705128205128204,-0.1282051282051282,0.1987179487179486,-0.1987179487179486,-0.21153846153846156,-0.0769230769230768,-0.1442307692307692,-0.054487179487179405,0.2115384615384616,-0.19871794871794868,0.41025641025641024,BASELINE_POSITIVE_CANDIDATE_NEGATIVE,SAME_DIRECTION_NEGATIVE,BASELINE_POSITIVE_CANDIDATE_NEGATIVE,MEDIUM_TERM_STRUCTURE_WEAKENING,MM_STRUCTURE_ACCUMULATION
2017-04-11,1271.199951171875,0.1602564102564102,-0.05769230769230771,0.2179487179487179,-0.2628205128205128,-0.1282051282051283,-0.2948717948717949,-0.2115384615384616,-0.05128205128205118,0.3333333333333333,-0.05769230769230771,0.391025641025641,BASELINE_POSITIVE_CANDIDATE_NEGATIVE,SAME_DIRECTION_NEGATIVE,BASELINE_POSITIVE_CANDIDATE_NEGATIVE,MEDIUM_TERM_STRUCTURE_WEAKENING,MM_STRUCTURE_ACCUMULATION
2017-04-18,1291.699951171875,0.1346153846153845,-0.012820512820512775,0.14743589743589727,-0.1858974358974359,-0.0641025641025641,-0.2756410256410256,-0.16987179487179485,-0.016025641025641052,0.3012820512820513,0.019230769230769273,0.28205128205128205,BASELINE_POSITIVE_CANDIDATE_NEGATIVE,SAME_DIRECTION_NEGATIVE,SAME_DIRECTION_POSITIVE,SHORT_TERM_ONLY_REACTION,MM_STRUCTURE_CROWDED_LONG
2017-04-25,1265.5999755859375,0.0961538461538461,0.019230769230769162,0.07692307692307694,-0.0769230769230769,-0.006410256410256332,-0.1346153846153846,-0.07051282051282047,-0.006410256410256429,0.1474358974358974,0.03846153846153855,0.10897435897435886,SAME_DIRECTION_POSITIVE,SAME_DIRECTION_NEGATIVE,SAME_DIRECTION_POSITIVE,MEDIUM_TERM_PARTICIPATION_BUILDING,MM_STRUCTURE_CROWDED_LONG
2017-05-02,1255.0999755859375,0.0961538461538461,-0.04487179487179482,0.1410256410256409,-0.1153846153846153,0.025641025641025605,-0.0384615384615384,-0.006410256410256398,-0.10897435897435889,0.1858974358974359,-0.08333333333333337,0.2692307692307693,BASELINE_POSITIVE_CANDIDATE_NEGATIVE,SAME_DIRECTION_NEGATIVE,BASELINE_POSITIVE_CANDIDATE_NEGATIVE,MEDIUM_TERM_STRUCTURE_WEAKENING,MM_STRUCTURE_ACCUMULATION
2017-05-09,1214.300048828125,0.2564102564102564,-0.1858974358974359,0.4423076923076923,-0.2115384615384615,0.0897435897435897,0.0833333333333333,0.08653846153846151,-0.298076923076923,0.2948717948717948,-0.2564102564102564,0.5512820512820512,BASELINE_POSITIVE_CANDIDATE_NEGATIVE,BASELINE_NEGATIVE_CANDIDATE_POSITIVE,BASELINE_POSITIVE_CANDIDATE_NEGATIVE,MEDIUM_TERM_STRUCTURE_WEAKENING,MM_STRUCTURE_ACCUMULATION
2017-05-16,1235.0,-0.032051282051282,-0.27564102564102566,0.24358974358974367,-0.1025641025641026,0.1474358974358974,0.173076923076923,0.1602564102564102,-0.2628205128205128,0.0705128205128204,-0.326923076923077,0.39743589743589736,SAME_DIRECTION_NEGATIVE,BASELINE_NEGATIVE_CANDIDATE_POSITIVE,BASELINE_POSITIVE_CANDIDATE_NEGATIVE,MEDIUM_TERM_STRUCTURE_WEAKENING,MM_STRUCTURE_SHORT_COVERING_RALLY
2017-05-23,1254.800048828125,0.0,-0.05769230769230771,0.05769230769230771,-0.1217948717948718,-0.07692307692307687,0.0128205128205128,-0.032051282051282035,-0.08974358974358977,0.0384615384615384,-0.07051282051282048,0.10897435897435889,MIXED_OR_UNCLEAR,SAME_DIRECTION_NEGATIVE,BASELINE_POSITIVE_CANDIDATE_NEGATIVE,MEDIUM_TERM_STRUCTURE_WEAKENING,MM_STRUCTURE_SHORT_COVERING_RALLY
2017-05-30,1262.0999755859375,0.0064102564102563,0.0,0.0064102564102563,-0.0512820512820512,-0.16025641025641024,-0.0128205128205128,-0.08653846153846152,0.035256410256410325,0.0128205128205127,0.03205128205128205,-0.01923076923076935,BOTH_NEAR_ZERO,SAME_DIRECTION_NEGATIVE,SAME_DIRECTION_POSITIVE,SHORT_TERM_RECOVERY_MEDIUM_TERM_UNCONFIRMED,MM_STRUCTURE_ACCUMULATION
2017-06-06,1294.4000244140625,0.0833333333333333,0.15384615384615385,-0.07051282051282055,0.1602564102564103,0.15384615384615385,0.0769230769230769,0.11538461538461538,0.04487179487179492,0.0705128205128206,0.28846153846153855,-0.21794871794871795,SAME_DIRECTION_POSITIVE,SAME_DIRECTION_POSITIVE,SAME_DIRECTION_POSITIVE,MEDIUM_TERM_PARTICIPATION_BUILDING,MM_STRUCTURE_CROWDED_LONG
2017-06-13,1265.800048828125,0.0512820512820513,0.17948717948717952,-0.12820512820512822,0.1858974358974359,0.17307692307692313,0.0128205128205128,0.09294871794871797,0.09294871794871794,-0.0384615384615384,0.30769230769230776,-0.34615384615384615,SAME_DIRECTION_POSITIVE,SAME_DIRECTION_POSITIVE,BASELINE_NEGATIVE_CANDIDATE_POSITIVE,MEDIUM_TERM_PARTICIPATION_BUILDING,MM_STRUCTURE_SHORT_BUILDING
2017-06-20,1241.0,-0.1474358974358973,0.044871794871794934,-0.19230769230769224,0.1858974358974358,0.019230769230769162,0.173076923076923,0.09615384615384608,0.08974358974358972,-0.25,0.20512820512820518,-0.4551282051282052,BASELINE_NEGATIVE_CANDIDATE_POSITIVE,SAME_DIRECTION_POSITIVE,BASELINE_NEGATIVE_CANDIDATE_POSITIVE,MEDIUM_TERM_PARTICIPATION_BUILDING,MM_STRUCTURE_LONG_LIQUIDATION
2017-06-27,1246.4000244140625,-0.2115384615384615,-0.012820512820512775,-0.19871794871794873,0.2115384615384615,0.05128205128205132,0.2243589743589744,0.13782051282051286,0.07371794871794865,-0.2948717948717949,0.1602564102564102,-0.45512820512820507,SAME_DIRECTION_NEGATIVE,SAME_DIRECTION_POSITIVE,BASELINE_NEGATIVE_CANDIDATE_POSITIVE,MIXED_STRUCTURE,MM_STRUCTURE_LONG_LIQUIDATION
2017-07-03,1217.9000244140625,-0.2179487179487179,-0.08974358974358981,-0.12820512820512808,0.3910256410256411,0.29487179487179505,0.3141025641025641,0.30448717948717957,0.08653846153846151,-0.391025641025641,-0.025641025641025578,-0.3653846153846154,SAME_DIRECTION_NEGATIVE,SAME_DIRECTION_POSITIVE,SAME_DIRECTION_NEGATIVE,MEDIUM_TERM_STRUCTURE_WEAKENING,MM_STRUCTURE_LONG_LIQUIDATION
2017-07-11,1213.5999755859375,-0.1474358974358974,-0.27564102564102577,0.12820512820512836,0.3076923076923077,0.2435897435897435,0.2948717948717948,0.26923076923076916,0.03846153846153855,-0.282051282051282,-0.22435897435897442,-0.05769230769230757,SAME_DIRECTION_NEGATIVE,SAME_DIRECTION_POSITIVE,SAME_DIRECTION_NEGATIVE,MEDIUM_TERM_STRUCTURE_WEAKENING,MM_STRUCTURE_LONG_LIQUIDATION
2017-07-18,1241.0999755859375,-0.2884615384615385,-0.25641025641025644,-0.03205128205128205,0.4615384615384615,-0.0064102564102564985,0.2884615384615385,0.141025641025641,0.3205128205128205,-0.4679487179487179,-0.2115384615384615,-0.2564102564102564,SAME_DIRECTION_NEGATIVE,SAME_DIRECTION_POSITIVE,SAME_DIRECTION_NEGATIVE,MEDIUM_TERM_STRUCTURE_WEAKENING,MM_STRUCTURE_LONG_LIQUIDATION
2017-07-25,1251.699951171875,-0.1987179487179486,-0.07051282051282048,-0.1282051282051281,0.1025641025641025,-0.3653846153846153,-0.1217948717948718,-0.24358974358974356,0.34615384615384603,-0.1923076923076923,0.10256410256410259,-0.2948717948717949,SAME_DIRECTION_NEGATIVE,BASELINE_POSITIVE_CANDIDATE_NEGATIVE,BASELINE_NEGATIVE_CANDIDATE_POSITIVE,MIXED_STRUCTURE,MM_STRUCTURE_LONG_LIQUIDATION
2017-08-01,1272.5999755859375,-0.2051282051282051,0.0064102564102563875,-0.21153846153846148,-0.2884615384615385,-0.5961538461538463,-0.6025641025641026,-0.5993589743589745,0.31089743589743596,-0.1474358974358974,0.217948717948718,-0.3653846153846154,BASELINE_NEGATIVE_CANDIDATE_POSITIVE,SAME_DIRECTION_NEGATIVE,BASELINE_NEGATIVE_CANDIDATE_POSITIVE,MEDIUM_TERM_PARTICIPATION_BUILDING,MM_STRUCTURE_LONG_LIQUIDATION
2017-08-08,1256.4000244140625,-0.1666666666666667,0.019230769230769162,-0.18589743589743588,-0.5384615384615384,-0.467948717948718,-0.8333333333333333,-0.6506410256410257,0.11217948717948723,-0.0256410256410256,0.2756410256410257,-0.3012820512820513,BASELINE_NEGATIVE_CANDIDATE_POSITIVE,SAME_DIRECTION_NEGATIVE,BASELINE_NEGATIVE_CANDIDATE_POSITIVE,MEDIUM_TERM_PARTICIPATION_BUILDING,MM_STRUCTURE_LONG_LIQUIDATION
2017-08-15,1273.699951171875,0.0833333333333332,0.16025641025641024,-0.07692307692307704,-0.6089743589743589,-0.3012820512820512,-0.8974358974358975,-0.5993589743589743,-0.009615384615384581,0.282051282051282,0.435897435897436,-0.15384615384615402,SAME_DIRECTION_POSITIVE,SAME_DIRECTION_NEGATIVE,SAME_DIRECTION_POSITIVE,MEDIUM_TERM_PARTICIPATION_BUILDING,MM_STRUCTURE_ACCUMULATION
2017-08-22,1285.0999755859375,0.2564102564102564,0.16666666666666663,0.08974358974358976,-0.6730769230769231,-0.0833333333333333,-0.5512820512820513,-0.3173076923076923,-0.35576923076923084,0.4038461538461539,0.3653846153846154,0.03846153846153849,SAME_DIRECTION_POSITIVE,SAME_DIRECTION_NEGATIVE,SAME_DIRECTION_POSITIVE,MEDIUM_TERM_PARTICIPATION_BUILDING,MM_STRUCTURE_CROWDED_LONG
2017-08-29,1313.0999755859375,0.4102564102564102,0.11538461538461542,0.29487179487179477,-0.903846153846154,0.0,-0.3012820512820512,-0.1506410256410256,-0.7532051282051284,0.6923076923076925,0.21794871794871806,0.47435897435897445,SAME_DIRECTION_POSITIVE,SAME_DIRECTION_NEGATIVE,SAME_DIRECTION_POSITIVE,MEDIUM_TERM_PARTICIPATION_BUILDING,MM_STRUCTURE_CROWDED_LONG
2017-09-05,1339.199951171875,0.5384615384615385,0.1987179487179488,0.33974358974358976,-0.9102564102564102,0.0064102564102564,-0.0769230769230769,-0.03525641025641025,-0.875,0.75,0.33974358974358976,0.41025641025641024,SAME_DIRECTION_POSITIVE,SAME_DIRECTION_NEGATIVE,SAME_DIRECTION_POSITIVE,MEDIUM_TERM_PARTICIPATION_BUILDING,MM_STRUCTURE_CROWDED_LONG
2017-09-12,1328.0,0.4935897435897435,0.49358974358974356,-5.551115123125783e-17,-0.8782051282051282,0.0192307692307692,0.0192307692307692,0.0192307692307692,-0.8974358974358974,0.7692307692307693,0.6474358974358975,0.1217948717948718,SAME_DIRECTION_POSITIVE,BASELINE_NEGATIVE_CANDIDATE_POSITIVE,SAME_DIRECTION_POSITIVE,MEDIUM_TERM_PARTICIPATION_BUILDING,MM_STRUCTURE_CROWDED_LONG
2017-09-19,1306.199951171875,0.3397435897435897,0.35256410256410264,-0.012820512820512941,-0.5256410256410257,0.019230769230769197,0.0256410256410256,0.022435897435897398,-0.548076923076923,0.4038461538461539,0.5256410256410258,-0.12179487179487186,SAME_DIRECTION_POSITIVE,BASELINE_NEGATIVE_CANDIDATE_POSITIVE,SAME_DIRECTION_POSITIVE,MEDIUM_TERM_PARTICIPATION_BUILDING,MM_STRUCTURE_CROWDED_LONG
2017-09-26,1297.0,0.1730769230769231,0.1282051282051282,0.04487179487179491,-0.2371794871794871,0.04487179487179489,0.0641025641025641,0.054487179487179495,-0.2916666666666666,0.1602564102564102,0.23076923076923073,-0.07051282051282054,SAME_DIRECTION_POSITIVE,BASELINE_NEGATIVE_CANDIDATE_POSITIVE,SAME_DIRECTION_POSITIVE,MEDIUM_TERM_PARTICIPATION_BUILDING,MM_STRUCTURE_CROWDED_LONG
2017-10-03,1271.5,0.0833333333333333,0.03205128205128205,0.05128205128205125,0.0,0.0576923076923077,0.0769230769230769,0.0673076923076923,-0.0673076923076923,0.0897435897435897,0.15384615384615385,-0.06410256410256415,SAME_DIRECTION_POSITIVE,MIXED_OR_UNCLEAR,SAME_DIRECTION_POSITIVE,MEDIUM_TERM_PARTICIPATION_BUILDING,MM_STRUCTURE_ACCUMULATION
2017-10-10,1290.5999755859375,-0.0576923076923077,-0.05769230769230771,6.938893903907228e-18,0.0576923076923076,-0.0064102564102564985,0.0384615384615384,0.01602564102564095,0.041666666666666644,-0.0705128205128206,0.03205128205128205,-0.10256410256410264,SAME_DIRECTION_NEGATIVE,SAME_DIRECTION_POSITIVE,BASELINE_NEGATIVE_CANDIDATE_POSITIVE,MIXED_STRUCTURE,MM_STRUCTURE_LONG_LIQUIDATION
2017-10-17,1283.0,-0.1025641025641025,-0.07051282051282048,-0.03205128205128202,0.1153846153846153,0.03205128205128199,0.0897435897435897,0.06089743589743585,0.054487179487179446,-0.0897435897435897,-0.02564102564102566,-0.06410256410256404,SAME_DIRECTION_NEGATIVE,SAME_DIRECTION_POSITIVE,SAME_DIRECTION_NEGATIVE,MEDIUM_TERM_STRUCTURE_WEAKENING,MM_STRUCTURE_LONG_LIQUIDATION
2017-10-24,1275.0,-0.1538461538461538,-0.13461538461538458,-0.019230769230769218,0.0769230769230769,0.0192307692307693,0.0128205128205128,0.016025641025641052,0.06089743589743585,-0.1282051282051283,-0.05769230769230771,-0.0705128205128206,SAME_DIRECTION_NEGATIVE,SAME_DIRECTION_POSITIVE,SAME_DIRECTION_NEGATIVE,MEDIUM_TERM_STRUCTURE_WEAKENING,MM_STRUCTURE_LONG_LIQUIDATION
2017-10-31,1267.0,-0.2179487179487179,-0.11538461538461542,-0.10256410256410248,0.0128205128205128,-0.09615384615384609,-0.0641025641025641,-0.0801282051282051,0.0929487179487179,-0.1602564102564102,-0.0064102564102563875,-0.1538461538461538,SAME_DIRECTION_NEGATIVE,BASELINE_POSITIVE_CANDIDATE_NEGATIVE,SAME_DIRECTION_NEGATIVE,MEDIUM_TERM_STRUCTURE_WEAKENING,MM_STRUCTURE_LONG_LIQUIDATION
2017-11-07,1273.699951171875,-0.2179487179487179,0.019230769230769162,-0.23717948717948706,0.0128205128205128,-0.0448717948717949,-0.0256410256410256,-0.03525641025641025,0.048076923076923045,-0.1666666666666667,0.1858974358974359,-0.35256410256410264,BASELINE_NEGATIVE_CANDIDATE_POSITIVE,BASELINE_POSITIVE_CANDIDATE_NEGATIVE,BASELINE_NEGATIVE_CANDIDATE_POSITIVE,MEDIUM_TERM_PARTICIPATION_BUILDING,MM_STRUCTURE_LONG_LIQUIDATION
2017-11-14,1281.5,-0.1923076923076923,0.1923076923076924,-0.3846153846153847,-0.0128205128205128,-0.006410256410256401,-0.1025641025641025,-0.05448717948717945,0.04166666666666666,-0.0897435897435898,0.3653846153846154,-0.45512820512820523,BASELINE_NEGATIVE_CANDIDATE_POSITIVE,SAME_DIRECTION_NEGATIVE,BASELINE_NEGATIVE_CANDIDATE_POSITIVE,MEDIUM_TERM_PARTICIPATION_BUILDING,MM_STRUCTURE_LONG_LIQUIDATION
2017-11-21,1281.0999755859375,-0.1538461538461538,-0.02564102564102566,-0.12820512820512814,-0.0576923076923076,-0.0256410256410256,-0.0705128205128205,-0.048076923076923045,-0.009615384615384553,-0.0512820512820513,0.14102564102564097,-0.19230769230769226,SAME_DIRECTION_NEGATIVE,SAME_DIRECTION_NEGATIVE,BASELINE_NEGATIVE_CANDIDATE_POSITIVE,MIXED_STRUCTURE,MM_STRUCTURE_LONG_LIQUIDATION
2017-11-28,1294.699951171875,0.0192307692307692,0.044871794871794934,-0.025641025641025734,-0.0833333333333333,-0.0128205128205128,-0.0192307692307692,-0.016025641025641,-0.0673076923076923,0.0128205128205127,0.15384615384615385,-0.14102564102564116,SAME_DIRECTION_POSITIVE,SAME_DIRECTION_NEGATIVE,SAME_DIRECTION_POSITIVE,MEDIUM_TERM_PARTICIPATION_BUILDING,MM_STRUCTURE_CROWDED_LONG
2017-12-05,1261.5999755859375,-0.1217948717948718,-0.2628205128205129,0.14102564102564108,0.1858974358974359,0.23717948717948711,0.2115384615384615,0.2243589743589743,-0.03846153846153841,-0.1666666666666666,-0.20512820512820518,0.038461538461538575,SAME_DIRECTION_NEGATIVE,SAME_DIRECTION_POSITIVE,SAME_DIRECTION_NEGATIVE,MEDIUM_TERM_STRUCTURE_WEAKENING,MM_STRUCTURE_LONG_LIQUIDATION
2017-12-12,1238.5,-0.4615384615384615,-0.5833333333333335,0.12179487179487197,0.3333333333333333,0.4487179487179487,0.4358974358974359,0.4423076923076923,-0.10897435897435898,-0.3653846153846153,-0.3525641025641026,-0.01282051282051272,SAME_DIRECTION_NEGATIVE,SAME_DIRECTION_POSITIVE,SAME_DIRECTION_NEGATIVE,MEDIUM_TERM_STRUCTURE_WEAKENING,MM_STRUCTURE_LONG_LIQUIDATION
2017-12-19,1260.699951171875,-0.4743589743589743,-0.4615384615384617,-0.012820512820512608,0.2692307692307692,0.10256410256410259,0.3397435897435897,0.22115384615384615,0.04807692307692307,-0.326923076923077,-0.1346153846153847,-0.1923076923076923,SAME_DIRECTION_NEGATIVE,SAME_DIRECTION_POSITIVE,SAME_DIRECTION_NEGATIVE,MEDIUM_TERM_STRUCTURE_WEAKENING,MM_STRUCTURE_LOW_PARTICIPATION
2017-12-26,1284.0999755859375,-0.3397435897435897,-0.24358974358974367,-0.09615384615384603,0.0641025641025641,-0.36538461538461536,0.0833333333333333,-0.14102564102564102,0.20512820512820512,-0.2307692307692307,0.057692307692307765,-0.28846153846153844,SAME_DIRECTION_NEGATIVE,BASELINE_POSITIVE_CANDIDATE_NEGATIVE,BASELINE_NEGATIVE_CANDIDATE_POSITIVE,MIXED_STRUCTURE,MM_STRUCTURE_LOW_PARTICIPATION
2018-01-02,1313.699951171875,-0.0833333333333332,0.1538461538461539,-0.23717948717948711,0.0576923076923076,-0.2564102564102564,-0.1538461538461538,-0.2051282051282051,0.26282051282051266,-0.1217948717948718,0.4551282051282051,-0.5769230769230769,BASELINE_NEGATIVE_CANDIDATE_POSITIVE,BASELINE_POSITIVE_CANDIDATE_NEGATIVE,BASELINE_NEGATIVE_CANDIDATE_POSITIVE,MEDIUM_TERM_PARTICIPATION_BUILDING,MM_STRUCTURE_LONG_LIQUIDATION
2018-01-09,1311.699951171875,0.1282051282051282,0.46794871794871806,-0.33974358974358987,0.0769230769230769,0.006410256410256401,-0.358974358974359,-0.1762820512820513,0.2532051282051282,0.0256410256410256,0.6730769230769231,-0.6474358974358976,SAME_DIRECTION_POSITIVE,BASELINE_POSITIVE_CANDIDATE_NEGATIVE,SAME_DIRECTION_POSITIVE,MEDIUM_TERM_PARTICIPATION_BUILDING,MM_STRUCTURE_CROWDED_LONG
2018-01-16,1335.4000244140625,0.1538461538461538,0.4166666666666667,-0.2628205128205129,0.1474358974358974,0.0641025641025641,-0.1923076923076923,-0.0641025641025641,0.2115384615384615,0.0576923076923077,0.6666666666666666,-0.6089743589743589,SAME_DIRECTION_POSITIVE,BASELINE_POSITIVE_CANDIDATE_NEGATIVE,SAME_DIRECTION_POSITIVE,MEDIUM_TERM_PARTICIPATION_BUILDING,MM_STRUCTURE_CROWDED_LONG
2018-01-23,1335.699951171875,0.0512820512820512,0.2948717948717948,-0.2435897435897436,0.1602564102564102,0.07051282051282048,0.0769230769230769,0.07371794871794869,0.0865384615384615,0.0064102564102563,0.35256410256410253,-0.34615384615384626,SAME_DIRECTION_POSITIVE,SAME_DIRECTION_POSITIVE,SAME_DIRECTION_POSITIVE,MEDIUM_TERM_PARTICIPATION_BUILDING,MM_STRUCTURE_CROWDED_LONG
2018-01-30,1335.4000244140625,0.2307692307692308,0.17307692307692313,0.05769230769230768,-0.1282051282051282,-0.038461538461538505,0.0256410256410256,-0.006410256410256453,-0.12179487179487174,0.2179487179487179,0.16025641025641024,0.057692307692307654,SAME_DIRECTION_POSITIVE,SAME_DIRECTION_NEGATIVE,SAME_DIRECTION_POSITIVE,MEDIUM_TERM_PARTICIPATION_BUILDING,MM_STRUCTURE_CROWDED_LONG
2018-02-06,1326.0999755859375,0.4743589743589743,0.05769230769230771,0.4166666666666666,-0.3269230769230769,-0.03846153846153849,0.032051282051282,-0.0032051282051282458,-0.3237179487179487,0.3846153846153846,0.05769230769230771,0.32692307692307687,SAME_DIRECTION_POSITIVE,SAME_DIRECTION_NEGATIVE,SAME_DIRECTION_POSITIVE,MEDIUM_TERM_PARTICIPATION_BUILDING,MM_STRUCTURE_ACCUMULATION
2018-02-13,1328.0999755859375,0.3910256410256409,-0.15384615384615385,0.5448717948717947,-0.3076923076923077,-0.0769230769230769,-0.1153846153846153,-0.09615384615384609,-0.21153846153846162,0.2756410256410256,-0.14102564102564108,0.4166666666666667,BASELINE_POSITIVE_CANDIDATE_NEGATIVE,SAME_DIRECTION_NEGATIVE,BASELINE_POSITIVE_CANDIDATE_NEGATIVE,MEDIUM_TERM_STRUCTURE_WEAKENING,MM_STRUCTURE_ACCUMULATION
2018-02-20,1328.800048828125,0.3141025641025641,-0.1858974358974359,0.5,-0.0512820512820512,-0.0897435897435897,-0.1282051282051282,-0.10897435897435895,0.05769230769230775,0.2435897435897436,-0.10256410256410253,0.34615384615384615,BASELINE_POSITIVE_CANDIDATE_NEGATIVE,SAME_DIRECTION_NEGATIVE,BASELINE_POSITIVE_CANDIDATE_NEGATIVE,MEDIUM_TERM_STRUCTURE_WEAKENING,MM_STRUCTURE_ACCUMULATION
2018-02-27,1315.5,-0.0192307692307692,-0.27564102564102566,0.25641025641025644,0.1025641025641025,0.15384615384615388,0.0769230769230769,0.11538461538461539,-0.012820512820512886,-0.0192307692307691,-0.2564102564102565,0.2371794871794874,SAME_DIRECTION_NEGATIVE,SAME_DIRECTION_POSITIVE,SAME_DIRECTION_NEGATIVE,MEDIUM_TERM_STRUCTURE_WEAKENING,MM_STRUCTURE_LONG_LIQUIDATION
2018-03-06,1333.5999755859375,-0.2564102564102565,-0.3269230769230771,0.0705128205128206,0.0128205128205128,0.07051282051282051,-0.0192307692307692,0.025641025641025654,-0.012820512820512855,-0.1923076923076923,-0.26923076923076916,0.07692307692307687,SAME_DIRECTION_NEGATIVE,BOTH_NEAR_ZERO,SAME_DIRECTION_NEGATIVE,MEDIUM_TERM_STRUCTURE_WEAKENING,MM_STRUCTURE_LONG_LIQUIDATION
2018-03-13,1325.9000244140625,-0.3141025641025641,-0.39102564102564097,0.07692307692307687,0.0256410256410256,-0.012820512820512803,0.141025641025641,0.0641025641025641,-0.0384615384615385,-0.2692307692307691,-0.3717948717948718,0.1025641025641027,SAME_DIRECTION_NEGATIVE,SAME_DIRECTION_POSITIVE,SAME_DIRECTION_NEGATIVE,MEDIUM_TERM_STRUCTURE_WEAKENING,MM_STRUCTURE_LONG_LIQUIDATION
2018-03-20,1311.0999755859375,-0.3974358974358974,-0.44230769230769235,0.044871794871794934,0.2307692307692307,0.28846153846153855,0.358974358974359,0.3237179487179488,-0.09294871794871809,-0.3525641025641025,-0.40384615384615397,0.05128205128205149,SAME_DIRECTION_NEGATIVE,SAME_DIRECTION_POSITIVE,SAME_DIRECTION_NEGATIVE,MEDIUM_TERM_STRUCTURE_WEAKENING,MM_STRUCTURE_LONG_LIQUIDATION
2018-03-27,1341.300048828125,-0.2243589743589743,-0.22435897435897434,2.7755575615628914e-17,-0.0128205128205128,-0.07692307692307698,-0.0897435897435897,-0.08333333333333334,0.07051282051282054,-0.1666666666666666,-0.16666666666666663,2.7755575615628914e-17,SAME_DIRECTION_NEGATIVE,SAME_DIRECTION_NEGATIVE,SAME_DIRECTION_NEGATIVE,MEDIUM_TERM_STRUCTURE_WEAKENING,MM_STRUCTURE_LONG_LIQUIDATION
2018-04-03,1332.800048828125,-0.282051282051282,-0.30769230769230776,0.025641025641025772,0.1153846153846153,-0.15384615384615394,0.1346153846153846,-0.009615384615384664,0.12499999999999996,-0.2692307692307693,-0.3012820512820513,0.03205128205128205,SAME_DIRECTION_NEGATIVE,BASELINE_POSITIVE_CANDIDATE_NEGATIVE,SAME_DIRECTION_NEGATIVE,MEDIUM_TERM_STRUCTURE_WEAKENING,MM_STRUCTURE_LONG_LIQUIDATION
2018-04-10,1342.0,-0.1666666666666666,-0.26282051282051283,0.09615384615384623,0.1858974358974359,0.1217948717948718,0.0448717948717948,0.0833333333333333,0.1025641025641026,-0.1987179487179486,-0.26923076923076916,0.07051282051282057,SAME_DIRECTION_NEGATIVE,SAME_DIRECTION_POSITIVE,SAME_DIRECTION_NEGATIVE,MEDIUM_TERM_STRUCTURE_WEAKENING,MM_STRUCTURE_LONG_LIQUIDATION
2018-04-17,1347.199951171875,-0.1794871794871794,-0.26282051282051283,0.08333333333333343,0.141025641025641,-0.0641025641025641,-0.2179487179487179,-0.141025641025641,0.282051282051282,-0.2179487179487179,-0.23076923076923073,0.01282051282051283,SAME_DIRECTION_NEGATIVE,BASELINE_POSITIVE_CANDIDATE_NEGATIVE,SAME_DIRECTION_NEGATIVE,MEDIUM_TERM_STRUCTURE_WEAKENING,MM_STRUCTURE_LONG_LIQUIDATION
2018-04-24,1331.4000244140625,-0.1923076923076923,-0.31410256410256415,0.12179487179487186,0.2756410256410256,0.24358974358974358,0.3653846153846154,0.3044871794871795,-0.02884615384615391,-0.217948717948718,-0.34615384615384626,0.12820512820512825,SAME_DIRECTION_NEGATIVE,SAME_DIRECTION_POSITIVE,SAME_DIRECTION_NEGATIVE,MEDIUM_TERM_STRUCTURE_WEAKENING,MM_STRUCTURE_LONG_LIQUIDATION
2018-05-01,1303.800048828125,-0.3782051282051282,-0.4871794871794872,0.10897435897435903,0.6923076923076923,0.6217948717948718,0.5576923076923077,0.5897435897435898,0.10256410256410253,-0.4423076923076924,-0.5512820512820513,0.10897435897435892,SAME_DIRECTION_NEGATIVE,SAME_DIRECTION_POSITIVE,SAME_DIRECTION_NEGATIVE,MEDIUM_TERM_STRUCTURE_WEAKENING,MM_STRUCTURE_LONG_LIQUIDATION
2018-05-08,1312.0,-0.3910256410256411,-0.5641025641025641,0.17307692307692302,0.5,0.21153846153846162,0.4551282051282052,0.33333333333333337,0.16666666666666663,-0.3525641025641026,-0.5576923076923077,0.20512820512820512,SAME_DIRECTION_NEGATIVE,SAME_DIRECTION_POSITIVE,SAME_DIRECTION_NEGATIVE,MEDIUM_TERM_STRUCTURE_WEAKENING,MM_STRUCTURE_LONG_LIQUIDATION
2018-05-15,1288.9000244140625,-0.3717948717948718,-0.6217948717948719,0.2500000000000001,0.4423076923076923,0.03846153846153855,0.6602564102564104,0.34935897435897445,0.09294871794871784,-0.358974358974359,-0.6730769230769231,0.31410256410256415,SAME_DIRECTION_NEGATIVE,SAME_DIRECTION_POSITIVE,SAME_DIRECTION_NEGATIVE,MEDIUM_TERM_STRUCTURE_WEAKENING,MM_STRUCTURE_LONG_LIQUIDATION
2018-05-22,1291.699951171875,-0.5576923076923077,-0.6282051282051283,0.0705128205128206,0.6474358974358975,0.07051282051282048,0.282051282051282,0.17628205128205124,0.47115384615384626,-0.5512820512820513,-0.6666666666666666,0.11538461538461531,SAME_DIRECTION_NEGATIVE,SAME_DIRECTION_POSITIVE,SAME_DIRECTION_NEGATIVE,MEDIUM_TERM_STRUCTURE_WEAKENING,MM_STRUCTURE_LONG_LIQUIDATION
2018-05-29,1298.699951171875,-0.3461538461538461,-0.6730769230769231,0.32692307692307704,0.3269230769230769,-0.2692307692307693,-0.2307692307692307,-0.25,0.5769230769230769,-0.2564102564102564,-0.5705128205128205,0.3141025641025641,SAME_DIRECTION_NEGATIVE,BASELINE_POSITIVE_CANDIDATE_NEGATIVE,SAME_DIRECTION_NEGATIVE,MEDIUM_TERM_STRUCTURE_WEAKENING,MM_STRUCTURE_LONG_LIQUIDATION
2018-06-05,1297.5,-0.3846153846153846,-0.5256410256410257,0.14102564102564108,0.3012820512820513,-0.22435897435897434,-0.1538461538461538,-0.18910256410256407,0.4903846153846154,-0.2628205128205129,-0.3653846153846154,0.10256410256410253,SAME_DIRECTION_NEGATIVE,BASELINE_POSITIVE_CANDIDATE_NEGATIVE,SAME_DIRECTION_NEGATIVE,MEDIUM_TERM_STRUCTURE_WEAKENING,MM_STRUCTURE_LONG_LIQUIDATION
2018-06-12,1295.0999755859375,-0.3653846153846154,-0.16666666666666669,-0.19871794871794873,0.3525641025641026,-0.038461538461538436,-0.3076923076923077,-0.17307692307692307,0.5256410256410257,-0.2756410256410257,-0.14102564102564108,-0.13461538461538464,SAME_DIRECTION_NEGATIVE,BASELINE_POSITIVE_CANDIDATE_NEGATIVE,SAME_DIRECTION_NEGATIVE,MEDIUM_TERM_STRUCTURE_WEAKENING,MM_STRUCTURE_LONG_LIQUIDATION
2018-06-19,1275.5999755859375,-0.3269230769230769,-0.1666666666666666,-0.16025641025641033,0.3589743589743589,0.3012820512820512,0.0769230769230768,0.189102564102564,0.1698717948717949,-0.3076923076923077,-0.326923076923077,0.019230769230769273,SAME_DIRECTION_NEGATIVE,SAME_DIRECTION_POSITIVE,SAME_DIRECTION_NEGATIVE,MEDIUM_TERM_STRUCTURE_WEAKENING,MM_STRUCTURE_LONG_LIQUIDATION
2018-06-26,1256.5999755859375,-0.1153846153846153,-0.2628205128205128,0.14743589743589747,0.0769230769230769,0.34615384615384615,0.3076923076923077,0.3269230769230769,-0.25,-0.1153846153846153,-0.43589743589743596,0.32051282051282065,SAME_DIRECTION_NEGATIVE,SAME_DIRECTION_POSITIVE,SAME_DIRECTION_NEGATIVE,MEDIUM_TERM_STRUCTURE_WEAKENING,MM_STRUCTURE_LONG_LIQUIDATION
2018-07-03,1251.5999755859375,-0.0128205128205128,-0.4935897435897437,0.48076923076923095,0.2564102564102564,0.10897435897435914,0.4102564102564102,0.2596153846153847,-0.0032051282051283048,-0.1474358974358974,-0.5833333333333334,0.43589743589743596,SAME_DIRECTION_NEGATIVE,SAME_DIRECTION_POSITIVE,SAME_DIRECTION_NEGATIVE,MEDIUM_TERM_STRUCTURE_WEAKENING,MM_STRUCTURE_LONG_LIQUIDATION
2018-07-10,1253.800048828125,0.0705128205128205,-0.6794871794871795,0.75,0.1282051282051282,0.08974358974358976,0.4358974358974359,0.26282051282051283,-0.13461538461538464,-0.0576923076923076,-0.7564102564102565,0.6987179487179489,BASELINE_POSITIVE_CANDIDATE_NEGATIVE,SAME_DIRECTION_POSITIVE,SAME_DIRECTION_NEGATIVE,MEDIUM_TERM_STRUCTURE_WEAKENING,MM_STRUCTURE_SHORT_BUILDING
2018-07-17,1225.699951171875,0.1089743589743589,-0.6730769230769231,0.782051282051282,0.25,0.06410256410256399,0.1730769230769231,0.11858974358974354,0.13141025641025644,-0.1089743589743589,-0.8333333333333334,0.7243589743589745,BASELINE_POSITIVE_CANDIDATE_NEGATIVE,SAME_DIRECTION_POSITIVE,SAME_DIRECTION_NEGATIVE,MEDIUM_TERM_STRUCTURE_WEAKENING,MM_STRUCTURE_SHORT_BUILDING
2018-07-24,1223.9000244140625,0.0576923076923077,-0.6666666666666666,0.7243589743589743,0.4358974358974359,0.038461538461538436,0.1282051282051282,0.08333333333333331,0.3525641025641026,-0.2692307692307692,-0.8461538461538461,0.5769230769230769,BASELINE_POSITIVE_CANDIDATE_NEGATIVE,SAME_DIRECTION_POSITIVE,SAME_DIRECTION_NEGATIVE,MEDIUM_TERM_STRUCTURE_WEAKENING,MM_STRUCTURE_SHORT_BUILDING
2018-07-31,1223.699951171875,0.1025641025641025,-0.6538461538461539,0.7564102564102564,0.4743589743589743,0.0,0.0641025641025641,0.03205128205128205,0.44230769230769224,-0.2564102564102564,-0.8397435897435898,0.5833333333333334,BASELINE_POSITIVE_CANDIDATE_NEGATIVE,SAME_DIRECTION_POSITIVE,SAME_DIRECTION_NEGATIVE,MEDIUM_TERM_STRUCTURE_WEAKENING,MM_STRUCTURE_SHORT_BUILDING
2018-08-07,1209.5999755859375,0.0192307692307692,-0.6217948717948718,0.641025641025641,0.4743589743589743,0.0,0.0384615384615384,0.0192307692307692,0.45512820512820507,-0.2692307692307692,-0.7948717948717949,0.5256410256410258,BASELINE_POSITIVE_CANDIDATE_NEGATIVE,SAME_DIRECTION_POSITIVE,SAME_DIRECTION_NEGATIVE,MEDIUM_TERM_STRUCTURE_WEAKENING,MM_STRUCTURE_SHORT_BUILDING
2018-08-14,1193.0,0.0576923076923076,-0.5,0.5576923076923076,0.1730769230769231,0.0,0.0,0.0,0.1730769230769231,-0.1153846153846153,-0.717948717948718,0.6025641025641026,BASELINE_POSITIVE_CANDIDATE_NEGATIVE,MIXED_OR_UNCLEAR,SAME_DIRECTION_NEGATIVE,MEDIUM_TERM_STRUCTURE_WEAKENING,MM_STRUCTURE_SHORT_BUILDING
2018-08-21,1192.5999755859375,0.0641025641025641,-0.5128205128205128,0.5769230769230769,0.1282051282051282,0.0,0.0,0.0,0.1282051282051282,-0.0833333333333333,-0.7628205128205129,0.6794871794871796,BASELINE_POSITIVE_CANDIDATE_NEGATIVE,MIXED_OR_UNCLEAR,SAME_DIRECTION_NEGATIVE,MEDIUM_TERM_STRUCTURE_WEAKENING,MM_STRUCTURE_SHORT_BUILDING
2018-08-28,1207.4000244140625,0.0256410256410256,-0.44871794871794873,0.47435897435897434,0.0512820512820513,-0.012820512820512775,-0.0128205128205127,-0.012820512820512737,0.06410256410256404,-0.0641025641025641,-0.6282051282051283,0.5641025641025642,BASELINE_POSITIVE_CANDIDATE_NEGATIVE,BASELINE_POSITIVE_CANDIDATE_NEGATIVE,SAME_DIRECTION_NEGATIVE,MEDIUM_TERM_STRUCTURE_WEAKENING,MM_STRUCTURE_SHORT_BUILDING
2018-09-04,1192.699951171875,-0.0448717948717948,-0.46794871794871795,0.42307692307692313,0.0256410256410256,-0.012820512820512775,-0.0128205128205127,-0.012820512820512737,0.03846153846153834,-0.0641025641025641,-0.6282051282051283,0.5641025641025642,SAME_DIRECTION_NEGATIVE,BOTH_NEAR_ZERO,SAME_DIRECTION_NEGATIVE,MEDIUM_TERM_STRUCTURE_WEAKENING,MM_STRUCTURE_LONG_LIQUIDATION
2018-09-11,1195.4000244140625,-0.0576923076923076,-0.41666666666666674,0.35897435897435914,-0.0256410256410256,-0.012820512820512775,-0.0256410256410256,-0.019230769230769187,-0.006410256410256412,0.0128205128205128,-0.5512820512820513,0.5641025641025641,SAME_DIRECTION_NEGATIVE,BOTH_NEAR_ZERO,BASELINE_POSITIVE_CANDIDATE_NEGATIVE,MEDIUM_TERM_STRUCTURE_WEAKENING,MM_STRUCTURE_SHORT_COVERING_RALLY
2018-09-18,1196.800048828125,-0.0897435897435897,-0.35897435897435903,0.26923076923076933,-0.0256410256410256,-0.012820512820512775,-0.0256410256410256,-0.019230769230769187,-0.006410256410256412,0.0192307692307691,-0.4743589743589744,0.4935897435897435,SAME_DIRECTION_NEGATIVE,BOTH_NEAR_ZERO,BASELINE_POSITIVE_CANDIDATE_NEGATIVE,MEDIUM_TERM_STRUCTURE_WEAKENING,MM_STRUCTURE_SHORT_COVERING_RALLY
2018-09-25,1200.0,-0.0833333333333333,-0.5128205128205129,0.42948717948717957,-0.0192307692307692,0.0064102564102563875,-0.0064102564102564,-6.071532165918825e-18,-0.019230769230769194,0.0064102564102564,-0.6666666666666667,0.6730769230769231,SAME_DIRECTION_NEGATIVE,BOTH_NEAR_ZERO,BASELINE_POSITIVE_CANDIDATE_NEGATIVE,MEDIUM_TERM_STRUCTURE_WEAKENING,MM_STRUCTURE_SHORT_COVERING_RALLY
2018-10-02,1202.4000244140625,-0.0064102564102564,-0.3461538461538461,0.3397435897435897,-0.0384615384615384,-0.012820512820512886,-0.0256410256410256,-0.019230769230769242,-0.01923076923076916,0.032051282051282,-0.49358974358974367,0.5256410256410257,SAME_DIRECTION_NEGATIVE,SAME_DIRECTION_NEGATIVE,BASELINE_POSITIVE_CANDIDATE_NEGATIVE,MEDIUM_TERM_STRUCTURE_WEAKENING,MM_STRUCTURE_SHORT_COVERING_RALLY
2018-10-09,1187.199951171875,-0.1153846153846153,-0.4487179487179487,0.33333333333333337,-0.0064102564102563,0.012820512820512775,0.0192307692307692,0.01602564102564099,-0.02243589743589729,0.0,-0.5192307692307693,0.5192307692307693,SAME_DIRECTION_NEGATIVE,BOTH_NEAR_ZERO,MIXED_OR_UNCLEAR,MEDIUM_TERM_STRUCTURE_WEAKENING,MM_STRUCTURE_NEUTRAL
2018-10-16,1227.300048828125,-0.0512820512820512,-0.3846153846153847,0.3333333333333335,-0.0769230769230768,-0.038461538461538325,-0.0512820512820512,-0.04487179487179476,-0.03205128205128204,0.0641025641025641,-0.48076923076923084,0.5448717948717949,SAME_DIRECTION_NEGATIVE,SAME_DIRECTION_NEGATIVE,BASELINE_POSITIVE_CANDIDATE_NEGATIVE,MEDIUM_TERM_STRUCTURE_WEAKENING,MM_STRUCTURE_SHORT_COVERING_RALLY
2018-10-23,1233.4000244140625,-0.0256410256410256,-0.2820512820512821,0.2564102564102565,-0.0705128205128206,-0.07692307692307698,-0.0641025641025641,-0.07051282051282054,-5.551115123125783e-17,0.0641025641025641,-0.3461538461538461,0.4102564102564102,SAME_DIRECTION_NEGATIVE,SAME_DIRECTION_NEGATIVE,BASELINE_POSITIVE_CANDIDATE_NEGATIVE,MEDIUM_TERM_STRUCTURE_WEAKENING,MM_STRUCTURE_SHORT_COVERING_RALLY
2018-10-30,1222.5999755859375,-0.0897435897435897,-0.17948717948717952,0.08974358974358981,-0.0769230769230769,-0.012820512820512997,-0.0512820512820513,-0.032051282051282146,-0.044871794871794754,0.0512820512820512,-0.13461538461538458,0.1858974358974358,SAME_DIRECTION_NEGATIVE,SAME_DIRECTION_NEGATIVE,BASELINE_POSITIVE_CANDIDATE_NEGATIVE,MEDIUM_TERM_STRUCTURE_WEAKENING,MM_STRUCTURE_SHORT_COVERING_RALLY
2018-11-06,1223.800048828125,-0.0833333333333333,-0.108974358974359,0.025641025641025703,-0.0769230769230768,-0.019230769230769162,-0.0961538461538461,-0.05769230769230763,-0.01923076923076917,0.0512820512820513,-0.1474358974358974,0.1987179487179487,SAME_DIRECTION_NEGATIVE,SAME_DIRECTION_NEGATIVE,BASELINE_POSITIVE_CANDIDATE_NEGATIVE,MEDIUM_TERM_STRUCTURE_WEAKENING,MM_STRUCTURE_SHORT_COVERING_RALLY
2018-11-13,1199.199951171875,-0.0897435897435897,-0.0769230769230769,-0.012820512820512803,-0.0384615384615384,0.025641025641025772,0.0128205128205127,0.019230769230769235,-0.05769230769230764,0.0256410256410256,-0.0897435897435898,0.11538461538461539,SAME_DIRECTION_NEGATIVE,BASELINE_NEGATIVE_CANDIDATE_POSITIVE,BASELINE_POSITIVE_CANDIDATE_NEGATIVE,MEDIUM_TERM_STRUCTURE_WEAKENING,MM_STRUCTURE_SHORT_COVERING_RALLY
2018-11-20,1219.0,-0.0384615384615384,0.0064102564102564985,-0.0448717948717949,-0.0769230769230768,0.0064102564102564985,-0.0128205128205127,-0.003205128205128101,-0.0737179487179487,0.0705128205128205,-0.04487179487179489,0.11538461538461539,BASELINE_NEGATIVE_CANDIDATE_POSITIVE,SAME_DIRECTION_NEGATIVE,BASELINE_POSITIVE_CANDIDATE_NEGATIVE,SHORT_TERM_RECOVERY_MEDIUM_TERM_UNCONFIRMED,MM_STRUCTURE_SHORT_COVERING_RALLY
2018-11-27,1211.199951171875,-0.1025641025641025,-0.10256410256410259,8.326672684688674e-17,-0.0512820512820513,-0.025641025641025772,0.0,-0.012820512820512886,-0.038461538461538415,0.0384615384615385,-0.1987179487179487,0.2371794871794872,SAME_DIRECTION_NEGATIVE,SAME_DIRECTION_NEGATIVE,BASELINE_POSITIVE_CANDIDATE_NEGATIVE,MEDIUM_TERM_STRUCTURE_WEAKENING,MM_STRUCTURE_SHORT_COVERING_RALLY
2018-12-04,1241.0999755859375,0.1153846153846153,0.05128205128205131,0.06410256410256399,-0.141025641025641,-0.05128205128205143,-0.0448717948717949,-0.04807692307692317,-0.09294871794871783,0.1538461538461538,-0.10256410256410259,0.2564102564102564,SAME_DIRECTION_POSITIVE,SAME_DIRECTION_NEGATIVE,BASELINE_POSITIVE_CANDIDATE_NEGATIVE,SHORT_TERM_RECOVERY_MEDIUM_TERM_UNCONFIRMED,MM_STRUCTURE_ACCUMULATION
2018-12-11,1241.9000244140625,-0.0192307692307692,-0.038461538461538394,0.019230769230769194,-0.1282051282051283,-0.11538461538461542,-0.141025641025641,-0.1282051282051282,-1.1102230246251565e-16,0.1025641025641024,-0.10256410256410262,0.205128205128205,SAME_DIRECTION_NEGATIVE,SAME_DIRECTION_NEGATIVE,BASELINE_POSITIVE_CANDIDATE_NEGATIVE,MEDIUM_TERM_STRUCTURE_WEAKENING,MM_STRUCTURE_SHORT_COVERING_RALLY
2018-12-18,1249.199951171875,0.0384615384615384,0.08333333333333329,-0.044871794871794886,-0.1217948717948718,-0.05769230769230771,-0.108974358974359,-0.08333333333333336,-0.03846153846153845,0.1153846153846154,0.07692307692307701,0.038461538461538394,SAME_DIRECTION_POSITIVE,SAME_DIRECTION_NEGATIVE,SAME_DIRECTION_POSITIVE,MEDIUM_TERM_PARTICIPATION_BUILDING,MM_STRUCTURE_ACCUMULATION
2018-12-24,1267.5,0.2435897435897436,0.17948717948717946,0.06410256410256415,-0.1858974358974359,-0.07051282051282048,-0.1858974358974359,-0.1282051282051282,-0.05769230769230771,0.1923076923076923,0.17307692307692307,0.019230769230769218,SAME_DIRECTION_POSITIVE,SAME_DIRECTION_NEGATIVE,SAME_DIRECTION_POSITIVE,MEDIUM_TERM_PARTICIPATION_BUILDING,MM_STRUCTURE_ACCUMULATION
2018-12-31,1278.300048828125,0.25,0.1538461538461539,0.09615384615384609,-0.2243589743589743,-0.1217948717948717,-0.1794871794871794,-0.15064102564102555,-0.07371794871794876,0.1923076923076923,0.1923076923076923,0.0,SAME_DIRECTION_POSITIVE,SAME_DIRECTION_NEGATIVE,SAME_DIRECTION_POSITIVE,MEDIUM_TERM_PARTICIPATION_BUILDING,MM_STRUCTURE_ACCUMULATION
2019-01-08,1283.199951171875,0.2307692307692307,0.08333333333333329,0.1474358974358974,-0.1730769230769231,0.038461538461538436,-0.032051282051282,0.003205128205128218,-0.17628205128205132,0.1730769230769231,0.14102564102564102,0.032051282051282076,SAME_DIRECTION_POSITIVE,BASELINE_NEGATIVE_CANDIDATE_POSITIVE,SAME_DIRECTION_POSITIVE,MEDIUM_TERM_PARTICIPATION_BUILDING,MM_STRUCTURE_ACCUMULATION
2019-01-15,1286.199951171875,0.173076923076923,0.07051282051282048,0.1025641025641025,-0.0833333333333333,0.14743589743589736,0.0256410256410256,0.08653846153846148,-0.16987179487179477,0.1217948717948717,0.1858974358974359,-0.06410256410256421,SAME_DIRECTION_POSITIVE,BASELINE_NEGATIVE_CANDIDATE_POSITIVE,SAME_DIRECTION_POSITIVE,MEDIUM_TERM_PARTICIPATION_BUILDING,MM_STRUCTURE_ACCUMULATION
2019-01-22,1282.5,0.141025641025641,-0.0192307692307693,0.1602564102564103,-0.1089743589743589,0.03846153846153855,0.0769230769230769,0.05769230769230772,-0.16666666666666663,0.1025641025641025,0.1730769230769231,-0.0705128205128206,BASELINE_POSITIVE_CANDIDATE_NEGATIVE,BASELINE_NEGATIVE_CANDIDATE_POSITIVE,SAME_DIRECTION_POSITIVE,SHORT_TERM_RECOVERY_MEDIUM_TERM_UNCONFIRMED,MM_STRUCTURE_ACCUMULATION
2019-01-29,1308.199951171875,0.1602564102564102,0.10897435897435898,0.05128205128205121,-0.0256410256410256,0.0064102564102563875,0.1538461538461537,0.08012820512820504,-0.10576923076923064,0.0576923076923077,0.2115384615384615,-0.1538461538461538,SAME_DIRECTION_POSITIVE,BASELINE_NEGATIVE_CANDIDATE_POSITIVE,SAME_DIRECTION_POSITIVE,MEDIUM_TERM_PARTICIPATION_BUILDING,MM_STRUCTURE_ACCUMULATION
2019-02-05,1314.199951171875,0.2692307692307692,0.21153846153846148,0.05769230769230774,0.0128205128205128,0.0064102564102563875,0.0448717948717949,0.025641025641025644,-0.012820512820512844,0.0961538461538462,0.26282051282051283,-0.16666666666666663,SAME_DIRECTION_POSITIVE,BOTH_NEAR_ZERO,SAME_DIRECTION_POSITIVE,MEDIUM_TERM_PARTICIPATION_BUILDING,MM_STRUCTURE_NEUTRAL
2019-02-12,1309.199951171875,0.173076923076923,0.1987179487179487,-0.025641025641025716,0.0,-0.03205128205128205,-0.0256410256410256,-0.028846153846153823,0.028846153846153823,0.064102564102564,0.2564102564102564,-0.1923076923076924,SAME_DIRECTION_POSITIVE,BOTH_NEAR_ZERO,SAME_DIRECTION_POSITIVE,MEDIUM_TERM_PARTICIPATION_BUILDING,MM_STRUCTURE_ACCUMULATION
2019-02-19,1340.0999755859375,0.2756410256410256,0.391025641025641,-0.11538461538461542,0.0384615384615384,-0.044871794871794934,-0.0384615384615385,-0.04166666666666671,0.08012820512820512,0.1538461538461539,0.4102564102564103,-0.2564102564102564,SAME_DIRECTION_POSITIVE,BASELINE_POSITIVE_CANDIDATE_NEGATIVE,SAME_DIRECTION_POSITIVE,MEDIUM_TERM_PARTICIPATION_BUILDING,MM_STRUCTURE_NEUTRAL
2019-02-26,1325.0999755859375,0.1858974358974359,0.3141025641025641,-0.1282051282051282,0.032051282051282,-0.08974358974358965,-0.1217948717948717,-0.10576923076923067,0.13782051282051266,0.1282051282051282,0.3846153846153846,-0.2564102564102564,SAME_DIRECTION_POSITIVE,BASELINE_POSITIVE_CANDIDATE_NEGATIVE,SAME_DIRECTION_POSITIVE,MEDIUM_TERM_PARTICIPATION_BUILDING,MM_STRUCTURE_NEUTRAL
2019-03-05,1282.0,0.0384615384615384,0.16666666666666669,-0.12820512820512828,0.0641025641025641,0.0641025641025641,0.0192307692307691,0.0416666666666666,0.022435897435897495,-0.0064102564102564,0.1987179487179487,-0.2051282051282051,SAME_DIRECTION_POSITIVE,SAME_DIRECTION_POSITIVE,BASELINE_NEGATIVE_CANDIDATE_POSITIVE,MEDIUM_TERM_PARTICIPATION_BUILDING,MM_STRUCTURE_SHORT_BUILDING
2019-03-12,1296.300048828125,0.032051282051282,0.1602564102564103,-0.1282051282051283,0.0384615384615384,0.15384615384615374,0.0641025641025641,0.10897435897435892,-0.07051282051282051,-0.0128205128205128,0.1602564102564103,-0.1730769230769231,SAME_DIRECTION_POSITIVE,SAME_DIRECTION_POSITIVE,BASELINE_NEGATIVE_CANDIDATE_POSITIVE,MEDIUM_TERM_PARTICIPATION_BUILDING,MM_STRUCTURE_SHORT_BUILDING
2019-03-19,1305.0,0.1153846153846153,0.1858974358974359,-0.07051282051282061,0.0064102564102563,-0.019230769230769162,0.0448717948717949,0.012820512820512869,-0.006410256410256569,0.0448717948717948,0.1987179487179487,-0.1538461538461539,SAME_DIRECTION_POSITIVE,BOTH_NEAR_ZERO,SAME_DIRECTION_POSITIVE,MEDIUM_TERM_PARTICIPATION_BUILDING,MM_STRUCTURE_NEUTRAL
2019-03-26,1314.300048828125,0.0705128205128204,0.2628205128205128,-0.19230769230769237,-0.1346153846153845,-0.16666666666666663,-0.0128205128205128,-0.08974358974358972,-0.04487179487179478,0.1346153846153847,0.3397435897435898,-0.20512820512820512,SAME_DIRECTION_POSITIVE,SAME_DIRECTION_NEGATIVE,SAME_DIRECTION_POSITIVE,MEDIUM_TERM_PARTICIPATION_BUILDING,MM_STRUCTURE_ACCUMULATION
2019-04-02,1290.0,-0.1282051282051282,0.0897435897435897,-0.2179487179487179,-0.0576923076923077,-0.05769230769230771,-0.0769230769230768,-0.06730769230769226,0.00961538461538456,-0.0576923076923077,0.1730769230769231,-0.2307692307692308,BASELINE_NEGATIVE_CANDIDATE_POSITIVE,SAME_DIRECTION_NEGATIVE,BASELINE_NEGATIVE_CANDIDATE_POSITIVE,MEDIUM_TERM_PARTICIPATION_BUILDING,MM_STRUCTURE_LONG_LIQUIDATION
2019-04-09,1303.5,-0.0897435897435897,0.2243589743589743,-0.314102564102564,-0.0833333333333332,0.019230769230769273,-0.1474358974358973,-0.06410256410256401,-0.01923076923076919,0.0064102564102564,0.26282051282051283,-0.25641025641025644,BASELINE_NEGATIVE_CANDIDATE_POSITIVE,SAME_DIRECTION_NEGATIVE,SAME_DIRECTION_POSITIVE,MEDIUM_TERM_PARTICIPATION_BUILDING,MM_STRUCTURE_SHORT_COVERING_RALLY
2019-04-16,1272.5999755859375,-0.4679487179487179,-0.025641025641025605,-0.4423076923076923,0.108974358974359,0.1217948717948718,0.0641025641025641,0.09294871794871795,0.016025641025641052,-0.282051282051282,0.06410256410256411,-0.3461538461538461,SAME_DIRECTION_NEGATIVE,SAME_DIRECTION_POSITIVE,BASELINE_NEGATIVE_CANDIDATE_POSITIVE,MIXED_STRUCTURE,MM_STRUCTURE_LONG_LIQUIDATION
2019-04-23,1269.300048828125,-0.4230769230769231,-0.08333333333333329,-0.33974358974358976,0.1666666666666666,0.16025641025641024,0.1794871794871795,0.16987179487179488,-0.003205128205128277,-0.2756410256410256,0.04487179487179489,-0.3205128205128205,SAME_DIRECTION_NEGATIVE,SAME_DIRECTION_POSITIVE,BASELINE_NEGATIVE_CANDIDATE_POSITIVE,MIXED_STRUCTURE,MM_STRUCTURE_LONG_LIQUIDATION
2019-04-30,1282.800048828125,-0.2051282051282051,0.051282051282051294,-0.2564102564102564,-0.0128205128205127,-0.05769230769230771,0.0641025641025641,0.0032051282051281937,-0.016025641025640892,-0.0384615384615384,0.10897435897435899,-0.14743589743589738,BASELINE_NEGATIVE_CANDIDATE_POSITIVE,BOTH_NEAR_ZERO,BASELINE_NEGATIVE_CANDIDATE_POSITIVE,MEDIUM_TERM_PARTICIPATION_BUILDING,MM_STRUCTURE_LONG_LIQUIDATION
2019-05-07,1283.5,-0.1217948717948717,0.1217948717948718,-0.2435897435897435,-0.0769230769230768,-0.08974358974358976,0.0705128205128204,-0.009615384615384678,-0.06730769230769212,-0.0064102564102563,0.1025641025641026,-0.1089743589743589,BASELINE_NEGATIVE_CANDIDATE_POSITIVE,SAME_DIRECTION_NEGATIVE,BASELINE_NEGATIVE_CANDIDATE_POSITIVE,MEDIUM_TERM_PARTICIPATION_BUILDING,MM_STRUCTURE_LONG_LIQUIDATION
2019-05-14,1294.699951171875,0.1538461538461538,0.4294871794871795,-0.2756410256410257,-0.0897435897435897,-0.09615384615384615,-0.1538461538461538,-0.12499999999999997,0.03525641025641027,0.1346153846153846,0.30769230769230776,-0.17307692307692316,SAME_DIRECTION_POSITIVE,SAME_DIRECTION_NEGATIVE,SAME_DIRECTION_POSITIVE,MEDIUM_TERM_PARTICIPATION_BUILDING,MM_STRUCTURE_ACCUMULATION
2019-05-21,1272.0,-0.1089743589743589,0.1923076923076923,-0.3012820512820512,0.1346153846153845,0.04487179487179482,-0.0448717948717949,-3.8163916471489756e-17,0.13461538461538453,-0.1474358974358975,0.12179487179487179,-0.2692307692307693,BASELINE_NEGATIVE_CANDIDATE_POSITIVE,BASELINE_POSITIVE_CANDIDATE_NEGATIVE,BASELINE_NEGATIVE_CANDIDATE_POSITIVE,MEDIUM_TERM_PARTICIPATION_BUILDING,MM_STRUCTURE_LONG_LIQUIDATION
2019-05-28,1276.5,0.0769230769230769,0.2692307692307693,-0.19230769230769237,0.0192307692307692,0.05128205128205132,-0.0448717948717948,0.0032051282051282597,0.01602564102564094,0.0448717948717948,0.1794871794871795,-0.1346153846153847,SAME_DIRECTION_POSITIVE,BOTH_NEAR_ZERO,SAME_DIRECTION_POSITIVE,MEDIUM_TERM_PARTICIPATION_BUILDING,MM_STRUCTURE_NEUTRAL
2019-06-04,1323.4000244140625,0.3205128205128205,0.4294871794871795,-0.10897435897435903,-0.1923076923076923,-0.3076923076923076,-0.2628205128205128,-0.2852564102564102,0.0929487179487179,0.2628205128205128,0.37179487179487186,-0.10897435897435909,SAME_DIRECTION_POSITIVE,SAME_DIRECTION_NEGATIVE,SAME_DIRECTION_POSITIVE,MEDIUM_TERM_PARTICIPATION_BUILDING,MM_STRUCTURE_ACCUMULATION
2019-06-11,1326.4000244140625,0.5641025641025641,0.5576923076923077,0.0064102564102563875,-0.5192307692307692,-0.4166666666666667,-0.3653846153846153,-0.39102564102564097,-0.1282051282051282,0.4871794871794872,0.4487179487179488,0.038461538461538436,SAME_DIRECTION_POSITIVE,SAME_DIRECTION_NEGATIVE,SAME_DIRECTION_POSITIVE,MEDIUM_TERM_PARTICIPATION_BUILDING,MM_STRUCTURE_ACCUMULATION
2019-06-18,1346.5999755859375,0.6923076923076923,0.5705128205128205,0.1217948717948718,-0.5192307692307692,-0.16666666666666669,-0.4743589743589743,-0.3205128205128205,-0.19871794871794868,0.5833333333333334,0.5128205128205129,0.07051282051282048,SAME_DIRECTION_POSITIVE,SAME_DIRECTION_NEGATIVE,SAME_DIRECTION_POSITIVE,MEDIUM_TERM_PARTICIPATION_BUILDING,MM_STRUCTURE_ACCUMULATION
2019-06-25,1414.9000244140625,0.7307692307692308,0.5384615384615385,0.1923076923076923,-0.6025641025641025,-0.14102564102564108,-0.5576923076923077,-0.3493589743589744,-0.25320512820512814,0.6474358974358974,0.5641025641025641,0.08333333333333326,SAME_DIRECTION_POSITIVE,SAME_DIRECTION_NEGATIVE,SAME_DIRECTION_POSITIVE,MEDIUM_TERM_PARTICIPATION_BUILDING,MM_STRUCTURE_CROWDED_LONG
2019-07-02,1404.5999755859375,0.6923076923076923,0.5641025641025641,0.1282051282051282,-0.6858974358974359,-0.2564102564102565,-0.4230769230769231,-0.33974358974358976,-0.34615384615384615,0.6666666666666666,0.5769230769230769,0.08974358974358976,SAME_DIRECTION_POSITIVE,SAME_DIRECTION_NEGATIVE,SAME_DIRECTION_POSITIVE,MEDIUM_TERM_PARTICIPATION_BUILDING,MM_STRUCTURE_CROWDED_LONG
2019-07-09,1397.5,0.3846153846153846,0.5833333333333334,-0.1987179487179488,-0.5448717948717949,-0.03846153846153852,-0.1794871794871795,-0.108974358974359,-0.4358974358974359,0.4807692307692308,0.6153846153846154,-0.13461538461538464,SAME_DIRECTION_POSITIVE,SAME_DIRECTION_NEGATIVE,SAME_DIRECTION_POSITIVE,MEDIUM_TERM_PARTICIPATION_BUILDING,MM_STRUCTURE_CROWDED_LONG
2019-07-16,1409.199951171875,0.5833333333333334,0.6025641025641026,-0.019230769230769273,-0.5705128205128205,0.1602564102564103,-0.0961538461538462,0.03205128205128205,-0.6025641025641025,0.6346153846153847,0.6346153846153847,0.0,SAME_DIRECTION_POSITIVE,BASELINE_NEGATIVE_CANDIDATE_POSITIVE,SAME_DIRECTION_POSITIVE,MEDIUM_TERM_PARTICIPATION_BUILDING,MM_STRUCTURE_CROWDED_LONG
2019-07-23,1420.0999755859375,0.5256410256410255,0.6538461538461539,-0.1282051282051283,-0.5192307692307693,0.07692307692307701,0.0384615384615384,0.05769230769230771,-0.576923076923077,0.576923076923077,0.6538461538461539,-0.07692307692307687,SAME_DIRECTION_POSITIVE,BASELINE_NEGATIVE_CANDIDATE_POSITIVE,SAME_DIRECTION_POSITIVE,MEDIUM_TERM_PARTICIPATION_BUILDING,MM_STRUCTURE_CROWDED_LONG
2019-07-30,1429.699951171875,0.3076923076923077,0.5769230769230769,-0.26923076923076916,-0.2692307692307693,-0.0064102564102563875,0.1538461538461538,0.0737179487179487,-0.34294871794871795,0.3333333333333333,0.6474358974358976,-0.31410256410256426,SAME_DIRECTION_POSITIVE,BASELINE_NEGATIVE_CANDIDATE_POSITIVE,SAME_DIRECTION_POSITIVE,MEDIUM_TERM_PARTICIPATION_BUILDING,MM_STRUCTURE_CROWDED_LONG
2019-08-06,1472.4000244140625,0.3012820512820513,0.5897435897435899,-0.28846153846153855,-0.2243589743589744,-0.1217948717948718,-0.0448717948717948,-0.0833333333333333,-0.14102564102564108,0.3205128205128206,0.6730769230769231,-0.35256410256410253,SAME_DIRECTION_POSITIVE,SAME_DIRECTION_NEGATIVE,SAME_DIRECTION_POSITIVE,MEDIUM_TERM_PARTICIPATION_BUILDING,MM_STRUCTURE_CROWDED_LONG
2019-08-13,1502.199951171875,0.1987179487179488,0.5961538461538463,-0.39743589743589747,-0.2179487179487179,-0.11538461538461539,-0.1217948717948717,-0.11858974358974354,-0.09935897435897435,0.2307692307692308,0.6794871794871796,-0.4487179487179488,SAME_DIRECTION_POSITIVE,SAME_DIRECTION_NEGATIVE,SAME_DIRECTION_POSITIVE,MEDIUM_TERM_PARTICIPATION_BUILDING,MM_STRUCTURE_CROWDED_LONG
2019-08-20,1504.5999755859375,0.1474358974358973,0.41025641025641035,-0.26282051282051305,-0.1282051282051282,-0.04487179487179489,-0.1666666666666666,-0.10576923076923075,-0.02243589743589744,0.1282051282051283,0.5384615384615385,-0.41025641025641024,SAME_DIRECTION_POSITIVE,SAME_DIRECTION_NEGATIVE,SAME_DIRECTION_POSITIVE,MEDIUM_TERM_PARTICIPATION_BUILDING,MM_STRUCTURE_CROWDED_LONG
2019-08-27,1541.0,0.1282051282051282,0.5064102564102564,-0.3782051282051282,0.1923076923076923,0.15384615384615377,0.0384615384615384,0.09615384615384609,0.0961538461538462,0.0961538461538462,0.5448717948717949,-0.44871794871794873,SAME_DIRECTION_POSITIVE,SAME_DIRECTION_POSITIVE,SAME_DIRECTION_POSITIVE,MEDIUM_TERM_PARTICIPATION_BUILDING,MM_STRUCTURE_CROWDED_LONG
2019-09-03,1545.9000244140625,0.1538461538461538,0.6987179487179489,-0.5448717948717952,0.1346153846153846,0.2243589743589744,0.1794871794871795,0.20192307692307693,-0.06730769230769232,0.1282051282051282,0.75,-0.6217948717948718,SAME_DIRECTION_POSITIVE,SAME_DIRECTION_POSITIVE,SAME_DIRECTION_POSITIVE,MEDIUM_TERM_PARTICIPATION_BUILDING,MM_STRUCTURE_CROWDED_LONG
2019-09-10,1490.300048828125,0.0833333333333333,0.653846153846154,-0.5705128205128207,0.0448717948717948,0.01282051282051283,0.1666666666666666,0.08974358974358972,-0.044871794871794914,0.0769230769230768,0.7243589743589743,-0.6474358974358976,SAME_DIRECTION_POSITIVE,SAME_DIRECTION_POSITIVE,SAME_DIRECTION_POSITIVE,MEDIUM_TERM_PARTICIPATION_BUILDING,MM_STRUCTURE_CROWDED_LONG
2019-09-17,1505.0999755859375,0.108974358974359,0.6474358974358976,-0.5384615384615385,-0.0128205128205128,-0.07051282051282062,0.1538461538461538,0.04166666666666659,-0.05448717948717939,0.1025641025641026,0.7115384615384617,-0.608974358974359,SAME_DIRECTION_POSITIVE,BASELINE_NEGATIVE_CANDIDATE_POSITIVE,SAME_DIRECTION_POSITIVE,MEDIUM_TERM_PARTICIPATION_BUILDING,MM_STRUCTURE_CROWDED_LONG
2019-09-24,1532.0999755859375,0.1153846153846154,0.6217948717948719,-0.5064102564102565,-0.0128205128205128,-0.06410256410256412,-0.0512820512820512,-0.05769230769230766,0.044871794871794865,0.1282051282051282,0.641025641025641,-0.5128205128205128,SAME_DIRECTION_POSITIVE,SAME_DIRECTION_NEGATIVE,SAME_DIRECTION_POSITIVE,MEDIUM_TERM_PARTICIPATION_BUILDING,MM_STRUCTURE_CROWDED_LONG
2019-10-01,1482.0,-0.0448717948717948,0.6730769230769231,-0.717948717948718,0.1346153846153846,0.02564102564102569,-0.0448717948717948,-0.009615384615384557,0.14423076923076916,-0.0705128205128206,0.6602564102564104,-0.730769230769231,BASELINE_NEGATIVE_CANDIDATE_POSITIVE,BASELINE_POSITIVE_CANDIDATE_NEGATIVE,BASELINE_NEGATIVE_CANDIDATE_POSITIVE,MEDIUM_TERM_PARTICIPATION_BUILDING,MM_STRUCTURE_CROWDED_LONG
2019-10-08,1497.199951171875,-0.0128205128205128,0.6730769230769231,-0.6858974358974359,0.1538461538461538,0.051282051282051294,-0.0128205128205128,0.019230769230769246,0.13461538461538455,-0.0384615384615384,0.6346153846153848,-0.6730769230769232,BASELINE_NEGATIVE_CANDIDATE_POSITIVE,SAME_DIRECTION_POSITIVE,BASELINE_NEGATIVE_CANDIDATE_POSITIVE,MEDIUM_TERM_PARTICIPATION_BUILDING,MM_STRUCTURE_CROWDED_LONG
2019-10-15,1477.5999755859375,-0.0961538461538461,0.782051282051282,-0.8782051282051282,0.2628205128205128,0.08333333333333331,0.1089743589743589,0.09615384615384612,0.16666666666666666,-0.1538461538461538,0.6666666666666667,-0.8205128205128205,BASELINE_NEGATIVE_CANDIDATE_POSITIVE,SAME_DIRECTION_POSITIVE,BASELINE_NEGATIVE_CANDIDATE_POSITIVE,MEDIUM_TERM_PARTICIPATION_BUILDING,MM_STRUCTURE_CROWDED_LONG
2019-10-22,1481.699951171875,-0.0897435897435897,0.8397435897435898,-0.9294871794871795,0.0320512820512821,0.032051282051282104,0.0833333333333333,0.0576923076923077,-0.025641025641025605,-0.0961538461538462,0.7243589743589743,-0.8205128205128205,BASELINE_NEGATIVE_CANDIDATE_POSITIVE,SAME_DIRECTION_POSITIVE,BASELINE_NEGATIVE_CANDIDATE_POSITIVE,MEDIUM_TERM_PARTICIPATION_BUILDING,MM_STRUCTURE_CROWDED_LONG
2019-10-29,1487.0,-0.0641025641025641,0.8397435897435898,-0.9038461538461539,-0.0064102564102564,-0.04487179487179488,0.0384615384615384,-0.003205128205128239,-0.0032051282051281608,-0.0705128205128204,0.717948717948718,-0.7884615384615383,BASELINE_NEGATIVE_CANDIDATE_POSITIVE,BOTH_NEAR_ZERO,BASELINE_NEGATIVE_CANDIDATE_POSITIVE,MEDIUM_TERM_PARTICIPATION_BUILDING,MM_STRUCTURE_CROWDED_LONG
2019-11-05,1480.800048828125,-0.0064102564102564,0.7692307692307692,-0.7756410256410255,0.0384615384615384,0.019230769230769218,0.0512820512820513,0.035256410256410256,0.003205128205128145,-0.032051282051282,0.6987179487179487,-0.7307692307692307,BASELINE_NEGATIVE_CANDIDATE_POSITIVE,SAME_DIRECTION_POSITIVE,BASELINE_NEGATIVE_CANDIDATE_POSITIVE,MEDIUM_TERM_PARTICIPATION_BUILDING,MM_STRUCTURE_CROWDED_LONG
2019-11-12,1452.0999755859375,-0.1153846153846154,0.3782051282051282,-0.4935897435897436,0.0961538461538461,0.032051282051282104,-0.0128205128205128,0.009615384615384652,0.08653846153846145,-0.1666666666666667,0.4102564102564103,-0.576923076923077,BASELINE_NEGATIVE_CANDIDATE_POSITIVE,SAME_DIRECTION_POSITIVE,BASELINE_NEGATIVE_CANDIDATE_POSITIVE,MEDIUM_TERM_PARTICIPATION_BUILDING,MM_STRUCTURE_LONG_LIQUIDATION
2019-11-19,1473.300048828125,-0.108974358974359,0.6217948717948718,-0.7307692307692308,-0.0256410256410256,-0.1282051282051282,-0.108974358974359,-0.1185897435897436,0.09294871794871801,-0.1282051282051282,0.6602564102564104,-0.7884615384615385,BASELINE_NEGATIVE_CANDIDATE_POSITIVE,SAME_DIRECTION_NEGATIVE,BASELINE_NEGATIVE_CANDIDATE_POSITIVE,MEDIUM_TERM_PARTICIPATION_BUILDING,MM_STRUCTURE_CROWDED_LONG
2019-11-26,1459.800048828125,-0.0320512820512821,0.5641025641025641,-0.5961538461538461,-0.0897435897435897,-0.16025641025641033,-0.1282051282051282,-0.14423076923076927,0.05448717948717957,-0.0128205128205128,0.6025641025641025,-0.6153846153846153,BASELINE_NEGATIVE_CANDIDATE_POSITIVE,SAME_DIRECTION_NEGATIVE,BASELINE_NEGATIVE_CANDIDATE_POSITIVE,MEDIUM_TERM_PARTICIPATION_BUILDING,MM_STRUCTURE_CROWDED_LONG
2019-12-03,1478.199951171875,-0.0064102564102563,0.34615384615384615,-0.3525641025641024,-0.1217948717948717,-0.04487179487179491,-0.1730769230769231,-0.108974358974359,-0.012820512820512692,0.0192307692307692,0.3910256410256412,-0.371794871794872,BASELINE_NEGATIVE_CANDIDATE_POSITIVE,SAME_DIRECTION_NEGATIVE,SAME_DIRECTION_POSITIVE,MEDIUM_TERM_PARTICIPATION_BUILDING,MM_STRUCTURE_CROWDED_LONG
2019-12-10,1462.5999755859375,-0.0448717948717948,0.17307692307692313,-0.21794871794871792,-0.0576923076923077,0.11538461538461539,-0.0448717948717948,0.0352564102564103,-0.09294871794871801,0.0128205128205127,0.1923076923076923,-0.1794871794871796,BASELINE_NEGATIVE_CANDIDATE_POSITIVE,BASELINE_NEGATIVE_CANDIDATE_POSITIVE,SAME_DIRECTION_POSITIVE,MEDIUM_TERM_PARTICIPATION_BUILDING,MM_STRUCTURE_CROWDED_LONG
2019-12-17,1474.5999755859375,0.0,0.14743589743589747,-0.14743589743589747,-0.0897435897435897,0.0641025641025641,0.0192307692307692,0.04166666666666665,-0.13141025641025636,0.0512820512820514,0.1923076923076924,-0.141025641025641,MIXED_OR_UNCLEAR,BASELINE_NEGATIVE_CANDIDATE_POSITIVE,SAME_DIRECTION_POSITIVE,MEDIUM_TERM_PARTICIPATION_BUILDING,MM_STRUCTURE_CROWDED_LONG
2019-12-24,1499.0999755859375,0.032051282051282,0.14102564102564108,-0.10897435897435909,-0.0769230769230769,-0.06410256410256407,0.0512820512820512,-0.006410256410256436,-0.07051282051282046,0.0384615384615385,0.10897435897435914,-0.07051282051282065,SAME_DIRECTION_POSITIVE,SAME_DIRECTION_NEGATIVE,SAME_DIRECTION_POSITIVE,MEDIUM_TERM_PARTICIPATION_BUILDING,MM_STRUCTURE_CROWDED_LONG
2019-12-31,1519.5,0.0641025641025641,0.14102564102564108,-0.07692307692307698,-0.141025641025641,-0.03205128205128199,0.032051282051282,3.469446951953614e-18,-0.141025641025641,0.0897435897435898,0.12179487179487192,-0.03205128205128212,SAME_DIRECTION_POSITIVE,BASELINE_NEGATIVE_CANDIDATE_POSITIVE,SAME_DIRECTION_POSITIVE,MEDIUM_TERM_PARTICIPATION_BUILDING,MM_STRUCTURE_CROWDED_LONG
2020-01-07,1571.800048828125,0.1666666666666666,0.16025641025641035,0.006410256410256249,0.0,0.108974358974359,0.0448717948717948,0.0769230769230769,-0.0769230769230769,0.1858974358974359,0.11538461538461542,0.07051282051282048,SAME_DIRECTION_POSITIVE,MIXED_OR_UNCLEAR,SAME_DIRECTION_POSITIVE,MEDIUM_TERM_PARTICIPATION_BUILDING,MM_STRUCTURE_CROWDED_LONG
2020-01-14,1542.4000244140625,0.1025641025641025,0.14102564102564108,-0.038461538461538575,0.141025641025641,0.15384615384615388,0.1217948717948718,0.13782051282051283,0.003205128205128166,0.0961538461538461,0.1217948717948718,-0.025641025641025703,SAME_DIRECTION_POSITIVE,SAME_DIRECTION_POSITIVE,SAME_DIRECTION_POSITIVE,MEDIUM_TERM_PARTICIPATION_BUILDING,MM_STRUCTURE_CROWDED_LONG
2020-01-21,1556.4000244140625,0.1025641025641026,0.14102564102564108,-0.03846153846153848,0.2243589743589743,0.0641025641025641,0.173076923076923,0.11858974358974354,0.10576923076923077,0.0705128205128207,0.09615384615384626,-0.02564102564102555,SAME_DIRECTION_POSITIVE,SAME_DIRECTION_POSITIVE,SAME_DIRECTION_POSITIVE,MEDIUM_TERM_PARTICIPATION_BUILDING,MM_STRUCTURE_CROWDED_LONG
2020-01-28,1569.199951171875,0.0384615384615384,0.07692307692307698,-0.03846153846153858,0.2307692307692307,0.04487179487179482,0.1987179487179487,0.12179487179487176,0.10897435897435893,-0.0128205128205129,0.04487179487179482,-0.05769230769230772,SAME_DIRECTION_POSITIVE,SAME_DIRECTION_POSITIVE,BASELINE_NEGATIVE_CANDIDATE_POSITIVE,MEDIUM_TERM_PARTICIPATION_BUILDING,MM_STRUCTURE_CROWDED_LONG
2020-02-04,1550.4000244140625,0.0192307692307691,-0.10897435897435914,0.12820512820512825,0.1666666666666666,0.05769230769230771,0.1217948717948718,0.08974358974358976,0.07692307692307684,-0.0641025641025641,-0.1923076923076924,0.1282051282051283,BASELINE_POSITIVE_CANDIDATE_NEGATIVE,SAME_DIRECTION_POSITIVE,SAME_DIRECTION_NEGATIVE,MEDIUM_TERM_STRUCTURE_WEAKENING,MM_STRUCTURE_SHORT_BUILDING
2020-02-11,1565.5999755859375,-0.0192307692307692,-0.0705128205128207,0.0512820512820515,0.1858974358974359,0.019230769230769273,0.0641025641025641,0.041666666666666685,0.14423076923076922,-0.0897435897435898,-0.1282051282051283,0.038461538461538505,SAME_DIRECTION_NEGATIVE,SAME_DIRECTION_POSITIVE,SAME_DIRECTION_NEGATIVE,MEDIUM_TERM_STRUCTURE_WEAKENING,MM_STRUCTURE_CROWDED_LONG
2020-02-18,1600.0,0.0576923076923077,0.05128205128205121,0.0064102564102564916,0.2243589743589743,-0.006410256410256443,0.0512820512820513,0.02243589743589743,0.20192307692307687,0.0576923076923076,0.038461538461538436,0.019230769230769162,SAME_DIRECTION_POSITIVE,SAME_DIRECTION_POSITIVE,SAME_DIRECTION_POSITIVE,MEDIUM_TERM_PARTICIPATION_BUILDING,MM_STRUCTURE_CROWDED_LONG
2020-02-25,1646.9000244140625,-0.0064102564102563,0.0064102564102564985,-0.0128205128205128,0.1666666666666666,-0.05128205128205138,-0.032051282051282,-0.041666666666666685,0.2083333333333333,-0.0192307692307692,0.0064102564102563875,-0.025641025641025588,BOTH_NEAR_ZERO,BASELINE_POSITIVE_CANDIDATE_NEGATIVE,BOTH_NEAR_ZERO,MEDIUM_TERM_PARTICIPATION_BUILDING,MM_STRUCTURE_CROWDED_LONG
2020-03-03,1642.0999755859375,-0.0897435897435896,-0.08333333333333337,-0.006410256410256235,-0.0641025641025641,-0.17948717948717946,-0.1858974358974359,-0.18269230769230768,0.11858974358974358,-0.0705128205128206,-0.08333333333333337,0.012820512820512775,SAME_DIRECTION_NEGATIVE,SAME_DIRECTION_NEGATIVE,SAME_DIRECTION_NEGATIVE,MEDIUM_TERM_STRUCTURE_WEAKENING,MM_STRUCTURE_CROWDED_LONG
2020-03-10,1659.0999755859375,-0.1923076923076923,-0.1346153846153848,-0.05769230769230749,-0.3461538461538462,-0.3589743589743589,-0.4102564102564103,-0.3846153846153846,0.03846153846153838,-0.0897435897435897,-0.04487179487179482,-0.04487179487179488,SAME_DIRECTION_NEGATIVE,SAME_DIRECTION_NEGATIVE,SAME_DIRECTION_NEGATIVE,MEDIUM_TERM_STRUCTURE_WEAKENING,MM_STRUCTURE_LONG_LIQUIDATION
2020-03-17,1524.9000244140625,-0.4551282051282052,-0.42307692307692324,-0.03205128205128194,-0.3846153846153846,-0.25641025641025644,-0.4358974358974359,-0.34615384615384615,-0.038461538461538436,-0.3397435897435898,-0.34615384615384626,0.006410256410256443,SAME_DIRECTION_NEGATIVE,SAME_DIRECTION_NEGATIVE,SAME_DIRECTION_NEGATIVE,MEDIUM_TERM_STRUCTURE_WEAKENING,MM_STRUCTURE_LONG_LIQUIDATION
2020-03-24,1660.199951171875,-0.4807692307692307,-0.5192307692307694,0.03846153846153866,-0.3974358974358974,-0.0064102564102564,-0.3653846153846153,-0.18589743589743585,-0.21153846153846156,-0.3205128205128205,-0.40384615384615385,0.08333333333333337,SAME_DIRECTION_NEGATIVE,SAME_DIRECTION_NEGATIVE,SAME_DIRECTION_NEGATIVE,MEDIUM_TERM_STRUCTURE_WEAKENING,MM_STRUCTURE_LONG_LIQUIDATION
2020-03-31,1583.4000244140625,-0.3782051282051281,-0.4423076923076924,0.06410256410256432,-0.4487179487179487,-0.0064102564102564,-0.2628205128205128,-0.13461538461538458,-0.3141025641025641,-0.1730769230769231,-0.29487179487179493,0.12179487179487183,SAME_DIRECTION_NEGATIVE,SAME_DIRECTION_NEGATIVE,SAME_DIRECTION_NEGATIVE,MEDIUM_TERM_STRUCTURE_WEAKENING,MM_STRUCTURE_LONG_LIQUIDATION
2020-04-07,1664.800048828125,-0.4038461538461538,-0.4615384615384615,0.05769230769230771,-0.4038461538461538,0.0128205128205128,0.0064102564102564,0.009615384615384599,-0.4134615384615384,-0.2435897435897436,-0.3333333333333335,0.08974358974358987,SAME_DIRECTION_NEGATIVE,BASELINE_NEGATIVE_CANDIDATE_POSITIVE,SAME_DIRECTION_NEGATIVE,MEDIUM_TERM_STRUCTURE_WEAKENING,MM_STRUCTURE_LONG_LIQUIDATION
2020-04-14,1756.699951171875,-0.5,-0.35256410256410253,-0.14743589743589747,-0.4294871794871795,0.012820512820512801,0.0064102564102564,0.0096153846153846,-0.4391025641025641,-0.4102564102564102,-0.21794871794871795,-0.19230769230769224,SAME_DIRECTION_NEGATIVE,BASELINE_NEGATIVE_CANDIDATE_POSITIVE,SAME_DIRECTION_NEGATIVE,MEDIUM_TERM_STRUCTURE_WEAKENING,MM_STRUCTURE_LONG_LIQUIDATION
2020-04-21,1678.199951171875,-0.532051282051282,-0.4358974358974359,-0.09615384615384615,-0.3397435897435897,0.0128205128205128,0.0256410256410256,0.019230769230769197,-0.3589743589743589,-0.4230769230769231,-0.3205128205128205,-0.10256410256410259,SAME_DIRECTION_NEGATIVE,BASELINE_NEGATIVE_CANDIDATE_POSITIVE,SAME_DIRECTION_NEGATIVE,MEDIUM_TERM_STRUCTURE_WEAKENING,MM_STRUCTURE_LONG_LIQUIDATION
2020-04-28,1710.5,-0.4615384615384616,-0.48076923076923084,0.019230769230769218,-0.2435897435897435,0.006410256410256398,0.0192307692307692,0.0128205128205128,-0.2564102564102563,-0.3525641025641025,-0.3653846153846154,0.012820512820512941,SAME_DIRECTION_NEGATIVE,BASELINE_NEGATIVE_CANDIDATE_POSITIVE,SAME_DIRECTION_NEGATIVE,MEDIUM_TERM_STRUCTURE_WEAKENING,MM_STRUCTURE_LONG_LIQUIDATION
2020-05-05,1704.4000244140625,-0.3846153846153846,-0.5128205128205128,0.1282051282051282,0.0256410256410256,0.006410256410256401,0.0192307692307692,0.012820512820512801,0.012820512820512798,-0.3717948717948718,-0.3846153846153846,0.012820512820512775,SAME_DIRECTION_NEGATIVE,BOTH_NEAR_ZERO,SAME_DIRECTION_NEGATIVE,MEDIUM_TERM_STRUCTURE_WEAKENING,MM_STRUCTURE_LONG_LIQUIDATION
2020-05-12,1704.4000244140625,-0.0897435897435897,-0.3974358974358974,0.3076923076923077,0.173076923076923,0.1602564102564103,0.1666666666666666,0.16346153846153844,0.009615384615384553,-0.1282051282051282,-0.30769230769230776,0.17948717948717957,SAME_DIRECTION_NEGATIVE,SAME_DIRECTION_POSITIVE,SAME_DIRECTION_NEGATIVE,MEDIUM_TERM_STRUCTURE_WEAKENING,MM_STRUCTURE_LONG_LIQUIDATION
2020-05-19,1744.199951171875,-0.0384615384615384,-0.4487179487179488,0.4102564102564104,0.3141025641025641,0.2820512820512821,0.2884615384615384,0.28525641025641024,0.028846153846153855,-0.1089743589743589,-0.38461538461538464,0.2756410256410257,SAME_DIRECTION_NEGATIVE,SAME_DIRECTION_POSITIVE,SAME_DIRECTION_NEGATIVE,MEDIUM_TERM_STRUCTURE_WEAKENING,MM_STRUCTURE_LONG_LIQUIDATION
2020-05-26,1704.800048828125,-0.0256410256410256,-0.43589743589743585,0.41025641025641024,0.4423076923076923,0.2628205128205128,0.4230769230769231,0.34294871794871795,0.09935897435897434,-0.1282051282051282,-0.41025641025641024,0.28205128205128205,SAME_DIRECTION_NEGATIVE,SAME_DIRECTION_POSITIVE,SAME_DIRECTION_NEGATIVE,MEDIUM_TERM_STRUCTURE_WEAKENING,MM_STRUCTURE_LONG_LIQUIDATION
2020-06-02,1725.199951171875,-0.0833333333333333,-0.5384615384615384,0.4551282051282051,0.4551282051282051,0.1538461538461538,0.4358974358974359,0.2948717948717948,0.1602564102564103,-0.1346153846153845,-0.48717948717948734,0.35256410256410287,SAME_DIRECTION_NEGATIVE,SAME_DIRECTION_POSITIVE,SAME_DIRECTION_NEGATIVE,MEDIUM_TERM_STRUCTURE_WEAKENING,MM_STRUCTURE_LONG_LIQUIDATION
2020-06-09,1714.699951171875,-0.1538461538461538,-0.4615384615384616,0.3076923076923078,0.4871794871794871,0.05769230769230771,0.3205128205128205,0.1891025641025641,0.298076923076923,-0.1666666666666666,-0.3974358974358974,0.2307692307692308,SAME_DIRECTION_NEGATIVE,SAME_DIRECTION_POSITIVE,SAME_DIRECTION_NEGATIVE,MEDIUM_TERM_STRUCTURE_WEAKENING,MM_STRUCTURE_LONG_LIQUIDATION
2020-06-16,1729.5999755859375,-0.0448717948717948,-0.4807692307692308,0.43589743589743596,0.3782051282051282,-0.0641025641025641,0.0897435897435897,0.012820512820512803,0.3653846153846154,-0.0897435897435897,-0.4615384615384617,0.371794871794872,SAME_DIRECTION_NEGATIVE,SAME_DIRECTION_POSITIVE,SAME_DIRECTION_NEGATIVE,MEDIUM_TERM_STRUCTURE_WEAKENING,MM_STRUCTURE_LONG_LIQUIDATION
2020-06-23,1772.0999755859375,0.1025641025641025,-0.41025641025641035,0.5128205128205129,0.4166666666666666,-0.0641025641025641,-0.0064102564102564,-0.03525641025641025,0.4519230769230768,-0.032051282051282,-0.435897435897436,0.403846153846154,BASELINE_POSITIVE_CANDIDATE_NEGATIVE,BASELINE_POSITIVE_CANDIDATE_NEGATIVE,SAME_DIRECTION_NEGATIVE,MEDIUM_TERM_STRUCTURE_WEAKENING,MM_STRUCTURE_SHORT_BUILDING
2020-06-30,1793.0,0.1858974358974359,-0.3910256410256411,0.576923076923077,0.4871794871794872,0.11538461538461547,0.0512820512820513,0.08333333333333338,0.40384615384615385,0.032051282051282,-0.4423076923076924,0.4743589743589744,BASELINE_POSITIVE_CANDIDATE_NEGATIVE,SAME_DIRECTION_POSITIVE,BASELINE_POSITIVE_CANDIDATE_NEGATIVE,MEDIUM_TERM_STRUCTURE_WEAKENING,MM_STRUCTURE_NEUTRAL
2020-07-07,1804.199951171875,0.1794871794871794,-0.3846153846153847,0.5641025641025641,0.3910256410256409,0.13461538461538458,0.0705128205128204,0.10256410256410249,0.28846153846153844,0.0705128205128205,-0.42307692307692313,0.4935897435897436,BASELINE_POSITIVE_CANDIDATE_NEGATIVE,SAME_DIRECTION_POSITIVE,BASELINE_POSITIVE_CANDIDATE_NEGATIVE,MEDIUM_TERM_STRUCTURE_WEAKENING,MM_STRUCTURE_NEUTRAL
2020-07-14,1810.5999755859373,0.1538461538461539,-0.39743589743589747,0.5512820512820513,0.2884615384615384,0.08333333333333326,0.1987179487179486,0.1410256410256409,0.14743589743589747,0.0256410256410256,-0.4551282051282052,0.4807692307692308,BASELINE_POSITIVE_CANDIDATE_NEGATIVE,SAME_DIRECTION_POSITIVE,BASELINE_POSITIVE_CANDIDATE_NEGATIVE,MEDIUM_TERM_STRUCTURE_WEAKENING,MM_STRUCTURE_NEUTRAL
2020-07-21,1842.4000244140625,0.173076923076923,-0.3653846153846154,0.5384615384615384,0.141025641025641,0.012820512820512886,0.1474358974358974,0.08012820512820515,0.06089743589743585,0.0833333333333333,-0.3974358974358976,0.4807692307692309,BASELINE_POSITIVE_CANDIDATE_NEGATIVE,SAME_DIRECTION_POSITIVE,BASELINE_POSITIVE_CANDIDATE_NEGATIVE,MEDIUM_TERM_STRUCTURE_WEAKENING,MM_STRUCTURE_NEUTRAL
2020-07-28,1944.699951171875,0.1282051282051282,-0.4487179487179488,0.576923076923077,0.1474358974358974,0.012820512820512886,0.0961538461538461,0.054487179487179495,0.09294871794871792,0.0,-0.47435897435897434,0.47435897435897434,BASELINE_POSITIVE_CANDIDATE_NEGATIVE,SAME_DIRECTION_POSITIVE,MIXED_OR_UNCLEAR,MEDIUM_TERM_STRUCTURE_WEAKENING,MM_STRUCTURE_NEUTRAL
2020-08-04,2001.199951171875,0.1858974358974359,-0.2948717948717948,0.4807692307692307,0.1346153846153847,0.05128205128205132,0.0641025641025642,0.05769230769230776,0.07692307692307693,0.0192307692307692,-0.3141025641025641,0.3333333333333333,BASELINE_POSITIVE_CANDIDATE_NEGATIVE,SAME_DIRECTION_POSITIVE,BASELINE_POSITIVE_CANDIDATE_NEGATIVE,MEDIUM_TERM_STRUCTURE_WEAKENING,MM_STRUCTURE_NEUTRAL
2020-08-11,1932.5999755859373,0.0512820512820513,-0.41025641025641024,0.46153846153846156,0.2435897435897436,0.03205128205128205,0.0448717948717949,0.03846153846153848,0.20512820512820512,-0.0448717948717948,-0.4166666666666667,0.37179487179487186,BASELINE_POSITIVE_CANDIDATE_NEGATIVE,SAME_DIRECTION_POSITIVE,SAME_DIRECTION_NEGATIVE,MEDIUM_TERM_STRUCTURE_WEAKENING,MM_STRUCTURE_SHORT_BUILDING
2020-08-18,1999.4000244140625,-0.1089743589743589,-0.5769230769230769,0.46794871794871795,0.1987179487179488,0.0,0.0512820512820513,0.02564102564102565,0.17307692307692313,-0.1089743589743589,-0.6025641025641026,0.4935897435897437,SAME_DIRECTION_NEGATIVE,SAME_DIRECTION_POSITIVE,SAME_DIRECTION_NEGATIVE,MEDIUM_TERM_STRUCTURE_WEAKENING,MM_STRUCTURE_LONG_LIQUIDATION
2020-08-25,1911.800048828125,-0.1794871794871795,-0.5641025641025643,0.3846153846153848,0.1282051282051282,0.0,0.032051282051282,0.016025641025641,0.1121794871794872,-0.1474358974358974,-0.5705128205128206,0.4230769230769232,SAME_DIRECTION_NEGATIVE,SAME_DIRECTION_POSITIVE,SAME_DIRECTION_NEGATIVE,MEDIUM_TERM_STRUCTURE_WEAKENING,MM_STRUCTURE_LONG_LIQUIDATION
2020-09-01,1968.199951171875,-0.173076923076923,-0.467948717948718,0.29487179487179505,0.0384615384615385,-0.02564102564102566,-0.0256410256410256,-0.02564102564102563,0.06410256410256412,-0.1153846153846153,-0.4679487179487179,0.3525641025641026,SAME_DIRECTION_NEGATIVE,BASELINE_POSITIVE_CANDIDATE_NEGATIVE,SAME_DIRECTION_NEGATIVE,MEDIUM_TERM_STRUCTURE_WEAKENING,MM_STRUCTURE_LONG_LIQUIDATION
2020-09-08,1933.0,-0.1025641025641025,-0.30769230769230765,0.20512820512820515,0.0128205128205128,-0.03205128205128205,-0.032051282051282,-0.03205128205128202,0.04487179487179482,-0.0705128205128204,-0.4358974358974359,0.36538461538461553,SAME_DIRECTION_NEGATIVE,BASELINE_POSITIVE_CANDIDATE_NEGATIVE,SAME_DIRECTION_NEGATIVE,MEDIUM_TERM_STRUCTURE_WEAKENING,MM_STRUCTURE_LONG_LIQUIDATION
2020-09-15,1956.300048828125,-0.0256410256410256,0.0641025641025641,-0.0897435897435897,0.0384615384615384,0.012820512820512775,-0.0128205128205128,-1.214306433183765e-17,0.038461538461538415,-0.0769230769230769,-0.13461538461538464,0.05769230769230774,BASELINE_NEGATIVE_CANDIDATE_POSITIVE,BASELINE_POSITIVE_CANDIDATE_NEGATIVE,SAME_DIRECTION_NEGATIVE,MIXED_STRUCTURE,MM_STRUCTURE_LONG_LIQUIDATION
2020-09-22,1898.5999755859373,-0.0897435897435897,-0.05769230769230771,-0.03205128205128199,0.032051282051282,0.03205128205128205,0.0,0.016025641025641024,0.016025641025640976,-0.0576923076923077,-0.21153846153846156,0.15384615384615385,SAME_DIRECTION_NEGATIVE,SAME_DIRECTION_POSITIVE,SAME_DIRECTION_NEGATIVE,MEDIUM_TERM_STRUCTURE_WEAKENING,MM_STRUCTURE_LONG_LIQUIDATION
2020-09-29,1894.300048828125,-0.141025641025641,-0.057692307692307654,-0.08333333333333334,-0.0705128205128206,-0.05769230769230771,-0.0448717948717949,-0.05128205128205131,-0.019230769230769287,-0.0320512820512821,-0.17307692307692307,0.14102564102564097,SAME_DIRECTION_NEGATIVE,SAME_DIRECTION_NEGATIVE,SAME_DIRECTION_NEGATIVE,MEDIUM_TERM_STRUCTURE_WEAKENING,MM_STRUCTURE_LONG_LIQUIDATION
2020-10-06,1901.0999755859373,-0.0576923076923077,-0.0641025641025641,0.006410256410256394,-0.0833333333333333,-0.08333333333333337,-0.0512820512820513,-0.06730769230769233,-0.01602564102564097,0.0128205128205127,-0.1602564102564103,0.173076923076923,SAME_DIRECTION_NEGATIVE,SAME_DIRECTION_NEGATIVE,BASELINE_POSITIVE_CANDIDATE_NEGATIVE,MEDIUM_TERM_STRUCTURE_WEAKENING,MM_STRUCTURE_SHORT_COVERING_RALLY
2020-10-13,1888.5,-0.0384615384615384,-0.11538461538461542,0.07692307692307701,-0.0128205128205128,0.05769230769230771,0.0,0.028846153846153855,-0.04166666666666666,-0.0064102564102564,-0.1987179487179488,0.1923076923076924,SAME_DIRECTION_NEGATIVE,BOTH_NEAR_ZERO,SAME_DIRECTION_NEGATIVE,MEDIUM_TERM_STRUCTURE_WEAKENING,MM_STRUCTURE_LONG_LIQUIDATION
2020-10-20,1910.4000244140625,0.0512820512820513,0.019230769230769218,0.03205128205128208,-0.0064102564102563,0.07692307692307698,-0.0064102564102563,0.03525641025641034,-0.04166666666666664,0.0192307692307692,-0.12820512820512825,0.14743589743589744,SAME_DIRECTION_POSITIVE,BASELINE_NEGATIVE_CANDIDATE_POSITIVE,BASELINE_POSITIVE_CANDIDATE_NEGATIVE,SHORT_TERM_RECOVERY_MEDIUM_TERM_UNCONFIRMED,MM_STRUCTURE_ACCUMULATION
2020-10-27,1908.800048828125,0.0448717948717948,0.03846153846153849,0.006410256410256311,-0.0512820512820513,-0.0641025641025641,-0.0064102564102563,-0.0352564102564102,-0.0160256410256411,0.0512820512820512,-0.06410256410256415,0.11538461538461535,SAME_DIRECTION_POSITIVE,SAME_DIRECTION_NEGATIVE,BASELINE_POSITIVE_CANDIDATE_NEGATIVE,SHORT_TERM_RECOVERY_MEDIUM_TERM_UNCONFIRMED,MM_STRUCTURE_ACCUMULATION
2020-11-03,1908.5,-0.0769230769230769,0.0,-0.0769230769230769,-0.0384615384615385,-0.06410256410256421,0.0128205128205127,-0.025641025641025755,-0.012820512820512744,-0.0256410256410257,-0.08974358974358981,0.06410256410256411,MIXED_OR_UNCLEAR,SAME_DIRECTION_NEGATIVE,SAME_DIRECTION_NEGATIVE,MIXED_STRUCTURE,MM_STRUCTURE_LONG_LIQUIDATION
2020-11-10,1875.4000244140625,-0.2179487179487179,-0.0641025641025641,-0.1538461538461538,-0.0448717948717948,0.019230769230769273,-0.0448717948717948,-0.012820512820512765,-0.032051282051282035,-0.0833333333333333,-0.0897435897435897,0.006410256410256401,SAME_DIRECTION_NEGATIVE,SAME_DIRECTION_NEGATIVE,SAME_DIRECTION_NEGATIVE,MEDIUM_TERM_STRUCTURE_WEAKENING,MM_STRUCTURE_LONG_LIQUIDATION
2020-11-17,1884.5,0.0,-0.019230769230769218,0.019230769230769218,-0.0897435897435897,-0.019230769230769162,-0.0833333333333333,-0.05128205128205123,-0.03846153846153847,0.0320512820512819,-0.0705128205128206,0.1025641025641025,BOTH_NEAR_ZERO,SAME_DIRECTION_NEGATIVE,BASELINE_POSITIVE_CANDIDATE_NEGATIVE,MEDIUM_TERM_STRUCTURE_WEAKENING,MM_STRUCTURE_SHORT_COVERING_RALLY
2020-11-24,1804.800048828125,0.0,-0.03205128205128205,0.03205128205128205,0.0256410256410256,0.012820512820512775,0.032051282051282,0.022435897435897387,0.003205128205128211,0.0,-0.04487179487179488,0.04487179487179488,MIXED_OR_UNCLEAR,BOTH_NEAR_ZERO,MIXED_OR_UNCLEAR,MEDIUM_TERM_STRUCTURE_WEAKENING,MM_STRUCTURE_NEUTRAL
2020-12-01,1814.0999755859373,-0.0192307692307692,0.0,-0.0192307692307692,-0.0192307692307692,-0.012820512820512886,-0.032051282051282,-0.022435897435897443,0.0032051282051282423,0.0,-0.025641025641025716,0.025641025641025716,BOTH_NEAR_ZERO,BOTH_NEAR_ZERO,BOTH_NEAR_ZERO,MIXED_STRUCTURE,MM_STRUCTURE_NEUTRAL
2020-12-08,1870.800048828125,0.1025641025641025,0.14102564102564102,-0.03846153846153852,-0.0833333333333333,-0.05128205128205132,-0.0384615384615385,-0.04487179487179491,-0.038461538461538394,0.0961538461538462,0.0641025641025641,0.032051282051282104,SAME_DIRECTION_POSITIVE,SAME_DIRECTION_NEGATIVE,SAME_DIRECTION_POSITIVE,MEDIUM_TERM_PARTICIPATION_BUILDING,MM_STRUCTURE_ACCUMULATION
2020-12-15,1852.300048828125,0.0512820512820512,0.11538461538461536,-0.06410256410256417,-0.0705128205128206,0.02564102564102566,0.0128205128205127,0.01923076923076918,-0.08974358974358977,0.0961538461538462,0.05769230769230771,0.03846153846153849,SAME_DIRECTION_POSITIVE,BASELINE_NEGATIVE_CANDIDATE_POSITIVE,SAME_DIRECTION_POSITIVE,MEDIUM_TERM_PARTICIPATION_BUILDING,MM_STRUCTURE_ACCUMULATION
2020-12-21,1879.199951171875,0.1153846153846154,0.05128205128205132,0.06410256410256408,0.0064102564102563,0.02564102564102566,-0.0256410256410256,3.122502256758253e-17,0.006410256410256269,0.0512820512820513,0.019230769230769273,0.03205128205128203,SAME_DIRECTION_POSITIVE,BOTH_NEAR_ZERO,SAME_DIRECTION_POSITIVE,MEDIUM_TERM_PARTICIPATION_BUILDING,MM_STRUCTURE_NEUTRAL
2020-12-29,1879.699951171875,0.1923076923076923,0.0064102564102563875,0.1858974358974359,0.0,0.0064102564102563875,0.032051282051282,0.019230769230769194,-0.019230769230769194,0.1153846153846154,-0.0064102564102563875,0.12179487179487179,SAME_DIRECTION_POSITIVE,BOTH_NEAR_ZERO,BASELINE_POSITIVE_CANDIDATE_NEGATIVE,SHORT_TERM_RECOVERY_MEDIUM_TERM_UNCONFIRMED,MM_STRUCTURE_ACCUMULATION
2021-01-05,1952.699951171875,0.3012820512820512,0.05769230769230771,0.2435897435897435,-0.0128205128205128,0.0,0.0256410256410256,0.0128205128205128,-0.0256410256410256,0.1858974358974359,0.02564102564102566,0.16025641025641024,SAME_DIRECTION_POSITIVE,BOTH_NEAR_ZERO,SAME_DIRECTION_POSITIVE,MEDIUM_TERM_PARTICIPATION_BUILDING,MM_STRUCTURE_ACCUMULATION
2021-01-12,1842.9000244140625,-0.0705128205128204,-0.24358974358974367,0.17307692307692327,0.0384615384615384,0.019230769230769273,0.0256410256410256,0.022435897435897436,0.016025641025640965,-0.0512820512820512,-0.1474358974358974,0.09615384615384621,SAME_DIRECTION_NEGATIVE,SAME_DIRECTION_POSITIVE,SAME_DIRECTION_NEGATIVE,MEDIUM_TERM_STRUCTURE_WEAKENING,MM_STRUCTURE_LONG_LIQUIDATION
2021-01-19,1839.5,-0.0576923076923077,-0.26282051282051283,0.20512820512820512,-0.0833333333333333,-0.05769230769230771,-0.0576923076923077,-0.05769230769230771,-0.02564102564102559,-0.0448717948717948,-0.17307692307692307,0.12820512820512828,SAME_DIRECTION_NEGATIVE,SAME_DIRECTION_NEGATIVE,SAME_DIRECTION_NEGATIVE,MEDIUM_TERM_STRUCTURE_WEAKENING,MM_STRUCTURE_LONG_LIQUIDATION
2021-01-26,1850.699951171875,0.0705128205128204,-0.05769230769230771,0.1282051282051281,-0.064102564102564,-0.11538461538461536,-0.096153846153846,-0.10576923076923068,0.041666666666666685,0.0641025641025641,0.03846153846153838,0.025641025641025716,BASELINE_POSITIVE_CANDIDATE_NEGATIVE,SAME_DIRECTION_NEGATIVE,SAME_DIRECTION_POSITIVE,SHORT_TERM_RECOVERY_MEDIUM_TERM_UNCONFIRMED,MM_STRUCTURE_ACCUMULATION
2021-02-02,1830.5,-0.0961538461538461,-0.14102564102564102,0.04487179487179492,-0.0192307692307691,0.012820512820512886,-0.0448717948717948,-0.01602564102564096,-0.0032051282051281417,-0.0576923076923077,-0.01282051282051283,-0.04487179487179487,SAME_DIRECTION_NEGATIVE,BOTH_NEAR_ZERO,SAME_DIRECTION_NEGATIVE,MEDIUM_TERM_STRUCTURE_WEAKENING,MM_STRUCTURE_LONG_LIQUIDATION
2021-02-09,1835.300048828125,-0.1410256410256409,-0.07692307692307687,-0.06410256410256404,-0.0961538461538461,-0.0064102564102564985,-0.1217948717948718,-0.06410256410256415,-0.03205128205128195,-0.0769230769230769,0.02564102564102566,-0.10256410256410256,SAME_DIRECTION_NEGATIVE,SAME_DIRECTION_NEGATIVE,BASELINE_NEGATIVE_CANDIDATE_POSITIVE,MIXED_STRUCTURE,MM_STRUCTURE_LONG_LIQUIDATION
2021-02-16,1797.199951171875,-0.2628205128205128,-0.10256410256410259,-0.1602564102564102,0.0576923076923077,0.10256410256410253,0.1153846153846154,0.10897435897435898,-0.05128205128205127,-0.1602564102564103,-0.03205128205128205,-0.12820512820512825,SAME_DIRECTION_NEGATIVE,SAME_DIRECTION_POSITIVE,SAME_DIRECTION_NEGATIVE,MEDIUM_TERM_STRUCTURE_WEAKENING,MM_STRUCTURE_LONG_LIQUIDATION
2021-02-23,1804.4000244140625,-0.282051282051282,-0.09615384615384609,-0.1858974358974359,0.032051282051282,0.13461538461538464,0.1282051282051281,0.1314102564102564,-0.0993589743589744,-0.1602564102564103,-0.019230769230769273,-0.14102564102564102,SAME_DIRECTION_NEGATIVE,SAME_DIRECTION_POSITIVE,SAME_DIRECTION_NEGATIVE,MEDIUM_TERM_STRUCTURE_WEAKENING,MM_STRUCTURE_LONG_LIQUIDATION
2021-03-02,1733.0999755859375,-0.4551282051282052,-0.22435897435897437,-0.2307692307692308,0.0705128205128206,0.012820512820512886,0.1153846153846154,0.06410256410256415,0.006410256410256443,-0.2371794871794872,-0.0961538461538462,-0.141025641025641,SAME_DIRECTION_NEGATIVE,SAME_DIRECTION_POSITIVE,SAME_DIRECTION_NEGATIVE,MEDIUM_TERM_STRUCTURE_WEAKENING,MM_STRUCTURE_LONG_LIQUIDATION
2021-03-09,1716.5999755859375,-0.25,-0.3910256410256411,0.14102564102564108,0.0576923076923077,0.044871794871794934,0.1794871794871795,0.11217948717948721,-0.05448717948717951,-0.1025641025641025,-0.17948717948717952,0.07692307692307701,SAME_DIRECTION_NEGATIVE,SAME_DIRECTION_POSITIVE,SAME_DIRECTION_NEGATIVE,MEDIUM_TERM_STRUCTURE_WEAKENING,MM_STRUCTURE_LONG_LIQUIDATION
2021-03-16,1730.5999755859375,-0.1987179487179487,-0.4358974358974359,0.2371794871794872,0.1153846153846154,-0.012820512820512886,0.0,-0.006410256410256443,0.12179487179487185,-0.0576923076923077,-0.1538461538461539,0.0961538461538462,SAME_DIRECTION_NEGATIVE,BASELINE_POSITIVE_CANDIDATE_NEGATIVE,SAME_DIRECTION_NEGATIVE,MEDIUM_TERM_STRUCTURE_WEAKENING,MM_STRUCTURE_LONG_LIQUIDATION
2021-03-23,1724.699951171875,-0.1987179487179487,-0.16666666666666669,-0.03205128205128202,0.1666666666666666,-0.0064102564102563875,0.0384615384615385,0.016025641025641055,0.15064102564102555,-0.1474358974358973,-0.051282051282051266,-0.09615384615384603,SAME_DIRECTION_NEGATIVE,SAME_DIRECTION_POSITIVE,SAME_DIRECTION_NEGATIVE,MEDIUM_TERM_STRUCTURE_WEAKENING,MM_STRUCTURE_LONG_LIQUIDATION
2021-03-30,1683.9000244140625,-0.1089743589743589,-0.10897435897435903,1.249000902703301e-16,0.1346153846153845,0.03205128205128205,0.0192307692307691,0.025641025641025574,0.10897435897435892,-0.0961538461538461,-0.07692307692307687,-0.019230769230769232,SAME_DIRECTION_NEGATIVE,SAME_DIRECTION_POSITIVE,SAME_DIRECTION_NEGATIVE,MEDIUM_TERM_STRUCTURE_WEAKENING,MM_STRUCTURE_LONG_LIQUIDATION
2021-04-06,1741.5,-0.0384615384615384,-0.05769230769230771,0.019230769230769308,0.0833333333333333,-0.08974358974358976,-0.0961538461538461,-0.09294871794871792,0.1762820512820512,-0.032051282051282,-0.019230769230769162,-0.012820512820512837,SAME_DIRECTION_NEGATIVE,BASELINE_POSITIVE_CANDIDATE_NEGATIVE,SAME_DIRECTION_NEGATIVE,MEDIUM_TERM_STRUCTURE_WEAKENING,MM_STRUCTURE_LONG_LIQUIDATION
2021-04-13,1746.199951171875,-0.0448717948717948,-0.10897435897435898,0.06410256410256418,-0.0256410256410256,-0.05769230769230771,-0.0256410256410256,-0.04166666666666666,0.01602564102564106,0.0128205128205128,-0.012820512820512775,0.025641025641025574,SAME_DIRECTION_NEGATIVE,SAME_DIRECTION_NEGATIVE,BOTH_NEAR_ZERO,MEDIUM_TERM_STRUCTURE_WEAKENING,MM_STRUCTURE_SHORT_COVERING_RALLY
2021-04-20,1777.300048828125,-0.0064102564102563,-0.1538461538461538,0.1474358974358975,0.0064102564102564,0.05769230769230771,-0.032051282051282,0.012820512820512855,-0.006410256410256455,0.0256410256410257,-0.012820512820512775,0.03846153846153848,SAME_DIRECTION_NEGATIVE,BOTH_NEAR_ZERO,BOTH_NEAR_ZERO,MEDIUM_TERM_STRUCTURE_WEAKENING,MM_STRUCTURE_NEUTRAL
2021-04-27,1778.0,0.1153846153846153,-0.1538461538461538,0.2692307692307691,0.0,0.03846153846153855,-0.0192307692307691,0.009615384615384723,-0.009615384615384723,0.0320512820512821,-0.11538461538461531,0.1474358974358974,BASELINE_POSITIVE_CANDIDATE_NEGATIVE,BOTH_NEAR_ZERO,BASELINE_POSITIVE_CANDIDATE_NEGATIVE,MEDIUM_TERM_STRUCTURE_WEAKENING,MM_STRUCTURE_ACCUMULATION
2021-05-04,1775.800048828125,0.2307692307692307,-0.08333333333333331,0.314102564102564,-0.0192307692307692,0.019230769230769162,0.0769230769230768,0.04807692307692298,-0.06730769230769218,0.1089743589743589,-0.04487179487179488,0.1538461538461538,BASELINE_POSITIVE_CANDIDATE_NEGATIVE,BASELINE_NEGATIVE_CANDIDATE_POSITIVE,BASELINE_POSITIVE_CANDIDATE_NEGATIVE,MEDIUM_TERM_STRUCTURE_WEAKENING,MM_STRUCTURE_ACCUMULATION
2021-05-11,1835.9000244140625,0.282051282051282,0.0641025641025641,0.2179487179487179,-0.1538461538461538,-0.1666666666666668,-0.1282051282051282,-0.1474358974358975,-0.006410256410256304,0.1474358974358974,0.07692307692307687,0.07051282051282054,SAME_DIRECTION_POSITIVE,SAME_DIRECTION_NEGATIVE,SAME_DIRECTION_POSITIVE,MEDIUM_TERM_PARTICIPATION_BUILDING,MM_STRUCTURE_ACCUMULATION
2021-05-18,1867.800048828125,0.2692307692307691,0.10256410256410259,0.16666666666666652,-0.1666666666666666,-0.1538461538461538,-0.1346153846153846,-0.14423076923076922,-0.022435897435897384,0.1923076923076923,0.10897435897435909,0.0833333333333332,SAME_DIRECTION_POSITIVE,SAME_DIRECTION_NEGATIVE,SAME_DIRECTION_POSITIVE,MEDIUM_TERM_PARTICIPATION_BUILDING,MM_STRUCTURE_ACCUMULATION
2021-05-25,1898.0999755859373,0.2435897435897436,0.13461538461538464,0.10897435897435898,-0.3333333333333333,-0.14743589743589736,-0.3141025641025641,-0.23076923076923073,-0.10256410256410259,0.2756410256410256,0.19871794871794873,0.07692307692307687,SAME_DIRECTION_POSITIVE,SAME_DIRECTION_NEGATIVE,SAME_DIRECTION_POSITIVE,MEDIUM_TERM_PARTICIPATION_BUILDING,MM_STRUCTURE_ACCUMULATION
2021-06-01,1902.9000244140625,0.2243589743589744,0.1858974358974359,0.03846153846153849,-0.2243589743589744,-0.14743589743589747,-0.3012820512820512,-0.22435897435897434,-5.551115123125783e-17,0.2243589743589744,0.20512820512820523,0.019230769230769162,SAME_DIRECTION_POSITIVE,SAME_DIRECTION_NEGATIVE,SAME_DIRECTION_POSITIVE,MEDIUM_TERM_PARTICIPATION_BUILDING,MM_STRUCTURE_ACCUMULATION
2021-06-08,1892.199951171875,0.2564102564102564,0.044871794871794934,0.21153846153846145,-0.2628205128205128,0.012820512820512775,-0.1346153846153845,-0.06089743589743586,-0.20192307692307693,0.2243589743589743,0.11538461538461536,0.10897435897435895,SAME_DIRECTION_POSITIVE,SAME_DIRECTION_NEGATIVE,SAME_DIRECTION_POSITIVE,MEDIUM_TERM_PARTICIPATION_BUILDING,MM_STRUCTURE_ACCUMULATION
2021-06-15,1854.5,0.1538461538461538,-0.051282051282051266,0.20512820512820507,-0.2307692307692307,0.051282051282051266,-0.0961538461538461,-0.02243589743589742,-0.2083333333333333,0.141025641025641,0.03205128205128205,0.10897435897435895,BASELINE_POSITIVE_CANDIDATE_NEGATIVE,SAME_DIRECTION_NEGATIVE,SAME_DIRECTION_POSITIVE,SHORT_TERM_RECOVERY_MEDIUM_TERM_UNCONFIRMED,MM_STRUCTURE_ACCUMULATION
2021-06-22,1776.300048828125,-0.1025641025641025,-0.37179487179487186,0.2692307692307694,-0.1987179487179488,0.10256410256410259,0.1153846153846153,0.10897435897435895,-0.3076923076923077,0.0064102564102563,-0.1602564102564103,0.1666666666666666,SAME_DIRECTION_NEGATIVE,BASELINE_NEGATIVE_CANDIDATE_POSITIVE,BASELINE_POSITIVE_CANDIDATE_NEGATIVE,MEDIUM_TERM_STRUCTURE_WEAKENING,MM_STRUCTURE_SHORT_COVERING_RALLY
2021-06-29,1762.800048828125,-0.0641025641025641,-0.33974358974358976,0.27564102564102566,-0.0705128205128204,0.17948717948717952,0.2307692307692307,0.20512820512820512,-0.27564102564102555,-0.0128205128205127,-0.17307692307692307,0.16025641025641038,SAME_DIRECTION_NEGATIVE,BASELINE_NEGATIVE_CANDIDATE_POSITIVE,SAME_DIRECTION_NEGATIVE,MEDIUM_TERM_STRUCTURE_WEAKENING,MM_STRUCTURE_LONG_LIQUIDATION
2021-07-06,1793.5,-0.0384615384615384,-0.27564102564102566,0.23717948717948725,0.0897435897435897,0.1217948717948718,0.2243589743589743,0.17307692307692307,-0.08333333333333337,-0.0705128205128204,-0.17948717948717952,0.10897435897435911,SAME_DIRECTION_NEGATIVE,SAME_DIRECTION_POSITIVE,SAME_DIRECTION_NEGATIVE,MEDIUM_TERM_STRUCTURE_WEAKENING,MM_STRUCTURE_LONG_LIQUIDATION
2021-07-13,1809.4000244140625,-0.0897435897435897,0.08333333333333337,-0.17307692307692307,0.0128205128205128,-0.07051282051282048,0.1089743589743589,0.01923076923076921,-0.006410256410256412,-0.0769230769230769,0.08333333333333331,-0.16025641025641021,BASELINE_NEGATIVE_CANDIDATE_POSITIVE,BOTH_NEAR_ZERO,BASELINE_NEGATIVE_CANDIDATE_POSITIVE,MEDIUM_TERM_PARTICIPATION_BUILDING,MM_STRUCTURE_LONG_LIQUIDATION
2021-07-20,1810.9000244140625,-0.1153846153846154,0.07692307692307687,-0.1923076923076923,0.0833333333333333,-0.1538461538461539,-0.032051282051282,-0.09294871794871795,0.17628205128205127,-0.141025641025641,0.10256410256410253,-0.24358974358974353,BASELINE_NEGATIVE_CANDIDATE_POSITIVE,BASELINE_POSITIVE_CANDIDATE_NEGATIVE,BASELINE_NEGATIVE_CANDIDATE_POSITIVE,MEDIUM_TERM_PARTICIPATION_BUILDING,MM_STRUCTURE_LONG_LIQUIDATION
2021-07-27,1799.5,-0.1858974358974359,-0.07051282051282048,-0.11538461538461542,0.0512820512820513,-0.10897435897435903,-0.1794871794871794,-0.14423076923076922,0.1955128205128205,-0.1602564102564103,-0.019230769230769162,-0.14102564102564114,SAME_DIRECTION_NEGATIVE,BASELINE_POSITIVE_CANDIDATE_NEGATIVE,SAME_DIRECTION_NEGATIVE,MEDIUM_TERM_STRUCTURE_WEAKENING,MM_STRUCTURE_LOW_PARTICIPATION
2021-08-03,1810.0999755859373,-0.1538461538461538,-0.01282051282051283,-0.14102564102564097,0.0769230769230769,0.0064102564102564985,-0.1474358974358974,-0.07051282051282046,0.14743589743589736,-0.1474358974358974,0.025641025641025605,-0.17307692307692302,SAME_DIRECTION_NEGATIVE,BASELINE_POSITIVE_CANDIDATE_NEGATIVE,BASELINE_NEGATIVE_CANDIDATE_POSITIVE,SHORT_TERM_ONLY_REACTION,MM_STRUCTURE_LONG_LIQUIDATION
2021-08-10,1728.800048828125,-0.2692307692307693,-0.17948717948717952,-0.08974358974358976,0.358974358974359,0.35897435897435903,0.25,0.3044871794871795,0.05448717948717946,-0.3141025641025641,-0.20512820512820518,-0.10897435897435892,SAME_DIRECTION_NEGATIVE,SAME_DIRECTION_POSITIVE,SAME_DIRECTION_NEGATIVE,MEDIUM_TERM_STRUCTURE_WEAKENING,MM_STRUCTURE_LONG_LIQUIDATION
2021-08-17,1785.0,0.032051282051282,-0.07692307692307698,0.10897435897435898,0.2051282051282051,0.23076923076923078,0.2371794871794872,0.23397435897435898,-0.028846153846153882,-0.0448717948717948,-0.04487179487179488,7.632783294297951e-17,BASELINE_POSITIVE_CANDIDATE_NEGATIVE,SAME_DIRECTION_POSITIVE,SAME_DIRECTION_NEGATIVE,MEDIUM_TERM_STRUCTURE_WEAKENING,MM_STRUCTURE_SHORT_BUILDING
2021-08-24,1805.5999755859373,0.0705128205128205,0.01282051282051283,0.05769230769230767,0.0,-0.17948717948717952,0.1794871794871794,-5.551115123125783e-17,5.551115123125783e-17,-0.0064102564102564,-0.019230769230769218,0.012820512820512818,SAME_DIRECTION_POSITIVE,BOTH_NEAR_ZERO,BOTH_NEAR_ZERO,SHORT_TERM_RECOVERY_MEDIUM_TERM_UNCONFIRMED,MM_STRUCTURE_NEUTRAL
2021-08-31,1815.0,0.0512820512820512,0.2307692307692307,-0.17948717948717952,0.0448717948717948,-0.03846153846153855,0.1923076923076922,0.07692307692307683,-0.03205128205128203,0.0128205128205128,0.07051282051282054,-0.05769230769230774,SAME_DIRECTION_POSITIVE,SAME_DIRECTION_POSITIVE,SAME_DIRECTION_POSITIVE,MEDIUM_TERM_PARTICIPATION_BUILDING,MM_STRUCTURE_NEUTRAL
2021-09-07,1795.9000244140625,-0.0961538461538461,0.23717948717948723,-0.3333333333333333,0.2115384615384615,0.14102564102564108,-0.0384615384615384,0.051282051282051336,0.1602564102564102,-0.1217948717948718,0.0641025641025641,-0.1858974358974359,BASELINE_NEGATIVE_CANDIDATE_POSITIVE,SAME_DIRECTION_POSITIVE,BASELINE_NEGATIVE_CANDIDATE_POSITIVE,MEDIUM_TERM_PARTICIPATION_BUILDING,MM_STRUCTURE_LONG_LIQUIDATION
2021-09-14,1804.699951171875,-0.0769230769230769,0.1987179487179487,-0.2756410256410256,0.282051282051282,0.08333333333333337,0.0448717948717948,0.06410256410256408,0.2179487179487179,-0.1282051282051282,0.032051282051282104,-0.1602564102564103,BASELINE_NEGATIVE_CANDIDATE_POSITIVE,SAME_DIRECTION_POSITIVE,BASELINE_NEGATIVE_CANDIDATE_POSITIVE,MEDIUM_TERM_PARTICIPATION_BUILDING,MM_STRUCTURE_LONG_LIQUIDATION
2021-09-21,1776.0,-0.1282051282051282,0.0,-0.1282051282051282,0.3846153846153846,0.0641025641025641,0.2051282051282051,0.13461538461538458,0.25,-0.217948717948718,-0.08974358974358984,-0.12820512820512817,MIXED_OR_UNCLEAR,SAME_DIRECTION_POSITIVE,SAME_DIRECTION_NEGATIVE,MIXED_STRUCTURE,MM_STRUCTURE_LONG_LIQUIDATION
2021-09-28,1735.800048828125,-0.1538461538461538,-0.05769230769230768,-0.09615384615384612,0.4166666666666667,0.14102564102564108,0.2243589743589744,0.18269230769230774,0.23397435897435895,-0.2948717948717949,-0.17307692307692313,-0.12179487179487175,SAME_DIRECTION_NEGATIVE,SAME_DIRECTION_POSITIVE,SAME_DIRECTION_NEGATIVE,MEDIUM_TERM_STRUCTURE_WEAKENING,MM_STRUCTURE_LONG_LIQUIDATION
2021-10-05,1759.5999755859375,0.1153846153846153,-0.025641025641025605,0.1410256410256409,0.0256410256410256,0.0,0.0641025641025641,0.03205128205128205,-0.00641025641025645,0.0512820512820513,-0.1217948717948718,0.1730769230769231,BASELINE_POSITIVE_CANDIDATE_NEGATIVE,SAME_DIRECTION_POSITIVE,BASELINE_POSITIVE_CANDIDATE_NEGATIVE,MEDIUM_TERM_STRUCTURE_WEAKENING,MM_STRUCTURE_NEUTRAL
2021-10-12,1758.300048828125,0.1153846153846153,0.08333333333333337,0.032051282051281924,0.1346153846153845,-0.05128205128205132,0.0897435897435897,0.01923076923076919,0.11538461538461531,-0.0320512820512821,-0.08974358974358981,0.057692307692307716,SAME_DIRECTION_POSITIVE,SAME_DIRECTION_POSITIVE,SAME_DIRECTION_NEGATIVE,SHORT_TERM_RECOVERY_MEDIUM_TERM_UNCONFIRMED,MM_STRUCTURE_SHORT_BUILDING
2021-10-19,1769.699951171875,-0.0705128205128205,-0.05128205128205132,-0.019230769230769176,0.1858974358974359,-0.019230769230769273,-0.0192307692307692,-0.01923076923076924,0.20512820512820515,-0.0769230769230768,-0.1217948717948718,0.044871794871795004,SAME_DIRECTION_NEGATIVE,BASELINE_POSITIVE_CANDIDATE_NEGATIVE,SAME_DIRECTION_NEGATIVE,MEDIUM_TERM_STRUCTURE_WEAKENING,MM_STRUCTURE_LONG_LIQUIDATION
2021-10-26,1792.699951171875,0.0576923076923077,0.17307692307692302,-0.11538461538461531,0.0064102564102564,-0.16666666666666663,-0.2179487179487179,-0.19230769230769226,0.19871794871794865,0.032051282051282,0.07051282051282048,-0.038461538461538484,SAME_DIRECTION_POSITIVE,BASELINE_POSITIVE_CANDIDATE_NEGATIVE,SAME_DIRECTION_POSITIVE,MEDIUM_TERM_PARTICIPATION_BUILDING,MM_STRUCTURE_NEUTRAL
2021-11-02,1788.699951171875,0.0961538461538461,0.10256410256410259,-0.006410256410256485,-0.1282051282051283,-0.17307692307692313,-0.1923076923076924,-0.18269230769230776,0.05448717948717946,0.0769230769230769,0.032051282051282104,0.044871794871794796,SAME_DIRECTION_POSITIVE,SAME_DIRECTION_NEGATIVE,SAME_DIRECTION_POSITIVE,MEDIUM_TERM_PARTICIPATION_BUILDING,MM_STRUCTURE_ACCUMULATION
2021-11-09,1830.199951171875,0.3846153846153846,0.30128205128205127,0.08333333333333331,-0.282051282051282,-0.20512820512820523,-0.3717948717948718,-0.28846153846153855,0.006410256410256554,0.3205128205128205,0.20512820512820518,0.11538461538461531,SAME_DIRECTION_POSITIVE,SAME_DIRECTION_NEGATIVE,SAME_DIRECTION_POSITIVE,MEDIUM_TERM_PARTICIPATION_BUILDING,MM_STRUCTURE_ACCUMULATION
2021-11-16,1853.5999755859373,0.5064102564102564,0.23717948717948723,0.26923076923076916,-0.3397435897435898,-0.14743589743589747,-0.3205128205128205,-0.23397435897435898,-0.10576923076923084,0.467948717948718,0.1858974358974359,0.2820512820512821,SAME_DIRECTION_POSITIVE,SAME_DIRECTION_NEGATIVE,SAME_DIRECTION_POSITIVE,MEDIUM_TERM_PARTICIPATION_BUILDING,MM_STRUCTURE_ACCUMULATION
2021-11-23,1783.5,0.3525641025641025,0.05128205128205121,0.30128205128205127,-0.3717948717948718,0.05128205128205132,-0.1538461538461538,-0.05128205128205124,-0.3205128205128206,0.4166666666666667,-0.03205128205128205,0.44871794871794873,SAME_DIRECTION_POSITIVE,SAME_DIRECTION_NEGATIVE,BASELINE_POSITIVE_CANDIDATE_NEGATIVE,SHORT_TERM_RECOVERY_MEDIUM_TERM_UNCONFIRMED,MM_STRUCTURE_ACCUMULATION
2021-11-30,1773.5999755859375,0.1025641025641025,-0.14743589743589752,0.25,-0.3205128205128205,0.019230769230769273,-0.1282051282051281,-0.05448717948717942,-0.2660256410256411,0.205128205128205,-0.14102564102564114,0.34615384615384615,BASELINE_POSITIVE_CANDIDATE_NEGATIVE,SAME_DIRECTION_NEGATIVE,BASELINE_POSITIVE_CANDIDATE_NEGATIVE,MEDIUM_TERM_STRUCTURE_WEAKENING,MM_STRUCTURE_ACCUMULATION
2021-12-07,1782.5999755859375,-0.141025641025641,-0.31410256410256415,0.17307692307692316,-0.3461538461538461,-0.025641025641025605,0.0256410256410256,-3.469446951953614e-18,-0.3461538461538461,0.0512820512820513,-0.26282051282051283,0.31410256410256415,SAME_DIRECTION_NEGATIVE,SAME_DIRECTION_NEGATIVE,BASELINE_POSITIVE_CANDIDATE_NEGATIVE,MEDIUM_TERM_STRUCTURE_WEAKENING,MM_STRUCTURE_SHORT_COVERING_RALLY
2021-12-14,1770.4000244140625,-0.0705128205128204,-0.2756410256410256,0.2051282051282052,-0.0448717948717948,0.2564102564102565,0.2756410256410257,0.2660256410256411,-0.3108974358974359,-0.0128205128205128,-0.27564102564102566,0.2628205128205129,SAME_DIRECTION_NEGATIVE,BASELINE_NEGATIVE_CANDIDATE_POSITIVE,SAME_DIRECTION_NEGATIVE,MEDIUM_TERM_STRUCTURE_WEAKENING,MM_STRUCTURE_LONG_LIQUIDATION
2021-12-21,1787.9000244140625,-0.282051282051282,-0.006410256410256415,-0.27564102564102555,0.0128205128205127,0.1923076923076923,0.1666666666666666,0.17948717948717946,-0.16666666666666677,-0.1346153846153847,-0.0705128205128206,-0.0641025641025641,SAME_DIRECTION_NEGATIVE,SAME_DIRECTION_POSITIVE,SAME_DIRECTION_NEGATIVE,MEDIUM_TERM_STRUCTURE_WEAKENING,MM_STRUCTURE_LONG_LIQUIDATION
2021-12-28,1810.199951171875,-0.141025641025641,0.025641025641025605,-0.1666666666666666,-0.1025641025641025,-0.2307692307692309,0.0256410256410256,-0.10256410256410264,1.3877787807814457e-16,-0.0320512820512821,0.01282051282051272,-0.044871794871794816,BASELINE_NEGATIVE_CANDIDATE_POSITIVE,SAME_DIRECTION_NEGATIVE,BASELINE_NEGATIVE_CANDIDATE_POSITIVE,MEDIUM_TERM_PARTICIPATION_BUILDING,MM_STRUCTURE_LONG_LIQUIDATION
2022-01-04,1814.0,-0.5192307692307693,-0.1794871794871795,-0.33974358974358976,0.0448717948717948,-0.17307692307692307,0.0192307692307692,-0.07692307692307694,0.12179487179487175,-0.3397435897435897,-0.0641025641025641,-0.2756410256410256,SAME_DIRECTION_NEGATIVE,BASELINE_POSITIVE_CANDIDATE_NEGATIVE,SAME_DIRECTION_NEGATIVE,MEDIUM_TERM_STRUCTURE_WEAKENING,MM_STRUCTURE_LONG_LIQUIDATION
2022-01-11,1818.5999755859373,-0.6025641025641025,-0.27564102564102566,-0.32692307692307687,0.0320512820512821,-0.012820512820512775,-0.2435897435897436,-0.1282051282051282,0.1602564102564103,-0.4294871794871795,-0.16666666666666669,-0.26282051282051283,SAME_DIRECTION_NEGATIVE,BASELINE_POSITIVE_CANDIDATE_NEGATIVE,SAME_DIRECTION_NEGATIVE,MEDIUM_TERM_STRUCTURE_WEAKENING,MM_STRUCTURE_LONG_LIQUIDATION
2022-01-18,1812.300048828125,-0.4166666666666666,-0.25,-0.16666666666666657,0.0576923076923077,0.06410256410256415,-0.1089743589743589,-0.022435897435897377,0.08012820512820508,-0.3012820512820512,-0.1923076923076923,-0.10897435897435892,SAME_DIRECTION_NEGATIVE,BASELINE_POSITIVE_CANDIDATE_NEGATIVE,SAME_DIRECTION_NEGATIVE,MEDIUM_TERM_STRUCTURE_WEAKENING,MM_STRUCTURE_LONG_LIQUIDATION
2022-01-25,1852.699951171875,0.0512820512820513,0.0897435897435897,-0.0384615384615384,-0.0961538461538461,-0.10897435897435892,-0.1217948717948717,-0.11538461538461531,0.019230769230769204,0.0641025641025641,0.08333333333333331,-0.019230769230769218,SAME_DIRECTION_POSITIVE,SAME_DIRECTION_NEGATIVE,SAME_DIRECTION_POSITIVE,MEDIUM_TERM_PARTICIPATION_BUILDING,MM_STRUCTURE_ACCUMULATION
2022-02-01,1800.300048828125,-0.1666666666666666,-0.326923076923077,0.16025641025641038,0.3333333333333333,0.25,0.3141025641025641,0.28205128205128205,0.051282051282051266,-0.1987179487179487,-0.3141025641025641,0.11538461538461539,SAME_DIRECTION_NEGATIVE,SAME_DIRECTION_POSITIVE,SAME_DIRECTION_NEGATIVE,MEDIUM_TERM_STRUCTURE_WEAKENING,MM_STRUCTURE_LONG_LIQUIDATION
2022-02-08,1826.5999755859373,-0.0705128205128205,-0.076923076923077,0.0064102564102564985,-0.1794871794871795,0.17307692307692307,0.0641025641025641,0.11858974358974358,-0.2980769230769231,-0.0128205128205128,0.025641025641025605,-0.03846153846153841,SAME_DIRECTION_NEGATIVE,BASELINE_NEGATIVE_CANDIDATE_POSITIVE,BOTH_NEAR_ZERO,MIXED_STRUCTURE,MM_STRUCTURE_LONG_LIQUIDATION
2022-02-15,1854.800048828125,0.358974358974359,0.3205128205128206,0.03846153846153838,-0.1858974358974359,-0.326923076923077,-0.0769230769230769,-0.20192307692307693,0.016025641025641024,0.294871794871795,0.2692307692307693,0.025641025641025716,SAME_DIRECTION_POSITIVE,SAME_DIRECTION_NEGATIVE,SAME_DIRECTION_POSITIVE,MEDIUM_TERM_PARTICIPATION_BUILDING,MM_STRUCTURE_ACCUMULATION
2022-02-22,1906.0999755859373,0.4615384615384615,0.4166666666666667,0.04487179487179482,-0.0192307692307692,-0.07051282051282054,0.1025641025641025,0.016025641025640983,-0.03525641025641019,0.3205128205128206,0.3397435897435898,-0.019230769230769218,SAME_DIRECTION_POSITIVE,BOTH_NEAR_ZERO,SAME_DIRECTION_POSITIVE,MEDIUM_TERM_PARTICIPATION_BUILDING,MM_STRUCTURE_ACCUMULATION
2022-03-01,1942.4000244140625,0.5512820512820513,0.3205128205128206,0.23076923076923073,-0.1025641025641025,-0.0897435897435897,-0.4166666666666667,-0.2532051282051282,0.1506410256410257,0.4038461538461538,0.3269230769230769,0.07692307692307687,SAME_DIRECTION_POSITIVE,SAME_DIRECTION_NEGATIVE,SAME_DIRECTION_POSITIVE,MEDIUM_TERM_PARTICIPATION_BUILDING,MM_STRUCTURE_ACCUMULATION
2022-03-08,2040.0999755859373,0.5833333333333333,0.4038461538461538,0.17948717948717946,-0.1089743589743589,-0.10256410256410253,-0.173076923076923,-0.13782051282051277,0.02884615384615387,0.4230769230769231,0.3782051282051282,0.04487179487179488,SAME_DIRECTION_POSITIVE,SAME_DIRECTION_NEGATIVE,SAME_DIRECTION_POSITIVE,MEDIUM_TERM_PARTICIPATION_BUILDING,MM_STRUCTURE_ACCUMULATION
2022-03-15,1928.5,0.5128205128205129,0.3397435897435898,0.17307692307692307,-0.1538461538461539,0.01282051282051272,-0.0769230769230769,-0.03205128205128209,-0.12179487179487182,0.358974358974359,0.2948717948717949,0.0641025641025641,SAME_DIRECTION_POSITIVE,SAME_DIRECTION_NEGATIVE,SAME_DIRECTION_POSITIVE,MEDIUM_TERM_PARTICIPATION_BUILDING,MM_STRUCTURE_ACCUMULATION
2022-03-22,1920.699951171875,0.1025641025641025,0.3205128205128206,-0.2179487179487181,-0.0064102564102564,-0.0064102564102564985,-0.1089743589743589,-0.0576923076923077,0.0512820512820513,0.0576923076923077,0.35897435897435903,-0.3012820512820513,SAME_DIRECTION_POSITIVE,SAME_DIRECTION_NEGATIVE,SAME_DIRECTION_POSITIVE,MEDIUM_TERM_PARTICIPATION_BUILDING,MM_STRUCTURE_ACCUMULATION
2022-03-29,1912.0,0.4487179487179487,0.27564102564102566,0.17307692307692302,-0.4166666666666667,-0.01282051282051272,0.0,-0.00641025641025636,-0.41025641025641035,0.4230769230769231,0.4038461538461539,0.019230769230769162,SAME_DIRECTION_POSITIVE,SAME_DIRECTION_NEGATIVE,SAME_DIRECTION_POSITIVE,MEDIUM_TERM_PARTICIPATION_BUILDING,MM_STRUCTURE_ACCUMULATION
2022-04-05,1922.9000244140625,0.4038461538461538,0.21153846153846156,0.19230769230769224,0.0128205128205127,0.19230769230769235,0.1858974358974358,0.18910256410256407,-0.17628205128205138,0.2500000000000001,0.2243589743589744,0.025641025641025716,SAME_DIRECTION_POSITIVE,SAME_DIRECTION_POSITIVE,SAME_DIRECTION_POSITIVE,MEDIUM_TERM_PARTICIPATION_BUILDING,MM_STRUCTURE_NEUTRAL
2022-04-12,1972.0999755859373,0.0961538461538461,0.30128205128205127,-0.20512820512820518,0.1474358974358974,0.23717948717948717,0.2243589743589744,0.23076923076923078,-0.08333333333333337,0.0192307692307691,0.32051282051282054,-0.30128205128205143,SAME_DIRECTION_POSITIVE,SAME_DIRECTION_POSITIVE,SAME_DIRECTION_POSITIVE,MEDIUM_TERM_PARTICIPATION_BUILDING,MM_STRUCTURE_NEUTRAL
2022-04-19,1955.699951171875,-0.141025641025641,0.34615384615384615,-0.4871794871794871,0.3333333333333333,0.25,0.4423076923076923,0.34615384615384615,-0.01282051282051283,-0.2115384615384616,0.20512820512820507,-0.41666666666666663,BASELINE_NEGATIVE_CANDIDATE_POSITIVE,SAME_DIRECTION_POSITIVE,BASELINE_NEGATIVE_CANDIDATE_POSITIVE,MEDIUM_TERM_PARTICIPATION_BUILDING,MM_STRUCTURE_LONG_LIQUIDATION
2022-04-26,1901.4000244140625,-0.3846153846153846,-0.1217948717948718,-0.2628205128205128,0.4487179487179487,0.21153846153846156,0.4487179487179487,0.3301282051282051,0.11858974358974356,-0.4551282051282052,-0.1602564102564103,-0.2948717948717949,SAME_DIRECTION_NEGATIVE,SAME_DIRECTION_POSITIVE,SAME_DIRECTION_NEGATIVE,MEDIUM_TERM_STRUCTURE_WEAKENING,MM_STRUCTURE_LONG_LIQUIDATION
2022-05-03,1868.800048828125,-0.5128205128205128,-0.20512820512820518,-0.3076923076923076,0.5320512820512819,0.09615384615384615,0.3461538461538461,0.22115384615384612,0.3108974358974358,-0.532051282051282,-0.2307692307692308,-0.3012820512820512,SAME_DIRECTION_NEGATIVE,SAME_DIRECTION_POSITIVE,SAME_DIRECTION_NEGATIVE,MEDIUM_TERM_STRUCTURE_WEAKENING,MM_STRUCTURE_LONG_LIQUIDATION
2022-05-10,1839.9000244140625,-0.5256410256410257,-0.5705128205128205,0.04487179487179482,0.5320512820512822,0.09615384615384615,0.3076923076923077,0.20192307692307693,0.33012820512820523,-0.4935897435897436,-0.5192307692307693,0.02564102564102566,SAME_DIRECTION_NEGATIVE,SAME_DIRECTION_POSITIVE,SAME_DIRECTION_NEGATIVE,MEDIUM_TERM_STRUCTURE_WEAKENING,MM_STRUCTURE_LONG_LIQUIDATION
2022-05-17,1818.199951171875,-0.4935897435897436,-0.6794871794871795,0.1858974358974359,0.608974358974359,0.0705128205128206,0.1666666666666667,0.11858974358974365,0.49038461538461536,-0.5512820512820513,-0.6602564102564104,0.10897435897435903,SAME_DIRECTION_NEGATIVE,SAME_DIRECTION_POSITIVE,SAME_DIRECTION_NEGATIVE,MEDIUM_TERM_STRUCTURE_WEAKENING,MM_STRUCTURE_LONG_LIQUIDATION
2022-05-24,1865.0999755859373,-0.3653846153846154,-0.4423076923076923,0.07692307692307687,0.5192307692307692,-0.02564102564102566,0.0705128205128204,0.02243589743589737,0.4967948717948718,-0.435897435897436,-0.4487179487179488,0.012820512820512775,SAME_DIRECTION_NEGATIVE,SAME_DIRECTION_POSITIVE,SAME_DIRECTION_NEGATIVE,MEDIUM_TERM_STRUCTURE_WEAKENING,MM_STRUCTURE_LONG_LIQUIDATION
2022-05-31,1842.699951171875,-0.467948717948718,-0.358974358974359,-0.10897435897435903,0.3653846153846154,-0.05128205128205121,0.0192307692307692,-0.016025641025641003,0.38141025641025644,-0.4166666666666667,-0.39743589743589736,-0.01923076923076933,SAME_DIRECTION_NEGATIVE,BASELINE_POSITIVE_CANDIDATE_NEGATIVE,SAME_DIRECTION_NEGATIVE,MEDIUM_TERM_STRUCTURE_WEAKENING,MM_STRUCTURE_LONG_LIQUIDATION
2022-06-07,1847.5,-0.5961538461538461,-0.1538461538461538,-0.44230769230769235,0.2179487179487179,-0.0641025641025641,-0.0897435897435897,-0.0769230769230769,0.2948717948717948,-0.4935897435897436,-0.2243589743589744,-0.2692307692307692,SAME_DIRECTION_NEGATIVE,BASELINE_POSITIVE_CANDIDATE_NEGATIVE,SAME_DIRECTION_NEGATIVE,MEDIUM_TERM_STRUCTURE_WEAKENING,MM_STRUCTURE_LONG_LIQUIDATION
2022-06-14,1809.5,-0.5705128205128205,-0.1538461538461539,-0.4166666666666666,0.1730769230769231,0.0576923076923076,0.0064102564102563,0.03205128205128195,0.14102564102564114,-0.4487179487179487,-0.23076923076923078,-0.2179487179487179,SAME_DIRECTION_NEGATIVE,SAME_DIRECTION_POSITIVE,SAME_DIRECTION_NEGATIVE,MEDIUM_TERM_STRUCTURE_WEAKENING,MM_STRUCTURE_LONG_LIQUIDATION
2022-06-21,1834.5999755859373,-0.2948717948717948,-0.13461538461538458,-0.16025641025641024,0.1153846153846153,0.10897435897435892,0.0448717948717948,0.07692307692307686,0.038461538461538436,-0.1923076923076923,-0.2179487179487179,0.025641025641025605,SAME_DIRECTION_NEGATIVE,SAME_DIRECTION_POSITIVE,SAME_DIRECTION_NEGATIVE,MEDIUM_TERM_STRUCTURE_WEAKENING,MM_STRUCTURE_LONG_LIQUIDATION
2022-06-28,1817.5,-0.173076923076923,-0.2371794871794872,0.06410256410256421,0.1025641025641026,0.02564102564102566,0.0833333333333333,0.05448717948717948,0.04807692307692312,-0.141025641025641,-0.3397435897435897,0.1987179487179487,SAME_DIRECTION_NEGATIVE,SAME_DIRECTION_POSITIVE,SAME_DIRECTION_NEGATIVE,MEDIUM_TERM_STRUCTURE_WEAKENING,MM_STRUCTURE_LONG_LIQUIDATION
2022-07-05,1761.800048828125,-0.1346153846153846,-0.1858974358974359,0.051282051282051294,0.0961538461538461,0.07692307692307698,0.1858974358974359,0.13141025641025644,-0.03525641025641034,-0.1282051282051282,-0.3076923076923077,0.17948717948717952,SAME_DIRECTION_NEGATIVE,SAME_DIRECTION_POSITIVE,SAME_DIRECTION_NEGATIVE,MEDIUM_TERM_STRUCTURE_WEAKENING,MM_STRUCTURE_LONG_LIQUIDATION
2022-07-12,1723.300048828125,-0.0705128205128205,-0.1474358974358974,0.07692307692307691,0.0448717948717948,0.012820512820512775,0.0384615384615384,0.025641025641025588,0.019230769230769214,-0.0384615384615384,-0.2692307692307692,0.2307692307692308,SAME_DIRECTION_NEGATIVE,SAME_DIRECTION_POSITIVE,SAME_DIRECTION_NEGATIVE,MEDIUM_TERM_STRUCTURE_WEAKENING,MM_STRUCTURE_LONG_LIQUIDATION
2022-07-19,1710.0,-0.1346153846153846,-0.1602564102564102,0.025641025641025578,0.1282051282051282,0.0064102564102563875,0.0833333333333333,0.044871794871794844,0.08333333333333334,-0.1153846153846153,-0.26282051282051283,0.14743589743589752,SAME_DIRECTION_NEGATIVE,SAME_DIRECTION_POSITIVE,SAME_DIRECTION_NEGATIVE,MEDIUM_TERM_STRUCTURE_WEAKENING,MM_STRUCTURE_LONG_LIQUIDATION
2022-07-26,1717.699951171875,-0.0384615384615384,-0.44871794871794873,0.41025641025641035,0.0961538461538461,0.0,0.0128205128205127,0.00641025641025635,0.08974358974358976,-0.0705128205128205,-0.532051282051282,0.46153846153846156,SAME_DIRECTION_NEGATIVE,SAME_DIRECTION_POSITIVE,SAME_DIRECTION_NEGATIVE,MEDIUM_TERM_STRUCTURE_WEAKENING,MM_STRUCTURE_LONG_LIQUIDATION
2022-08-02,1771.0999755859375,-0.0384615384615384,-0.0256410256410256,-0.012820512820512803,0.1602564102564102,-0.03205128205128205,-0.0256410256410256,-0.028846153846153823,0.189102564102564,-0.0833333333333333,-0.108974358974359,0.025641025641025703,SAME_DIRECTION_NEGATIVE,BASELINE_POSITIVE_CANDIDATE_NEGATIVE,SAME_DIRECTION_NEGATIVE,MEDIUM_TERM_STRUCTURE_WEAKENING,MM_STRUCTURE_LONG_LIQUIDATION
2022-08-09,1794.0,0.0,-0.08333333333333329,0.08333333333333329,-0.1538461538461538,-0.1923076923076923,-0.1923076923076923,-0.1923076923076923,0.03846153846153849,0.0448717948717949,-0.17307692307692302,0.21794871794871792,MIXED_OR_UNCLEAR,SAME_DIRECTION_NEGATIVE,BASELINE_POSITIVE_CANDIDATE_NEGATIVE,MEDIUM_TERM_STRUCTURE_WEAKENING,MM_STRUCTURE_SHORT_COVERING_RALLY
2022-08-16,1773.199951171875,-0.0384615384615384,-0.532051282051282,0.49358974358974367,-0.0897435897435897,-0.14102564102564108,-0.1730769230769231,-0.1570512820512821,0.0673076923076924,-0.0064102564102564,-0.5192307692307693,0.5128205128205129,SAME_DIRECTION_NEGATIVE,SAME_DIRECTION_NEGATIVE,SAME_DIRECTION_NEGATIVE,MEDIUM_TERM_STRUCTURE_WEAKENING,MM_STRUCTURE_LONG_LIQUIDATION
2022-08-23,1746.800048828125,-0.0256410256410256,-0.7243589743589745,0.6987179487179489,-0.0384615384615385,0.14102564102564108,-0.0512820512820513,0.04487179487179489,-0.0833333333333334,0.0128205128205128,-0.6474358974358975,0.6602564102564102,SAME_DIRECTION_NEGATIVE,BASELINE_NEGATIVE_CANDIDATE_POSITIVE,BASELINE_POSITIVE_CANDIDATE_NEGATIVE,MEDIUM_TERM_STRUCTURE_WEAKENING,MM_STRUCTURE_SHORT_COVERING_RALLY
2022-08-30,1723.199951171875,0.0,-0.7371794871794872,0.7371794871794872,-0.032051282051282,0.1346153846153847,-0.0064102564102563,0.0641025641025642,-0.0961538461538462,0.0192307692307691,-0.6923076923076924,0.7115384615384615,MIXED_OR_UNCLEAR,BASELINE_NEGATIVE_CANDIDATE_POSITIVE,BASELINE_POSITIVE_CANDIDATE_NEGATIVE,MEDIUM_TERM_STRUCTURE_WEAKENING,MM_STRUCTURE_SHORT_COVERING_RALLY
2022-09-06,1700.4000244140625,0.0,-0.7307692307692307,0.7307692307692307,-0.0192307692307692,0.03205128205128205,0.173076923076923,0.10256410256410252,-0.12179487179487172,0.0128205128205128,-0.6794871794871795,0.6923076923076923,MIXED_OR_UNCLEAR,BASELINE_NEGATIVE_CANDIDATE_POSITIVE,BASELINE_POSITIVE_CANDIDATE_NEGATIVE,MEDIUM_TERM_STRUCTURE_WEAKENING,MM_STRUCTURE_SHORT_COVERING_RALLY
2022-09-13,1705.0,0.0,-0.6730769230769231,0.6730769230769231,-0.0128205128205127,0.02564102564102566,0.1602564102564103,0.09294871794871798,-0.10576923076923068,0.0128205128205128,-0.608974358974359,0.6217948717948718,MIXED_OR_UNCLEAR,BASELINE_NEGATIVE_CANDIDATE_POSITIVE,BASELINE_POSITIVE_CANDIDATE_NEGATIVE,MEDIUM_TERM_STRUCTURE_WEAKENING,MM_STRUCTURE_SHORT_COVERING_RALLY
2022-09-20,1659.699951171875,-0.0128205128205128,-0.5641025641025641,0.5512820512820513,0.0,0.019230769230769162,0.0512820512820513,0.03525641025641023,-0.03525641025641023,0.0,-0.5897435897435898,0.5897435897435898,SAME_DIRECTION_NEGATIVE,MIXED_OR_UNCLEAR,MIXED_OR_UNCLEAR,MEDIUM_TERM_STRUCTURE_WEAKENING,MM_STRUCTURE_NEUTRAL
2022-09-27,1626.699951171875,-0.0256410256410256,-0.5,0.4743589743589744,0.032051282051282,0.012820512820512775,0.0384615384615384,0.025641025641025588,0.006410256410256412,-0.0192307692307691,-0.5512820512820513,0.5320512820512823,SAME_DIRECTION_NEGATIVE,SAME_DIRECTION_POSITIVE,SAME_DIRECTION_NEGATIVE,MEDIUM_TERM_STRUCTURE_WEAKENING,MM_STRUCTURE_LONG_LIQUIDATION
2022-10-04,1721.0999755859375,-0.0128205128205128,-0.5000000000000001,0.48717948717948734,0.1474358974358974,-0.04487179487179482,-0.0256410256410255,-0.03525641025641016,0.18269230769230757,-0.0256410256410256,-0.4487179487179488,0.4230769230769232,SAME_DIRECTION_NEGATIVE,BASELINE_POSITIVE_CANDIDATE_NEGATIVE,SAME_DIRECTION_NEGATIVE,MEDIUM_TERM_STRUCTURE_WEAKENING,MM_STRUCTURE_LONG_LIQUIDATION
2022-10-11,1678.699951171875,-0.0256410256410256,-0.6538461538461539,0.6282051282051283,0.108974358974359,-0.06410256410256399,-0.0512820512820513,-0.05769230769230764,0.16666666666666663,-0.0064102564102564,-0.5448717948717949,0.5384615384615385,SAME_DIRECTION_NEGATIVE,BASELINE_POSITIVE_CANDIDATE_NEGATIVE,SAME_DIRECTION_NEGATIVE,MEDIUM_TERM_STRUCTURE_WEAKENING,MM_STRUCTURE_LONG_LIQUIDATION
2022-10-18,1649.0,-0.0192307692307692,-0.6025641025641025,0.5833333333333334,0.0256410256410256,0.019230769230769273,-0.0256410256410256,-0.0032051282051281625,0.02884615384615376,-0.0192307692307692,-0.45512820512820507,0.43589743589743585,SAME_DIRECTION_NEGATIVE,BOTH_NEAR_ZERO,SAME_DIRECTION_NEGATIVE,MEDIUM_TERM_STRUCTURE_WEAKENING,MM_STRUCTURE_LONG_LIQUIDATION
2022-10-25,1652.800048828125,-0.0128205128205128,-0.3653846153846153,0.35256410256410253,0.0192307692307691,0.04487179487179482,-0.0192307692307692,0.012820512820512811,0.006410256410256289,-0.0128205128205128,-0.24999999999999997,0.23717948717948717,SAME_DIRECTION_NEGATIVE,BOTH_NEAR_ZERO,SAME_DIRECTION_NEGATIVE,MEDIUM_TERM_STRUCTURE_WEAKENING,MM_STRUCTURE_LONG_LIQUIDATION
2022-11-01,1645.0,0.0192307692307692,-0.1987179487179487,0.2179487179487179,0.0192307692307692,0.02564102564102555,0.0448717948717948,0.03525641025641017,-0.016025641025640972,-0.0064102564102564,-0.1538461538461538,0.1474358974358974,BASELINE_POSITIVE_CANDIDATE_NEGATIVE,SAME_DIRECTION_POSITIVE,SAME_DIRECTION_NEGATIVE,MEDIUM_TERM_STRUCTURE_WEAKENING,MM_STRUCTURE_SHORT_BUILDING
2022-11-08,1712.0999755859375,0.0576923076923076,-0.08974358974358981,0.1474358974358974,-0.0256410256410256,-0.019230769230769273,0.0256410256410256,0.0032051282051281625,-0.02884615384615376,0.0384615384615383,-0.07692307692307701,0.11538461538461531,BASELINE_POSITIVE_CANDIDATE_NEGATIVE,BOTH_NEAR_ZERO,BASELINE_POSITIVE_CANDIDATE_NEGATIVE,MEDIUM_TERM_STRUCTURE_WEAKENING,MM_STRUCTURE_ACCUMULATION
2022-11-15,1773.800048828125,0.0897435897435897,0.019230769230769204,0.0705128205128205,-0.1666666666666666,-0.16666666666666663,-0.1410256410256409,-0.15384615384615377,-0.01282051282051283,0.1089743589743588,0.07051282051282048,0.03846153846153831,SAME_DIRECTION_POSITIVE,SAME_DIRECTION_NEGATIVE,SAME_DIRECTION_POSITIVE,MEDIUM_TERM_PARTICIPATION_BUILDING,MM_STRUCTURE_ACCUMULATION
2022-11-22,1738.300048828125,0.0833333333333333,-0.05128205128205131,0.1346153846153846,-0.141025641025641,-0.10256410256410264,-0.1217948717948718,-0.11217948717948723,-0.02884615384615377,0.1025641025641025,-0.012820512820512789,0.1153846153846153,BASELINE_POSITIVE_CANDIDATE_NEGATIVE,SAME_DIRECTION_NEGATIVE,BASELINE_POSITIVE_CANDIDATE_NEGATIVE,MEDIUM_TERM_STRUCTURE_WEAKENING,MM_STRUCTURE_ACCUMULATION
2022-11-29,1748.4000244140625,0.0384615384615384,0.006410256410256401,0.032051282051282,-0.0833333333333333,0.038461538461538436,-0.1282051282051282,-0.04487179487179488,-0.03846153846153842,0.0512820512820513,0.019230769230769204,0.0320512820512821,SAME_DIRECTION_POSITIVE,SAME_DIRECTION_NEGATIVE,SAME_DIRECTION_POSITIVE,MEDIUM_TERM_PARTICIPATION_BUILDING,MM_STRUCTURE_ACCUMULATION
2022-12-06,1769.300048828125,0.0961538461538461,0.03846153846153841,0.057692307692307696,-0.108974358974359,-0.03205128205128205,-0.1346153846153847,-0.08333333333333337,-0.025641025641025633,0.0705128205128206,0.019230769230769287,0.05128205128205131,SAME_DIRECTION_POSITIVE,SAME_DIRECTION_NEGATIVE,SAME_DIRECTION_POSITIVE,MEDIUM_TERM_PARTICIPATION_BUILDING,MM_STRUCTURE_ACCUMULATION
2022-12-13,1813.9000244140625,0.1602564102564102,0.1282051282051282,0.03205128205128199,-0.1858974358974359,-0.08333333333333337,-0.0448717948717949,-0.06410256410256414,-0.12179487179487176,0.1602564102564103,0.15384615384615388,0.006410256410256415,SAME_DIRECTION_POSITIVE,SAME_DIRECTION_NEGATIVE,SAME_DIRECTION_POSITIVE,MEDIUM_TERM_PARTICIPATION_BUILDING,MM_STRUCTURE_ACCUMULATION
2022-12-20,1815.9000244140625,0.1666666666666666,0.0961538461538461,0.0705128205128205,-0.1987179487179486,-0.04487179487179482,-0.0769230769230768,-0.06089743589743581,-0.13782051282051277,0.1730769230769231,0.1153846153846154,0.057692307692307696,SAME_DIRECTION_POSITIVE,SAME_DIRECTION_NEGATIVE,SAME_DIRECTION_POSITIVE,MEDIUM_TERM_PARTICIPATION_BUILDING,MM_STRUCTURE_ACCUMULATION
2022-12-27,1814.800048828125,0.1602564102564102,0.1346153846153847,0.025641025641025494,-0.3974358974358974,-0.1858974358974359,-0.2692307692307693,-0.2275641025641026,-0.16987179487179482,0.2499999999999999,0.23717948717948717,0.01282051282051272,SAME_DIRECTION_POSITIVE,SAME_DIRECTION_NEGATIVE,SAME_DIRECTION_POSITIVE,MEDIUM_TERM_PARTICIPATION_BUILDING,MM_STRUCTURE_ACCUMULATION
2023-01-03,1839.699951171875,0.1474358974358974,0.1923076923076923,-0.04487179487179488,-0.4038461538461538,-0.22435897435897434,-0.2692307692307691,-0.24679487179487172,-0.15705128205128208,0.2307692307692307,0.282051282051282,-0.051282051282051294,SAME_DIRECTION_POSITIVE,SAME_DIRECTION_NEGATIVE,SAME_DIRECTION_POSITIVE,MEDIUM_TERM_PARTICIPATION_BUILDING,MM_STRUCTURE_ACCUMULATION
2023-01-10,1871.5999755859373,0.1858974358974359,0.2756410256410256,-0.0897435897435897,-0.2756410256410256,-0.04487179487179482,-0.2307692307692307,-0.13782051282051277,-0.13782051282051283,0.2243589743589744,0.3333333333333333,-0.10897435897435892,SAME_DIRECTION_POSITIVE,SAME_DIRECTION_NEGATIVE,SAME_DIRECTION_POSITIVE,MEDIUM_TERM_PARTICIPATION_BUILDING,MM_STRUCTURE_ACCUMULATION
2023-01-17,1907.199951171875,0.2884615384615385,0.3717948717948718,-0.08333333333333331,-0.3012820512820512,0.0,-0.2243589743589743,-0.11217948717948716,-0.18910256410256404,0.2884615384615385,0.391025641025641,-0.10256410256410253,SAME_DIRECTION_POSITIVE,SAME_DIRECTION_NEGATIVE,SAME_DIRECTION_POSITIVE,MEDIUM_TERM_PARTICIPATION_BUILDING,MM_STRUCTURE_ACCUMULATION
2023-01-24,1933.9000244140625,0.4294871794871794,0.47435897435897434,-0.044871794871794934,-0.3782051282051282,-0.0641025641025641,-0.1089743589743589,-0.08653846153846151,-0.2916666666666667,0.3782051282051282,0.4679487179487179,-0.0897435897435897,SAME_DIRECTION_POSITIVE,SAME_DIRECTION_NEGATIVE,SAME_DIRECTION_POSITIVE,MEDIUM_TERM_PARTICIPATION_BUILDING,MM_STRUCTURE_ACCUMULATION
2023-01-31,1929.5,0.4807692307692308,0.5576923076923078,-0.07692307692307704,-0.2948717948717948,-0.02564102564102566,-0.0256410256410256,-0.02564102564102563,-0.2692307692307692,0.3974358974358974,0.5000000000000001,-0.1025641025641027,SAME_DIRECTION_POSITIVE,SAME_DIRECTION_NEGATIVE,SAME_DIRECTION_POSITIVE,MEDIUM_TERM_PARTICIPATION_BUILDING,MM_STRUCTURE_ACCUMULATION
2023-02-07,1871.699951171875,0.1089743589743589,0.23717948717948723,-0.1282051282051283,-0.1987179487179486,0.09615384615384615,0.032051282051282,0.06410256410256407,-0.26282051282051266,0.1474358974358974,0.25641025641025644,-0.10897435897435903,SAME_DIRECTION_POSITIVE,BASELINE_NEGATIVE_CANDIDATE_POSITIVE,SAME_DIRECTION_POSITIVE,MEDIUM_TERM_PARTICIPATION_BUILDING,MM_STRUCTURE_ACCUMULATION
2023-02-14,1854.0,0.0064102564102564,0.141025641025641,-0.1346153846153846,-0.0064102564102563,0.2435897435897436,0.2179487179487179,0.23076923076923075,-0.23717948717948706,0.0192307692307691,0.141025641025641,-0.12179487179487189,SAME_DIRECTION_POSITIVE,BASELINE_NEGATIVE_CANDIDATE_POSITIVE,SAME_DIRECTION_POSITIVE,MEDIUM_TERM_PARTICIPATION_BUILDING,MM_STRUCTURE_ACCUMULATION
2023-02-21,1833.0,-0.0128205128205128,0.1474358974358974,-0.16025641025641021,0.2051282051282051,0.21794871794871795,0.3141025641025641,0.266025641025641,-0.06089743589743593,-0.0897435897435897,0.13461538461538458,-0.22435897435897428,BASELINE_NEGATIVE_CANDIDATE_POSITIVE,SAME_DIRECTION_POSITIVE,BASELINE_NEGATIVE_CANDIDATE_POSITIVE,MEDIUM_TERM_PARTICIPATION_BUILDING,MM_STRUCTURE_LONG_LIQUIDATION
2023-02-28,1828.9000244140625,-0.0641025641025641,0.1282051282051282,-0.1923076923076923,0.2948717948717948,0.07692307692307687,0.3205128205128205,0.19871794871794868,0.09615384615384615,-0.1474358974358973,0.11538461538461539,-0.26282051282051266,BASELINE_NEGATIVE_CANDIDATE_POSITIVE,SAME_DIRECTION_POSITIVE,BASELINE_NEGATIVE_CANDIDATE_POSITIVE,MEDIUM_TERM_PARTICIPATION_BUILDING,MM_STRUCTURE_LONG_LIQUIDATION
2023-03-07,1813.9000244140625,-0.1153846153846153,0.1602564102564102,-0.2756410256410255,0.3653846153846154,0.11538461538461553,0.3333333333333333,0.22435897435897442,0.141025641025641,-0.2435897435897436,0.0769230769230769,-0.3205128205128205,BASELINE_NEGATIVE_CANDIDATE_POSITIVE,SAME_DIRECTION_POSITIVE,BASELINE_NEGATIVE_CANDIDATE_POSITIVE,MEDIUM_TERM_PARTICIPATION_BUILDING,MM_STRUCTURE_LONG_LIQUIDATION
2023-03-14,1906.199951171875,-0.0256410256410256,0.3461538461538461,-0.3717948717948717,0.0961538461538461,-0.19871794871794868,-0.1217948717948718,-0.16025641025641024,0.25641025641025633,-0.0384615384615384,0.33974358974358976,-0.37820512820512814,BASELINE_NEGATIVE_CANDIDATE_POSITIVE,BASELINE_POSITIVE_CANDIDATE_NEGATIVE,BASELINE_NEGATIVE_CANDIDATE_POSITIVE,MEDIUM_TERM_PARTICIPATION_BUILDING,MM_STRUCTURE_LONG_LIQUIDATION
2023-03-21,1938.0,-0.0512820512820512,0.4358974358974359,-0.4871794871794871,-0.2756410256410256,-0.7051282051282053,-0.5897435897435898,-0.6474358974358976,0.371794871794872,0.0576923076923077,0.5256410256410257,-0.46794871794871795,BASELINE_NEGATIVE_CANDIDATE_POSITIVE,SAME_DIRECTION_NEGATIVE,SAME_DIRECTION_POSITIVE,MEDIUM_TERM_PARTICIPATION_BUILDING,MM_STRUCTURE_SHORT_COVERING_RALLY
2023-03-28,1972.4000244140625,-0.0769230769230769,0.5064102564102564,-0.5833333333333333,-0.4743589743589743,-0.5961538461538463,-0.7948717948717948,-0.6955128205128205,0.2211538461538462,0.2115384615384615,0.7307692307692308,-0.5192307692307694,BASELINE_NEGATIVE_CANDIDATE_POSITIVE,SAME_DIRECTION_NEGATIVE,SAME_DIRECTION_POSITIVE,MEDIUM_TERM_PARTICIPATION_BUILDING,MM_STRUCTURE_SHORT_COVERING_RALLY
2023-04-04,2022.199951171875,0.4423076923076923,0.6923076923076924,-0.2500000000000001,-0.5256410256410257,-0.1538461538461538,-0.858974358974359,-0.5064102564102564,-0.019230769230769273,0.5192307692307692,0.8012820512820513,-0.28205128205128216,SAME_DIRECTION_POSITIVE,SAME_DIRECTION_NEGATIVE,SAME_DIRECTION_POSITIVE,MEDIUM_TERM_PARTICIPATION_BUILDING,MM_STRUCTURE_ACCUMULATION
2023-04-11,2004.800048828125,0.4102564102564103,0.576923076923077,-0.16666666666666669,-0.7371794871794872,-0.019230769230769197,-0.6153846153846154,-0.3173076923076923,-0.41987179487179493,0.5833333333333334,0.7307692307692308,-0.14743589743589747,SAME_DIRECTION_POSITIVE,SAME_DIRECTION_NEGATIVE,SAME_DIRECTION_POSITIVE,MEDIUM_TERM_PARTICIPATION_BUILDING,MM_STRUCTURE_ACCUMULATION
2023-04-18,2007.4000244140625,0.4615384615384615,0.6282051282051282,-0.16666666666666669,-0.7307692307692308,0.012820512820512803,-0.141025641025641,-0.0641025641025641,-0.6666666666666667,0.608974358974359,0.7628205128205129,-0.15384615384615385,SAME_DIRECTION_POSITIVE,SAME_DIRECTION_NEGATIVE,SAME_DIRECTION_POSITIVE,MEDIUM_TERM_PARTICIPATION_BUILDING,MM_STRUCTURE_ACCUMULATION
2023-04-25,1994.0,0.4679487179487179,0.6089743589743589,-0.14102564102564102,-0.7884615384615384,0.025641025641025696,0.0064102564102564,0.01602564102564105,-0.8044871794871795,0.6474358974358975,0.7756410256410257,-0.1282051282051282,SAME_DIRECTION_POSITIVE,BASELINE_NEGATIVE_CANDIDATE_POSITIVE,SAME_DIRECTION_POSITIVE,MEDIUM_TERM_PARTICIPATION_BUILDING,MM_STRUCTURE_ACCUMULATION
2023-05-02,2014.300048828125,0.5833333333333334,0.7243589743589745,-0.14102564102564108,-0.903846153846154,-0.057692307692307696,-0.0448717948717948,-0.05128205128205125,-0.8525641025641028,0.7948717948717949,0.8782051282051283,-0.08333333333333337,SAME_DIRECTION_POSITIVE,SAME_DIRECTION_NEGATIVE,SAME_DIRECTION_POSITIVE,MEDIUM_TERM_PARTICIPATION_BUILDING,MM_STRUCTURE_ACCUMULATION
2023-05-09,2036.199951171875,0.3974358974358974,0.685897435897436,-0.2884615384615386,-0.6025641025641025,-0.0128205128205129,0.0128205128205128,-5.0306980803327406e-17,-0.6025641025641025,0.5128205128205128,0.8141025641025642,-0.30128205128205143,SAME_DIRECTION_POSITIVE,SAME_DIRECTION_NEGATIVE,SAME_DIRECTION_POSITIVE,MEDIUM_TERM_PARTICIPATION_BUILDING,MM_STRUCTURE_ACCUMULATION
2023-05-16,1988.4000244140625,0.2564102564102564,0.6025641025641026,-0.34615384615384626,-0.1282051282051282,0.0705128205128205,0.0128205128205128,0.04166666666666665,-0.16987179487179485,0.2628205128205128,0.6794871794871795,-0.41666666666666674,SAME_DIRECTION_POSITIVE,BASELINE_NEGATIVE_CANDIDATE_POSITIVE,SAME_DIRECTION_POSITIVE,MEDIUM_TERM_PARTICIPATION_BUILDING,MM_STRUCTURE_ACCUMULATION
2023-05-23,1972.4000244140625,-0.0256410256410256,0.39743589743589747,-0.4230769230769231,0.0256410256410256,0.032051282051282104,0.0192307692307692,0.025641025641025654,-5.551115123125783e-17,-0.0512820512820513,0.576923076923077,-0.6282051282051283,BASELINE_NEGATIVE_CANDIDATE_POSITIVE,BOTH_NEAR_ZERO,BASELINE_NEGATIVE_CANDIDATE_POSITIVE,MEDIUM_TERM_PARTICIPATION_BUILDING,MM_STRUCTURE_LONG_LIQUIDATION
2023-05-30,1958.0,-0.3141025641025641,0.3397435897435898,-0.653846153846154,0.0256410256410256,0.0,0.0705128205128205,0.03525641025641025,-0.00961538461538465,-0.2371794871794872,0.5128205128205128,-0.75,BASELINE_NEGATIVE_CANDIDATE_POSITIVE,SAME_DIRECTION_POSITIVE,BASELINE_NEGATIVE_CANDIDATE_POSITIVE,MEDIUM_TERM_PARTICIPATION_BUILDING,MM_STRUCTURE_LOW_PARTICIPATION
2023-06-06,1965.5,-0.2051282051282051,0.27564102564102566,-0.4807692307692307,-0.0384615384615384,-0.0833333333333333,-0.0512820512820512,-0.06730769230769225,0.028846153846153848,-0.0961538461538461,0.5641025641025641,-0.6602564102564102,BASELINE_NEGATIVE_CANDIDATE_POSITIVE,SAME_DIRECTION_NEGATIVE,BASELINE_NEGATIVE_CANDIDATE_POSITIVE,MEDIUM_TERM_PARTICIPATION_BUILDING,MM_STRUCTURE_LOW_PARTICIPATION
2023-06-13,1944.5999755859373,-0.3846153846153846,0.08333333333333331,-0.4679487179487179,0.0064102564102564,-0.006410256410256401,-0.0064102564102564,-0.0064102564102564005,0.0128205128205128,-0.3076923076923077,0.2948717948717948,-0.6025641025641025,BASELINE_NEGATIVE_CANDIDATE_POSITIVE,BOTH_NEAR_ZERO,BASELINE_NEGATIVE_CANDIDATE_POSITIVE,MEDIUM_TERM_PARTICIPATION_BUILDING,MM_STRUCTURE_LOW_PARTICIPATION
2023-06-20,1935.5,-0.3653846153846153,0.0769230769230769,-0.4423076923076922,-0.0128205128205128,0.0512820512820512,-0.032051282051282,0.009615384615384599,-0.022435897435897398,-0.3012820512820513,0.3012820512820512,-0.6025641025641025,BASELINE_NEGATIVE_CANDIDATE_POSITIVE,BOTH_NEAR_ZERO,BASELINE_NEGATIVE_CANDIDATE_POSITIVE,MEDIUM_TERM_PARTICIPATION_BUILDING,MM_STRUCTURE_LOW_PARTICIPATION
2023-06-27,1914.0,-0.5256410256410257,0.03846153846153841,-0.5641025641025641,0.1025641025641025,0.038461538461538394,0.032051282051282,0.0352564102564102,0.0673076923076923,-0.4423076923076924,0.1858974358974359,-0.6282051282051283,BASELINE_NEGATIVE_CANDIDATE_POSITIVE,SAME_DIRECTION_POSITIVE,BASELINE_NEGATIVE_CANDIDATE_POSITIVE,MEDIUM_TERM_PARTICIPATION_BUILDING,MM_STRUCTURE_LOW_PARTICIPATION
2023-07-03,1921.699951171875,-0.3141025641025641,0.2243589743589743,-0.5384615384615384,0.0961538461538461,0.09615384615384621,0.1474358974358974,0.1217948717948718,-0.025641025641025703,-0.2884615384615384,0.294871794871795,-0.5833333333333334,BASELINE_NEGATIVE_CANDIDATE_POSITIVE,SAME_DIRECTION_POSITIVE,BASELINE_NEGATIVE_CANDIDATE_POSITIVE,MEDIUM_TERM_PARTICIPATION_BUILDING,MM_STRUCTURE_LONG_LIQUIDATION
2023-07-11,1931.300048828125,-0.2307692307692307,0.1858974358974359,-0.41666666666666663,0.0833333333333333,0.051282051282051294,0.0897435897435897,0.0705128205128205,0.012820512820512803,-0.2115384615384614,0.24358974358974367,-0.45512820512820507,BASELINE_NEGATIVE_CANDIDATE_POSITIVE,SAME_DIRECTION_POSITIVE,BASELINE_NEGATIVE_CANDIDATE_POSITIVE,MEDIUM_TERM_PARTICIPATION_BUILDING,MM_STRUCTURE_LONG_LIQUIDATION
2023-07-18,1977.199951171875,0.3525641025641026,0.46153846153846156,-0.10897435897435898,-0.0512820512820512,-0.11538461538461542,-0.0192307692307692,-0.0673076923076923,0.016025641025641107,0.2564102564102565,0.5448717948717949,-0.28846153846153844,SAME_DIRECTION_POSITIVE,SAME_DIRECTION_NEGATIVE,SAME_DIRECTION_POSITIVE,MEDIUM_TERM_PARTICIPATION_BUILDING,MM_STRUCTURE_CROWDED_LONG
2023-07-25,1962.0999755859373,0.2051282051282051,0.11538461538461542,0.08974358974358967,0.0128205128205128,-0.07051282051282048,-0.0192307692307692,-0.044871794871794844,0.05769230769230764,0.1346153846153847,0.26923076923076933,-0.13461538461538464,SAME_DIRECTION_POSITIVE,BASELINE_POSITIVE_CANDIDATE_NEGATIVE,SAME_DIRECTION_POSITIVE,MEDIUM_TERM_PARTICIPATION_BUILDING,MM_STRUCTURE_NEUTRAL
2023-08-01,1940.699951171875,0.0576923076923077,-0.14743589743589747,0.20512820512820518,0.2051282051282051,0.1730769230769231,0.0576923076923076,0.11538461538461535,0.08974358974358974,-0.1538461538461538,0.012820512820512775,-0.16666666666666657,BASELINE_POSITIVE_CANDIDATE_NEGATIVE,SAME_DIRECTION_POSITIVE,BASELINE_NEGATIVE_CANDIDATE_POSITIVE,SHORT_TERM_RECOVERY_MEDIUM_TERM_UNCONFIRMED,MM_STRUCTURE_SHORT_BUILDING
2023-08-08,1924.0999755859373,0.0576923076923076,0.03205128205128199,0.025641025641025605,0.4743589743589744,0.4551282051282052,0.3846153846153846,0.4198717948717949,0.054487179487179516,-0.1282051282051282,0.019230769230769162,-0.14743589743589736,SAME_DIRECTION_POSITIVE,SAME_DIRECTION_POSITIVE,BASELINE_NEGATIVE_CANDIDATE_POSITIVE,MEDIUM_TERM_PARTICIPATION_BUILDING,MM_STRUCTURE_SHORT_BUILDING
2023-08-15,1902.5,0.0512820512820512,0.12179487179487189,-0.07051282051282069,0.8461538461538461,0.6923076923076924,0.8653846153846154,0.778846153846154,0.06730769230769218,-0.3269230769230769,-0.04487179487179491,-0.28205128205128205,SAME_DIRECTION_POSITIVE,SAME_DIRECTION_POSITIVE,SAME_DIRECTION_NEGATIVE,SHORT_TERM_RECOVERY_MEDIUM_TERM_UNCONFIRMED,MM_STRUCTURE_SHORT_BUILDING
2023-08-22,1896.4000244140625,-0.0256410256410256,0.02564102564102569,-0.05128205128205129,0.8141025641025641,0.3782051282051283,0.8333333333333334,0.6057692307692308,0.20833333333333326,-0.358974358974359,-0.08333333333333329,-0.27564102564102566,BOTH_NEAR_ZERO,SAME_DIRECTION_POSITIVE,SAME_DIRECTION_NEGATIVE,MIXED_STRUCTURE,MM_STRUCTURE_LONG_LIQUIDATION
2023-08-29,1936.5,-0.0128205128205127,0.27564102564102566,-0.2884615384615384,0.7371794871794871,-0.012820512820512886,0.6794871794871795,0.3333333333333333,0.4038461538461538,-0.358974358974359,0.08333333333333331,-0.4423076923076923,BASELINE_NEGATIVE_CANDIDATE_POSITIVE,SAME_DIRECTION_POSITIVE,BASELINE_NEGATIVE_CANDIDATE_POSITIVE,MEDIUM_TERM_PARTICIPATION_BUILDING,MM_STRUCTURE_LONG_LIQUIDATION
2023-09-05,1926.199951171875,-0.0448717948717948,0.2564102564102565,-0.3012820512820513,0.608974358974359,-0.15384615384615397,0.2243589743589743,0.03525641025641017,0.5737179487179489,-0.2884615384615385,0.1987179487179488,-0.4871794871794873,BASELINE_NEGATIVE_CANDIDATE_POSITIVE,SAME_DIRECTION_POSITIVE,BASELINE_NEGATIVE_CANDIDATE_POSITIVE,MEDIUM_TERM_PARTICIPATION_BUILDING,MM_STRUCTURE_LONG_LIQUIDATION
2023-09-12,1911.300048828125,-0.4487179487179487,0.03846153846153849,-0.48717948717948717,0.8525641025641025,0.0,-0.0128205128205128,-0.0064102564102564,0.8589743589743589,-0.7628205128205129,-0.1794871794871795,-0.5833333333333334,BASELINE_NEGATIVE_CANDIDATE_POSITIVE,BASELINE_POSITIVE_CANDIDATE_NEGATIVE,SAME_DIRECTION_NEGATIVE,MIXED_STRUCTURE,MM_STRUCTURE_LONG_LIQUIDATION
2023-09-19,1932.0,-0.1602564102564102,0.0064102564102563875,-0.16666666666666657,0.7435897435897436,0.0641025641025641,-0.0897435897435897,-0.012820512820512803,0.7564102564102564,-0.4551282051282052,-0.24358974358974367,-0.2115384615384615,BASELINE_NEGATIVE_CANDIDATE_POSITIVE,BASELINE_POSITIVE_CANDIDATE_NEGATIVE,SAME_DIRECTION_NEGATIVE,MIXED_STRUCTURE,MM_STRUCTURE_LONG_LIQUIDATION
2023-09-26,1900.4000244140625,-0.1153846153846153,-0.1858974358974359,0.07051282051282061,0.7179487179487181,0.03846153846153866,0.0384615384615385,0.038461538461538575,0.6794871794871795,-0.3974358974358974,-0.5961538461538463,0.19871794871794884,SAME_DIRECTION_NEGATIVE,SAME_DIRECTION_POSITIVE,SAME_DIRECTION_NEGATIVE,MEDIUM_TERM_STRUCTURE_WEAKENING,MM_STRUCTURE_LONG_LIQUIDATION
2023-10-03,1824.5999755859373,-0.1474358974358974,-0.5576923076923077,0.4102564102564103,0.4038461538461538,0.11538461538461542,0.1794871794871795,0.14743589743589747,0.25641025641025633,-0.282051282051282,-0.782051282051282,0.5,SAME_DIRECTION_NEGATIVE,SAME_DIRECTION_POSITIVE,SAME_DIRECTION_NEGATIVE,MEDIUM_TERM_STRUCTURE_WEAKENING,MM_STRUCTURE_LONG_LIQUIDATION
2023-10-10,1861.0,-0.1858974358974359,-0.47435897435897445,0.28846153846153855,0.1025641025641025,0.07692307692307676,0.1153846153846154,0.09615384615384609,0.006410256410256415,-0.1282051282051282,-0.7564102564102564,0.6282051282051282,SAME_DIRECTION_NEGATIVE,SAME_DIRECTION_POSITIVE,SAME_DIRECTION_NEGATIVE,MEDIUM_TERM_STRUCTURE_WEAKENING,MM_STRUCTURE_LONG_LIQUIDATION
2023-10-17,1922.699951171875,0.0,-0.4358974358974359,0.4358974358974359,-0.0384615384615384,-0.0641025641025641,0.0512820512820513,-0.006410256410256398,-0.03205128205128201,0.0384615384615384,-0.6538461538461539,0.6923076923076923,MIXED_OR_UNCLEAR,SAME_DIRECTION_NEGATIVE,BASELINE_POSITIVE_CANDIDATE_NEGATIVE,MEDIUM_TERM_STRUCTURE_WEAKENING,MM_STRUCTURE_SHORT_COVERING_RALLY
2023-10-24,1975.0,0.0769230769230769,-0.11538461538461531,0.1923076923076922,-0.173076923076923,-0.28846153846153844,-0.2115384615384615,-0.24999999999999997,0.07692307692307698,0.1602564102564102,-0.40384615384615385,0.5641025641025641,BASELINE_POSITIVE_CANDIDATE_NEGATIVE,SAME_DIRECTION_NEGATIVE,BASELINE_POSITIVE_CANDIDATE_NEGATIVE,MEDIUM_TERM_STRUCTURE_WEAKENING,MM_STRUCTURE_ACCUMULATION
2023-10-31,1985.199951171875,0.3974358974358974,0.07051282051282048,0.3269230769230769,-0.0961538461538461,-0.21153846153846156,-0.2756410256410256,-0.24358974358974358,0.14743589743589747,0.2692307692307692,-0.326923076923077,0.5961538461538463,SAME_DIRECTION_POSITIVE,SAME_DIRECTION_NEGATIVE,BASELINE_POSITIVE_CANDIDATE_NEGATIVE,SHORT_TERM_RECOVERY_MEDIUM_TERM_UNCONFIRMED,MM_STRUCTURE_ACCUMULATION
2023-11-07,1966.800048828125,0.4294871794871794,0.07051282051282048,0.3589743589743589,-0.2307692307692307,-0.05769230769230771,-0.3461538461538461,-0.2019230769230769,-0.0288461538461538,0.423076923076923,-0.2692307692307693,0.6923076923076923,SAME_DIRECTION_POSITIVE,SAME_DIRECTION_NEGATIVE,BASELINE_POSITIVE_CANDIDATE_NEGATIVE,SHORT_TERM_RECOVERY_MEDIUM_TERM_UNCONFIRMED,MM_STRUCTURE_ACCUMULATION
2023-11-14,1961.800048828125,0.25,0.0,0.25,-0.1153846153846154,0.04487179487179482,-0.1666666666666667,-0.060897435897435945,-0.05448717948717946,0.1923076923076924,-0.31410256410256404,0.5064102564102564,MIXED_OR_UNCLEAR,SAME_DIRECTION_NEGATIVE,BASELINE_POSITIVE_CANDIDATE_NEGATIVE,SHORT_TERM_RECOVERY_MEDIUM_TERM_UNCONFIRMED,MM_STRUCTURE_ACCUMULATION
2023-11-21,1999.300048828125,0.5448717948717949,0.38461538461538464,0.1602564102564103,-0.25,0.019230769230769273,-0.0384615384615384,-0.009615384615384564,-0.24038461538461545,0.4743589743589744,-0.07051282051282048,0.5448717948717949,SAME_DIRECTION_POSITIVE,SAME_DIRECTION_NEGATIVE,BASELINE_POSITIVE_CANDIDATE_NEGATIVE,SHORT_TERM_RECOVERY_MEDIUM_TERM_UNCONFIRMED,MM_STRUCTURE_ACCUMULATION
2023-11-28,2039.699951171875,0.8205128205128205,0.5769230769230771,0.2435897435897434,-0.5064102564102564,-0.2756410256410256,-0.2307692307692307,-0.25320512820512814,-0.25320512820512825,0.8717948717948719,0.3269230769230771,0.5448717948717948,SAME_DIRECTION_POSITIVE,SAME_DIRECTION_NEGATIVE,SAME_DIRECTION_POSITIVE,MEDIUM_TERM_PARTICIPATION_BUILDING,MM_STRUCTURE_CROWDED_LONG
2023-12-05,2018.5,0.8333333333333333,0.5641025641025642,0.26923076923076905,-0.6282051282051282,-0.3012820512820513,-0.282051282051282,-0.29166666666666663,-0.33653846153846156,0.8717948717948719,0.21153846153846168,0.6602564102564102,SAME_DIRECTION_POSITIVE,SAME_DIRECTION_NEGATIVE,SAME_DIRECTION_POSITIVE,MEDIUM_TERM_PARTICIPATION_BUILDING,MM_STRUCTURE_CROWDED_LONG
2023-12-12,1977.800048828125,0.6987179487179488,0.6474358974358976,0.05128205128205121,-0.4615384615384615,-0.019230769230769218,-0.2948717948717948,-0.15705128205128202,-0.3044871794871795,0.6602564102564102,0.31410256410256415,0.3461538461538461,SAME_DIRECTION_POSITIVE,SAME_DIRECTION_NEGATIVE,SAME_DIRECTION_POSITIVE,MEDIUM_TERM_PARTICIPATION_BUILDING,MM_STRUCTURE_ACCUMULATION
2023-12-19,2038.4000244140625,0.423076923076923,0.6730769230769231,-0.2500000000000001,-0.4166666666666667,-0.07692307692307693,-0.3782051282051282,-0.22756410256410256,-0.18910256410256412,0.5,0.39743589743589747,0.10256410256410253,SAME_DIRECTION_POSITIVE,SAME_DIRECTION_NEGATIVE,SAME_DIRECTION_POSITIVE,MEDIUM_TERM_PARTICIPATION_BUILDING,MM_STRUCTURE_CROWDED_LONG
2023-12-26,2058.199951171875,0.1025641025641025,0.6987179487179487,-0.5961538461538461,-0.4230769230769231,-0.17307692307692313,-0.1923076923076923,-0.1826923076923077,-0.24038461538461536,0.3012820512820513,0.41666666666666674,-0.11538461538461542,SAME_DIRECTION_POSITIVE,SAME_DIRECTION_NEGATIVE,SAME_DIRECTION_POSITIVE,MEDIUM_TERM_PARTICIPATION_BUILDING,MM_STRUCTURE_CROWDED_LONG
2024-01-02,2064.39990234375,0.108974358974359,0.49358974358974383,-0.3846153846153848,-0.3974358974358974,-0.03846153846153849,-0.1153846153846154,-0.07692307692307696,-0.3205128205128205,0.3012820512820514,0.3205128205128206,-0.019230769230769218,SAME_DIRECTION_POSITIVE,SAME_DIRECTION_NEGATIVE,SAME_DIRECTION_POSITIVE,MEDIUM_TERM_PARTICIPATION_BUILDING,MM_STRUCTURE_CROWDED_LONG
2024-01-09,2026.4000244140625,0.0064102564102563,0.23717948717948717,-0.23076923076923087,-0.4615384615384615,0.006410256410256443,-0.1666666666666666,-0.08012820512820508,-0.38141025641025644,0.2499999999999999,0.14743589743589736,0.10256410256410253,SAME_DIRECTION_POSITIVE,SAME_DIRECTION_NEGATIVE,SAME_DIRECTION_POSITIVE,MEDIUM_TERM_PARTICIPATION_BUILDING,MM_STRUCTURE_ACCUMULATION
2024-01-16,2026.0,-0.2243589743589743,-0.1923076923076923,-0.03205128205128202,-0.3461538461538462,0.07051282051282054,0.032051282051282,0.051282051282051266,-0.39743589743589747,0.0576923076923077,-0.2692307692307693,0.326923076923077,SAME_DIRECTION_NEGATIVE,BASELINE_NEGATIVE_CANDIDATE_POSITIVE,BASELINE_POSITIVE_CANDIDATE_NEGATIVE,MEDIUM_TERM_STRUCTURE_WEAKENING,MM_STRUCTURE_SHORT_COVERING_RALLY
2024-01-23,2023.699951171875,-0.6794871794871795,-0.30769230769230765,-0.37179487179487186,-0.0769230769230769,0.10897435897435898,0.1153846153846153,0.11217948717948714,-0.18910256410256404,-0.4935897435897437,-0.3012820512820513,-0.1923076923076924,SAME_DIRECTION_NEGATIVE,BASELINE_NEGATIVE_CANDIDATE_POSITIVE,SAME_DIRECTION_NEGATIVE,MEDIUM_TERM_STRUCTURE_WEAKENING,MM_STRUCTURE_LOW_PARTICIPATION
2024-01-30,2031.5,-0.6987179487179487,-0.1923076923076924,-0.5064102564102563,0.032051282051282,0.07692307692307687,0.1474358974358974,0.11217948717948714,-0.08012820512820515,-0.512820512820513,-0.1474358974358974,-0.3653846153846156,SAME_DIRECTION_NEGATIVE,SAME_DIRECTION_POSITIVE,SAME_DIRECTION_NEGATIVE,MEDIUM_TERM_STRUCTURE_WEAKENING,MM_STRUCTURE_LONG_LIQUIDATION
2024-02-06,2034.5,-0.5448717948717949,0.04487179487179488,-0.5897435897435899,-0.1602564102564102,-0.10256410256410259,0.0064102564102564,-0.048076923076923093,-0.11217948717948709,-0.2628205128205128,0.17948717948717957,-0.44230769230769235,BASELINE_NEGATIVE_CANDIDATE_POSITIVE,SAME_DIRECTION_NEGATIVE,BASELINE_NEGATIVE_CANDIDATE_POSITIVE,MEDIUM_TERM_PARTICIPATION_BUILDING,MM_STRUCTURE_LOW_PARTICIPATION
2024-02-13,1992.9000244140625,-0.75,-0.12820512820512828,-0.6217948717948717,0.3974358974358974,0.2884615384615385,0.3653846153846153,0.32692307692307687,0.07051282051282054,-0.6794871794871795,0.04487179487179491,-0.7243589743589745,SAME_DIRECTION_NEGATIVE,SAME_DIRECTION_POSITIVE,BASELINE_NEGATIVE_CANDIDATE_POSITIVE,MIXED_STRUCTURE,MM_STRUCTURE_LONG_LIQUIDATION
2024-02-20,2027.5,-0.7692307692307692,-0.04487179487179488,-0.7243589743589742,0.0833333333333333,0.07051282051282048,-0.032051282051282,0.019230769230769242,0.06410256410256406,-0.5256410256410258,0.25,-0.7756410256410258,SAME_DIRECTION_NEGATIVE,SAME_DIRECTION_POSITIVE,BASELINE_NEGATIVE_CANDIDATE_POSITIVE,MIXED_STRUCTURE,MM_STRUCTURE_LOW_PARTICIPATION
2024-02-27,2034.0,-0.7179487179487181,-0.2115384615384616,-0.5064102564102565,0.0705128205128205,-0.36538461538461536,-0.0769230769230769,-0.22115384615384615,0.29166666666666663,-0.5000000000000002,0.1794871794871795,-0.6794871794871797,SAME_DIRECTION_NEGATIVE,BASELINE_POSITIVE_CANDIDATE_NEGATIVE,BASELINE_NEGATIVE_CANDIDATE_POSITIVE,MIXED_STRUCTURE,MM_STRUCTURE_LOW_PARTICIPATION
2024-03-05,2133.5,0.1666666666666667,0.44871794871794873,-0.28205128205128205,-0.2051282051282051,-0.282051282051282,-0.2115384615384615,-0.24679487179487175,0.04166666666666666,0.1794871794871795,0.6153846153846154,-0.4358974358974359,SAME_DIRECTION_POSITIVE,SAME_DIRECTION_NEGATIVE,SAME_DIRECTION_POSITIVE,MEDIUM_TERM_PARTICIPATION_BUILDING,MM_STRUCTURE_CROWDED_LONG
2024-03-12,2160.39990234375,0.3333333333333332,0.5897435897435899,-0.25641025641025667,-0.282051282051282,-0.2820512820512821,-0.6474358974358975,-0.46474358974358976,0.18269230769230776,0.3076923076923077,0.8012820512820513,-0.4935897435897436,SAME_DIRECTION_POSITIVE,SAME_DIRECTION_NEGATIVE,SAME_DIRECTION_POSITIVE,MEDIUM_TERM_PARTICIPATION_BUILDING,MM_STRUCTURE_CROWDED_LONG
2024-03-19,2156.300048828125,0.6730769230769231,0.5256410256410257,0.14743589743589747,-0.3653846153846153,-0.051282051282051294,-0.3333333333333333,-0.1923076923076923,-0.17307692307692302,0.5448717948717949,0.6987179487179489,-0.15384615384615397,SAME_DIRECTION_POSITIVE,SAME_DIRECTION_NEGATIVE,SAME_DIRECTION_POSITIVE,MEDIUM_TERM_PARTICIPATION_BUILDING,MM_STRUCTURE_CROWDED_LONG
2024-03-26,2175.60009765625,0.6923076923076923,0.6153846153846155,0.07692307692307676,-0.4038461538461538,-0.0448717948717948,-0.3269230769230769,-0.18589743589743588,-0.21794871794871792,0.5705128205128205,0.8205128205128206,-0.2500000000000001,SAME_DIRECTION_POSITIVE,SAME_DIRECTION_NEGATIVE,SAME_DIRECTION_POSITIVE,MEDIUM_TERM_PARTICIPATION_BUILDING,MM_STRUCTURE_CROWDED_LONG
2024-04-02,2261.0,0.6217948717948718,0.8141025641025641,-0.1923076923076923,-0.2756410256410256,-0.0128205128205128,-0.0641025641025641,-0.03846153846153845,-0.23717948717948717,0.4679487179487179,0.9294871794871795,-0.4615384615384616,SAME_DIRECTION_POSITIVE,SAME_DIRECTION_NEGATIVE,SAME_DIRECTION_POSITIVE,MEDIUM_TERM_PARTICIPATION_BUILDING,MM_STRUCTURE_CROWDED_LONG
2024-04-09,2343.5,0.8076923076923077,0.8653846153846155,-0.05769230769230782,-0.6282051282051282,0.0641025641025641,0.0192307692307692,0.04166666666666665,-0.6698717948717948,0.7628205128205129,0.9358974358974359,-0.17307692307692302,SAME_DIRECTION_POSITIVE,BASELINE_NEGATIVE_CANDIDATE_POSITIVE,SAME_DIRECTION_POSITIVE,MEDIUM_TERM_PARTICIPATION_BUILDING,MM_STRUCTURE_CROWDED_LONG
2024-04-16,2390.800048828125,0.8012820512820512,0.7564102564102565,0.04487179487179471,-0.25,0.0961538461538461,0.0833333333333333,0.0897435897435897,-0.3397435897435897,0.6025641025641026,0.8141025641025642,-0.21153846153846156,SAME_DIRECTION_POSITIVE,BASELINE_NEGATIVE_CANDIDATE_POSITIVE,SAME_DIRECTION_POSITIVE,MEDIUM_TERM_PARTICIPATION_BUILDING,MM_STRUCTURE_CROWDED_LONG
2024-04-23,2327.699951171875,0.7692307692307692,0.48076923076923084,0.2884615384615383,-0.2435897435897436,0.019230769230769204,0.0833333333333333,0.05128205128205125,-0.2948717948717949,0.5641025641025641,0.5833333333333334,-0.019230769230769273,SAME_DIRECTION_POSITIVE,BASELINE_NEGATIVE_CANDIDATE_POSITIVE,SAME_DIRECTION_POSITIVE,MEDIUM_TERM_PARTICIPATION_BUILDING,MM_STRUCTURE_CROWDED_LONG
2024-04-30,2291.39990234375,0.0769230769230768,0.1282051282051283,-0.0512820512820515,0.0833333333333333,0.05128205128205131,0.1474358974358974,0.09935897435897437,-0.016025641025641066,0.0256410256410257,0.3717948717948719,-0.3461538461538462,SAME_DIRECTION_POSITIVE,SAME_DIRECTION_POSITIVE,SAME_DIRECTION_POSITIVE,MEDIUM_TERM_PARTICIPATION_BUILDING,MM_STRUCTURE_CROWDED_LONG
2024-05-07,2315.199951171875,-0.0705128205128204,0.08974358974358987,-0.16025641025641027,0.1602564102564102,0.12179487179487179,0.141025641025641,0.1314102564102564,0.0288461538461538,-0.0641025641025642,0.3141025641025641,-0.3782051282051283,BASELINE_NEGATIVE_CANDIDATE_POSITIVE,SAME_DIRECTION_POSITIVE,BASELINE_NEGATIVE_CANDIDATE_POSITIVE,MEDIUM_TERM_PARTICIPATION_BUILDING,MM_STRUCTURE_CROWDED_LONG
2024-05-14,2353.39990234375,-0.0256410256410256,0.2500000000000001,-0.2756410256410257,0.2243589743589743,0.08974358974358967,0.141025641025641,0.11538461538461534,0.10897435897435898,-0.0641025641025639,0.44230769230769246,-0.5064102564102564,BASELINE_NEGATIVE_CANDIDATE_POSITIVE,SAME_DIRECTION_POSITIVE,BASELINE_NEGATIVE_CANDIDATE_POSITIVE,MEDIUM_TERM_PARTICIPATION_BUILDING,MM_STRUCTURE_CROWDED_LONG
2024-05-21,2421.699951171875,0.0641025641025641,0.13461538461538458,-0.07051282051282048,0.2564102564102564,0.051282051282051294,0.173076923076923,0.11217948717948714,0.14423076923076925,0.032051282051282,0.3782051282051282,-0.3461538461538462,SAME_DIRECTION_POSITIVE,SAME_DIRECTION_POSITIVE,SAME_DIRECTION_POSITIVE,MEDIUM_TERM_PARTICIPATION_BUILDING,MM_STRUCTURE_CROWDED_LONG
2024-05-28,2355.199951171875,-0.0128205128205127,-0.019230769230769273,0.006410256410256573,0.0,-0.2371794871794871,-0.1474358974358974,-0.19230769230769224,0.19230769230769224,0.0064102564102563,0.06410256410256399,-0.05769230769230769,BOTH_NEAR_ZERO,MIXED_OR_UNCLEAR,SAME_DIRECTION_POSITIVE,SHORT_TERM_RECOVERY_MEDIUM_TERM_UNCONFIRMED,MM_STRUCTURE_CROWDED_LONG
2024-06-04,2325.5,-0.0448717948717948,-0.012820512820512775,-0.03205128205128203,-0.0641025641025641,-0.2564102564102564,-0.2051282051282051,-0.23076923076923073,0.16666666666666663,0.032051282051282,0.09615384615384603,-0.06410256410256404,SAME_DIRECTION_NEGATIVE,SAME_DIRECTION_NEGATIVE,SAME_DIRECTION_POSITIVE,SHORT_TERM_RECOVERY_MEDIUM_TERM_UNCONFIRMED,MM_STRUCTURE_CROWDED_LONG
2024-06-11,2307.5,-0.0512820512820512,0.0064102564102563875,-0.057692307692307584,-0.0961538461538461,0.0,-0.2371794871794871,-0.11858974358974354,0.02243589743589744,0.0576923076923076,0.21153846153846156,-0.15384615384615397,BASELINE_NEGATIVE_CANDIDATE_POSITIVE,SAME_DIRECTION_NEGATIVE,SAME_DIRECTION_POSITIVE,MEDIUM_TERM_PARTICIPATION_BUILDING,MM_STRUCTURE_CROWDED_LONG
2024-06-18,2330.39990234375,-0.0064102564102563,0.05128205128205132,-0.05769230769230762,-0.0769230769230769,0.0064102564102564,-0.2499999999999999,-0.12179487179487175,0.04487179487179485,0.032051282051282,0.11538461538461542,-0.08333333333333343,BASELINE_NEGATIVE_CANDIDATE_POSITIVE,SAME_DIRECTION_NEGATIVE,SAME_DIRECTION_POSITIVE,MEDIUM_TERM_PARTICIPATION_BUILDING,MM_STRUCTURE_CROWDED_LONG
2024-06-25,2316.60009765625,0.0128205128205128,0.03846153846153855,-0.025641025641025748,-0.141025641025641,0.0064102564102564,0.0064102564102564,0.0064102564102564,-0.14743589743589738,0.0576923076923076,0.1282051282051282,-0.0705128205128206,SAME_DIRECTION_POSITIVE,BASELINE_NEGATIVE_CANDIDATE_POSITIVE,SAME_DIRECTION_POSITIVE,MEDIUM_TERM_PARTICIPATION_BUILDING,MM_STRUCTURE_CROWDED_LONG
2024-07-02,2323.0,-0.032051282051282,-0.05128205128205143,0.019230769230769433,-0.1923076923076923,0.0064102564102564,0.0128205128205128,0.009615384615384599,-0.2019230769230769,0.0576923076923078,0.07051282051282048,-0.012820512820512685,SAME_DIRECTION_NEGATIVE,BASELINE_NEGATIVE_CANDIDATE_POSITIVE,SAME_DIRECTION_POSITIVE,SHORT_TERM_RECOVERY_MEDIUM_TERM_UNCONFIRMED,MM_STRUCTURE_CROWDED_LONG
2024-07-09,2360.10009765625,0.032051282051282,0.27564102564102577,-0.24358974358974378,-0.2051282051282051,0.0256410256410256,0.032051282051282,0.0288461538461538,-0.2339743589743589,0.0641025641025639,0.2564102564102565,-0.1923076923076926,SAME_DIRECTION_POSITIVE,BASELINE_NEGATIVE_CANDIDATE_POSITIVE,SAME_DIRECTION_POSITIVE,MEDIUM_TERM_PARTICIPATION_BUILDING,MM_STRUCTURE_CROWDED_LONG
2024-07-16,2462.39990234375,0.0,0.3589743589743589,-0.3589743589743589,-0.1666666666666666,0.0769230769230769,0.0833333333333333,0.0801282051282051,-0.2467948717948717,0.0064102564102563,0.32692307692307687,-0.3205128205128206,MIXED_OR_UNCLEAR,BASELINE_NEGATIVE_CANDIDATE_POSITIVE,SAME_DIRECTION_POSITIVE,MEDIUM_TERM_PARTICIPATION_BUILDING,MM_STRUCTURE_CROWDED_LONG
2024-07-23,2404.60009765625,0.0384615384615384,0.6987179487179487,-0.6602564102564102,0.1538461538461538,0.1217948717948718,0.1474358974358974,0.1346153846153846,0.01923076923076919,-0.0064102564102563,0.5512820512820513,-0.5576923076923076,SAME_DIRECTION_POSITIVE,SAME_DIRECTION_POSITIVE,BASELINE_NEGATIVE_CANDIDATE_POSITIVE,MEDIUM_TERM_PARTICIPATION_BUILDING,MM_STRUCTURE_CROWDED_LONG
2024-07-30,2405.0,0.0448717948717948,0.730769230769231,-0.6858974358974361,0.1346153846153846,0.04487179487179491,0.1217948717948717,0.0833333333333333,0.05128205128205131,-0.0384615384615384,0.5705128205128205,-0.6089743589743589,SAME_DIRECTION_POSITIVE,SAME_DIRECTION_POSITIVE,BASELINE_NEGATIVE_CANDIDATE_POSITIVE,MEDIUM_TERM_PARTICIPATION_BUILDING,MM_STRUCTURE_CROWDED_LONG
2024-08-06,2389.10009765625,0.0448717948717948,0.5961538461538463,-0.5512820512820514,0.0705128205128205,-0.0833333333333333,0.0384615384615384,-0.02243589743589745,0.09294871794871795,-0.0576923076923076,0.41666666666666674,-0.47435897435897434,SAME_DIRECTION_POSITIVE,BASELINE_POSITIVE_CANDIDATE_NEGATIVE,BASELINE_NEGATIVE_CANDIDATE_POSITIVE,MEDIUM_TERM_PARTICIPATION_BUILDING,MM_STRUCTURE_CROWDED_LONG
2024-08-13,2466.699951171875,0.0256410256410256,0.826923076923077,-0.8012820512820514,0.0384615384615384,-0.08974358974358981,-0.0448717948717948,-0.0673076923076923,0.1057692307692307,-0.0064102564102563,0.7884615384615385,-0.7948717948717948,SAME_DIRECTION_POSITIVE,BASELINE_POSITIVE_CANDIDATE_NEGATIVE,BASELINE_NEGATIVE_CANDIDATE_POSITIVE,MEDIUM_TERM_PARTICIPATION_BUILDING,MM_STRUCTURE_CROWDED_LONG
2024-08-20,2511.300048828125,0.0448717948717948,0.8525641025641026,-0.8076923076923078,0.0641025641025641,0.0,-0.0833333333333333,-0.04166666666666665,0.10576923076923075,0.0064102564102563,0.6602564102564104,-0.6538461538461541,SAME_DIRECTION_POSITIVE,BASELINE_POSITIVE_CANDIDATE_NEGATIVE,SAME_DIRECTION_POSITIVE,MEDIUM_TERM_PARTICIPATION_BUILDING,MM_STRUCTURE_CROWDED_LONG
2024-08-27,2516.0,0.1217948717948718,0.7884615384615385,-0.6666666666666667,0.0128205128205128,-0.019230769230769204,-0.1089743589743589,-0.06410256410256406,0.07692307692307686,0.0256410256410255,0.5961538461538463,-0.5705128205128207,SAME_DIRECTION_POSITIVE,BASELINE_POSITIVE_CANDIDATE_NEGATIVE,SAME_DIRECTION_POSITIVE,MEDIUM_TERM_PARTICIPATION_BUILDING,MM_STRUCTURE_CROWDED_LONG
2024-09-03,2489.89990234375,0.0064102564102563,0.11538461538461542,-0.10897435897435911,0.0,-0.0384615384615385,-0.0384615384615384,-0.03846153846153845,0.03846153846153845,0.0,0.07692307692307698,-0.07692307692307698,SAME_DIRECTION_POSITIVE,MIXED_OR_UNCLEAR,MIXED_OR_UNCLEAR,MEDIUM_TERM_PARTICIPATION_BUILDING,MM_STRUCTURE_CROWDED_LONG
2024-09-10,2512.300048828125,-0.0192307692307692,0.0064102564102563875,-0.025641025641025588,-0.0448717948717948,0.019230769230769204,0.0,0.009615384615384602,-0.054487179487179405,-0.0192307692307691,0.0,-0.0192307692307691,BOTH_NEAR_ZERO,BASELINE_NEGATIVE_CANDIDATE_POSITIVE,BOTH_NEAR_ZERO,MIXED_STRUCTURE,MM_STRUCTURE_CROWDED_LONG
2024-09-17,2564.300048828125,0.0064102564102563,0.03205128205128205,-0.025641025641025748,-0.0961538461538461,0.0256410256410256,-0.0128205128205128,0.0064102564102564,-0.1025641025641025,0.0064102564102563,0.012820512820512775,-0.006410256410256475,SAME_DIRECTION_POSITIVE,BASELINE_NEGATIVE_CANDIDATE_POSITIVE,BOTH_NEAR_ZERO,MEDIUM_TERM_PARTICIPATION_BUILDING,MM_STRUCTURE_CROWDED_LONG
2024-09-24,2651.199951171875,0.0256410256410256,0.06410256410256399,-0.03846153846153839,0.1282051282051282,0.21794871794871798,0.2371794871794872,0.2275641025641026,-0.0993589743589744,0.0384615384615384,0.038461538461538436,-3.469446951953614e-17,SAME_DIRECTION_POSITIVE,SAME_DIRECTION_POSITIVE,SAME_DIRECTION_POSITIVE,MEDIUM_TERM_PARTICIPATION_BUILDING,MM_STRUCTURE_CROWDED_LONG
2024-10-01,2667.300048828125,0.0512820512820513,0.02564102564102566,0.02564102564102564,0.1153846153846153,0.1282051282051283,0.1538461538461538,0.14102564102564105,-0.025641025641025758,0.0448717948717948,-0.0064102564102563875,0.05128205128205119,SAME_DIRECTION_POSITIVE,SAME_DIRECTION_POSITIVE,BASELINE_POSITIVE_CANDIDATE_NEGATIVE,SHORT_TERM_ONLY_REACTION,MM_STRUCTURE_CROWDED_LONG
2024-10-08,2615.0,-0.0128205128205128,0.0064102564102563875,-0.019230769230769187,0.1474358974358974,-0.07051282051282048,0.1474358974358974,0.038461538461538464,0.10897435897435895,-0.0192307692307691,0.0064102564102564985,-0.0256410256410256,BOTH_NEAR_ZERO,SAME_DIRECTION_POSITIVE,BOTH_NEAR_ZERO,MEDIUM_TERM_PARTICIPATION_BUILDING,MM_STRUCTURE_CROWDED_LONG
2024-10-15,2661.39990234375,-0.0192307692307692,0.03205128205128205,-0.05128205128205125,0.141025641025641,0.025641025641025605,0.1538461538461538,0.0897435897435897,0.051282051282051294,-0.0256410256410255,0.03205128205128205,-0.05769230769230755,BASELINE_NEGATIVE_CANDIDATE_POSITIVE,SAME_DIRECTION_POSITIVE,BASELINE_NEGATIVE_CANDIDATE_POSITIVE,MEDIUM_TERM_PARTICIPATION_BUILDING,MM_STRUCTURE_CROWDED_LONG
2024-10-22,2744.199951171875,-0.0064102564102563,0.012820512820512775,-0.019230769230769076,0.25,0.08333333333333331,0.0128205128205128,0.04807692307692306,0.20192307692307693,-0.0192307692307691,0.012820512820512886,-0.032051282051281986,BOTH_NEAR_ZERO,SAME_DIRECTION_POSITIVE,BOTH_NEAR_ZERO,MEDIUM_TERM_PARTICIPATION_BUILDING,MM_STRUCTURE_CROWDED_LONG
2024-10-29,2768.39990234375,-0.0064102564102563,0.03205128205128205,-0.038461538461538346,0.3141025641025641,0.13461538461538458,0.1602564102564102,0.14743589743589738,0.1666666666666667,-0.0256410256410256,0.02564102564102555,-0.05128205128205115,BASELINE_NEGATIVE_CANDIDATE_POSITIVE,SAME_DIRECTION_POSITIVE,BOTH_NEAR_ZERO,MEDIUM_TERM_PARTICIPATION_BUILDING,MM_STRUCTURE_CROWDED_LONG
2024-11-05,2740.300048828125,-0.032051282051282,0.04487179487179482,-0.07692307692307682,0.2243589743589743,-0.0064102564102563875,0.0769230769230769,0.035256410256410256,0.18910256410256404,-0.0576923076923076,0.0064102564102566095,-0.06410256410256421,BASELINE_NEGATIVE_CANDIDATE_POSITIVE,SAME_DIRECTION_POSITIVE,BASELINE_NEGATIVE_CANDIDATE_POSITIVE,MEDIUM_TERM_PARTICIPATION_BUILDING,MM_STRUCTURE_CROWDED_LONG
2024-11-12,2600.0,-0.0897435897435897,-0.03205128205128216,-0.05769230769230754,0.2564102564102564,-0.03205128205128199,0.1025641025641025,0.035256410256410256,0.22115384615384615,-0.0897435897435897,-0.012820512820512997,-0.0769230769230767,SAME_DIRECTION_NEGATIVE,SAME_DIRECTION_POSITIVE,SAME_DIRECTION_NEGATIVE,MEDIUM_TERM_STRUCTURE_WEAKENING,MM_STRUCTURE_CROWDED_LONG
2024-11-19,2627.10009765625,-0.1025641025641025,-0.10256410256410253,2.7755575615628914e-17,0.0448717948717948,0.03846153846153849,0.032051282051282,0.03525641025641024,0.00961538461538456,-0.1217948717948718,-0.11538461538461542,-0.0064102564102563875,SAME_DIRECTION_NEGATIVE,SAME_DIRECTION_POSITIVE,SAME_DIRECTION_NEGATIVE,MEDIUM_TERM_STRUCTURE_WEAKENING,MM_STRUCTURE_CROWDED_LONG
2024-11-26,2620.300048828125,-0.0897435897435897,-0.05128205128205121,-0.03846153846153849,-0.1346153846153846,-0.2628205128205129,-0.2948717948717949,-0.27884615384615385,0.14423076923076925,-0.0705128205128206,-0.08333333333333337,0.012820512820512775,SAME_DIRECTION_NEGATIVE,SAME_DIRECTION_NEGATIVE,SAME_DIRECTION_NEGATIVE,MEDIUM_TERM_STRUCTURE_WEAKENING,MM_STRUCTURE_CROWDED_LONG
2024-12-03,2644.699951171875,-0.0833333333333332,-0.03205128205128216,-0.051282051282051044,-0.1474358974358974,-0.2628205128205129,-0.2243589743589743,-0.2435897435897436,0.0961538461538462,-0.0576923076923078,-0.08333333333333337,0.02564102564102557,SAME_DIRECTION_NEGATIVE,SAME_DIRECTION_NEGATIVE,SAME_DIRECTION_NEGATIVE,MEDIUM_TERM_STRUCTURE_WEAKENING,MM_STRUCTURE_CROWDED_LONG
2024-12-10,2697.60009765625,-0.0384615384615384,0.044871794871794934,-0.08333333333333334,-0.1666666666666666,-0.006410256410256394,-0.2692307692307692,-0.1378205128205128,-0.0288461538461538,-0.0128205128205128,-0.038461538461538436,0.025641025641025637,BASELINE_NEGATIVE_CANDIDATE_POSITIVE,SAME_DIRECTION_NEGATIVE,SAME_DIRECTION_NEGATIVE,MIXED_STRUCTURE,MM_STRUCTURE_CROWDED_LONG
2024-12-17,2644.39990234375,-0.1025641025641026,-0.08333333333333337,-0.019230769230769232,-0.2435897435897436,-0.012820512820512803,-0.2756410256410256,-0.14423076923076922,-0.0993589743589744,-0.0641025641025642,-0.08333333333333337,0.019230769230769176,SAME_DIRECTION_NEGATIVE,SAME_DIRECTION_NEGATIVE,SAME_DIRECTION_NEGATIVE,MEDIUM_TERM_STRUCTURE_WEAKENING,MM_STRUCTURE_CROWDED_LONG
2024-12-24,2620.0,-0.1217948717948718,-0.10256410256410264,-0.019230769230769162,-0.2948717948717949,0.006410256410256394,0.0,0.003205128205128197,-0.2980769230769231,-0.0769230769230769,-0.10897435897435903,0.03205128205128213,SAME_DIRECTION_NEGATIVE,BASELINE_NEGATIVE_CANDIDATE_POSITIVE,SAME_DIRECTION_NEGATIVE,MEDIUM_TERM_STRUCTURE_WEAKENING,MM_STRUCTURE_CROWDED_LONG
2024-12-31,2629.199951171875,-0.1153846153846153,-0.038461538461538436,-0.07692307692307686,-0.2628205128205128,-0.0256410256410256,-0.0384615384615384,-0.032051282051282,-0.23076923076923078,-0.0384615384615386,-0.08974358974358987,0.051282051282051266,SAME_DIRECTION_NEGATIVE,SAME_DIRECTION_NEGATIVE,SAME_DIRECTION_NEGATIVE,MEDIUM_TERM_STRUCTURE_WEAKENING,MM_STRUCTURE_CROWDED_LONG
2025-01-07,2656.699951171875,-0.0448717948717948,-0.10897435897435903,0.06410256410256424,-0.3141025641025641,-0.0512820512820512,-0.0448717948717948,-0.048076923076923,-0.2660256410256411,-0.0256410256410256,-0.10256410256410264,0.07692307692307704,SAME_DIRECTION_NEGATIVE,SAME_DIRECTION_NEGATIVE,SAME_DIRECTION_NEGATIVE,MEDIUM_TERM_STRUCTURE_WEAKENING,MM_STRUCTURE_CROWDED_LONG
2025-01-14,2677.5,0.0128205128205127,-0.08974358974358976,0.10256410256410246,-0.3076923076923077,-0.0064102564102564,-0.032051282051282,-0.0192307692307692,-0.2884615384615385,0.0769230769230769,-0.04487179487179482,0.12179487179487172,BASELINE_POSITIVE_CANDIDATE_NEGATIVE,SAME_DIRECTION_NEGATIVE,BASELINE_POSITIVE_CANDIDATE_NEGATIVE,MEDIUM_TERM_STRUCTURE_WEAKENING,MM_STRUCTURE_CROWDED_LONG
2025-01-21,2755.0,0.0512820512820513,-0.038461538461538436,0.08974358974358973,-0.0512820512820512,0.0,-0.0512820512820512,-0.0256410256410256,-0.0256410256410256,0.0705128205128206,-0.0064102564102563875,0.07692307692307698,BASELINE_POSITIVE_CANDIDATE_NEGATIVE,SAME_DIRECTION_NEGATIVE,BASELINE_POSITIVE_CANDIDATE_NEGATIVE,MEDIUM_TERM_STRUCTURE_WEAKENING,MM_STRUCTURE_CROWDED_LONG
2025-01-28,2766.800048828125,0.0641025641025641,-0.012820512820512886,0.07692307692307698,0.0064102564102564,0.0512820512820512,0.0448717948717948,0.048076923076923,-0.0416666666666666,0.0576923076923078,0.012820512820512886,0.044871794871794914,BASELINE_POSITIVE_CANDIDATE_NEGATIVE,SAME_DIRECTION_POSITIVE,SAME_DIRECTION_POSITIVE,SHORT_TERM_ONLY_REACTION,MM_STRUCTURE_CROWDED_LONG
2025-02-04,2853.300048828125,0.032051282051282,0.03205128205128205,-4.85722573273506e-17,0.1474358974358974,0.1923076923076923,0.1923076923076923,0.1923076923076923,-0.04487179487179488,0.0064102564102563,0.02564102564102555,-0.01923076923076925,SAME_DIRECTION_POSITIVE,SAME_DIRECTION_POSITIVE,BOTH_NEAR_ZERO,MEDIUM_TERM_PARTICIPATION_BUILDING,MM_STRUCTURE_CROWDED_LONG
2025-02-11,2912.5,0.0705128205128206,-0.038461538461538436,0.10897435897435903,0.2435897435897436,0.2243589743589744,0.2756410256410256,0.25,-0.0064102564102563875,0.0064102564102566,-0.07051282051282037,0.07692307692307697,BASELINE_POSITIVE_CANDIDATE_NEGATIVE,SAME_DIRECTION_POSITIVE,BASELINE_POSITIVE_CANDIDATE_NEGATIVE,MEDIUM_TERM_STRUCTURE_WEAKENING,MM_STRUCTURE_CROWDED_LONG
2025-02-18,2931.60009765625,0.0769230769230769,-0.07051282051282037,0.14743589743589727,0.3076923076923077,0.16666666666666669,0.358974358974359,0.26282051282051283,0.04487179487179488,0.0064102564102564,-0.10897435897435892,0.11538461538461532,BASELINE_POSITIVE_CANDIDATE_NEGATIVE,SAME_DIRECTION_POSITIVE,BASELINE_POSITIVE_CANDIDATE_NEGATIVE,MEDIUM_TERM_STRUCTURE_WEAKENING,MM_STRUCTURE_CROWDED_LONG
2025-02-25,2904.5,0.0512820512820512,-0.10897435897435903,0.16025641025641024,0.2243589743589743,-0.04487179487179491,0.1794871794871795,0.06730769230769229,0.15705128205128202,-0.0256410256410256,-0.14102564102564108,0.11538461538461547,BASELINE_POSITIVE_CANDIDATE_NEGATIVE,SAME_DIRECTION_POSITIVE,SAME_DIRECTION_NEGATIVE,MEDIUM_TERM_STRUCTURE_WEAKENING,MM_STRUCTURE_CROWDED_LONG
2025-03-04,2909.60009765625,0.0,-0.11538461538461542,0.11538461538461542,0.4102564102564102,0.05128205128205121,0.2179487179487179,0.13461538461538455,0.27564102564102566,-0.0512820512820512,-0.15384615384615385,0.10256410256410266,MIXED_OR_UNCLEAR,SAME_DIRECTION_POSITIVE,SAME_DIRECTION_NEGATIVE,MEDIUM_TERM_STRUCTURE_WEAKENING,MM_STRUCTURE_CROWDED_LONG
2025-03-11,2912.89990234375,-0.0512820512820513,-0.12179487179487192,0.07051282051282062,0.3846153846153846,0.15384615384615388,0.1089743589743589,0.1314102564102564,0.2532051282051282,-0.1217948717948718,-0.14743589743589747,0.02564102564102566,SAME_DIRECTION_NEGATIVE,SAME_DIRECTION_POSITIVE,SAME_DIRECTION_NEGATIVE,MEDIUM_TERM_STRUCTURE_WEAKENING,MM_STRUCTURE_CROWDED_LONG
2025-03-18,3035.10009765625,-0.0384615384615385,-0.08333333333333337,0.04487179487179487,0.3653846153846153,-0.04487179487179488,0.0064102564102563,-0.01923076923076929,0.3846153846153846,-0.108974358974359,-0.1217948717948718,0.012820512820512803,SAME_DIRECTION_NEGATIVE,BASELINE_POSITIVE_CANDIDATE_NEGATIVE,SAME_DIRECTION_NEGATIVE,MEDIUM_TERM_STRUCTURE_WEAKENING,MM_STRUCTURE_CROWDED_LONG
2025-03-25,3023.699951171875,-0.0833333333333333,-0.1217948717948718,0.038461538461538505,0.391025641025641,0.05769230769230771,0.2115384615384615,0.1346153846153846,0.2564102564102564,-0.1474358974358975,-0.17307692307692313,0.025641025641025633,SAME_DIRECTION_NEGATIVE,SAME_DIRECTION_POSITIVE,SAME_DIRECTION_NEGATIVE,MEDIUM_TERM_STRUCTURE_WEAKENING,MM_STRUCTURE_CROWDED_LONG
2025-04-01,3118.89990234375,-0.1346153846153845,-0.15384615384615385,0.019230769230769357,0.5128205128205129,0.33974358974358987,0.2948717948717949,0.3173076923076924,0.19551282051282048,-0.2756410256410256,-0.29487179487179493,0.01923076923076933,SAME_DIRECTION_NEGATIVE,SAME_DIRECTION_POSITIVE,SAME_DIRECTION_NEGATIVE,MEDIUM_TERM_STRUCTURE_WEAKENING,MM_STRUCTURE_LONG_LIQUIDATION
2025-04-08,2968.39990234375,-0.2243589743589744,-0.2500000000000001,0.025641025641025716,0.2115384615384615,0.04487179487179482,0.1025641025641025,0.07371794871794866,0.13782051282051283,-0.2692307692307694,-0.3205128205128206,0.05128205128205121,SAME_DIRECTION_NEGATIVE,SAME_DIRECTION_POSITIVE,SAME_DIRECTION_NEGATIVE,MEDIUM_TERM_STRUCTURE_WEAKENING,MM_STRUCTURE_LONG_LIQUIDATION
2025-04-15,3218.699951171875,-0.282051282051282,-0.33333333333333337,0.05128205128205138,0.1153846153846153,-0.2307692307692309,0.1089743589743589,-0.06089743589743599,0.1762820512820513,-0.2564102564102565,-0.33974358974358987,0.08333333333333337,SAME_DIRECTION_NEGATIVE,BASELINE_POSITIVE_CANDIDATE_NEGATIVE,SAME_DIRECTION_NEGATIVE,MEDIUM_TERM_STRUCTURE_WEAKENING,MM_STRUCTURE_LONG_LIQUIDATION
2025-04-22,3400.800048828125,-0.25,-0.35256410256410264,0.10256410256410264,0.2756410256410256,0.019230769230769273,0.0641025641025641,0.041666666666666685,0.23397435897435892,-0.2307692307692307,-0.35256410256410264,0.12179487179487195,SAME_DIRECTION_NEGATIVE,SAME_DIRECTION_POSITIVE,SAME_DIRECTION_NEGATIVE,MEDIUM_TERM_STRUCTURE_WEAKENING,MM_STRUCTURE_LONG_LIQUIDATION
2025-04-29,3318.800048828125,-0.2756410256410256,-0.3846153846153847,0.10897435897435909,0.0897435897435897,0.025641025641025716,-0.2051282051282051,-0.08974358974358969,0.1794871794871794,-0.2756410256410256,-0.40384615384615385,0.12820512820512825,SAME_DIRECTION_NEGATIVE,BASELINE_POSITIVE_CANDIDATE_NEGATIVE,SAME_DIRECTION_NEGATIVE,MEDIUM_TERM_STRUCTURE_WEAKENING,MM_STRUCTURE_LONG_LIQUIDATION
2025-05-06,3411.39990234375,-0.2948717948717948,-0.3846153846153847,0.08974358974358987,0.0897435897435897,-0.032051282051282104,-0.0128205128205128,-0.022435897435897453,0.11217948717948716,-0.3076923076923077,-0.3974358974358976,0.08974358974358987,SAME_DIRECTION_NEGATIVE,BASELINE_POSITIVE_CANDIDATE_NEGATIVE,SAME_DIRECTION_NEGATIVE,MEDIUM_TERM_STRUCTURE_WEAKENING,MM_STRUCTURE_LONG_LIQUIDATION
2025-05-13,3240.300048828125,-0.3525641025641025,-0.34615384615384615,-0.006410256410256332,0.1153846153846154,-0.019230769230769218,0.0064102564102564,-0.006410256410256409,0.12179487179487182,-0.3589743589743589,-0.39102564102564097,0.03205128205128205,SAME_DIRECTION_NEGATIVE,BASELINE_POSITIVE_CANDIDATE_NEGATIVE,SAME_DIRECTION_NEGATIVE,MEDIUM_TERM_STRUCTURE_WEAKENING,MM_STRUCTURE_LONG_LIQUIDATION
2025-05-20,3280.300048828125,-0.3012820512820513,-0.3205128205128206,0.019230769230769273,0.0192307692307692,-0.012820512820512775,-0.0448717948717948,-0.02884615384615379,0.04807692307692299,-0.2628205128205128,-0.3141025641025641,0.05128205128205132,SAME_DIRECTION_NEGATIVE,BOTH_NEAR_ZERO,SAME_DIRECTION_NEGATIVE,MEDIUM_TERM_STRUCTURE_WEAKENING,MM_STRUCTURE_LONG_LIQUIDATION
2025-05-27,3299.10009765625,-0.2756410256410256,-0.33974358974358987,0.06410256410256426,-0.3461538461538462,-0.1217948717948718,-0.141025641025641,-0.1314102564102564,-0.2147435897435898,-0.0961538461538461,-0.3205128205128205,0.2243589743589744,SAME_DIRECTION_NEGATIVE,SAME_DIRECTION_NEGATIVE,SAME_DIRECTION_NEGATIVE,MEDIUM_TERM_STRUCTURE_WEAKENING,MM_STRUCTURE_LONG_LIQUIDATION
2025-06-03,3350.199951171875,-0.1153846153846153,-0.28205128205128205,0.16666666666666674,-0.1346153846153845,-0.10897435897435892,-0.1217948717948717,-0.11538461538461531,-0.01923076923076919,-0.0256410256410256,-0.28846153846153844,0.26282051282051283,SAME_DIRECTION_NEGATIVE,SAME_DIRECTION_NEGATIVE,SAME_DIRECTION_NEGATIVE,MEDIUM_TERM_STRUCTURE_WEAKENING,MM_STRUCTURE_LONG_LIQUIDATION
2025-06-10,3320.89990234375,-0.032051282051282,-0.326923076923077,0.294871794871795,-0.1153846153846153,0.0,-0.1217948717948718,-0.0608974358974359,-0.05448717948717939,-0.0064102564102563,-0.33333333333333337,0.3269230769230771,SAME_DIRECTION_NEGATIVE,SAME_DIRECTION_NEGATIVE,SAME_DIRECTION_NEGATIVE,MEDIUM_TERM_STRUCTURE_WEAKENING,MM_STRUCTURE_LONG_LIQUIDATION
2025-06-17,3386.60009765625,0.0,-0.25,0.25,-0.1153846153846153,0.038461538461538436,-0.0705128205128205,-0.01602564102564103,-0.09935897435897426,0.0192307692307692,-0.26923076923076916,0.2884615384615384,MIXED_OR_UNCLEAR,SAME_DIRECTION_NEGATIVE,BASELINE_POSITIVE_CANDIDATE_NEGATIVE,MEDIUM_TERM_STRUCTURE_WEAKENING,MM_STRUCTURE_SHORT_COVERING_RALLY
2025-06-24,3317.39990234375,0.0256410256410256,-0.23717948717948711,0.2628205128205127,-0.0384615384615384,0.10256410256410253,0.1025641025641025,0.10256410256410252,-0.1410256410256409,0.0705128205128204,-0.2564102564102564,0.32692307692307676,BASELINE_POSITIVE_CANDIDATE_NEGATIVE,BASELINE_NEGATIVE_CANDIDATE_POSITIVE,BASELINE_POSITIVE_CANDIDATE_NEGATIVE,MEDIUM_TERM_STRUCTURE_WEAKENING,MM_STRUCTURE_ACCUMULATION
2025-07-01,3336.699951171875,0.0576923076923077,-0.21153846153846156,0.2692307692307693,-0.1666666666666666,-0.08333333333333331,-0.0448717948717948,-0.06410256410256406,-0.10256410256410255,0.1089743589743589,-0.25,0.3589743589743589,BASELINE_POSITIVE_CANDIDATE_NEGATIVE,SAME_DIRECTION_NEGATIVE,BASELINE_POSITIVE_CANDIDATE_NEGATIVE,MEDIUM_TERM_STRUCTURE_WEAKENING,MM_STRUCTURE_ACCUMULATION
2025-07-08,3307.0,0.0448717948717948,-0.2564102564102565,0.3012820512820513,-0.141025641025641,-0.1217948717948718,-0.0192307692307692,-0.0705128205128205,-0.0705128205128205,0.1089743589743589,-0.2564102564102564,0.3653846153846153,BASELINE_POSITIVE_CANDIDATE_NEGATIVE,SAME_DIRECTION_NEGATIVE,BASELINE_POSITIVE_CANDIDATE_NEGATIVE,MEDIUM_TERM_STRUCTURE_WEAKENING,MM_STRUCTURE_ACCUMULATION
2025-07-15,3329.800048828125,0.1153846153846154,-0.21794871794871795,0.33333333333333337,-0.1025641025641025,0.051282051282051266,-0.032051282051282,0.009615384615384633,-0.11217948717948714,0.108974358974359,-0.28205128205128205,0.3910256410256411,BASELINE_POSITIVE_CANDIDATE_NEGATIVE,BASELINE_NEGATIVE_CANDIDATE_POSITIVE,BASELINE_POSITIVE_CANDIDATE_NEGATIVE,MEDIUM_TERM_STRUCTURE_WEAKENING,MM_STRUCTURE_ACCUMULATION
2025-07-22,3439.199951171875,0.2307692307692307,-0.16025641025641035,0.3910256410256411,-0.0448717948717948,-0.025641025641025605,-0.1474358974358974,-0.08653846153846151,0.041666666666666706,0.1794871794871795,-0.21153846153846156,0.3910256410256411,BASELINE_POSITIVE_CANDIDATE_NEGATIVE,SAME_DIRECTION_NEGATIVE,BASELINE_POSITIVE_CANDIDATE_NEGATIVE,MEDIUM_TERM_STRUCTURE_WEAKENING,MM_STRUCTURE_ACCUMULATION
2025-07-29,3323.39990234375,0.0384615384615384,-0.3076923076923077,0.3461538461538461,0.0384615384615384,0.03205128205128205,0.0833333333333333,0.057692307692307675,-0.019230769230769273,0.0128205128205128,-0.33333333333333337,0.34615384615384615,BASELINE_POSITIVE_CANDIDATE_NEGATIVE,SAME_DIRECTION_POSITIVE,BASELINE_POSITIVE_CANDIDATE_NEGATIVE,MEDIUM_TERM_STRUCTURE_WEAKENING,MM_STRUCTURE_NEUTRAL
2025-08-05,3381.89990234375,0.1538461538461538,-0.20512820512820518,0.358974358974359,-0.141025641025641,-0.0961538461538462,-0.1217948717948718,-0.108974358974359,-0.03205128205128199,0.1217948717948718,-0.21794871794871795,0.33974358974358976,BASELINE_POSITIVE_CANDIDATE_NEGATIVE,SAME_DIRECTION_NEGATIVE,BASELINE_POSITIVE_CANDIDATE_NEGATIVE,MEDIUM_TERM_STRUCTURE_WEAKENING,MM_STRUCTURE_ACCUMULATION
2025-08-12,3348.89990234375,0.1153846153846154,-0.20512820512820518,0.3205128205128206,-0.1089743589743589,-0.10897435897435903,-0.0769230769230769,-0.09294871794871797,-0.01602564102564094,0.0512820512820512,-0.22435897435897456,0.27564102564102577,BASELINE_POSITIVE_CANDIDATE_NEGATIVE,SAME_DIRECTION_NEGATIVE,BASELINE_POSITIVE_CANDIDATE_NEGATIVE,MEDIUM_TERM_STRUCTURE_WEAKENING,MM_STRUCTURE_ACCUMULATION
2025-08-19,3313.39990234375,0.0641025641025641,-0.2500000000000001,0.3141025641025642,-0.0769230769230769,0.16666666666666669,0.0705128205128205,0.11858974358974358,-0.19551282051282048,0.0256410256410256,-0.23717948717948723,0.26282051282051283,BASELINE_POSITIVE_CANDIDATE_NEGATIVE,BASELINE_NEGATIVE_CANDIDATE_POSITIVE,BASELINE_POSITIVE_CANDIDATE_NEGATIVE,MEDIUM_TERM_STRUCTURE_WEAKENING,MM_STRUCTURE_ACCUMULATION
2025-08-26,3388.60009765625,0.0897435897435897,-0.17307692307692302,0.2628205128205127,-0.0256410256410256,0.0,-0.1089743589743589,-0.05448717948717945,0.028846153846153855,0.032051282051282,-0.1923076923076923,0.22435897435897428,BASELINE_POSITIVE_CANDIDATE_NEGATIVE,SAME_DIRECTION_NEGATIVE,BASELINE_POSITIVE_CANDIDATE_NEGATIVE,MEDIUM_TERM_STRUCTURE_WEAKENING,MM_STRUCTURE_ACCUMULATION
2025-09-02,3549.39990234375,0.1858974358974359,-0.0705128205128206,0.2564102564102565,-0.0128205128205128,-0.057692307692307654,0.1089743589743589,0.025641025641025626,-0.03846153846153842,0.1538461538461538,-0.05128205128205132,0.20512820512820512,BASELINE_POSITIVE_CANDIDATE_NEGATIVE,BOTH_NEAR_ZERO,BASELINE_POSITIVE_CANDIDATE_NEGATIVE,MEDIUM_TERM_STRUCTURE_WEAKENING,MM_STRUCTURE_ACCUMULATION
2025-09-09,3643.300048828125,0.108974358974359,-0.0576923076923076,0.1666666666666666,0.0064102564102563,0.08333333333333331,0.0833333333333333,0.08333333333333331,-0.07692307692307701,0.1153846153846153,-0.044871794871794934,0.16025641025641024,BASELINE_POSITIVE_CANDIDATE_NEGATIVE,SAME_DIRECTION_POSITIVE,BASELINE_POSITIVE_CANDIDATE_NEGATIVE,MEDIUM_TERM_STRUCTURE_WEAKENING,MM_STRUCTURE_NEUTRAL
2025-09-16,3688.89990234375,-0.0128205128205127,-0.13461538461538458,0.12179487179487188,0.1025641025641025,0.08974358974358976,0.032051282051282,0.060897435897435875,0.04166666666666663,-0.0192307692307692,-0.1217948717948718,0.1025641025641026,SAME_DIRECTION_NEGATIVE,SAME_DIRECTION_POSITIVE,SAME_DIRECTION_NEGATIVE,MEDIUM_TERM_STRUCTURE_WEAKENING,MM_STRUCTURE_LONG_LIQUIDATION
2025-09-23,3780.60009765625,0.1410256410256409,-0.08333333333333337,0.22435897435897428,0.1217948717948717,0.14743589743589747,0.2307692307692307,0.1891025641025641,-0.0673076923076924,0.1217948717948717,-0.0641025641025641,0.1858974358974358,BASELINE_POSITIVE_CANDIDATE_NEGATIVE,SAME_DIRECTION_POSITIVE,BASELINE_POSITIVE_CANDIDATE_NEGATIVE,MEDIUM_TERM_STRUCTURE_WEAKENING,MM_STRUCTURE_NEUTRAL
2025-09-30,3840.800048828125,-0.0448717948717949,-0.11538461538461542,0.07051282051282051,0.3397435897435897,0.14102564102564102,0.2307692307692307,0.18589743589743585,0.15384615384615385,-0.0897435897435897,-0.03205128205128205,-0.057692307692307654,SAME_DIRECTION_NEGATIVE,SAME_DIRECTION_POSITIVE,SAME_DIRECTION_NEGATIVE,MEDIUM_TERM_STRUCTURE_WEAKENING,MM_STRUCTURE_LONG_LIQUIDATION
2025-10-07,3976.60009765625,-0.1602564102564102,-0.14102564102564097,-0.019230769230769218,0.2948717948717948,0.0641025641025641,0.2115384615384615,0.1378205128205128,0.15705128205128202,-0.1474358974358973,-0.10256410256410253,-0.04487179487179477,SAME_DIRECTION_NEGATIVE,SAME_DIRECTION_POSITIVE,SAME_DIRECTION_NEGATIVE,MEDIUM_TERM_STRUCTURE_WEAKENING,MM_STRUCTURE_LONG_LIQUIDATION
2025-10-14,4138.7001953125,-0.2115384615384615,-0.17948717948717957,-0.03205128205128194,0.2564102564102564,0.08333333333333337,0.2243589743589744,0.15384615384615388,0.1025641025641025,-0.2115384615384615,-0.1923076923076923,-0.019230769230769218,SAME_DIRECTION_NEGATIVE,SAME_DIRECTION_POSITIVE,SAME_DIRECTION_NEGATIVE,MEDIUM_TERM_STRUCTURE_WEAKENING,MM_STRUCTURE_LONG_LIQUIDATION
2025-10-21,4087.699951171875,-0.3653846153846154,-0.2884615384615385,-0.07692307692307693,0.3397435897435897,0.044871794871794934,0.108974358974359,0.07692307692307697,0.2628205128205127,-0.3269230769230769,-0.2884615384615385,-0.038461538461538436,SAME_DIRECTION_NEGATIVE,SAME_DIRECTION_POSITIVE,SAME_DIRECTION_NEGATIVE,MEDIUM_TERM_STRUCTURE_WEAKENING,MM_STRUCTURE_LONG_LIQUIDATION
2025-10-28,3966.199951171875,-0.4294871794871794,-0.22435897435897445,-0.20512820512820495,-0.0128205128205128,-0.326923076923077,-0.2435897435897436,-0.2852564102564103,0.2724358974358975,-0.3782051282051282,-0.1538461538461539,-0.22435897435897428,SAME_DIRECTION_NEGATIVE,SAME_DIRECTION_NEGATIVE,SAME_DIRECTION_NEGATIVE,MEDIUM_TERM_STRUCTURE_WEAKENING,MM_STRUCTURE_LOW_PARTICIPATION
2025-11-04,3947.699951171875,-0.5064102564102564,-0.2692307692307692,-0.23717948717948717,-0.1794871794871794,-0.4358974358974359,-0.3910256410256409,-0.41346153846153844,0.23397435897435903,-0.4230769230769231,-0.16025641025641035,-0.2628205128205127,SAME_DIRECTION_NEGATIVE,SAME_DIRECTION_NEGATIVE,SAME_DIRECTION_NEGATIVE,MEDIUM_TERM_STRUCTURE_WEAKENING,MM_STRUCTURE_LOW_PARTICIPATION
2025-11-10,4111.7998046875,-0.4615384615384615,-0.2435897435897436,-0.2179487179487179,-0.2307692307692307,-0.1282051282051282,-0.4551282051282052,-0.2916666666666667,0.060897435897435986,-0.358974358974359,-0.12179487179487186,-0.23717948717948711,SAME_DIRECTION_NEGATIVE,SAME_DIRECTION_NEGATIVE,SAME_DIRECTION_NEGATIVE,MEDIUM_TERM_STRUCTURE_WEAKENING,MM_STRUCTURE_LOW_PARTICIPATION
2025-11-18,4061.300048828125,-0.5192307692307692,-0.30128205128205127,-0.2179487179487179,-0.2884615384615384,0.03846153846153841,-0.3974358974358974,-0.17948717948717952,-0.10897435897435886,-0.4166666666666667,-0.217948717948718,-0.19871794871794868,SAME_DIRECTION_NEGATIVE,SAME_DIRECTION_NEGATIVE,SAME_DIRECTION_NEGATIVE,MEDIUM_TERM_STRUCTURE_WEAKENING,MM_STRUCTURE_LOW_PARTICIPATION
2025-11-25,4139.2001953125,-0.3782051282051282,-0.217948717948718,-0.1602564102564102,-0.3974358974358974,-0.025641025641025716,-0.1538461538461538,-0.08974358974358976,-0.30769230769230765,-0.2115384615384615,-0.14743589743589747,-0.06410256410256404,SAME_DIRECTION_NEGATIVE,SAME_DIRECTION_NEGATIVE,SAME_DIRECTION_NEGATIVE,MEDIUM_TERM_STRUCTURE_WEAKENING,MM_STRUCTURE_LOW_PARTICIPATION
2025-12-02,4186.60009765625,-0.2115384615384615,-0.23717948717948723,0.025641025641025716,-0.5064102564102564,-0.1538461538461538,-0.1153846153846153,-0.13461538461538455,-0.3717948717948718,-0.0512820512820513,-0.1282051282051282,0.0769230769230769,SAME_DIRECTION_NEGATIVE,SAME_DIRECTION_NEGATIVE,SAME_DIRECTION_NEGATIVE,MEDIUM_TERM_STRUCTURE_WEAKENING,MM_STRUCTURE_LOW_PARTICIPATION
2025-12-09,4206.7001953125,-0.0705128205128205,-0.217948717948718,0.14743589743589752,-0.5641025641025641,-0.08333333333333329,-0.1089743589743589,-0.09615384615384609,-0.467948717948718,0.0641025641025641,-0.1217948717948718,0.1858974358974359,SAME_DIRECTION_NEGATIVE,SAME_DIRECTION_NEGATIVE,BASELINE_POSITIVE_CANDIDATE_NEGATIVE,MEDIUM_TERM_STRUCTURE_WEAKENING,MM_STRUCTURE_LOW_PARTICIPATION
2025-12-16,4304.5,0.1282051282051282,-0.1602564102564103,0.2884615384615385,-0.5256410256410257,0.025641025641025605,-0.1282051282051282,-0.051282051282051294,-0.47435897435897434,0.2371794871794871,-0.0705128205128206,0.3076923076923077,BASELINE_POSITIVE_CANDIDATE_NEGATIVE,SAME_DIRECTION_NEGATIVE,BASELINE_POSITIVE_CANDIDATE_NEGATIVE,MEDIUM_TERM_STRUCTURE_WEAKENING,MM_STRUCTURE_ACCUMULATION
2025-12-23,4482.7998046875,0.1346153846153846,-0.11538461538461542,0.25,-0.1794871794871795,0.05769230769230771,-0.0256410256410256,0.016025641025641055,-0.19551282051282054,0.1987179487179487,-0.02564102564102566,0.22435897435897437,BASELINE_POSITIVE_CANDIDATE_NEGATIVE,BASELINE_NEGATIVE_CANDIDATE_POSITIVE,BASELINE_POSITIVE_CANDIDATE_NEGATIVE,MEDIUM_TERM_STRUCTURE_WEAKENING,MM_STRUCTURE_ACCUMULATION
2025-12-30,4370.10009765625,0.1346153846153845,-0.1923076923076924,0.32692307692307687,-0.0705128205128205,0.01923076923076919,0.0448717948717948,0.03205128205128199,-0.10256410256410249,0.1538461538461539,-0.11538461538461531,0.2692307692307692,BASELINE_POSITIVE_CANDIDATE_NEGATIVE,BASELINE_NEGATIVE_CANDIDATE_POSITIVE,BASELINE_POSITIVE_CANDIDATE_NEGATIVE,MEDIUM_TERM_STRUCTURE_WEAKENING,MM_STRUCTURE_ACCUMULATION
2026-01-06,4482.2001953125,0.0897435897435897,-0.19871794871794873,0.28846153846153844,-0.0512820512820512,0.0,0.0576923076923076,0.0288461538461538,-0.080128205128205,0.0833333333333333,-0.1474358974358974,0.23076923076923073,BASELINE_POSITIVE_CANDIDATE_NEGATIVE,BASELINE_NEGATIVE_CANDIDATE_POSITIVE,BASELINE_POSITIVE_CANDIDATE_NEGATIVE,MEDIUM_TERM_STRUCTURE_WEAKENING,MM_STRUCTURE_ACCUMULATION
2026-01-13,4589.2001953125,0.2051282051282051,-0.2115384615384615,0.41666666666666663,-0.0833333333333333,0.025641025641025703,0.0448717948717948,0.035256410256410256,-0.11858974358974356,0.2371794871794872,-0.08974358974358976,0.326923076923077,BASELINE_POSITIVE_CANDIDATE_NEGATIVE,BASELINE_NEGATIVE_CANDIDATE_POSITIVE,BASELINE_POSITIVE_CANDIDATE_NEGATIVE,MEDIUM_TERM_STRUCTURE_WEAKENING,MM_STRUCTURE_ACCUMULATION
2026-01-20,4759.60009765625,0.1666666666666666,-0.28205128205128205,0.4487179487179487,0.032051282051282,0.05769230769230768,0.0576923076923077,0.057692307692307696,-0.025641025641025696,0.1666666666666667,-0.16025641025641024,0.326923076923077,BASELINE_POSITIVE_CANDIDATE_NEGATIVE,SAME_DIRECTION_POSITIVE,BASELINE_POSITIVE_CANDIDATE_NEGATIVE,MEDIUM_TERM_STRUCTURE_WEAKENING,MM_STRUCTURE_NEUTRAL
2026-01-27,5079.89990234375,-0.0256410256410256,-0.30128205128205127,0.27564102564102566,0.0961538461538461,0.025641025641025605,0.0512820512820512,0.0384615384615384,0.0576923076923077,-0.0512820512820513,-0.1923076923076924,0.1410256410256411,SAME_DIRECTION_NEGATIVE,SAME_DIRECTION_POSITIVE,SAME_DIRECTION_NEGATIVE,MEDIUM_TERM_STRUCTURE_WEAKENING,MM_STRUCTURE_LOW_PARTICIPATION
2026-02-03,4903.7001953125,-0.2499999999999999,-0.6217948717948718,0.3717948717948719,0.1282051282051282,0.012820512820512803,0.0705128205128205,0.04166666666666665,0.08653846153846154,-0.2628205128205129,-0.5064102564102565,0.2435897435897436,SAME_DIRECTION_NEGATIVE,SAME_DIRECTION_POSITIVE,SAME_DIRECTION_NEGATIVE,MEDIUM_TERM_STRUCTURE_WEAKENING,MM_STRUCTURE_LOW_PARTICIPATION
2026-02-10,5003.7998046875,-0.3269230769230768,-0.6025641025641026,0.2756410256410258,0.1153846153846153,0.04487179487179491,0.0705128205128205,0.0576923076923077,0.05769230769230759,-0.3397435897435897,-0.46153846153846156,0.12179487179487186,SAME_DIRECTION_NEGATIVE,SAME_DIRECTION_POSITIVE,SAME_DIRECTION_NEGATIVE,MEDIUM_TERM_STRUCTURE_WEAKENING,MM_STRUCTURE_LOW_PARTICIPATION
2026-02-17,4882.89990234375,-0.3141025641025641,-0.4935897435897436,0.17948717948717952,0.0769230769230769,0.006410256410256415,0.0192307692307692,0.012820512820512808,0.0641025641025641,-0.3269230769230769,-0.37820512820512825,0.05128205128205132,SAME_DIRECTION_NEGATIVE,SAME_DIRECTION_POSITIVE,SAME_DIRECTION_NEGATIVE,MEDIUM_TERM_STRUCTURE_WEAKENING,MM_STRUCTURE_LOW_PARTICIPATION
2026-02-24,5155.7998046875,-0.2628205128205128,-0.5448717948717949,0.28205128205128216,0.0576923076923076,-0.03846153846153852,0.0064102564102564,-0.01602564102564106,0.07371794871794865,-0.2435897435897436,-0.391025641025641,0.1474358974358974,SAME_DIRECTION_NEGATIVE,BASELINE_POSITIVE_CANDIDATE_NEGATIVE,SAME_DIRECTION_NEGATIVE,MEDIUM_TERM_STRUCTURE_WEAKENING,MM_STRUCTURE_LOW_PARTICIPATION
2026-03-03,5107.39990234375,-0.2179487179487179,-0.6025641025641025,0.38461538461538464,0.0512820512820512,-0.025641025641025605,-0.0192307692307692,-0.022435897435897405,0.0737179487179486,-0.2051282051282051,-0.5064102564102564,0.3012820512820513,SAME_DIRECTION_NEGATIVE,BASELINE_POSITIVE_CANDIDATE_NEGATIVE,SAME_DIRECTION_NEGATIVE,MEDIUM_TERM_STRUCTURE_WEAKENING,MM_STRUCTURE_LOW_PARTICIPATION
2026-03-10,5229.7001953125,-0.2756410256410256,-0.5961538461538463,0.32051282051282065,0.0769230769230769,0.04487179487179491,0.0064102564102564,0.025641025641025654,0.051282051282051246,-0.3012820512820514,-0.5064102564102564,0.205128205128205,SAME_DIRECTION_NEGATIVE,SAME_DIRECTION_POSITIVE,SAME_DIRECTION_NEGATIVE,MEDIUM_TERM_STRUCTURE_WEAKENING,MM_STRUCTURE_LOW_PARTICIPATION
2026-03-17,5001.0,-0.2948717948717948,-0.5641025641025641,0.2692307692307693,0.0705128205128205,0.07692307692307687,0.0512820512820512,0.06410256410256404,0.006410256410256457,-0.3141025641025642,-0.4551282051282052,0.14102564102564097,SAME_DIRECTION_NEGATIVE,SAME_DIRECTION_POSITIVE,SAME_DIRECTION_NEGATIVE,MEDIUM_TERM_STRUCTURE_WEAKENING,MM_STRUCTURE_LOW_PARTICIPATION
2026-03-24,4399.2998046875,-0.2307692307692307,-0.6730769230769231,0.4423076923076924,0.0961538461538461,0.04487179487179488,0.0897435897435897,0.06730769230769229,0.028846153846153813,-0.2435897435897435,-0.5576923076923077,0.3141025641025642,SAME_DIRECTION_NEGATIVE,SAME_DIRECTION_POSITIVE,SAME_DIRECTION_NEGATIVE,MEDIUM_TERM_STRUCTURE_WEAKENING,MM_STRUCTURE_LOW_PARTICIPATION
2026-03-31,4647.60009765625,-0.0192307692307692,-0.5961538461538461,0.576923076923077,0.0448717948717948,-0.012820512820512775,0.0641025641025641,0.02564102564102566,0.01923076923076914,-0.0128205128205128,-0.4294871794871795,0.41666666666666674,SAME_DIRECTION_NEGATIVE,SAME_DIRECTION_POSITIVE,SAME_DIRECTION_NEGATIVE,MEDIUM_TERM_STRUCTURE_WEAKENING,MM_STRUCTURE_LOW_PARTICIPATION
2026-04-07,4657.10009765625,0.0,-0.44230769230769235,0.44230769230769235,0.1153846153846153,0.06410256410256415,0.1089743589743589,0.08653846153846154,0.028846153846153758,-0.0320512820512819,-0.34615384615384626,0.3141025641025644,MIXED_OR_UNCLEAR,SAME_DIRECTION_POSITIVE,SAME_DIRECTION_NEGATIVE,MEDIUM_TERM_STRUCTURE_WEAKENING,MM_STRUCTURE_LOW_PARTICIPATION
2026-04-14,4825.0,0.0384615384615384,-0.24358974358974358,0.282051282051282,0.108974358974359,0.07051282051282048,0.0576923076923077,0.0641025641025641,0.04487179487179491,-0.0192307692307692,-0.1858974358974359,0.1666666666666667,BASELINE_POSITIVE_CANDIDATE_NEGATIVE,SAME_DIRECTION_POSITIVE,SAME_DIRECTION_NEGATIVE,MEDIUM_TERM_STRUCTURE_WEAKENING,MM_STRUCTURE_LOW_PARTICIPATION
2026-04-21,4698.39990234375,0.0384615384615384,-0.141025641025641,0.1794871794871794,0.1602564102564102,0.0064102564102563875,0.0705128205128204,0.038461538461538394,0.12179487179487179,-0.0320512820512821,-0.0961538461538462,0.0641025641025641,BASELINE_POSITIVE_CANDIDATE_NEGATIVE,SAME_DIRECTION_POSITIVE,SAME_DIRECTION_NEGATIVE,MEDIUM_TERM_STRUCTURE_WEAKENING,MM_STRUCTURE_LOW_PARTICIPATION
2026-04-28,4591.5,-0.0192307692307692,-0.19230769230769232,0.17307692307692313,0.1923076923076923,0.05769230769230771,0.1282051282051282,0.09294871794871795,0.09935897435897434,-0.0705128205128205,-0.1987179487179487,0.1282051282051282,SAME_DIRECTION_NEGATIVE,SAME_DIRECTION_POSITIVE,SAME_DIRECTION_NEGATIVE,MEDIUM_TERM_STRUCTURE_WEAKENING,MM_STRUCTURE_LOW_PARTICIPATION
2026-05-05,4555.7998046875,0.0,-0.08974358974358979,0.08974358974358979,0.0705128205128204,-0.044871794871794934,-0.0384615384615384,-0.04166666666666667,0.11217948717948707,-0.0128205128205127,-0.09615384615384609,0.08333333333333338,MIXED_OR_UNCLEAR,BASELINE_POSITIVE_CANDIDATE_NEGATIVE,SAME_DIRECTION_NEGATIVE,MEDIUM_TERM_STRUCTURE_WEAKENING,MM_STRUCTURE_LOW_PARTICIPATION
2026-05-12,4677.60009765625,0.032051282051282,-0.07051282051282048,0.10256410256410248,0.032051282051282,-0.08333333333333331,-0.0256410256410256,-0.05448717948717946,0.08653846153846145,0.0128205128205128,-0.08333333333333331,0.09615384615384612,BASELINE_POSITIVE_CANDIDATE_NEGATIVE,BASELINE_POSITIVE_CANDIDATE_NEGATIVE,BASELINE_POSITIVE_CANDIDATE_NEGATIVE,MEDIUM_TERM_STRUCTURE_WEAKENING,MM_STRUCTURE_LOW_PARTICIPATION
2026-05-19,4506.2998046875,0.0641025641025641,-0.0897435897435897,0.1538461538461538,0.0384615384615384,0.01282051282051283,-0.032051282051282,-0.009615384615384585,0.04807692307692299,0.0576923076923076,-0.08333333333333331,0.1410256410256409,BASELINE_POSITIVE_CANDIDATE_NEGATIVE,BASELINE_POSITIVE_CANDIDATE_NEGATIVE,BASELINE_POSITIVE_CANDIDATE_NEGATIVE,MEDIUM_TERM_STRUCTURE_WEAKENING,MM_STRUCTURE_LOW_PARTICIPATION
2026-05-26,4500.39990234375,0.1089743589743589,-0.108974358974359,0.2179487179487179,-0.0256410256410256,-0.07051282051282057,-0.1538461538461538,-0.11217948717948718,0.08653846153846159,0.0705128205128205,-0.14743589743589747,0.21794871794871795,BASELINE_POSITIVE_CANDIDATE_NEGATIVE,SAME_DIRECTION_NEGATIVE,BASELINE_POSITIVE_CANDIDATE_NEGATIVE,MEDIUM_TERM_STRUCTURE_WEAKENING,MM_STRUCTURE_LOW_PARTICIPATION
2026-06-02,4489.10009765625,0.1153846153846153,-0.11538461538461542,0.23076923076923073,-0.2756410256410256,-0.25,-0.2371794871794871,-0.24358974358974356,-0.03205128205128205,0.2243589743589743,-0.0705128205128206,0.29487179487179493,BASELINE_POSITIVE_CANDIDATE_NEGATIVE,SAME_DIRECTION_NEGATIVE,BASELINE_POSITIVE_CANDIDATE_NEGATIVE,MEDIUM_TERM_STRUCTURE_WEAKENING,MM_STRUCTURE_LOW_PARTICIPATION
