date,gold_close,gold_normalized_index,mm_long,mm_short,mm_net,mm_net_percentile_156w,mm_long_change_1w,mm_short_change_1w,mm_net_change_1w,mm_long_change_pct_1w,mm_short_change_pct_1w,mm_net_change_pct_1w,weekly_structure_state,net_weekly_state,weekly_change_state
2009-09-01,954.7000122070312,100.0,157220,7182,150038,,,,,,,,NEUTRAL,NEUTRAL,NEUTRAL
2009-09-08,997.9000244140624,104.5249828904017,194723,7174,187549,,37503.0,-8.0,37511.0,0.23853835389899503,-0.001113895850737956,0.2500099974673083,LONG_BUILDING_SHORT_COVERING,NET_UP,LONG_BUILDING_SHORT_COVERING
2009-09-15,1005.0,105.2686694406432,207387,5527,201860,,12664.0,-1647.0,14311.0,0.06503597417870513,-0.22957903540563146,0.07630539219084079,LONG_BUILDING_SHORT_COVERING,NET_UP,LONG_BUILDING_SHORT_COVERING
2009-09-22,1014.2000122070312,106.23232421066496,208236,5170,203066,,849.0,-357.0,1206.0,0.004093795657394147,-0.06459200289487968,0.005974437729119191,LONG_BUILDING_SHORT_COVERING,NET_UP,LONG_BUILDING_SHORT_COVERING
2009-09-29,993.0999755859376,104.0222020412606,198175,3726,194449,,-10061.0,-1444.0,-8617.0,-0.048315372942238616,-0.2793036750483559,-0.042434479430332996,LONG_LIQUIDATION_SHORT_COVERING,NET_DOWN,LONG_LIQUIDATION_SHORT_COVERING
2009-10-06,1038.5999755859375,108.78809702588671,215753,6378,209375,,17578.0,2652.0,14926.0,0.08869938185946764,0.711755233494364,0.07676048732572552,LONG_BUILDING_SHORT_BUILDING,NET_UP,LONG_BUILDING_SHORT_BUILDING
2009-10-13,1064.199951171875,111.46956505339378,232086,5232,226854,,16333.0,-1146.0,17479.0,0.07570230773152632,-0.17968015051740358,0.08348179104477611,LONG_BUILDING_SHORT_COVERING,NET_UP,LONG_BUILDING_SHORT_COVERING
2009-10-20,1057.800048828125,110.7992076362031,233990,6715,227275,,1904.0,1483.0,421.0,0.008203855467369854,0.2834480122324159,0.0018558191612226367,LONG_BUILDING_SHORT_BUILDING,NET_UP,LONG_BUILDING_SHORT_BUILDING
2009-10-27,1034.699951171875,108.37958918424056,217920,7549,210371,,-16070.0,834.0,-16904.0,-0.06867814863883072,0.12419955323901713,-0.07437685623143768,LONG_LIQUIDATION_SHORT_BUILDING,NET_DOWN,LONG_LIQUIDATION_SHORT_BUILDING
2009-11-03,1084.300048828125,113.57494867120515,227499,9278,218221,,9579.0,1729.0,7850.0,0.04395649779735683,0.22903695853755465,0.03731502916276483,LONG_BUILDING_SHORT_BUILDING,NET_UP,LONG_BUILDING_SHORT_BUILDING
2009-11-09,1100.800048828125,115.3032402590366,223460,8495,214965,,-4039.0,-783.0,-3256.0,-0.017753924193073378,-0.0843931881871093,-0.014920653832582566,LONG_LIQUIDATION_SHORT_COVERING,NET_DOWN,LONG_LIQUIDATION_SHORT_COVERING
2009-11-17,1138.800048828125,119.28354815828479,222637,8401,214236,,-823.0,-94.0,-729.0,-0.003682985769265193,-0.011065332548557976,-0.0033912497383294955,LONG_LIQUIDATION_SHORT_COVERING,NET_DOWN,LONG_LIQUIDATION_SHORT_COVERING
2009-11-24,1165.5,122.08023306773099,225366,3589,221777,,2729.0,-4812.0,7541.0,0.012257621150123296,-0.5727889536959886,0.035199499617244535,LONG_BUILDING_SHORT_COVERING,NET_UP,LONG_BUILDING_SHORT_COVERING
2009-12-01,1199.0999755859375,125.59966065297452,224030,6874,217156,,-1336.0,3285.0,-4621.0,-0.005928134678700425,0.9152967400390081,-0.02083624541769435,LONG_LIQUIDATION_SHORT_BUILDING,NET_DOWN,LONG_LIQUIDATION_SHORT_BUILDING
2009-12-08,1142.800048828125,119.70252793715304,213164,5353,207811,,-10866.0,-1521.0,-9345.0,-0.048502432709904925,-0.22126854815245853,-0.04303357954650113,LONG_LIQUIDATION_SHORT_COVERING,NET_DOWN,LONG_LIQUIDATION_SHORT_COVERING
2009-12-15,1122.4000244140625,117.56572850767542,212517,4429,208088,,-647.0,-924.0,277.0,-0.0030352217072301137,-0.17261348776387073,0.0013329419520622103,LONG_LIQUIDATION_SHORT_COVERING,NET_UP,LONG_LIQUIDATION_SHORT_COVERING
2009-12-22,1086.0,113.75300996272489,206996,4813,202183,,-5521.0,384.0,-5905.0,-0.025979098142736818,0.0867012869722285,-0.028377417246549536,LONG_LIQUIDATION_SHORT_BUILDING,NET_DOWN,LONG_LIQUIDATION_SHORT_BUILDING
2009-12-29,1097.0,114.90520435461254,201751,5926,195825,,-5245.0,1113.0,-6358.0,-0.025338653887031635,0.23124870143361728,-0.03144675862955837,LONG_LIQUIDATION_SHORT_BUILDING,NET_DOWN,LONG_LIQUIDATION_SHORT_BUILDING
2010-01-05,1118.0999755859375,117.11532013089283,198506,6907,191599,,-3245.0,981.0,-4226.0,-0.01608418297802737,0.1655416807289909,-0.021580492786927103,LONG_LIQUIDATION_SHORT_BUILDING,NET_DOWN,LONG_LIQUIDATION_SHORT_BUILDING
2010-01-12,1128.9000244140625,118.2465706483363,202180,11137,191043,,3674.0,4230.0,-556.0,0.018508256677380028,0.612422180396699,-0.0029018940599898745,LONG_BUILDING_SHORT_BUILDING,NET_DOWN,LONG_BUILDING_SHORT_BUILDING
2010-01-19,1139.699951171875,119.37780837953164,200320,7695,192625,,-1860.0,-3442.0,1582.0,-0.009199723019091898,-0.3090598904552393,0.008280858236103915,LONG_LIQUIDATION_SHORT_COVERING,NET_UP,LONG_LIQUIDATION_SHORT_COVERING
2010-01-26,1097.9000244140625,114.99947736210751,182133,7766,174367,,-18187.0,71.0,-18258.0,-0.09078973642172523,0.009226770630279402,-0.09478520441271901,LONG_LIQUIDATION_SHORT_BUILDING,NET_DOWN,LONG_LIQUIDATION_SHORT_BUILDING
2010-02-02,1117.4000244140625,117.04200378409013,187024,8423,178601,,4891.0,657.0,4234.0,0.02685400229502616,0.08459953644089621,0.024282117602528002,LONG_BUILDING_SHORT_BUILDING,NET_UP,LONG_BUILDING_SHORT_BUILDING
2010-02-09,1076.699951171875,112.778876862357,166132,13404,152728,,-20892.0,4981.0,-25873.0,-0.11170758833090941,0.591356998694052,-0.14486481038739984,LONG_LIQUIDATION_SHORT_BUILDING,NET_DOWN,LONG_LIQUIDATION_SHORT_BUILDING
2010-02-16,1119.300048828125,117.24102173630217,167613,10459,157154,,1481.0,-2945.0,4426.0,0.008914598030481785,-0.2197105341689048,0.028979623906552825,LONG_BUILDING_SHORT_COVERING,NET_UP,LONG_BUILDING_SHORT_COVERING
2010-02-23,1102.699951171875,115.5022454250005,171565,6909,164656,,3952.0,-3550.0,7502.0,0.02357812341524822,-0.3394205947031265,0.04773661504002443,LONG_BUILDING_SHORT_COVERING,NET_UP,LONG_BUILDING_SHORT_COVERING
2010-03-02,1136.9000244140625,119.08453020607277,182360,5689,176671,,10795.0,-1220.0,12015.0,0.06292075889604523,-0.17658127080619482,0.07297031386648528,LONG_BUILDING_SHORT_COVERING,NET_UP,LONG_BUILDING_SHORT_COVERING
2010-03-09,1122.0,117.52382797253898,179078,4670,174408,,-3282.0,-1019.0,-2263.0,-0.0179973678438254,-0.17911759535946564,-0.012809119776307373,LONG_LIQUIDATION_SHORT_COVERING,NET_DOWN,LONG_LIQUIDATION_SHORT_COVERING
2010-03-16,1122.199951171875,117.54477184698314,176715,6438,170277,,-2363.0,1768.0,-4131.0,-0.013195367381811278,0.37858672376873664,-0.023685840099078023,LONG_LIQUIDATION_SHORT_BUILDING,NET_DOWN,LONG_LIQUIDATION_SHORT_BUILDING
2010-03-23,1103.5,115.5860464952734,162654,8962,153692,,-14061.0,2524.0,-16585.0,-0.07956879721585604,0.39204721963342654,-0.09740011863023192,LONG_LIQUIDATION_SHORT_BUILDING,NET_DOWN,LONG_LIQUIDATION_SHORT_BUILDING
2010-03-30,1104.5,115.69079143999046,155355,8135,147220,,-7299.0,-827.0,-6472.0,-0.04487439595706223,-0.0922785092613256,-0.04211019441480363,LONG_LIQUIDATION_SHORT_COVERING,NET_DOWN,LONG_LIQUIDATION_SHORT_COVERING
2010-04-06,1135.0999755859375,118.8959841910828,181635,6500,175135,,26280.0,-1635.0,27915.0,0.16916095394419234,-0.20098340503995082,0.18961418285559029,LONG_BUILDING_SHORT_COVERING,NET_UP,LONG_BUILDING_SHORT_COVERING
2010-04-13,1152.800048828125,120.7499773843236,200201,3506,196695,,18566.0,-2994.0,21560.0,0.10221598260247199,-0.4606153846153846,0.12310503326005653,LONG_BUILDING_SHORT_COVERING,NET_UP,LONG_BUILDING_SHORT_COVERING
2010-04-20,1138.5999755859375,119.26259149759251,199008,6768,192240,,-1193.0,3262.0,-4455.0,-0.005959011193750281,0.930405019965773,-0.022649279341111873,LONG_LIQUIDATION_SHORT_BUILDING,NET_DOWN,LONG_LIQUIDATION_SHORT_BUILDING
2010-04-27,1161.699951171875,121.68219716330692,210203,4760,205443,,11195.0,-2008.0,13203.0,0.05625401993889693,-0.2966903073286052,0.06867977528089887,LONG_BUILDING_SHORT_COVERING,NET_UP,LONG_BUILDING_SHORT_COVERING
2010-05-04,1168.5999755859375,122.40493983910426,217433,9645,207788,,7230.0,4885.0,2345.0,0.03439532261670861,1.0262605042016806,0.011414358240485195,LONG_BUILDING_SHORT_BUILDING,NET_UP,LONG_BUILDING_SHORT_BUILDING
2010-05-11,1219.9000244140625,127.77836061758859,224664,7134,217530,,7231.0,-2511.0,9742.0,0.0332562214567246,-0.2603421461897356,0.046884324407569254,LONG_BUILDING_SHORT_COVERING,NET_UP,LONG_BUILDING_SHORT_COVERING
2010-05-18,1214.300048828125,127.19179148442268,226337,6542,219795,,1673.0,-592.0,2265.0,0.0074466759249367945,-0.08298289879450518,0.010412356916287408,LONG_BUILDING_SHORT_COVERING,NET_UP,LONG_BUILDING_SHORT_COVERING
2010-05-25,1197.800048828125,125.46349989659123,212919,7703,205216,,-13418.0,1161.0,-14579.0,-0.05928328112504805,0.17746866401712014,-0.06632998930821903,LONG_LIQUIDATION_SHORT_BUILDING,NET_DOWN,LONG_LIQUIDATION_SHORT_BUILDING
2010-06-01,1224.800048828125,128.2916134039518,210717,4459,206258,,-2202.0,-3244.0,1042.0,-0.010341961027432968,-0.42113462287420483,0.005077576797130828,LONG_LIQUIDATION_SHORT_COVERING,NET_UP,LONG_LIQUIDATION_SHORT_COVERING
2010-06-08,1244.0,130.30271122802003,215177,5161,210016,,4460.0,702.0,3758.0,0.021165829050337658,0.15743440233236153,0.01821989934935857,LONG_BUILDING_SHORT_BUILDING,NET_UP,LONG_BUILDING_SHORT_BUILDING
2010-06-15,1233.199951171875,129.17146071057658,215511,4021,211490,,334.0,-1140.0,1474.0,0.0015522105057696686,-0.22088742491765162,0.0070185128752095075,LONG_BUILDING_SHORT_COVERING,NET_UP,LONG_BUILDING_SHORT_COVERING
2010-06-22,1239.9000244140625,129.87325951192975,223219,4354,218865,,7708.0,333.0,7375.0,0.035766155787871616,0.08281522009450386,0.034871625135940235,LONG_BUILDING_SHORT_BUILDING,NET_UP,LONG_BUILDING_SHORT_BUILDING
2010-06-29,1242.0,130.09322133858592,219365,4903,214462,,-3854.0,549.0,-4403.0,-0.017265555351470976,0.1260909508497933,-0.02011742398282046,LONG_LIQUIDATION_SHORT_BUILDING,NET_DOWN,LONG_LIQUIDATION_SHORT_BUILDING
2010-07-06,1194.800048828125,125.14926506244004,193032,11299,181733,,-26333.0,6396.0,-32729.0,-0.12004193923369726,1.3045074444217826,-0.1526097863490968,LONG_LIQUIDATION_SHORT_BUILDING,NET_DOWN,LONG_LIQUIDATION_SHORT_BUILDING
2010-07-13,1213.300048828125,127.08704653970561,188892,8138,180754,,-4140.0,-3161.0,-979.0,-0.02144722118612458,-0.2797592707319232,-0.0053870238206599795,LONG_LIQUIDATION_SHORT_COVERING,NET_DOWN,LONG_LIQUIDATION_SHORT_COVERING
2010-07-20,1191.5,124.80360163037449,169169,20798,148371,,-19723.0,12660.0,-32383.0,-0.10441416259026322,1.5556647825018433,-0.17915509476968697,LONG_LIQUIDATION_SHORT_BUILDING,NET_DOWN,LONG_LIQUIDATION_SHORT_BUILDING
2010-07-27,1158.0,121.29464598235306,167161,14269,152892,,-2008.0,-6529.0,4521.0,-0.011869787017716012,-0.31392441580921243,0.030470914127423823,LONG_LIQUIDATION_SHORT_COVERING,NET_UP,LONG_LIQUIDATION_SHORT_COVERING
2010-08-03,1185.199951171875,124.14370336415779,167800,11435,156365,,639.0,-2834.0,3473.0,0.0038226619845538132,-0.19861237648048216,0.022715380791669938,LONG_BUILDING_SHORT_COVERING,NET_UP,LONG_BUILDING_SHORT_COVERING
2010-08-10,1196.199951171875,125.29589775604542,167837,9244,158593,,37.0,-2191.0,2228.0,0.00022050059594755662,-0.19160472234368167,0.014248712947270809,LONG_BUILDING_SHORT_COVERING,NET_UP,LONG_BUILDING_SHORT_COVERING
2010-08-17,1226.5999755859375,128.48014663269362,182555,5336,177219,,14718.0,-3908.0,18626.0,0.08769222519468294,-0.42276070964950235,0.1174452844703108,LONG_BUILDING_SHORT_COVERING,NET_UP,LONG_BUILDING_SHORT_COVERING
2010-08-24,1231.800048828125,129.02482801697118,201864,5780,196084,0.5192307692307693,19309.0,444.0,18865.0,0.10577086357536085,0.08320839580209895,0.10645021132045661,LONG_BUILDING_SHORT_BUILDING,NET_UP,LONG_BUILDING_SHORT_BUILDING
2010-08-31,1248.300048828125,130.75311960480263,215631,6431,209200,0.7169811320754716,13767.0,651.0,13116.0,0.06819938176197836,0.11262975778546713,0.06688970033251056,LONG_BUILDING_SHORT_BUILDING,NET_UP,LONG_BUILDING_SHORT_BUILDING
2010-09-07,1257.300048828125,131.69582410725616,217437,6410,211027,0.7777777777777778,1806.0,-21.0,1827.0,0.008375419118772346,-0.0032654330586222983,0.008733269598470364,LONG_BUILDING_SHORT_COVERING,NET_UP,LONG_BUILDING_SHORT_COVERING
2010-09-14,1269.699951171875,132.9946511927492,225821,7571,218250,0.9090909090909092,8384.0,1161.0,7223.0,0.03855829504638125,0.1811232449297972,0.03422784762139442,LONG_BUILDING_SHORT_BUILDING,NET_UP,LONG_BUILDING_SHORT_BUILDING
2010-09-21,1272.4000244140625,133.2774702152341,219781,5982,213799,0.7857142857142857,-6040.0,-1589.0,-4451.0,-0.02674684816735379,-0.2098798045172368,-0.020394043528064145,LONG_LIQUIDATION_SHORT_COVERING,NET_DOWN,LONG_LIQUIDATION_SHORT_COVERING
2010-09-28,1306.5999755859375,136.85974221005824,231457,7049,224408,0.9649122807017544,11676.0,1067.0,10609.0,0.053125611404079516,0.17836843864928117,0.049621373345993196,LONG_BUILDING_SHORT_BUILDING,NET_UP,LONG_BUILDING_SHORT_BUILDING
2010-10-05,1338.9000244140625,140.24300903891847,227061,8345,218716,0.896551724137931,-4396.0,1296.0,-5692.0,-0.018992728670984244,0.18385586608029508,-0.025364514634059393,LONG_LIQUIDATION_SHORT_BUILDING,NET_DOWN,LONG_LIQUIDATION_SHORT_BUILDING
2010-10-12,1345.699951171875,140.95526699124557,233925,9966,223959,0.9491525423728814,6864.0,1621.0,5243.0,0.030229762046322353,0.19424805272618334,0.02397172589110993,LONG_BUILDING_SHORT_BUILDING,NET_UP,LONG_BUILDING_SHORT_BUILDING
2010-10-19,1335.0999755859375,139.8449731344944,220360,11613,208747,0.6333333333333333,-13565.0,1647.0,-15212.0,-0.05798867158277225,0.16526189042745335,-0.06792314664737742,LONG_LIQUIDATION_SHORT_BUILDING,NET_DOWN,LONG_LIQUIDATION_SHORT_BUILDING
2010-10-26,1338.0,140.14873603142348,209780,11743,198037,0.4754098360655737,-10580.0,130.0,-10710.0,-0.04801234343801053,0.011194351158184793,-0.05130612655511217,LONG_LIQUIDATION_SHORT_BUILDING,NET_DOWN,LONG_LIQUIDATION_SHORT_BUILDING
2010-11-02,1356.4000244140625,142.07604557146698,211627,16033,195594,0.4193548387096774,1847.0,4290.0,-2443.0,0.008804461817141767,0.3653240228221068,-0.012336078611572585,LONG_BUILDING_SHORT_BUILDING,NET_DOWN,LONG_BUILDING_SHORT_BUILDING
2010-11-09,1409.800048828125,147.66942817660748,208053,19379,188674,0.3333333333333333,-3574.0,3346.0,-6920.0,-0.016888204246150066,0.20869456745462484,-0.0353794083663098,LONG_LIQUIDATION_SHORT_BUILDING,NET_DOWN,LONG_LIQUIDATION_SHORT_BUILDING
2010-11-16,1338.300048828125,140.18016462933784,183835,17233,166602,0.171875,-24218.0,-2146.0,-22072.0,-0.11640303191975122,-0.11073842819546932,-0.11698485217889057,LONG_LIQUIDATION_SHORT_COVERING,NET_DOWN,LONG_LIQUIDATION_SHORT_COVERING
2010-11-23,1377.5,144.28616134774728,185172,15166,170006,0.1846153846153846,1337.0,-2067.0,3404.0,0.00727282617564664,-0.11994429292636222,0.020431927587904106,LONG_BUILDING_SHORT_COVERING,NET_UP,LONG_BUILDING_SHORT_COVERING
2010-11-30,1385.0,145.0717484331252,187247,11873,175374,0.2575757575757575,2075.0,-3293.0,5368.0,0.01120579785280712,-0.21713042331531057,0.0315753561639001,LONG_BUILDING_SHORT_COVERING,NET_UP,LONG_BUILDING_SHORT_COVERING
2010-12-07,1408.300048828125,147.5123107595319,190212,10455,179757,0.3134328358208955,2965.0,-1418.0,4383.0,0.01583469962135575,-0.11943064095005475,0.024992302165657395,LONG_BUILDING_SHORT_COVERING,NET_UP,LONG_BUILDING_SHORT_COVERING
2010-12-14,1403.5999755859375,147.02000184761286,180601,11976,168625,0.1764705882352941,-9611.0,1521.0,-11132.0,-0.050527832103127036,0.145480631276901,-0.06192804730831066,LONG_LIQUIDATION_SHORT_BUILDING,NET_DOWN,LONG_LIQUIDATION_SHORT_BUILDING
2010-12-21,1388.199951171875,145.40692714172053,172385,14735,157650,0.1304347826086956,-8216.0,2759.0,-10975.0,-0.04549254987513912,0.23037742150968604,-0.06508524833209785,LONG_LIQUIDATION_SHORT_BUILDING,NET_DOWN,LONG_LIQUIDATION_SHORT_BUILDING
2010-12-28,1405.199951171875,147.18759120191052,180866,12952,167914,0.1857142857142857,8481.0,-1783.0,10264.0,0.04919801606868347,-0.12100441126569393,0.06510624801776087,LONG_BUILDING_SHORT_COVERING,NET_UP,LONG_BUILDING_SHORT_COVERING
2011-01-04,1378.5,144.39090629246434,172298,16163,156135,0.0985915492957746,-8568.0,3211.0,-11779.0,-0.047372087622881025,0.24791537986411366,-0.07014900484771966,LONG_LIQUIDATION_SHORT_BUILDING,NET_DOWN,LONG_LIQUIDATION_SHORT_BUILDING
2011-01-11,1384.0,144.96700348840815,160750,21194,139556,0.0138888888888888,-11548.0,5031.0,-16579.0,-0.06702341292411984,0.3112664728082658,-0.10618375124091331,LONG_LIQUIDATION_SHORT_BUILDING,NET_DOWN,LONG_LIQUIDATION_SHORT_BUILDING
2011-01-18,1368.0999755859375,143.3015563101573,159114,25874,133240,0.0136986301369863,-1636.0,4680.0,-6316.0,-0.010177293934681182,0.22081721241860905,-0.04525781765026226,LONG_LIQUIDATION_SHORT_BUILDING,NET_DOWN,LONG_LIQUIDATION_SHORT_BUILDING
2011-01-25,1332.300048828125,139.5516949610355,160562,22345,138217,0.027027027027027,1448.0,-3529.0,4977.0,0.009100393428610933,-0.1363917446084873,0.0373536475532873,LONG_BUILDING_SHORT_COVERING,NET_UP,LONG_BUILDING_SHORT_COVERING
2011-02-01,1339.5999755859375,140.31632538572114,145530,21797,123733,0.0133333333333333,-15032.0,-548.0,-14484.0,-0.09362115569063664,-0.0245245021257552,-0.1047917405239587,LONG_LIQUIDATION_SHORT_COVERING,NET_DOWN,LONG_LIQUIDATION_SHORT_COVERING
2011-02-08,1363.4000244140625,142.8092601844864,159732,18223,141509,0.0657894736842105,14202.0,-3574.0,17776.0,0.09758812615955473,-0.16396751846584393,0.14366418012979562,LONG_BUILDING_SHORT_COVERING,NET_UP,LONG_BUILDING_SHORT_COVERING
2011-02-15,1373.5999755859375,143.8776535061011,166406,12172,154234,0.1558441558441558,6674.0,-6051.0,12725.0,0.041782485663486336,-0.33205290018108985,0.08992360909906791,LONG_BUILDING_SHORT_COVERING,NET_UP,LONG_BUILDING_SHORT_COVERING
2011-02-22,1400.5,146.6952950762396,185082,16633,168449,0.2692307692307692,18676.0,4461.0,14215.0,0.11223153011309689,0.36649687808084125,0.09216515165268359,LONG_BUILDING_SHORT_BUILDING,NET_UP,LONG_BUILDING_SHORT_BUILDING
2011-03-01,1430.699951171875,149.8585872921955,199371,10555,188816,0.4683544303797468,14289.0,-6078.0,20367.0,0.0772036178558693,-0.36541814465219746,0.12090899916295139,LONG_BUILDING_SHORT_COVERING,NET_UP,LONG_BUILDING_SHORT_COVERING
2011-03-08,1426.9000244140625,149.46056417401957,197377,8757,188620,0.45,-1994.0,-1798.0,-196.0,-0.010001454574637234,-0.1703458076740881,-0.0010380476230827896,LONG_LIQUIDATION_SHORT_COVERING,NET_DOWN,LONG_LIQUIDATION_SHORT_COVERING
2011-03-15,1392.5999755859375,145.86780745572523,187986,11748,176238,0.3580246913580246,-9391.0,2991.0,-12382.0,-0.04757899856619566,0.34155532716683795,-0.06564521259675538,LONG_LIQUIDATION_SHORT_BUILDING,NET_DOWN,LONG_LIQUIDATION_SHORT_BUILDING
2011-03-22,1427.5,149.52340858360017,183912,5037,178875,0.4024390243902439,-4074.0,-6711.0,2637.0,-0.021671826625386997,-0.5712461695607763,0.014962720866101523,LONG_LIQUIDATION_SHORT_COVERING,NET_UP,LONG_LIQUIDATION_SHORT_COVERING
2011-03-29,1416.0,148.318841719354,196020,4603,191417,0.5060240963855421,12108.0,-434.0,12542.0,0.06583583452955762,-0.08616239825292833,0.07011600279524807,LONG_BUILDING_SHORT_COVERING,NET_UP,LONG_BUILDING_SHORT_COVERING
2011-04-05,1451.800048828125,152.06871585472393,213018,6324,206694,0.6904761904761905,16998.0,1721.0,15277.0,0.08671564126109581,0.3738865956984575,0.07981004821933266,LONG_BUILDING_SHORT_BUILDING,NET_UP,LONG_BUILDING_SHORT_BUILDING
2011-04-12,1452.9000244140625,152.18393273666305,208714,6810,201904,0.6235294117647059,-4304.0,486.0,-4790.0,-0.02020486531654602,0.07685009487666034,-0.0231743543595847,LONG_LIQUIDATION_SHORT_BUILDING,NET_DOWN,LONG_LIQUIDATION_SHORT_BUILDING
2011-04-19,1494.5,156.54131987964303,216243,4506,211737,0.813953488372093,7529.0,-2304.0,9833.0,0.036073286890194234,-0.3383259911894273,0.04870136302401141,LONG_BUILDING_SHORT_COVERING,NET_UP,LONG_BUILDING_SHORT_COVERING
2011-04-26,1503.0,157.43165190973804,207496,5079,202417,0.632183908045977,-8747.0,573.0,-9320.0,-0.04044986427306317,0.12716378162450068,-0.04401686998493414,LONG_LIQUIDATION_SHORT_BUILDING,NET_DOWN,LONG_LIQUIDATION_SHORT_BUILDING
2011-05-03,1540.0999755859375,161.31768680149125,203624,10746,192878,0.5227272727272727,-3872.0,5667.0,-9539.0,-0.01866060068627829,1.1157708210277613,-0.04712548847181808,LONG_LIQUIDATION_SHORT_BUILDING,NET_DOWN,LONG_LIQUIDATION_SHORT_BUILDING
2011-05-10,1516.5999755859375,158.85618060064039,191435,10461,180974,0.4044943820224719,-12189.0,-285.0,-11904.0,-0.059860330805798924,-0.026521496370742602,-0.061717769781934696,LONG_LIQUIDATION_SHORT_COVERING,NET_DOWN,LONG_LIQUIDATION_SHORT_COVERING
2011-05-17,1479.800048828125,155.00157430680156,181722,7934,173788,0.2777777777777778,-9713.0,-2527.0,-7186.0,-0.0507378483558388,-0.24156390402447184,-0.03970736127841568,LONG_LIQUIDATION_SHORT_COVERING,NET_DOWN,LONG_LIQUIDATION_SHORT_COVERING
2011-05-24,1523.199951171875,159.54749467852335,191481,14589,176892,0.3516483516483517,9759.0,6655.0,3104.0,0.05370290883877571,0.8387950592387194,0.017860841945358714,LONG_BUILDING_SHORT_BUILDING,NET_UP,LONG_BUILDING_SHORT_BUILDING
2011-05-31,1535.9000244140625,160.87776314817887,197416,10101,187315,0.4347826086956521,5935.0,-4488.0,10423.0,0.030995242347804743,-0.3076290355747481,0.05892295864143093,LONG_BUILDING_SHORT_COVERING,NET_UP,LONG_BUILDING_SHORT_COVERING
2011-06-07,1543.300048828125,161.65287829633473,203518,7648,195870,0.5806451612903226,6102.0,-2453.0,8555.0,0.030909348786319246,-0.24284724284724285,0.04567172943971385,LONG_BUILDING_SHORT_COVERING,NET_UP,LONG_BUILDING_SHORT_COVERING
2011-06-14,1523.800048828125,159.61035187435212,197429,9643,187786,0.4468085106382978,-6089.0,1995.0,-8084.0,-0.029918729547263632,0.26085251046025104,-0.041272272425588404,LONG_LIQUIDATION_SHORT_BUILDING,NET_DOWN,LONG_LIQUIDATION_SHORT_BUILDING
2011-06-21,1546.0,161.9356845325715,213479,7220,206259,0.7052631578947368,16050.0,-2423.0,18473.0,0.08129504783998298,-0.2512703515503474,0.09837261563694844,LONG_BUILDING_SHORT_COVERING,NET_UP,LONG_BUILDING_SHORT_COVERING
2011-06-28,1499.699951171875,157.0859884776725,178804,9233,169571,0.2395833333333333,-34675.0,2013.0,-36688.0,-0.1624281545257379,0.278808864265928,-0.1778734503706505,LONG_LIQUIDATION_SHORT_BUILDING,NET_DOWN,LONG_LIQUIDATION_SHORT_BUILDING
2011-07-05,1512.300048828125,158.40578501010594,173769,8346,165423,0.1958762886597938,-5035.0,-887.0,-4148.0,-0.028159325294736137,-0.09606845012455323,-0.024461729894852305,LONG_LIQUIDATION_SHORT_COVERING,NET_DOWN,LONG_LIQUIDATION_SHORT_COVERING
2011-07-12,1561.9000244140625,163.6011317108224,208383,9278,199105,0.6224489795918368,34614.0,932.0,33682.0,0.19919548365934084,0.11167026120297148,0.2036113478778646,LONG_BUILDING_SHORT_BUILDING,NET_UP,LONG_BUILDING_SHORT_BUILDING
2011-07-19,1600.9000244140625,167.68618455478764,220116,9827,210289,0.797979797979798,11733.0,549.0,11184.0,0.056304976893508586,0.05917223539555939,0.05617136686672861,LONG_BUILDING_SHORT_BUILDING,NET_UP,LONG_BUILDING_SHORT_BUILDING
2011-07-26,1616.5999755859375,169.3306750723462,221551,8050,213501,0.84,1435.0,-1777.0,3212.0,0.006519289828999255,-0.1808283301109189,0.015274217862085035,LONG_BUILDING_SHORT_COVERING,NET_UP,LONG_BUILDING_SHORT_COVERING
2011-08-02,1641.9000244140625,171.980727288187,237847,9023,228824,1.0,16296.0,973.0,15323.0,0.07355417037160744,0.1208695652173913,0.0717701556432991,LONG_BUILDING_SHORT_BUILDING,NET_UP,LONG_BUILDING_SHORT_BUILDING
2011-08-09,1740.0,182.25620380768078,201303,9893,191410,0.4803921568627451,-36544.0,870.0,-37414.0,-0.15364499026685222,0.09642025933724925,-0.16350557633814636,LONG_LIQUIDATION_SHORT_BUILDING,NET_DOWN,LONG_LIQUIDATION_SHORT_BUILDING
2011-08-16,1782.4000244140625,186.69739202093365,213261,13386,199875,0.6116504854368932,11958.0,3493.0,8465.0,0.05940298952325599,0.35307793389265135,0.044224439684446996,LONG_BUILDING_SHORT_BUILDING,NET_UP,LONG_BUILDING_SHORT_BUILDING
2011-08-23,1858.300048828125,194.647535882208,202430,10108,192322,0.5096153846153846,-10831.0,-3278.0,-7553.0,-0.05078753264778839,-0.244882713282534,-0.03778861788617886,LONG_LIQUIDATION_SHORT_COVERING,NET_DOWN,LONG_LIQUIDATION_SHORT_COVERING
2011-08-30,1826.699951171875,191.33758540015043,189799,6727,183072,0.4,-12631.0,-3381.0,-9250.0,-0.06239687793311268,-0.3344875346260388,-0.04809642162623101,LONG_LIQUIDATION_SHORT_COVERING,NET_DOWN,LONG_LIQUIDATION_SHORT_COVERING
2011-09-06,1869.9000244140625,195.8625746836762,195197,7002,188195,0.4339622641509434,5398.0,275.0,5123.0,0.028440613491114285,0.04088003567712205,0.02798352560741129,LONG_BUILDING_SHORT_BUILDING,NET_UP,LONG_BUILDING_SHORT_BUILDING
2011-09-13,1826.800048828125,191.34807012362066,182461,6192,176269,0.308411214953271,-12736.0,-810.0,-11926.0,-0.06524690440939154,-0.11568123393316196,-0.06337044023486278,LONG_LIQUIDATION_SHORT_COVERING,NET_DOWN,LONG_LIQUIDATION_SHORT_COVERING
2011-09-20,1806.5999755859373,189.23221456858715,159718,8293,151425,0.0833333333333333,-22743.0,2101.0,-24844.0,-0.12464581472205019,0.3393087855297158,-0.1409436713205385,LONG_LIQUIDATION_SHORT_BUILDING,NET_DOWN,LONG_LIQUIDATION_SHORT_BUILDING
2011-09-27,1650.5999755859375,172.89200319272615,136103,13628,122475,0.0091743119266055,-23615.0,5335.0,-28950.0,-0.14785434328003105,0.6433136380079585,-0.19118375433382861,LONG_LIQUIDATION_SHORT_BUILDING,NET_DOWN,LONG_LIQUIDATION_SHORT_BUILDING
2011-10-04,1614.699951171875,169.13165712013415,133320,12631,120689,0.009090909090909,-2783.0,-997.0,-1786.0,-0.020447749131172716,-0.07315820369826827,-0.01458256787099408,LONG_LIQUIDATION_SHORT_COVERING,NET_DOWN,LONG_LIQUIDATION_SHORT_COVERING
2011-10-11,1659.699951171875,173.84517963240177,134111,12090,122021,0.018018018018018,791.0,-541.0,1332.0,0.005933093309330933,-0.042831129760114,0.011036631341712998,LONG_BUILDING_SHORT_COVERING,NET_UP,LONG_BUILDING_SHORT_COVERING
2011-10-18,1651.699951171875,173.0072200746653,132678,14779,117899,0.0089285714285714,-1433.0,2689.0,-4122.0,-0.010685178695259897,0.22241521918941273,-0.03378107047147622,LONG_LIQUIDATION_SHORT_BUILDING,NET_DOWN,LONG_LIQUIDATION_SHORT_BUILDING
2011-10-25,1699.5999755859375,178.024505483862,141961,15391,126570,0.0530973451327433,9283.0,612.0,8671.0,0.0699663847811996,0.04141010893835848,0.07354600123834808,LONG_BUILDING_SHORT_BUILDING,NET_UP,LONG_BUILDING_SHORT_BUILDING
2011-11-01,1711.0,179.2186004108861,144879,11868,133011,0.0614035087719298,2918.0,-3523.0,6441.0,0.02055494114580765,-0.22890000649730363,0.05088883621711306,LONG_BUILDING_SHORT_COVERING,NET_UP,LONG_BUILDING_SHORT_COVERING
2011-11-08,1798.4000244140625,188.37331113640656,155632,9577,146055,0.1043478260869565,10753.0,-2291.0,13044.0,0.07422055646435992,-0.19304010785305023,0.09806707715903196,LONG_BUILDING_SHORT_COVERING,NET_UP,LONG_BUILDING_SHORT_COVERING
2011-11-15,1781.699951171875,186.62406288788281,159850,8940,150910,0.1379310344827586,4218.0,-637.0,4855.0,0.02710239539426339,-0.06651352197974314,0.033240902399780906,LONG_BUILDING_SHORT_COVERING,NET_UP,LONG_BUILDING_SHORT_COVERING
2011-11-22,1702.199951171875,178.2968397828767,146180,8498,137682,0.0769230769230769,-13670.0,-442.0,-13228.0,-0.08551767281826712,-0.049440715883668905,-0.087654893645219,LONG_LIQUIDATION_SHORT_COVERING,NET_DOWN,LONG_LIQUIDATION_SHORT_COVERING
2011-11-29,1713.4000244140625,179.46999083545666,141009,7215,133794,0.0762711864406779,-5171.0,-1283.0,-3888.0,-0.03537419619647011,-0.15097670040009414,-0.028238985488299125,LONG_LIQUIDATION_SHORT_COVERING,NET_DOWN,LONG_LIQUIDATION_SHORT_COVERING
2011-12-06,1727.9000244140625,180.988792533854,146486,8794,137692,0.0924369747899159,5477.0,1579.0,3898.0,0.038841492387010755,0.21884961884961884,0.02913434085235511,LONG_BUILDING_SHORT_BUILDING,NET_UP,LONG_BUILDING_SHORT_BUILDING
2011-12-13,1659.9000244140625,173.86613629309403,137811,10674,127137,0.0583333333333333,-8675.0,1880.0,-10555.0,-0.05922067637863004,0.21378212417557427,-0.07665659588066119,LONG_LIQUIDATION_SHORT_BUILDING,NET_DOWN,LONG_LIQUIDATION_SHORT_BUILDING
2011-12-20,1615.5999755859375,169.22593012762914,124617,13147,111470,0.0082644628099173,-13194.0,2473.0,-15667.0,-0.09573981757624572,0.2316844669289863,-0.12322927235973792,LONG_LIQUIDATION_SHORT_BUILDING,NET_DOWN,LONG_LIQUIDATION_SHORT_BUILDING
2011-12-27,1594.199951171875,166.98438575343445,120594,14551,106043,0.0081967213114754,-4023.0,1404.0,-5427.0,-0.03228291485110378,0.10679242412717731,-0.04868574504350946,LONG_LIQUIDATION_SHORT_BUILDING,NET_DOWN,LONG_LIQUIDATION_SHORT_BUILDING
2012-01-03,1599.699951171875,167.5604829493783,121961,17399,104562,0.008130081300813,1367.0,2848.0,-1481.0,0.011335555666119376,0.19572537969898976,-0.01396603264713371,LONG_BUILDING_SHORT_BUILDING,NET_DOWN,LONG_BUILDING_SHORT_BUILDING
2012-01-10,1631.0,170.83900483352147,118994,15014,103980,0.0080645161290322,-2967.0,-2385.0,-582.0,-0.024327448938595123,-0.1370768434967527,-0.005566075629769897,LONG_LIQUIDATION_SHORT_COVERING,NET_DOWN,LONG_LIQUIDATION_SHORT_COVERING
2012-01-17,1655.199951171875,173.373827381175,120582,11927,108655,0.032,1588.0,-3087.0,4675.0,0.013345210682891575,-0.20560809910749966,0.044960569340257744,LONG_BUILDING_SHORT_COVERING,NET_UP,LONG_BUILDING_SHORT_COVERING
2012-01-24,1664.199951171875,174.31653188362853,127512,10356,117156,0.0476190476190476,6930.0,-1571.0,8501.0,0.05747126436781609,-0.131717950867779,0.078238461184483,LONG_BUILDING_SHORT_COVERING,NET_UP,LONG_BUILDING_SHORT_COVERING
2012-01-31,1737.800048828125,182.02577004380248,149921,5973,143948,0.1732283464566929,22409.0,-4383.0,26792.0,0.17574032247945293,-0.4232329084588644,0.2286865376079757,LONG_BUILDING_SHORT_COVERING,NET_UP,LONG_BUILDING_SHORT_COVERING
2012-02-07,1746.4000244140625,182.92657401111956,161575,5966,155609,0.2578125,11654.0,-7.0,11661.0,0.07773427338398223,-0.0011719403984597355,0.08100841970711646,LONG_BUILDING_SHORT_COVERING,NET_UP,LONG_BUILDING_SHORT_COVERING
2012-02-14,1715.9000244140625,179.73185319724928,156994,8005,148989,0.2015503875968992,-4581.0,2039.0,-6620.0,-0.028352158440352777,0.3417700301709688,-0.04254252646055177,LONG_LIQUIDATION_SHORT_BUILDING,NET_DOWN,LONG_LIQUIDATION_SHORT_BUILDING
2012-02-21,1757.0999755859375,184.04733980509283,169144,8850,160294,0.3076923076923077,12150.0,845.0,11305.0,0.07739149266850963,0.10555902560899438,0.0758780849592923,LONG_BUILDING_SHORT_BUILDING,NET_UP,LONG_BUILDING_SHORT_BUILDING
2012-02-28,1787.0,187.1792162093825,184843,7700,177143,0.4503816793893129,15699.0,-1150.0,16849.0,0.09281440665941447,-0.12994350282485875,0.10511310467016856,LONG_BUILDING_SHORT_COVERING,NET_UP,LONG_BUILDING_SHORT_COVERING
2012-03-06,1671.4000244140625,175.0707031573402,153286,11445,141841,0.1666666666666666,-31557.0,3745.0,-35302.0,-0.17072326244434466,0.4863636363636364,-0.19928532315699746,LONG_LIQUIDATION_SHORT_BUILDING,NET_DOWN,LONG_LIQUIDATION_SHORT_BUILDING
2012-03-13,1693.699951171875,177.40650775278172,146286,12668,133618,0.1203007518796992,-7000.0,1223.0,-8223.0,-0.045666270892318936,0.10685889034512888,-0.057973364541987156,LONG_LIQUIDATION_SHORT_BUILDING,NET_DOWN,LONG_LIQUIDATION_SHORT_BUILDING
2012-03-20,1646.699951171875,172.48349535108,129938,16840,113098,0.044776119402985,-16348.0,4172.0,-20520.0,-0.11175368798107817,0.32933375434164824,-0.1535721235162927,LONG_LIQUIDATION_SHORT_BUILDING,NET_DOWN,LONG_LIQUIDATION_SHORT_BUILDING
2012-03-27,1684.800048828125,176.47428797379843,136546,12463,124083,0.0962962962962963,6608.0,-4377.0,10985.0,0.05085502316489403,-0.259916864608076,0.09712815434402024,LONG_BUILDING_SHORT_COVERING,NET_UP,LONG_BUILDING_SHORT_COVERING
2012-04-03,1670.0,174.9240576774867,126887,13847,113040,0.0441176470588235,-9659.0,1384.0,-11043.0,-0.07073806629267793,0.11104870416432641,-0.08899688111989555,LONG_LIQUIDATION_SHORT_BUILDING,NET_DOWN,LONG_LIQUIDATION_SHORT_BUILDING
2012-04-10,1659.5,173.8242357579576,119710,15480,104230,0.0145985401459854,-7177.0,1633.0,-8810.0,-0.05656213796527619,0.11793168195276955,-0.07793701344656759,LONG_LIQUIDATION_SHORT_BUILDING,NET_DOWN,LONG_LIQUIDATION_SHORT_BUILDING
2012-04-17,1650.300048828125,172.86058738105993,117770,10194,107576,0.036231884057971,-1940.0,-5286.0,3346.0,-0.016205830757664356,-0.34147286821705425,0.03210208193418402,LONG_LIQUIDATION_SHORT_COVERING,NET_UP,LONG_LIQUIDATION_SHORT_COVERING
2012-04-24,1643.0,172.09594417012616,115706,12356,103350,0.0071942446043165,-2064.0,2162.0,-4226.0,-0.017525685658486882,0.21208554051402786,-0.039283855134974344,LONG_LIQUIDATION_SHORT_BUILDING,NET_DOWN,LONG_LIQUIDATION_SHORT_BUILDING
2012-05-01,1661.699951171875,174.05466952183588,119865,9809,110056,0.0571428571428571,4159.0,-2547.0,6706.0,0.03594454911586262,-0.20613467141469732,0.06488630865989356,LONG_BUILDING_SHORT_COVERING,NET_UP,LONG_BUILDING_SHORT_COVERING
2012-05-08,1604.0,168.0108913261609,113307,22935,90372,0.0070921985815602,-6558.0,13126.0,-19684.0,-0.054711550494306094,1.3381588337241308,-0.17885440139565312,LONG_LIQUIDATION_SHORT_BUILDING,NET_DOWN,LONG_LIQUIDATION_SHORT_BUILDING
2012-05-15,1556.800048828125,163.06693505001502,112920,32822,80098,0.0070422535211267,-387.0,9887.0,-10274.0,-0.0034154994837035666,0.4310878569871376,-0.11368565484884699,LONG_LIQUIDATION_SHORT_BUILDING,NET_DOWN,LONG_LIQUIDATION_SHORT_BUILDING
2012-05-22,1576.300048828125,165.10946147199763,113453,38808,74645,0.0069930069930069,533.0,5986.0,-5453.0,0.004720155862557563,0.182377673511669,-0.06807910309870409,LONG_BUILDING_SHORT_BUILDING,NET_DOWN,LONG_BUILDING_SHORT_BUILDING
2012-05-29,1548.5999755859375,162.20801883158623,113383,40857,72526,0.0069444444444444,-70.0,2049.0,-2119.0,-0.0006169955840744626,0.05279839208410637,-0.028387701788465402,LONG_LIQUIDATION_SHORT_BUILDING,NET_DOWN,LONG_LIQUIDATION_SHORT_BUILDING
2012-06-05,1615.199951171875,169.1840295924927,124211,35621,88590,0.0275862068965517,10828.0,-5236.0,16064.0,0.09549932529567924,-0.1281542942457841,0.2214929818272068,LONG_BUILDING_SHORT_COVERING,NET_UP,LONG_BUILDING_SHORT_COVERING
2012-06-12,1612.699951171875,168.92216723070004,120365,32492,87873,0.0273972602739726,-3846.0,-3129.0,-717.0,-0.03096344124111391,-0.08784144184610201,-0.008093464273620047,LONG_LIQUIDATION_SHORT_COVERING,NET_DOWN,LONG_LIQUIDATION_SHORT_COVERING
2012-06-19,1622.199951171875,169.91724420551208,121411,28260,93151,0.0476190476190476,1046.0,-4232.0,5278.0,0.00869023387197275,-0.13024744552505232,0.060063955936408224,LONG_BUILDING_SHORT_COVERING,NET_UP,LONG_BUILDING_SHORT_COVERING
2012-06-26,1574.0,164.86854298464914,110884,33389,77495,0.0202702702702702,-10527.0,5129.0,-15656.0,-0.08670548797061221,0.18149327671620666,-0.16807119622977745,LONG_LIQUIDATION_SHORT_BUILDING,NET_DOWN,LONG_LIQUIDATION_SHORT_BUILDING
2012-07-03,1621.300048828125,169.82298398426525,125464,29245,96219,0.0604026845637583,14580.0,-4144.0,18724.0,0.13148876303163667,-0.12411273173799754,0.24161558810245823,LONG_BUILDING_SHORT_COVERING,NET_UP,LONG_BUILDING_SHORT_COVERING
2012-07-10,1579.300048828125,165.42369630614883,115071,34784,80287,0.0333333333333333,-10393.0,5539.0,-15932.0,-0.08283651087164445,0.1893998974183621,-0.16558060258368928,LONG_LIQUIDATION_SHORT_BUILDING,NET_DOWN,LONG_LIQUIDATION_SHORT_BUILDING
2012-07-17,1589.0999755859375,166.4501890926271,109800,28444,81356,0.0397350993377483,-5271.0,-6340.0,1069.0,-0.04580650207263342,-0.18226770929162833,0.013314733393949207,LONG_LIQUIDATION_SHORT_COVERING,NET_UP,LONG_LIQUIDATION_SHORT_COVERING
2012-07-24,1576.0,165.07803287408328,92963,33154,59809,0.006578947368421,-16837.0,4710.0,-21547.0,-0.1533424408014572,0.16558852482070033,-0.26484832095973254,LONG_LIQUIDATION_SHORT_BUILDING,NET_DOWN,LONG_LIQUIDATION_SHORT_BUILDING
2012-07-31,1610.5,168.69173346682174,105196,24339,80857,0.0457516339869281,12233.0,-8815.0,21048.0,0.13158998741434763,-0.26588043674971346,0.3519202795565885,LONG_BUILDING_SHORT_COVERING,NET_UP,LONG_BUILDING_SHORT_COVERING
2012-08-07,1609.699951171875,168.60793239654885,96887,27177,69710,0.0129870129870129,-8309.0,2838.0,-11147.0,-0.07898589299973383,0.11660298286700357,-0.13786066759835264,LONG_LIQUIDATION_SHORT_BUILDING,NET_DOWN,LONG_LIQUIDATION_SHORT_BUILDING
2012-08-14,1599.4000244140625,167.52906713771205,95478,28822,66656,0.0129032258064516,-1409.0,1645.0,-3054.0,-0.014542714708887673,0.06052912389152592,-0.04381007029120643,LONG_LIQUIDATION_SHORT_BUILDING,NET_DOWN,LONG_LIQUIDATION_SHORT_BUILDING
2012-08-21,1639.9000244140625,171.77123739875287,111063,19478,91585,0.0897435897435897,15585.0,-9344.0,24929.0,0.16323132030415383,-0.32419679411560615,0.3739948391742679,LONG_BUILDING_SHORT_COVERING,NET_UP,LONG_BUILDING_SHORT_COVERING
2012-08-28,1666.5,174.557450370977,127743,14577,113166,0.1794871794871795,16680.0,-4901.0,21581.0,0.1501850301180411,-0.2516172091590512,0.23563902385761862,LONG_BUILDING_SHORT_COVERING,NET_UP,LONG_BUILDING_SHORT_COVERING
2012-09-04,1692.9000244140625,177.322719468757,136347,13420,122927,0.2179487179487179,8604.0,-1157.0,9761.0,0.06735398417134403,-0.0793716128147081,0.08625382181927434,LONG_BUILDING_SHORT_COVERING,NET_UP,LONG_BUILDING_SHORT_COVERING
2012-09-11,1731.800048828125,181.39730037550015,147696,10083,137613,0.2756410256410256,11349.0,-3337.0,14686.0,0.08323615481088693,-0.2486587183308495,0.11946927851489095,LONG_BUILDING_SHORT_COVERING,NET_UP,LONG_BUILDING_SHORT_COVERING
2012-09-18,1768.4000244140625,185.23096279489485,155972,11670,144302,0.3269230769230769,8276.0,1587.0,6689.0,0.05603401581627126,0.15739363284736685,0.04860732634271472,LONG_BUILDING_SHORT_BUILDING,NET_UP,LONG_BUILDING_SHORT_BUILDING
2012-09-25,1763.800048828125,184.749138606446,167404,9176,158228,0.4294871794871794,11432.0,-2494.0,13926.0,0.07329520683199549,-0.21371036846615252,0.09650593893362532,LONG_BUILDING_SHORT_COVERING,NET_UP,LONG_BUILDING_SHORT_COVERING
2012-10-02,1772.699951171875,185.6813583854293,171822,8832,162990,0.4487179487179487,4418.0,-344.0,4762.0,0.026391245131538076,-0.037489102005231034,0.030095811108021335,LONG_BUILDING_SHORT_COVERING,NET_UP,LONG_BUILDING_SHORT_COVERING
2012-10-09,1763.0,184.6653375361731,177644,10171,167473,0.4743589743589743,5822.0,1339.0,4483.0,0.03388390310903144,0.15160778985507245,0.027504754892938216,LONG_BUILDING_SHORT_BUILDING,NET_UP,LONG_BUILDING_SHORT_BUILDING
2012-10-16,1744.699951171875,182.74849993335167,169829,11245,158584,0.4358974358974359,-7815.0,1074.0,-8889.0,-0.04399247934070388,0.1055943368400354,-0.05307721244618536,LONG_LIQUIDATION_SHORT_BUILDING,NET_DOWN,LONG_LIQUIDATION_SHORT_BUILDING
2012-10-23,1708.300048828125,178.9357941746493,159412,12776,146636,0.3397435897435897,-10417.0,1531.0,-11948.0,-0.06133816957056804,0.13614939973321477,-0.07534177470614942,LONG_LIQUIDATION_SHORT_BUILDING,NET_DOWN,LONG_LIQUIDATION_SHORT_BUILDING
2012-10-30,1710.9000244140625,179.208128473664,149389,13961,135428,0.2756410256410256,-10023.0,1185.0,-11208.0,-0.06287481494492259,0.09275203506574828,-0.07643416350691508,LONG_LIQUIDATION_SHORT_BUILDING,NET_DOWN,LONG_LIQUIDATION_SHORT_BUILDING
2012-11-06,1714.0999755859375,179.54330718225933,128668,13499,115169,0.1858974358974359,-20721.0,-462.0,-20259.0,-0.13870499166605305,-0.03309218537354058,-0.149592403343474,LONG_LIQUIDATION_SHORT_COVERING,NET_DOWN,LONG_LIQUIDATION_SHORT_COVERING
2012-11-13,1724.199951171875,180.601228566652,137972,13042,124930,0.2435897435897435,9304.0,-457.0,9761.0,0.07231013150122796,-0.033854359582191275,0.08475370976564874,LONG_BUILDING_SHORT_COVERING,NET_UP,LONG_BUILDING_SHORT_COVERING
2012-11-20,1723.199951171875,180.49648362193494,147339,11400,135939,0.2948717948717949,9367.0,-1642.0,11009.0,0.06789058649581074,-0.1259009354393498,0.08812134795485471,LONG_BUILDING_SHORT_COVERING,NET_UP,LONG_BUILDING_SHORT_COVERING
2012-11-27,1742.199951171875,182.48663757155902,159947,7640,152307,0.4038461538461538,12608.0,-3760.0,16368.0,0.08557136942696775,-0.3298245614035088,0.1204069472336857,LONG_BUILDING_SHORT_COVERING,NET_UP,LONG_BUILDING_SHORT_COVERING
2012-12-04,1694.4000244140625,177.47983688583255,134304,15559,118745,0.2051282051282051,-25643.0,7919.0,-33562.0,-0.16032185661500373,1.0365183246073297,-0.22035756728187147,LONG_LIQUIDATION_SHORT_BUILDING,NET_DOWN,LONG_LIQUIDATION_SHORT_BUILDING
2012-12-11,1708.199951171875,178.92530945117906,134234,14579,119655,0.2115384615384615,-70.0,-980.0,910.0,-0.0005212056230640934,-0.06298605308824475,0.007663480567602846,LONG_LIQUIDATION_SHORT_COVERING,NET_UP,LONG_LIQUIDATION_SHORT_COVERING
2012-12-18,1669.5,174.8716852051282,130786,22755,108031,0.1474358974358974,-3448.0,8176.0,-11624.0,-0.02568648777507934,0.5608066396872213,-0.09714596130541975,LONG_LIQUIDATION_SHORT_BUILDING,NET_DOWN,LONG_LIQUIDATION_SHORT_BUILDING
2012-12-24,1658.5999755859375,173.72996275046262,128403,29509,98894,0.1089743589743589,-2383.0,6754.0,-9137.0,-0.018220604651874053,0.2968138870577895,-0.0845775749553369,LONG_LIQUIDATION_SHORT_BUILDING,NET_DOWN,LONG_LIQUIDATION_SHORT_BUILDING
2012-12-31,1674.800048828125,175.42683852662785,124967,27848,97119,0.1089743589743589,-3436.0,-1661.0,-1775.0,-0.026759499388643568,-0.05628791216239114,-0.01794851052642223,LONG_LIQUIDATION_SHORT_COVERING,NET_DOWN,LONG_LIQUIDATION_SHORT_COVERING
2013-01-08,1661.5,174.03372564739172,117603,30254,87349,0.0705128205128205,-7364.0,2406.0,-9770.0,-0.058927556875015004,0.086397586900316,-0.10059823515481008,LONG_LIQUIDATION_SHORT_BUILDING,NET_DOWN,LONG_LIQUIDATION_SHORT_BUILDING
2013-01-15,1683.4000244140625,176.3276424939449,118437,27333,91104,0.0961538461538461,834.0,-2921.0,3755.0,0.007091655825106503,-0.0965492166325114,0.042988471533732496,LONG_BUILDING_SHORT_COVERING,NET_UP,LONG_BUILDING_SHORT_COVERING
2013-01-22,1692.800048828125,177.3122475315349,121758,23861,97897,0.1282051282051282,3321.0,-3472.0,6793.0,0.028040223916512577,-0.12702593934072368,0.07456313663505444,LONG_BUILDING_SHORT_COVERING,NET_UP,LONG_BUILDING_SHORT_COVERING
2013-01-29,1660.699951171875,173.94992457711882,111076,34575,76501,0.0384615384615384,-10682.0,10714.0,-21396.0,-0.08773140163274692,0.4490172247600687,-0.21855623767837626,LONG_LIQUIDATION_SHORT_BUILDING,NET_DOWN,LONG_LIQUIDATION_SHORT_BUILDING
2013-02-05,1672.4000244140625,175.17544810205726,113058,34510,78548,0.0512820512820512,1982.0,-65.0,2047.0,0.017843638589794375,-0.0018799710773680404,0.026757820159213606,LONG_BUILDING_SHORT_COVERING,NET_UP,LONG_BUILDING_SHORT_COVERING
2013-02-12,1648.699951171875,172.69298524051413,113939,47357,66582,0.0128205128205128,881.0,12847.0,-11966.0,0.007792460506996409,0.3722689075630252,-0.15233997046392014,LONG_BUILDING_SHORT_BUILDING,NET_DOWN,LONG_BUILDING_SHORT_BUILDING
2013-02-19,1603.5999755859375,167.96899079102442,109507,66697,42810,0.0064102564102564,-4432.0,19340.0,-23772.0,-0.0388980068282151,0.4083873556179657,-0.3570334324592232,LONG_LIQUIDATION_SHORT_BUILDING,NET_DOWN,LONG_LIQUIDATION_SHORT_BUILDING
2013-02-26,1615.199951171875,169.1840295924927,112888,62035,50853,0.0128205128205128,3381.0,-4662.0,8043.0,0.030874738601185312,-0.0698981963206741,0.18787666433076383,LONG_BUILDING_SHORT_COVERING,NET_UP,LONG_BUILDING_SHORT_COVERING
2013-03-05,1574.5999755859375,164.93138739422977,108352,67182,41170,0.0064102564102564,-4536.0,5147.0,-9683.0,-0.04018141875132875,0.08296929152897557,-0.19041157847127996,LONG_LIQUIDATION_SHORT_BUILDING,NET_DOWN,LONG_LIQUIDATION_SHORT_BUILDING
2013-03-12,1591.5,166.70157951719767,112966,68642,44324,0.0192307692307692,4614.0,1460.0,3154.0,0.042583431777909034,0.021732011550712988,0.07660918144279816,LONG_BUILDING_SHORT_BUILDING,NET_UP,LONG_BUILDING_SHORT_BUILDING
2013-03-19,1611.300048828125,168.77553453709467,121388,56609,64779,0.0384615384615384,8422.0,-12033.0,20455.0,0.07455340544942726,-0.17530083622272077,0.4614881328399964,LONG_BUILDING_SHORT_COVERING,NET_UP,LONG_BUILDING_SHORT_COVERING
2013-03-26,1595.800048828125,167.15198789398028,110766,54831,55935,0.032051282051282,-10622.0,-1778.0,-8844.0,-0.08750453092562692,-0.03140843328799307,-0.13652572592969944,LONG_LIQUIDATION_SHORT_COVERING,NET_DOWN,LONG_LIQUIDATION_SHORT_COVERING
2013-04-02,1575.0999755859375,164.9837598665883,110504,66308,44196,0.0192307692307692,-262.0,11477.0,-11739.0,-0.0023653467670584835,0.20931589794094582,-0.20986859747921696,LONG_LIQUIDATION_SHORT_BUILDING,NET_DOWN,LONG_LIQUIDATION_SHORT_BUILDING
2013-04-09,1586.199951171875,166.14642619569798,113423,63436,49987,0.032051282051282,2919.0,-2872.0,5791.0,0.026415333381597045,-0.043313024069493875,0.13102995746221377,LONG_BUILDING_SHORT_COVERING,NET_UP,LONG_BUILDING_SHORT_COVERING
2013-04-16,1386.800048828125,145.26029444811516,122687,54025,68662,0.0769230769230769,9264.0,-9411.0,18675.0,0.0816765559013604,-0.14835424679992434,0.37359713525516636,LONG_BUILDING_SHORT_COVERING,NET_UP,LONG_BUILDING_SHORT_COVERING
2013-04-23,1408.5999755859375,147.54372657119814,119662,66743,52919,0.0448717948717948,-3025.0,12718.0,-15743.0,-0.02465623904733183,0.23540953262378528,-0.2292825726020215,LONG_LIQUIDATION_SHORT_BUILDING,NET_DOWN,LONG_LIQUIDATION_SHORT_BUILDING
2013-04-30,1472.199951171875,154.2055024979534,116815,65224,51591,0.0448717948717948,-2847.0,-1519.0,-1328.0,-0.023792014173254668,-0.02275894101254064,-0.02509495644286551,LONG_LIQUIDATION_SHORT_COVERING,NET_DOWN,LONG_LIQUIDATION_SHORT_COVERING
2013-05-07,1449.0,151.77542489501693,115705,67172,48533,0.032051282051282,-1110.0,1948.0,-3058.0,-0.009502204340196036,0.029866306880902735,-0.05927390436316412,LONG_LIQUIDATION_SHORT_BUILDING,NET_DOWN,LONG_LIQUIDATION_SHORT_BUILDING
2013-05-14,1424.699951171875,149.23011762389316,112533,73149,39384,0.0064102564102564,-3172.0,5977.0,-9149.0,-0.02741454561168489,0.08898052760078604,-0.18851091010240456,LONG_LIQUIDATION_SHORT_BUILDING,NET_DOWN,LONG_LIQUIDATION_SHORT_BUILDING
2013-05-21,1377.800048828125,144.31758994566164,113088,76730,36358,0.0064102564102564,555.0,3581.0,-3026.0,0.0049318866465836685,0.04895487293059372,-0.07683323176924639,LONG_BUILDING_SHORT_BUILDING,NET_DOWN,LONG_BUILDING_SHORT_BUILDING
2013-05-28,1379.0999755859375,144.45375070204494,114281,67244,47037,0.0448717948717948,1193.0,-9486.0,10679.0,0.010549306734578382,-0.12362830705069724,0.29371802629407556,LONG_BUILDING_SHORT_COVERING,NET_UP,LONG_BUILDING_SHORT_COVERING
2013-06-04,1397.0999755859375,146.33915970695196,112259,58671,53588,0.0833333333333333,-2022.0,-8573.0,6551.0,-0.017693229845731136,-0.12749092855868183,0.13927333801050237,LONG_LIQUIDATION_SHORT_COVERING,NET_UP,LONG_LIQUIDATION_SHORT_COVERING
2013-06-11,1377.0,144.23378887538874,116492,61174,55318,0.0897435897435897,4233.0,2503.0,1730.0,0.03770744439198639,0.042661621584769306,0.0322833470179891,LONG_BUILDING_SHORT_BUILDING,NET_UP,LONG_BUILDING_SHORT_BUILDING
2013-06-18,1366.5999755859375,143.1444388930817,110415,71162,39253,0.0128205128205128,-6077.0,9988.0,-16065.0,-0.05216667238952031,0.163271978291431,-0.2904118008604794,LONG_LIQUIDATION_SHORT_BUILDING,NET_DOWN,LONG_LIQUIDATION_SHORT_BUILDING
2013-06-25,1274.800048828125,133.52886063980466,107441,77152,30289,0.0064102564102564,-2974.0,5990.0,-8964.0,-0.026934746184848073,0.08417413788257778,-0.2283647109775049,LONG_LIQUIDATION_SHORT_BUILDING,NET_DOWN,LONG_LIQUIDATION_SHORT_BUILDING
2013-07-02,1243.5999755859375,130.2608106928836,103011,81627,21384,0.0064102564102564,-4430.0,4475.0,-8905.0,-0.04123193194404371,0.05800238490253007,-0.29400112251972665,LONG_LIQUIDATION_SHORT_BUILDING,NET_DOWN,LONG_LIQUIDATION_SHORT_BUILDING
2013-07-09,1245.9000244140625,130.50172918023208,105942,82060,23882,0.0128205128205128,2931.0,433.0,2498.0,0.02845327198066226,0.005304617344751124,0.1168163112607557,LONG_BUILDING_SHORT_BUILDING,NET_UP,LONG_BUILDING_SHORT_BUILDING
2013-07-16,1290.800048828125,135.2047797552776,106737,64896,41841,0.0512820512820512,795.0,-17164.0,17959.0,0.007504106020275245,-0.20916402632220327,0.7519889456494431,LONG_BUILDING_SHORT_COVERING,NET_UP,LONG_BUILDING_SHORT_COVERING
2013-07-23,1335.0999755859375,139.8449731344944,111993,56639,55354,0.1282051282051282,5256.0,-8257.0,13513.0,0.04924253070631553,-0.12723434418145957,0.32296073229607325,LONG_BUILDING_SHORT_COVERING,NET_UP,LONG_BUILDING_SHORT_COVERING
2013-07-30,1324.0,138.68230680538466,108850,56821,52029,0.1089743589743589,-3143.0,182.0,-3325.0,-0.028064254015875992,0.003213333568742386,-0.060067926437113846,LONG_LIQUIDATION_SHORT_BUILDING,NET_DOWN,LONG_LIQUIDATION_SHORT_BUILDING
2013-08-06,1283.199951171875,134.40870794642944,105340,70596,34744,0.0256410256410256,-3510.0,13775.0,-17285.0,-0.03224621038125861,0.2424279755724116,-0.33221857041265446,LONG_LIQUIDATION_SHORT_BUILDING,NET_DOWN,LONG_LIQUIDATION_SHORT_BUILDING
2013-08-13,1321.199951171875,138.38901584567768,100561,62573,37988,0.0384615384615384,-4779.0,-8023.0,3244.0,-0.045367381811277765,-0.11364666553345798,0.09336863918950035,LONG_LIQUIDATION_SHORT_COVERING,NET_UP,LONG_LIQUIDATION_SHORT_COVERING
2013-08-20,1373.0999755859375,143.82528103374258,104483,56067,48416,0.0961538461538461,3922.0,-6506.0,10428.0,0.039001203249768794,-0.10397455771658702,0.27450773928609035,LONG_BUILDING_SHORT_COVERING,NET_UP,LONG_BUILDING_SHORT_COVERING
2013-08-27,1420.5999755859375,148.80066590780282,105531,35142,70389,0.2051282051282051,1048.0,-20925.0,21973.0,0.010030339863901304,-0.3732141901653379,0.4538375743555849,LONG_BUILDING_SHORT_COVERING,NET_UP,LONG_BUILDING_SHORT_COVERING
2013-09-03,1412.0,147.89986194048578,107642,32242,75400,0.2243589743589743,2111.0,-2900.0,5011.0,0.020003600837668552,-0.08252233794320186,0.07119010072596571,LONG_BUILDING_SHORT_COVERING,NET_UP,LONG_BUILDING_SHORT_COVERING
2013-09-10,1364.0999755859375,142.88257653128906,100358,35578,64780,0.1794871794871795,-7284.0,3336.0,-10620.0,-0.06766875383214731,0.10346752682836052,-0.14084880636604774,LONG_LIQUIDATION_SHORT_BUILDING,NET_DOWN,LONG_LIQUIDATION_SHORT_BUILDING
2013-09-17,1309.5,137.16350510698734,96370,41590,54780,0.1474358974358974,-3988.0,6012.0,-10000.0,-0.03973773889475677,0.1689808308505256,-0.15436863229391787,LONG_LIQUIDATION_SHORT_BUILDING,NET_DOWN,LONG_LIQUIDATION_SHORT_BUILDING
2013-09-24,1316.0,137.84434724764822,99035,35023,64012,0.1794871794871795,2665.0,-6567.0,9232.0,0.027653834180761647,-0.15789853330127435,0.16852866009492515,LONG_BUILDING_SHORT_COVERING,NET_UP,LONG_BUILDING_SHORT_COVERING
2013-10-01,1286.0,134.70199890613648,97777,36394,61383,0.1794871794871795,-1258.0,1371.0,-2629.0,-0.012702579895996364,0.03914570425149188,-0.04107042429544461,LONG_LIQUIDATION_SHORT_BUILDING,NET_DOWN,LONG_LIQUIDATION_SHORT_BUILDING
2013-10-08,1324.199951171875,138.70325067982884,97919,26363,71556,0.2371794871794871,142.0,-10031.0,10173.0,0.0014522842795340418,-0.2756223553332967,0.16572992522359611,LONG_BUILDING_SHORT_COVERING,NET_UP,LONG_BUILDING_SHORT_COVERING
2013-10-15,1273.0,133.34031462481474,97326,44536,52790,0.1346153846153846,-593.0,18173.0,-18766.0,-0.006056025898957301,0.6893373288320752,-0.2622561350550618,LONG_LIQUIDATION_SHORT_BUILDING,NET_DOWN,LONG_LIQUIDATION_SHORT_BUILDING
2013-10-22,1342.5,140.62008828265024,105074,38476,66598,0.2179487179487179,7748.0,-6060.0,13808.0,0.07960873764461707,-0.13606969642536376,0.26156469028225043,LONG_BUILDING_SHORT_COVERING,NET_UP,LONG_BUILDING_SHORT_COVERING
2013-10-29,1345.199951171875,140.90289451888705,109627,21224,88403,0.3333333333333333,4553.0,-17252.0,21805.0,0.043331366465538576,-0.44838340783865266,0.3274122346016397,LONG_BUILDING_SHORT_COVERING,NET_UP,LONG_BUILDING_SHORT_COVERING
2013-11-05,1308.0,137.00638768991175,105007,26923,78084,0.2884615384615384,-4620.0,5699.0,-10319.0,-0.04214290275205926,0.268516773464003,-0.11672680791375858,LONG_LIQUIDATION_SHORT_BUILDING,NET_DOWN,LONG_LIQUIDATION_SHORT_BUILDING
2013-11-12,1271.0999755859375,133.1412966726027,100760,54653,46107,0.0897435897435897,-4247.0,27730.0,-31977.0,-0.040444922719437754,1.0299743713553466,-0.4095205163669894,LONG_LIQUIDATION_SHORT_BUILDING,NET_DOWN,LONG_LIQUIDATION_SHORT_BUILDING
2013-11-19,1273.4000244140625,133.38221515995116,97331,62800,34531,0.0256410256410256,-3429.0,8147.0,-11576.0,-0.03403136165144899,0.14906775474356393,-0.2510681675233696,LONG_LIQUIDATION_SHORT_BUILDING,NET_DOWN,LONG_LIQUIDATION_SHORT_BUILDING
2013-11-26,1241.4000244140625,130.0303769290053,93619,77658,15961,0.0064102564102564,-3712.0,14858.0,-18570.0,-0.03813790056610946,0.23659235668789808,-0.5377776490689525,LONG_LIQUIDATION_SHORT_BUILDING,NET_DOWN,LONG_LIQUIDATION_SHORT_BUILDING
2013-12-03,1221.699951171875,127.9668938463304,93671,83730,9941,0.0064102564102564,52.0,6072.0,-6020.0,0.000555442805413431,0.07818898246156224,-0.37716935029133514,LONG_BUILDING_SHORT_BUILDING,NET_DOWN,LONG_BUILDING_SHORT_BUILDING
2013-12-10,1262.4000244140625,132.23002076806353,94330,78527,15803,0.0128205128205128,659.0,-5203.0,5862.0,0.007035261713870889,-0.06214021258808074,0.5896791067297052,LONG_BUILDING_SHORT_COVERING,NET_UP,LONG_BUILDING_SHORT_COVERING
2013-12-17,1231.199951171875,128.96197082114244,93399,79637,13762,0.0128205128205128,-931.0,1110.0,-2041.0,-0.009869606699883389,0.0141352655774447,-0.12915269252673542,LONG_LIQUIDATION_SHORT_BUILDING,NET_DOWN,LONG_LIQUIDATION_SHORT_BUILDING
2013-12-24,1205.0999755859375,126.22813032127686,93958,82765,11193,0.0128205128205128,559.0,3128.0,-2569.0,0.005985074786667951,0.039278224945691075,-0.1866734486266531,LONG_BUILDING_SHORT_BUILDING,NET_DOWN,LONG_BUILDING_SHORT_BUILDING
2013-12-31,1201.9000244140625,125.89295161268153,96059,78334,17725,0.0384615384615384,2101.0,-4431.0,6532.0,0.022361054939441027,-0.0535371231800882,0.5835790226034129,LONG_BUILDING_SHORT_COVERING,NET_UP,LONG_BUILDING_SHORT_COVERING
2014-01-07,1229.4000244140625,128.77343759240063,98659,74421,24238,0.0576923076923076,2600.0,-3913.0,6513.0,0.027066698591490645,-0.04995276635943524,0.36744710860366714,LONG_BUILDING_SHORT_COVERING,NET_UP,LONG_BUILDING_SHORT_COVERING
2014-01-14,1245.199951171875,130.42840004718127,104303,76033,28270,0.0641025641025641,5644.0,1612.0,4032.0,0.05720714785270477,0.02166055280095672,0.16635035894050665,LONG_BUILDING_SHORT_BUILDING,NET_UP,LONG_BUILDING_SHORT_BUILDING
2014-01-21,1242.300048828125,130.1246499365003,104723,74506,30217,0.0705128205128205,420.0,-1527.0,1947.0,0.004026729816016797,-0.020083384846053688,0.0688715953307393,LONG_BUILDING_SHORT_COVERING,NET_UP,LONG_BUILDING_SHORT_COVERING
2014-01-28,1251.0,131.03592584103944,109782,62544,47238,0.1666666666666666,5059.0,-11962.0,17021.0,0.0483083945265128,-0.16055082812122515,0.5632921865175232,LONG_BUILDING_SHORT_COVERING,NET_UP,LONG_BUILDING_SHORT_COVERING
2014-02-04,1251.699951171875,131.1092421878421,107407,63755,43652,0.141025641025641,-2375.0,1211.0,-3586.0,-0.021633783316026306,0.019362368892299822,-0.07591345950294255,LONG_LIQUIDATION_SHORT_BUILDING,NET_DOWN,LONG_LIQUIDATION_SHORT_BUILDING
2014-02-11,1290.0999755859375,135.13145062222677,116817,64731,52086,0.2179487179487179,9410.0,976.0,8434.0,0.08761067714394778,0.015308603246804173,0.19320993310730322,LONG_BUILDING_SHORT_BUILDING,NET_UP,LONG_BUILDING_SHORT_BUILDING
2014-02-18,1324.699951171875,138.75562315218735,123273,54503,68770,0.3269230769230769,6456.0,-10228.0,16684.0,0.05526592876036878,-0.15800775517140164,0.3203163998003302,LONG_BUILDING_SHORT_COVERING,NET_UP,LONG_BUILDING_SHORT_COVERING
2014-02-25,1343.0,140.67246075500876,127279,31023,96256,0.4807692307692308,4006.0,-23480.0,27486.0,0.03249697825152304,-0.4308019742032549,0.39968009306383595,LONG_BUILDING_SHORT_COVERING,NET_UP,LONG_BUILDING_SHORT_COVERING
2014-03-04,1337.800048828125,140.12779215697933,128351,27184,101167,0.5064102564102564,1072.0,-3839.0,4911.0,0.00842244203678533,-0.12374689746317248,0.05102019614361702,LONG_BUILDING_SHORT_COVERING,NET_UP,LONG_BUILDING_SHORT_COVERING
2014-03-11,1346.5,141.03906806151846,127797,21766,106031,0.5384615384615384,-554.0,-5418.0,4864.0,-0.004316288926459475,-0.19930841671571511,0.048078919015093854,LONG_LIQUIDATION_SHORT_COVERING,NET_UP,LONG_LIQUIDATION_SHORT_COVERING
2014-03-18,1359.0,142.3483798704817,137216,16153,121063,0.6410256410256411,9419.0,-5613.0,15032.0,0.07370282557493525,-0.2578792612331159,0.1417698597579953,LONG_BUILDING_SHORT_COVERING,NET_UP,LONG_BUILDING_SHORT_COVERING
2014-03-25,1311.4000244140625,137.36252305919936,125231,18218,107013,0.5512820512820513,-11985.0,2065.0,-14050.0,-0.08734404151119403,0.12784002971584227,-0.11605527700453483,LONG_LIQUIDATION_SHORT_BUILDING,NET_DOWN,LONG_LIQUIDATION_SHORT_BUILDING
2014-04-01,1279.5999755859375,134.03162870269767,117969,26516,91453,0.4615384615384615,-7262.0,8298.0,-15560.0,-0.05798883662990793,0.4554835876605555,-0.1454028949753768,LONG_LIQUIDATION_SHORT_BUILDING,NET_DOWN,LONG_LIQUIDATION_SHORT_BUILDING
2014-04-08,1308.699951171875,137.07970403671445,109728,28201,81527,0.4230769230769231,-8241.0,1685.0,-9926.0,-0.06985733540167333,0.06354653793935737,-0.10853662537040884,LONG_LIQUIDATION_SHORT_BUILDING,NET_DOWN,LONG_LIQUIDATION_SHORT_BUILDING
2014-04-15,1300.0,136.16842813217528,105454,32464,72990,0.358974358974359,-4274.0,4263.0,-8537.0,-0.038950860309128026,0.15116485231020177,-0.10471377580433476,LONG_LIQUIDATION_SHORT_BUILDING,NET_DOWN,LONG_LIQUIDATION_SHORT_BUILDING
2014-04-22,1280.5999755859375,134.13637364741473,105681,28575,77106,0.3846153846153846,227.0,-3889.0,4116.0,0.0021525973410207295,-0.11979423361261705,0.056391286477599674,LONG_BUILDING_SHORT_COVERING,NET_UP,LONG_BUILDING_SHORT_COVERING
2014-04-29,1296.0,135.74944835330706,106919,29512,77407,0.391025641025641,1238.0,937.0,301.0,0.011714499295048305,0.03279090113735783,0.0039037169610665837,LONG_BUILDING_SHORT_BUILDING,NET_UP,LONG_BUILDING_SHORT_BUILDING
2014-05-06,1308.300048828125,137.03781628782613,119385,28746,90639,0.4807692307692308,12466.0,-766.0,13232.0,0.11659293483852262,-0.02595554350772567,0.17094061260609505,LONG_BUILDING_SHORT_COVERING,NET_UP,LONG_BUILDING_SHORT_COVERING
2014-05-13,1294.5999755859375,135.60280287345356,114561,32107,82454,0.4487179487179487,-4824.0,3361.0,-8185.0,-0.04040708631737656,0.11692061504209281,-0.09030329107779211,LONG_LIQUIDATION_SHORT_BUILDING,NET_DOWN,LONG_LIQUIDATION_SHORT_BUILDING
2014-05-20,1294.5,135.59233093623146,112385,31232,81153,0.4358974358974359,-2176.0,-875.0,-1301.0,-0.018994247606078856,-0.027252624038371694,-0.015778494675819245,LONG_LIQUIDATION_SHORT_COVERING,NET_DOWN,LONG_LIQUIDATION_SHORT_COVERING
2014-05-27,1265.4000244140625,132.5442556022147,111146,53577,57569,0.2692307692307692,-1239.0,22345.0,-23584.0,-0.011024602927436936,0.7154521004098361,-0.29061156087883383,LONG_LIQUIDATION_SHORT_BUILDING,NET_DOWN,LONG_LIQUIDATION_SHORT_BUILDING
2014-06-03,1244.300048828125,130.33413982593441,111245,73063,38182,0.1089743589743589,99.0,19486.0,-19387.0,0.00089072031382146,0.36370084177912165,-0.3367611040664246,LONG_BUILDING_SHORT_BUILDING,NET_DOWN,LONG_BUILDING_SHORT_BUILDING
2014-06-10,1259.800048828125,131.9576864690488,111795,73741,38054,0.1089743589743589,550.0,678.0,-128.0,0.004944042428873208,0.009279662756798927,-0.0033523649887381487,LONG_BUILDING_SHORT_BUILDING,NET_DOWN,LONG_BUILDING_SHORT_BUILDING
2014-06-17,1271.699951171875,133.20414108218327,113624,60065,53559,0.25,1829.0,-13676.0,15505.0,0.016360302339102822,-0.18545992053267518,0.4074473117149314,LONG_BUILDING_SHORT_COVERING,NET_UP,LONG_BUILDING_SHORT_COVERING
2014-06-24,1320.9000244140625,138.35760003401143,134571,34641,99930,0.5833333333333334,20947.0,-25424.0,46371.0,0.18435365767795536,-0.4232747856488804,0.8657928639444351,LONG_BUILDING_SHORT_COVERING,NET_UP,LONG_BUILDING_SHORT_COVERING
2014-07-01,1326.4000244140625,138.93369722995524,149227,23273,125954,0.7692307692307693,14656.0,-11368.0,26024.0,0.10890905172734096,-0.3281660460148379,0.26042229560692487,LONG_BUILDING_SHORT_COVERING,NET_UP,LONG_BUILDING_SHORT_COVERING
2014-07-08,1316.0,137.84434724764822,154719,20943,133776,0.8012820512820513,5492.0,-2330.0,7822.0,0.03680299141576256,-0.10011601426545783,0.062102037251695066,LONG_BUILDING_SHORT_COVERING,NET_UP,LONG_BUILDING_SHORT_COVERING
2014-07-15,1296.9000244140625,135.84372136080202,149260,27173,122087,0.7435897435897436,-5459.0,6230.0,-11689.0,-0.03528332008350623,0.2974740963567779,-0.087377407008731,LONG_LIQUIDATION_SHORT_BUILDING,NET_DOWN,LONG_LIQUIDATION_SHORT_BUILDING
2014-07-22,1306.0999755859375,136.8073697376997,148121,22395,125726,0.7756410256410257,-1139.0,-4778.0,3639.0,-0.0076309794988610475,-0.17583630809995215,0.02980661331673315,LONG_LIQUIDATION_SHORT_COVERING,NET_UP,LONG_LIQUIDATION_SHORT_COVERING
2014-07-29,1298.300048828125,135.99036684065553,135724,27094,108630,0.6538461538461539,-12397.0,4699.0,-17096.0,-0.0836950871247156,0.20982362134405,-0.13597823839142262,LONG_LIQUIDATION_SHORT_BUILDING,NET_DOWN,LONG_LIQUIDATION_SHORT_BUILDING
2014-08-05,1284.0,134.49250901670234,123819,33140,90679,0.5256410256410257,-11905.0,6046.0,-17951.0,-0.08771477410038019,0.22314903668708938,-0.165249010402283,LONG_LIQUIDATION_SHORT_BUILDING,NET_DOWN,LONG_LIQUIDATION_SHORT_BUILDING
2014-08-12,1308.800048828125,137.09018876018465,138357,21930,116427,0.7115384615384616,14538.0,-11210.0,25748.0,0.11741332105734985,-0.33826191913095954,0.28394666901928783,LONG_BUILDING_SHORT_COVERING,NET_UP,LONG_BUILDING_SHORT_COVERING
2014-08-19,1295.0999755859375,135.65517534581207,128398,25193,103205,0.6025641025641025,-9959.0,3263.0,-13222.0,-0.07198045635565964,0.14879160966712265,-0.11356472295945098,LONG_LIQUIDATION_SHORT_BUILDING,NET_DOWN,LONG_LIQUIDATION_SHORT_BUILDING
2014-08-26,1283.800048828125,134.47156514225819,118012,36830,81182,0.4679487179487179,-10386.0,11637.0,-22023.0,-0.08088911042228072,0.4619140237367523,-0.21339082408798024,LONG_LIQUIDATION_SHORT_BUILDING,NET_DOWN,LONG_LIQUIDATION_SHORT_BUILDING
2014-09-02,1263.699951171875,132.36618152444683,116120,53202,62918,0.3076923076923077,-1892.0,16372.0,-18264.0,-0.01603226790495882,0.4445289166440402,-0.2249759798970215,LONG_LIQUIDATION_SHORT_BUILDING,NET_DOWN,LONG_LIQUIDATION_SHORT_BUILDING
2014-09-09,1246.800048828125,130.59600218772704,118708,58501,60207,0.3012820512820512,2588.0,5299.0,-2711.0,0.02228728901136755,0.09960151873989699,-0.04308782860230777,LONG_BUILDING_SHORT_BUILDING,NET_DOWN,LONG_BUILDING_SHORT_BUILDING
2014-09-16,1235.199951171875,129.38095060001066,113659,73364,40295,0.1346153846153846,-5049.0,14863.0,-19912.0,-0.04253293796542777,0.2540640330934514,-0.3307256631288721,LONG_LIQUIDATION_SHORT_BUILDING,NET_DOWN,LONG_LIQUIDATION_SHORT_BUILDING
2014-09-23,1221.0,127.8935774995277,110427,80297,30130,0.0705128205128205,-3232.0,6933.0,-10165.0,-0.028435935561636122,0.09450139032768115,-0.2522645489514828,LONG_LIQUIDATION_SHORT_BUILDING,NET_DOWN,LONG_LIQUIDATION_SHORT_BUILDING
2014-09-30,1210.5,126.79375557999859,111264,80341,30923,0.0897435897435897,837.0,44.0,793.0,0.007579668015974354,0.0005479656774225688,0.026319283106538333,LONG_BUILDING_SHORT_BUILDING,NET_UP,LONG_BUILDING_SHORT_BUILDING
2014-10-07,1211.699951171875,126.91944439915981,110064,80201,29863,0.0705128205128205,-1200.0,-140.0,-1060.0,-0.010785159620362382,-0.0017425722856324916,-0.03427869223555283,LONG_LIQUIDATION_SHORT_COVERING,NET_DOWN,LONG_LIQUIDATION_SHORT_COVERING
2014-10-14,1233.5999755859375,129.213361245713,123582,81386,42196,0.173076923076923,13518.0,1185.0,12333.0,0.12281945050152639,0.014775376865625117,0.41298596925961895,LONG_BUILDING_SHORT_BUILDING,NET_UP,LONG_BUILDING_SHORT_BUILDING
2014-10-21,1251.0,131.03592584103944,132835,70347,62488,0.3461538461538461,9253.0,-11039.0,20292.0,0.07487336343480443,-0.13563757894478165,0.4808986633804152,LONG_BUILDING_SHORT_COVERING,NET_UP,LONG_BUILDING_SHORT_COVERING
2014-10-28,1229.199951171875,128.75248093170833,128420,68353,60067,0.3333333333333333,-4415.0,-1994.0,-2421.0,-0.03323672224940716,-0.02834520306480731,-0.038743438740238126,LONG_LIQUIDATION_SHORT_COVERING,NET_DOWN,LONG_LIQUIDATION_SHORT_COVERING
2014-11-04,1167.4000244140625,122.27925101994303,113324,74519,38805,0.141025641025641,-15096.0,6166.0,-21262.0,-0.1175517832113378,0.0902081839860723,-0.3539713986048912,LONG_LIQUIDATION_SHORT_BUILDING,NET_DOWN,LONG_LIQUIDATION_SHORT_BUILDING
2014-11-11,1162.800048828125,121.79742683149419,110478,79863,30615,0.0961538461538461,-2846.0,5344.0,-8190.0,-0.0251138329038862,0.07171325433781989,-0.21105527638190955,LONG_LIQUIDATION_SHORT_BUILDING,NET_DOWN,LONG_LIQUIDATION_SHORT_BUILDING
2014-11-18,1196.699951171875,125.34827022840396,119566,71166,48400,0.2371794871794871,9088.0,-8697.0,17785.0,0.0822607215916291,-0.10889898951955224,0.5809243834721541,LONG_BUILDING_SHORT_COVERING,NET_UP,LONG_BUILDING_SHORT_COVERING
2014-11-25,1197.0999755859375,125.3901707635404,113999,59549,54450,0.3141025641025641,-5567.0,-11617.0,6050.0,-0.046560058879614605,-0.16323806312002923,0.125,LONG_LIQUIDATION_SHORT_COVERING,NET_UP,LONG_LIQUIDATION_SHORT_COVERING
2014-12-02,1199.199951171875,125.6101325901966,117804,49170,68634,0.4294871794871794,3805.0,-10379.0,14184.0,0.033377485767419016,-0.17429343901660818,0.26049586776859507,LONG_BUILDING_SHORT_COVERING,NET_UP,LONG_BUILDING_SHORT_COVERING
2014-12-09,1231.5,128.9933994190568,130648,39985,90663,0.6217948717948718,12844.0,-9185.0,22029.0,0.10902855590642084,-0.18680089485458612,0.3209633709240318,LONG_BUILDING_SHORT_COVERING,NET_UP,LONG_BUILDING_SHORT_COVERING
2014-12-16,1193.9000244140625,125.05499205494506,127571,35746,91825,0.6538461538461539,-3077.0,-4239.0,1162.0,-0.02355183393546017,-0.106014755533325,0.012816694792804121,LONG_LIQUIDATION_SHORT_COVERING,NET_UP,LONG_LIQUIDATION_SHORT_COVERING
2014-12-23,1177.9000244140625,123.37907293947214,123087,40890,82197,0.5769230769230769,-4484.0,5144.0,-9628.0,-0.035149054252141945,0.14390421305880377,-0.10485161992921317,LONG_LIQUIDATION_SHORT_BUILDING,NET_DOWN,LONG_LIQUIDATION_SHORT_BUILDING
2014-12-30,1200.199951171875,125.71487753491365,124928,37878,87050,0.5897435897435898,1841.0,-3012.0,4853.0,0.01495690040377944,-0.07366104181951577,0.05904108422448508,LONG_BUILDING_SHORT_COVERING,NET_UP,LONG_BUILDING_SHORT_COVERING
2015-01-06,1219.300048828125,127.71551620800795,128325,34129,94196,0.6794871794871795,3397.0,-3749.0,7146.0,0.027191662397540985,-0.09897565869370083,0.08209075244112579,LONG_BUILDING_SHORT_COVERING,NET_UP,LONG_BUILDING_SHORT_COVERING
2015-01-13,1234.300048828125,129.28669037876384,132173,30232,101941,0.7307692307692307,3848.0,-3897.0,7745.0,0.029986362750827975,-0.11418441794368425,0.0822221750392798,LONG_BUILDING_SHORT_COVERING,NET_UP,LONG_BUILDING_SHORT_COVERING
2015-01-20,1294.199951171875,135.5609023383171,155602,26261,129341,0.8846153846153846,23429.0,-3971.0,27400.0,0.17726010607310116,-0.13135088647790422,0.2687829234557244,LONG_BUILDING_SHORT_COVERING,NET_UP,LONG_BUILDING_SHORT_COVERING
2015-01-27,1291.699951171875,135.29903997652443,173110,19873,153237,0.9551282051282052,17508.0,-6388.0,23896.0,0.11251783396100307,-0.2432504474315525,0.18475193480798818,LONG_BUILDING_SHORT_COVERING,NET_UP,LONG_BUILDING_SHORT_COVERING
2015-02-03,1259.699951171875,131.94720174557858,167310,18984,148326,0.9423076923076924,-5800.0,-889.0,-4911.0,-0.033504707989139855,-0.04473406128918633,-0.03204839562246716,LONG_LIQUIDATION_SHORT_COVERING,NET_DOWN,LONG_LIQUIDATION_SHORT_COVERING
2015-02-10,1231.5999755859375,129.0038713562789,140835,21298,119537,0.8333333333333334,-26475.0,2314.0,-28789.0,-0.15823919670073516,0.12189211967973029,-0.1940927416636328,LONG_LIQUIDATION_SHORT_BUILDING,NET_DOWN,LONG_LIQUIDATION_SHORT_BUILDING
2015-02-17,1208.0999755859375,126.54236515542803,128595,32903,95692,0.6858974358974359,-12240.0,11605.0,-23845.0,-0.08691021408030675,0.5448868438351019,-0.19947798589558044,LONG_LIQUIDATION_SHORT_BUILDING,NET_DOWN,LONG_LIQUIDATION_SHORT_BUILDING
2015-02-24,1196.9000244140625,125.36922688909624,124595,35108,89487,0.6217948717948718,-4000.0,2205.0,-6205.0,-0.031105408452894747,0.06701516579035346,-0.06484345608828324,LONG_LIQUIDATION_SHORT_BUILDING,NET_DOWN,LONG_LIQUIDATION_SHORT_BUILDING
2015-03-03,1204.0,126.11291343933773,115279,42320,72959,0.4743589743589743,-9316.0,7212.0,-16528.0,-0.07477025562823549,0.20542326535262617,-0.18469721859040977,LONG_LIQUIDATION_SHORT_BUILDING,NET_DOWN,LONG_LIQUIDATION_SHORT_BUILDING
2015-03-10,1160.0999755859375,121.51460780900925,107032,58359,48673,0.2564102564102564,-8247.0,16039.0,-24286.0,-0.07153948247295691,0.37899338374291114,-0.3328718869502049,LONG_LIQUIDATION_SHORT_BUILDING,NET_DOWN,LONG_LIQUIDATION_SHORT_BUILDING
2015-03-17,1148.300048828125,120.27862513309687,97847,78623,19224,0.0448717948717948,-9185.0,20264.0,-29449.0,-0.08581545705957097,0.347230075909457,-0.605037700573213,LONG_LIQUIDATION_SHORT_BUILDING,NET_DOWN,LONG_LIQUIDATION_SHORT_BUILDING
2015-03-24,1191.699951171875,124.82454550481864,98784,87349,11435,0.0192307692307692,937.0,8726.0,-7789.0,0.009576175048800678,0.11098533508006563,-0.4051706200582605,LONG_BUILDING_SHORT_BUILDING,NET_DOWN,LONG_BUILDING_SHORT_BUILDING
2015-03-31,1183.0999755859375,123.92374153750158,103808,67752,36056,0.1346153846153846,5024.0,-19597.0,24621.0,0.050858438613540655,-0.22435288326139968,2.1531263664188893,LONG_BUILDING_SHORT_COVERING,NET_UP,LONG_BUILDING_SHORT_COVERING
2015-04-07,1210.5999755859375,126.80422751722067,112747,57072,55675,0.3653846153846153,8939.0,-10680.0,19619.0,0.08611089704069051,-0.15763372298972725,0.5441258043044154,LONG_BUILDING_SHORT_COVERING,NET_UP,LONG_BUILDING_SHORT_COVERING
2015-04-14,1192.800048828125,124.93977517300591,110439,62390,48049,0.2564102564102564,-2308.0,5318.0,-7626.0,-0.0204706111914286,0.09318054387440426,-0.13697350696003593,LONG_LIQUIDATION_SHORT_BUILDING,NET_DOWN,LONG_LIQUIDATION_SHORT_BUILDING
2015-04-21,1202.9000244140625,125.99769655739858,108259,60134,48125,0.2628205128205128,-2180.0,-2256.0,76.0,-0.019739403652695154,-0.03615964096810386,0.0015817186621990052,LONG_LIQUIDATION_SHORT_COVERING,NET_UP,LONG_LIQUIDATION_SHORT_COVERING
2015-04-28,1214.0,127.1603628865083,114952,64369,50583,0.3012820512820512,6693.0,4235.0,2458.0,0.06182395920893413,0.07042604849170186,0.051075324675324676,LONG_BUILDING_SHORT_BUILDING,NET_UP,LONG_BUILDING_SHORT_BUILDING
2015-05-05,1193.199951171875,124.98166292189426,98957,76100,22857,0.0641025641025641,-15995.0,11731.0,-27726.0,-0.13914503444916138,0.18224611225900667,-0.548128817982326,LONG_LIQUIDATION_SHORT_BUILDING,NET_DOWN,LONG_LIQUIDATION_SHORT_BUILDING
2015-05-12,1192.5999755859375,124.91881851231363,104207,76488,27719,0.0833333333333333,5250.0,388.0,4862.0,0.05305334640298311,0.005098554533508541,0.21271382946143413,LONG_BUILDING_SHORT_BUILDING,NET_UP,LONG_BUILDING_SHORT_BUILDING
2015-05-19,1206.9000244140625,126.4166763362668,132306,53689,78617,0.5961538461538461,28099.0,-22799.0,50898.0,0.26964599307148274,-0.2980729003242339,1.8362134276128288,LONG_BUILDING_SHORT_COVERING,NET_UP,LONG_BUILDING_SHORT_COVERING
2015-05-26,1187.199951171875,124.35319325359188,125069,58825,66244,0.4743589743589743,-7237.0,5136.0,-12373.0,-0.05469895545175578,0.09566205367952467,-0.15738326316191154,LONG_LIQUIDATION_SHORT_BUILDING,NET_DOWN,LONG_LIQUIDATION_SHORT_BUILDING
2015-06-02,1194.0999755859375,125.07593592938922,125229,63482,61747,0.4423076923076923,160.0,4657.0,-4497.0,0.0012792938298059472,0.07916702082447939,-0.06788539339411871,LONG_BUILDING_SHORT_BUILDING,NET_DOWN,LONG_BUILDING_SHORT_BUILDING
2015-06-09,1177.300048828125,123.31622852989153,121125,83486,37639,0.1602564102564102,-4104.0,20004.0,-24108.0,-0.032771961766044605,0.3151129454018462,-0.3904319238181612,LONG_LIQUIDATION_SHORT_BUILDING,NET_DOWN,LONG_LIQUIDATION_SHORT_BUILDING
2015-06-16,1180.5,123.65140723848687,124527,89529,34998,0.1474358974358974,3402.0,6043.0,-2641.0,0.02808668730650155,0.07238339362288287,-0.07016658253407371,LONG_BUILDING_SHORT_BUILDING,NET_DOWN,LONG_BUILDING_SHORT_BUILDING
2015-06-23,1176.199951171875,123.20099886170426,124843,84927,39916,0.2115384615384615,316.0,-4602.0,4918.0,0.002537602287054213,-0.05140233890694635,0.1405223155608892,LONG_BUILDING_SHORT_COVERING,NET_UP,LONG_BUILDING_SHORT_COVERING
2015-06-30,1171.5,122.70870273603333,115188,99565,15623,0.032051282051282,-9655.0,14638.0,-24293.0,-0.07733713544211529,0.17235979135021842,-0.608603066439523,LONG_LIQUIDATION_SHORT_BUILDING,NET_DOWN,LONG_LIQUIDATION_SHORT_BUILDING
2015-07-07,1152.4000244140625,120.70807684918717,111482,109383,2099,0.0064102564102564,-3706.0,9818.0,-13524.0,-0.03217349029412786,0.09860894892783609,-0.8656468027907572,LONG_LIQUIDATION_SHORT_BUILDING,NET_DOWN,LONG_LIQUIDATION_SHORT_BUILDING
2015-07-14,1153.300048828125,120.80234985668214,108413,109536,-1123,0.0064102564102564,-3069.0,153.0,-3222.0,-0.027529107838036634,0.0013987548339321467,-1.5350166746069558,LONG_LIQUIDATION_SHORT_BUILDING,NET_DOWN,LONG_LIQUIDATION_SHORT_BUILDING
2015-07-21,1103.4000244140625,115.57557455805131,106297,119853,-13556,0.0064102564102564,-2116.0,10317.0,-12433.0,-0.019517954488852813,0.0941882120946538,-11.071237756010685,LONG_LIQUIDATION_SHORT_BUILDING,NET_DOWN,LONG_LIQUIDATION_SHORT_BUILDING
2015-07-28,1096.300048828125,114.83188800780984,106284,120917,-14633,0.0064102564102564,-13.0,1064.0,-1077.0,-0.000122298841924043,0.00887754165519428,-0.07944821481262909,LONG_LIQUIDATION_SHORT_BUILDING,NET_DOWN,LONG_LIQUIDATION_SHORT_BUILDING
2015-08-04,1090.699951171875,114.24530608839581,103573,114860,-11287,0.0192307692307692,-2711.0,-6057.0,3346.0,-0.02550713183545971,-0.05009221201319913,0.22866124513086858,LONG_LIQUIDATION_SHORT_COVERING,NET_UP,LONG_LIQUIDATION_SHORT_COVERING
2015-08-11,1107.5999755859375,116.01549821136372,108507,113937,-5430,0.0256410256410256,4934.0,-923.0,5857.0,0.04763789790775588,-0.00803586975448372,0.5189155665810224,LONG_BUILDING_SHORT_COVERING,NET_UP,LONG_BUILDING_SHORT_COVERING
2015-08-18,1117.0999755859375,117.01057518617577,112075,104158,7917,0.0448717948717948,3568.0,-9779.0,13347.0,0.03288267116407236,-0.0858281330910942,2.458011049723757,LONG_BUILDING_SHORT_COVERING,NET_UP,LONG_BUILDING_SHORT_COVERING
2015-08-25,1138.199951171875,119.22069096245606,119456,78842,40614,0.2756410256410256,7381.0,-25316.0,32697.0,0.06585768458621459,-0.2430538220779969,4.129973474801061,LONG_BUILDING_SHORT_COVERING,NET_UP,LONG_BUILDING_SHORT_COVERING
2015-09-01,1138.699951171875,119.27306343481459,112641,72044,40597,0.2756410256410256,-6815.0,-6798.0,-17.0,-0.05705029466916689,-0.08622307906953147,-0.0004185748756586399,LONG_LIQUIDATION_SHORT_COVERING,NET_DOWN,LONG_LIQUIDATION_SHORT_COVERING
2015-09-08,1120.4000244140625,117.35623861824132,112684,85859,26825,0.1346153846153846,43.0,13815.0,-13772.0,0.00038174377003045073,0.1917578146688135,-0.339236889425327,LONG_BUILDING_SHORT_BUILDING,NET_DOWN,LONG_BUILDING_SHORT_BUILDING
2015-09-15,1102.800048828125,115.51273014847072,104300,95493,8807,0.0512820512820512,-8384.0,9634.0,-18018.0,-0.07440275460580029,0.11220722347103973,-0.6716868592730662,LONG_LIQUIDATION_SHORT_BUILDING,NET_DOWN,LONG_LIQUIDATION_SHORT_BUILDING
2015-09-22,1125.0,117.83806280669016,107531,86702,20829,0.1153846153846153,3231.0,-8791.0,12022.0,0.030977948226270376,-0.09205910380865613,1.3650505279890996,LONG_BUILDING_SHORT_COVERING,NET_UP,LONG_BUILDING_SHORT_COVERING
2015-09-29,1127.0999755859375,118.05802463334634,112633,72069,40564,0.2948717948717949,5102.0,-14633.0,19735.0,0.04744678278821921,-0.1687735000346013,0.9474770752316481,LONG_BUILDING_SHORT_COVERING,NET_UP,LONG_BUILDING_SHORT_COVERING
2015-10-06,1146.800048828125,120.12150771602126,115414,69576,45838,0.358974358974359,2781.0,-2493.0,5274.0,0.02469080997576199,-0.03459184947758398,0.13001676363277784,LONG_BUILDING_SHORT_COVERING,NET_UP,LONG_BUILDING_SHORT_COVERING
2015-10-13,1165.800048828125,122.11166166564536,128350,51137,77213,0.6730769230769231,12936.0,-18439.0,31375.0,0.11208345607985166,-0.2650195469702196,0.6844757624678215,LONG_BUILDING_SHORT_COVERING,NET_UP,LONG_BUILDING_SHORT_COVERING
2015-10-20,1178.0,123.38954487669423,156199,39855,116344,0.8974358974358975,27849.0,-11282.0,39131.0,0.21697701597195168,-0.22062303224670982,0.5067928975690622,LONG_BUILDING_SHORT_COVERING,NET_UP,LONG_BUILDING_SHORT_COVERING
2015-10-27,1166.800048828125,122.21640661036241,147660,33568,114092,0.8910256410256411,-8539.0,-6287.0,-2252.0,-0.054667443453543234,-0.15774683226696776,-0.01935639139104724,LONG_LIQUIDATION_SHORT_COVERING,NET_DOWN,LONG_LIQUIDATION_SHORT_COVERING
2015-11-03,1114.199951171875,116.70681228924667,116702,49495,67207,0.6089743589743589,-30958.0,15927.0,-46885.0,-0.20965732087227415,0.474469733079123,-0.4109402937979876,LONG_LIQUIDATION_SHORT_BUILDING,NET_DOWN,LONG_LIQUIDATION_SHORT_BUILDING
2015-11-10,1088.199951171875,113.98344372660316,91880,75011,16869,0.1025641025641025,-24822.0,25516.0,-50338.0,-0.21269558362324553,0.5155268208909991,-0.7489993601856949,LONG_LIQUIDATION_SHORT_BUILDING,NET_DOWN,LONG_LIQUIDATION_SHORT_BUILDING
2015-11-17,1068.699951171875,111.94091730462053,90510,104433,-13923,0.0128205128205128,-1370.0,29422.0,-30792.0,-0.014910753156290814,0.39223580541520575,-1.8253601280455274,LONG_LIQUIDATION_SHORT_BUILDING,NET_DOWN,LONG_LIQUIDATION_SHORT_BUILDING
2015-11-24,1074.300048828125,112.52749922403457,91059,107723,-16664,0.0064102564102564,549.0,3290.0,-2741.0,0.006065628107391448,0.031503451973992895,-0.19686849098613804,LONG_BUILDING_SHORT_BUILDING,NET_DOWN,LONG_BUILDING_SHORT_BUILDING
2015-12-01,1063.800048828125,111.42767730450547,89982,110548,-20566,0.0064102564102564,-1077.0,2825.0,-3902.0,-0.011827496458340197,0.026224668826527298,-0.23415746519443112,LONG_LIQUIDATION_SHORT_BUILDING,NET_DOWN,LONG_LIQUIDATION_SHORT_BUILDING
2015-12-08,1076.300048828125,112.73698911346868,92488,109910,-17422,0.0128205128205128,2506.0,-638.0,3144.0,0.027850014447333912,-0.005771248688352571,0.1528736749975688,LONG_BUILDING_SHORT_COVERING,NET_UP,LONG_BUILDING_SHORT_COVERING
2015-12-15,1062.9000244140625,111.33340429701049,83617,110836,-27219,0.0064102564102564,-8871.0,926.0,-9797.0,-0.09591514574863766,0.008425075061413883,-0.5623349787624842,LONG_LIQUIDATION_SHORT_BUILDING,NET_DOWN,LONG_LIQUIDATION_SHORT_BUILDING
2015-12-22,1074.800048828125,112.5798716963931,79979,100041,-20062,0.0192307692307692,-3638.0,-10795.0,7157.0,-0.04350789911142471,-0.0973961528745173,0.26294132774899887,LONG_LIQUIDATION_SHORT_COVERING,NET_UP,LONG_LIQUIDATION_SHORT_COVERING
2015-12-29,1077.5,112.8626779326299,76071,103272,-27201,0.0128205128205128,-3908.0,3231.0,-7139.0,-0.048862826491954135,0.032296758329085073,-0.35584687468846576,LONG_LIQUIDATION_SHORT_BUILDING,NET_DOWN,LONG_LIQUIDATION_SHORT_BUILDING
2016-01-05,1078.4000244140625,112.95695094012488,79732,95659,-15927,0.0448717948717948,3661.0,-7613.0,11274.0,0.048126092729160914,-0.07371794871794872,0.41447005624793204,LONG_BUILDING_SHORT_COVERING,NET_UP,LONG_BUILDING_SHORT_COVERING
2016-01-12,1085.5999755859375,113.71110942758844,82908,82816,92,0.0897435897435897,3176.0,-12843.0,16019.0,0.03983344203080319,-0.1342581461232085,1.0057763546179443,LONG_BUILDING_SHORT_COVERING,NET_UP,LONG_BUILDING_SHORT_COVERING
2016-01-19,1089.9000244140625,114.16151780437104,84054,83615,439,0.0961538461538461,1146.0,799.0,347.0,0.01382255029671443,0.009647894126738794,3.7717391304347827,LONG_BUILDING_SHORT_BUILDING,NET_UP,LONG_BUILDING_SHORT_BUILDING
2016-01-26,1121.699951171875,117.49239937462461,95745,78942,16803,0.1666666666666666,11691.0,-4673.0,16364.0,0.13908915697051896,-0.05588710159660348,37.275626423690206,LONG_BUILDING_SHORT_COVERING,NET_UP,LONG_BUILDING_SHORT_COVERING
2016-02-02,1127.300048828125,118.07898129403864,100566,71530,29036,0.2435897435897435,4821.0,-7412.0,12233.0,0.050352498825003915,-0.0938917179701553,0.7280247574837827,LONG_BUILDING_SHORT_COVERING,NET_UP,LONG_BUILDING_SHORT_COVERING
2016-02-09,1198.699951171875,125.55776011783806,121059,60423,60636,0.6282051282051282,20493.0,-11107.0,31600.0,0.20377662430642562,-0.15527750594156298,1.0883041741286679,LONG_BUILDING_SHORT_COVERING,NET_UP,LONG_BUILDING_SHORT_COVERING
2016-02-16,1207.9000244140625,126.52142128098387,126219,45206,81013,0.7756410256410257,5160.0,-15217.0,20377.0,0.04262384457165514,-0.2518411863032289,0.33605448908239327,LONG_BUILDING_SHORT_COVERING,NET_UP,LONG_BUILDING_SHORT_COVERING
2016-02-23,1222.300048828125,128.02975104215915,141373,32276,109097,0.9230769230769232,15154.0,-12930.0,28084.0,0.120061163533224,-0.28602397911781624,0.34666041252638463,LONG_BUILDING_SHORT_COVERING,NET_UP,LONG_BUILDING_SHORT_COVERING
2016-03-01,1230.300048828125,128.8677105998956,133823,29453,104370,0.8974358974358975,-7550.0,-2823.0,-4727.0,-0.05340482270306211,-0.08746436981038543,-0.043328414163542536,LONG_LIQUIDATION_SHORT_COVERING,NET_DOWN,LONG_LIQUIDATION_SHORT_COVERING
2016-03-08,1262.0999755859375,132.19859217014914,160317,32890,127427,0.9743589743589745,26494.0,3437.0,23057.0,0.1979779260665207,0.11669439445896852,0.22091597202261187,LONG_BUILDING_SHORT_BUILDING,NET_UP,LONG_BUILDING_SHORT_BUILDING
2016-03-15,1230.4000244140625,128.87818253711768,159202,29425,129777,0.9807692307692308,-1115.0,-3465.0,2350.0,-0.006954970464766681,-0.10535117056856187,0.018441931458796017,LONG_LIQUIDATION_SHORT_COVERING,NET_UP,LONG_LIQUIDATION_SHORT_COVERING
2016-03-22,1248.199951171875,130.7426348813324,174457,29558,144899,0.9871794871794872,15255.0,133.0,15122.0,0.09582166053190287,0.004519966015293118,0.11652295861362183,LONG_BUILDING_SHORT_BUILDING,NET_UP,LONG_BUILDING_SHORT_BUILDING
2016-03-29,1235.5999755859375,129.42285113514714,184135,29930,154205,1.0,9678.0,372.0,9306.0,0.05547498810595161,0.012585425265579538,0.0642240457146012,LONG_BUILDING_SHORT_BUILDING,NET_UP,LONG_BUILDING_SHORT_BUILDING
2016-04-05,1228.4000244140625,128.66869264768357,186716,33958,152758,0.9871794871794872,2581.0,4028.0,-1447.0,0.014016889781953458,0.13458068827263614,-0.009383612723322849,LONG_BUILDING_SHORT_BUILDING,NET_DOWN,LONG_BUILDING_SHORT_BUILDING
2016-04-12,1259.4000244140625,131.91578593391236,202500,31866,170634,1.0,15784.0,-2092.0,17876.0,0.084534801516742,-0.061605512692149124,0.11702169444480813,LONG_BUILDING_SHORT_COVERING,NET_UP,LONG_BUILDING_SHORT_COVERING
2016-04-19,1253.0,131.24541573047358,208661,34554,174107,1.0,6161.0,2688.0,3473.0,0.03042469135802469,0.08435322914705329,0.020353505163097623,LONG_BUILDING_SHORT_BUILDING,NET_UP,LONG_BUILDING_SHORT_BUILDING
2016-04-26,1242.199951171875,130.11416521303008,206476,34426,172050,0.9935897435897436,-2185.0,-128.0,-2057.0,-0.010471530377023018,-0.003704346819470973,-0.011814573796573372,LONG_LIQUIDATION_SHORT_COVERING,NET_DOWN,LONG_LIQUIDATION_SHORT_COVERING
2016-05-03,1290.699951171875,135.1942950318074,248842,29947,218895,1.0,42366.0,-4479.0,46845.0,0.20518607489490304,-0.13010515308197293,0.27227550130775935,LONG_BUILDING_SHORT_COVERING,NET_UP,LONG_BUILDING_SHORT_COVERING
2016-05-10,1263.9000244140625,132.38713818513912,246782,35591,211191,0.9935897435897436,-2060.0,5644.0,-7704.0,-0.008278345295408331,0.1884662904464554,-0.03519495648598643,LONG_LIQUIDATION_SHORT_BUILDING,NET_DOWN,LONG_LIQUIDATION_SHORT_BUILDING
2016-05-17,1276.199951171875,133.67549333341003,247059,34618,212441,0.9935897435897436,277.0,-973.0,1250.0,0.0011224481526205315,-0.027338372060352337,0.005918812828198171,LONG_BUILDING_SHORT_COVERING,NET_UP,LONG_BUILDING_SHORT_COVERING
2016-05-24,1228.9000244140625,128.72106512004208,205180,48719,156461,0.9615384615384616,-41879.0,14101.0,-55980.0,-0.16951011701658308,0.4073314460685193,-0.26350845646555987,LONG_LIQUIDATION_SHORT_BUILDING,NET_DOWN,LONG_LIQUIDATION_SHORT_BUILDING
2016-05-31,1214.800048828125,127.2441639567812,192160,43549,148611,0.935897435897436,-13020.0,-5170.0,-7850.0,-0.06345647723949703,-0.10611876270038384,-0.050172247397114934,LONG_LIQUIDATION_SHORT_COVERING,NET_DOWN,LONG_LIQUIDATION_SHORT_COVERING
2016-06-07,1244.4000244140625,130.34461176315648,212061,34695,177366,0.9807692307692308,19901.0,-8854.0,28755.0,0.10356473771856786,-0.20331121265700705,0.19349173345176332,LONG_BUILDING_SHORT_COVERING,NET_UP,LONG_BUILDING_SHORT_COVERING
2016-06-14,1285.5999755859375,134.660098371,257500,28260,229240,1.0,45439.0,-6435.0,51874.0,0.21427325156440835,-0.185473411154345,0.29246868058139663,LONG_BUILDING_SHORT_COVERING,NET_UP,LONG_BUILDING_SHORT_COVERING
2016-06-21,1270.5,133.0784522630221,274936,24528,250408,1.0,17436.0,-3732.0,21168.0,0.0677126213592233,-0.13205944798301486,0.09233990577560636,LONG_BUILDING_SHORT_COVERING,NET_UP,LONG_BUILDING_SHORT_COVERING
2016-06-28,1315.300048828125,137.77103090084552,285895,24845,261050,1.0,10959.0,317.0,10642.0,0.03986018564320424,0.012924005218525766,0.042498642215903645,LONG_BUILDING_SHORT_BUILDING,NET_UP,LONG_BUILDING_SHORT_BUILDING
2016-07-05,1356.4000244140625,142.07604557146698,300070,26994,273076,1.0,14175.0,2149.0,12026.0,0.04958113992899491,0.08649627691688469,0.04606780310285386,LONG_BUILDING_SHORT_BUILDING,NET_UP,LONG_BUILDING_SHORT_BUILDING
2016-07-12,1334.0999755859375,139.74022818977733,296106,36977,259129,0.9871794871794872,-3964.0,9983.0,-13947.0,-0.013210250941446997,0.3698229236126547,-0.051073693770232464,LONG_LIQUIDATION_SHORT_BUILDING,NET_DOWN,LONG_LIQUIDATION_SHORT_BUILDING
2016-07-19,1331.5,139.4678938907626,287317,34920,252397,0.9807692307692308,-8789.0,-2057.0,-6732.0,-0.029681938224824893,-0.05562917489250074,-0.02597933847620297,LONG_LIQUIDATION_SHORT_COVERING,NET_DOWN,LONG_LIQUIDATION_SHORT_COVERING
2016-07-26,1320.699951171875,138.33664337331913,278777,31356,247421,0.967948717948718,-8540.0,-3564.0,-4976.0,-0.029723267331901698,-0.10206185567010309,-0.019714972840406186,LONG_LIQUIDATION_SHORT_COVERING,NET_DOWN,LONG_LIQUIDATION_SHORT_COVERING
2016-08-02,1364.4000244140625,142.91400512920345,288542,33813,254729,0.9807692307692308,9765.0,2457.0,7308.0,0.03502799728815505,0.07835820895522388,0.02953670060342493,LONG_BUILDING_SHORT_BUILDING,NET_UP,LONG_BUILDING_SHORT_BUILDING
2016-08-09,1339.0,140.25348097614054,281496,36244,245252,0.9551282051282052,-7046.0,2431.0,-9477.0,-0.024419321970458374,0.0718954248366013,-0.03720424451083308,LONG_LIQUIDATION_SHORT_BUILDING,NET_DOWN,LONG_LIQUIDATION_SHORT_BUILDING
2016-08-16,1350.5,141.4580478403867,277152,34425,242727,0.9487179487179488,-4344.0,-1819.0,-2525.0,-0.01543183562111007,-0.05018761726078799,-0.010295532758142645,LONG_LIQUIDATION_SHORT_COVERING,NET_DOWN,LONG_LIQUIDATION_SHORT_COVERING
2016-08-23,1340.5999755859375,140.4210703304382,284550,30866,253684,0.9743589743589745,7398.0,-3559.0,10957.0,0.026692933841357812,-0.1033841684822077,0.0451412492223774,LONG_BUILDING_SHORT_COVERING,NET_UP,LONG_BUILDING_SHORT_COVERING
2016-08-30,1311.699951171875,137.3939388708656,266680,35086,231594,0.935897435897436,-17870.0,4220.0,-22090.0,-0.06280091372342295,0.1367200155510918,-0.08707683574841141,LONG_LIQUIDATION_SHORT_BUILDING,NET_DOWN,LONG_LIQUIDATION_SHORT_BUILDING
2016-09-06,1349.4000244140625,141.34283095844756,291692,22157,269535,0.9935897435897436,25012.0,-12929.0,37941.0,0.09379031048447578,-0.36849455623325544,0.16382548770693542,LONG_BUILDING_SHORT_COVERING,NET_UP,LONG_BUILDING_SHORT_COVERING
2016-09-13,1319.0,138.15858208179938,271631,28654,242977,0.935897435897436,-20061.0,6497.0,-26558.0,-0.06877459786349986,0.2932256171864422,-0.09853265809635112,LONG_LIQUIDATION_SHORT_BUILDING,NET_DOWN,LONG_LIQUIDATION_SHORT_BUILDING
2016-09-20,1313.699951171875,137.60342876029972,246119,32972,213147,0.903846153846154,-25512.0,4318.0,-29830.0,-0.09392153325651344,0.1506944929154743,-0.12276882174032933,LONG_LIQUIDATION_SHORT_BUILDING,NET_DOWN,LONG_LIQUIDATION_SHORT_BUILDING
2016-09-27,1325.9000244140625,138.8813247575967,282151,26974,255177,0.9743589743589745,36032.0,-5998.0,42030.0,0.14640072485261194,-0.181911925269926,0.19718785626820926,LONG_BUILDING_SHORT_COVERING,NET_UP,LONG_BUILDING_SHORT_COVERING
2016-10-04,1266.300048828125,132.63852860970968,244765,44649,200116,0.8782051282051282,-37386.0,17675.0,-55061.0,-0.1325035176199978,0.6552606213390673,-0.21577571646347438,LONG_LIQUIDATION_SHORT_BUILDING,NET_DOWN,LONG_LIQUIDATION_SHORT_BUILDING
2016-10-11,1253.0,131.24541573047358,203033,54240,148793,0.8205128205128205,-41732.0,9591.0,-51323.0,-0.17049823299899905,0.21480884230329905,-0.25646624957524633,LONG_LIQUIDATION_SHORT_BUILDING,NET_DOWN,LONG_LIQUIDATION_SHORT_BUILDING
2016-10-18,1260.800048828125,132.06243141376586,190008,59054,130954,0.7884615384615384,-13025.0,4814.0,-17839.0,-0.06415213290450321,0.08875368731563422,-0.11989139274024987,LONG_LIQUIDATION_SHORT_BUILDING,NET_DOWN,LONG_LIQUIDATION_SHORT_BUILDING
2016-10-25,1271.9000244140625,133.2250977428756,199094,55184,143910,0.7948717948717948,9086.0,-3870.0,12956.0,0.047819039198349546,-0.06553324076269178,0.09893550407013149,LONG_BUILDING_SHORT_COVERING,NET_UP,LONG_BUILDING_SHORT_COVERING
2016-11-01,1286.4000244140625,134.74389944127293,203670,37403,166267,0.8461538461538461,4576.0,-17781.0,22357.0,0.02298411805478819,-0.32221296027834156,0.15535404071989437,LONG_BUILDING_SHORT_COVERING,NET_UP,LONG_BUILDING_SHORT_COVERING
2016-11-08,1273.4000244140625,133.38221515995116,211670,38033,173637,0.8589743589743589,8000.0,630.0,7370.0,0.03927922619924387,0.016843568697698045,0.04432629445410093,LONG_BUILDING_SHORT_BUILDING,NET_UP,LONG_BUILDING_SHORT_BUILDING
2016-11-15,1224.0,128.20781233367887,178132,43452,134680,0.7756410256410257,-33538.0,5419.0,-38957.0,-0.1584447489015921,0.14248152919832777,-0.22435886360625903,LONG_LIQUIDATION_SHORT_BUILDING,NET_DOWN,LONG_LIQUIDATION_SHORT_BUILDING
2016-11-22,1211.0,126.84612805235713,171864,47475,124389,0.7243589743589743,-6268.0,4023.0,-10291.0,-0.035187389127164126,0.09258492129246064,-0.0764107514107514,LONG_LIQUIDATION_SHORT_BUILDING,NET_DOWN,LONG_LIQUIDATION_SHORT_BUILDING
2016-11-29,1187.9000244140625,124.42652238664272,162086,55145,106941,0.6602564102564102,-9778.0,7670.0,-17448.0,-0.05689382302285528,0.16155871511321748,-0.14026963799049755,LONG_LIQUIDATION_SHORT_BUILDING,NET_DOWN,LONG_LIQUIDATION_SHORT_BUILDING
2016-12-06,1167.5999755859375,122.30019489438719,150856,68538,82318,0.5448717948717948,-11230.0,13393.0,-24623.0,-0.06928420714929112,0.24286880043521625,-0.23024845475542588,LONG_LIQUIDATION_SHORT_BUILDING,NET_DOWN,LONG_LIQUIDATION_SHORT_BUILDING
2016-12-13,1156.699951171875,121.15847243972162,146150,77432,68718,0.4615384615384615,-4706.0,8894.0,-13600.0,-0.03119531208569762,0.12976742828795704,-0.16521295463932553,LONG_LIQUIDATION_SHORT_BUILDING,NET_DOWN,LONG_LIQUIDATION_SHORT_BUILDING
2016-12-20,1131.5,118.51890494735102,137588,83783,53805,0.3782051282051282,-8562.0,6351.0,-14913.0,-0.05858364693807732,0.08202035334228742,-0.21701737536016763,LONG_LIQUIDATION_SHORT_BUILDING,NET_DOWN,LONG_LIQUIDATION_SHORT_BUILDING
2016-12-27,1137.300048828125,119.1264307412092,130595,87229,43366,0.3076923076923077,-6993.0,3446.0,-10439.0,-0.05082565340000581,0.04113006218445269,-0.19401542607564354,LONG_LIQUIDATION_SHORT_BUILDING,NET_DOWN,LONG_LIQUIDATION_SHORT_BUILDING
2017-01-03,1160.4000244140625,121.54603640692363,127786,91229,36557,0.2371794871794871,-2809.0,4000.0,-6809.0,-0.021509246142654773,0.045856309254949615,-0.1570124060323756,LONG_LIQUIDATION_SHORT_BUILDING,NET_DOWN,LONG_LIQUIDATION_SHORT_BUILDING
2017-01-10,1184.199951171875,124.03895841944073,135563,79884,55679,0.391025641025641,7777.0,-11345.0,19122.0,0.06085956208035309,-0.12435738635740828,0.5230735563640343,LONG_BUILDING_SHORT_COVERING,NET_UP,LONG_BUILDING_SHORT_COVERING
2017-01-17,1212.0,126.9508729970742,141566,82931,58635,0.3974358974358974,6003.0,3047.0,2956.0,0.04428199434949064,0.03814280707025187,0.053090033944575156,LONG_BUILDING_SHORT_BUILDING,NET_UP,LONG_BUILDING_SHORT_BUILDING
2017-01-24,1210.300048828125,126.77281170555443,135159,75405,59754,0.3974358974358974,-6407.0,-7526.0,1119.0,-0.04525804218527048,-0.0907501416840506,0.019084164748017395,LONG_LIQUIDATION_SHORT_COVERING,NET_UP,LONG_LIQUIDATION_SHORT_COVERING
2017-01-31,1208.5999755859375,126.59473762778657,140663,70826,69837,0.4679487179487179,5504.0,-4579.0,10083.0,0.04072240842267256,-0.060725416086466415,0.16874184155035646,LONG_BUILDING_SHORT_COVERING,NET_UP,LONG_BUILDING_SHORT_COVERING
2017-02-07,1234.199951171875,129.2762056552936,142542,72393,70149,0.4679487179487179,1879.0,1567.0,312.0,0.013358168103907922,0.022124643492502753,0.004467545856780789,LONG_BUILDING_SHORT_BUILDING,NET_UP,LONG_BUILDING_SHORT_BUILDING
2017-02-14,1223.9000244140625,128.1973403964568,135739,72114,63625,0.4294871794871794,-6803.0,-279.0,-6524.0,-0.047726284182907495,-0.0038539637810285523,-0.09300203851801166,LONG_LIQUIDATION_SHORT_COVERING,NET_DOWN,LONG_LIQUIDATION_SHORT_COVERING
2017-02-21,1237.5,129.62186908735916,142639,64597,78042,0.5064102564102564,6900.0,-7517.0,14417.0,0.05083284833393498,-0.10423773469783953,0.22659332023575637,LONG_BUILDING_SHORT_COVERING,NET_UP,LONG_BUILDING_SHORT_COVERING
2017-02-28,1252.5999755859375,131.2035151953371,166437,52191,114246,0.6858974358974359,23798.0,-12406.0,36204.0,0.16684076584945212,-0.1920522624889701,0.46390405166448834,LONG_BUILDING_SHORT_COVERING,NET_UP,LONG_BUILDING_SHORT_COVERING
2017-03-07,1215.0999755859375,127.27557976844743,150277,60030,90247,0.5769230769230769,-16160.0,7839.0,-23999.0,-0.0970937952498543,0.1501983100534575,-0.21006424732594578,LONG_LIQUIDATION_SHORT_BUILDING,NET_DOWN,LONG_LIQUIDATION_SHORT_BUILDING
2017-03-14,1201.9000244140625,125.89295161268153,121179,74805,46374,0.3076923076923077,-29098.0,14775.0,-43873.0,-0.19362909826520358,0.24612693653173412,-0.4861435837202345,LONG_LIQUIDATION_SHORT_BUILDING,NET_DOWN,LONG_LIQUIDATION_SHORT_BUILDING
2017-03-21,1246.0999755859375,130.52267305467623,130259,74064,56195,0.3782051282051282,9080.0,-741.0,9821.0,0.07493047475222604,-0.00990575496290355,0.21177815155043775,LONG_BUILDING_SHORT_COVERING,NET_UP,LONG_BUILDING_SHORT_COVERING
2017-03-28,1255.300048828125,131.48633421782205,150879,59836,91043,0.6153846153846154,20620.0,-14228.0,34848.0,0.15830000230310382,-0.1921041261611579,0.620126345760299,LONG_BUILDING_SHORT_COVERING,NET_UP,LONG_BUILDING_SHORT_COVERING
2017-04-04,1255.0,131.45490561990766,163428,54302,109126,0.6794871794871795,12549.0,-5534.0,18083.0,0.08317260851410734,-0.09248612875192191,0.19862043210351152,LONG_BUILDING_SHORT_COVERING,NET_UP,LONG_BUILDING_SHORT_COVERING
2017-04-11,1271.199951171875,133.15176860982476,179841,46830,133011,0.7628205128205128,16413.0,-7472.0,23885.0,0.1004295469564579,-0.1376008250156532,0.21887542840386343,LONG_BUILDING_SHORT_COVERING,NET_UP,LONG_BUILDING_SHORT_COVERING
2017-04-18,1291.699951171875,135.29903997652443,199001,47765,151236,0.8076923076923077,19160.0,935.0,18225.0,0.10653855350003615,0.019965833867179157,0.13701874281074497,LONG_BUILDING_SHORT_BUILDING,NET_UP,LONG_BUILDING_SHORT_BUILDING
2017-04-25,1265.5999755859375,132.56519947665885,207394,47014,160380,0.8333333333333334,8393.0,-751.0,9144.0,0.04217566745895749,-0.015722809588610907,0.06046179481075934,LONG_BUILDING_SHORT_COVERING,NET_UP,LONG_BUILDING_SHORT_COVERING
2017-05-02,1255.0999755859375,131.46537755712976,195331,51720,143611,0.7628205128205128,-12063.0,4706.0,-16769.0,-0.058164652786483695,0.10009784319564385,-0.1045579249282953,LONG_LIQUIDATION_SHORT_BUILDING,NET_DOWN,LONG_LIQUIDATION_SHORT_BUILDING
2017-05-09,1214.300048828125,127.19179148442268,151419,55457,95962,0.6025641025641025,-43912.0,3737.0,-47649.0,-0.22480814617239456,0.07225444702242846,-0.3317921329146096,LONG_LIQUIDATION_SHORT_BUILDING,NET_DOWN,LONG_LIQUIDATION_SHORT_BUILDING
2017-05-16,1235.0,129.3600067255665,132094,66226,65868,0.4487179487179487,-19325.0,10769.0,-30094.0,-0.12762599145417683,0.19418648682763223,-0.3136033013067673,LONG_LIQUIDATION_SHORT_BUILDING,NET_DOWN,LONG_LIQUIDATION_SHORT_BUILDING
2017-05-23,1254.800048828125,131.4339617454635,161893,50845,111048,0.6538461538461539,29799.0,-15381.0,45180.0,0.22558935303647404,-0.23225017364781203,0.685917289123702,LONG_BUILDING_SHORT_COVERING,NET_UP,LONG_BUILDING_SHORT_COVERING
2017-05-30,1262.0999755859375,132.19859217014914,175304,51171,124133,0.6923076923076923,13411.0,326.0,13085.0,0.08283866504419586,0.006411643229422756,0.11783192853540811,LONG_BUILDING_SHORT_BUILDING,NET_UP,LONG_BUILDING_SHORT_BUILDING
2017-06-06,1294.4000244140625,135.5818589990094,229476,63427,166049,0.8333333333333334,54172.0,12256.0,41916.0,0.30901747820928216,0.23951066033495536,0.3376700796726092,LONG_BUILDING_SHORT_BUILDING,NET_UP,LONG_BUILDING_SHORT_BUILDING
2017-06-13,1265.800048828125,132.58615613735117,214955,67459,147496,0.7692307692307693,-14521.0,4032.0,-18553.0,-0.06327894856106957,0.0635691424787551,-0.11173207908508934,LONG_LIQUIDATION_SHORT_BUILDING,NET_DOWN,LONG_LIQUIDATION_SHORT_BUILDING
2017-06-20,1241.0,129.98847639386886,165035,65659,99376,0.5833333333333334,-49920.0,-1800.0,-48120.0,-0.23223465376474145,-0.026682874042010703,-0.32624613548842,LONG_LIQUIDATION_SHORT_COVERING,NET_DOWN,LONG_LIQUIDATION_SHORT_COVERING
2017-06-27,1246.4000244140625,130.55410165259062,144515,71860,72655,0.4679487179487179,-20520.0,6201.0,-26721.0,-0.12433726179295301,0.09444249836275301,-0.2688878602479472,LONG_LIQUIDATION_SHORT_BUILDING,NET_DOWN,LONG_LIQUIDATION_SHORT_BUILDING
2017-07-03,1217.9000244140625,127.56887072815447,129780,96091,33689,0.2115384615384615,-14735.0,24231.0,-38966.0,-0.10196173407604747,0.3371973281380462,-0.536315463491845,LONG_LIQUIDATION_SHORT_BUILDING,NET_DOWN,LONG_LIQUIDATION_SHORT_BUILDING
2017-07-11,1213.5999755859375,127.11846235137185,123619,100397,23222,0.1666666666666666,-6161.0,4306.0,-10467.0,-0.047472646016335336,0.04481168891987803,-0.31069488557095787,LONG_LIQUIDATION_SHORT_BUILDING,NET_DOWN,LONG_LIQUIDATION_SHORT_BUILDING
2017-07-18,1241.0999755859375,129.99894833109093,127028,98115,28913,0.1858974358974359,3409.0,-2282.0,5691.0,0.027576667017206093,-0.022729762841519167,0.24506933080699336,LONG_BUILDING_SHORT_COVERING,NET_UP,LONG_BUILDING_SHORT_COVERING
2017-07-25,1251.699951171875,131.1092421878421,136359,62735,73624,0.5,9331.0,-35380.0,44711.0,0.07345624586705293,-0.36059725831931916,1.5463978141320514,LONG_BUILDING_SHORT_COVERING,NET_UP,LONG_BUILDING_SHORT_COVERING
2017-08-01,1272.5999755859375,133.29841408967826,158082,39624,118458,0.6858974358974359,21723.0,-23111.0,44834.0,0.15930741645215937,-0.36839085040248665,0.6089590350972509,LONG_BUILDING_SHORT_COVERING,NET_UP,LONG_BUILDING_SHORT_COVERING
2017-08-08,1256.4000244140625,131.6015510997612,164828,28843,135985,0.7435897435897436,6746.0,-10781.0,17527.0,0.0426740552371554,-0.2720825762164345,0.14795961437809182,LONG_BUILDING_SHORT_COVERING,NET_UP,LONG_BUILDING_SHORT_COVERING
2017-08-15,1273.699951171875,133.4136309716174,195433,18877,176556,0.8653846153846154,30605.0,-9966.0,40571.0,0.1856784041546339,-0.345525777485005,0.29834908261940657,LONG_BUILDING_SHORT_COVERING,NET_UP,LONG_BUILDING_SHORT_COVERING
2017-08-22,1285.0999755859375,134.6077258986415,209717,15638,194079,0.8717948717948718,14284.0,-3239.0,17523.0,0.07308898701856903,-0.17158446787095408,0.09924896350166519,LONG_BUILDING_SHORT_COVERING,NET_UP,LONG_BUILDING_SHORT_COVERING
2017-08-29,1313.0999755859375,137.54058435071912,235065,13939,221126,0.903846153846154,25348.0,-1699.0,27047.0,0.12086764544600581,-0.10864560685509655,0.13936077576656927,LONG_BUILDING_SHORT_COVERING,NET_UP,LONG_BUILDING_SHORT_COVERING
2017-09-05,1339.199951171875,140.2744248505847,251489,14301,237188,0.9166666666666666,16424.0,362.0,16062.0,0.06987003594750388,0.025970299160628454,0.07263731989906207,LONG_BUILDING_SHORT_BUILDING,NET_UP,LONG_BUILDING_SHORT_BUILDING
2017-09-12,1328.0,139.1012865842529,270413,16896,253517,0.9551282051282052,18924.0,2595.0,16329.0,0.07524782396049132,0.1814558422487938,0.0688441236487512,LONG_BUILDING_SHORT_BUILDING,NET_UP,LONG_BUILDING_SHORT_BUILDING
2017-09-19,1306.199951171875,136.8178416749218,251735,18353,233382,0.903846153846154,-18678.0,1457.0,-20135.0,-0.06907212301183745,0.08623342803030302,-0.07942268171365234,LONG_LIQUIDATION_SHORT_BUILDING,NET_DOWN,LONG_LIQUIDATION_SHORT_BUILDING
2017-09-26,1297.0,135.85419329802411,219134,23158,195976,0.8461538461538461,-32601.0,4805.0,-37406.0,-0.1295052336782728,0.2618100583010952,-0.16027799916017516,LONG_LIQUIDATION_SHORT_BUILDING,NET_DOWN,LONG_LIQUIDATION_SHORT_BUILDING
2017-10-03,1271.5,133.1831972077391,204361,24917,179444,0.8333333333333334,-14773.0,1759.0,-16532.0,-0.06741537141657616,0.07595647292512307,-0.08435726823692698,LONG_LIQUIDATION_SHORT_BUILDING,NET_DOWN,LONG_LIQUIDATION_SHORT_BUILDING
2017-10-10,1290.5999755859375,135.1838230945853,193154,21824,171330,0.7948717948717948,-11207.0,-3093.0,-8114.0,-0.05483923057726278,-0.12413211863386443,-0.04521744945498317,LONG_LIQUIDATION_SHORT_COVERING,NET_DOWN,LONG_LIQUIDATION_SHORT_COVERING
2017-10-17,1283.0,134.3877640719853,196555,27040,169515,0.782051282051282,3401.0,5216.0,-1815.0,0.017607711981113515,0.23900293255131966,-0.010593591315006128,LONG_BUILDING_SHORT_BUILDING,NET_DOWN,LONG_BUILDING_SHORT_BUILDING
2017-10-24,1275.0,133.54980451424882,192701,24333,168368,0.7756410256410257,-3854.0,-2707.0,-1147.0,-0.0196077433797156,-0.10011094674556213,-0.006766362858744064,LONG_LIQUIDATION_SHORT_COVERING,NET_DOWN,LONG_LIQUIDATION_SHORT_COVERING
2017-10-31,1267.0,132.71184495651238,182652,16687,165965,0.7564102564102564,-10049.0,-7646.0,-2403.0,-0.0521481466105521,-0.3142234825134591,-0.01427230827710729,LONG_LIQUIDATION_SHORT_COVERING,NET_DOWN,LONG_LIQUIDATION_SHORT_COVERING
2017-11-07,1273.699951171875,133.4136309716174,187782,17070,170712,0.7884615384615384,5130.0,383.0,4747.0,0.028086196701924974,0.022951998561754658,0.028602416172084477,LONG_BUILDING_SHORT_BUILDING,NET_UP,LONG_BUILDING_SHORT_BUILDING
2017-11-14,1281.5,134.23064665490972,190657,14559,176098,0.8141025641025641,2875.0,-2511.0,5386.0,0.015310306632158566,-0.14710017574692444,0.03155021322461221,LONG_BUILDING_SHORT_COVERING,NET_UP,LONG_BUILDING_SHORT_COVERING
2017-11-21,1281.0999755859375,134.18874611977327,187292,14137,173155,0.7948717948717948,-3365.0,-422.0,-2943.0,-0.01764949621571723,-0.028985507246376812,-0.01671228520482913,LONG_LIQUIDATION_SHORT_COVERING,NET_DOWN,LONG_LIQUIDATION_SHORT_COVERING
2017-11-28,1294.699951171875,135.61327481067562,208518,9978,198540,0.8461538461538461,21226.0,-4159.0,25385.0,0.11333105525062469,-0.2941925443870694,0.14660275475729836,LONG_BUILDING_SHORT_COVERING,NET_UP,LONG_BUILDING_SHORT_COVERING
2017-12-05,1261.5999755859375,132.14621969779063,167174,32664,134510,0.6282051282051282,-41344.0,22686.0,-64030.0,-0.19827544864232344,2.273601924233313,-0.322504281253148,LONG_LIQUIDATION_SHORT_BUILDING,NET_DOWN,LONG_LIQUIDATION_SHORT_BUILDING
2017-12-12,1238.5,129.7266140320762,123139,46913,76226,0.4166666666666667,-44035.0,14249.0,-58284.0,-0.26340818548338857,0.4362294881214793,-0.4333060738978515,LONG_LIQUIDATION_SHORT_BUILDING,NET_DOWN,LONG_LIQUIDATION_SHORT_BUILDING
2017-12-19,1260.699951171875,132.05194669029567,116642,35397,81245,0.4487179487179487,-6497.0,-11516.0,5019.0,-0.05276151341167299,-0.24547566772536397,0.06584367538635111,LONG_LIQUIDATION_SHORT_COVERING,NET_UP,LONG_LIQUIDATION_SHORT_COVERING
2017-12-26,1284.0999755859375,134.50298095392444,127715,19957,107758,0.5256410256410257,11073.0,-15440.0,26513.0,0.09493149980281546,-0.4361951577817329,0.32633392824173796,LONG_BUILDING_SHORT_COVERING,NET_UP,LONG_BUILDING_SHORT_COVERING
2018-01-02,1313.699951171875,137.60342876029972,168423,20249,148174,0.6666666666666666,40708.0,292.0,40416.0,0.3187409466390009,0.014631457633912912,0.3750626403608085,LONG_BUILDING_SHORT_BUILDING,NET_UP,LONG_BUILDING_SHORT_BUILDING
2018-01-09,1311.699951171875,137.3939388708656,216115,20065,196050,0.8397435897435898,47692.0,-184.0,47876.0,0.283167975870279,-0.009086868487332709,0.3231066178951773,LONG_BUILDING_SHORT_COVERING,NET_UP,LONG_BUILDING_SHORT_COVERING
2018-01-16,1335.4000244140625,139.87640173240877,227373,25841,201532,0.8525641025641025,11258.0,5776.0,5482.0,0.05209263586516438,0.2878644405681535,0.027962254526906403,LONG_BUILDING_SHORT_BUILDING,NET_UP,LONG_BUILDING_SHORT_BUILDING
2018-01-23,1335.699951171875,139.907817544075,236003,26467,209536,0.8525641025641025,8630.0,626.0,8004.0,0.037955254141872605,0.02422506868929221,0.03971577714705357,LONG_BUILDING_SHORT_BUILDING,NET_UP,LONG_BUILDING_SHORT_BUILDING
2018-01-30,1335.4000244140625,139.87640173240877,230597,23035,207562,0.8461538461538461,-5406.0,-3432.0,-1974.0,-0.022906488476841395,-0.12967091094570599,-0.009420815516188149,LONG_LIQUIDATION_SHORT_COVERING,NET_DOWN,LONG_LIQUIDATION_SHORT_COVERING
2018-02-06,1326.0999755859375,138.90226863204086,206377,23448,182929,0.8012820512820513,-24220.0,413.0,-24633.0,-0.1050317220085257,0.01792923811591057,-0.11867779265954269,LONG_LIQUIDATION_SHORT_BUILDING,NET_DOWN,LONG_LIQUIDATION_SHORT_BUILDING
2018-02-13,1328.0999755859375,139.111758521475,186183,16426,169757,0.7243589743589743,-20194.0,-7022.0,-13172.0,-0.0978500511200376,-0.2994711702490618,-0.07200607886119752,LONG_LIQUIDATION_SHORT_COVERING,NET_DOWN,LONG_LIQUIDATION_SHORT_COVERING
2018-02-20,1328.800048828125,139.1850876545258,190398,14943,175455,0.7692307692307693,4215.0,-1483.0,5698.0,0.022639016451555728,-0.0902836965785949,0.03356562615974599,LONG_BUILDING_SHORT_COVERING,NET_UP,LONG_BUILDING_SHORT_COVERING
2018-02-27,1315.5,137.79197477528967,177475,27456,150019,0.6474358974358975,-12923.0,12513.0,-25436.0,-0.06787361211777435,0.8373820517968279,-0.14497164515117836,LONG_LIQUIDATION_SHORT_BUILDING,NET_DOWN,LONG_LIQUIDATION_SHORT_BUILDING
2018-03-06,1333.5999755859375,139.68785571741878,172492,21786,150706,0.6474358974358975,-4983.0,-5670.0,687.0,-0.02807719397098183,-0.20651223776223776,0.004579419940140915,LONG_LIQUIDATION_SHORT_COVERING,NET_UP,LONG_LIQUIDATION_SHORT_COVERING
2018-03-13,1325.9000244140625,138.8813247575967,162337,26472,135865,0.5833333333333334,-10155.0,4686.0,-14841.0,-0.058872295526749066,0.21509226108510052,-0.09847650392154261,LONG_LIQUIDATION_SHORT_BUILDING,NET_DOWN,LONG_LIQUIDATION_SHORT_BUILDING
2018-03-20,1311.0999755859375,137.331094461285,148152,36345,111807,0.5,-14185.0,9873.0,-24058.0,-0.08737995651022257,0.37296010879419766,-0.17707282964707613,LONG_LIQUIDATION_SHORT_BUILDING,NET_DOWN,LONG_LIQUIDATION_SHORT_BUILDING
2018-03-27,1341.300048828125,140.49439946348903,183080,20917,162163,0.6794871794871795,34928.0,-15428.0,50356.0,0.23575787029537232,-0.42448754986930803,0.45038324970708454,LONG_BUILDING_SHORT_COVERING,NET_UP,LONG_BUILDING_SHORT_COVERING
2018-04-03,1332.800048828125,139.60406743339405,155590,28948,126642,0.532051282051282,-27490.0,8031.0,-35521.0,-0.15015293860607384,0.38394607257254865,-0.21904503493398617,LONG_LIQUIDATION_SHORT_BUILDING,NET_DOWN,LONG_LIQUIDATION_SHORT_BUILDING
2018-04-10,1342.0,140.5677158102917,154044,28482,125562,0.5256410256410257,-1546.0,-466.0,-1080.0,-0.009936371232084323,-0.016097830592787066,-0.008527976500686976,LONG_LIQUIDATION_SHORT_COVERING,NET_DOWN,LONG_LIQUIDATION_SHORT_COVERING
2018-04-17,1347.199951171875,141.11238440832116,157925,25287,132638,0.5512820512820513,3881.0,-3195.0,7076.0,0.025194100386902445,-0.1121761112281441,0.05635462958538411,LONG_BUILDING_SHORT_COVERING,NET_UP,LONG_BUILDING_SHORT_COVERING
2018-04-24,1331.4000244140625,139.45742195354055,143258,43597,99661,0.4294871794871794,-14667.0,18310.0,-32977.0,-0.09287319930346684,0.7240874757780678,-0.24862407454877183,LONG_LIQUIDATION_SHORT_BUILDING,NET_DOWN,LONG_LIQUIDATION_SHORT_BUILDING
2018-05-01,1303.800048828125,136.56646403659934,119064,79747,39317,0.2051282051282051,-24194.0,36150.0,-60344.0,-0.16888411118401764,0.8291854944147533,-0.6054926199817381,LONG_LIQUIDATION_SHORT_BUILDING,NET_DOWN,LONG_LIQUIDATION_SHORT_BUILDING
2018-05-08,1312.0,137.42536746877997,109508,67869,41639,0.2307692307692307,-9556.0,-11878.0,2322.0,-0.08025935631257139,-0.14894604185737395,0.05905842256530254,LONG_LIQUIDATION_SHORT_COVERING,NET_UP,LONG_LIQUIDATION_SHORT_COVERING
2018-05-15,1288.9000244140625,135.00576180306555,103256,84258,18998,0.141025641025641,-6252.0,16389.0,-22641.0,-0.0570917193264419,0.24147990982628298,-0.5437450467110161,LONG_LIQUIDATION_SHORT_BUILDING,NET_DOWN,LONG_LIQUIDATION_SHORT_BUILDING
2018-05-22,1291.699951171875,135.29903997652443,91411,74880,16531,0.1282051282051282,-11845.0,-9378.0,-2467.0,-0.11471488339660649,-0.11130100405896176,-0.12985577429203074,LONG_LIQUIDATION_SHORT_COVERING,NET_DOWN,LONG_LIQUIDATION_SHORT_COVERING
2018-05-29,1298.699951171875,136.03225458954384,107882,53881,54001,0.2756410256410256,16471.0,-20999.0,37470.0,0.1801861920337815,-0.2804353632478632,2.2666505353578126,LONG_BUILDING_SHORT_COVERING,NET_UP,LONG_BUILDING_SHORT_COVERING
2018-06-05,1297.5,135.90656577038266,100027,49147,50880,0.2628205128205128,-7855.0,-4734.0,-3121.0,-0.07281103427819284,-0.08786028470147177,-0.05779522601433307,LONG_LIQUIDATION_SHORT_COVERING,NET_DOWN,LONG_LIQUIDATION_SHORT_COVERING
2018-06-12,1295.0999755859375,135.65517534581207,104313,48809,55504,0.2756410256410256,4286.0,-338.0,4624.0,0.042848430923650614,-0.006877327202067267,0.09088050314465408,LONG_BUILDING_SHORT_COVERING,NET_UP,LONG_BUILDING_SHORT_COVERING
2018-06-19,1275.5999755859375,133.61264892382945,94297,83769,10528,0.1217948717948717,-10016.0,34960.0,-44976.0,-0.09601871291210108,0.7162613452437051,-0.810319976938599,LONG_LIQUIDATION_SHORT_BUILDING,NET_DOWN,LONG_LIQUIDATION_SHORT_BUILDING
2018-06-26,1256.5999755859375,131.62249497420535,94845,94869,-24,0.0897435897435897,548.0,11100.0,-10552.0,0.005811425602087023,0.1325072520860939,-1.0022796352583587,LONG_BUILDING_SHORT_BUILDING,NET_DOWN,LONG_BUILDING_SHORT_BUILDING
2018-07-03,1251.5999755859375,131.09877025062005,104275,105529,-1254,0.0833333333333333,9430.0,10660.0,-1230.0,0.0994253782487216,0.11236547238824063,-51.25,LONG_BUILDING_SHORT_BUILDING,NET_DOWN,LONG_BUILDING_SHORT_BUILDING
2018-07-10,1253.800048828125,131.32921680074645,107402,109929,-2527,0.0833333333333333,3127.0,4400.0,-1273.0,0.029988012467034284,0.041694700035061455,-1.0151515151515151,LONG_BUILDING_SHORT_BUILDING,NET_DOWN,LONG_BUILDING_SHORT_BUILDING
2018-07-17,1225.699951171875,128.38587362519863,107775,134224,-26449,0.0192307692307692,373.0,24295.0,-23922.0,0.0034729334649261654,0.2210062858754287,-9.466561139691333,LONG_BUILDING_SHORT_BUILDING,NET_DOWN,LONG_BUILDING_SHORT_BUILDING
2018-07-24,1223.9000244140625,128.1973403964568,110249,146671,-36422,0.0064102564102564,2474.0,12447.0,-9973.0,0.022955230804917653,0.09273304327095006,-0.37706529547430906,LONG_BUILDING_SHORT_BUILDING,NET_DOWN,LONG_BUILDING_SHORT_BUILDING
2018-07-31,1223.699951171875,128.17638373576452,110580,153108,-42528,0.0064102564102564,331.0,6437.0,-6106.0,0.00300229480539506,0.04388733969223636,-0.1676459282851024,LONG_BUILDING_SHORT_BUILDING,NET_DOWN,LONG_BUILDING_SHORT_BUILDING
2018-08-07,1209.5999755859375,126.69948257250363,105849,171965,-66116,0.0064102564102564,-4731.0,18857.0,-23588.0,-0.042783505154639176,0.12316142853410664,-0.5546463506395787,LONG_LIQUIDATION_SHORT_BUILDING,NET_DOWN,LONG_LIQUIDATION_SHORT_BUILDING
2018-08-14,1193.0,124.9607190474501,104803,188127,-83324,0.0064102564102564,-1046.0,16162.0,-17208.0,-0.00988200171943051,0.09398424097926904,-0.2602698287857705,LONG_LIQUIDATION_SHORT_BUILDING,NET_DOWN,LONG_LIQUIDATION_SHORT_BUILDING
2018-08-21,1192.5999755859375,124.91881851231363,107143,197171,-90028,0.0064102564102564,2340.0,9044.0,-6704.0,0.02232760512580747,0.04807390751992006,-0.08045701118525275,LONG_BUILDING_SHORT_BUILDING,NET_DOWN,LONG_BUILDING_SHORT_BUILDING
2018-08-28,1207.4000244140625,126.46904880862535,105971,181743,-75772,0.0192307692307692,-1172.0,-15428.0,14256.0,-0.010938652081797224,-0.07824680100014708,0.15835073532678723,LONG_LIQUIDATION_SHORT_COVERING,NET_UP,LONG_LIQUIDATION_SHORT_COVERING
2018-09-04,1192.699951171875,124.92929044953571,101651,184373,-82722,0.0192307692307692,-4320.0,2630.0,-6950.0,-0.040765869907804966,0.014470983751781361,-0.09172253602914004,LONG_LIQUIDATION_SHORT_BUILDING,NET_DOWN,LONG_LIQUIDATION_SHORT_BUILDING
2018-09-11,1195.4000244140625,125.21210947202066,100593,175812,-75219,0.032051282051282,-1058.0,-8561.0,7503.0,-0.010408161257636423,-0.046433046053380916,0.09070138536302313,LONG_LIQUIDATION_SHORT_COVERING,NET_UP,LONG_LIQUIDATION_SHORT_COVERING
2018-09-18,1196.800048828125,125.35875495187416,97904,180367,-82463,0.0256410256410256,-2689.0,4555.0,-7244.0,-0.02673148230990228,0.02590835665369827,-0.09630545473882929,LONG_LIQUIDATION_SHORT_BUILDING,NET_DOWN,LONG_LIQUIDATION_SHORT_BUILDING
2018-09-25,1200.0,125.69393366046948,98513,182190,-83677,0.0128205128205128,609.0,1823.0,-1214.0,0.006220379146919431,0.010107170380391092,-0.014721753998763082,LONG_BUILDING_SHORT_BUILDING,NET_DOWN,LONG_BUILDING_SHORT_BUILDING
2018-10-02,1202.4000244140625,125.94532408504007,100671,180274,-79603,0.0384615384615384,2158.0,-1916.0,4074.0,0.02190573832895151,-0.01051649377023986,0.0486872139297537,LONG_BUILDING_SHORT_COVERING,NET_UP,LONG_BUILDING_SHORT_COVERING
2018-10-09,1187.199951171875,124.35319325359188,82218,191672,-109454,0.0064102564102564,-18453.0,11398.0,-29851.0,-0.18330005662007925,0.063225978233134,-0.3749984297074231,LONG_LIQUIDATION_SHORT_BUILDING,NET_DOWN,LONG_LIQUIDATION_SHORT_BUILDING
2018-10-16,1227.300048828125,128.55347576574442,95333,144715,-49382,0.0705128205128205,13115.0,-46957.0,60072.0,0.15951494806490063,-0.24498622647021995,0.5488332998337201,LONG_BUILDING_SHORT_COVERING,NET_UP,LONG_BUILDING_SHORT_COVERING
2018-10-23,1233.4000244140625,129.19241737126885,99368,137484,-38116,0.0833333333333333,4035.0,-7231.0,11266.0,0.04232532281581404,-0.049967176864872336,0.2281398080272164,LONG_BUILDING_SHORT_COVERING,NET_UP,LONG_BUILDING_SHORT_COVERING
2018-10-30,1222.5999755859375,128.06116685382537,80105,135628,-55523,0.0705128205128205,-19263.0,-1856.0,-17407.0,-0.19385516464052813,-0.013499752698495826,-0.4566848567530696,LONG_LIQUIDATION_SHORT_COVERING,NET_DOWN,LONG_LIQUIDATION_SHORT_COVERING
2018-11-06,1223.800048828125,128.18686845923472,82188,129634,-47446,0.0833333333333333,2083.0,-5994.0,8077.0,0.026003370576118845,-0.044194414132774945,0.14547124615024404,LONG_BUILDING_SHORT_COVERING,NET_UP,LONG_BUILDING_SHORT_COVERING
2018-11-13,1199.199951171875,125.6101325901966,79529,158723,-79194,0.0512820512820512,-2659.0,29089.0,-31748.0,-0.03235265488879155,0.22439329188330223,-0.6691396535008219,LONG_LIQUIDATION_SHORT_BUILDING,NET_DOWN,LONG_LIQUIDATION_SHORT_BUILDING
2018-11-20,1219.0,127.6840876100936,84356,136207,-51851,0.0833333333333333,4827.0,-22516.0,27343.0,0.06069484087565542,-0.14185719775961897,0.34526605550925576,LONG_BUILDING_SHORT_COVERING,NET_UP,LONG_BUILDING_SHORT_COVERING
2018-11-27,1211.199951171875,126.86707192680129,79992,138382,-58390,0.0769230769230769,-4364.0,2175.0,-6539.0,-0.05173313101616957,0.015968342302524835,-0.12611135754373107,LONG_LIQUIDATION_SHORT_BUILDING,NET_DOWN,LONG_LIQUIDATION_SHORT_BUILDING
2018-12-04,1241.0999755859375,129.99894833109093,99414,109201,-9787,0.1602564102564102,19422.0,-29181.0,48603.0,0.2427992799279928,-0.2108728013759015,0.8323856824798767,LONG_BUILDING_SHORT_COVERING,NET_UP,LONG_BUILDING_SHORT_COVERING
2018-12-11,1241.9000244140625,130.08274940136383,89942,90008,-66,0.173076923076923,-9472.0,-19193.0,9721.0,-0.09527833101977588,-0.17575846375033197,0.9932563604781853,LONG_LIQUIDATION_SHORT_COVERING,NET_UP,LONG_LIQUIDATION_SHORT_COVERING
2018-12-18,1249.199951171875,130.8473798260495,100828,89630,11198,0.1987179487179487,10886.0,-378.0,11264.0,0.12103355495763937,-0.0041996266998489025,170.66666666666666,LONG_BUILDING_SHORT_COVERING,NET_UP,LONG_BUILDING_SHORT_COVERING
2018-12-24,1267.5,132.7642174288709,119146,77178,41968,0.2628205128205128,18318.0,-12452.0,30770.0,0.18167572499702464,-0.1389266986500056,2.747812109305233,LONG_BUILDING_SHORT_COVERING,NET_UP,LONG_BUILDING_SHORT_COVERING
2018-12-31,1278.300048828125,133.89546794631437,121205,71021,50184,0.2756410256410256,2059.0,-6157.0,8216.0,0.01728131871821127,-0.07977662028039079,0.1957682043461685,LONG_BUILDING_SHORT_COVERING,NET_UP,LONG_BUILDING_SHORT_COVERING
2019-01-08,1283.199951171875,134.40870794642944,112690,80219,32471,0.2243589743589743,-8515.0,9198.0,-17713.0,-0.0702528773565447,0.12951098970726968,-0.35296110314044316,LONG_LIQUIDATION_SHORT_BUILDING,NET_DOWN,LONG_LIQUIDATION_SHORT_BUILDING
2019-01-15,1286.199951171875,134.72294278058064,115651,90716,24935,0.2051282051282051,2961.0,10497.0,-7536.0,0.026275623391605288,0.13085428639100463,-0.23208401342736595,LONG_BUILDING_SHORT_BUILDING,NET_DOWN,LONG_BUILDING_SHORT_BUILDING
2019-01-22,1282.5,134.33539159962677,105295,89085,16210,0.1794871794871795,-10356.0,-1631.0,-8725.0,-0.08954526982040795,-0.017979187794876318,-0.34990976539001406,LONG_LIQUIDATION_SHORT_COVERING,NET_DOWN,LONG_LIQUIDATION_SHORT_COVERING
2019-01-29,1308.199951171875,137.0273315643559,126404,94007,32397,0.2179487179487179,21109.0,4922.0,16187.0,0.20047485635595233,0.05525060335634507,0.9985811227637261,LONG_BUILDING_SHORT_BUILDING,NET_UP,LONG_BUILDING_SHORT_BUILDING
2019-02-05,1314.199951171875,137.65580123265826,134954,90079,44875,0.2692307692307692,8550.0,-3928.0,12478.0,0.06764026454859023,-0.041784122458965824,0.3851591196715745,LONG_BUILDING_SHORT_COVERING,NET_UP,LONG_BUILDING_SHORT_COVERING
2019-02-12,1309.199951171875,137.13207650907296,132365,89746,42619,0.2628205128205128,-2589.0,-333.0,-2256.0,-0.01918431465536405,-0.0036967550705491845,-0.050272980501392756,LONG_LIQUIDATION_SHORT_COVERING,NET_DOWN,LONG_LIQUIDATION_SHORT_COVERING
2019-02-19,1340.0999755859375,140.36869785807968,166411,84034,82377,0.4166666666666667,34046.0,-5712.0,39758.0,0.2572130094813584,-0.06364629064247988,0.9328703160562191,LONG_BUILDING_SHORT_COVERING,NET_UP,LONG_BUILDING_SHORT_COVERING
2019-02-26,1325.0999755859375,138.7975236873238,154217,75658,78559,0.4038461538461538,-12194.0,-8376.0,-3818.0,-0.07327640600681445,-0.0996739414998691,-0.04634788836689853,LONG_LIQUIDATION_SHORT_COVERING,NET_DOWN,LONG_LIQUIDATION_SHORT_COVERING
2019-03-05,1282.0,134.28301912726823,125903,94656,31247,0.2179487179487179,-28314.0,18998.0,-47312.0,-0.1835984359700941,0.2511036506383991,-0.602247991955091,LONG_LIQUIDATION_SHORT_BUILDING,NET_DOWN,LONG_LIQUIDATION_SHORT_BUILDING
2019-03-12,1296.300048828125,135.78087695122144,123293,105886,17407,0.1923076923076923,-2610.0,11230.0,-13840.0,-0.020730244712199072,0.11864012846517917,-0.44292252056197395,LONG_LIQUIDATION_SHORT_BUILDING,NET_DOWN,LONG_LIQUIDATION_SHORT_BUILDING
2019-03-19,1305.0,136.69215285576058,123909,93434,30475,0.2243589743589743,616.0,-12452.0,13068.0,0.004996228496346102,-0.11759817161853314,0.750732463951284,LONG_BUILDING_SHORT_COVERING,NET_UP,LONG_BUILDING_SHORT_COVERING
2019-03-26,1314.300048828125,137.66628595612846,135373,77386,57987,0.3525641025641026,11464.0,-16048.0,27512.0,0.09251951028577424,-0.1717576042982212,0.9027727645611157,LONG_BUILDING_SHORT_COVERING,NET_UP,LONG_BUILDING_SHORT_COVERING
2019-04-02,1290.0,135.1209786850047,110816,86198,24618,0.2115384615384615,-24557.0,8812.0,-33369.0,-0.18140249532772415,0.11387072597110588,-0.575456567851415,LONG_LIQUIDATION_SHORT_BUILDING,NET_DOWN,LONG_LIQUIDATION_SHORT_BUILDING
2019-04-09,1303.5,136.535035438685,117917,80880,37037,0.2692307692307692,7101.0,-5318.0,12419.0,0.06407919434016748,-0.061695166941228334,0.5044682752457551,LONG_BUILDING_SHORT_COVERING,NET_UP,LONG_BUILDING_SHORT_COVERING
2019-04-16,1272.5999755859375,133.29841408967826,96196,111583,-15387,0.1346153846153846,-21721.0,30703.0,-52424.0,-0.1842058397008065,0.37961177052423345,-1.4154494154494155,LONG_LIQUIDATION_SHORT_BUILDING,NET_DOWN,LONG_LIQUIDATION_SHORT_BUILDING
2019-04-23,1269.300048828125,132.95276344386087,88989,122818,-33829,0.1282051282051282,-7207.0,11235.0,-18442.0,-0.0749199550916878,0.10068738069419177,-1.198544225645025,LONG_LIQUIDATION_SHORT_BUILDING,NET_DOWN,LONG_LIQUIDATION_SHORT_BUILDING
2019-04-30,1282.800048828125,134.36682019754113,95159,95083,76,0.1794871794871795,6170.0,-27735.0,33905.0,0.0693344121183517,-0.22582194792294288,1.002246593159715,LONG_BUILDING_SHORT_COVERING,NET_UP,LONG_BUILDING_SHORT_COVERING
2019-05-07,1283.5,134.44013654434383,102975,93428,9547,0.1858974358974359,7816.0,-1655.0,9471.0,0.0821362141258315,-0.017405845419265275,124.61842105263158,LONG_BUILDING_SHORT_COVERING,NET_UP,LONG_BUILDING_SHORT_COVERING
2019-05-14,1294.699951171875,135.61327481067562,138467,85921,52546,0.358974358974359,35492.0,-7507.0,42999.0,0.3446661811119204,-0.0803506443464486,4.503927935477114,LONG_BUILDING_SHORT_COVERING,NET_UP,LONG_BUILDING_SHORT_COVERING
2019-05-21,1272.0,133.23556968009765,114986,99049,15937,0.2051282051282051,-23481.0,13128.0,-36609.0,-0.16957831107772972,0.15279151778959743,-0.6967038404445629,LONG_LIQUIDATION_SHORT_BUILDING,NET_DOWN,LONG_LIQUIDATION_SHORT_BUILDING
2019-05-28,1276.5,133.70692193132442,119314,93040,26274,0.2564102564102564,4328.0,-6009.0,10337.0,0.03763936479223558,-0.06066694262435764,0.6486164271820293,LONG_BUILDING_SHORT_COVERING,NET_UP,LONG_BUILDING_SHORT_COVERING
2019-06-04,1323.4000244140625,138.61946239580408,159663,63481,96182,0.532051282051282,40349.0,-29559.0,69908.0,0.3381748998441088,-0.31770206362854686,2.6607292380299916,LONG_BUILDING_SHORT_COVERING,NET_UP,LONG_BUILDING_SHORT_COVERING
2019-06-11,1326.4000244140625,138.93369722995524,169640,40480,129160,0.6217948717948718,9977.0,-23001.0,32978.0,0.06248786506579483,-0.3623288858083521,0.3428708074275852,LONG_BUILDING_SHORT_COVERING,NET_UP,LONG_BUILDING_SHORT_COVERING
2019-06-18,1346.5999755859375,141.04953999874056,191766,41250,150516,0.7115384615384616,22126.0,770.0,21356.0,0.13042914406979486,0.019021739130434784,0.1653453081449365,LONG_BUILDING_SHORT_BUILDING,NET_UP,LONG_BUILDING_SHORT_BUILDING
2019-06-25,1414.9000244140625,148.20362483741488,204918,27177,177741,0.8269230769230769,13152.0,-14073.0,27225.0,0.06858358624573699,-0.3411636363636364,0.18087778043530256,LONG_BUILDING_SHORT_COVERING,NET_UP,LONG_BUILDING_SHORT_COVERING
2019-07-02,1404.5999755859375,147.12474679232992,214186,20099,194087,0.8525641025641025,9268.0,-7078.0,16346.0,0.04522784723645556,-0.2604408139235383,0.09196527531633107,LONG_BUILDING_SHORT_COVERING,NET_UP,LONG_BUILDING_SHORT_COVERING
2019-07-09,1397.5,146.38106024208844,208301,25690,182611,0.8397435897435898,-5885.0,5591.0,-11476.0,-0.027476118887322234,0.27817304343499677,-0.05912812295516959,LONG_LIQUIDATION_SHORT_BUILDING,NET_DOWN,LONG_LIQUIDATION_SHORT_BUILDING
2019-07-16,1409.199951171875,147.60657098077877,211322,31263,180059,0.8397435897435898,3021.0,5573.0,-2552.0,0.014503050873495566,0.21693265862203193,-0.013975061743268478,LONG_BUILDING_SHORT_BUILDING,NET_DOWN,LONG_BUILDING_SHORT_BUILDING
2019-07-23,1420.0999755859375,148.7482934354443,208153,29980,178173,0.8333333333333334,-3169.0,-1283.0,-1886.0,-0.014996072344573683,-0.04103892780603269,-0.0104743445204072,LONG_LIQUIDATION_SHORT_COVERING,NET_DOWN,LONG_LIQUIDATION_SHORT_COVERING
2019-07-30,1429.699951171875,149.75384234747844,215581,29868,185713,0.8653846153846154,7428.0,-112.0,7540.0,0.03568528918631968,-0.0037358238825883922,0.04231842086062423,LONG_BUILDING_SHORT_COVERING,NET_UP,LONG_BUILDING_SHORT_COVERING
2019-08-06,1472.4000244140625,154.2264591586457,248687,21854,226833,0.9423076923076924,33106.0,-8014.0,41120.0,0.153566408913587,-0.26831391455738585,0.22141691750173656,LONG_BUILDING_SHORT_COVERING,NET_UP,LONG_BUILDING_SHORT_COVERING
2019-08-13,1502.199951171875,157.34785083946514,245631,22020,223611,0.9423076923076924,-3056.0,166.0,-3222.0,-0.012288539408975941,0.00759586345749062,-0.014204282445675894,LONG_LIQUIDATION_SHORT_BUILDING,NET_DOWN,LONG_LIQUIDATION_SHORT_BUILDING
2019-08-20,1504.5999755859375,157.5992412640357,249696,19850,229846,0.9551282051282052,4065.0,-2170.0,6235.0,0.01654921406499994,-0.09854677565849228,0.027883243668692506,LONG_BUILDING_SHORT_COVERING,NET_UP,LONG_BUILDING_SHORT_COVERING
2019-08-27,1541.0,161.41195980898624,258269,31553,226716,0.9487179487179488,8573.0,11703.0,-3130.0,0.0343337498398052,0.5895717884130982,-0.013617813666541946,LONG_BUILDING_SHORT_BUILDING,NET_DOWN,LONG_BUILDING_SHORT_BUILDING
2019-09-03,1545.9000244140625,161.92521259534945,265175,33549,231626,0.967948717948718,6906.0,1996.0,4910.0,0.02673956223937058,0.06325864418597281,0.021657051112404947,LONG_BUILDING_SHORT_BUILDING,NET_UP,LONG_BUILDING_SHORT_BUILDING
2019-09-10,1490.300048828125,156.10139622633065,239475,33294,206181,0.9166666666666666,-25700.0,-255.0,-25445.0,-0.0969171301970397,-0.007600822677278012,-0.10985381606555396,LONG_LIQUIDATION_SHORT_COVERING,NET_DOWN,LONG_LIQUIDATION_SHORT_COVERING
2019-09-17,1505.0999755859375,157.6516137363942,241936,28080,213856,0.935897435897436,2461.0,-5214.0,7675.0,0.010276646831610815,-0.1566047936565147,0.03722457452432571,LONG_BUILDING_SHORT_COVERING,NET_UP,LONG_BUILDING_SHORT_COVERING
2019-09-24,1532.0999755859375,160.47972724375478,265508,27637,237871,0.9935897435897436,23572.0,-443.0,24015.0,0.09743072548111897,-0.015776353276353277,0.1122951892862487,LONG_BUILDING_SHORT_COVERING,NET_UP,LONG_BUILDING_SHORT_COVERING
2019-10-01,1482.0,155.23200807067983,219990,29179,190811,0.8717948717948718,-45518.0,1542.0,-47060.0,-0.17143739548337528,0.05579476788363426,-0.19783832413366909,LONG_LIQUIDATION_SHORT_BUILDING,NET_DOWN,LONG_LIQUIDATION_SHORT_BUILDING
2019-10-08,1497.199951171875,156.82412611587986,231976,31475,200501,0.903846153846154,11986.0,2296.0,9690.0,0.05448429474067003,0.07868672675554338,0.05078323576732997,LONG_BUILDING_SHORT_BUILDING,NET_UP,LONG_BUILDING_SHORT_BUILDING
2019-10-15,1477.5999755859375,154.77112775667513,213987,38200,175787,0.8012820512820513,-17989.0,6725.0,-24714.0,-0.07754681518777805,0.2136616362192216,-0.12326123061730365,LONG_LIQUIDATION_SHORT_BUILDING,NET_DOWN,LONG_LIQUIDATION_SHORT_BUILDING
2019-10-22,1481.699951171875,155.20057947276544,218317,33879,184438,0.8525641025641025,4330.0,-4321.0,8651.0,0.02023487408113577,-0.1131151832460733,0.0492129679669145,LONG_BUILDING_SHORT_COVERING,NET_UP,LONG_BUILDING_SHORT_COVERING
2019-10-29,1487.0,155.7557327942651,230664,32106,198558,0.8974358974358975,12347.0,-1773.0,14120.0,0.05655537589834965,-0.05233330381652351,0.07655689174682007,LONG_BUILDING_SHORT_COVERING,NET_UP,LONG_BUILDING_SHORT_COVERING
2019-11-05,1480.800048828125,155.1063192515186,233167,35920,197247,0.8846153846153846,2503.0,3814.0,-1311.0,0.010851281517705407,0.11879399489192051,-0.006602604780467168,LONG_BUILDING_SHORT_BUILDING,NET_DOWN,LONG_BUILDING_SHORT_BUILDING
2019-11-12,1452.0999755859375,152.10013166639015,209432,33991,175441,0.7692307692307693,-23735.0,-1929.0,-21806.0,-0.10179399314654304,-0.05370267260579065,-0.11055174476671381,LONG_LIQUIDATION_SHORT_COVERING,NET_DOWN,LONG_LIQUIDATION_SHORT_COVERING
2019-11-19,1473.300048828125,154.32073216614066,221795,26596,195199,0.8653846153846154,12363.0,-7395.0,19758.0,0.05903109362466099,-0.21755758877349887,0.11261905711891747,LONG_BUILDING_SHORT_COVERING,NET_UP,LONG_BUILDING_SHORT_COVERING
2019-11-26,1459.800048828125,152.9066754124604,218724,24437,194287,0.8589743589743589,-3071.0,-2159.0,-912.0,-0.013846119164092969,-0.08117762069484133,-0.004672155082761694,LONG_LIQUIDATION_SHORT_COVERING,NET_DOWN,LONG_LIQUIDATION_SHORT_COVERING
2019-12-03,1478.199951171875,154.83397216625573,232276,24314,207962,0.9230769230769232,13552.0,-123.0,13675.0,0.06195936431301549,-0.005033351066006465,0.07038556362494659,LONG_BUILDING_SHORT_COVERING,NET_UP,LONG_BUILDING_SHORT_COVERING
2019-12-10,1462.5999755859375,153.19995358591927,212929,29281,183648,0.8141025641025641,-19347.0,4967.0,-24314.0,-0.08329315125109783,0.20428559677552027,-0.1169155903482367,LONG_LIQUIDATION_SHORT_BUILDING,NET_DOWN,LONG_LIQUIDATION_SHORT_BUILDING
2019-12-17,1474.5999755859375,154.45689292252396,228616,26895,201721,0.903846153846154,15687.0,-2386.0,18073.0,0.07367244480554551,-0.08148628803661077,0.09841109078236626,LONG_BUILDING_SHORT_COVERING,NET_UP,LONG_BUILDING_SHORT_COVERING
2019-12-24,1499.0999755859375,157.02314406809188,245366,26520,218846,0.935897435897436,16750.0,-375.0,17125.0,0.07326696294222626,-0.013943112102621304,0.08489448297400866,LONG_BUILDING_SHORT_COVERING,NET_UP,LONG_BUILDING_SHORT_COVERING
2019-12-31,1519.5,159.1599434975695,258357,25625,232732,0.9743589743589745,12991.0,-895.0,13886.0,0.05294539585761678,-0.03374811463046757,0.06345101121336465,LONG_BUILDING_SHORT_COVERING,NET_UP,LONG_BUILDING_SHORT_COVERING
2020-01-07,1571.800048828125,164.63810922077087,261083,31326,229757,0.9551282051282052,2726.0,5701.0,-2975.0,0.010551291430075438,0.2224780487804878,-0.012782943471460737,LONG_BUILDING_SHORT_BUILDING,NET_DOWN,LONG_BUILDING_SHORT_BUILDING
2020-01-14,1542.4000244140625,161.55860528883974,262402,31943,230459,0.9615384615384616,1319.0,617.0,702.0,0.005052033261453254,0.019696099087020365,0.003055402011690612,LONG_BUILDING_SHORT_BUILDING,NET_UP,LONG_BUILDING_SHORT_BUILDING
2020-01-21,1556.4000244140625,163.02503451487854,258269,34437,223832,0.9294871794871796,-4133.0,2494.0,-6627.0,-0.01575064214449585,0.07807657389725449,-0.02875565718848038,LONG_LIQUIDATION_SHORT_BUILDING,NET_DOWN,LONG_LIQUIDATION_SHORT_BUILDING
2020-01-28,1569.199951171875,164.36576213550802,254259,34321,219938,0.9102564102564102,-4010.0,-116.0,-3894.0,-0.01552644723137504,-0.0033684699596364374,-0.017396976303656313,LONG_LIQUIDATION_SHORT_COVERING,NET_DOWN,LONG_LIQUIDATION_SHORT_COVERING
2020-02-04,1550.4000244140625,162.3965648465762,223762,42152,181610,0.75,-30497.0,7831.0,-38328.0,-0.11994462339582866,0.22816934238512865,-0.17426729350998918,LONG_LIQUIDATION_SHORT_BUILDING,NET_DOWN,LONG_LIQUIDATION_SHORT_BUILDING
2020-02-11,1565.5999755859375,163.98868289177625,231499,35828,195671,0.8141025641025641,7737.0,-6324.0,14061.0,0.03457691654525791,-0.15002846840007592,0.07742415065249711,LONG_BUILDING_SHORT_COVERING,NET_UP,LONG_BUILDING_SHORT_COVERING
2020-02-18,1600.0,167.59191154729265,278286,39740,238546,0.9935897435897436,46787.0,3912.0,42875.0,0.20210454472805497,0.10918834431171151,0.21911780488677424,LONG_BUILDING_SHORT_BUILDING,NET_UP,LONG_BUILDING_SHORT_BUILDING
2020-02-25,1646.9000244140625,172.5044520117723,263218,32372,230846,0.9551282051282052,-15068.0,-7368.0,-7700.0,-0.054145734963311126,-0.18540513336688474,-0.03227888960619755,LONG_LIQUIDATION_SHORT_COVERING,NET_DOWN,LONG_LIQUIDATION_SHORT_COVERING
2020-03-03,1642.0999755859375,172.00167116263117,242921,27560,215361,0.8846153846153846,-20297.0,-4812.0,-15485.0,-0.07711098785037497,-0.14864697887062894,-0.06707935160236694,LONG_LIQUIDATION_SHORT_COVERING,NET_DOWN,LONG_LIQUIDATION_SHORT_COVERING
2020-03-10,1659.0999755859375,173.78233522282116,220642,10457,210185,0.8717948717948718,-22279.0,-17103.0,-5176.0,-0.09171294371421161,-0.6205732946298984,-0.024034063734845214,LONG_LIQUIDATION_SHORT_COVERING,NET_DOWN,LONG_LIQUIDATION_SHORT_COVERING
2020-03-17,1524.9000244140625,159.72556875629124,164979,10900,154079,0.5897435897435898,-55663.0,443.0,-56106.0,-0.25227744491076043,0.04236396672085684,-0.2669362704284321,LONG_LIQUIDATION_SHORT_BUILDING,NET_DOWN,LONG_LIQUIDATION_SHORT_BUILDING
2020-03-24,1660.199951171875,173.89755210476028,158965,1556,157409,0.5897435897435898,-6014.0,-9344.0,3330.0,-0.03645312433703683,-0.8572477064220183,0.021612289799388625,LONG_LIQUIDATION_SHORT_COVERING,NET_UP,LONG_LIQUIDATION_SHORT_COVERING
2020-03-31,1583.4000244140625,165.8531480222391,156820,4222,152598,0.5769230769230769,-2145.0,2666.0,-4811.0,-0.013493536313024879,1.7133676092544987,-0.030563690767364,LONG_LIQUIDATION_SHORT_BUILDING,NET_DOWN,LONG_LIQUIDATION_SHORT_BUILDING
2020-04-07,1664.800048828125,174.37938907945727,157005,4523,152482,0.5705128205128205,185.0,301.0,-116.0,0.0011796964672873358,0.07129322595926102,-0.0007601672367920942,LONG_BUILDING_SHORT_BUILDING,NET_DOWN,LONG_BUILDING_SHORT_BUILDING
2020-04-14,1756.699951171875,184.00543926995638,162412,7168,155244,0.5833333333333334,5407.0,2645.0,2762.0,0.03443839368172988,0.5847888569533496,0.01811361341010742,LONG_BUILDING_SHORT_BUILDING,NET_UP,LONG_BUILDING_SHORT_BUILDING
2020-04-21,1678.199951171875,175.78296110966733,155492,9221,146271,0.532051282051282,-6920.0,2053.0,-8973.0,-0.042607689087013276,0.28641183035714285,-0.05779933524000928,LONG_LIQUIDATION_SHORT_BUILDING,NET_DOWN,LONG_LIQUIDATION_SHORT_BUILDING
2020-04-28,1710.5,179.16622793852756,154025,7619,146406,0.532051282051282,-1467.0,-1602.0,135.0,-0.009434568981040826,-0.1737338683439974,0.0009229443977275057,LONG_LIQUIDATION_SHORT_COVERING,NET_UP,LONG_LIQUIDATION_SHORT_COVERING
2020-05-05,1704.4000244140625,178.52728633300313,142326,9085,133241,0.5,-11699.0,1466.0,-13165.0,-0.07595520207758481,0.19241370258564117,-0.08992117809379398,LONG_LIQUIDATION_SHORT_BUILDING,NET_DOWN,LONG_LIQUIDATION_SHORT_BUILDING
2020-05-12,1704.4000244140625,178.52728633300313,144015,21798,122217,0.4615384615384615,1689.0,12713.0,-11024.0,0.011867121959445217,1.3993395707209686,-0.0827372955771872,LONG_BUILDING_SHORT_BUILDING,NET_DOWN,LONG_BUILDING_SHORT_BUILDING
2020-05-19,1744.199951171875,182.69612746099315,153961,26897,127064,0.4807692307692308,9946.0,5099.0,4847.0,0.06906225046002153,0.23392054316909808,0.03965896724678236,LONG_BUILDING_SHORT_BUILDING,NET_UP,LONG_BUILDING_SHORT_BUILDING
2020-05-26,1704.800048828125,178.56918686813958,145566,32485,113081,0.4487179487179487,-8395.0,5588.0,-13983.0,-0.05452679574697488,0.20775551176711157,-0.11004690549644273,LONG_LIQUIDATION_SHORT_BUILDING,NET_DOWN,LONG_LIQUIDATION_SHORT_BUILDING
2020-06-02,1725.199951171875,180.70597351136905,133655,33300,100355,0.4358974358974359,-11911.0,815.0,-12726.0,-0.08182542626712282,0.025088502385716485,-0.11253879962151024,LONG_LIQUIDATION_SHORT_BUILDING,NET_DOWN,LONG_LIQUIDATION_SHORT_BUILDING
2020-06-09,1714.699951171875,179.60615159183993,126407,35230,91177,0.4166666666666667,-7248.0,1930.0,-9178.0,-0.05422917212225506,0.05795795795795796,-0.09145533356584126,LONG_LIQUIDATION_SHORT_BUILDING,NET_DOWN,LONG_LIQUIDATION_SHORT_BUILDING
2020-06-16,1729.5999755859375,181.16685382537375,135945,31257,104688,0.4423076923076923,9538.0,-3973.0,13511.0,0.07545468209830151,-0.11277320465512347,0.1481843008653498,LONG_BUILDING_SHORT_COVERING,NET_UP,LONG_BUILDING_SHORT_COVERING
2020-06-23,1772.0999755859375,185.61851397584869,161593,32078,129515,0.5,25648.0,821.0,24827.0,0.188664533451028,0.026266116389928654,0.2371523001681186,LONG_BUILDING_SHORT_BUILDING,NET_UP,LONG_BUILDING_SHORT_BUILDING
2020-06-30,1793.0,187.80768587768483,173526,34971,138555,0.532051282051282,11933.0,2893.0,9040.0,0.07384602055782119,0.09018642059978801,0.06979886499633248,LONG_BUILDING_SHORT_BUILDING,NET_UP,LONG_BUILDING_SHORT_BUILDING
2020-07-07,1804.199951171875,188.98082414401662,179810,40467,139343,0.532051282051282,6284.0,5496.0,788.0,0.036213593352004886,0.15715878871064595,0.005687272202374508,LONG_BUILDING_SHORT_BUILDING,NET_UP,LONG_BUILDING_SHORT_BUILDING
2020-07-14,1810.5999755859373,189.6511943474554,177400,42427,134973,0.5064102564102564,-2410.0,1960.0,-4370.0,-0.013403036538568489,0.04843452689846047,-0.03136146056852515,LONG_LIQUIDATION_SHORT_BUILDING,NET_DOWN,LONG_LIQUIDATION_SHORT_BUILDING
2020-07-21,1842.4000244140625,192.98208870395712,181256,40987,140269,0.532051282051282,3856.0,-1440.0,5296.0,0.02173618940248027,-0.03394065100054211,0.03923747712505464,LONG_BUILDING_SHORT_COVERING,NET_UP,LONG_BUILDING_SHORT_COVERING
2020-07-28,1944.699951171875,203.69748887676326,159894,42758,117136,0.4358974358974359,-21362.0,1771.0,-23133.0,-0.11785540892439422,0.04320882230951277,-0.16491883452509107,LONG_LIQUIDATION_SHORT_BUILDING,NET_DOWN,LONG_LIQUIDATION_SHORT_BUILDING
2020-08-04,2001.199951171875,209.61557825327705,165357,51885,113472,0.4358974358974359,5463.0,9127.0,-3664.0,0.034166385230215014,0.2134571308293185,-0.031279879797841824,LONG_BUILDING_SHORT_BUILDING,NET_DOWN,LONG_BUILDING_SHORT_BUILDING
2020-08-11,1932.5999755859373,202.43007760293645,155418,57726,97692,0.3974358974358974,-9939.0,5841.0,-15780.0,-0.0601063154266224,0.11257588898525585,-0.13906514382402707,LONG_LIQUIDATION_SHORT_BUILDING,NET_DOWN,LONG_LIQUIDATION_SHORT_BUILDING
2020-08-18,1999.4000244140625,209.4270450245352,151016,55578,95438,0.391025641025641,-4402.0,-2148.0,-2254.0,-0.02832361759899111,-0.03721026920278557,-0.023072513614216108,LONG_LIQUIDATION_SHORT_COVERING,NET_DOWN,LONG_LIQUIDATION_SHORT_COVERING
2020-08-25,1911.800048828125,200.2513904245706,145055,58206,86849,0.3846153846153846,-5961.0,2628.0,-8589.0,-0.03947263866080415,0.04728489690165173,-0.08999559923720112,LONG_LIQUIDATION_SHORT_BUILDING,NET_DOWN,LONG_LIQUIDATION_SHORT_BUILDING
2020-09-01,1968.199951171875,206.1589950776141,147175,49433,97742,0.4166666666666667,2120.0,-8773.0,10893.0,0.014615145979111371,-0.15072329313129232,0.12542458750244678,LONG_BUILDING_SHORT_COVERING,NET_UP,LONG_BUILDING_SHORT_COVERING
2020-09-08,1933.0,202.47197813807296,155528,51236,104292,0.4358974358974359,8353.0,1803.0,6550.0,0.056755563105146935,0.03647361074585803,0.06701315708702503,LONG_BUILDING_SHORT_BUILDING,NET_UP,LONG_BUILDING_SHORT_BUILDING
2020-09-15,1956.300048828125,204.91254046447963,166571,55473,111098,0.4551282051282051,11043.0,4237.0,6806.0,0.0710032920117278,0.08269576079319228,0.06525908027461358,LONG_BUILDING_SHORT_BUILDING,NET_UP,LONG_BUILDING_SHORT_BUILDING
2020-09-22,1898.5999755859373,198.8687494825565,144670,63222,81448,0.3782051282051282,-21901.0,7749.0,-29650.0,-0.13148147036398894,0.13968957871396895,-0.2668814920160579,LONG_LIQUIDATION_SHORT_BUILDING,NET_DOWN,LONG_LIQUIDATION_SHORT_BUILDING
2020-09-29,1894.300048828125,198.41835389202205,140320,45948,94372,0.4038461538461538,-4350.0,-17274.0,12924.0,-0.030068431602958457,-0.27322767391098035,0.1586779294764758,LONG_LIQUIDATION_SHORT_COVERING,NET_UP,LONG_LIQUIDATION_SHORT_COVERING
2020-10-06,1901.0999755859373,199.13061184434915,139350,44738,94612,0.4102564102564102,-970.0,-1210.0,240.0,-0.006912770809578107,-0.02633411682771829,0.0025431271987453904,LONG_LIQUIDATION_SHORT_COVERING,NET_UP,LONG_LIQUIDATION_SHORT_COVERING
2020-10-13,1888.5,197.81082809816385,138169,56388,81781,0.3846153846153846,-1181.0,11650.0,-12831.0,-0.008475062791532113,0.26040502481112254,-0.1356170464634507,LONG_LIQUIDATION_SHORT_BUILDING,NET_DOWN,LONG_LIQUIDATION_SHORT_BUILDING
2020-10-20,1910.4000244140625,200.10474494471703,149108,58543,90565,0.4038461538461538,10939.0,2155.0,8784.0,0.07917115995628542,0.038217351209477196,0.10740881133759675,LONG_BUILDING_SHORT_BUILDING,NET_UP,LONG_BUILDING_SHORT_BUILDING
2020-10-27,1908.800048828125,199.9371555904194,149140,47265,101875,0.4679487179487179,32.0,-11278.0,11310.0,0.00021460954475950318,-0.1926447226824727,0.12488268094738586,LONG_BUILDING_SHORT_COVERING,NET_UP,LONG_BUILDING_SHORT_COVERING
2020-11-03,1908.5,199.905726992505,140094,49399,90695,0.4102564102564102,-9046.0,2134.0,-11180.0,-0.06065441866702427,0.04514968792975775,-0.10974233128834356,LONG_LIQUIDATION_SHORT_BUILDING,NET_DOWN,LONG_LIQUIDATION_SHORT_BUILDING
2020-11-10,1875.4000244140625,196.43867187962002,130105,50322,79783,0.3717948717948718,-9989.0,923.0,-10912.0,-0.07130212571559096,0.018684588756857426,-0.12031534263189812,LONG_LIQUIDATION_SHORT_BUILDING,NET_DOWN,LONG_LIQUIDATION_SHORT_BUILDING
2020-11-17,1884.5,197.39184831929563,139550,49103,90447,0.4102564102564102,9445.0,-1219.0,10664.0,0.07259521155989393,-0.024223997456380906,0.1336625596931677,LONG_BUILDING_SHORT_COVERING,NET_UP,LONG_BUILDING_SHORT_COVERING
2020-11-24,1804.800048828125,189.04368133984536,137503,52155,85348,0.4038461538461538,-2047.0,3052.0,-5099.0,-0.014668577570763168,0.06215506180885078,-0.056375556956007385,LONG_LIQUIDATION_SHORT_BUILDING,NET_DOWN,LONG_LIQUIDATION_SHORT_BUILDING
2020-12-01,1814.0999755859373,190.0178016539651,134446,48903,85543,0.4102564102564102,-3057.0,-3252.0,195.0,-0.022232242205624603,-0.062352602818521716,0.0022847635562637672,LONG_LIQUIDATION_SHORT_COVERING,NET_UP,LONG_LIQUIDATION_SHORT_COVERING
2020-12-08,1870.800048828125,195.9568476911712,147844,49033,98811,0.4807692307692308,13398.0,130.0,13268.0,0.09965339244008747,0.0026583236202277977,0.15510328139064564,LONG_BUILDING_SHORT_BUILDING,NET_UP,LONG_BUILDING_SHORT_BUILDING
2020-12-15,1852.300048828125,194.0190662139056,151901,50022,101879,0.5,4057.0,989.0,3068.0,0.027441086550688564,0.020170089531539984,0.031049174687028773,LONG_BUILDING_SHORT_BUILDING,NET_UP,LONG_BUILDING_SHORT_BUILDING
2020-12-21,1879.199951171875,196.83669499779597,158194,50070,108124,0.5192307692307693,6293.0,48.0,6245.0,0.04142829869454447,0.0009595777857742593,0.0612982066961788,LONG_BUILDING_SHORT_BUILDING,NET_UP,LONG_BUILDING_SHORT_BUILDING
2020-12-29,1879.699951171875,196.8890674701545,159673,50678,108995,0.5256410256410257,1479.0,608.0,871.0,0.009349279997977166,0.012142999800279608,0.008055565831822722,LONG_BUILDING_SHORT_BUILDING,NET_UP,LONG_BUILDING_SHORT_BUILDING
2021-01-05,1952.699951171875,204.5354484344997,167096,50527,116569,0.5576923076923077,7423.0,-151.0,7574.0,0.04648876140612376,-0.0029795966691661077,0.06948942612046424,LONG_BUILDING_SHORT_COVERING,NET_UP,LONG_BUILDING_SHORT_COVERING
2021-01-12,1842.9000244140625,193.03446117631563,131057,52823,78234,0.358974358974359,-36039.0,2296.0,-38335.0,-0.21567841240963279,0.04544105131909672,-0.3288610179378737,LONG_LIQUIDATION_SHORT_BUILDING,NET_DOWN,LONG_LIQUIDATION_SHORT_BUILDING
2021-01-19,1839.5,192.67832580702802,127161,49090,78071,0.358974358974359,-3896.0,-3733.0,-163.0,-0.02972752313878694,-0.07066997330708215,-0.0020834931104123525,LONG_LIQUIDATION_SHORT_COVERING,NET_DOWN,LONG_LIQUIDATION_SHORT_COVERING
2021-01-26,1850.699951171875,193.85146407335984,142815,46416,96399,0.4743589743589743,15654.0,-2674.0,18328.0,0.1231037818198976,-0.05447137909961296,0.2347606665727351,LONG_BUILDING_SHORT_COVERING,NET_UP,LONG_BUILDING_SHORT_COVERING
2021-02-02,1830.5,191.73562130457452,137062,49284,87778,0.4230769230769231,-5753.0,2868.0,-8621.0,-0.04028288345061793,0.061789038262668045,-0.08943038828203612,LONG_LIQUIDATION_SHORT_BUILDING,NET_DOWN,LONG_LIQUIDATION_SHORT_BUILDING
2021-02-09,1835.300048828125,192.23840215371564,134733,47093,87640,0.4230769230769231,-2329.0,-2191.0,-138.0,-0.016992310049466663,-0.044456618780943105,-0.0015721479186128642,LONG_LIQUIDATION_SHORT_COVERING,NET_DOWN,LONG_LIQUIDATION_SHORT_COVERING
2021-02-16,1797.199951171875,188.2476095309972,125997,58041,67956,0.358974358974359,-8736.0,10948.0,-19684.0,-0.06483934893455946,0.2324761641857601,-0.22460063897763577,LONG_LIQUIDATION_SHORT_BUILDING,NET_DOWN,LONG_LIQUIDATION_SHORT_BUILDING
2021-02-23,1804.4000244140625,189.00178080470894,125124,56001,69123,0.3653846153846153,-873.0,-2040.0,1167.0,-0.006928736398485678,-0.03514756809841319,0.017172876567190534,LONG_LIQUIDATION_SHORT_COVERING,NET_UP,LONG_LIQUIDATION_SHORT_COVERING
2021-03-02,1733.0999755859375,181.53346113188346,106608,60648,45960,0.3205128205128205,-18516.0,4647.0,-23163.0,-0.1479812026469742,0.08298066105962394,-0.33509830302504234,LONG_LIQUIDATION_SHORT_BUILDING,NET_DOWN,LONG_LIQUIDATION_SHORT_BUILDING
2021-03-09,1716.5999755859375,179.80516954405198,96223,66793,29430,0.2564102564102564,-10385.0,6145.0,-16530.0,-0.09741295212366802,0.10132238490964253,-0.35966057441253263,LONG_LIQUIDATION_SHORT_BUILDING,NET_DOWN,LONG_LIQUIDATION_SHORT_BUILDING
2021-03-16,1730.5999755859375,181.2715987700908,100669,59548,41121,0.3012820512820512,4446.0,-7245.0,11691.0,0.04620516924228095,-0.1084694503915081,0.39724770642201834,LONG_BUILDING_SHORT_COVERING,NET_UP,LONG_BUILDING_SHORT_COVERING
2021-03-23,1724.699951171875,180.6536010390105,107941,64420,43521,0.3269230769230769,7272.0,4872.0,2400.0,0.07223673623459059,0.08181634983542688,0.05836433938863354,LONG_BUILDING_SHORT_BUILDING,NET_UP,LONG_BUILDING_SHORT_BUILDING
2021-03-30,1683.9000244140625,176.38001496630343,113009,69936,43073,0.3269230769230769,5068.0,5516.0,-448.0,0.04695157539767095,0.08562558211735485,-0.010293881114864088,LONG_BUILDING_SHORT_BUILDING,NET_DOWN,LONG_BUILDING_SHORT_BUILDING
2021-04-06,1741.5,182.41332122475634,121563,55091,66472,0.391025641025641,8554.0,-14845.0,23399.0,0.07569308639134936,-0.2122654998856097,0.5432405451210736,LONG_BUILDING_SHORT_COVERING,NET_UP,LONG_BUILDING_SHORT_COVERING
2021-04-13,1746.199951171875,182.90561735042726,112070,58263,53807,0.3717948717948718,-9493.0,3172.0,-12665.0,-0.07809119551179224,0.05757746274346082,-0.19053135154651582,LONG_LIQUIDATION_SHORT_BUILDING,NET_DOWN,LONG_LIQUIDATION_SHORT_BUILDING
2021-04-20,1777.300048828125,186.16319536012628,116843,60419,56424,0.391025641025641,4773.0,2156.0,2617.0,0.042589453020433654,0.037004616995348676,0.04863679446912112,LONG_BUILDING_SHORT_BUILDING,NET_UP,LONG_BUILDING_SHORT_BUILDING
2021-04-27,1778.0,186.23651170692895,117144,66493,50651,0.3525641025641026,301.0,6074.0,-5773.0,0.0025761063991852316,0.1005312898260481,-0.10231461789309514,LONG_BUILDING_SHORT_BUILDING,NET_DOWN,LONG_BUILDING_SHORT_BUILDING
2021-05-04,1775.800048828125,186.00607794305068,117434,63809,53625,0.3653846153846153,290.0,-2684.0,2974.0,0.0024755856040428875,-0.0403651512189253,0.05871552387909419,LONG_BUILDING_SHORT_COVERING,NET_UP,LONG_BUILDING_SHORT_COVERING
2021-05-11,1835.9000244140625,192.30124656329625,131295,49680,81615,0.4487179487179487,13861.0,-14129.0,27990.0,0.11803225641637005,-0.2214264445454403,0.521958041958042,LONG_BUILDING_SHORT_COVERING,NET_UP,LONG_BUILDING_SHORT_COVERING
2021-05-18,1867.800048828125,195.64261285702003,141776,49786,91990,0.5192307692307693,10481.0,106.0,10375.0,0.07982786854030999,0.00213365539452496,0.12712123996814312,LONG_BUILDING_SHORT_BUILDING,NET_UP,LONG_BUILDING_SHORT_BUILDING
2021-05-25,1898.0999755859373,198.81637701019795,143862,36607,107255,0.6025641025641025,2086.0,-13179.0,15265.0,0.01471335063762555,-0.2647129715180975,0.16594195021197955,LONG_BUILDING_SHORT_COVERING,NET_UP,LONG_BUILDING_SHORT_COVERING
2021-06-01,1902.9000244140625,199.3191578593391,147270,37297,109973,0.6153846153846154,3408.0,690.0,2718.0,0.023689368978604495,0.018848854044308465,0.025341475921868445,LONG_BUILDING_SHORT_BUILDING,NET_UP,LONG_BUILDING_SHORT_BUILDING
2021-06-08,1892.199951171875,198.19837927911772,145037,37373,107664,0.5961538461538461,-2233.0,76.0,-2309.0,-0.01516262646839139,0.0020376974019358125,-0.020996062669928074,LONG_LIQUIDATION_SHORT_BUILDING,NET_DOWN,LONG_LIQUIDATION_SHORT_BUILDING
2021-06-15,1854.5,194.2494999777839,138546,41754,96792,0.532051282051282,-6491.0,4381.0,-10872.0,-0.04475409723036191,0.11722366414256281,-0.1009808292465448,LONG_LIQUIDATION_SHORT_BUILDING,NET_DOWN,LONG_LIQUIDATION_SHORT_BUILDING
2021-06-22,1776.300048828125,186.05845041540923,110038,47502,62536,0.358974358974359,-28508.0,5748.0,-34256.0,-0.2057655940987109,0.13766345739330363,-0.353913546574097,LONG_LIQUIDATION_SHORT_BUILDING,NET_DOWN,LONG_LIQUIDATION_SHORT_BUILDING
2021-06-29,1762.800048828125,184.64439366172894,115438,54056,61382,0.3525641025641026,5400.0,6554.0,-1154.0,0.0490739562696523,0.13797313797313798,-0.01845337085838557,LONG_BUILDING_SHORT_BUILDING,NET_DOWN,LONG_BUILDING_SHORT_BUILDING
2021-07-06,1793.5,187.86005835004335,131218,53258,77960,0.3782051282051282,15780.0,-798.0,16578.0,0.1366967549680348,-0.01476246855113216,0.2700791763057574,LONG_BUILDING_SHORT_COVERING,NET_UP,LONG_BUILDING_SHORT_COVERING
2021-07-13,1809.4000244140625,189.52550552829422,135938,49647,86291,0.4423076923076923,4720.0,-3611.0,8331.0,0.035970674754987886,-0.06780202035374967,0.1068624935864546,LONG_BUILDING_SHORT_COVERING,NET_UP,LONG_BUILDING_SHORT_COVERING
2021-07-20,1810.9000244140625,189.6826229453698,135163,44735,90428,0.4615384615384615,-775.0,-4912.0,4137.0,-0.005701128455619473,-0.09893850585131025,0.04794242736785992,LONG_LIQUIDATION_SHORT_COVERING,NET_UP,LONG_LIQUIDATION_SHORT_COVERING
2021-07-27,1799.5,188.4885280183457,131635,41405,90230,0.4551282051282051,-3528.0,-3330.0,-198.0,-0.026101817805168574,-0.0744383592265564,-0.0021895872959702745,LONG_LIQUIDATION_SHORT_COVERING,NET_DOWN,LONG_LIQUIDATION_SHORT_COVERING
2021-08-03,1810.0999755859373,189.59882187509686,132920,43047,89873,0.4487179487179487,1285.0,1642.0,-357.0,0.00976184145553994,0.03965704625045285,-0.00395655546935609,LONG_BUILDING_SHORT_BUILDING,NET_DOWN,LONG_BUILDING_SHORT_BUILDING
2021-08-10,1728.800048828125,181.08306554134896,111892,76489,35403,0.2179487179487179,-21028.0,33442.0,-54470.0,-0.15820042130604875,0.7768717912978838,-0.6060774648670902,LONG_LIQUIDATION_SHORT_BUILDING,NET_DOWN,LONG_LIQUIDATION_SHORT_BUILDING
2021-08-17,1785.0,186.96972631994836,117272,58194,59078,0.3141025641025641,5380.0,-18295.0,23675.0,0.04808207914774962,-0.2391847193714129,0.6687286388159196,LONG_BUILDING_SHORT_COVERING,NET_UP,LONG_BUILDING_SHORT_COVERING
2021-08-24,1805.5999755859373,189.1274696238701,126636,51192,75444,0.3461538461538461,9364.0,-7002.0,16366.0,0.07984855720035473,-0.12032168264769563,0.27702359592403264,LONG_BUILDING_SHORT_COVERING,NET_UP,LONG_BUILDING_SHORT_COVERING
2021-08-31,1815.0,190.1120746614601,136555,54878,81677,0.391025641025641,9919.0,3686.0,6233.0,0.07832685808143024,0.0720034380371933,0.08261757064842798,LONG_BUILDING_SHORT_BUILDING,NET_UP,LONG_BUILDING_SHORT_BUILDING
2021-09-07,1795.9000244140625,188.11144877461393,129044,61449,67595,0.3205128205128205,-7511.0,6571.0,-14082.0,-0.05500347845190583,0.11973832865629214,-0.17241083781235844,LONG_LIQUIDATION_SHORT_BUILDING,NET_DOWN,LONG_LIQUIDATION_SHORT_BUILDING
2021-09-14,1804.699951171875,189.03319661637516,130837,59615,71222,0.3333333333333333,1793.0,-1834.0,3627.0,0.013894485601810235,-0.029845888460349232,0.05365781492713958,LONG_BUILDING_SHORT_COVERING,NET_UP,LONG_BUILDING_SHORT_COVERING
2021-09-21,1776.0,186.02702181749484,119777,72933,46844,0.2371794871794871,-11060.0,13318.0,-24378.0,-0.08453266277887754,0.22340015096871593,-0.3422818791946309,LONG_LIQUIDATION_SHORT_BUILDING,NET_DOWN,LONG_LIQUIDATION_SHORT_BUILDING
2021-09-28,1735.800048828125,181.81628015436837,118923,88062,30861,0.1538461538461538,-854.0,15129.0,-15983.0,-0.007129916428028753,0.2074369626917856,-0.34119631116044746,LONG_LIQUIDATION_SHORT_BUILDING,NET_DOWN,LONG_LIQUIDATION_SHORT_BUILDING
2021-10-05,1759.5999755859375,184.30920216688546,126745,72579,54166,0.2692307692307692,7822.0,-15483.0,23305.0,0.06577365185876576,-0.1758193091231178,0.7551602346003046,LONG_BUILDING_SHORT_COVERING,NET_UP,LONG_BUILDING_SHORT_COVERING
2021-10-12,1758.300048828125,184.17304141050218,131668,73149,58519,0.282051282051282,4923.0,570.0,4353.0,0.038841768906071245,0.007853511346257181,0.08036406601927408,LONG_BUILDING_SHORT_BUILDING,NET_UP,LONG_BUILDING_SHORT_BUILDING
2021-10-19,1769.699951171875,185.36712355127813,124560,66761,57799,0.2692307692307692,-7108.0,-6388.0,-720.0,-0.05398426345049671,-0.08732860326183543,-0.012303696235410722,LONG_LIQUIDATION_SHORT_COVERING,NET_DOWN,LONG_LIQUIDATION_SHORT_COVERING
2021-10-26,1792.699951171875,187.77625727977045,141280,54918,86362,0.4230769230769231,16720.0,-11843.0,28563.0,0.13423249839434812,-0.17739398750767663,0.49417809996712747,LONG_BUILDING_SHORT_COVERING,NET_UP,LONG_BUILDING_SHORT_COVERING
2021-11-02,1788.699951171875,187.35727750090223,136944,51705,85239,0.3974358974358974,-4336.0,-3213.0,-1123.0,-0.030690826727066817,-0.058505408062930184,-0.01300340427502837,LONG_LIQUIDATION_SHORT_COVERING,NET_DOWN,LONG_LIQUIDATION_SHORT_COVERING
2021-11-09,1830.199951171875,191.70419270666014,168133,42523,125610,0.6538461538461539,31189.0,-9182.0,40371.0,0.22775002920901974,-0.17758437288463397,0.47362122971879067,LONG_BUILDING_SHORT_COVERING,NET_UP,LONG_BUILDING_SHORT_COVERING
2021-11-16,1853.5999755859373,194.15522697028888,185468,43083,142385,0.7051282051282052,17335.0,560.0,16775.0,0.10310290067981895,0.013169343649319192,0.13354828437226335,LONG_BUILDING_SHORT_BUILDING,NET_UP,LONG_BUILDING_SHORT_BUILDING
2021-11-23,1783.5,186.8126089028728,152273,46934,105339,0.5705128205128205,-33195.0,3851.0,-37046.0,-0.17897966225979683,0.0893856045307894,-0.26018190118341117,LONG_LIQUIDATION_SHORT_BUILDING,NET_DOWN,LONG_LIQUIDATION_SHORT_BUILDING
2021-11-30,1773.5999755859375,185.77563139292428,137469,45384,92085,0.4743589743589743,-14804.0,-1550.0,-13254.0,-0.09722012438186678,-0.03302509907529723,-0.1258223450004272,LONG_LIQUIDATION_SHORT_COVERING,NET_DOWN,LONG_LIQUIDATION_SHORT_COVERING
2021-12-07,1782.5999755859375,186.7183358953778,125067,44326,80741,0.3333333333333333,-12402.0,-1058.0,-11344.0,-0.0902167034022216,-0.023312180504142428,-0.12319053048813595,LONG_LIQUIDATION_SHORT_COVERING,NET_DOWN,LONG_LIQUIDATION_SHORT_COVERING
2021-12-14,1770.4000244140625,185.44045268432896,121492,58075,63417,0.2564102564102564,-3575.0,13749.0,-17324.0,-0.028584678612263825,0.3101791273744529,-0.21456261378977223,LONG_LIQUIDATION_SHORT_BUILDING,NET_DOWN,LONG_LIQUIDATION_SHORT_BUILDING
2021-12-21,1787.9000244140625,187.27348921687746,124120,52372,71748,0.2884615384615384,2628.0,-5703.0,8331.0,0.02163105389655286,-0.09820060266896255,0.13136856048062823,LONG_BUILDING_SHORT_COVERING,NET_UP,LONG_BUILDING_SHORT_COVERING
2021-12-28,1810.199951171875,189.60929381231898,130389,46726,83663,0.3653846153846153,6269.0,-5646.0,11915.0,0.050507573316145665,-0.10780569770106163,0.1660673468249986,LONG_BUILDING_SHORT_COVERING,NET_UP,LONG_BUILDING_SHORT_COVERING
2022-01-04,1814.0,190.00732971674304,124252,44744,79508,0.3141025641025641,-6137.0,-1982.0,-4155.0,-0.04706685379901679,-0.04241749775285708,-0.049663531071082796,LONG_LIQUIDATION_SHORT_COVERING,NET_DOWN,LONG_LIQUIDATION_SHORT_COVERING
2022-01-11,1818.5999755859373,190.48915390519184,119297,44987,74310,0.2756410256410256,-4955.0,243.0,-5198.0,-0.03987863374432605,0.005430895762560344,-0.06537706897419128,LONG_LIQUIDATION_SHORT_BUILDING,NET_DOWN,LONG_LIQUIDATION_SHORT_BUILDING
2022-01-18,1812.300048828125,189.8292684252233,119807,48014,71793,0.2692307692307692,510.0,3027.0,-2517.0,0.00427504463649547,0.0672861048747416,-0.033871618893823174,LONG_BUILDING_SHORT_BUILDING,NET_DOWN,LONG_BUILDING_SHORT_BUILDING
2022-01-25,1852.699951171875,194.06095396279392,140640,39265,101375,0.5384615384615384,20833.0,-8749.0,29582.0,0.17388800320515496,-0.1822176865081018,0.4120457426211469,LONG_BUILDING_SHORT_COVERING,NET_UP,LONG_BUILDING_SHORT_COVERING
2022-02-01,1800.300048828125,188.5723290886186,108309,58395,49914,0.1346153846153846,-32331.0,19130.0,-51461.0,-0.22988481228668942,0.4872023430536101,-0.5076300863131936,LONG_LIQUIDATION_SHORT_BUILDING,NET_DOWN,LONG_LIQUIDATION_SHORT_BUILDING
2022-02-08,1826.5999755859373,191.3271134629283,117234,47767,69467,0.2435897435897435,8925.0,-10628.0,19553.0,0.08240312439409467,-0.18200188372292148,0.391733782105221,LONG_BUILDING_SHORT_COVERING,NET_UP,LONG_BUILDING_SHORT_COVERING
2022-02-15,1854.800048828125,194.28092857569828,151530,43824,107706,0.5833333333333334,34296.0,-3943.0,38239.0,0.2925431188904243,-0.08254652793769757,0.5504628096794161,LONG_BUILDING_SHORT_COVERING,NET_UP,LONG_BUILDING_SHORT_COVERING
2022-02-22,1906.0999755859373,199.65433656793442,183356,44380,138976,0.6858974358974359,31826.0,556.0,31270.0,0.21003101696033788,0.012687112084702447,0.2903273726626186,LONG_BUILDING_SHORT_BUILDING,NET_UP,LONG_BUILDING_SHORT_BUILDING
2022-03-01,1942.4000244140625,203.4565831756629,187215,38594,148621,0.717948717948718,3859.0,-5786.0,9645.0,0.021046488797748644,-0.13037404236142405,0.06940047202394659,LONG_BUILDING_SHORT_COVERING,NET_UP,LONG_BUILDING_SHORT_COVERING
2022-03-08,2040.0999755859373,213.69015916002022,181510,38537,142973,0.6987179487179487,-5705.0,-57.0,-5648.0,-0.03047298560478594,-0.0014769135098720008,-0.03800270486674158,LONG_LIQUIDATION_SHORT_COVERING,NET_DOWN,LONG_LIQUIDATION_SHORT_COVERING
2022-03-15,1928.5,202.00062588684617,165597,39060,126537,0.6282051282051282,-15913.0,523.0,-16436.0,-0.08767010082089141,0.013571372966240237,-0.11495876843879614,LONG_LIQUIDATION_SHORT_BUILDING,NET_DOWN,LONG_LIQUIDATION_SHORT_BUILDING
2022-03-22,1920.699951171875,201.18361020355388,152589,37457,115132,0.5961538461538461,-13008.0,-1603.0,-11405.0,-0.07855214768383485,-0.04103942652329749,-0.09013174012344216,LONG_LIQUIDATION_SHORT_COVERING,NET_DOWN,LONG_LIQUIDATION_SHORT_COVERING
2022-03-29,1912.0,200.27233429901474,146486,38184,108302,0.5576923076923077,-6103.0,727.0,-6830.0,-0.03999633001068229,0.019408922230824677,-0.05932321161796894,LONG_LIQUIDATION_SHORT_BUILDING,NET_DOWN,LONG_LIQUIDATION_SHORT_BUILDING
2022-04-05,1922.9000244140625,201.41405675368026,148320,46693,101627,0.4935897435897436,1834.0,8509.0,-6675.0,0.012519967778490777,0.22284202807458622,-0.06163321083636498,LONG_BUILDING_SHORT_BUILDING,NET_DOWN,LONG_BUILDING_SHORT_BUILDING
2022-04-12,1972.0999755859373,206.56750291926028,165244,48219,117025,0.6025641025641025,16924.0,1526.0,15398.0,0.11410463861920173,0.032681558263551284,0.1515148533362197,LONG_BUILDING_SHORT_BUILDING,NET_UP,LONG_BUILDING_SHORT_BUILDING
2022-04-19,1955.699951171875,204.84968326865092,157560,56294,101266,0.4743589743589743,-7684.0,8075.0,-15759.0,-0.04650093195516933,0.16746510711545243,-0.13466353343302714,LONG_LIQUIDATION_SHORT_BUILDING,NET_DOWN,LONG_LIQUIDATION_SHORT_BUILDING
2022-04-26,1901.4000244140625,199.16204044226353,138215,57098,81117,0.2628205128205128,-19345.0,804.0,-20149.0,-0.12277862401624778,0.014282161509219455,-0.1989710268007031,LONG_LIQUIDATION_SHORT_BUILDING,NET_DOWN,LONG_LIQUIDATION_SHORT_BUILDING
2022-05-03,1868.800048828125,195.74735780173705,128828,60981,67847,0.1666666666666666,-9387.0,3883.0,-13270.0,-0.067915928083059,0.06800588461942625,-0.16359086258120986,LONG_LIQUIDATION_SHORT_BUILDING,NET_DOWN,LONG_LIQUIDATION_SHORT_BUILDING
2022-05-10,1839.9000244140625,192.7202263421645,123931,61939,61992,0.1346153846153846,-4897.0,958.0,-5855.0,-0.0380119228739094,0.015709811252685262,-0.08629710967323537,LONG_LIQUIDATION_SHORT_BUILDING,NET_DOWN,LONG_LIQUIDATION_SHORT_BUILDING
2022-05-17,1818.199951171875,190.44725337005545,115572,72212,43360,0.0448717948717948,-8359.0,10273.0,-18632.0,-0.06744882232855379,0.1658567300085568,-0.3005549103110079,LONG_LIQUIDATION_SHORT_BUILDING,NET_DOWN,LONG_LIQUIDATION_SHORT_BUILDING
2022-05-24,1865.0999755859373,195.35979383453505,121174,60117,61057,0.1217948717948717,5602.0,-12095.0,17697.0,0.048471948222752914,-0.16749293746191768,0.40814114391143913,LONG_BUILDING_SHORT_COVERING,NET_UP,LONG_BUILDING_SHORT_COVERING
2022-05-31,1842.699951171875,193.01350451562337,112731,61938,50793,0.0769230769230769,-8443.0,1821.0,-10264.0,-0.06967666331061119,0.03029093268127152,-0.16810521316147206,LONG_LIQUIDATION_SHORT_BUILDING,NET_DOWN,LONG_LIQUIDATION_SHORT_BUILDING
2022-06-07,1847.5,193.51628536476449,115215,57684,57531,0.1089743589743589,2484.0,-4254.0,6738.0,0.022034755302445645,-0.06868158481061706,0.13265607465595652,LONG_BUILDING_SHORT_COVERING,NET_UP,LONG_BUILDING_SHORT_COVERING
2022-06-14,1809.5,189.53597746551628,109111,72206,36905,0.0256410256410256,-6104.0,14522.0,-20626.0,-0.05297921277611422,0.2517509187989737,-0.35851975456710294,LONG_LIQUIDATION_SHORT_BUILDING,NET_DOWN,LONG_LIQUIDATION_SHORT_BUILDING
2022-06-21,1834.5999755859373,192.16507302066478,113220,63417,49803,0.0705128205128205,4109.0,-8789.0,12898.0,0.037658897819651545,-0.12172118660499127,0.3494919387616854,LONG_BUILDING_SHORT_COVERING,NET_UP,LONG_BUILDING_SHORT_COVERING
2022-06-28,1817.5,190.37393702325275,110850,74748,36102,0.0256410256410256,-2370.0,11331.0,-13701.0,-0.020932697403285638,0.17867448791333554,-0.275103909403048,LONG_LIQUIDATION_SHORT_BUILDING,NET_DOWN,LONG_LIQUIDATION_SHORT_BUILDING
2022-07-05,1761.800048828125,184.5396487170119,103472,86438,17034,0.0064102564102564,-7378.0,11690.0,-19068.0,-0.06655841226883176,0.15639214427141862,-0.5281701844773142,LONG_LIQUIDATION_SHORT_BUILDING,NET_DOWN,LONG_LIQUIDATION_SHORT_BUILDING
2022-07-12,1723.300048828125,180.50696834540514,91669,97802,-6133,0.0064102564102564,-11803.0,11364.0,-23167.0,-0.1140695067264574,0.13146995534371456,-1.3600446166490547,LONG_LIQUIDATION_SHORT_BUILDING,NET_DOWN,LONG_LIQUIDATION_SHORT_BUILDING
2022-07-19,1710.0,179.113855466169,91056,109794,-18738,0.0064102564102564,-613.0,11992.0,-12605.0,-0.006687102510117924,0.1226150794462281,-2.0552747431925646,LONG_LIQUIDATION_SHORT_BUILDING,NET_DOWN,LONG_LIQUIDATION_SHORT_BUILDING
2022-07-26,1717.699951171875,179.9203864259911,92216,111309,-19093,0.0064102564102564,1160.0,1515.0,-355.0,0.012739413108416798,0.01379856822777201,-0.018945458426726437,LONG_BUILDING_SHORT_BUILDING,NET_DOWN,LONG_BUILDING_SHORT_BUILDING
2022-08-02,1771.0999755859375,185.51376903113163,96634,80779,15855,0.0256410256410256,4418.0,-30530.0,34948.0,0.0479092565281513,-0.27428150464023576,1.8304090504373332,LONG_BUILDING_SHORT_COVERING,NET_UP,LONG_BUILDING_SHORT_COVERING
2022-08-09,1794.0,187.9124308224019,100013,59279,40734,0.0705128205128205,3379.0,-21500.0,24879.0,0.034966988844506074,-0.266158283712351,1.5691579943235572,LONG_BUILDING_SHORT_COVERING,NET_UP,LONG_BUILDING_SHORT_COVERING
2022-08-16,1773.199951171875,185.73373085778783,96765,60392,36373,0.0641025641025641,-3248.0,1113.0,-4361.0,-0.03247577814884065,0.018775620371463755,-0.10706044090931409,LONG_LIQUIDATION_SHORT_BUILDING,NET_DOWN,LONG_LIQUIDATION_SHORT_BUILDING
2022-08-23,1746.800048828125,182.96847454625603,95850,73739,22111,0.0384615384615384,-915.0,13347.0,-14262.0,-0.009455898310339482,0.22100609352232084,-0.39210403321144804,LONG_LIQUIDATION_SHORT_BUILDING,NET_DOWN,LONG_LIQUIDATION_SHORT_BUILDING
2022-08-30,1723.199951171875,180.49648362193494,91761,79973,11788,0.0256410256410256,-4089.0,6234.0,-10323.0,-0.042660406885759,0.08454142312751732,-0.466871692822577,LONG_LIQUIDATION_SHORT_BUILDING,NET_DOWN,LONG_LIQUIDATION_SHORT_BUILDING
2022-09-06,1700.4000244140625,178.1083065541349,85842,92804,-6962,0.0192307692307692,-5919.0,12831.0,-18750.0,-0.06450452806747965,0.16044164905655658,-1.5906006107906345,LONG_LIQUIDATION_SHORT_BUILDING,NET_DOWN,LONG_LIQUIDATION_SHORT_BUILDING
2022-09-13,1705.0,178.59013074258374,80300,98637,-18337,0.0192307692307692,-5542.0,5833.0,-11375.0,-0.06456047156403626,0.06285289427179863,-1.6338695777075554,LONG_LIQUIDATION_SHORT_BUILDING,NET_DOWN,LONG_LIQUIDATION_SHORT_BUILDING
2022-09-20,1659.699951171875,173.84517963240177,78544,115239,-36695,0.0064102564102564,-1756.0,16602.0,-18358.0,-0.02186799501867995,0.16831412147571398,-1.0011452255003546,LONG_LIQUIDATION_SHORT_BUILDING,NET_DOWN,LONG_LIQUIDATION_SHORT_BUILDING
2022-09-27,1626.699951171875,170.38859645673884,74171,117265,-43094,0.0064102564102564,-4373.0,2026.0,-6399.0,-0.055675799551843555,0.017580853704041166,-0.17438343098514783,LONG_LIQUIDATION_SHORT_BUILDING,NET_DOWN,LONG_LIQUIDATION_SHORT_BUILDING
2022-10-04,1721.0999755859375,180.27652179527874,82806,89681,-6875,0.0448717948717948,8635.0,-27584.0,36219.0,0.11642016421512451,-0.2352279026137381,0.8404650299345616,LONG_BUILDING_SHORT_COVERING,NET_UP,LONG_BUILDING_SHORT_COVERING
2022-10-11,1678.699951171875,175.83533358202587,78365,83945,-5580,0.0576923076923076,-4441.0,-5736.0,1295.0,-0.05363137936864478,-0.06396003612805388,0.18836363636363637,LONG_LIQUIDATION_SHORT_COVERING,NET_UP,LONG_LIQUIDATION_SHORT_COVERING
2022-10-18,1649.0,172.7244138384285,73344,99042,-25698,0.0192307692307692,-5021.0,15097.0,-20118.0,-0.06407197090537868,0.17984394544046697,-3.6053763440860216,LONG_LIQUIDATION_SHORT_BUILDING,NET_DOWN,LONG_LIQUIDATION_SHORT_BUILDING
2022-10-25,1652.800048828125,173.12244974285255,72016,110804,-38788,0.0128205128205128,-1328.0,11762.0,-13090.0,-0.018106457242582898,0.11875769875406393,-0.5093781617246478,LONG_LIQUIDATION_SHORT_BUILDING,NET_DOWN,LONG_LIQUIDATION_SHORT_BUILDING
2022-11-01,1645.0,172.30543405956027,78213,119614,-41401,0.0128205128205128,6197.0,8810.0,-2613.0,0.0860503221506332,0.07950976499043357,-0.06736619573063835,LONG_BUILDING_SHORT_BUILDING,NET_DOWN,LONG_BUILDING_SHORT_BUILDING
2022-11-08,1712.0999755859375,179.33381729282522,88059,104405,-16346,0.0576923076923076,9846.0,-15209.0,25055.0,0.12588700088220628,-0.1271506679820088,0.6051786188739402,LONG_BUILDING_SHORT_COVERING,NET_UP,LONG_BUILDING_SHORT_COVERING
2022-11-15,1773.800048828125,185.79658805361657,95065,69608,25457,0.1153846153846153,7006.0,-34797.0,41803.0,0.07956029480234843,-0.3332886356017432,2.557384069497125,LONG_BUILDING_SHORT_COVERING,NET_UP,LONG_BUILDING_SHORT_COVERING
2022-11-22,1738.300048828125,182.07814251616102,92161,72730,19431,0.1089743589743589,-2904.0,3122.0,-6026.0,-0.030547520117814128,0.04485116653258246,-0.23671288840004714,LONG_LIQUIDATION_SHORT_BUILDING,NET_DOWN,LONG_LIQUIDATION_SHORT_BUILDING
2022-11-29,1748.4000244140625,183.1360639005537,88032,73312,14720,0.0961538461538461,-4129.0,582.0,-4711.0,-0.04480203122795977,0.008002199917503094,-0.24244763522206783,LONG_LIQUIDATION_SHORT_BUILDING,NET_DOWN,LONG_LIQUIDATION_SHORT_BUILDING
2022-12-06,1769.300048828125,185.3252358023898,93629,70142,23487,0.1282051282051282,5597.0,-3170.0,8767.0,0.0635791530352599,-0.04323985159319075,0.5955842391304348,LONG_BUILDING_SHORT_COVERING,NET_UP,LONG_BUILDING_SHORT_COVERING
2022-12-13,1813.9000244140625,189.99685777952098,103737,66288,37449,0.1794871794871795,10108.0,-3854.0,13962.0,0.10795800446442876,-0.05494568161729064,0.5944565078554094,LONG_BUILDING_SHORT_COVERING,NET_UP,LONG_BUILDING_SHORT_COVERING
2022-12-20,1815.9000244140625,190.2063476689551,104813,65718,39095,0.1858974358974359,1076.0,-570.0,1646.0,0.010372384009562644,-0.008598841419261405,0.04395310956233811,LONG_BUILDING_SHORT_COVERING,NET_UP,LONG_BUILDING_SHORT_COVERING
2022-12-27,1814.800048828125,190.09113078701594,106983,56106,50877,0.2628205128205128,2170.0,-9612.0,11782.0,0.020703538683178615,-0.14626129827444537,0.30136846144008184,LONG_BUILDING_SHORT_COVERING,NET_UP,LONG_BUILDING_SHORT_COVERING
2023-01-03,1839.699951171875,192.69926968147217,109140,54559,54581,0.2884615384615384,2157.0,-1547.0,3704.0,0.02016208182608452,-0.02757280861226963,0.07280303477013189,LONG_BUILDING_SHORT_COVERING,NET_UP,LONG_BUILDING_SHORT_COVERING
2023-01-10,1871.5999755859373,196.04063597519595,116604,54795,61809,0.3397435897435897,7464.0,236.0,7228.0,0.06838922484881803,0.0043255924778679965,0.13242703504882652,LONG_BUILDING_SHORT_BUILDING,NET_UP,LONG_BUILDING_SHORT_BUILDING
2023-01-17,1907.199951171875,199.7695534498736,124222,54845,69377,0.3974358974358974,7618.0,50.0,7568.0,0.06533223560083702,0.0009124920156948627,0.12244171560775939,LONG_BUILDING_SHORT_BUILDING,NET_UP,LONG_BUILDING_SHORT_BUILDING
2023-01-24,1933.9000244140625,202.56625114556792,131501,51622,79879,0.4743589743589743,7279.0,-3223.0,10502.0,0.058596705897506075,-0.05876561217977938,0.15137581619268634,LONG_BUILDING_SHORT_COVERING,NET_UP,LONG_BUILDING_SHORT_COVERING
2023-01-31,1929.5,202.10537083156325,138125,53678,84447,0.5256410256410257,6624.0,2056.0,4568.0,0.050372240515281254,0.03982798031846887,0.05718649457304172,LONG_BUILDING_SHORT_BUILDING,NET_UP,LONG_BUILDING_SHORT_BUILDING
2023-02-07,1871.699951171875,196.05110791241805,115521,55945,59576,0.3269230769230769,-22604.0,2267.0,-24871.0,-0.16364886877828055,0.04223331718767465,-0.2945160870131562,LONG_LIQUIDATION_SHORT_BUILDING,NET_DOWN,LONG_LIQUIDATION_SHORT_BUILDING
2023-02-14,1854.0,194.19712750542539,106106,64933,41173,0.2051282051282051,-9415.0,8988.0,-18403.0,-0.08150033327273828,0.1606577888998123,-0.30889955686853765,LONG_LIQUIDATION_SHORT_BUILDING,NET_DOWN,LONG_LIQUIDATION_SHORT_BUILDING
2023-02-21,1833.0,191.99748366636715,104710,68004,36706,0.173076923076923,-1396.0,3071.0,-4467.0,-0.013156654666088629,0.0472949039779465,-0.10849343016054211,LONG_LIQUIDATION_SHORT_BUILDING,NET_DOWN,LONG_LIQUIDATION_SHORT_BUILDING
2023-02-28,1828.9000244140625,191.56803195027683,99425,72850,26575,0.141025641025641,-5285.0,4846.0,-10131.0,-0.05047273421831726,0.07126051408740662,-0.2760039230643492,LONG_LIQUIDATION_SHORT_BUILDING,NET_DOWN,LONG_LIQUIDATION_SHORT_BUILDING
2023-03-07,1813.9000244140625,189.99685777952098,103439,89040,14399,0.0961538461538461,4014.0,16190.0,-12176.0,0.04037213980387227,0.22223747426218257,-0.45817497648165567,LONG_BUILDING_SHORT_BUILDING,NET_DOWN,LONG_BUILDING_SHORT_BUILDING
2023-03-14,1906.199951171875,199.66480850515654,118560,58839,59721,0.358974358974359,15121.0,-30201.0,45322.0,0.1461827743887702,-0.3391846361185984,3.1475796930342383,LONG_BUILDING_SHORT_COVERING,NET_UP,LONG_BUILDING_SHORT_COVERING
2023-03-21,1938.0,202.99570286165823,125090,43861,81229,0.532051282051282,6530.0,-14978.0,21508.0,0.055077597840755735,-0.25455905096959497,0.360141323822441,LONG_BUILDING_SHORT_COVERING,NET_UP,LONG_BUILDING_SHORT_COVERING
2023-03-28,1972.4000244140625,206.59893151717466,130530,31370,99160,0.7371794871794872,5440.0,-12491.0,17931.0,0.043488688144535936,-0.28478602859031943,0.22074628519371162,LONG_BUILDING_SHORT_COVERING,NET_UP,LONG_BUILDING_SHORT_COVERING
2023-04-04,2022.199951171875,211.81522209233523,142348,32217,110131,0.8461538461538461,11818.0,847.0,10971.0,0.09053857350800583,0.02700031877590054,0.11063937071399758,LONG_BUILDING_SHORT_BUILDING,NET_UP,LONG_BUILDING_SHORT_BUILDING
2023-04-11,2004.800048828125,209.99267028325696,135015,30409,104606,0.7884615384615384,-7333.0,-1808.0,-5525.0,-0.051514598027369546,-0.05611944004718006,-0.05016752776239206,LONG_LIQUIDATION_SHORT_COVERING,NET_DOWN,LONG_LIQUIDATION_SHORT_COVERING
2023-04-18,2007.4000244140625,210.26500458227167,137170,34474,102696,0.782051282051282,2155.0,4065.0,-1910.0,0.015961189497463245,0.13367752967871355,-0.01825899088006424,LONG_BUILDING_SHORT_BUILDING,NET_DOWN,LONG_BUILDING_SHORT_BUILDING
2023-04-25,1994.0,208.86141976581348,135979,33176,102803,0.7884615384615384,-1191.0,-1298.0,107.0,-0.008682656557556317,-0.03765156349712827,0.0010419101036067617,LONG_LIQUIDATION_SHORT_COVERING,NET_UP,LONG_LIQUIDATION_SHORT_COVERING
2023-05-02,2014.300048828125,210.98774725806902,143191,29401,113790,0.8910256410256411,7212.0,-3775.0,10987.0,0.05303760139433295,-0.11378707499397155,0.10687431300642977,LONG_BUILDING_SHORT_COVERING,NET_UP,LONG_BUILDING_SHORT_COVERING
2023-05-09,2036.199951171875,213.28165131837403,143463,32477,110986,0.8717948717948718,272.0,3076.0,-2804.0,0.001899560726581978,0.10462229175878371,-0.024641884172598646,LONG_BUILDING_SHORT_BUILDING,NET_DOWN,LONG_BUILDING_SHORT_BUILDING
2023-05-16,1988.4000244140625,208.2748506326476,139786,35803,103983,0.7948717948717948,-3677.0,3326.0,-7003.0,-0.025630301889685844,0.10241093697077933,-0.06309804840250122,LONG_LIQUIDATION_SHORT_BUILDING,NET_DOWN,LONG_LIQUIDATION_SHORT_BUILDING
2023-05-23,1972.4000244140625,206.59893151717466,128550,35411,93139,0.6858974358974359,-11236.0,-392.0,-10844.0,-0.08038000944300573,-0.010948803172918471,-0.1042862775646019,LONG_LIQUIDATION_SHORT_COVERING,NET_DOWN,LONG_LIQUIDATION_SHORT_COVERING
2023-05-30,1958.0,205.0906017559994,122904,36201,86703,0.6089743589743589,-5646.0,790.0,-6436.0,-0.04392065344224037,0.022309451865239614,-0.06910102105455287,LONG_LIQUIDATION_SHORT_BUILDING,NET_DOWN,LONG_LIQUIDATION_SHORT_BUILDING
2023-06-06,1965.5,205.8761888413773,120985,27557,93428,0.6923076923076923,-1919.0,-8644.0,6725.0,-0.015613812406431036,-0.23877793431120686,0.07756363678304096,LONG_LIQUIDATION_SHORT_COVERING,NET_UP,LONG_LIQUIDATION_SHORT_COVERING
2023-06-13,1944.5999755859373,203.68701693954114,110512,35869,74643,0.4743589743589743,-10473.0,8312.0,-18785.0,-0.08656445013844692,0.3016293500743913,-0.20106392088025002,LONG_LIQUIDATION_SHORT_BUILDING,NET_DOWN,LONG_LIQUIDATION_SHORT_BUILDING
2023-06-20,1935.5,202.73384049986558,110314,34275,76039,0.4871794871794871,-198.0,-1594.0,1396.0,-0.0017916606341392789,-0.04443948813738883,0.01870235655051378,LONG_LIQUIDATION_SHORT_COVERING,NET_UP,LONG_LIQUIDATION_SHORT_COVERING
2023-06-27,1914.0,200.48182418844883,108209,38534,69675,0.4487179487179487,-2105.0,4259.0,-6364.0,-0.01908189350399768,0.12425966447848286,-0.08369389392285538,LONG_LIQUIDATION_SHORT_BUILDING,NET_DOWN,LONG_LIQUIDATION_SHORT_BUILDING
2023-07-03,1921.699951171875,201.28835514827094,123017,39869,83148,0.5833333333333334,14808.0,1335.0,13473.0,0.1368462882015359,0.03464472932994239,0.1933692142088267,LONG_BUILDING_SHORT_BUILDING,NET_UP,LONG_BUILDING_SHORT_BUILDING
2023-07-11,1931.300048828125,202.29391684655317,124394,41951,82443,0.5833333333333334,1377.0,2082.0,-705.0,0.01119357487176569,0.05222102385311896,-0.008478856977918892,LONG_BUILDING_SHORT_BUILDING,NET_DOWN,LONG_BUILDING_SHORT_BUILDING
2023-07-18,1977.199951171875,207.10169958006765,147644,32326,115318,0.9423076923076924,23250.0,-9625.0,32875.0,0.18690612087399713,-0.22943434006340732,0.39876035563965406,LONG_BUILDING_SHORT_COVERING,NET_UP,LONG_BUILDING_SHORT_COVERING
2023-07-25,1962.0999755859373,205.52005347208967,132603,37316,95287,0.7435897435897436,-15041.0,4990.0,-20031.0,-0.10187342526618082,0.1543649075047949,-0.17370228411869787,LONG_LIQUIDATION_SHORT_BUILDING,NET_DOWN,LONG_LIQUIDATION_SHORT_BUILDING
2023-08-01,1940.699951171875,203.278509097895,123802,43793,80009,0.5384615384615384,-8801.0,6477.0,-15278.0,-0.06637104741220033,0.17357165826991103,-0.16033666712143316,LONG_LIQUIDATION_SHORT_BUILDING,NET_DOWN,LONG_LIQUIDATION_SHORT_BUILDING
2023-08-08,1924.0999755859373,201.53974557284147,114585,55979,58606,0.3461538461538461,-9217.0,12186.0,-21403.0,-0.07444952424031923,0.2782636494416916,-0.2675074054168906,LONG_LIQUIDATION_SHORT_BUILDING,NET_DOWN,LONG_LIQUIDATION_SHORT_BUILDING
2023-08-15,1902.5,199.27725732420268,113146,83610,29536,0.1602564102564102,-1439.0,27631.0,-29070.0,-0.012558362787450364,0.4935958127154826,-0.4960242978534621,LONG_LIQUIDATION_SHORT_BUILDING,NET_DOWN,LONG_LIQUIDATION_SHORT_BUILDING
2023-08-22,1896.4000244140625,198.63831571867826,105085,95976,9109,0.0897435897435897,-8061.0,12366.0,-20427.0,-0.07124423311473671,0.14790096878363831,-0.6915966955579632,LONG_LIQUIDATION_SHORT_BUILDING,NET_DOWN,LONG_LIQUIDATION_SHORT_BUILDING
2023-08-29,1936.5,202.83858544458266,120609,81367,39242,0.2243589743589743,15524.0,-14609.0,30133.0,0.14772802969025076,-0.15221513711761273,3.3080469864968713,LONG_BUILDING_SHORT_COVERING,NET_UP,LONG_BUILDING_SHORT_COVERING
2023-09-05,1926.199951171875,201.7597073994977,120222,69857,50365,0.2948717948717949,-387.0,-11510.0,11123.0,-0.0032087157674800387,-0.14145783917312915,0.28344630752764893,LONG_LIQUIDATION_SHORT_COVERING,NET_UP,LONG_LIQUIDATION_SHORT_COVERING
2023-09-12,1911.300048828125,200.19901795221205,117737,83166,34571,0.1794871794871795,-2485.0,13309.0,-15794.0,-0.020670093660062217,0.19051777201998368,-0.3135907872530527,LONG_LIQUIDATION_SHORT_BUILDING,NET_DOWN,LONG_LIQUIDATION_SHORT_BUILDING
2023-09-19,1932.0,202.36723319335587,121172,73782,47390,0.2884615384615384,3435.0,-9384.0,12819.0,0.02917519556299209,-0.11283457182021499,0.37080211738162044,LONG_BUILDING_SHORT_COVERING,NET_UP,LONG_BUILDING_SHORT_COVERING
2023-09-26,1900.4000244140625,199.05729549754648,114668,91230,23438,0.141025641025641,-6504.0,17448.0,-23952.0,-0.05367576667877067,0.23648044238432137,-0.5054230850390378,LONG_LIQUIDATION_SHORT_BUILDING,NET_DOWN,LONG_LIQUIDATION_SHORT_BUILDING
2023-10-03,1824.5999755859373,191.11762357349423,100500,108061,-7561,0.0641025641025641,-14168.0,16831.0,-30999.0,-0.12355670282903687,0.18448975117834046,-1.3225957846232614,LONG_LIQUIDATION_SHORT_BUILDING,NET_DOWN,LONG_LIQUIDATION_SHORT_BUILDING
2023-10-10,1861.0,194.93034211844477,93934,120701,-26767,0.032051282051282,-6566.0,12640.0,-19206.0,-0.06533333333333333,0.11697097010022117,-2.540140193096151,LONG_LIQUIDATION_SHORT_BUILDING,NET_DOWN,LONG_LIQUIDATION_SHORT_BUILDING
2023-10-17,1922.699951171875,201.39310009298802,104708,89605,15103,0.1282051282051282,10774.0,-31096.0,41870.0,0.11469755360146486,-0.25762835436326126,1.5642395486980236,LONG_BUILDING_SHORT_COVERING,NET_UP,LONG_BUILDING_SHORT_COVERING
2023-10-24,1975.0,206.87126581618935,122456,66708,55748,0.3846153846153846,17748.0,-22897.0,40645.0,0.16949994269778815,-0.25553261536744604,2.6911871813546977,LONG_BUILDING_SHORT_COVERING,NET_UP,LONG_BUILDING_SHORT_COVERING
2023-10-31,1985.199951171875,207.9396591378041,140111,65271,74840,0.5641025641025641,17655.0,-1437.0,19092.0,0.14417423401058338,-0.021541644180608024,0.34246968501112146,LONG_BUILDING_SHORT_COVERING,NET_UP,LONG_BUILDING_SHORT_COVERING
2023-11-07,1966.800048828125,206.01236238400875,140609,62374,78235,0.6025641025641025,498.0,-2897.0,3395.0,0.0035543247853487593,-0.04438418286834889,0.045363442009620523,LONG_BUILDING_SHORT_COVERING,NET_UP,LONG_BUILDING_SHORT_COVERING
2023-11-14,1961.800048828125,205.48863766042348,132924,68609,64315,0.4807692307692308,-7685.0,6235.0,-13920.0,-0.054655107425555974,0.0999615224292173,-0.17792548092286062,LONG_LIQUIDATION_SHORT_BUILDING,NET_DOWN,LONG_LIQUIDATION_SHORT_BUILDING
2023-11-21,1999.300048828125,209.4165730873131,144381,65246,79135,0.6153846153846154,11457.0,-3363.0,14820.0,0.08619210977701544,-0.04901689282747161,0.23042836041358936,LONG_BUILDING_SHORT_COVERING,NET_UP,LONG_BUILDING_SHORT_COVERING
2023-11-28,2039.699951171875,213.64825862488374,169695,54802,114893,0.935897435897436,25314.0,-10444.0,35758.0,0.17532777858582502,-0.1600711154706802,0.4518607442977191,LONG_BUILDING_SHORT_COVERING,NET_UP,LONG_BUILDING_SHORT_COVERING
2023-12-05,2018.5,211.42767091138137,159907,50520,109387,0.903846153846154,-9788.0,-4282.0,-5506.0,-0.05767995521376587,-0.0781358344585964,-0.04792284995604606,LONG_LIQUIDATION_SHORT_COVERING,NET_DOWN,LONG_LIQUIDATION_SHORT_COVERING
2023-12-12,1977.800048828125,207.16455677589641,149634,54106,95528,0.7884615384615384,-10273.0,3586.0,-13859.0,-0.0642435915876103,0.07098178939034046,-0.12669695667675318,LONG_LIQUIDATION_SHORT_BUILDING,NET_DOWN,LONG_LIQUIDATION_SHORT_BUILDING
2023-12-19,2038.4000244140625,213.51209786850046,155697,47421,108276,0.8846153846153846,6063.0,-6685.0,12748.0,0.04051886603312081,-0.12355376483199645,0.13344778494263462,LONG_BUILDING_SHORT_COVERING,NET_UP,LONG_BUILDING_SHORT_COVERING
2023-12-26,2058.199951171875,215.58604010214935,152801,46347,106454,0.8653846153846154,-2896.0,-1074.0,-1822.0,-0.01860022993378164,-0.022648193838172962,-0.016827367098895415,LONG_LIQUIDATION_SHORT_COVERING,NET_DOWN,LONG_LIQUIDATION_SHORT_COVERING
2024-01-02,2064.39990234375,216.2354536448958,154384,45235,109149,0.903846153846154,1583.0,-1112.0,2695.0,0.0103598798437183,-0.023992922950784302,0.025316098972326076,LONG_BUILDING_SHORT_COVERING,NET_UP,LONG_BUILDING_SHORT_COVERING
2024-01-09,2026.4000244140625,212.25515853189577,134333,45874,88459,0.7307692307692307,-20051.0,639.0,-20690.0,-0.12987744844025287,0.014126229689399802,-0.18955739402101715,LONG_LIQUIDATION_SHORT_BUILDING,NET_DOWN,LONG_LIQUIDATION_SHORT_BUILDING
2024-01-16,2026.0,212.21325799675932,130931,47702,83229,0.6730769230769231,-3402.0,1828.0,-5230.0,-0.025325124876240387,0.039848280071500194,-0.059123435715981415,LONG_LIQUIDATION_SHORT_BUILDING,NET_DOWN,LONG_LIQUIDATION_SHORT_BUILDING
2024-01-23,2023.699951171875,211.97233950941086,111298,50265,61033,0.4423076923076923,-19633.0,2563.0,-22196.0,-0.14994920988917826,0.053729403379313236,-0.2666858907352005,LONG_LIQUIDATION_SHORT_BUILDING,NET_DOWN,LONG_LIQUIDATION_SHORT_BUILDING
2024-01-30,2031.5,212.78935519270314,108093,52069,56024,0.391025641025641,-3205.0,1804.0,-5009.0,-0.028796564179050837,0.0358897841440366,-0.08207035538151491,LONG_LIQUIDATION_SHORT_BUILDING,NET_DOWN,LONG_LIQUIDATION_SHORT_BUILDING
2024-02-06,2034.5,213.1035900268543,114316,46247,68069,0.5256410256410257,6223.0,-5822.0,12045.0,0.05757079551867374,-0.11181317098465497,0.2149971440811081,LONG_BUILDING_SHORT_COVERING,NET_UP,LONG_BUILDING_SHORT_COVERING
2024-02-13,1992.9000244140625,208.74620288387433,100642,66466,34176,0.2051282051282051,-13674.0,20219.0,-33893.0,-0.11961580181251968,0.43719592622224146,-0.49792122699025987,LONG_LIQUIDATION_SHORT_BUILDING,NET_DOWN,LONG_LIQUIDATION_SHORT_BUILDING
2024-02-20,2027.5,212.3703754138349,98840,48917,49923,0.3397435897435897,-1802.0,-17549.0,15747.0,-0.017905049581685577,-0.2640297294857521,0.4607619382022472,LONG_LIQUIDATION_SHORT_COVERING,NET_UP,LONG_LIQUIDATION_SHORT_COVERING
2024-02-27,2034.0,213.05121755449582,103885,47732,56153,0.4038461538461538,5045.0,-1185.0,6230.0,0.05104208822339134,-0.024224707157021075,0.12479217995713399,LONG_BUILDING_SHORT_COVERING,NET_UP,LONG_BUILDING_SHORT_COVERING
2024-03-05,2133.5,223.47333955384303,145106,35343,109763,0.9102564102564102,41221.0,-12389.0,53610.0,0.39679453241565193,-0.2595533394787564,0.9547130162235321,LONG_BUILDING_SHORT_COVERING,NET_UP,LONG_BUILDING_SHORT_COVERING
2024-03-12,2160.39990234375,226.29096833773337,173994,32911,141083,0.9807692307692308,28888.0,-2432.0,31320.0,0.19908205036318277,-0.06881136292900998,0.285342055155198,LONG_BUILDING_SHORT_COVERING,NET_UP,LONG_BUILDING_SHORT_COVERING
2024-03-19,2156.300048828125,225.86152940789123,172588,29692,142896,0.9871794871794872,-1406.0,-3219.0,1813.0,-0.008080738416267228,-0.09780924311020632,0.012850591495786169,LONG_LIQUIDATION_SHORT_COVERING,NET_UP,LONG_LIQUIDATION_SHORT_COVERING
2024-03-26,2175.60009765625,227.88311195542968,163006,27211,135795,0.9615384615384616,-9582.0,-2481.0,-7101.0,-0.05551950309407375,-0.08355786070321972,-0.049693483372522676,LONG_LIQUIDATION_SHORT_COVERING,NET_DOWN,LONG_LIQUIDATION_SHORT_COVERING
2024-04-02,2261.0,236.82832000526793,173073,25993,147080,0.9935897435897436,10067.0,-1218.0,11285.0,0.06175846287866704,-0.0447613097644335,0.08310320704002357,LONG_BUILDING_SHORT_COVERING,NET_UP,LONG_BUILDING_SHORT_COVERING
2024-04-09,2343.5,245.4697779444252,174617,32885,141732,0.967948717948718,1544.0,6892.0,-5348.0,0.008921091100287161,0.2651483091601585,-0.0363611639923851,LONG_BUILDING_SHORT_BUILDING,NET_DOWN,LONG_BUILDING_SHORT_BUILDING
2024-04-16,2390.800048828125,250.42421894404131,169910,35174,134736,0.9423076923076924,-4707.0,2289.0,-6996.0,-0.02695613829123167,0.06960620343621712,-0.04936076538819744,LONG_LIQUIDATION_SHORT_BUILDING,NET_DOWN,LONG_LIQUIDATION_SHORT_BUILDING
2024-04-23,2327.699951171875,243.81480270339642,176400,34261,142139,0.967948717948718,6490.0,-913.0,7403.0,0.038196692366547,-0.025956672542218683,0.054944484028025174,LONG_BUILDING_SHORT_COVERING,NET_UP,LONG_BUILDING_SHORT_COVERING
2024-04-30,2291.39990234375,240.01255609566797,171853,36826,135027,0.935897435897436,-4547.0,2565.0,-7112.0,-0.025776643990929705,0.07486646624441785,-0.05003552860228368,LONG_LIQUIDATION_SHORT_BUILDING,NET_DOWN,LONG_LIQUIDATION_SHORT_BUILDING
2024-05-07,2315.199951171875,242.5054908944332,164780,38681,126099,0.9166666666666666,-7073.0,1855.0,-8928.0,-0.04115726813032068,0.050372019768641724,-0.06612010931147104,LONG_LIQUIDATION_SHORT_BUILDING,NET_DOWN,LONG_LIQUIDATION_SHORT_BUILDING
2024-05-14,2353.39990234375,246.50674266812555,171868,41433,130435,0.9230769230769232,7088.0,2752.0,4336.0,0.043014928996237406,0.07114604069181252,0.034385681091840536,LONG_BUILDING_SHORT_BUILDING,NET_UP,LONG_BUILDING_SHORT_BUILDING
2024-05-21,2421.699951171875,253.66082750679988,190605,42082,148523,0.9935897435897436,18737.0,649.0,18088.0,0.1090197128028487,0.01566384283059397,0.13867443554260742,LONG_BUILDING_SHORT_BUILDING,NET_UP,LONG_BUILDING_SHORT_BUILDING
2024-05-28,2355.199951171875,246.6952886831155,174444,25616,148828,1.0,-16161.0,-16466.0,305.0,-0.08478791217439206,-0.39128368423554016,0.0020535539950041408,LONG_LIQUIDATION_SHORT_COVERING,NET_UP,LONG_LIQUIDATION_SHORT_COVERING
2024-06-04,2325.5,243.58436893951816,172560,20261,152299,1.0,-1884.0,-5355.0,3471.0,-0.010800027515993672,-0.20904903185509058,0.023322224312629345,LONG_LIQUIDATION_SHORT_COVERING,NET_UP,LONG_LIQUIDATION_SHORT_COVERING
2024-06-11,2307.5,241.69895993461114,168424,15459,152965,1.0,-4136.0,-4802.0,666.0,-0.023968474733426056,-0.23700705789447707,0.004372976841607627,LONG_LIQUIDATION_SHORT_COVERING,NET_UP,LONG_LIQUIDATION_SHORT_COVERING
2024-06-18,2330.39990234375,244.09760893963326,177639,17018,160621,1.0,9215.0,1559.0,7656.0,0.05471310502066214,0.1008474028074261,0.05005066518484621,LONG_BUILDING_SHORT_BUILDING,NET_UP,LONG_BUILDING_SHORT_BUILDING
2024-06-25,2316.60009765625,242.65214916053486,174756,16554,158202,0.9935897435897436,-2883.0,-464.0,-2419.0,-0.016229544187931703,-0.027265248560347868,-0.015060297221409405,LONG_LIQUIDATION_SHORT_COVERING,NET_DOWN,LONG_LIQUIDATION_SHORT_COVERING
2024-07-02,2323.0,243.32250657772553,167688,16873,150815,0.9743589743589745,-7068.0,319.0,-7387.0,-0.04044496326306393,0.019270267004953486,-0.04669346784490715,LONG_LIQUIDATION_SHORT_BUILDING,NET_DOWN,LONG_LIQUIDATION_SHORT_BUILDING
2024-07-09,2360.10009765625,247.20855425572688,181982,24515,157467,0.9871794871794872,14294.0,7642.0,6652.0,0.08524163923476934,0.4529129378296687,0.044107018532639326,LONG_BUILDING_SHORT_BUILDING,NET_UP,LONG_BUILDING_SHORT_BUILDING
2024-07-16,2462.39990234375,257.9239416422849,216502,31970,184532,1.0,34520.0,7455.0,27065.0,0.18968909012979307,0.3040995308994493,0.17187728222421206,LONG_BUILDING_SHORT_BUILDING,NET_UP,LONG_BUILDING_SHORT_BUILDING
2024-07-23,2404.60009765625,251.86970429563598,197802,34942,162860,0.9935897435897436,-18700.0,2972.0,-21672.0,-0.08637333604308506,0.09296215201751643,-0.11744304510870743,LONG_LIQUIDATION_SHORT_BUILDING,NET_DOWN,LONG_LIQUIDATION_SHORT_BUILDING
2024-07-30,2405.0,251.9115920445243,185586,33222,152364,0.9615384615384616,-12216.0,-1720.0,-10496.0,-0.06175872842539509,-0.04922442905386069,-0.06444799214048877,LONG_LIQUIDATION_SHORT_COVERING,NET_DOWN,LONG_LIQUIDATION_SHORT_COVERING
2024-08-06,2389.10009765625,250.24615765252153,180303,29517,150786,0.9423076923076924,-5283.0,-3705.0,-1578.0,-0.028466586919271928,-0.11152248510023478,-0.01035677719146255,LONG_LIQUIDATION_SHORT_COVERING,NET_DOWN,LONG_LIQUIDATION_SHORT_COVERING
2024-08-13,2466.699951171875,258.3743500190675,203844,25929,177915,0.9935897435897436,23541.0,-3588.0,27129.0,0.13056355135521872,-0.12155706880780567,0.1799172336954359,LONG_BUILDING_SHORT_COVERING,NET_UP,LONG_BUILDING_SHORT_COVERING
2024-08-20,2511.300048828125,263.04598478244674,222142,28837,193305,1.0,18298.0,2908.0,15390.0,0.0897647220423461,0.1121524162135061,0.08650198128319703,LONG_BUILDING_SHORT_BUILDING,NET_UP,LONG_BUILDING_SHORT_BUILDING
2024-08-27,2516.0,263.5382809081177,217976,17685,200291,1.0,-4166.0,-11152.0,6986.0,-0.018753770111010076,-0.386725387522974,0.03613977910555857,LONG_LIQUIDATION_SHORT_COVERING,NET_UP,LONG_LIQUIDATION_SHORT_COVERING
2024-09-03,2489.89990234375,260.80442762200397,212086,19996,192090,0.9871794871794872,-5890.0,2311.0,-8201.0,-0.027021323448453042,0.13067571388182075,-0.04094542440748711,LONG_LIQUIDATION_SHORT_BUILDING,NET_DOWN,LONG_LIQUIDATION_SHORT_BUILDING
2024-09-10,2512.300048828125,263.1507297271638,213645,23190,190455,0.9807692307692308,1559.0,3194.0,-1635.0,0.007350791659986987,0.15973194638927785,-0.008511635171013587,LONG_BUILDING_SHORT_BUILDING,NET_DOWN,LONG_BUILDING_SHORT_BUILDING
2024-09-17,2564.300048828125,268.59746685245085,241844,25489,216355,1.0,28199.0,2299.0,25900.0,0.13198998338365045,0.09913755929279862,0.13599012890184034,LONG_BUILDING_SHORT_BUILDING,NET_UP,LONG_BUILDING_SHORT_BUILDING
2024-09-24,2651.199951171875,277.69979231936463,256435,37406,219029,1.0,14591.0,11917.0,2674.0,0.060332280312929,0.4675350151045549,0.012359316863488248,LONG_BUILDING_SHORT_BUILDING,NET_UP,LONG_BUILDING_SHORT_BUILDING
2024-10-01,2667.300048828125,279.3861961583078,247867,33405,214462,0.9871794871794872,-8568.0,-4001.0,-4567.0,-0.03341197574434067,-0.10696145003475378,-0.02085112017130152,LONG_LIQUIDATION_SHORT_COVERING,NET_DOWN,LONG_LIQUIDATION_SHORT_COVERING
2024-10-08,2615.0,273.9080304351064,227596,33537,194059,0.9743589743589745,-20271.0,132.0,-20403.0,-0.08178176199332707,0.003951504265828468,-0.09513573500200502,LONG_LIQUIDATION_SHORT_BUILDING,NET_DOWN,LONG_LIQUIDATION_SHORT_BUILDING
2024-10-15,2661.39990234375,278.7681856409794,233871,34450,199421,0.9743589743589745,6275.0,913.0,5362.0,0.02757078331780875,0.027223663416525032,0.027630772084778342,LONG_BUILDING_SHORT_BUILDING,NET_UP,LONG_BUILDING_SHORT_BUILDING
2024-10-22,2744.199951171875,287.44107217805106,242427,37267,205160,0.9807692307692308,8556.0,2817.0,5739.0,0.03658427081596265,0.08177068214804063,0.028778313216762528,LONG_BUILDING_SHORT_BUILDING,NET_UP,LONG_BUILDING_SHORT_BUILDING
2024-10-29,2768.39990234375,289.9758947257046,234856,39683,195173,0.9615384615384616,-7571.0,2416.0,-9987.0,-0.031230019758525247,0.06482947379719323,-0.048679079742639894,LONG_LIQUIDATION_SHORT_BUILDING,NET_DOWN,LONG_LIQUIDATION_SHORT_BUILDING
2024-11-05,2740.300048828125,287.03257712265304,219687,36684,183003,0.9230769230769232,-15169.0,-2999.0,-12170.0,-0.06458851381271928,-0.07557392334248923,-0.062354936389767024,LONG_LIQUIDATION_SHORT_COVERING,NET_DOWN,LONG_LIQUIDATION_SHORT_COVERING
2024-11-12,2600.0,272.33685626435056,203661,38365,165296,0.9102564102564102,-16026.0,1681.0,-17707.0,-0.07294924142074861,0.045823792389052445,-0.0967579766451916,LONG_LIQUIDATION_SHORT_BUILDING,NET_DOWN,LONG_LIQUIDATION_SHORT_BUILDING
2024-11-19,2627.10009765625,275.1754544951813,193355,38181,155174,0.8782051282051282,-10306.0,-184.0,-10122.0,-0.05060369928459548,-0.004796038055519354,-0.06123560158745523,LONG_LIQUIDATION_SHORT_COVERING,NET_DOWN,LONG_LIQUIDATION_SHORT_COVERING
2024-11-26,2620.300048828125,274.4631837566061,203596,24306,179290,0.9166666666666666,10241.0,-13875.0,24116.0,0.05296475394998836,-0.3634006442995207,0.15541263355974583,LONG_BUILDING_SHORT_COVERING,NET_UP,LONG_BUILDING_SHORT_COVERING
2024-12-03,2644.699951171875,277.0189501787038,203580,22845,180735,0.9166666666666666,-16.0,-1461.0,1445.0,-7.858700563861765e-05,-0.06010861515675142,0.008059568297172179,LONG_LIQUIDATION_SHORT_COVERING,NET_UP,LONG_LIQUIDATION_SHORT_COVERING
2024-12-10,2697.60009765625,282.5599730977339,218482,22404,196078,0.9615384615384616,14902.0,-441.0,15343.0,0.07319972492386286,-0.019304005252790545,0.08489224555288129,LONG_BUILDING_SHORT_COVERING,NET_UP,LONG_BUILDING_SHORT_COVERING
2024-12-17,2644.39990234375,276.9875215807894,201880,18378,183502,0.9166666666666666,-16602.0,-4026.0,-12576.0,-0.07598795324099926,-0.17970005356186394,-0.06413774110303043,LONG_LIQUIDATION_SHORT_COVERING,NET_DOWN,LONG_LIQUIDATION_SHORT_COVERING
2024-12-24,2620.0,274.4317551586917,186099,20602,165497,0.8846153846153846,-15781.0,2224.0,-18005.0,-0.07817020011888251,0.12101425617586245,-0.09811882159322514,LONG_LIQUIDATION_SHORT_BUILDING,NET_DOWN,LONG_LIQUIDATION_SHORT_BUILDING
2024-12-31,2629.199951171875,275.3954035355894,182128,15959,166169,0.8846153846153846,-3971.0,-4643.0,672.0,-0.021338104987130506,-0.22536646927482767,0.004060496564892415,LONG_LIQUIDATION_SHORT_COVERING,NET_UP,LONG_LIQUIDATION_SHORT_COVERING
2025-01-07,2656.699951171875,278.2758895153085,191873,14232,177641,0.8846153846153846,9745.0,-1727.0,11472.0,0.05350632522182201,-0.10821480042609186,0.06903814790965825,LONG_BUILDING_SHORT_COVERING,NET_UP,LONG_BUILDING_SHORT_COVERING
2025-01-14,2677.5,280.45458947992256,206968,11346,195622,0.9551282051282052,15095.0,-2886.0,17981.0,0.07867182980408917,-0.20278246205733558,0.10122100190834322,LONG_BUILDING_SHORT_COVERING,NET_UP,LONG_BUILDING_SHORT_COVERING
2025-01-21,2755.0,288.57232269549456,226964,11095,215869,0.9871794871794872,19996.0,-251.0,20247.0,0.0966139693092652,-0.022122333862154064,0.10350062876363599,LONG_BUILDING_SHORT_COVERING,NET_UP,LONG_BUILDING_SHORT_COVERING
2025-01-28,2766.800048828125,289.8083181576551,227871,17331,210540,0.9743589743589745,907.0,6236.0,-5329.0,0.003996228476762835,0.5620549797205948,-0.02468626806072201,LONG_BUILDING_SHORT_BUILDING,NET_DOWN,LONG_BUILDING_SHORT_BUILDING
2025-02-04,2853.300048828125,298.86875587568056,240485,30952,209533,0.967948717948718,12614.0,13621.0,-1007.0,0.05535588117838602,0.7859327217125383,-0.004782939108957918,LONG_BUILDING_SHORT_BUILDING,NET_DOWN,LONG_BUILDING_SHORT_BUILDING
2025-02-11,2912.5,305.06965148843113,229071,34268,194803,0.9230769230769232,-11414.0,3316.0,-14730.0,-0.04746241969353598,0.1071336262600155,-0.07029918914920323,LONG_LIQUIDATION_SHORT_BUILDING,NET_DOWN,LONG_LIQUIDATION_SHORT_BUILDING
2025-02-18,2931.60009765625,307.07029016152546,222538,37209,185329,0.8910256410256411,-6533.0,2941.0,-9474.0,-0.028519541976068555,0.08582350881288665,-0.04863374794022679,LONG_LIQUIDATION_SHORT_BUILDING,NET_DOWN,LONG_LIQUIDATION_SHORT_BUILDING
2025-02-25,2904.5,304.2316919306947,212694,32882,179812,0.8589743589743589,-9844.0,-4327.0,-5517.0,-0.04423514186341209,-0.11628906984869251,-0.02976868164183695,LONG_LIQUIDATION_SHORT_COVERING,NET_DOWN,LONG_LIQUIDATION_SHORT_COVERING
2025-03-04,2909.60009765625,304.7659013777502,204965,38307,166658,0.8333333333333334,-7729.0,5425.0,-13154.0,-0.03633858971104027,0.1649838817590171,-0.07315418325806954,LONG_LIQUIDATION_SHORT_BUILDING,NET_DOWN,LONG_LIQUIDATION_SHORT_BUILDING
2025-03-11,2912.89990234375,305.11153923731945,204907,37331,167576,0.8333333333333334,-58.0,-976.0,918.0,-0.0002829751420974313,-0.02547837209909416,0.005508286430894406,LONG_LIQUIDATION_SHORT_COVERING,NET_UP,LONG_LIQUIDATION_SHORT_COVERING
2025-03-18,3035.10009765625,317.911391939741,220879,37045,183834,0.8782051282051282,15972.0,-286.0,16258.0,0.07794755669645254,-0.007661193110283678,0.09701866615744498,LONG_BUILDING_SHORT_COVERING,NET_UP,LONG_BUILDING_SHORT_COVERING
2025-03-25,3023.699951171875,316.7172842264688,213505,38773,174732,0.8269230769230769,-7374.0,1728.0,-9102.0,-0.03338479438968847,0.046645971116210015,-0.04951205979307419,LONG_LIQUIDATION_SHORT_BUILDING,NET_DOWN,LONG_LIQUIDATION_SHORT_BUILDING
2025-04-01,3118.89990234375,326.6889978490334,204833,62834,141999,0.6923076923076923,-8672.0,24061.0,-32733.0,-0.04061731575372942,0.6205606994558068,-0.18733260078291325,LONG_LIQUIDATION_SHORT_BUILDING,NET_DOWN,LONG_LIQUIDATION_SHORT_BUILDING
2025-04-08,2968.39990234375,310.92488366911624,175393,44407,130986,0.6538461538461539,-29440.0,-18427.0,-11013.0,-0.14372684088989568,-0.29326479294649394,-0.07755688420340988,LONG_LIQUIDATION_SHORT_COVERING,NET_DOWN,LONG_LIQUIDATION_SHORT_COVERING
2025-04-15,3218.699951171875,337.14254844629505,168400,43546,124854,0.6346153846153846,-6993.0,-861.0,-6132.0,-0.03987046233316039,-0.01938883509356633,-0.046814163345701064,LONG_LIQUIDATION_SHORT_COVERING,NET_DOWN,LONG_LIQUIDATION_SHORT_COVERING
2025-04-22,3400.800048828125,356.2166131082698,166360,45458,120902,0.6282051282051282,-2040.0,1912.0,-3952.0,-0.012114014251781473,0.04390759197170808,-0.03165297066974226,LONG_LIQUIDATION_SHORT_BUILDING,NET_DOWN,LONG_LIQUIDATION_SHORT_BUILDING
2025-04-29,3318.800048828125,347.62752764147103,150715,44820,105895,0.5576923076923077,-15645.0,-638.0,-15007.0,-0.09404303919211349,-0.014034933345065776,-0.12412532464309937,LONG_LIQUIDATION_SHORT_COVERING,NET_DOWN,LONG_LIQUIDATION_SHORT_COVERING
2025-05-06,3411.39990234375,357.3268941787728,144383,42292,102091,0.5256410256410257,-6332.0,-2528.0,-3804.0,-0.04201307102809939,-0.05640339134315038,-0.03592237593842958,LONG_LIQUIDATION_SHORT_COVERING,NET_DOWN,LONG_LIQUIDATION_SHORT_COVERING
2025-05-13,3240.300048828125,339.405049481182,144410,43183,101227,0.5192307692307693,27.0,891.0,-864.0,0.00018700262496277264,0.02106781424382862,-0.008463037877971613,LONG_BUILDING_SHORT_BUILDING,NET_DOWN,LONG_BUILDING_SHORT_BUILDING
2025-05-20,3280.300048828125,343.5948472698643,149149,41520,107629,0.5641025641025641,4739.0,-1663.0,6402.0,0.03281628696073679,-0.038510524975105945,0.06324399616703054,LONG_BUILDING_SHORT_COVERING,NET_UP,LONG_BUILDING_SHORT_COVERING
2025-05-27,3299.10009765625,345.56405734504426,147502,36686,110816,0.5961538461538461,-1647.0,-4834.0,3187.0,-0.011042648626541245,-0.11642581888246628,0.02961097845376246,LONG_LIQUIDATION_SHORT_COVERING,NET_UP,LONG_LIQUIDATION_SHORT_COVERING
2025-06-03,3350.199951171875,350.91650867658814,159966,36384,123582,0.6282051282051282,12464.0,-302.0,12766.0,0.08450054914509633,-0.008232023115084773,0.11519997112330349,LONG_BUILDING_SHORT_COVERING,NET_UP,LONG_BUILDING_SHORT_COVERING
2025-06-10,3320.89990234375,347.8474766818791,160680,36589,124091,0.6282051282051282,714.0,205.0,509.0,0.004463448482802596,0.0056343447669305186,0.004118722791345018,LONG_BUILDING_SHORT_BUILDING,NET_UP,LONG_BUILDING_SHORT_BUILDING
2025-06-17,3386.60009765625,354.7292400077868,167646,37135,130511,0.6474358974358975,6966.0,546.0,6420.0,0.04335324869305452,0.014922517696575474,0.05173622583426679,LONG_BUILDING_SHORT_BUILDING,NET_UP,LONG_BUILDING_SHORT_BUILDING
2025-06-24,3317.39990234375,347.48086937536937,163829,38701,125128,0.6282051282051282,-3817.0,1566.0,-5383.0,-0.022768213974684752,0.042170459135586376,-0.04124556550788822,LONG_LIQUIDATION_SHORT_BUILDING,NET_DOWN,LONG_LIQUIDATION_SHORT_BUILDING
2025-07-01,3336.699951171875,349.5024519229079,165086,34726,130360,0.6346153846153846,1257.0,-3975.0,5232.0,0.0076726342710997444,-0.1027105242758585,0.04181318330030049,LONG_BUILDING_SHORT_COVERING,NET_UP,LONG_BUILDING_SHORT_COVERING
2025-07-08,3307.0,346.3915321793105,164685,35743,128942,0.6282051282051282,-401.0,1017.0,-1418.0,-0.0024290369867826468,0.029286413638196163,-0.010877569806689169,LONG_LIQUIDATION_SHORT_BUILDING,NET_DOWN,LONG_LIQUIDATION_SHORT_BUILDING
2025-07-15,3329.800048828125,348.7797220333587,172657,35930,136727,0.6730769230769231,7972.0,187.0,7785.0,0.04840756595925555,0.005231793637915116,0.060375983000108574,LONG_BUILDING_SHORT_BUILDING,NET_UP,LONG_BUILDING_SHORT_BUILDING
2025-07-22,3439.199951171875,360.2388087564063,194753,34819,159934,0.7756410256410257,22096.0,-1111.0,23207.0,0.12797627666413758,-0.030921235736153633,0.16973238643428146,LONG_BUILDING_SHORT_COVERING,NET_UP,LONG_BUILDING_SHORT_COVERING
2025-07-29,3323.39990234375,348.10933904367175,170918,36662,134256,0.6410256410256411,-23835.0,1843.0,-25678.0,-0.1223857912329977,0.052930871076136594,-0.16055372841297036,LONG_LIQUIDATION_SHORT_BUILDING,NET_DOWN,LONG_LIQUIDATION_SHORT_BUILDING
2025-08-05,3381.89990234375,354.2369183096196,186304,32317,153987,0.75,15386.0,-4345.0,19731.0,0.09001977556489077,-0.11851508373793028,0.14696549874865927,LONG_BUILDING_SHORT_COVERING,NET_UP,LONG_BUILDING_SHORT_COVERING
2025-08-12,3348.89990234375,350.7803351339567,182337,34050,148287,0.6987179487179487,-3967.0,1733.0,-5700.0,-0.021293155273102028,0.053625027075533,-0.03701611174969316,LONG_LIQUIDATION_SHORT_BUILDING,NET_DOWN,LONG_LIQUIDATION_SHORT_BUILDING
2025-08-19,3313.39990234375,347.06188959650115,173388,36003,137385,0.6538461538461539,-8949.0,1953.0,-10902.0,-0.04907945178433341,0.0573568281938326,-0.07351959376074774,LONG_LIQUIDATION_SHORT_BUILDING,NET_DOWN,LONG_LIQUIDATION_SHORT_BUILDING
2025-08-26,3388.60009765625,354.9387298972209,175494,33577,141917,0.6666666666666666,2106.0,-2426.0,4532.0,0.012146169285071631,-0.06738327361608755,0.0329875896204098,LONG_BUILDING_SHORT_COVERING,NET_UP,LONG_BUILDING_SHORT_COVERING
2025-09-02,3549.39990234375,371.78169654972686,196127,34625,161502,0.782051282051282,20633.0,1048.0,19585.0,0.11757097108733063,0.03121184143908032,0.13800319905296757,LONG_BUILDING_SHORT_BUILDING,NET_UP,LONG_BUILDING_SHORT_BUILDING
2025-09-09,3643.300048828125,381.6172622021563,198907,35388,163519,0.7884615384615384,2780.0,763.0,2017.0,0.014174488979079882,0.02203610108303249,0.0124890094240319,LONG_BUILDING_SHORT_BUILDING,NET_UP,LONG_BUILDING_SHORT_BUILDING
2025-09-16,3688.89990234375,386.39361633775644,195347,36376,158971,0.7564102564102564,-3560.0,988.0,-4548.0,-0.017897811540066463,0.02791906861082853,-0.027813281636996312,LONG_LIQUIDATION_SHORT_BUILDING,NET_DOWN,LONG_LIQUIDATION_SHORT_BUILDING
2025-09-23,3780.60009765625,395.99874822630767,198826,38277,160549,0.7628205128205128,3479.0,1901.0,1578.0,0.017809334159214117,0.052259731691224984,0.00992633876619006,LONG_BUILDING_SHORT_BUILDING,NET_UP,LONG_BUILDING_SHORT_BUILDING
2025-09-30,3840.800048828125,402.3043887837753,184199,38972,145227,0.6602564102564102,-14627.0,695.0,-15322.0,-0.07356683733515737,0.018157117851451264,-0.0954350385240643,LONG_LIQUIDATION_SHORT_BUILDING,NET_DOWN,LONG_LIQUIDATION_SHORT_BUILDING
2025-10-07,3976.60009765625,416.528757390851,170587,40828,129759,0.5512820512820513,-13612.0,1856.0,-15468.0,-0.07389833821030516,0.04762393513291594,-0.10650912020492058,LONG_LIQUIDATION_SHORT_BUILDING,NET_DOWN,LONG_LIQUIDATION_SHORT_BUILDING
2025-10-14,4138.7001953125,433.5079231584846,152187,43877,108310,0.4423076923076923,-18400.0,3049.0,-21449.0,-0.10786285004132788,0.07467914176545508,-0.1652987461370695,LONG_LIQUIDATION_SHORT_BUILDING,NET_DOWN,LONG_LIQUIDATION_SHORT_BUILDING
2025-10-21,4087.699951171875,428.16590540541836,135503,43276,92227,0.3397435897435897,-16684.0,-601.0,-16083.0,-0.10962828625309652,-0.013697381315951409,-0.14849044409565137,LONG_LIQUIDATION_SHORT_COVERING,NET_DOWN,LONG_LIQUIDATION_SHORT_COVERING
2025-10-28,3966.199951171875,415.4393946222958,138605,34446,104159,0.4038461538461538,3102.0,-8830.0,11932.0,0.022892482085267486,-0.20403919031333764,0.1293764298958006,LONG_BUILDING_SHORT_COVERING,NET_UP,LONG_BUILDING_SHORT_COVERING
2025-11-04,3947.699951171875,413.50161314503026,130688,30143,100545,0.3653846153846153,-7917.0,-4303.0,-3614.0,-0.057119151545759535,-0.1249201648957789,-0.03469695369579201,LONG_LIQUIDATION_SHORT_COVERING,NET_DOWN,LONG_LIQUIDATION_SHORT_COVERING
2025-11-10,4111.7998046875,430.69024322960166,134155,30068,104087,0.3974358974358974,3467.0,-75.0,3542.0,0.026528832027424093,-0.002488139866635703,0.035228007359888604,LONG_BUILDING_SHORT_COVERING,NET_UP,LONG_BUILDING_SHORT_COVERING
2025-11-18,4061.300048828125,425.4006490938865,130222,32017,98205,0.3461538461538461,-3933.0,1949.0,-5882.0,-0.02931683500428609,0.06481974191831848,-0.05651041916858013,LONG_LIQUIDATION_SHORT_BUILDING,NET_DOWN,LONG_LIQUIDATION_SHORT_BUILDING
2025-11-25,4139.2001953125,433.56029563084314,136979,27670,109309,0.4487179487179487,6757.0,-4347.0,11104.0,0.05188831380258328,-0.13577162132617046,0.11306959930757089,LONG_BUILDING_SHORT_COVERING,NET_UP,LONG_BUILDING_SHORT_COVERING
2025-12-02,4186.60009765625,438.5251957814331,140143,19819,120324,0.5,3164.0,-7851.0,11015.0,0.0230984311463801,-0.28373689916877487,0.10076937855071404,LONG_BUILDING_SHORT_COVERING,NET_UP,LONG_BUILDING_SHORT_COVERING
2025-12-09,4206.7001953125,440.6305793992445,143383,19835,123548,0.5064102564102564,3240.0,16.0,3224.0,0.023119242488030083,0.0008073061203895252,0.026794321997274027,LONG_BUILDING_SHORT_BUILDING,NET_UP,LONG_BUILDING_SHORT_BUILDING
2025-12-16,4304.5,450.8746145345758,152873,20277,132596,0.5769230769230769,9490.0,442.0,9048.0,0.06618636797946759,0.022283841693975296,0.07323469420791918,LONG_BUILDING_SHORT_BUILDING,NET_UP,LONG_BUILDING_SHORT_BUILDING
2025-12-23,4482.7998046875,469.5506177196302,160581,24311,136270,0.6025641025641025,7708.0,4034.0,3674.0,0.05042093764104845,0.1989446170538048,0.027708226492503544,LONG_BUILDING_SHORT_BUILDING,NET_UP,LONG_BUILDING_SHORT_BUILDING
2025-12-30,4370.10009765625,457.7458931370133,148642,22602,126040,0.5192307692307693,-11939.0,-1709.0,-10230.0,-0.07434877102521469,-0.07029739624038502,-0.07507154913040287,LONG_LIQUIDATION_SHORT_COVERING,NET_DOWN,LONG_LIQUIDATION_SHORT_COVERING
2026-01-06,4482.2001953125,469.48781166879394,146445,23232,123213,0.4807692307692308,-2197.0,630.0,-2827.0,-0.014780479272345637,0.02787363950092912,-0.022429387496033005,LONG_LIQUIDATION_SHORT_BUILDING,NET_DOWN,LONG_LIQUIDATION_SHORT_BUILDING
2026-01-13,4589.2001953125,480.6955207535192,158825,24080,134745,0.5833333333333334,12380.0,848.0,11532.0,0.08453685684045205,0.03650137741046832,0.0935940201115142,LONG_BUILDING_SHORT_BUILDING,NET_UP,LONG_BUILDING_SHORT_BUILDING
2026-01-20,4759.60009765625,498.54404910430736,163668,26224,137444,0.6153846153846154,4843.0,2144.0,2699.0,0.03049268062332756,0.08903654485049833,0.02003042784518906,LONG_BUILDING_SHORT_BUILDING,NET_UP,LONG_BUILDING_SHORT_BUILDING
2026-01-27,5079.89990234375,532.093834439184,143321,25162,118159,0.4487179487179487,-20347.0,-1062.0,-19285.0,-0.12431874282083241,-0.04049725442342892,-0.140311690579436,LONG_LIQUIDATION_SHORT_COVERING,NET_DOWN,LONG_LIQUIDATION_SHORT_COVERING
2026-02-03,4903.7001953125,513.6378058670339,118936,26864,92072,0.2435897435897435,-24385.0,1702.0,-26087.0,-0.17014254714940588,0.06764168190127971,-0.22077878113389585,LONG_LIQUIDATION_SHORT_BUILDING,NET_DOWN,LONG_LIQUIDATION_SHORT_BUILDING
2026-02-10,5003.7998046875,524.1227339172174,119232,27210,92022,0.2371794871794871,296.0,346.0,-50.0,0.0024887334364700345,0.012879690291840381,-0.000543053262664002,LONG_BUILDING_SHORT_BUILDING,NET_DOWN,LONG_BUILDING_SHORT_BUILDING
2026-02-17,4882.89990234375,511.45908032992355,123011,27118,95893,0.2756410256410256,3779.0,-92.0,3871.0,0.031694511540526035,-0.0033811098860712973,0.04206602768903089,LONG_BUILDING_SHORT_COVERING,NET_UP,LONG_BUILDING_SHORT_COVERING
2026-02-24,5155.7998046875,540.0439655142102,121233,25259,95974,0.2756410256410256,-1778.0,-1859.0,81.0,-0.01445399191942184,-0.0685522531160115,0.0008446914790443516,LONG_LIQUIDATION_SHORT_COVERING,NET_UP,LONG_LIQUIDATION_SHORT_COVERING
2026-03-03,5107.39990234375,534.9743204189031,123456,25539,97917,0.2756410256410256,2223.0,280.0,1943.0,0.018336591522110316,0.011085157765548912,0.020245066372142455,LONG_BUILDING_SHORT_BUILDING,NET_UP,LONG_BUILDING_SHORT_BUILDING
2026-03-10,5229.7001953125,547.7846578447948,125077,26678,98399,0.282051282051282,1621.0,1139.0,482.0,0.013130184033177813,0.044598457261443285,0.004922536433918523,LONG_BUILDING_SHORT_BUILDING,NET_UP,LONG_BUILDING_SHORT_BUILDING
2026-03-17,5001.0,523.8294685300066,130147,28104,102043,0.3012820512820512,5070.0,1426.0,3644.0,0.040535030421260505,0.053452282779818575,0.03703289667577923,LONG_BUILDING_SHORT_BUILDING,NET_UP,LONG_BUILDING_SHORT_BUILDING
2026-03-24,4399.2998046875,460.8044148357559,119562,27941,91621,0.2051282051282051,-10585.0,-163.0,-10422.0,-0.08133111020615151,-0.005799886137204668,-0.10213341434493302,LONG_LIQUIDATION_SHORT_COVERING,NET_DOWN,LONG_LIQUIDATION_SHORT_COVERING
2026-03-31,4647.60009765625,486.81261529599686,120092,27278,92814,0.2307692307692307,530.0,-663.0,1193.0,0.00443284655659825,-0.023728570917290005,0.013021032296089325,LONG_BUILDING_SHORT_COVERING,NET_UP,LONG_BUILDING_SHORT_COVERING
2026-04-07,4657.10009765625,487.80769227080884,120726,30694,90032,0.2051282051282051,634.0,3416.0,-2782.0,0.005279285880824701,0.1252291223696752,-0.029973926347318294,LONG_BUILDING_SHORT_BUILDING,NET_DOWN,LONG_BUILDING_SHORT_BUILDING
2026-04-14,4825.0,505.3943582598044,125422,30281,95141,0.2564102564102564,4696.0,-413.0,5109.0,0.038898000430727435,-0.013455398449208315,0.05674649013684024,LONG_BUILDING_SHORT_COVERING,NET_UP,LONG_BUILDING_SHORT_COVERING
2026-04-21,4698.39990234375,492.1336380296264,123681,30705,92976,0.2435897435897435,-1741.0,424.0,-2165.0,-0.013881137280540894,0.014002179584557973,-0.022755699435574567,LONG_LIQUIDATION_SHORT_BUILDING,NET_DOWN,LONG_LIQUIDATION_SHORT_BUILDING
2026-04-28,4591.5,480.93641366837136,122257,32505,89752,0.2051282051282051,-1424.0,1800.0,-3224.0,-0.011513490350175046,0.05862237420615535,-0.03467561521252797,LONG_LIQUIDATION_SHORT_BUILDING,NET_DOWN,LONG_LIQUIDATION_SHORT_BUILDING
2026-05-05,4555.7998046875,477.19699868397544,123353,29099,94254,0.2692307692307692,1096.0,-3406.0,4502.0,0.00896472185641722,-0.10478387940316874,0.05016044210713967,LONG_BUILDING_SHORT_COVERING,NET_UP,LONG_BUILDING_SHORT_COVERING
2026-05-12,4677.60009765625,489.95496363750857,127242,29227,98015,0.3141025641025641,3889.0,128.0,3761.0,0.031527405089458706,0.004398776590260833,0.0399028157956161,LONG_BUILDING_SHORT_BUILDING,NET_UP,LONG_BUILDING_SHORT_BUILDING
2026-05-19,4506.2998046875,472.01212392048103,122894,29354,93540,0.2628205128205128,-4348.0,127.0,-4475.0,-0.03417110702441018,0.004345297156738632,-0.04565627710044381,LONG_LIQUIDATION_SHORT_BUILDING,NET_DOWN,LONG_LIQUIDATION_SHORT_BUILDING
2026-05-26,4500.39990234375,471.39413897564896,124277,26831,97446,0.3012820512820512,1383.0,-2523.0,3906.0,0.01125360066398685,-0.08595080738570553,0.04175753688261706,LONG_BUILDING_SHORT_COVERING,NET_UP,LONG_BUILDING_SHORT_COVERING
2026-06-02,4489.10009765625,470.2105415583432,129367,17188,112179,0.4294871794871794,5090.0,-9643.0,14733.0,0.04095689467882231,-0.35939771160225115,0.1511914290991934,LONG_BUILDING_SHORT_COVERING,NET_UP,LONG_BUILDING_SHORT_COVERING
2026-06-09,4260.0,446.21346449466665,126280,20417,105863,0.358974358974359,-3087.0,3229.0,-6316.0,-0.023862345111195282,0.1878636257854317,-0.05630287308676312,LONG_LIQUIDATION_SHORT_BUILDING,NET_DOWN,LONG_LIQUIDATION_SHORT_BUILDING
2026-06-16,4330.89990234375,453.63987084610756,128043,14322,113721,0.4294871794871794,1763.0,-6095.0,7858.0,0.01396103896103896,-0.29852573835529217,0.07422801167546735,LONG_BUILDING_SHORT_COVERING,NET_UP,LONG_BUILDING_SHORT_COVERING
2026-06-23,4172.89990234375,437.09016958081247,131102,15707,115395,0.4423076923076923,3059.0,1385.0,1674.0,0.023890411814780972,0.09670437089791928,0.014720236367953148,LONG_BUILDING_SHORT_BUILDING,NET_UP,LONG_BUILDING_SHORT_BUILDING
