factor,display_name,definition,definition_type,window_weeks,signal_column,forward_horizon,return_column,percentile_bucket,count,avg_forward_return,median_forward_return,win_rate,best_return,worst_return,max_drawdown_after_signal
mm_net,MM Net,52W percentile,percentile,52.0,mm_net_percentile_52w,1W,gold_return_1w,0-10,166,0.0020985841446715093,0.0022180854878649514,0.5542168674698795,0.08432153923414987,-0.12570918451764834,-0.12570918451764834
mm_net,MM Net,52W percentile,percentile,52.0,mm_net_percentile_52w,1W,gold_return_1w,10-20,97,0.001869835831673917,0.0026987948158914143,0.5360824742268041,0.05108125331038127,-0.08635005098425519,-0.08635005098425519
mm_net,MM Net,52W percentile,percentile,52.0,mm_net_percentile_52w,1W,gold_return_1w,20-30,76,0.0009411979284466094,0.002536281792133388,0.5526315789473685,0.08872708019648767,-0.12031597586732656,-0.12031597586732656
mm_net,MM Net,52W percentile,percentile,52.0,mm_net_percentile_52w,1W,gold_return_1w,30-40,57,0.0034430051181589525,0.005206039289523234,0.5964912280701754,0.048918387413962705,-0.05071641191914644,-0.05071641191914644
mm_net,MM Net,52W percentile,percentile,52.0,mm_net_percentile_52w,1W,gold_return_1w,40-50,69,0.005412582427698321,0.004963726613211206,0.6376811594202898,0.05459544383346415,-0.050276545080313984,-0.050276545080313984
mm_net,MM Net,52W percentile,percentile,52.0,mm_net_percentile_52w,1W,gold_return_1w,50-60,53,-0.0027488127025611787,-0.0011352659566263856,0.49056603773584906,0.06333708795450965,-0.06468940995295891,-0.06468940995295891
mm_net,MM Net,52W percentile,percentile,52.0,mm_net_percentile_52w,1W,gold_return_1w,60-70,55,0.001956337092105944,0.002774753420195175,0.6,0.06729552864015265,-0.0808871997749745,-0.0808871997749745
mm_net,MM Net,52W percentile,percentile,52.0,mm_net_percentile_52w,1W,gold_return_1w,70-80,46,0.0029420195179391635,0.005923008494745141,0.6521739130434783,0.03674110804078534,-0.05119879076312228,-0.05119879076312228
mm_net,MM Net,52W percentile,percentile,52.0,mm_net_percentile_52w,1W,gold_return_1w,80-90,65,-0.00035029205770999996,-0.004018232621777917,0.4461538461538462,0.04852944986968155,-0.03252582928082792,-0.03252582928082792
mm_net,MM Net,52W percentile,percentile,52.0,mm_net_percentile_52w,1W,gold_return_1w,90-100,138,0.0018632106562487011,0.001447274167444168,0.5217391304347826,0.05974783733921063,-0.05470318951103592,-0.05470318951103592
mm_net,MM Net,52W percentile,percentile,52.0,mm_net_percentile_52w,2W,gold_return_2w,0-10,166,0.004306455195760253,0.004283124335159205,0.5783132530120482,0.14566775391111086,-0.11954792056152808,-0.12570918451764834
mm_net,MM Net,52W percentile,percentile,52.0,mm_net_percentile_52w,2W,gold_return_2w,10-20,96,0.0014890477942555182,0.003665881069428223,0.5104166666666666,0.07523465643932004,-0.15878546754349454,-0.15878546754349454
mm_net,MM Net,52W percentile,percentile,52.0,mm_net_percentile_52w,2W,gold_return_2w,20-30,76,0.0050818151638324476,0.004922790882328942,0.5394736842105263,0.10944797529729877,-0.0742192818967865,-0.12031597586732656
mm_net,MM Net,52W percentile,percentile,52.0,mm_net_percentile_52w,2W,gold_return_2w,30-40,57,0.007619106421860994,0.0053367836580076045,0.5789473684210527,0.0775620034100104,-0.09645285117833136,-0.09645285117833136
mm_net,MM Net,52W percentile,percentile,52.0,mm_net_percentile_52w,2W,gold_return_2w,40-50,69,0.0074022475393425045,0.006126861556512431,0.6231884057971014,0.06864580846201851,-0.06682651925334737,-0.06682651925334737
mm_net,MM Net,52W percentile,percentile,52.0,mm_net_percentile_52w,2W,gold_return_2w,50-60,53,-0.0027767254731838713,-0.0007133992006019829,0.4339622641509434,0.10692488585101612,-0.07259206798866857,-0.07259206798866857
mm_net,MM Net,52W percentile,percentile,52.0,mm_net_percentile_52w,2W,gold_return_2w,60-70,55,0.007396066154333866,0.00904855328405696,0.6909090909090909,0.05192900491563801,-0.04944726404522781,-0.0808871997749745
mm_net,MM Net,52W percentile,percentile,52.0,mm_net_percentile_52w,2W,gold_return_2w,70-80,46,0.0010887481460085259,0.002680950761334122,0.5652173913043478,0.061428606039782174,-0.07137199495423874,-0.0808871997749745
mm_net,MM Net,52W percentile,percentile,52.0,mm_net_percentile_52w,2W,gold_return_2w,80-90,65,-0.00013950376754406826,-0.002838187137824577,0.4307692307692308,0.05828113591706785,-0.060829326789522464,-0.060829326789522464
mm_net,MM Net,52W percentile,percentile,52.0,mm_net_percentile_52w,2W,gold_return_2w,90-100,138,0.00350807556418879,4.063057058023567e-05,0.5,0.08557159261273517,-0.06736381073620279,-0.06736381073620279
mm_net,MM Net,52W percentile,percentile,52.0,mm_net_percentile_52w,4W,gold_return_4w,0-10,166,0.008221252369263628,0.005412779258347156,0.5843373493975904,0.14923865199234854,-0.14672796242247665,-0.15878546754349454
mm_net,MM Net,52W percentile,percentile,52.0,mm_net_percentile_52w,4W,gold_return_4w,10-20,95,0.0007203562781187454,0.001529757368372131,0.5157894736842106,0.10918967150622261,-0.13932848829941735,-0.15878546754349454
mm_net,MM Net,52W percentile,percentile,52.0,mm_net_percentile_52w,4W,gold_return_4w,20-30,75,0.012504714434878819,0.009255631773592121,0.6,0.1520099174022118,-0.10987044784366473,-0.12031597586732656
mm_net,MM Net,52W percentile,percentile,52.0,mm_net_percentile_52w,4W,gold_return_4w,30-40,57,0.016380692257819112,0.01214267689078019,0.631578947368421,0.1624218642195807,-0.0914714764560266,-0.11610471424735846
mm_net,MM Net,52W percentile,percentile,52.0,mm_net_percentile_52w,4W,gold_return_4w,40-50,69,0.01196872636376821,0.01230382219145576,0.5652173913043478,0.12471478775865297,-0.13647792390513236,-0.13647792390513236
mm_net,MM Net,52W percentile,percentile,52.0,mm_net_percentile_52w,4W,gold_return_4w,50-60,53,0.003724931218731501,0.0008338892934600661,0.5094339622641509,0.09136875324992033,-0.0892351274787535,-0.0892351274787535
mm_net,MM Net,52W percentile,percentile,52.0,mm_net_percentile_52w,4W,gold_return_4w,60-70,55,0.013933555041959889,0.013439754605372611,0.6727272727272727,0.09873497270336262,-0.07030730860202183,-0.0808871997749745
mm_net,MM Net,52W percentile,percentile,52.0,mm_net_percentile_52w,4W,gold_return_4w,70-80,46,0.002523165470325555,1.1398093079317828e-05,0.5,0.11402776925671065,-0.07716319545461392,-0.0808871997749745
mm_net,MM Net,52W percentile,percentile,52.0,mm_net_percentile_52w,4W,gold_return_4w,80-90,65,-0.0019548046448183147,-0.00608321441598636,0.38461538461538464,0.1133737255494327,-0.073624454142869,-0.073624454142869
mm_net,MM Net,52W percentile,percentile,52.0,mm_net_percentile_52w,4W,gold_return_4w,90-100,138,0.006288161640772157,0.004206642769195135,0.5507246376811594,0.14951136761868566,-0.09278442175562396,-0.09278442175562396
mm_net,MM Net,52W percentile,percentile,52.0,mm_net_percentile_52w,8W,gold_return_8w,0-10,164,0.01455509186456756,0.013603836520094448,0.5548780487804879,0.16708462597447316,-0.14175294990618525,-0.15878546754349454
mm_net,MM Net,52W percentile,percentile,52.0,mm_net_percentile_52w,8W,gold_return_8w,10-20,93,0.006197852330345595,-0.0009561030213020016,0.4946236559139785,0.17592451768322803,-0.1340849809067166,-0.15878546754349454
mm_net,MM Net,52W percentile,percentile,52.0,mm_net_percentile_52w,8W,gold_return_8w,20-30,75,0.023505463909574226,0.011987733482018426,0.5866666666666667,0.21337118039709324,-0.1339790371346169,-0.15878546754349454
mm_net,MM Net,52W percentile,percentile,52.0,mm_net_percentile_52w,8W,gold_return_8w,30-40,57,0.030610544375076702,0.0056573510644919445,0.5263157894736842,0.24907959114291334,-0.06808234901622812,-0.11610471424735846
mm_net,MM Net,52W percentile,percentile,52.0,mm_net_percentile_52w,8W,gold_return_8w,40-50,69,0.01966915494189154,0.022289706401235954,0.5942028985507246,0.17113530046085756,-0.11038605371419963,-0.13647792390513236
mm_net,MM Net,52W percentile,percentile,52.0,mm_net_percentile_52w,8W,gold_return_8w,50-60,53,0.010979149525207252,0.005012950018893347,0.5094339622641509,0.17087280042283526,-0.11590482956796466,-0.13647792390513236
mm_net,MM Net,52W percentile,percentile,52.0,mm_net_percentile_52w,8W,gold_return_8w,60-70,55,0.01565363444290326,0.01063264205825143,0.6,0.11893133498330144,-0.08290506430400368,-0.13647792390513236
mm_net,MM Net,52W percentile,percentile,52.0,mm_net_percentile_52w,8W,gold_return_8w,70-80,46,0.015142939780921455,0.01059898446131069,0.5652173913043478,0.19719572007532582,-0.10414806770093099,-0.10414806770093099
mm_net,MM Net,52W percentile,percentile,52.0,mm_net_percentile_52w,8W,gold_return_8w,80-90,65,0.004238552700595479,0.0018540165423426291,0.5076923076923077,0.14110813977702508,-0.07219548315438729,-0.10361611856383734
mm_net,MM Net,52W percentile,percentile,52.0,mm_net_percentile_52w,8W,gold_return_8w,90-100,138,0.011470327319774265,0.004858439756974309,0.5144927536231884,0.1175306215943337,-0.11273366392236395,-0.11727902345840291
mm_net,MM Net,104W percentile,percentile,104.0,mm_net_percentile_104w,1W,gold_return_1w,0-10,166,0.0013631457578749536,0.00192476446380907,0.536144578313253,0.058031614463415204,-0.12570918451764834,-0.12570918451764834
mm_net,MM Net,104W percentile,percentile,104.0,mm_net_percentile_104w,1W,gold_return_1w,10-20,89,-0.000671097901250886,0.001866644965277775,0.550561797752809,0.05088479272038593,-0.12031597586732656,-0.12031597586732656
mm_net,MM Net,104W percentile,percentile,104.0,mm_net_percentile_104w,1W,gold_return_1w,20-30,75,0.005844694995582577,0.004992509494539332,0.6666666666666666,0.06333708795450965,-0.04491460574242323,-0.04491460574242323
mm_net,MM Net,104W percentile,percentile,104.0,mm_net_percentile_104w,1W,gold_return_1w,30-40,71,0.0025262500063010745,0.0035896777609327746,0.5915492957746479,0.0414217225432687,-0.05071641191914644,-0.05071641191914644
mm_net,MM Net,104W percentile,percentile,104.0,mm_net_percentile_104w,1W,gold_return_1w,40-50,81,0.001821299157142179,0.0017542190533499369,0.5308641975308642,0.08432153923414987,-0.05622979951011842,-0.05622979951011842
mm_net,MM Net,104W percentile,percentile,104.0,mm_net_percentile_104w,1W,gold_return_1w,50-60,59,8.881169609911935e-05,0.000527123902610338,0.5084745762711864,0.055525361160558395,-0.06468940995295891,-0.06468940995295891
mm_net,MM Net,104W percentile,percentile,104.0,mm_net_percentile_104w,1W,gold_return_1w,60-70,59,0.003028007924454355,0.0021721402644694354,0.5254237288135594,0.08872708019648767,-0.04625944405286975,-0.04625944405286975
mm_net,MM Net,104W percentile,percentile,104.0,mm_net_percentile_104w,1W,gold_return_1w,70-80,55,0.001793821575353642,0.002774753420195175,0.5818181818181818,0.05072036986960882,-0.03879379885891965,-0.03879379885891965
mm_net,MM Net,104W percentile,percentile,104.0,mm_net_percentile_104w,1W,gold_return_1w,80-90,60,-0.0009573468582599424,0.0035442186067813353,0.55,0.029866457788704448,-0.0808871997749745,-0.0808871997749745
mm_net,MM Net,104W percentile,percentile,104.0,mm_net_percentile_104w,1W,gold_return_1w,90-100,107,0.0032306606986960344,0.0015976730742071066,0.514018691588785,0.05974783733921063,-0.05470318951103592,-0.05470318951103592
mm_net,MM Net,104W percentile,percentile,104.0,mm_net_percentile_104w,2W,gold_return_2w,0-10,165,0.001559502918710803,0.004333828759047087,0.5515151515151515,0.07829790202317621,-0.15878546754349454,-0.15878546754349454
mm_net,MM Net,104W percentile,percentile,104.0,mm_net_percentile_104w,2W,gold_return_2w,10-20,89,0.0024336818068481317,0.004105654664139369,0.5280898876404494,0.06841610558223854,-0.0742192818967865,-0.12031597586732656
mm_net,MM Net,104W percentile,percentile,104.0,mm_net_percentile_104w,2W,gold_return_2w,20-30,75,0.011949135864382355,0.013106408082951715,0.64,0.07149824544913708,-0.041679811535031974,-0.04491460574242323
mm_net,MM Net,104W percentile,percentile,104.0,mm_net_percentile_104w,2W,gold_return_2w,30-40,71,0.0012214108029725587,0.004490005411861953,0.5774647887323944,0.10692488585101612,-0.09645285117833136,-0.09645285117833136
mm_net,MM Net,104W percentile,percentile,104.0,mm_net_percentile_104w,2W,gold_return_2w,40-50,81,0.0032375577293220457,-0.002067882172422042,0.43209876543209874,0.14566775391111086,-0.06125140330543344,-0.06125140330543344
mm_net,MM Net,104W percentile,percentile,104.0,mm_net_percentile_104w,2W,gold_return_2w,50-60,59,0.004823111576548448,0.002931679988718683,0.6101694915254238,0.08619188268210953,-0.06682651925334737,-0.06682651925334737
mm_net,MM Net,104W percentile,percentile,104.0,mm_net_percentile_104w,2W,gold_return_2w,60-70,59,0.002462764412820586,0.002714708785784836,0.5423728813559322,0.10944797529729877,-0.046262417916839715,-0.046262417916839715
mm_net,MM Net,104W percentile,percentile,104.0,mm_net_percentile_104w,2W,gold_return_2w,70-80,55,0.00270897118254549,0.002036100815848707,0.5272727272727272,0.066721952933539,-0.04900268825012388,-0.04900268825012388
mm_net,MM Net,104W percentile,percentile,104.0,mm_net_percentile_104w,2W,gold_return_2w,80-90,60,0.002605180657672758,0.0003721282506851109,0.5166666666666667,0.07633306091653003,-0.07137199495423874,-0.0808871997749745
mm_net,MM Net,104W percentile,percentile,104.0,mm_net_percentile_104w,2W,gold_return_2w,90-100,107,0.004856022452015746,0.0021070317539237937,0.5233644859813084,0.08557159261273517,-0.060829326789522464,-0.060829326789522464
mm_net,MM Net,104W percentile,percentile,104.0,mm_net_percentile_104w,4W,gold_return_4w,0-10,164,0.002589841312708885,0.0038984283503628037,0.5670731707317073,0.10037410670916813,-0.14672796242247665,-0.15878546754349454
mm_net,MM Net,104W percentile,percentile,104.0,mm_net_percentile_104w,4W,gold_return_4w,10-20,88,0.007099822856132195,0.010146009492363328,0.5568181818181818,0.11483539553129396,-0.10987044784366473,-0.12031597586732656
mm_net,MM Net,104W percentile,percentile,104.0,mm_net_percentile_104w,4W,gold_return_4w,20-30,75,0.021215452440350162,0.02013677811550152,0.6666666666666666,0.1624218642195807,-0.06467611294293807,-0.07050355809102715
mm_net,MM Net,104W percentile,percentile,104.0,mm_net_percentile_104w,4W,gold_return_4w,30-40,71,0.00157382549729276,-0.005131896816230164,0.43661971830985913,0.10842148406898744,-0.09640333951559199,-0.11727902345840291
mm_net,MM Net,104W percentile,percentile,104.0,mm_net_percentile_104w,4W,gold_return_4w,40-50,81,0.0032028678470081813,0.00020698769487537128,0.5185185185185185,0.14923865199234854,-0.13647792390513236,-0.13647792390513236
mm_net,MM Net,104W percentile,percentile,104.0,mm_net_percentile_104w,4W,gold_return_4w,50-60,59,0.012092391039731932,0.006043139292580824,0.576271186440678,0.10918967150622261,-0.05719079528364579,-0.07851149906442356
mm_net,MM Net,104W percentile,percentile,104.0,mm_net_percentile_104w,4W,gold_return_4w,60-70,59,0.00781702450678145,0.0008338892934600661,0.5254237288135594,0.1520099174022118,-0.07030730860202183,-0.07623094128024188
mm_net,MM Net,104W percentile,percentile,104.0,mm_net_percentile_104w,4W,gold_return_4w,70-80,55,0.006150352610162677,-0.005165757727022768,0.45454545454545453,0.12471478775865297,-0.0830846920054108,-0.0830846920054108
mm_net,MM Net,104W percentile,percentile,104.0,mm_net_percentile_104w,4W,gold_return_4w,80-90,60,0.007958636683191439,0.0035553893131481384,0.5666666666666667,0.14951136761868566,-0.07927665077911361,-0.08407618576531328
mm_net,MM Net,104W percentile,percentile,104.0,mm_net_percentile_104w,4W,gold_return_4w,90-100,107,0.008867280942235817,0.007767008524318442,0.6074766355140186,0.11255248432300946,-0.09278442175562396,-0.09278442175562396
mm_net,MM Net,104W percentile,percentile,104.0,mm_net_percentile_104w,8W,gold_return_8w,0-10,160,0.006988956445999628,0.004531001122732636,0.53125,0.1423287258562418,-0.14175294990618525,-0.15878546754349454
mm_net,MM Net,104W percentile,percentile,104.0,mm_net_percentile_104w,8W,gold_return_8w,10-20,88,0.00871207279035706,-0.0047714879208420324,0.4772727272727273,0.20789518759017245,-0.1339790371346169,-0.15878546754349454
mm_net,MM Net,104W percentile,percentile,104.0,mm_net_percentile_104w,8W,gold_return_8w,20-30,75,0.03115258857099943,0.020981317844428915,0.6,0.2391145624670039,-0.08008739447469948,-0.09180791293696722
mm_net,MM Net,104W percentile,percentile,104.0,mm_net_percentile_104w,8W,gold_return_8w,30-40,71,0.004163352592248387,-0.0026774847372951216,0.4507042253521127,0.16245784752874903,-0.08290506430400368,-0.13647792390513236
mm_net,MM Net,104W percentile,percentile,104.0,mm_net_percentile_104w,8W,gold_return_8w,40-50,81,0.015329230738035186,-0.004175473702656585,0.4691358024691358,0.24907959114291334,-0.11245966153384135,-0.13647792390513236
mm_net,MM Net,104W percentile,percentile,104.0,mm_net_percentile_104w,8W,gold_return_8w,50-60,59,0.02311256998568004,0.019173365458244662,0.6101694915254238,0.18743474383130998,-0.11117693172667975,-0.13647792390513236
mm_net,MM Net,104W percentile,percentile,104.0,mm_net_percentile_104w,8W,gold_return_8w,60-70,59,0.017004892938687576,0.012018445791561971,0.6271186440677966,0.19719572007532582,-0.11038605371419963,-0.13647792390513236
mm_net,MM Net,104W percentile,percentile,104.0,mm_net_percentile_104w,8W,gold_return_8w,70-80,55,0.019079362437361136,0.005012950018893347,0.5636363636363636,0.17113530046085756,-0.11590482956796466,-0.1204135739072435
mm_net,MM Net,104W percentile,percentile,104.0,mm_net_percentile_104w,8W,gold_return_8w,80-90,60,0.01402591485771938,0.014428486124695827,0.55,0.11893133498330144,-0.07884812834246979,-0.08904698325854066
mm_net,MM Net,104W percentile,percentile,104.0,mm_net_percentile_104w,8W,gold_return_8w,90-100,107,0.016913023824880944,0.013921908704946473,0.5887850467289719,0.11644549822118977,-0.11273366392236395,-0.11727902345840291
mm_net,MM Net,156W percentile,percentile,156.0,mm_net_percentile_156w,1W,gold_return_1w,0-10,166,0.0012590751373795566,0.00192476446380907,0.5542168674698795,0.058031614463415204,-0.12570918451764834,-0.12570918451764834
mm_net,MM Net,156W percentile,percentile,156.0,mm_net_percentile_156w,1W,gold_return_1w,10-20,70,0.0013197526479033226,0.0024451901813128396,0.5857142857142857,0.05459544383346415,-0.04462030767173264,-0.04462030767173264
mm_net,MM Net,156W percentile,percentile,156.0,mm_net_percentile_156w,1W,gold_return_1w,20-30,83,0.004542971816011791,0.00383313944816166,0.5903614457831325,0.06333708795450965,-0.043731033667568364,-0.043731033667568364
mm_net,MM Net,156W percentile,percentile,156.0,mm_net_percentile_156w,1W,gold_return_1w,30-40,76,-0.0007783500835874199,0.0019267308200754396,0.5526315789473685,0.041568471653199435,-0.12031597586732656,-0.12031597586732656
mm_net,MM Net,156W percentile,percentile,156.0,mm_net_percentile_156w,1W,gold_return_1w,40-50,88,-0.0020092895211596394,-0.0015343897376715043,0.45454545454545453,0.048918387413962705,-0.06468940995295891,-0.06468940995295891
mm_net,MM Net,156W percentile,percentile,156.0,mm_net_percentile_156w,1W,gold_return_1w,50-60,62,0.005316852863781397,0.005716023756195621,0.6290322580645161,0.08872708019648767,-0.05622979951011842,-0.05622979951011842
mm_net,MM Net,156W percentile,percentile,156.0,mm_net_percentile_156w,1W,gold_return_1w,60-70,62,0.00390072377421468,0.001464901771903504,0.5161290322580645,0.08432153923414987,-0.05470318951103592,-0.05470318951103592
mm_net,MM Net,156W percentile,percentile,156.0,mm_net_percentile_156w,1W,gold_return_1w,70-80,46,0.004238995389831608,0.006608865484028059,0.5869565217391305,0.05072036986960882,-0.03781828685219857,-0.03781828685219857
mm_net,MM Net,156W percentile,percentile,156.0,mm_net_percentile_156w,1W,gold_return_1w,80-90,59,-0.000986376283599271,0.0015081819145017494,0.5423728813559322,0.04195138844770341,-0.0808871997749745,-0.0808871997749745
mm_net,MM Net,156W percentile,percentile,156.0,mm_net_percentile_156w,1W,gold_return_1w,90-100,110,0.003198335850311862,0.0029711982038829188,0.5454545454545454,0.05974783733921063,-0.05119879076312228,-0.05119879076312228
mm_net,MM Net,156W percentile,percentile,156.0,mm_net_percentile_156w,2W,gold_return_2w,0-10,166,0.0015315354379818417,0.0033583429000330067,0.5301204819277109,0.07829790202317621,-0.11954792056152808,-0.12570918451764834
mm_net,MM Net,156W percentile,percentile,156.0,mm_net_percentile_156w,2W,gold_return_2w,10-20,70,0.007501062535471249,0.005769930116847233,0.6142857142857143,0.06864580846201851,-0.05349203288269,-0.05349203288269
mm_net,MM Net,156W percentile,percentile,156.0,mm_net_percentile_156w,2W,gold_return_2w,20-30,82,0.004574009019542205,0.008320890543865311,0.5975609756097561,0.07149824544913708,-0.15878546754349454,-0.15878546754349454
mm_net,MM Net,156W percentile,percentile,156.0,mm_net_percentile_156w,2W,gold_return_2w,30-40,76,-0.001500350193333894,0.0006857783615683566,0.5131578947368421,0.052281134401972906,-0.09645285117833136,-0.12031597586732656
mm_net,MM Net,156W percentile,percentile,156.0,mm_net_percentile_156w,2W,gold_return_2w,40-50,88,-0.0011543630594861285,-0.0037406974534593407,0.4318181818181818,0.06798853380926717,-0.05221043582995244,-0.06468940995295891
mm_net,MM Net,156W percentile,percentile,156.0,mm_net_percentile_156w,2W,gold_return_2w,50-60,62,0.009274179274932263,0.009230389051470778,0.6129032258064516,0.10944797529729877,-0.06125140330543344,-0.06125140330543344
mm_net,MM Net,156W percentile,percentile,156.0,mm_net_percentile_156w,2W,gold_return_2w,60-70,62,0.009530252138614059,0.004196816474401066,0.5967741935483871,0.14566775391111086,-0.0585265554840122,-0.0585265554840122
mm_net,MM Net,156W percentile,percentile,156.0,mm_net_percentile_156w,2W,gold_return_2w,70-80,46,0.004573283679577773,0.0011294270214763369,0.5217391304347826,0.05226343816727219,-0.04315925822922562,-0.05470318951103592
mm_net,MM Net,156W percentile,percentile,156.0,mm_net_percentile_156w,2W,gold_return_2w,80-90,59,-0.00037818182684974503,8.126114116047134e-05,0.5084745762711864,0.07633306091653003,-0.07137199495423874,-0.0808871997749745
mm_net,MM Net,156W percentile,percentile,156.0,mm_net_percentile_156w,2W,gold_return_2w,90-100,110,0.0061920730051982925,0.00472874120297917,0.5454545454545454,0.08557159261273517,-0.060829326789522464,-0.060829326789522464
mm_net,MM Net,156W percentile,percentile,156.0,mm_net_percentile_156w,4W,gold_return_4w,0-10,166,0.003104521145604787,0.003649230703739126,0.5602409638554217,0.11483539553129396,-0.13932848829941735,-0.13932848829941735
mm_net,MM Net,156W percentile,percentile,156.0,mm_net_percentile_156w,4W,gold_return_4w,10-20,70,0.015109473012101162,0.0202364076381899,0.6428571428571429,0.08968539006456222,-0.06836163781544768,-0.07050355809102715
mm_net,MM Net,156W percentile,percentile,156.0,mm_net_percentile_156w,4W,gold_return_4w,20-30,81,0.0040264547845336755,0.004398988291761441,0.5185185185185185,0.11688382943918163,-0.14672796242247665,-0.15878546754349454
mm_net,MM Net,156W percentile,percentile,156.0,mm_net_percentile_156w,4W,gold_return_4w,30-40,75,0.0016959093268980486,5.341717634199661e-05,0.5066666666666667,0.071573359663895,-0.09640333951559199,-0.12031597586732656
mm_net,MM Net,156W percentile,percentile,156.0,mm_net_percentile_156w,4W,gold_return_4w,40-50,88,8.88476220550809e-05,-0.002690178583757641,0.48863636363636365,0.09403863764068499,-0.13647792390513236,-0.13647792390513236
mm_net,MM Net,156W percentile,percentile,156.0,mm_net_percentile_156w,4W,gold_return_4w,50-60,62,0.018308606065889292,0.006248191604873665,0.5483870967741935,0.1624218642195807,-0.06257999397118796,-0.06838595586243945
mm_net,MM Net,156W percentile,percentile,156.0,mm_net_percentile_156w,4W,gold_return_4w,60-70,62,0.010544613122300869,0.006223425233960134,0.5645161290322581,0.14923865199234854,-0.073624454142869,-0.07623094128024188
mm_net,MM Net,156W percentile,percentile,156.0,mm_net_percentile_156w,4W,gold_return_4w,70-80,46,0.009555690776332573,0.0014140447710548343,0.5,0.12193345031752378,-0.0656482246077622,-0.0656482246077622
mm_net,MM Net,156W percentile,percentile,156.0,mm_net_percentile_156w,4W,gold_return_4w,80-90,59,0.006801641745853325,0.003373819163292824,0.5254237288135594,0.14951136761868566,-0.09278442175562396,-0.09278442175562396
mm_net,MM Net,156W percentile,percentile,156.0,mm_net_percentile_156w,4W,gold_return_4w,90-100,110,0.011701517463383795,0.009947831917317962,0.6363636363636364,0.11255248432300946,-0.07339160048106119,-0.0808871997749745
mm_net,MM Net,156W percentile,percentile,156.0,mm_net_percentile_156w,8W,gold_return_8w,0-10,166,0.01048799603725975,0.006524073581371748,0.5421686746987951,0.16258290711985013,-0.14175294990618525,-0.14175294990618525
mm_net,MM Net,156W percentile,percentile,156.0,mm_net_percentile_156w,8W,gold_return_8w,10-20,70,0.009260590101191906,-0.004439244091265782,0.4714285714285714,0.20789518759017245,-0.11048713887052242,-0.11354541285035735
mm_net,MM Net,156W percentile,percentile,156.0,mm_net_percentile_156w,8W,gold_return_8w,20-30,77,0.005064273838972905,0.0006240630484595222,0.5194805194805194,0.2391145624670039,-0.12886023394400936,-0.15878546754349454
mm_net,MM Net,156W percentile,percentile,156.0,mm_net_percentile_156w,8W,gold_return_8w,30-40,75,0.011834293254776602,-0.0009561030213020016,0.4666666666666667,0.17918621397194823,-0.10414806770093099,-0.13647792390513236
mm_net,MM Net,156W percentile,percentile,156.0,mm_net_percentile_156w,8W,gold_return_8w,40-50,88,0.010136087526531152,-0.008319407721332162,0.45454545454545453,0.21337118039709324,-0.1339790371346169,-0.15878546754349454
mm_net,MM Net,156W percentile,percentile,156.0,mm_net_percentile_156w,8W,gold_return_8w,50-60,62,0.021090494522724886,0.023936279388756643,0.5806451612903226,0.17978986510003114,-0.11245966153384135,-0.13647792390513236
mm_net,MM Net,156W percentile,percentile,156.0,mm_net_percentile_156w,8W,gold_return_8w,60-70,62,0.02454223920899502,0.011232545363606405,0.6129032258064516,0.24907959114291334,-0.08396643733531406,-0.13647792390513236
mm_net,MM Net,156W percentile,percentile,156.0,mm_net_percentile_156w,8W,gold_return_8w,70-80,46,0.018455755735524115,0.011242271864075004,0.5434782608695652,0.15291075317856562,-0.11038605371419963,-0.1204135739072435
mm_net,MM Net,156W percentile,percentile,156.0,mm_net_percentile_156w,8W,gold_return_8w,80-90,59,0.019985771461627968,0.016695910062737296,0.5932203389830508,0.17113530046085756,-0.11590482956796466,-0.1204135739072435
mm_net,MM Net,156W percentile,percentile,156.0,mm_net_percentile_156w,8W,gold_return_8w,90-100,110,0.021909534437595767,0.019214099298079934,0.6363636363636364,0.11644549822118977,-0.08665813583104709,-0.11727902345840291
mm_net,MM Net,260W percentile,percentile,260.0,mm_net_percentile_260w,1W,gold_return_1w,0-10,169,0.0014337442687684518,0.0020000203450520893,0.5621301775147929,0.058031614463415204,-0.12570918451764834,-0.12570918451764834
mm_net,MM Net,260W percentile,percentile,260.0,mm_net_percentile_260w,1W,gold_return_1w,10-20,79,0.0014349764654156799,0.0021723381990665924,0.5949367088607594,0.06333708795450965,-0.050276545080313984,-0.050276545080313984
mm_net,MM Net,260W percentile,percentile,260.0,mm_net_percentile_260w,1W,gold_return_1w,20-30,82,0.002166746710131364,0.0024714025884020607,0.5609756097560976,0.048918387413962705,-0.03951454658801512,-0.03951454658801512
mm_net,MM Net,260W percentile,percentile,260.0,mm_net_percentile_260w,1W,gold_return_1w,30-40,78,0.00012380779933718477,0.0020288927688125735,0.5256410256410257,0.031255208646300936,-0.05071641191914644,-0.05071641191914644
mm_net,MM Net,260W percentile,percentile,260.0,mm_net_percentile_260w,1W,gold_return_1w,40-50,87,-0.0008012862786287599,-0.002231271327577833,0.45977011494252873,0.05644086649975155,-0.06468940995295891,-0.06468940995295891
mm_net,MM Net,260W percentile,percentile,260.0,mm_net_percentile_260w,1W,gold_return_1w,50-60,50,-0.0012686132649703486,0.0011334441380747018,0.5,0.055525361160558395,-0.12031597586732656,-0.12031597586732656
mm_net,MM Net,260W percentile,percentile,260.0,mm_net_percentile_260w,1W,gold_return_1w,60-70,52,0.003785133589753774,0.004113063286052654,0.5961538461538461,0.08872708019648767,-0.05470318951103592,-0.05470318951103592
mm_net,MM Net,260W percentile,percentile,260.0,mm_net_percentile_260w,1W,gold_return_1w,70-80,62,0.008115682417523877,0.009258689521312924,0.6129032258064516,0.08432153923414987,-0.048254193694034275,-0.048254193694034275
mm_net,MM Net,260W percentile,percentile,260.0,mm_net_percentile_260w,1W,gold_return_1w,80-90,89,0.002123327958320135,0.005078741230726491,0.5842696629213483,0.043345536398685436,-0.0808871997749745,-0.0808871997749745
mm_net,MM Net,260W percentile,percentile,260.0,mm_net_percentile_260w,1W,gold_return_1w,90-100,74,0.002753499741064264,0.0016768013600076959,0.527027027027027,0.05974783733921063,-0.04495058035184496,-0.04495058035184496
mm_net,MM Net,260W percentile,percentile,260.0,mm_net_percentile_260w,2W,gold_return_2w,0-10,169,0.003660076796415716,0.004333828759047087,0.5562130177514792,0.07829790202317621,-0.11954792056152808,-0.12570918451764834
mm_net,MM Net,260W percentile,percentile,260.0,mm_net_percentile_260w,2W,gold_return_2w,10-20,79,0.0030260185850697206,0.0044211108040894675,0.5569620253164557,0.07149824544913708,-0.07259206798866857,-0.07259206798866857
mm_net,MM Net,260W percentile,percentile,260.0,mm_net_percentile_260w,2W,gold_return_2w,20-30,82,0.002551963078804394,0.0006302955349017925,0.5121951219512195,0.062143511476769886,-0.06682651925334737,-0.06682651925334737
mm_net,MM Net,260W percentile,percentile,260.0,mm_net_percentile_260w,2W,gold_return_2w,30-40,78,-0.0012800144597643409,0.0006857783615683566,0.5128205128205128,0.0435234868403509,-0.09645285117833136,-0.09645285117833136
mm_net,MM Net,260W percentile,percentile,260.0,mm_net_percentile_260w,2W,gold_return_2w,40-50,86,-0.0015328449340474449,-0.0032510615432575496,0.4418604651162791,0.06798853380926717,-0.06125140330543344,-0.06468940995295891
mm_net,MM Net,260W percentile,percentile,260.0,mm_net_percentile_260w,2W,gold_return_2w,50-60,50,0.001387599791737062,0.004998601569534689,0.58,0.08619188268210953,-0.15878546754349454,-0.15878546754349454
mm_net,MM Net,260W percentile,percentile,260.0,mm_net_percentile_260w,2W,gold_return_2w,60-70,52,0.0038259393998463145,0.005022548764858414,0.5576923076923077,0.10944797529729877,-0.06736381073620279,-0.06736381073620279
mm_net,MM Net,260W percentile,percentile,260.0,mm_net_percentile_260w,2W,gold_return_2w,70-80,62,0.014134771257815,0.008882287980325643,0.6451612903225806,0.14566775391111086,-0.0415761019132892,-0.05470318951103592
mm_net,MM Net,260W percentile,percentile,260.0,mm_net_percentile_260w,2W,gold_return_2w,80-90,89,0.00786955333847124,0.0036122265061968584,0.5955056179775281,0.07633306091653003,-0.07137199495423874,-0.0808871997749745
mm_net,MM Net,260W percentile,percentile,260.0,mm_net_percentile_260w,2W,gold_return_2w,90-100,74,0.003966891959135788,0.0005974516751073855,0.5,0.08557159261273517,-0.060829326789522464,-0.060829326789522464
mm_net,MM Net,260W percentile,percentile,260.0,mm_net_percentile_260w,4W,gold_return_4w,0-10,169,0.0067527472493544745,0.006481687109917145,0.5857988165680473,0.10826681104391889,-0.13932848829941735,-0.13932848829941735
mm_net,MM Net,260W percentile,percentile,260.0,mm_net_percentile_260w,4W,gold_return_4w,10-20,79,0.004937722456649249,0.005554231968427192,0.5569620253164557,0.11483539553129396,-0.0892351274787535,-0.0892351274787535
mm_net,MM Net,260W percentile,percentile,260.0,mm_net_percentile_260w,4W,gold_return_4w,20-30,82,0.008071637624968058,0.005185447780450603,0.5365853658536586,0.10842148406898744,-0.07716319545461392,-0.07716319545461392
mm_net,MM Net,260W percentile,percentile,260.0,mm_net_percentile_260w,4W,gold_return_4w,30-40,78,-0.0027942665339511894,-0.006920617694994136,0.4358974358974359,0.11688382943918163,-0.09640333951559199,-0.11727902345840291
mm_net,MM Net,260W percentile,percentile,260.0,mm_net_percentile_260w,4W,gold_return_4w,40-50,84,-0.00753989766228143,-0.009358264341029932,0.40476190476190477,0.07465518644486346,-0.14672796242247665,-0.15878546754349454
mm_net,MM Net,260W percentile,percentile,260.0,mm_net_percentile_260w,4W,gold_return_4w,50-60,50,0.009216815265914257,0.006496307256770195,0.58,0.10918967150622261,-0.10949004269297968,-0.15878546754349454
mm_net,MM Net,260W percentile,percentile,260.0,mm_net_percentile_260w,4W,gold_return_4w,60-70,52,0.01088617225785902,0.007932378825876052,0.5961538461538461,0.1624218642195807,-0.09278442175562396,-0.09278442175562396
mm_net,MM Net,260W percentile,percentile,260.0,mm_net_percentile_260w,4W,gold_return_4w,70-80,62,0.017678449648891852,0.008150434284920904,0.5967741935483871,0.14923865199234854,-0.0656482246077622,-0.0656482246077622
mm_net,MM Net,260W percentile,percentile,260.0,mm_net_percentile_260w,4W,gold_return_4w,80-90,89,0.022135127556102065,0.01344533495964173,0.6629213483146067,0.14951136761868566,-0.07657027217864476,-0.0808871997749745
mm_net,MM Net,260W percentile,percentile,260.0,mm_net_percentile_260w,4W,gold_return_4w,90-100,74,0.006975905345500697,0.006631800591220927,0.581081081081081,0.11255248432300946,-0.0830846920054108,-0.0830846920054108
mm_net,MM Net,260W percentile,percentile,260.0,mm_net_percentile_260w,8W,gold_return_8w,0-10,169,0.009910417042585029,0.004964626436157138,0.5384615384615384,0.16258290711985013,-0.14175294990618525,-0.14175294990618525
mm_net,MM Net,260W percentile,percentile,260.0,mm_net_percentile_260w,8W,gold_return_8w,10-20,79,0.01158380084714964,-0.001702314873133881,0.4936708860759494,0.20789518759017245,-0.11048713887052242,-0.11354541285035735
mm_net,MM Net,260W percentile,percentile,260.0,mm_net_percentile_260w,8W,gold_return_8w,20-30,82,0.0109812568851331,0.0012390397954010757,0.524390243902439,0.2391145624670039,-0.10414806770093099,-0.10414806770093099
mm_net,MM Net,260W percentile,percentile,260.0,mm_net_percentile_260w,8W,gold_return_8w,30-40,78,-0.0032864911144411,-0.008620543041938544,0.3974358974358974,0.12179698832814223,-0.08008739447469948,-0.13647792390513236
mm_net,MM Net,260W percentile,percentile,260.0,mm_net_percentile_260w,8W,gold_return_8w,40-50,80,-0.00485082240695237,-0.01590323090077983,0.3375,0.16708462597447316,-0.11245966153384135,-0.15878546754349454
mm_net,MM Net,260W percentile,percentile,260.0,mm_net_percentile_260w,8W,gold_return_8w,50-60,50,0.023313458678599373,0.03635801918480164,0.7,0.13025058239007525,-0.12886023394400936,-0.15878546754349454
mm_net,MM Net,260W percentile,percentile,260.0,mm_net_percentile_260w,8W,gold_return_8w,60-70,52,0.015799620725824547,0.00269909853358552,0.5192307692307693,0.21337118039709324,-0.1339790371346169,-0.15878546754349454
mm_net,MM Net,260W percentile,percentile,260.0,mm_net_percentile_260w,8W,gold_return_8w,70-80,62,0.0361536476283124,0.013820505959642682,0.6451612903225806,0.24907959114291334,-0.0825666986236302,-0.10082405999740562
mm_net,MM Net,260W percentile,percentile,260.0,mm_net_percentile_260w,8W,gold_return_8w,80-90,89,0.04047403822063227,0.041653995147071354,0.7640449438202247,0.18743474383130998,-0.11590482956796466,-0.1204135739072435
mm_net,MM Net,260W percentile,percentile,260.0,mm_net_percentile_260w,8W,gold_return_8w,90-100,74,0.01552903395135519,0.01141298819280101,0.5540540540540541,0.17087280042283526,-0.08873880778508336,-0.11727902345840291
mm_net,MM Net,Full History percentile,percentile,,mm_net_percentile_full_history,1W,gold_return_1w,0-10,87,0.0036628151203509946,0.0022638327766633104,0.6091954022988506,0.058031614463415204,-0.04326716578635903,-0.04326716578635903
mm_net,MM Net,Full History percentile,percentile,,mm_net_percentile_full_history,1W,gold_return_1w,10-20,87,0.004295748020613253,0.004586454841727594,0.6091954022988506,0.06333708795450965,-0.06717395609381072,-0.06717395609381072
mm_net,MM Net,Full History percentile,percentile,,mm_net_percentile_full_history,1W,gold_return_1w,20-30,88,-0.00048389212793582446,0.0004766708457871749,0.5227272727272727,0.05459544383346415,-0.12570918451764834,-0.12570918451764834
mm_net,MM Net,Full History percentile,percentile,,mm_net_percentile_full_history,1W,gold_return_1w,30-40,87,0.0005843050421235117,0.0025358189558639666,0.5287356321839081,0.04300657150710485,-0.03951454658801512,-0.03951454658801512
mm_net,MM Net,Full History percentile,percentile,,mm_net_percentile_full_history,1W,gold_return_1w,40-50,87,-0.003645763724163926,-0.004664414358266034,0.41379310344827586,0.05644086649975155,-0.12031597586732656,-0.12031597586732656
mm_net,MM Net,Full History percentile,percentile,,mm_net_percentile_full_history,1W,gold_return_1w,50-60,87,0.0011236073396350375,0.003450006378407533,0.5517241379310345,0.05657566732492425,-0.05622979951011842,-0.05622979951011842
mm_net,MM Net,Full History percentile,percentile,,mm_net_percentile_full_history,1W,gold_return_1w,60-70,87,0.004637285730150652,0.006225098825319186,0.5632183908045977,0.08432153923414987,-0.05470318951103592,-0.05470318951103592
mm_net,MM Net,Full History percentile,percentile,,mm_net_percentile_full_history,1W,gold_return_1w,70-80,88,0.005159048380721314,0.003750637889180064,0.5909090909090909,0.08872708019648767,-0.08635005098425519,-0.08635005098425519
mm_net,MM Net,Full History percentile,percentile,,mm_net_percentile_full_history,1W,gold_return_1w,80-90,87,0.00255797421095488,0.007114916737382071,0.6091954022988506,0.04581613243234095,-0.06468940995295891,-0.06468940995295891
mm_net,MM Net,Full History percentile,percentile,,mm_net_percentile_full_history,1W,gold_return_1w,90-100,88,0.002399465813852967,0.004680940275640033,0.5795454545454546,0.05974783733921063,-0.0808871997749745,-0.0808871997749745
mm_net,MM Net,Full History percentile,percentile,,mm_net_percentile_full_history,2W,gold_return_2w,0-10,87,0.00801345130789904,0.007603325760093371,0.6206896551724138,0.07829790202317621,-0.04942339164722831,-0.04942339164722831
mm_net,MM Net,Full History percentile,percentile,,mm_net_percentile_full_history,2W,gold_return_2w,10-20,87,0.006435968656833738,0.008198861839535887,0.5977011494252874,0.07523465643932004,-0.11954792056152808,-0.12570918451764834
mm_net,MM Net,Full History percentile,percentile,,mm_net_percentile_full_history,2W,gold_return_2w,20-30,88,0.0005708620296365624,-0.0011833456681539234,0.48863636363636365,0.062143511476769886,-0.11196569225382191,-0.12570918451764834
mm_net,MM Net,Full History percentile,percentile,,mm_net_percentile_full_history,2W,gold_return_2w,30-40,87,-0.0015590249453445843,-0.0010802657515914804,0.4827586206896552,0.06158054466173013,-0.07259206798866857,-0.07259206798866857
mm_net,MM Net,Full History percentile,percentile,,mm_net_percentile_full_history,2W,gold_return_2w,40-50,86,-0.0030606682017291983,-0.0015683303728339926,0.45348837209302323,0.061428606039782174,-0.15878546754349454,-0.15878546754349454
mm_net,MM Net,Full History percentile,percentile,,mm_net_percentile_full_history,2W,gold_return_2w,50-60,87,-0.00046527202915919353,0.00023470101404154953,0.5172413793103449,0.06563329844200827,-0.06736381073620279,-0.06736381073620279
mm_net,MM Net,Full History percentile,percentile,,mm_net_percentile_full_history,2W,gold_return_2w,60-70,87,0.010769021884329587,0.004226228111748664,0.5517241379310345,0.14566775391111086,-0.06499221438821745,-0.06499221438821745
mm_net,MM Net,Full History percentile,percentile,,mm_net_percentile_full_history,2W,gold_return_2w,70-80,88,0.006834483220634774,0.006530515285892213,0.625,0.10944797529729877,-0.1062216467438084,-0.1062216467438084
mm_net,MM Net,Full History percentile,percentile,,mm_net_percentile_full_history,2W,gold_return_2w,80-90,87,0.006047526663175348,0.0032749363988979763,0.5862068965517241,0.07159397576662685,-0.09645285117833136,-0.09645285117833136
mm_net,MM Net,Full History percentile,percentile,,mm_net_percentile_full_history,2W,gold_return_2w,90-100,88,0.0062089476801437124,0.006711222041846487,0.5568181818181818,0.08557159261273517,-0.07137199495423874,-0.0808871997749745
mm_net,MM Net,Full History percentile,percentile,,mm_net_percentile_full_history,4W,gold_return_4w,0-10,87,0.014388454822960625,0.0128783141032629,0.6666666666666666,0.11483539553129396,-0.06419116617317544,-0.06419116617317544
mm_net,MM Net,Full History percentile,percentile,,mm_net_percentile_full_history,4W,gold_return_4w,10-20,87,0.013535992184946836,0.015448121579409335,0.6091954022988506,0.10842148406898744,-0.065329201961154,-0.12570918451764834
mm_net,MM Net,Full History percentile,percentile,,mm_net_percentile_full_history,4W,gold_return_4w,20-30,88,0.0004925592964748735,0.001161012230152414,0.5227272727272727,0.0827810568919849,-0.13932848829941735,-0.13932848829941735
mm_net,MM Net,Full History percentile,percentile,,mm_net_percentile_full_history,4W,gold_return_4w,30-40,87,-0.0001609363445961043,-0.002164142462794838,0.4827586206896552,0.11688382943918163,-0.0892351274787535,-0.0892351274787535
mm_net,MM Net,Full History percentile,percentile,,mm_net_percentile_full_history,4W,gold_return_4w,40-50,84,-0.005940680893904765,-0.008941976607816038,0.4166666666666667,0.07835843532346631,-0.14672796242247665,-0.15878546754349454
mm_net,MM Net,Full History percentile,percentile,,mm_net_percentile_full_history,4W,gold_return_4w,50-60,87,0.00044511044396366994,-0.004185583050527963,0.47126436781609193,0.09403863764068499,-0.09278442175562396,-0.09278442175562396
mm_net,MM Net,Full History percentile,percentile,,mm_net_percentile_full_history,4W,gold_return_4w,60-70,87,0.015522102398086806,0.007659606407292241,0.5862068965517241,0.1624218642195807,-0.07419414979501526,-0.07737720432495843
mm_net,MM Net,Full History percentile,percentile,,mm_net_percentile_full_history,4W,gold_return_4w,70-80,88,0.01308165800506657,0.011258812551458441,0.6136363636363636,0.1520099174022118,-0.08574118593344016,-0.1062216467438084
mm_net,MM Net,Full History percentile,percentile,,mm_net_percentile_full_history,4W,gold_return_4w,80-90,87,0.016401030426225625,0.017450433799163667,0.6436781609195402,0.11402776925671065,-0.13647792390513236,-0.13647792390513236
mm_net,MM Net,Full History percentile,percentile,,mm_net_percentile_full_history,4W,gold_return_4w,90-100,88,0.011403828340248036,0.009450718246013845,0.625,0.14951136761868566,-0.08514717510193137,-0.09432072211549458
mm_net,MM Net,Full History percentile,percentile,,mm_net_percentile_full_history,8W,gold_return_8w,0-10,87,0.03386243642799509,0.026178919906601594,0.7011494252873564,0.16258290711985013,-0.08153126667301225,-0.09325532264666947
mm_net,MM Net,Full History percentile,percentile,,mm_net_percentile_full_history,8W,gold_return_8w,10-20,87,0.014771588621624447,0.010317018189684779,0.5747126436781609,0.17592451768322803,-0.13519576581347614,-0.14140658076298185
mm_net,MM Net,Full History percentile,percentile,,mm_net_percentile_full_history,8W,gold_return_8w,20-30,88,-0.0059116840500765995,-0.008620543041938544,0.42045454545454547,0.17918621397194823,-0.14175294990618525,-0.14175294990618525
mm_net,MM Net,Full History percentile,percentile,,mm_net_percentile_full_history,8W,gold_return_8w,30-40,87,0.0074688953400316,0.007701539888732345,0.5402298850574713,0.12179698832814223,-0.08111618928588493,-0.10389974526436185
mm_net,MM Net,Full History percentile,percentile,,mm_net_percentile_full_history,8W,gold_return_8w,40-50,80,-0.008149732797483643,-0.01521555241891659,0.325,0.16708462597447316,-0.12886023394400936,-0.15878546754349454
mm_net,MM Net,Full History percentile,percentile,,mm_net_percentile_full_history,8W,gold_return_8w,50-60,87,-0.0007370102638279412,-0.010918132538313308,0.40229885057471265,0.21337118039709324,-0.1339790371346169,-0.15878546754349454
mm_net,MM Net,Full History percentile,percentile,,mm_net_percentile_full_history,8W,gold_return_8w,60-70,87,0.025691561825956076,0.01790804797690826,0.6091954022988506,0.24907959114291334,-0.11273366392236395,-0.1204135739072435
mm_net,MM Net,Full History percentile,percentile,,mm_net_percentile_full_history,8W,gold_return_8w,70-80,88,0.036443501242858355,0.0333521188210536,0.6477272727272727,0.2391145624670039,-0.11590482956796466,-0.1204135739072435
mm_net,MM Net,Full History percentile,percentile,,mm_net_percentile_full_history,8W,gold_return_8w,80-90,87,0.03709205203715795,0.04477736676732946,0.735632183908046,0.19719572007532582,-0.11117693172667975,-0.13647792390513236
mm_net,MM Net,Full History percentile,percentile,,mm_net_percentile_full_history,8W,gold_return_8w,90-100,88,0.017020193029968614,0.008994196593791748,0.5340909090909091,0.15453495452804367,-0.08665813583104709,-0.11727902345840291
producer_net,Producer Net,52W percentile,percentile,52.0,producer_net_percentile_52w,1W,gold_return_1w,0-10,115,0.0005934965044916308,0.00016630721430144213,0.5043478260869565,0.05974783733921063,-0.06468940995295891,-0.06468940995295891
producer_net,Producer Net,52W percentile,percentile,52.0,producer_net_percentile_52w,1W,gold_return_1w,10-20,56,-0.0011283992270086282,-0.0002547798542464341,0.48214285714285715,0.05029857390026882,-0.05119879076312228,-0.05119879076312228
producer_net,Producer Net,52W percentile,percentile,52.0,producer_net_percentile_52w,1W,gold_return_1w,20-30,57,0.00107072227444289,0.0004392901260321658,0.5263157894736842,0.05108125331038127,-0.05071641191914644,-0.05071641191914644
producer_net,Producer Net,52W percentile,percentile,52.0,producer_net_percentile_52w,1W,gold_return_1w,30-40,68,0.0037269017300404317,0.003530134537128471,0.6029411764705882,0.048918387413962705,-0.08635005098425519,-0.08635005098425519
producer_net,Producer Net,52W percentile,percentile,52.0,producer_net_percentile_52w,1W,gold_return_1w,40-50,72,0.004097941993215177,0.0053831310703649216,0.6111111111111112,0.06333708795450965,-0.0808871997749745,-0.0808871997749745
producer_net,Producer Net,52W percentile,percentile,52.0,producer_net_percentile_52w,1W,gold_return_1w,50-60,67,0.002286711489169566,0.00400627277865917,0.6417910447761194,0.04195138844770341,-0.048254193694034275,-0.048254193694034275
producer_net,Producer Net,52W percentile,percentile,52.0,producer_net_percentile_52w,1W,gold_return_1w,60-70,56,0.002165884653411294,0.005661338514943437,0.6428571428571429,0.08872708019648767,-0.042292359337689045,-0.042292359337689045
producer_net,Producer Net,52W percentile,percentile,52.0,producer_net_percentile_52w,1W,gold_return_1w,70-80,75,0.002226169144265396,0.001809494825192548,0.56,0.08432153923414987,-0.03988636489914599,-0.03988636489914599
producer_net,Producer Net,52W percentile,percentile,52.0,producer_net_percentile_52w,1W,gold_return_1w,80-90,74,0.004470284047095092,0.0025668851211538835,0.527027027027027,0.05644086649975155,-0.050155319931290854,-0.050155319931290854
producer_net,Producer Net,52W percentile,percentile,52.0,producer_net_percentile_52w,1W,gold_return_1w,90-100,182,0.0006359947757725713,0.0010573282371940662,0.5164835164835165,0.06729552864015265,-0.12570918451764834,-0.12570918451764834
producer_net,Producer Net,52W percentile,percentile,52.0,producer_net_percentile_52w,2W,gold_return_2w,0-10,115,0.0012866321131290174,0.0,0.4956521739130435,0.08557159261273517,-0.07137199495423874,-0.0808871997749745
producer_net,Producer Net,52W percentile,percentile,52.0,producer_net_percentile_52w,2W,gold_return_2w,10-20,56,-0.004821975494791246,-0.004809218679442451,0.42857142857142855,0.07717406453724052,-0.060829326789522464,-0.060829326789522464
producer_net,Producer Net,52W percentile,percentile,52.0,producer_net_percentile_52w,2W,gold_return_2w,20-30,57,0.0006305887640898227,-0.0009344241999692526,0.49122807017543857,0.07030061471922955,-0.09645285117833136,-0.09645285117833136
producer_net,Producer Net,52W percentile,percentile,52.0,producer_net_percentile_52w,2W,gold_return_2w,30-40,68,0.010460554715329225,0.007727219968997945,0.6323529411764706,0.0775620034100104,-0.1062216467438084,-0.1062216467438084
producer_net,Producer Net,52W percentile,percentile,52.0,producer_net_percentile_52w,2W,gold_return_2w,40-50,72,0.00715555280026516,0.005744450294390413,0.625,0.07149824544913708,-0.05797099093690261,-0.0808871997749745
producer_net,Producer Net,52W percentile,percentile,52.0,producer_net_percentile_52w,2W,gold_return_2w,50-60,67,0.009317983150490731,0.0108042480613737,0.6119402985074627,0.10692488585101612,-0.04942339164722831,-0.05071641191914644
producer_net,Producer Net,52W percentile,percentile,52.0,producer_net_percentile_52w,2W,gold_return_2w,60-70,56,0.006460979081200227,0.009898925524243207,0.625,0.06563329844200827,-0.05508472961315902,-0.05508472961315902
producer_net,Producer Net,52W percentile,percentile,52.0,producer_net_percentile_52w,2W,gold_return_2w,70-80,75,0.0068744451196567505,0.002673836459798684,0.52,0.14566775391111086,-0.07259206798866857,-0.07259206798866857
producer_net,Producer Net,52W percentile,percentile,52.0,producer_net_percentile_52w,2W,gold_return_2w,80-90,74,0.0032973936875711186,0.00255786280334791,0.5405405405405406,0.08619188268210953,-0.051829409172971075,-0.051829409172971075
producer_net,Producer Net,52W percentile,percentile,52.0,producer_net_percentile_52w,2W,gold_return_2w,90-100,181,0.0004846694582854629,0.0018616772866961728,0.5193370165745856,0.07829790202317621,-0.15878546754349454,-0.15878546754349454
producer_net,Producer Net,52W percentile,percentile,52.0,producer_net_percentile_52w,4W,gold_return_4w,0-10,115,0.0009062991068184399,0.0017462837064086134,0.5130434782608696,0.14951136761868566,-0.13647792390513236,-0.13647792390513236
producer_net,Producer Net,52W percentile,percentile,52.0,producer_net_percentile_52w,4W,gold_return_4w,10-20,56,-0.006195610396601924,-0.011500641051814253,0.35714285714285715,0.08776844070961709,-0.09640333951559199,-0.11727902345840291
producer_net,Producer Net,52W percentile,percentile,52.0,producer_net_percentile_52w,4W,gold_return_4w,20-30,57,0.0008897425269218662,-0.001755873561935406,0.45614035087719296,0.1133737255494327,-0.0914714764560266,-0.11610471424735846
producer_net,Producer Net,52W percentile,percentile,52.0,producer_net_percentile_52w,4W,gold_return_4w,30-40,68,0.014279269772976303,0.01413232303062606,0.6176470588235294,0.12193345031752378,-0.08574118593344016,-0.1062216467438084
producer_net,Producer Net,52W percentile,percentile,52.0,producer_net_percentile_52w,4W,gold_return_4w,40-50,72,0.019144637830432236,0.014471713346782988,0.6805555555555556,0.1624218642195807,-0.0830846920054108,-0.0830846920054108
producer_net,Producer Net,52W percentile,percentile,52.0,producer_net_percentile_52w,4W,gold_return_4w,50-60,67,0.016334811016986098,0.019053177884809536,0.6119402985074627,0.09403863764068499,-0.07657027217864476,-0.07657027217864476
producer_net,Producer Net,52W percentile,percentile,52.0,producer_net_percentile_52w,4W,gold_return_4w,60-70,56,0.013039596799315862,0.009106470042581027,0.6071428571428571,0.1520099174022118,-0.07716319545461392,-0.07716319545461392
producer_net,Producer Net,52W percentile,percentile,52.0,producer_net_percentile_52w,4W,gold_return_4w,70-80,75,0.013890086276920144,0.006949475220959567,0.56,0.14923865199234854,-0.0892351274787535,-0.0892351274787535
producer_net,Producer Net,52W percentile,percentile,52.0,producer_net_percentile_52w,4W,gold_return_4w,80-90,73,0.0070829645424527465,0.005736036169002645,0.5753424657534246,0.08801927969683554,-0.07363084427957589,-0.07820637582378775
producer_net,Producer Net,52W percentile,percentile,52.0,producer_net_percentile_52w,4W,gold_return_4w,90-100,180,0.002279116385829276,0.003649230703739126,0.55,0.11568198922945494,-0.14672796242247665,-0.15878546754349454
producer_net,Producer Net,52W percentile,percentile,52.0,producer_net_percentile_52w,8W,gold_return_8w,0-10,115,0.004703418766275734,-0.007113973211261837,0.45217391304347826,0.1175306215943337,-0.11273366392236395,-0.13647792390513236
producer_net,Producer Net,52W percentile,percentile,52.0,producer_net_percentile_52w,8W,gold_return_8w,10-20,56,-0.008970194912258039,-0.014272764015851369,0.375,0.11893133498330144,-0.11117693172667975,-0.13647792390513236
producer_net,Producer Net,52W percentile,percentile,52.0,producer_net_percentile_52w,8W,gold_return_8w,20-30,57,0.007559633436998018,0.005729512283223492,0.5263157894736842,0.15291075317856562,-0.07355822140876578,-0.11610471424735846
producer_net,Producer Net,52W percentile,percentile,52.0,producer_net_percentile_52w,8W,gold_return_8w,30-40,68,0.023830213657160756,0.018835418412088245,0.5882352941176471,0.19719572007532582,-0.08008739447469948,-0.1062216467438084
producer_net,Producer Net,52W percentile,percentile,52.0,producer_net_percentile_52w,8W,gold_return_8w,40-50,72,0.025189330894858714,0.01872181491486391,0.6944444444444444,0.17978986510003114,-0.11245966153384135,-0.11245966153384135
producer_net,Producer Net,52W percentile,percentile,52.0,producer_net_percentile_52w,8W,gold_return_8w,50-60,67,0.029429962280154348,0.023260029685683747,0.5970149253731343,0.17592451768322803,-0.11590482956796466,-0.1204135739072435
producer_net,Producer Net,52W percentile,percentile,52.0,producer_net_percentile_52w,8W,gold_return_8w,60-70,56,0.01743227029628009,0.009115539174831211,0.5535714285714286,0.16568806134001735,-0.11038605371419963,-0.1204135739072435
producer_net,Producer Net,52W percentile,percentile,52.0,producer_net_percentile_52w,8W,gold_return_8w,70-80,75,0.0317441051846202,0.02477009467447111,0.68,0.2391145624670039,-0.07740522865092292,-0.09844192634560911
producer_net,Producer Net,52W percentile,percentile,52.0,producer_net_percentile_52w,8W,gold_return_8w,80-90,71,0.028077054342471302,0.02957938140420291,0.5915492957746479,0.20789518759017245,-0.06783524356230952,-0.10389974526436185
producer_net,Producer Net,52W percentile,percentile,52.0,producer_net_percentile_52w,8W,gold_return_8w,90-100,178,0.003372516473594784,-0.0031738644868203325,0.47752808988764045,0.24907959114291334,-0.14175294990618525,-0.15878546754349454
producer_net,Producer Net,104W percentile,percentile,104.0,producer_net_percentile_104w,1W,gold_return_1w,0-10,94,-0.0023949831976744565,-0.003455237040453474,0.425531914893617,0.043345536398685436,-0.06468940995295891,-0.06468940995295891
producer_net,Producer Net,104W percentile,percentile,104.0,producer_net_percentile_104w,1W,gold_return_1w,10-20,58,0.005319418215252564,0.00587478602342173,0.6206896551724138,0.05974783733921063,-0.036461814297394146,-0.036461814297394146
producer_net,Producer Net,104W percentile,percentile,104.0,producer_net_percentile_104w,1W,gold_return_1w,20-30,73,0.0007087239114853705,0.0018703320627813103,0.5753424657534246,0.04195138844770341,-0.0808871997749745,-0.0808871997749745
producer_net,Producer Net,104W percentile,percentile,104.0,producer_net_percentile_104w,1W,gold_return_1w,30-40,64,0.005210763313105056,0.0023420949969613636,0.53125,0.08872708019648767,-0.050276545080313984,-0.050276545080313984
producer_net,Producer Net,104W percentile,percentile,104.0,producer_net_percentile_104w,1W,gold_return_1w,40-50,102,0.003432764414776751,0.0052023175427400314,0.6274509803921569,0.055525361160558395,-0.08635005098425519,-0.08635005098425519
producer_net,Producer Net,104W percentile,percentile,104.0,producer_net_percentile_104w,1W,gold_return_1w,50-60,70,0.004864896623371565,0.005562465223458157,0.6571428571428571,0.05029857390026882,-0.05470318951103592,-0.05470318951103592
producer_net,Producer Net,104W percentile,percentile,104.0,producer_net_percentile_104w,1W,gold_return_1w,60-70,47,0.0028369373011888897,0.005419215192854487,0.5531914893617021,0.03868842897795943,-0.03252582928082792,-0.03252582928082792
producer_net,Producer Net,104W percentile,percentile,104.0,producer_net_percentile_104w,1W,gold_return_1w,70-80,57,0.002662467523091865,0.003830439223697635,0.5964912280701754,0.047453166515198486,-0.03951454658801512,-0.03951454658801512
producer_net,Producer Net,104W percentile,percentile,104.0,producer_net_percentile_104w,1W,gold_return_1w,80-90,83,0.0010575788476144673,0.0009815747310255585,0.5421686746987951,0.06729552864015265,-0.03988636489914599,-0.03988636489914599
producer_net,Producer Net,104W percentile,percentile,104.0,producer_net_percentile_104w,1W,gold_return_1w,90-100,174,-0.00017009193554755442,0.00011517824062573512,0.5,0.058031614463415204,-0.12570918451764834,-0.12570918451764834
producer_net,Producer Net,104W percentile,percentile,104.0,producer_net_percentile_104w,2W,gold_return_2w,0-10,94,-0.004072997007806081,-0.005607270429992983,0.4148936170212766,0.06761119591819176,-0.07137199495423874,-0.0808871997749745
producer_net,Producer Net,104W percentile,percentile,104.0,producer_net_percentile_104w,2W,gold_return_2w,10-20,58,0.009627155159773436,0.005687599549093925,0.6379310344827587,0.08557159261273517,-0.048773520210935506,-0.06468940995295891
producer_net,Producer Net,104W percentile,percentile,104.0,producer_net_percentile_104w,2W,gold_return_2w,20-30,73,0.004942758505173499,0.004105654664139369,0.5616438356164384,0.0775620034100104,-0.05349203288269,-0.0808871997749745
producer_net,Producer Net,104W percentile,percentile,104.0,producer_net_percentile_104w,2W,gold_return_2w,30-40,64,0.006671490452176503,0.0033121869482352073,0.609375,0.14566775391111086,-0.06682651925334737,-0.06682651925334737
producer_net,Producer Net,104W percentile,percentile,104.0,producer_net_percentile_104w,2W,gold_return_2w,40-50,102,0.006891507120176306,0.005322838977813382,0.5980392156862745,0.10944797529729877,-0.1062216467438084,-0.1062216467438084
producer_net,Producer Net,104W percentile,percentile,104.0,producer_net_percentile_104w,2W,gold_return_2w,50-60,70,0.009336035962386493,0.00534950289289593,0.5714285714285714,0.10692488585101612,-0.0585265554840122,-0.0585265554840122
producer_net,Producer Net,104W percentile,percentile,104.0,producer_net_percentile_104w,2W,gold_return_2w,60-70,47,0.00604699059382752,0.009889105562856937,0.6382978723404256,0.07030061471922955,-0.043354956081193996,-0.043354956081193996
producer_net,Producer Net,104W percentile,percentile,104.0,producer_net_percentile_104w,2W,gold_return_2w,70-80,57,0.007143784183755098,0.0011399085307546297,0.543859649122807,0.07516376787808032,-0.04865886036364697,-0.04865886036364697
producer_net,Producer Net,104W percentile,percentile,104.0,producer_net_percentile_104w,2W,gold_return_2w,80-90,83,0.0024645559198484567,0.001748477304202245,0.5301204819277109,0.06841610558223854,-0.07259206798866857,-0.07259206798866857
producer_net,Producer Net,104W percentile,percentile,104.0,producer_net_percentile_104w,2W,gold_return_2w,90-100,173,-0.0013982667407863433,-0.0015227145407245013,0.48554913294797686,0.07829790202317621,-0.15878546754349454,-0.15878546754349454
producer_net,Producer Net,104W percentile,percentile,104.0,producer_net_percentile_104w,4W,gold_return_4w,0-10,94,-0.003536879641122937,-0.006826884819692458,0.4574468085106383,0.10875109896113155,-0.09278442175562396,-0.09278442175562396
producer_net,Producer Net,104W percentile,percentile,104.0,producer_net_percentile_104w,4W,gold_return_4w,10-20,58,0.00755010172140799,0.0018767334804844493,0.5172413793103449,0.14951136761868566,-0.13647792390513236,-0.13647792390513236
producer_net,Producer Net,104W percentile,percentile,104.0,producer_net_percentile_104w,4W,gold_return_4w,20-30,73,0.014211272175025784,0.015872995981117244,0.6575342465753424,0.12471478775865297,-0.0830846920054108,-0.0830846920054108
producer_net,Producer Net,104W percentile,percentile,104.0,producer_net_percentile_104w,4W,gold_return_4w,30-40,64,0.00900886101893529,0.0005433044770912776,0.515625,0.1520099174022118,-0.09640333951559199,-0.11727902345840291
producer_net,Producer Net,104W percentile,percentile,104.0,producer_net_percentile_104w,4W,gold_return_4w,40-50,102,0.012664455116926083,0.005795023640684294,0.5588235294117647,0.1624218642195807,-0.0914714764560266,-0.11610471424735846
producer_net,Producer Net,104W percentile,percentile,104.0,producer_net_percentile_104w,4W,gold_return_4w,50-60,70,0.018654240512240444,0.02186705210391615,0.6714285714285714,0.11402776925671065,-0.06956931921542997,-0.07737720432495843
producer_net,Producer Net,104W percentile,percentile,104.0,producer_net_percentile_104w,4W,gold_return_4w,60-70,47,0.008309729863790645,0.007659606407292241,0.574468085106383,0.08404830943736608,-0.05087532491486557,-0.06499221438821745
producer_net,Producer Net,104W percentile,percentile,104.0,producer_net_percentile_104w,4W,gold_return_4w,70-80,57,0.015526161427692274,0.0128783141032629,0.6140350877192983,0.11568198922945494,-0.06597863060254205,-0.06597863060254205
producer_net,Producer Net,104W percentile,percentile,104.0,producer_net_percentile_104w,4W,gold_return_4w,80-90,83,0.010517269447001182,0.009887079399889531,0.5783132530120482,0.11688382943918163,-0.0892351274787535,-0.0892351274787535
producer_net,Producer Net,104W percentile,percentile,104.0,producer_net_percentile_104w,4W,gold_return_4w,90-100,171,-0.0030081223172298286,0.0003175409677076413,0.5029239766081871,0.10037410670916813,-0.14672796242247665,-0.15878546754349454
producer_net,Producer Net,104W percentile,percentile,104.0,producer_net_percentile_104w,8W,gold_return_8w,0-10,94,0.003603177722373373,-0.007022826515241887,0.46808510638297873,0.11893133498330144,-0.11273366392236395,-0.11273366392236395
producer_net,Producer Net,104W percentile,percentile,104.0,producer_net_percentile_104w,8W,gold_return_8w,10-20,58,0.010810074727523555,0.006802178644217394,0.5517241379310345,0.1175306215943337,-0.08497781824664885,-0.13647792390513236
producer_net,Producer Net,104W percentile,percentile,104.0,producer_net_percentile_104w,8W,gold_return_8w,20-30,73,0.014183937137979247,0.010466097936588037,0.5753424657534246,0.17113530046085756,-0.11590482956796466,-0.1204135739072435
producer_net,Producer Net,104W percentile,percentile,104.0,producer_net_percentile_104w,8W,gold_return_8w,30-40,64,0.01813415576775457,0.013404346183850224,0.546875,0.14439525623002702,-0.11117693172667975,-0.13647792390513236
producer_net,Producer Net,104W percentile,percentile,104.0,producer_net_percentile_104w,8W,gold_return_8w,40-50,102,0.026141462066476173,0.02883797152780876,0.5980392156862745,0.17978986510003114,-0.11245966153384135,-0.11610471424735846
producer_net,Producer Net,104W percentile,percentile,104.0,producer_net_percentile_104w,8W,gold_return_8w,50-60,70,0.03498868403647212,0.024171283618156902,0.5857142857142857,0.21337118039709324,-0.08396643733531406,-0.08396643733531406
producer_net,Producer Net,104W percentile,percentile,104.0,producer_net_percentile_104w,8W,gold_return_8w,60-70,47,0.0116087383505208,0.0018540165423426291,0.5319148936170213,0.17592451768322803,-0.05759600336499371,-0.07803865236007446
producer_net,Producer Net,104W percentile,percentile,104.0,producer_net_percentile_104w,8W,gold_return_8w,70-80,57,0.02995458942574843,0.016148050926899415,0.631578947368421,0.24907959114291334,-0.08111618928588493,-0.08111618928588493
producer_net,Producer Net,104W percentile,percentile,104.0,producer_net_percentile_104w,8W,gold_return_8w,80-90,83,0.021487954746116113,0.01754385964912286,0.6144578313253012,0.2391145624670039,-0.1339790371346169,-0.15878546754349454
producer_net,Producer Net,104W percentile,percentile,104.0,producer_net_percentile_104w,8W,gold_return_8w,90-100,167,-0.0029204011163284603,-0.007066663169219112,0.4491017964071856,0.1423287258562418,-0.14175294990618525,-0.15878546754349454
producer_net,Producer Net,156W percentile,percentile,156.0,producer_net_percentile_156w,1W,gold_return_1w,0-10,81,-0.0006781016581886122,-0.0019488611299880443,0.4691358024691358,0.03904363380005438,-0.06468940995295891,-0.06468940995295891
producer_net,Producer Net,156W percentile,percentile,156.0,producer_net_percentile_156w,1W,gold_return_1w,10-20,62,0.0034961912262164844,0.0052882240355695,0.6129032258064516,0.05974783733921063,-0.048254193694034275,-0.048254193694034275
producer_net,Producer Net,156W percentile,percentile,156.0,producer_net_percentile_156w,1W,gold_return_1w,20-30,56,0.004207735931424715,0.006600459004444836,0.5535714285714286,0.08432153923414987,-0.05071641191914644,-0.05071641191914644
producer_net,Producer Net,156W percentile,percentile,156.0,producer_net_percentile_156w,1W,gold_return_1w,30-40,75,0.004445805954312692,0.003960988324271275,0.6266666666666667,0.04258304722533501,-0.050155319931290854,-0.050155319931290854
producer_net,Producer Net,156W percentile,percentile,156.0,producer_net_percentile_156w,1W,gold_return_1w,40-50,69,0.0005265414930590368,0.003012317228141548,0.5942028985507246,0.05108125331038127,-0.08635005098425519,-0.08635005098425519
producer_net,Producer Net,156W percentile,percentile,156.0,producer_net_percentile_156w,1W,gold_return_1w,50-60,67,0.004506034592784474,0.005152884810619707,0.582089552238806,0.08872708019648767,-0.050276545080313984,-0.050276545080313984
producer_net,Producer Net,156W percentile,percentile,156.0,producer_net_percentile_156w,1W,gold_return_1w,60-70,87,0.0030000209154143697,0.0026987948158914143,0.5632183908045977,0.06729552864015265,-0.05470318951103592,-0.05470318951103592
producer_net,Producer Net,156W percentile,percentile,156.0,producer_net_percentile_156w,1W,gold_return_1w,70-80,58,0.0011458192011324518,0.0011172023017411714,0.5172413793103449,0.03868842897795943,-0.042167673859193844,-0.042167673859193844
producer_net,Producer Net,156W percentile,percentile,156.0,producer_net_percentile_156w,1W,gold_return_1w,80-90,95,0.0010161156309987953,0.0020992425868009423,0.5894736842105263,0.03674110804078534,-0.04491460574242323,-0.04491460574242323
producer_net,Producer Net,156W percentile,percentile,156.0,producer_net_percentile_156w,1W,gold_return_1w,90-100,172,5.4975218185188004e-05,-0.0005370361554805081,0.4941860465116279,0.058031614463415204,-0.12570918451764834,-0.12570918451764834
producer_net,Producer Net,156W percentile,percentile,156.0,producer_net_percentile_156w,2W,gold_return_2w,0-10,81,0.0007249771612009591,-0.0004535938348887436,0.48148148148148145,0.06761119591819176,-0.060829326789522464,-0.06468940995295891
producer_net,Producer Net,156W percentile,percentile,156.0,producer_net_percentile_156w,2W,gold_return_2w,10-20,62,0.004175330460135392,0.0031435878218017965,0.5967741935483871,0.08557159261273517,-0.06736381073620279,-0.06736381073620279
producer_net,Producer Net,156W percentile,percentile,156.0,producer_net_percentile_156w,2W,gold_return_2w,20-30,56,0.006637830748332151,0.006903073606225996,0.5714285714285714,0.14566775391111086,-0.07137199495423874,-0.0808871997749745
producer_net,Producer Net,156W percentile,percentile,156.0,producer_net_percentile_156w,2W,gold_return_2w,30-40,75,0.012615654449995727,0.007672865363574477,0.6266666666666667,0.10692488585101612,-0.05349203288269,-0.05349203288269
producer_net,Producer Net,156W percentile,percentile,156.0,producer_net_percentile_156w,2W,gold_return_2w,40-50,69,0.00150737446886042,0.003943704293066119,0.5362318840579711,0.07516376787808032,-0.1062216467438084,-0.1062216467438084
producer_net,Producer Net,156W percentile,percentile,156.0,producer_net_percentile_156w,2W,gold_return_2w,50-60,67,0.007085919252199387,0.004490244675524613,0.6268656716417911,0.07122593316703618,-0.06682651925334737,-0.06682651925334737
producer_net,Producer Net,156W percentile,percentile,156.0,producer_net_percentile_156w,2W,gold_return_2w,60-70,87,0.004967163230315801,0.0013167597346188664,0.5287356321839081,0.10944797529729877,-0.0585265554840122,-0.0585265554840122
producer_net,Producer Net,156W percentile,percentile,156.0,producer_net_percentile_156w,2W,gold_return_2w,70-80,58,0.004077140097775874,0.002890369077595323,0.5517241379310345,0.05180763457052051,-0.06125140330543344,-0.06125140330543344
producer_net,Producer Net,156W percentile,percentile,156.0,producer_net_percentile_156w,2W,gold_return_2w,80-90,95,0.002177048694191275,-0.0005454731908584032,0.49473684210526314,0.05858624130482126,-0.06312806488907452,-0.06312806488907452
producer_net,Producer Net,156W percentile,percentile,156.0,producer_net_percentile_156w,2W,gold_return_2w,90-100,171,-0.0006775443836077249,0.0011856900315538876,0.5087719298245614,0.07829790202317621,-0.15878546754349454,-0.15878546754349454
producer_net,Producer Net,156W percentile,percentile,156.0,producer_net_percentile_156w,4W,gold_return_4w,0-10,81,0.0027535638420901933,0.0035731299926673454,0.5185185185185185,0.09000321263472832,-0.06158290653805287,-0.07851149906442356
producer_net,Producer Net,156W percentile,percentile,156.0,producer_net_percentile_156w,4W,gold_return_4w,10-20,62,0.0097909323338161,0.01090192068342255,0.6129032258064516,0.14951136761868566,-0.13647792390513236,-0.13647792390513236
producer_net,Producer Net,156W percentile,percentile,156.0,producer_net_percentile_156w,4W,gold_return_4w,20-30,56,0.00685863314846281,0.0005457971850679755,0.5,0.14923865199234854,-0.0656482246077622,-0.0808871997749745
producer_net,Producer Net,156W percentile,percentile,156.0,producer_net_percentile_156w,4W,gold_return_4w,30-40,75,0.019755010003370925,0.019618522365159485,0.6266666666666667,0.1624218642195807,-0.09640333951559199,-0.11727902345840291
producer_net,Producer Net,156W percentile,percentile,156.0,producer_net_percentile_156w,4W,gold_return_4w,40-50,69,0.008752298836178991,0.0039972243823278575,0.5652173913043478,0.11568198922945494,-0.0914714764560266,-0.11610471424735846
producer_net,Producer Net,156W percentile,percentile,156.0,producer_net_percentile_156w,4W,gold_return_4w,50-60,67,0.015503764672589708,0.0038924961912021327,0.582089552238806,0.1520099174022118,-0.04737163637448949,-0.07050355809102715
producer_net,Producer Net,156W percentile,percentile,156.0,producer_net_percentile_156w,4W,gold_return_4w,60-70,87,0.007731957567739671,0.007659606407292241,0.5747126436781609,0.10918967150622261,-0.06956931921542997,-0.07737720432495843
producer_net,Producer Net,156W percentile,percentile,156.0,producer_net_percentile_156w,4W,gold_return_4w,70-80,58,0.00803383113012579,0.007003954631444098,0.5862068965517241,0.08404830943736608,-0.073624454142869,-0.073624454142869
producer_net,Producer Net,156W percentile,percentile,156.0,producer_net_percentile_156w,4W,gold_return_4w,80-90,95,0.006578833012327714,0.0027070462848199917,0.5263157894736842,0.11688382943918163,-0.07716319545461392,-0.07716319545461392
producer_net,Producer Net,156W percentile,percentile,156.0,producer_net_percentile_156w,4W,gold_return_4w,90-100,169,-0.0008934011074835763,0.0020117555859702207,0.514792899408284,0.11483539553129396,-0.14672796242247665,-0.15878546754349454
producer_net,Producer Net,156W percentile,percentile,156.0,producer_net_percentile_156w,8W,gold_return_8w,0-10,81,0.009590416868809775,0.0044181700660455014,0.5061728395061729,0.11893133498330144,-0.08665813583104709,-0.08665813583104709
producer_net,Producer Net,156W percentile,percentile,156.0,producer_net_percentile_156w,8W,gold_return_8w,10-20,62,0.012565476059048545,0.012966841847563693,0.6129032258064516,0.17087280042283526,-0.11590482956796466,-0.13647792390513236
producer_net,Producer Net,156W percentile,percentile,156.0,producer_net_percentile_156w,8W,gold_return_8w,20-30,56,0.02804059712295424,0.01861267069632988,0.6071428571428571,0.17113530046085756,-0.11038605371419963,-0.1204135739072435
producer_net,Producer Net,156W percentile,percentile,156.0,producer_net_percentile_156w,8W,gold_return_8w,30-40,75,0.025357487689899167,0.02613448804414986,0.56,0.21337118039709324,-0.11273366392236395,-0.13647792390513236
producer_net,Producer Net,156W percentile,percentile,156.0,producer_net_percentile_156w,8W,gold_return_8w,40-50,69,0.01802320623455912,0.008137172552748817,0.5652173913043478,0.2063093411344592,-0.11245966153384135,-0.11610471424735846
producer_net,Producer Net,156W percentile,percentile,156.0,producer_net_percentile_156w,8W,gold_return_8w,50-60,67,0.028506817044891854,0.020974926761439194,0.582089552238806,0.24907959114291334,-0.07419016964676273,-0.10164593324429205
producer_net,Producer Net,156W percentile,percentile,156.0,producer_net_percentile_156w,8W,gold_return_8w,60-70,87,0.019491353700353407,0.02590734813142115,0.5517241379310345,0.17918621397194823,-0.1339790371346169,-0.15878546754349454
producer_net,Producer Net,156W percentile,percentile,156.0,producer_net_percentile_156w,8W,gold_return_8w,70-80,58,0.007423039474620296,-0.003888759540678688,0.4482758620689655,0.17592451768322803,-0.06778104673598007,-0.07803865236007446
producer_net,Producer Net,156W percentile,percentile,156.0,producer_net_percentile_156w,8W,gold_return_8w,80-90,95,0.014472392677804759,0.007852665246214308,0.5684210526315789,0.2391145624670039,-0.10414806770093099,-0.10414806770093099
producer_net,Producer Net,156W percentile,percentile,156.0,producer_net_percentile_156w,8W,gold_return_8w,90-100,165,0.000869462758665426,-0.0029239766081871066,0.4909090909090909,0.1423287258562418,-0.14175294990618525,-0.15878546754349454
producer_net,Producer Net,260W percentile,percentile,260.0,producer_net_percentile_260w,1W,gold_return_1w,0-10,39,-0.004807112465032299,-0.005888715116771248,0.358974358974359,0.025592306039883717,-0.06468940995295891,-0.06468940995295891
producer_net,Producer Net,260W percentile,percentile,260.0,producer_net_percentile_260w,1W,gold_return_1w,10-20,34,0.0013640251620038817,0.0050844754173592355,0.5882352941176471,0.05974783733921063,-0.03596608752691588,-0.03596608752691588
producer_net,Producer Net,260W percentile,percentile,260.0,producer_net_percentile_260w,1W,gold_return_1w,20-30,60,0.00500026964513258,0.006524670366079843,0.65,0.040763489834391375,-0.05071641191914644,-0.05071641191914644
producer_net,Producer Net,260W percentile,percentile,260.0,producer_net_percentile_260w,1W,gold_return_1w,30-40,74,0.0029383182128592976,0.005822157009086837,0.5540540540540541,0.05072036986960882,-0.0808871997749745,-0.0808871997749745
producer_net,Producer Net,260W percentile,percentile,260.0,producer_net_percentile_260w,1W,gold_return_1w,40-50,63,0.0028221195968894325,0.00494877163327101,0.5873015873015873,0.08872708019648767,-0.08635005098425519,-0.08635005098425519
producer_net,Producer Net,260W percentile,percentile,260.0,producer_net_percentile_260w,1W,gold_return_1w,50-60,80,0.0060068308813116325,0.005328880369957267,0.6375,0.06333708795450965,-0.05622979951011842,-0.05622979951011842
producer_net,Producer Net,260W percentile,percentile,260.0,producer_net_percentile_260w,1W,gold_return_1w,60-70,115,0.0026471423783418547,0.0035896777609327746,0.591304347826087,0.06729552864015265,-0.05470318951103592,-0.05470318951103592
producer_net,Producer Net,260W percentile,percentile,260.0,producer_net_percentile_260w,1W,gold_return_1w,70-80,94,0.00016261971857854988,0.0004697358011830355,0.5212765957446809,0.048918387413962705,-0.050276545080313984,-0.050276545080313984
producer_net,Producer Net,260W percentile,percentile,260.0,producer_net_percentile_260w,1W,gold_return_1w,80-90,80,0.0038439831041677253,0.005755554893486781,0.575,0.03868842897795943,-0.042167673859193844,-0.042167673859193844
producer_net,Producer Net,260W percentile,percentile,260.0,producer_net_percentile_260w,1W,gold_return_1w,90-100,183,-0.0008706527834262898,-0.0013092565074371842,0.48633879781420764,0.058031614463415204,-0.12570918451764834,-0.12570918451764834
producer_net,Producer Net,260W percentile,percentile,260.0,producer_net_percentile_260w,2W,gold_return_2w,0-10,39,-0.007789294579672237,-0.005466563347808928,0.358974358974359,0.04209787301666612,-0.05221043582995244,-0.06468940995295891
producer_net,Producer Net,260W percentile,percentile,260.0,producer_net_percentile_260w,2W,gold_return_2w,10-20,34,0.0012108629763643052,0.00164794404964963,0.5294117647058824,0.08557159261273517,-0.07137199495423874,-0.0808871997749745
producer_net,Producer Net,260W percentile,percentile,260.0,producer_net_percentile_260w,2W,gold_return_2w,20-30,60,0.009615187931928787,0.013336915786423487,0.6166666666666667,0.0775620034100104,-0.05498153938588113,-0.05498153938588113
producer_net,Producer Net,260W percentile,percentile,260.0,producer_net_percentile_260w,2W,gold_return_2w,30-40,74,0.008677682860602475,0.007457973550989205,0.6756756756756757,0.06798853380926717,-0.060829326789522464,-0.0808871997749745
producer_net,Producer Net,260W percentile,percentile,260.0,producer_net_percentile_260w,2W,gold_return_2w,40-50,63,0.006110599449433002,0.0028920304161645927,0.5555555555555556,0.14566775391111086,-0.1062216467438084,-0.1062216467438084
producer_net,Producer Net,260W percentile,percentile,260.0,producer_net_percentile_260w,2W,gold_return_2w,50-60,80,0.0070600692955089485,0.0008110945847760176,0.525,0.10944797529729877,-0.05797099093690261,-0.05797099093690261
producer_net,Producer Net,260W percentile,percentile,260.0,producer_net_percentile_260w,2W,gold_return_2w,60-70,115,0.005526009779791679,0.004891930433726266,0.5652173913043478,0.07717406453724052,-0.0585265554840122,-0.0585265554840122
producer_net,Producer Net,260W percentile,percentile,260.0,producer_net_percentile_260w,2W,gold_return_2w,70-80,94,0.0034223296281148314,0.0019753778352950002,0.5425531914893617,0.07122593316703618,-0.06682651925334737,-0.06682651925334737
producer_net,Producer Net,260W percentile,percentile,260.0,producer_net_percentile_260w,2W,gold_return_2w,80-90,80,0.003795558687197913,0.0032709403621258293,0.575,0.05858624130482126,-0.06312806488907452,-0.06312806488907452
producer_net,Producer Net,260W percentile,percentile,260.0,producer_net_percentile_260w,2W,gold_return_2w,90-100,182,-0.001061682627960106,-0.002751317814992771,0.4835164835164835,0.07829790202317621,-0.15878546754349454,-0.15878546754349454
producer_net,Producer Net,260W percentile,percentile,260.0,producer_net_percentile_260w,4W,gold_return_4w,0-10,39,-0.011116993333358317,-0.009499863429220379,0.2564102564102564,0.04263174288274563,-0.059100740541649266,-0.07851149906442356
producer_net,Producer Net,260W percentile,percentile,260.0,producer_net_percentile_260w,4W,gold_return_4w,10-20,34,-0.0009076164655039393,-0.005436577508495577,0.5,0.14951136761868566,-0.13647792390513236,-0.13647792390513236
producer_net,Producer Net,260W percentile,percentile,260.0,producer_net_percentile_260w,4W,gold_return_4w,20-30,60,0.014562575125082411,0.0053541152403110415,0.6,0.12193345031752378,-0.05003790750568615,-0.06468940995295891
producer_net,Producer Net,260W percentile,percentile,260.0,producer_net_percentile_260w,4W,gold_return_4w,30-40,74,0.017740351192518856,0.017287683546959975,0.7162162162162162,0.1624218642195807,-0.09640333951559199,-0.11727902345840291
producer_net,Producer Net,260W percentile,percentile,260.0,producer_net_percentile_260w,4W,gold_return_4w,40-50,63,0.019362437976703676,0.02118947992236553,0.6984126984126984,0.1520099174022118,-0.09278442175562396,-0.11610471424735846
producer_net,Producer Net,260W percentile,percentile,260.0,producer_net_percentile_260w,4W,gold_return_4w,50-60,80,0.005380992801164082,-0.004630184001177762,0.45,0.11402776925671065,-0.06656381403848322,-0.07623094128024188
producer_net,Producer Net,260W percentile,percentile,260.0,producer_net_percentile_260w,4W,gold_return_4w,60-70,115,0.01247212566403781,0.009069961485938638,0.5826086956521739,0.11568198922945494,-0.07339160048106119,-0.07737720432495843
producer_net,Producer Net,260W percentile,percentile,260.0,producer_net_percentile_260w,4W,gold_return_4w,70-80,94,0.007582015785508447,0.007950264654698835,0.5957446808510638,0.11332770298399186,-0.06416939482874873,-0.07050355809102715
producer_net,Producer Net,260W percentile,percentile,260.0,producer_net_percentile_260w,4W,gold_return_4w,80-90,80,0.006827971317185176,0.003649230703739126,0.55,0.11688382943918163,-0.073624454142869,-0.073624454142869
producer_net,Producer Net,260W percentile,percentile,260.0,producer_net_percentile_260w,4W,gold_return_4w,90-100,180,-0.0006365558608116064,0.0007044738289458952,0.5055555555555555,0.11483539553129396,-0.14672796242247665,-0.15878546754349454
producer_net,Producer Net,260W percentile,percentile,260.0,producer_net_percentile_260w,8W,gold_return_8w,0-10,39,-0.007453722381115285,-0.00824025403315154,0.38461538461538464,0.05849718631601064,-0.08058198097369895,-0.08058198097369895
producer_net,Producer Net,260W percentile,percentile,260.0,producer_net_percentile_260w,8W,gold_return_8w,10-20,34,-0.0002292756445323517,-0.010700797982754418,0.4117647058823529,0.1175306215943337,-0.08497781824664885,-0.13647792390513236
producer_net,Producer Net,260W percentile,percentile,260.0,producer_net_percentile_260w,8W,gold_return_8w,20-30,60,0.022233444737914606,0.018742814695776433,0.5833333333333334,0.11893133498330144,-0.08665813583104709,-0.08665813583104709
producer_net,Producer Net,260W percentile,percentile,260.0,producer_net_percentile_260w,8W,gold_return_8w,30-40,74,0.019699740237462852,0.02211998846039609,0.6486486486486487,0.17978986510003114,-0.11590482956796466,-0.13647792390513236
producer_net,Producer Net,260W percentile,percentile,260.0,producer_net_percentile_260w,8W,gold_return_8w,40-50,63,0.04761756950975625,0.04690149548348965,0.746031746031746,0.21337118039709324,-0.09770795890147499,-0.11610471424735846
producer_net,Producer Net,260W percentile,percentile,260.0,producer_net_percentile_260w,8W,gold_return_8w,50-60,80,0.014760229073958502,0.012353035155159398,0.5375,0.19719572007532582,-0.11245966153384135,-0.11245966153384135
producer_net,Producer Net,260W percentile,percentile,260.0,producer_net_percentile_260w,8W,gold_return_8w,60-70,115,0.01887467439839983,0.0064404260589545625,0.5304347826086957,0.2063093411344592,-0.1339790371346169,-0.15878546754349454
producer_net,Producer Net,260W percentile,percentile,260.0,producer_net_percentile_260w,8W,gold_return_8w,70-80,94,0.02303684851830783,0.02264581596965176,0.5957446808510638,0.24907959114291334,-0.07419016964676273,-0.07803865236007446
producer_net,Producer Net,260W percentile,percentile,260.0,producer_net_percentile_260w,8W,gold_return_8w,80-90,80,0.013920678231088668,0.0015069694406759648,0.5125,0.2391145624670039,-0.07269462539764227,-0.07803865236007446
producer_net,Producer Net,260W percentile,percentile,260.0,producer_net_percentile_260w,8W,gold_return_8w,90-100,176,-0.0016907881036368484,-0.007696715553948741,0.4659090909090909,0.1423287258562418,-0.14175294990618525,-0.15878546754349454
producer_net,Producer Net,Full History percentile,percentile,,producer_net_percentile_full_history,1W,gold_return_1w,0-10,87,0.0013123996123063262,0.0021265443380504845,0.5517241379310345,0.05974783733921063,-0.08635005098425519,-0.08635005098425519
producer_net,Producer Net,Full History percentile,percentile,,producer_net_percentile_full_history,1W,gold_return_1w,10-20,87,0.0015106807833929882,0.004818037825662147,0.5977011494252874,0.044225513649620796,-0.03935412873384214,-0.03935412873384214
producer_net,Producer Net,Full History percentile,percentile,,producer_net_percentile_full_history,1W,gold_return_1w,20-30,88,0.0012388876794540314,0.0029772613350367294,0.5340909090909091,0.045249828904017075,-0.0808871997749745,-0.0808871997749745
producer_net,Producer Net,Full History percentile,percentile,,producer_net_percentile_full_history,1W,gold_return_1w,30-40,87,0.005005412707620137,0.0065450377815741145,0.5977011494252874,0.08872708019648767,-0.05622979951011842,-0.05622979951011842
producer_net,Producer Net,Full History percentile,percentile,,producer_net_percentile_full_history,1W,gold_return_1w,40-50,88,-0.0010726244669345157,0.0023978793337612325,0.5227272727272727,0.05029857390026882,-0.12570918451764834,-0.12570918451764834
producer_net,Producer Net,Full History percentile,percentile,,producer_net_percentile_full_history,1W,gold_return_1w,50-60,87,0.001592557647282473,0.002718042163559087,0.5862068965517241,0.04852944986968155,-0.05119879076312228,-0.05119879076312228
producer_net,Producer Net,Full History percentile,percentile,,producer_net_percentile_full_history,1W,gold_return_1w,60-70,87,0.003931997401437698,0.0025358189558639666,0.5977011494252874,0.08432153923414987,-0.050276545080313984,-0.050276545080313984
producer_net,Producer Net,Full History percentile,percentile,,producer_net_percentile_full_history,1W,gold_return_1w,70-80,88,0.006369946273572415,0.00658984496509285,0.625,0.06729552864015265,-0.050155319931290854,-0.050155319931290854
producer_net,Producer Net,Full History percentile,percentile,,producer_net_percentile_full_history,1W,gold_return_1w,80-90,87,-0.000548863465955692,-0.0038718921607409085,0.45977011494252873,0.05088479272038593,-0.032919143645069204,-0.032919143645069204
producer_net,Producer Net,Full History percentile,percentile,,producer_net_percentile_full_history,1W,gold_return_1w,90-100,87,0.0009563882844781079,0.0005595133268385677,0.5057471264367817,0.058031614463415204,-0.12031597586732656,-0.12031597586732656
producer_net,Producer Net,Full History percentile,percentile,,producer_net_percentile_full_history,2W,gold_return_2w,0-10,87,0.0008334547759964623,0.0,0.4942528735632184,0.08557159261273517,-0.1062216467438084,-0.1062216467438084
producer_net,Producer Net,Full History percentile,percentile,,producer_net_percentile_full_history,2W,gold_return_2w,10-20,87,0.004193148665911854,0.004351823613466532,0.5862068965517241,0.05813135458187069,-0.07137199495423874,-0.0808871997749745
producer_net,Producer Net,Full History percentile,percentile,,producer_net_percentile_full_history,2W,gold_return_2w,20-30,88,0.003543986493270387,0.003129030630436347,0.5681818181818182,0.06761119591819176,-0.06312806488907452,-0.0808871997749745
producer_net,Producer Net,Full History percentile,percentile,,producer_net_percentile_full_history,2W,gold_return_2w,30-40,87,0.0066620917053224465,0.005302715633667354,0.6206896551724138,0.10944797529729877,-0.06736381073620279,-0.06736381073620279
producer_net,Producer Net,Full History percentile,percentile,,producer_net_percentile_full_history,2W,gold_return_2w,40-50,88,-0.0016846575015862862,-0.0011602836999139998,0.4772727272727273,0.07406383375352754,-0.11954792056152808,-0.12570918451764834
producer_net,Producer Net,Full History percentile,percentile,,producer_net_percentile_full_history,2W,gold_return_2w,50-60,87,0.006605801893393018,0.0011454538960367078,0.5172413793103449,0.0775620034100104,-0.06125140330543344,-0.06125140330543344
producer_net,Producer Net,Full History percentile,percentile,,producer_net_percentile_full_history,2W,gold_return_2w,60-70,87,0.00892978082360591,0.005276762399686108,0.5632183908045977,0.14566775391111086,-0.05401879676324972,-0.05401879676324972
producer_net,Producer Net,Full History percentile,percentile,,producer_net_percentile_full_history,2W,gold_return_2w,70-80,88,0.0076572629041537854,0.009124088659139717,0.6590909090909091,0.07717406453724052,-0.06682651925334737,-0.06682651925334737
producer_net,Producer Net,Full History percentile,percentile,,producer_net_percentile_full_history,2W,gold_return_2w,80-90,87,0.0007897588113370039,-0.0015227145407245013,0.47126436781609193,0.07122593316703618,-0.0742192818967865,-0.0742192818967865
producer_net,Producer Net,Full History percentile,percentile,,producer_net_percentile_full_history,2W,gold_return_2w,90-100,86,0.0023742378918910375,0.005444445807566534,0.5232558139534884,0.07829790202317621,-0.15878546754349454,-0.15878546754349454
producer_net,Producer Net,Full History percentile,percentile,,producer_net_percentile_full_history,4W,gold_return_4w,0-10,87,0.00017500614850733085,-0.005165757727022768,0.4482758620689655,0.14951136761868566,-0.13647792390513236,-0.13647792390513236
producer_net,Producer Net,Full History percentile,percentile,,producer_net_percentile_full_history,4W,gold_return_4w,10-20,87,0.008298391776098445,0.006481687109917145,0.5517241379310345,0.11402776925671065,-0.07419414979501526,-0.0808871997749745
producer_net,Producer Net,Full History percentile,percentile,,producer_net_percentile_full_history,4W,gold_return_4w,20-30,88,0.010588339376069435,0.004441031112214389,0.6363636363636364,0.08632875031038378,-0.06806281453289831,-0.0808871997749745
producer_net,Producer Net,Full History percentile,percentile,,producer_net_percentile_full_history,4W,gold_return_4w,30-40,87,0.008746310750240594,0.007230907083903171,0.6436781609195402,0.1520099174022118,-0.09278442175562396,-0.09278442175562396
producer_net,Producer Net,Full History percentile,percentile,,producer_net_percentile_full_history,4W,gold_return_4w,40-50,88,-0.0005527652582852889,-0.0028915096704357768,0.48863636363636365,0.10918967150622261,-0.13932848829941735,-0.13932848829941735
producer_net,Producer Net,Full History percentile,percentile,,producer_net_percentile_full_history,4W,gold_return_4w,50-60,87,0.013617524816433777,0.009255631773592121,0.5862068965517241,0.12471478775865297,-0.073624454142869,-0.073624454142869
producer_net,Producer Net,Full History percentile,percentile,,producer_net_percentile_full_history,4W,gold_return_4w,60-70,87,0.018167825766152376,0.011036387211134535,0.5862068965517241,0.1624218642195807,-0.07030730860202183,-0.07030730860202183
producer_net,Producer Net,Full History percentile,percentile,,producer_net_percentile_full_history,4W,gold_return_4w,70-80,88,0.011995672491658827,0.011253837978537518,0.625,0.11568198922945494,-0.06791669968606773,-0.07050355809102715
producer_net,Producer Net,Full History percentile,percentile,,producer_net_percentile_full_history,4W,gold_return_4w,80-90,87,0.0030427789771156604,0.001877772851614834,0.5172413793103449,0.11483539553129396,-0.10987044784366473,-0.10987044784366473
producer_net,Producer Net,Full History percentile,percentile,,producer_net_percentile_full_history,4W,gold_return_4w,90-100,84,0.005519068873820355,0.012495050900845128,0.5595238095238095,0.10037410670916813,-0.14672796242247665,-0.15878546754349454
producer_net,Producer Net,Full History percentile,percentile,,producer_net_percentile_full_history,8W,gold_return_8w,0-10,87,0.00034447671553514744,-0.011215724571078445,0.40229885057471265,0.17359785384381343,-0.11117693172667975,-0.13647792390513236
producer_net,Producer Net,Full History percentile,percentile,,producer_net_percentile_full_history,8W,gold_return_8w,10-20,87,0.02392753541118925,0.013847006071362689,0.6091954022988506,0.19719572007532582,-0.06439933336627568,-0.10164593324429205
producer_net,Producer Net,Full History percentile,percentile,,producer_net_percentile_full_history,8W,gold_return_8w,20-30,88,0.018848819474935708,0.015595905624903317,0.5568181818181818,0.2391145624670039,-0.08665813583104709,-0.08665813583104709
producer_net,Producer Net,Full History percentile,percentile,,producer_net_percentile_full_history,8W,gold_return_8w,30-40,87,0.0067383534827524395,0.010785566601075436,0.5517241379310345,0.11771263500961138,-0.13519576581347614,-0.14140658076298185
producer_net,Producer Net,Full History percentile,percentile,,producer_net_percentile_full_history,8W,gold_return_8w,40-50,88,0.0058839041806065554,-0.005890139380086257,0.4772727272727273,0.16708462597447316,-0.13660859338868192,-0.13932848829941735
producer_net,Producer Net,Full History percentile,percentile,,producer_net_percentile_full_history,8W,gold_return_8w,50-60,87,0.021384301496055337,0.016430279264252334,0.6206896551724138,0.17087280042283526,-0.07355822140876578,-0.10361611856383734
producer_net,Producer Net,Full History percentile,percentile,,producer_net_percentile_full_history,8W,gold_return_8w,60-70,87,0.02948877198410548,0.015266608679756377,0.5862068965517241,0.17978986510003114,-0.07475581879739301,-0.09278442175562396
producer_net,Producer Net,Full History percentile,percentile,,producer_net_percentile_full_history,8W,gold_return_8w,70-80,88,0.029646339457784762,0.02264581596965176,0.6363636363636364,0.21337118039709324,-0.1340849809067166,-0.15878546754349454
producer_net,Producer Net,Full History percentile,percentile,,producer_net_percentile_full_history,8W,gold_return_8w,80-90,87,0.014288523714004095,0.0020939609734103026,0.5287356321839081,0.24907959114291334,-0.14175294990618525,-0.14175294990618525
producer_net,Producer Net,Full History percentile,percentile,,producer_net_percentile_full_history,8W,gold_return_8w,90-100,80,0.008241106811890875,0.00222637307008966,0.5375,0.1423287258562418,-0.12886023394400936,-0.15878546754349454
total_open_interest,Total Open Interest,52W percentile,percentile,52.0,oi_percentile_52w,1W,gold_return_1w,0-10,131,0.00410949985293488,0.003450006378407533,0.5648854961832062,0.08432153923414987,-0.12031597586732656,-0.12031597586732656
total_open_interest,Total Open Interest,52W percentile,percentile,52.0,oi_percentile_52w,1W,gold_return_1w,10-20,97,0.0018366888450735894,0.003960988324271275,0.5979381443298969,0.05657566732492425,-0.12570918451764834,-0.12570918451764834
total_open_interest,Total Open Interest,52W percentile,percentile,52.0,oi_percentile_52w,1W,gold_return_1w,20-30,82,0.0012945866097864042,0.0021374847949889864,0.5487804878048781,0.08872708019648767,-0.04625944405286975,-0.04625944405286975
total_open_interest,Total Open Interest,52W percentile,percentile,52.0,oi_percentile_52w,1W,gold_return_1w,30-40,63,6.25722318059322e-05,0.0009912855612350668,0.5396825396825397,0.05088479272038593,-0.048254193694034275,-0.048254193694034275
total_open_interest,Total Open Interest,52W percentile,percentile,52.0,oi_percentile_52w,1W,gold_return_1w,40-50,76,0.0023818189737437132,0.004230616084006544,0.5657894736842105,0.05974783733921063,-0.06468940995295891,-0.06468940995295891
total_open_interest,Total Open Interest,52W percentile,percentile,52.0,oi_percentile_52w,1W,gold_return_1w,50-60,60,0.0023715780930384177,0.003553897636541903,0.5833333333333334,0.0414217225432687,-0.0808871997749745,-0.0808871997749745
total_open_interest,Total Open Interest,52W percentile,percentile,52.0,oi_percentile_52w,1W,gold_return_1w,60-70,49,-0.00445897592683729,-0.002328864806829478,0.42857142857142855,0.025794756172902833,-0.05622979951011842,-0.05622979951011842
total_open_interest,Total Open Interest,52W percentile,percentile,52.0,oi_percentile_52w,1W,gold_return_1w,70-80,53,0.004623068031303496,0.005892290840553205,0.6792452830188679,0.04852944986968155,-0.036461814297394146,-0.036461814297394146
total_open_interest,Total Open Interest,52W percentile,percentile,52.0,oi_percentile_52w,1W,gold_return_1w,80-90,67,0.004034334230576441,0.003012317228141548,0.5373134328358209,0.043345536398685436,-0.04495058035184496,-0.04495058035184496
total_open_interest,Total Open Interest,52W percentile,percentile,52.0,oi_percentile_52w,1W,gold_return_1w,90-100,144,0.00038778096784799115,-2.9119646115960407e-05,0.5,0.06729552864015265,-0.05470318951103592,-0.05470318951103592
total_open_interest,Total Open Interest,52W percentile,percentile,52.0,oi_percentile_52w,2W,gold_return_2w,0-10,131,0.0051919576355445255,0.006907775559871654,0.5648854961832062,0.14566775391111086,-0.15878546754349454,-0.15878546754349454
total_open_interest,Total Open Interest,52W percentile,percentile,52.0,oi_percentile_52w,2W,gold_return_2w,10-20,96,0.008383248430163864,0.010116898052737189,0.625,0.10944797529729877,-0.11196569225382191,-0.12570918451764834
total_open_interest,Total Open Interest,52W percentile,percentile,52.0,oi_percentile_52w,2W,gold_return_2w,20-30,82,0.0005370288994242875,0.002316243351077052,0.524390243902439,0.07829790202317621,-0.11954792056152808,-0.12570918451764834
total_open_interest,Total Open Interest,52W percentile,percentile,52.0,oi_percentile_52w,2W,gold_return_2w,30-40,63,-0.0004851680584868464,-0.0008994237466168897,0.47619047619047616,0.07406383375352754,-0.09645285117833136,-0.09645285117833136
total_open_interest,Total Open Interest,52W percentile,percentile,52.0,oi_percentile_52w,2W,gold_return_2w,40-50,76,0.006116479185718419,0.004490125043693283,0.618421052631579,0.08619188268210953,-0.05221043582995244,-0.06468940995295891
total_open_interest,Total Open Interest,52W percentile,percentile,52.0,oi_percentile_52w,2W,gold_return_2w,50-60,60,0.004839780099347953,0.003364082336495655,0.55,0.0775620034100104,-0.04900268825012388,-0.0808871997749745
total_open_interest,Total Open Interest,52W percentile,percentile,52.0,oi_percentile_52w,2W,gold_return_2w,60-70,49,4.593520015252302e-05,-0.002058924196980949,0.42857142857142855,0.06188922632992955,-0.05797099093690261,-0.05797099093690261
total_open_interest,Total Open Interest,52W percentile,percentile,52.0,oi_percentile_52w,2W,gold_return_2w,70-80,53,0.0033233026937515672,0.0036122265061968584,0.5660377358490566,0.066721952933539,-0.07137199495423874,-0.0808871997749745
total_open_interest,Total Open Interest,52W percentile,percentile,52.0,oi_percentile_52w,2W,gold_return_2w,80-90,67,0.007553291176903203,0.006361684196925399,0.5970149253731343,0.10692488585101612,-0.05842533069467437,-0.05842533069467437
total_open_interest,Total Open Interest,52W percentile,percentile,52.0,oi_percentile_52w,2W,gold_return_2w,90-100,144,0.0002480823154578001,-0.0010142440859716717,0.4722222222222222,0.07030061471922955,-0.06736381073620279,-0.06736381073620279
total_open_interest,Total Open Interest,52W percentile,percentile,52.0,oi_percentile_52w,4W,gold_return_4w,0-10,130,0.012489688860897718,0.01842234042397195,0.6076923076923076,0.14923865199234854,-0.10987044784366473,-0.15878546754349454
total_open_interest,Total Open Interest,52W percentile,percentile,52.0,oi_percentile_52w,4W,gold_return_4w,10-20,95,0.013874802579997448,0.01694131599433124,0.6631578947368421,0.11568198922945494,-0.14672796242247665,-0.15878546754349454
total_open_interest,Total Open Interest,52W percentile,percentile,52.0,oi_percentile_52w,4W,gold_return_4w,20-30,82,0.004853125594961453,0.0028386768910767524,0.5609756097560976,0.1520099174022118,-0.1173079756324471,-0.13096878907447018
total_open_interest,Total Open Interest,52W percentile,percentile,52.0,oi_percentile_52w,4W,gold_return_4w,30-40,63,-0.000435846195352614,-0.0048136898696299335,0.4603174603174603,0.11483539553129396,-0.09640333951559199,-0.11727902345840291
total_open_interest,Total Open Interest,52W percentile,percentile,52.0,oi_percentile_52w,4W,gold_return_4w,40-50,76,0.007979181261095536,0.0009655950139784153,0.5131578947368421,0.12471478775865297,-0.13647792390513236,-0.13647792390513236
total_open_interest,Total Open Interest,52W percentile,percentile,52.0,oi_percentile_52w,4W,gold_return_4w,50-60,60,0.008917110327951448,0.003380469470200431,0.5333333333333333,0.1624218642195807,-0.0830846920054108,-0.0830846920054108
total_open_interest,Total Open Interest,52W percentile,percentile,52.0,oi_percentile_52w,4W,gold_return_4w,60-70,49,0.004424934918152151,0.00013730552575097477,0.5102040816326531,0.09403863764068499,-0.13932848829941735,-0.13932848829941735
total_open_interest,Total Open Interest,52W percentile,percentile,52.0,oi_percentile_52w,4W,gold_return_4w,70-80,53,0.006169325026293388,-0.005427086200811226,0.4528301886792453,0.12193345031752378,-0.05739293787208766,-0.0808871997749745
total_open_interest,Total Open Interest,52W percentile,percentile,52.0,oi_percentile_52w,4W,gold_return_4w,80-90,67,0.0061998609760928625,-0.0035391270153362075,0.4925373134328358,0.11688382943918163,-0.07030730860202183,-0.0808871997749745
total_open_interest,Total Open Interest,52W percentile,percentile,52.0,oi_percentile_52w,4W,gold_return_4w,90-100,144,0.0037374895443187304,0.004423934592787115,0.5833333333333334,0.10875109896113155,-0.09278442175562396,-0.09278442175562396
total_open_interest,Total Open Interest,52W percentile,percentile,52.0,oi_percentile_52w,8W,gold_return_8w,0-10,126,0.029339868737992988,0.02533872140294613,0.6111111111111112,0.2391145624670039,-0.12886023394400936,-0.15878546754349454
total_open_interest,Total Open Interest,52W percentile,percentile,52.0,oi_percentile_52w,8W,gold_return_8w,10-20,95,0.026659734648650103,0.015266608679756377,0.6105263157894737,0.24907959114291334,-0.11921572399887637,-0.15878546754349454
total_open_interest,Total Open Interest,52W percentile,percentile,52.0,oi_percentile_52w,8W,gold_return_8w,20-30,82,0.015601859731073192,0.01851257097570591,0.5975609756097561,0.18743474383130998,-0.13660859338868192,-0.13660859338868192
total_open_interest,Total Open Interest,52W percentile,percentile,52.0,oi_percentile_52w,8W,gold_return_8w,30-40,63,0.0064796187694632764,-0.0007323069245241953,0.47619047619047616,0.15291075317856562,-0.1340849809067166,-0.13647792390513236
total_open_interest,Total Open Interest,52W percentile,percentile,52.0,oi_percentile_52w,8W,gold_return_8w,40-50,76,0.015329524542475109,0.001930520083174958,0.5131578947368421,0.19719572007532582,-0.11117693172667975,-0.13647792390513236
total_open_interest,Total Open Interest,52W percentile,percentile,52.0,oi_percentile_52w,8W,gold_return_8w,50-60,60,0.007504909492071673,-0.008147850460015926,0.45,0.17978986510003114,-0.1279098451161066,-0.14140658076298185
total_open_interest,Total Open Interest,52W percentile,percentile,52.0,oi_percentile_52w,8W,gold_return_8w,60-70,49,-0.0027999514320588776,-0.0055338032016108984,0.46938775510204084,0.1394850028530823,-0.14175294990618525,-0.15878546754349454
total_open_interest,Total Open Interest,52W percentile,percentile,52.0,oi_percentile_52w,8W,gold_return_8w,70-80,53,0.005765381025853415,0.008305647840531671,0.5471698113207547,0.11464119752207425,-0.13519576581347614,-0.14140658076298185
total_open_interest,Total Open Interest,52W percentile,percentile,52.0,oi_percentile_52w,8W,gold_return_8w,80-90,67,0.006224184080834455,-0.007680819287390617,0.44776119402985076,0.13956680309005032,-0.08665813583104709,-0.09694393138529289
total_open_interest,Total Open Interest,52W percentile,percentile,52.0,oi_percentile_52w,8W,gold_return_8w,90-100,144,0.011863582746417032,0.011233085772349383,0.5555555555555556,0.12179698832814223,-0.11273366392236395,-0.11273366392236395
total_open_interest,Total Open Interest,104W percentile,percentile,104.0,oi_percentile_104w,1W,gold_return_1w,0-10,144,0.002502782384346888,0.002174261123787935,0.5486111111111112,0.058031614463415204,-0.12031597586732656,-0.12031597586732656
total_open_interest,Total Open Interest,104W percentile,percentile,104.0,oi_percentile_104w,1W,gold_return_1w,10-20,67,-0.001626380000007359,0.0020111368133146623,0.5223880597014925,0.06333708795450965,-0.12570918451764834,-0.12570918451764834
total_open_interest,Total Open Interest,104W percentile,percentile,104.0,oi_percentile_104w,1W,gold_return_1w,20-30,73,0.002509092707409246,0.00400627277865917,0.6027397260273972,0.08432153923414987,-0.08635005098425519,-0.08635005098425519
total_open_interest,Total Open Interest,104W percentile,percentile,104.0,oi_percentile_104w,1W,gold_return_1w,30-40,76,0.003828894813679927,0.0038376296806351684,0.5657894736842105,0.055201765766669464,-0.04468606033012834,-0.04468606033012834
total_open_interest,Total Open Interest,104W percentile,percentile,104.0,oi_percentile_104w,1W,gold_return_1w,40-50,85,0.00444401325871222,0.0026048998509347054,0.6235294117647059,0.04258304722533501,-0.029948285141089936,-0.029948285141089936
total_open_interest,Total Open Interest,104W percentile,percentile,104.0,oi_percentile_104w,1W,gold_return_1w,50-60,88,-0.0024240657947145546,5.443914619934764e-05,0.5,0.05974783733921063,-0.05622979951011842,-0.05622979951011842
total_open_interest,Total Open Interest,104W percentile,percentile,104.0,oi_percentile_104w,1W,gold_return_1w,60-70,59,0.0018922710505205943,-0.00019740643961851934,0.4915254237288136,0.08872708019648767,-0.050276545080313984,-0.050276545080313984
total_open_interest,Total Open Interest,104W percentile,percentile,104.0,oi_percentile_104w,1W,gold_return_1w,70-80,59,0.0006266289287162782,0.0015081819145017494,0.5084745762711864,0.055525361160558395,-0.0808871997749745,-0.0808871997749745
total_open_interest,Total Open Interest,104W percentile,percentile,104.0,oi_percentile_104w,1W,gold_return_1w,80-90,44,0.00601789642382961,0.006184994428408808,0.6136363636363636,0.06729552864015265,-0.03781828685219857,-0.03781828685219857
total_open_interest,Total Open Interest,104W percentile,percentile,104.0,oi_percentile_104w,1W,gold_return_1w,90-100,127,0.0015682611154121224,0.0021265443380504845,0.5511811023622047,0.05029857390026882,-0.05470318951103592,-0.05470318951103592
total_open_interest,Total Open Interest,104W percentile,percentile,104.0,oi_percentile_104w,2W,gold_return_2w,0-10,143,0.003946381365060521,0.008015144929962137,0.5594405594405595,0.07523465643932004,-0.15878546754349454,-0.15878546754349454
total_open_interest,Total Open Interest,104W percentile,percentile,104.0,oi_percentile_104w,2W,gold_return_2w,10-20,67,0.0008480498577829334,0.004333828759047087,0.5223880597014925,0.07829790202317621,-0.11954792056152808,-0.12570918451764834
total_open_interest,Total Open Interest,104W percentile,percentile,104.0,oi_percentile_104w,2W,gold_return_2w,20-30,73,0.003963991399262068,0.0025504431593994514,0.5342465753424658,0.14566775391111086,-0.1062216467438084,-0.1062216467438084
total_open_interest,Total Open Interest,104W percentile,percentile,104.0,oi_percentile_104w,2W,gold_return_2w,30-40,76,0.006577103515151453,0.002952446328004954,0.5657894736842105,0.10944797529729877,-0.03968163508481537,-0.04468606033012834
total_open_interest,Total Open Interest,104W percentile,percentile,104.0,oi_percentile_104w,2W,gold_return_2w,40-50,85,0.004792854350308169,0.004351823613466532,0.6,0.07159479045184636,-0.09645285117833136,-0.09645285117833136
total_open_interest,Total Open Interest,104W percentile,percentile,104.0,oi_percentile_104w,2W,gold_return_2w,50-60,88,0.0011674830201917669,-0.0009469963136824466,0.4659090909090909,0.08557159261273517,-0.05842533069467437,-0.05842533069467437
total_open_interest,Total Open Interest,104W percentile,percentile,104.0,oi_percentile_104w,2W,gold_return_2w,60-70,59,0.003579738957514688,0.0036122265061968584,0.576271186440678,0.07633306091653003,-0.06682651925334737,-0.06682651925334737
total_open_interest,Total Open Interest,104W percentile,percentile,104.0,oi_percentile_104w,2W,gold_return_2w,70-80,59,0.001173107722058923,0.0006629953602097505,0.5084745762711864,0.08619188268210953,-0.04900268825012388,-0.0808871997749745
total_open_interest,Total Open Interest,104W percentile,percentile,104.0,oi_percentile_104w,2W,gold_return_2w,80-90,44,0.0092820731240844,0.010232705053833335,0.5681818181818182,0.10692488585101612,-0.07137199495423874,-0.0808871997749745
total_open_interest,Total Open Interest,104W percentile,percentile,104.0,oi_percentile_104w,2W,gold_return_2w,90-100,127,0.002869961602126193,0.001194903350214771,0.5354330708661418,0.07030061471922955,-0.06736381073620279,-0.06736381073620279
total_open_interest,Total Open Interest,104W percentile,percentile,104.0,oi_percentile_104w,4W,gold_return_4w,0-10,141,0.008471044232133173,0.012816524481842784,0.5886524822695035,0.10037410670916813,-0.14672796242247665,-0.15878546754349454
total_open_interest,Total Open Interest,104W percentile,percentile,104.0,oi_percentile_104w,4W,gold_return_4w,10-20,67,0.00610147513288456,0.009887079399889531,0.5671641791044776,0.11332770298399186,-0.1173079756324471,-0.13096878907447018
total_open_interest,Total Open Interest,104W percentile,percentile,104.0,oi_percentile_104w,4W,gold_return_4w,20-30,73,0.006428915814676978,0.005736036169002645,0.5342465753424658,0.14923865199234854,-0.08574118593344016,-0.1062216467438084
total_open_interest,Total Open Interest,104W percentile,percentile,104.0,oi_percentile_104w,4W,gold_return_4w,30-40,76,0.007532334727005585,0.007637667953116045,0.5526315789473685,0.08027028775180867,-0.09640333951559199,-0.11727902345840291
total_open_interest,Total Open Interest,104W percentile,percentile,104.0,oi_percentile_104w,4W,gold_return_4w,40-50,85,0.0085770711787688,0.0004654193216739877,0.5294117647058824,0.1624218642195807,-0.13932848829941735,-0.13932848829941735
total_open_interest,Total Open Interest,104W percentile,percentile,104.0,oi_percentile_104w,4W,gold_return_4w,50-60,88,0.0011187365396936335,-0.0036209699842201792,0.4659090909090909,0.11688382943918163,-0.13647792390513236,-0.13647792390513236
total_open_interest,Total Open Interest,104W percentile,percentile,104.0,oi_percentile_104w,4W,gold_return_4w,60-70,59,0.017414548270997292,0.006215131665364915,0.559322033898305,0.1520099174022118,-0.0656482246077622,-0.07050355809102715
total_open_interest,Total Open Interest,104W percentile,percentile,104.0,oi_percentile_104w,4W,gold_return_4w,70-80,59,0.0001705036935113762,-0.009499863429220379,0.4576271186440678,0.12193345031752378,-0.0830846920054108,-0.0830846920054108
total_open_interest,Total Open Interest,104W percentile,percentile,104.0,oi_percentile_104w,4W,gold_return_4w,80-90,44,0.013169769229772537,0.012135518654169508,0.5909090909090909,0.09034245439945732,-0.07030730860202183,-0.0808871997749745
total_open_interest,Total Open Interest,104W percentile,percentile,104.0,oi_percentile_104w,4W,gold_return_4w,90-100,127,0.006784419339506137,0.007365636086595018,0.6299212598425197,0.10875109896113155,-0.09278442175562396,-0.09278442175562396
total_open_interest,Total Open Interest,104W percentile,percentile,104.0,oi_percentile_104w,8W,gold_return_8w,0-10,137,0.015304000641777178,0.004897793690663121,0.5255474452554745,0.21337118039709324,-0.12886023394400936,-0.15878546754349454
total_open_interest,Total Open Interest,104W percentile,percentile,104.0,oi_percentile_104w,8W,gold_return_8w,10-20,67,0.016983954555351625,0.017815783137379304,0.6268656716417911,0.24907959114291334,-0.13660859338868192,-0.13660859338868192
total_open_interest,Total Open Interest,104W percentile,percentile,104.0,oi_percentile_104w,8W,gold_return_8w,20-30,73,0.025286567650396816,0.00812023495611025,0.5205479452054794,0.2391145624670039,-0.1340849809067166,-0.1340849809067166
total_open_interest,Total Open Interest,104W percentile,percentile,104.0,oi_percentile_104w,8W,gold_return_8w,30-40,76,0.018339993956230115,0.012223395416649407,0.5921052631578947,0.1299830448717274,-0.1279098451161066,-0.14140658076298185
total_open_interest,Total Open Interest,104W percentile,percentile,104.0,oi_percentile_104w,8W,gold_return_8w,40-50,85,0.016767705406632086,0.012019903050768388,0.5764705882352941,0.19719572007532582,-0.11580716936734503,-0.13932848829941735
total_open_interest,Total Open Interest,104W percentile,percentile,104.0,oi_percentile_104w,8W,gold_return_8w,50-60,88,-0.00133193948964929,-0.012834616505184027,0.38636363636363635,0.14063786686751034,-0.14175294990618525,-0.15878546754349454
total_open_interest,Total Open Interest,104W percentile,percentile,104.0,oi_percentile_104w,8W,gold_return_8w,60-70,59,0.026776837453157832,0.013268450233128615,0.6101694915254238,0.17113530046085756,-0.12550005817768306,-0.1271144674617103
total_open_interest,Total Open Interest,104W percentile,percentile,104.0,oi_percentile_104w,8W,gold_return_8w,70-80,59,0.001470116510308397,-0.0033446849809206647,0.4745762711864407,0.17087280042283526,-0.11590482956796466,-0.1204135739072435
total_open_interest,Total Open Interest,104W percentile,percentile,104.0,oi_percentile_104w,8W,gold_return_8w,80-90,44,0.012002508559857189,0.013585581395478274,0.5227272727272727,0.13956680309005032,-0.11273366392236395,-0.11273366392236395
total_open_interest,Total Open Interest,104W percentile,percentile,104.0,oi_percentile_104w,8W,gold_return_8w,90-100,127,0.014559779713759675,0.016806355862616362,0.5905511811023622,0.1103411065952582,-0.09770795890147499,-0.11101641849072819
total_open_interest,Total Open Interest,156W percentile,percentile,156.0,oi_percentile_156w,1W,gold_return_1w,0-10,151,0.0003189507643931341,0.0011025966001880771,0.5165562913907285,0.058031614463415204,-0.12570918451764834,-0.12570918451764834
total_open_interest,Total Open Interest,156W percentile,percentile,156.0,oi_percentile_156w,1W,gold_return_1w,10-20,66,0.005904036322876774,0.00781845872849174,0.6515151515151515,0.06333708795450965,-0.04462030767173264,-0.04462030767173264
total_open_interest,Total Open Interest,156W percentile,percentile,156.0,oi_percentile_156w,1W,gold_return_1w,20-30,74,-0.000669704463197148,0.002550266241878485,0.5675675675675675,0.08432153923414987,-0.08635005098425519,-0.08635005098425519
total_open_interest,Total Open Interest,156W percentile,percentile,156.0,oi_percentile_156w,1W,gold_return_1w,30-40,90,0.0025890396243196867,0.0014145122118099929,0.5222222222222223,0.05657566732492425,-0.04491460574242323,-0.04491460574242323
total_open_interest,Total Open Interest,156W percentile,percentile,156.0,oi_percentile_156w,1W,gold_return_1w,40-50,75,0.0025233947949550414,0.0022638327766633104,0.56,0.05140837637929474,-0.035025736266326324,-0.035025736266326324
total_open_interest,Total Open Interest,156W percentile,percentile,156.0,oi_percentile_156w,1W,gold_return_1w,50-60,54,0.004112350069664674,0.004043371098251924,0.6111111111111112,0.05974783733921063,-0.050276545080313984,-0.050276545080313984
total_open_interest,Total Open Interest,156W percentile,percentile,156.0,oi_percentile_156w,1W,gold_return_1w,60-70,79,-0.0020422984597546555,-0.00023902558468402724,0.4810126582278481,0.03883598547443112,-0.048254193694034275,-0.048254193694034275
total_open_interest,Total Open Interest,156W percentile,percentile,156.0,oi_percentile_156w,1W,gold_return_1w,70-80,73,0.003637147864678863,0.0017559296458082851,0.5342465753424658,0.08872708019648767,-0.05622979951011842,-0.05622979951011842
total_open_interest,Total Open Interest,156W percentile,percentile,156.0,oi_percentile_156w,1W,gold_return_1w,80-90,62,0.003586443561712952,0.0061745142109421725,0.5806451612903226,0.06729552864015265,-0.0808871997749745,-0.0808871997749745
total_open_interest,Total Open Interest,156W percentile,percentile,156.0,oi_percentile_156w,1W,gold_return_1w,90-100,98,0.001463810084759266,0.0024734468423323053,0.5714285714285714,0.03936893501393901,-0.05071641191914644,-0.05071641191914644
total_open_interest,Total Open Interest,156W percentile,percentile,156.0,oi_percentile_156w,2W,gold_return_2w,0-10,150,0.0008507629383947439,0.0043220053510898415,0.52,0.07523465643932004,-0.15878546754349454,-0.15878546754349454
total_open_interest,Total Open Interest,156W percentile,percentile,156.0,oi_percentile_156w,2W,gold_return_2w,10-20,66,0.010115959412346215,0.009489110096645548,0.6515151515151515,0.07829790202317621,-0.055590074748479656,-0.06468940995295891
total_open_interest,Total Open Interest,156W percentile,percentile,156.0,oi_percentile_156w,2W,gold_return_2w,20-30,74,0.004226336947621675,0.003284888824598542,0.5540540540540541,0.14566775391111086,-0.1062216467438084,-0.1062216467438084
total_open_interest,Total Open Interest,156W percentile,percentile,156.0,oi_percentile_156w,2W,gold_return_2w,30-40,90,0.0019465476475877006,-2.9327946105717206e-05,0.5,0.07159479045184636,-0.06125140330543344,-0.06125140330543344
total_open_interest,Total Open Interest,156W percentile,percentile,156.0,oi_percentile_156w,2W,gold_return_2w,40-50,75,0.0014182973523474344,0.00023470101404154953,0.5066666666666667,0.10944797529729877,-0.09645285117833136,-0.09645285117833136
total_open_interest,Total Open Interest,156W percentile,percentile,156.0,oi_percentile_156w,2W,gold_return_2w,50-60,54,0.006589450225612755,0.0031405587431455606,0.5740740740740741,0.08557159261273517,-0.05401879676324972,-0.05401879676324972
total_open_interest,Total Open Interest,156W percentile,percentile,156.0,oi_percentile_156w,2W,gold_return_2w,60-70,79,0.004137801699739409,0.003754952005700085,0.5316455696202531,0.0775620034100104,-0.044434169102309795,-0.05622979951011842
total_open_interest,Total Open Interest,156W percentile,percentile,156.0,oi_percentile_156w,2W,gold_return_2w,70-80,73,0.004174794135814647,0.0013167597346188664,0.547945205479452,0.07717406453724052,-0.05797099093690261,-0.05797099093690261
total_open_interest,Total Open Interest,156W percentile,percentile,156.0,oi_percentile_156w,2W,gold_return_2w,80-90,62,0.007409648299532025,0.006422844785055393,0.5967741935483871,0.10692488585101612,-0.0585265554840122,-0.0808871997749745
total_open_interest,Total Open Interest,156W percentile,percentile,156.0,oi_percentile_156w,2W,gold_return_2w,90-100,98,0.0014017901713819622,0.0015564620409653784,0.5204081632653061,0.06761119591819176,-0.07137199495423874,-0.0808871997749745
total_open_interest,Total Open Interest,156W percentile,percentile,156.0,oi_percentile_156w,4W,gold_return_4w,0-10,148,0.003841838336753883,0.003405884184948138,0.5472972972972973,0.10037410670916813,-0.14672796242247665,-0.15878546754349454
total_open_interest,Total Open Interest,156W percentile,percentile,156.0,oi_percentile_156w,4W,gold_return_4w,10-20,66,0.011290096601478342,0.010860699463258405,0.5909090909090909,0.11483539553129396,-0.1173079756324471,-0.13096878907447018
total_open_interest,Total Open Interest,156W percentile,percentile,156.0,oi_percentile_156w,4W,gold_return_4w,20-30,74,0.014056045532321476,0.011627467605202724,0.6081081081081081,0.14923865199234854,-0.08574118593344016,-0.1062216467438084
total_open_interest,Total Open Interest,156W percentile,percentile,156.0,oi_percentile_156w,4W,gold_return_4w,30-40,90,0.00023512669416755338,0.0037543941075564025,0.5333333333333333,0.07114449845338044,-0.13932848829941735,-0.13932848829941735
total_open_interest,Total Open Interest,156W percentile,percentile,156.0,oi_percentile_156w,4W,gold_return_4w,40-50,75,0.0034163386579500665,-0.00608321441598636,0.41333333333333333,0.11688382943918163,-0.0914714764560266,-0.11610471424735846
total_open_interest,Total Open Interest,156W percentile,percentile,156.0,oi_percentile_156w,4W,gold_return_4w,50-60,54,0.011397151702866473,0.003759501562356493,0.5370370370370371,0.1624218642195807,-0.13647792390513236,-0.13647792390513236
total_open_interest,Total Open Interest,156W percentile,percentile,156.0,oi_percentile_156w,4W,gold_return_4w,60-70,79,0.01053527838938919,0.0038924961912021327,0.5569620253164557,0.14951136761868566,-0.07030730860202183,-0.07030730860202183
total_open_interest,Total Open Interest,156W percentile,percentile,156.0,oi_percentile_156w,4W,gold_return_4w,70-80,73,0.009322568839193648,0.006215131665364915,0.5753424657534246,0.1520099174022118,-0.06703511627629144,-0.06703511627629144
total_open_interest,Total Open Interest,156W percentile,percentile,156.0,oi_percentile_156w,4W,gold_return_4w,80-90,62,0.008588649882282046,0.005219988378293849,0.5483870967741935,0.12193345031752378,-0.0830846920054108,-0.0830846920054108
total_open_interest,Total Open Interest,156W percentile,percentile,156.0,oi_percentile_156w,4W,gold_return_4w,90-100,98,0.006724936477042128,0.004985694712360322,0.6224489795918368,0.09000321263472832,-0.09278442175562396,-0.09278442175562396
total_open_interest,Total Open Interest,156W percentile,percentile,156.0,oi_percentile_156w,8W,gold_return_8w,0-10,144,0.007915723501884235,-0.0038653585787080114,0.4930555555555556,0.21337118039709324,-0.12886023394400936,-0.15878546754349454
total_open_interest,Total Open Interest,156W percentile,percentile,156.0,oi_percentile_156w,8W,gold_return_8w,10-20,66,0.02364502767339467,0.023990700838601664,0.6515151515151515,0.20789518759017245,-0.13660859338868192,-0.13660859338868192
total_open_interest,Total Open Interest,156W percentile,percentile,156.0,oi_percentile_156w,8W,gold_return_8w,20-30,74,0.029001985850824356,0.009294497942698987,0.5405405405405406,0.24907959114291334,-0.1279098451161066,-0.14140658076298185
total_open_interest,Total Open Interest,156W percentile,percentile,156.0,oi_percentile_156w,8W,gold_return_8w,30-40,90,0.01194945537587399,0.001528804668216699,0.5111111111111111,0.13569300089761516,-0.14175294990618525,-0.14175294990618525
total_open_interest,Total Open Interest,156W percentile,percentile,156.0,oi_percentile_156w,8W,gold_return_8w,40-50,75,0.011168008595030256,0.0020052659139677687,0.5066666666666667,0.19719572007532582,-0.12550005817768306,-0.13647792390513236
total_open_interest,Total Open Interest,156W percentile,percentile,156.0,oi_percentile_156w,8W,gold_return_8w,50-60,54,0.018831304487666012,0.018229157119326267,0.6481481481481481,0.17978986510003114,-0.11117693172667975,-0.13647792390513236
total_open_interest,Total Open Interest,156W percentile,percentile,156.0,oi_percentile_156w,8W,gold_return_8w,60-70,79,0.006557371368137626,-0.008907772894159671,0.43037974683544306,0.14110813977702508,-0.1339790371346169,-0.15878546754349454
total_open_interest,Total Open Interest,156W percentile,percentile,156.0,oi_percentile_156w,8W,gold_return_8w,70-80,73,0.022115274088453502,0.013354649387181672,0.6027397260273972,0.17113530046085756,-0.11273366392236395,-0.11273366392236395
total_open_interest,Total Open Interest,156W percentile,percentile,156.0,oi_percentile_156w,8W,gold_return_8w,80-90,62,0.004733975345609924,0.004735317355448965,0.5645161290322581,0.13956680309005032,-0.11590482956796466,-0.1204135739072435
total_open_interest,Total Open Interest,156W percentile,percentile,156.0,oi_percentile_156w,8W,gold_return_8w,90-100,98,0.016568062637252183,0.019749970848658704,0.5714285714285714,0.1103411065952582,-0.09770795890147499,-0.09770795890147499
total_open_interest,Total Open Interest,260W percentile,percentile,260.0,oi_percentile_260w,1W,gold_return_1w,0-10,160,0.0011349895113717263,0.0019303226979403565,0.53125,0.058031614463415204,-0.12570918451764834,-0.12570918451764834
total_open_interest,Total Open Interest,260W percentile,percentile,260.0,oi_percentile_260w,1W,gold_return_1w,10-20,73,0.004441230107819693,0.0035114317449904675,0.5753424657534246,0.08432153923414987,-0.050155319931290854,-0.050155319931290854
total_open_interest,Total Open Interest,260W percentile,percentile,260.0,oi_percentile_260w,1W,gold_return_1w,20-30,79,0.0003178003101345084,0.0018703320627813103,0.5569620253164557,0.04852944986968155,-0.08635005098425519,-0.08635005098425519
total_open_interest,Total Open Interest,260W percentile,percentile,260.0,oi_percentile_260w,1W,gold_return_1w,30-40,75,-0.0010209017870740607,-0.00019740643961851934,0.49333333333333335,0.0414217225432687,-0.050276545080313984,-0.050276545080313984
total_open_interest,Total Open Interest,260W percentile,percentile,260.0,oi_percentile_260w,1W,gold_return_1w,40-50,59,0.003523243115966328,0.003012317228141548,0.5932203389830508,0.055201765766669464,-0.04468606033012834,-0.04468606033012834
total_open_interest,Total Open Interest,260W percentile,percentile,260.0,oi_percentile_260w,1W,gold_return_1w,50-60,66,0.0052790897659394055,0.004701452343343404,0.6212121212121212,0.05974783733921063,-0.048254193694034275,-0.048254193694034275
total_open_interest,Total Open Interest,260W percentile,percentile,260.0,oi_percentile_260w,1W,gold_return_1w,60-70,65,0.005238104237076617,0.004586454841727594,0.6461538461538462,0.04195138844770341,-0.027460049279771526,-0.027460049279771526
total_open_interest,Total Open Interest,260W percentile,percentile,260.0,oi_percentile_260w,1W,gold_return_1w,70-80,80,-0.001691852804689703,-0.0001603321331843377,0.4875,0.08872708019648767,-0.05622979951011842,-0.05622979951011842
total_open_interest,Total Open Interest,260W percentile,percentile,260.0,oi_percentile_260w,1W,gold_return_1w,80-90,72,0.0031592809661007,0.0010176529085560437,0.5277777777777778,0.06729552864015265,-0.03781828685219857,-0.03781828685219857
total_open_interest,Total Open Interest,260W percentile,percentile,260.0,oi_percentile_260w,1W,gold_return_1w,90-100,93,0.0006382070732691422,0.002774753420195175,0.5483870967741935,0.03936893501393901,-0.0808871997749745,-0.0808871997749745
total_open_interest,Total Open Interest,260W percentile,percentile,260.0,oi_percentile_260w,2W,gold_return_2w,0-10,159,0.0020091066708385957,0.005276762399686108,0.5345911949685535,0.07523465643932004,-0.15878546754349454,-0.15878546754349454
total_open_interest,Total Open Interest,260W percentile,percentile,260.0,oi_percentile_260w,2W,gold_return_2w,10-20,73,0.010186795710855248,0.005134926758543434,0.5753424657534246,0.14566775391111086,-0.048773520210935506,-0.06468940995295891
total_open_interest,Total Open Interest,260W percentile,percentile,260.0,oi_percentile_260w,2W,gold_return_2w,20-30,79,0.0006827157932819153,-0.00011345288072928117,0.4936708860759494,0.07159479045184636,-0.1062216467438084,-0.1062216467438084
total_open_interest,Total Open Interest,260W percentile,percentile,260.0,oi_percentile_260w,2W,gold_return_2w,30-40,75,0.0008389652415532881,0.0044211108040894675,0.6,0.051148945702089055,-0.06125140330543344,-0.06125140330543344
total_open_interest,Total Open Interest,260W percentile,percentile,260.0,oi_percentile_260w,2W,gold_return_2w,40-50,59,0.0016636903040778562,0.002673836459798684,0.5254237288135594,0.06798853380926717,-0.09645285117833136,-0.09645285117833136
total_open_interest,Total Open Interest,260W percentile,percentile,260.0,oi_percentile_260w,2W,gold_return_2w,50-60,66,0.01206993578938262,0.009325944901659833,0.6212121212121212,0.10944797529729877,-0.04652781439792786,-0.048254193694034275
total_open_interest,Total Open Interest,260W percentile,percentile,260.0,oi_percentile_260w,2W,gold_return_2w,60-70,65,0.00774707176536531,0.002931679988718683,0.5692307692307692,0.07633306091653003,-0.04251995744699333,-0.048254193694034275
total_open_interest,Total Open Interest,260W percentile,percentile,260.0,oi_percentile_260w,2W,gold_return_2w,70-80,80,-0.0015732154048641617,-0.0006090193126818688,0.4875,0.05184362136622389,-0.06736381073620279,-0.06736381073620279
total_open_interest,Total Open Interest,260W percentile,percentile,260.0,oi_percentile_260w,2W,gold_return_2w,80-90,72,0.003792203875238229,0.0008336496149811135,0.5138888888888888,0.10692488585101612,-0.060829326789522464,-0.060829326789522464
total_open_interest,Total Open Interest,260W percentile,percentile,260.0,oi_percentile_260w,2W,gold_return_2w,90-100,93,0.0026706768364758767,0.0019180207317159859,0.5376344086021505,0.06761119591819176,-0.07137199495423874,-0.0808871997749745
total_open_interest,Total Open Interest,260W percentile,percentile,260.0,oi_percentile_260w,4W,gold_return_4w,0-10,157,0.0047210007154036785,0.004625518437910703,0.5477707006369427,0.10037410670916813,-0.14672796242247665,-0.15878546754349454
total_open_interest,Total Open Interest,260W percentile,percentile,260.0,oi_percentile_260w,4W,gold_return_4w,10-20,73,0.015392775359682555,0.012173577319847473,0.5753424657534246,0.14923865199234854,-0.06836163781544768,-0.07851149906442356
total_open_interest,Total Open Interest,260W percentile,percentile,260.0,oi_percentile_260w,4W,gold_return_4w,20-30,79,0.00354031441270092,0.0019511060955761383,0.569620253164557,0.10418199901385705,-0.13932848829941735,-0.13932848829941735
total_open_interest,Total Open Interest,260W percentile,percentile,260.0,oi_percentile_260w,4W,gold_return_4w,30-40,75,0.004501904338865505,0.0027070462848199917,0.5066666666666667,0.10826681104391889,-0.09640333951559199,-0.11727902345840291
total_open_interest,Total Open Interest,260W percentile,percentile,260.0,oi_percentile_260w,4W,gold_return_4w,40-50,59,0.0071890315516733375,0.0033898169413377754,0.5254237288135594,0.1624218642195807,-0.0914714764560266,-0.11610471424735846
total_open_interest,Total Open Interest,260W percentile,percentile,260.0,oi_percentile_260w,4W,gold_return_4w,50-60,66,0.012456704747165063,0.010477481645740472,0.5909090909090909,0.11688382943918163,-0.13647792390513236,-0.13647792390513236
total_open_interest,Total Open Interest,260W percentile,percentile,260.0,oi_percentile_260w,4W,gold_return_4w,60-70,65,0.016450847378635634,0.012918533133198462,0.5692307692307692,0.14951136761868566,-0.06656381403848322,-0.07623094128024188
total_open_interest,Total Open Interest,260W percentile,percentile,260.0,oi_percentile_260w,4W,gold_return_4w,70-80,80,0.00428826358980279,0.00017214661031317302,0.525,0.1520099174022118,-0.09278442175562396,-0.09278442175562396
total_open_interest,Total Open Interest,260W percentile,percentile,260.0,oi_percentile_260w,4W,gold_return_4w,80-90,72,0.003636048842744889,0.004797279980990554,0.5277777777777778,0.09034245439945732,-0.06703511627629144,-0.06703511627629144
total_open_interest,Total Open Interest,260W percentile,percentile,260.0,oi_percentile_260w,4W,gold_return_4w,90-100,93,0.005897193142486824,0.00410545285736208,0.6021505376344086,0.09000321263472832,-0.0830846920054108,-0.0830846920054108
total_open_interest,Total Open Interest,260W percentile,percentile,260.0,oi_percentile_260w,8W,gold_return_8w,0-10,153,0.009111210392163298,-0.001205763585262698,0.49673202614379086,0.21337118039709324,-0.13660859338868192,-0.15878546754349454
total_open_interest,Total Open Interest,260W percentile,percentile,260.0,oi_percentile_260w,8W,gold_return_8w,10-20,73,0.033740640991414314,0.020584498400386453,0.6575342465753424,0.24907959114291334,-0.1340849809067166,-0.1340849809067166
total_open_interest,Total Open Interest,260W percentile,percentile,260.0,oi_percentile_260w,8W,gold_return_8w,20-30,79,0.013417475659622695,-0.001702314873133881,0.46835443037974683,0.2391145624670039,-0.14175294990618525,-0.14175294990618525
total_open_interest,Total Open Interest,260W percentile,percentile,260.0,oi_percentile_260w,8W,gold_return_8w,30-40,75,0.013936268517776362,0.007956353827146545,0.5466666666666666,0.16245784752874903,-0.13519576581347614,-0.14140658076298185
total_open_interest,Total Open Interest,260W percentile,percentile,260.0,oi_percentile_260w,8W,gold_return_8w,40-50,59,0.023404316007406237,0.016430279264252334,0.559322033898305,0.19719572007532582,-0.11273366392236395,-0.13647792390513236
total_open_interest,Total Open Interest,260W percentile,percentile,260.0,oi_percentile_260w,8W,gold_return_8w,50-60,66,0.014674968972130694,0.016657193518002877,0.6363636363636364,0.1394850028530823,-0.1339790371346169,-0.15878546754349454
total_open_interest,Total Open Interest,260W percentile,percentile,260.0,oi_percentile_260w,8W,gold_return_8w,60-70,65,0.021580939552338738,0.012810058736068441,0.6461538461538462,0.17113530046085756,-0.07677131261914627,-0.09694393138529289
total_open_interest,Total Open Interest,260W percentile,percentile,260.0,oi_percentile_260w,8W,gold_return_8w,70-80,80,0.006203580204788871,-0.0006380292881920657,0.475,0.1282659285365484,-0.11245966153384135,-0.11245966153384135
total_open_interest,Total Open Interest,260W percentile,percentile,260.0,oi_percentile_260w,8W,gold_return_8w,80-90,72,0.005848961094262663,-0.007659455197050302,0.4444444444444444,0.13956680309005032,-0.0825666986236302,-0.10082405999740562
total_open_interest,Total Open Interest,260W percentile,percentile,260.0,oi_percentile_260w,8W,gold_return_8w,90-100,93,0.012841838816102133,0.0190595015006505,0.5698924731182796,0.1103411065952582,-0.11590482956796466,-0.1204135739072435
total_open_interest,Total Open Interest,Full History percentile,percentile,,oi_percentile_full_history,1W,gold_return_1w,0-10,86,0.001120842026496782,0.0007753994440368173,0.5116279069767442,0.06333708795450965,-0.06717395609381072,-0.06717395609381072
total_open_interest,Total Open Interest,Full History percentile,percentile,,oi_percentile_full_history,1W,gold_return_1w,10-20,87,-0.0016559271775997008,0.001809494825192548,0.5287356321839081,0.05644086649975155,-0.12570918451764834,-0.12570918451764834
total_open_interest,Total Open Interest,Full History percentile,percentile,,oi_percentile_full_history,1W,gold_return_1w,20-30,88,0.0021358827530883195,0.0018905989301515325,0.5454545454545454,0.044225513649620796,-0.03988636489914599,-0.03988636489914599
total_open_interest,Total Open Interest,Full History percentile,percentile,,oi_percentile_full_history,1W,gold_return_1w,30-40,87,0.00738230463483389,0.0065450377815741145,0.6781609195402298,0.08432153923414987,-0.050155319931290854,-0.050155319931290854
total_open_interest,Total Open Interest,Full History percentile,percentile,,oi_percentile_full_history,1W,gold_return_1w,40-50,88,0.0012311774194539123,0.0010763756144124281,0.5340909090909091,0.05088479272038593,-0.045080644030722206,-0.045080644030722206
total_open_interest,Total Open Interest,Full History percentile,percentile,,oi_percentile_full_history,1W,gold_return_1w,50-60,87,0.0005122709771038798,0.00017820960060155322,0.5057471264367817,0.055201765766669464,-0.06468940995295891,-0.06468940995295891
total_open_interest,Total Open Interest,Full History percentile,percentile,,oi_percentile_full_history,1W,gold_return_1w,60-70,87,0.0014396666614556206,0.0025358189558639666,0.5517241379310345,0.05140837637929474,-0.08635005098425519,-0.08635005098425519
total_open_interest,Total Open Interest,Full History percentile,percentile,,oi_percentile_full_history,1W,gold_return_1w,70-80,88,0.005056937193724695,0.004788660195255701,0.5909090909090909,0.06729552864015265,-0.04695182045208668,-0.04695182045208668
total_open_interest,Total Open Interest,Full History percentile,percentile,,oi_percentile_full_history,1W,gold_return_1w,80-90,87,0.003374099039754517,0.005152884810619707,0.5862068965517241,0.08872708019648767,-0.05622979951011842,-0.05622979951011842
total_open_interest,Total Open Interest,Full History percentile,percentile,,oi_percentile_full_history,1W,gold_return_1w,90-100,88,-0.00030577192145363197,0.00214934230125996,0.5454545454545454,0.055525361160558395,-0.0808871997749745,-0.0808871997749745
total_open_interest,Total Open Interest,Full History percentile,percentile,,oi_percentile_full_history,2W,gold_return_2w,0-10,85,0.0025692245168240178,0.002606105733432562,0.5058823529411764,0.07523465643932004,-0.09000439206598332,-0.09000439206598332
total_open_interest,Total Open Interest,Full History percentile,percentile,,oi_percentile_full_history,2W,gold_return_2w,10-20,87,-0.00284311175411875,-0.0005547419373918006,0.4942528735632184,0.062143511476769886,-0.15878546754349454,-0.15878546754349454
total_open_interest,Total Open Interest,Full History percentile,percentile,,oi_percentile_full_history,2W,gold_return_2w,20-30,88,0.004909828840876438,0.004024679478602744,0.5681818181818182,0.07159479045184636,-0.06499221438821745,-0.06499221438821745
total_open_interest,Total Open Interest,Full History percentile,percentile,,oi_percentile_full_history,2W,gold_return_2w,30-40,87,0.00837806074558234,0.007672865363574477,0.6091954022988506,0.14566775391111086,-0.048773520210935506,-0.06468940995295891
total_open_interest,Total Open Interest,Full History percentile,percentile,,oi_percentile_full_history,2W,gold_return_2w,40-50,88,0.004080842608083456,0.0038015079135036434,0.5681818181818182,0.07829790202317621,-0.06736381073620279,-0.06736381073620279
total_open_interest,Total Open Interest,Full History percentile,percentile,,oi_percentile_full_history,2W,gold_return_2w,50-60,87,0.006235496336756071,0.005739927100518516,0.5862068965517241,0.0775620034100104,-0.06125140330543344,-0.06468940995295891
total_open_interest,Total Open Interest,Full History percentile,percentile,,oi_percentile_full_history,2W,gold_return_2w,60-70,87,0.003364824823005557,0.0011793379756328548,0.5287356321839081,0.10944797529729877,-0.1062216467438084,-0.1062216467438084
total_open_interest,Total Open Interest,Full History percentile,percentile,,oi_percentile_full_history,2W,gold_return_2w,70-80,88,0.0070436142836238285,0.0066390379902155905,0.5909090909090909,0.10692488585101612,-0.09645285117833136,-0.09645285117833136
total_open_interest,Total Open Interest,Full History percentile,percentile,,oi_percentile_full_history,2W,gold_return_2w,80-90,87,0.005463807412604543,0.005231254294209675,0.5747126436781609,0.07633306091653003,-0.05797099093690261,-0.05797099093690261
total_open_interest,Total Open Interest,Full History percentile,percentile,,oi_percentile_full_history,2W,gold_return_2w,90-100,88,0.0006516449984098565,-0.00259869362379056,0.45454545454545453,0.08619188268210953,-0.07137199495423874,-0.0808871997749745
total_open_interest,Total Open Interest,Full History percentile,percentile,,oi_percentile_full_history,4W,gold_return_4w,0-10,83,0.0009777729415528897,-0.0014925564918009115,0.4578313253012048,0.10418199901385705,-0.10987044784366473,-0.10987044784366473
total_open_interest,Total Open Interest,Full History percentile,percentile,,oi_percentile_full_history,4W,gold_return_4w,10-20,87,0.0008507734133480557,-0.004185583050527963,0.47126436781609193,0.10826681104391889,-0.14672796242247665,-0.15878546754349454
total_open_interest,Total Open Interest,Full History percentile,percentile,,oi_percentile_full_history,4W,gold_return_4w,20-30,88,0.012516641495228697,0.015091966188505612,0.6477272727272727,0.08801927969683554,-0.07419414979501526,-0.07737720432495843
total_open_interest,Total Open Interest,Full History percentile,percentile,,oi_percentile_full_history,4W,gold_return_4w,30-40,87,0.011569864152393855,0.008722063992195661,0.6436781609195402,0.14923865199234854,-0.13932848829941735,-0.13932848829941735
total_open_interest,Total Open Interest,Full History percentile,percentile,,oi_percentile_full_history,4W,gold_return_4w,40-50,88,0.008348353686028943,0.009537066882696399,0.5909090909090909,0.11483539553129396,-0.09278442175562396,-0.09278442175562396
total_open_interest,Total Open Interest,Full History percentile,percentile,,oi_percentile_full_history,4W,gold_return_4w,50-60,87,0.00898094766919916,0.0039972243823278575,0.5632183908045977,0.1624218642195807,-0.073624454142869,-0.07851149906442356
total_open_interest,Total Open Interest,Full History percentile,percentile,,oi_percentile_full_history,4W,gold_return_4w,60-70,87,0.006008698732106729,0.004371916068017345,0.5402298850574713,0.1264135063309746,-0.09640333951559199,-0.11727902345840291
total_open_interest,Total Open Interest,Full History percentile,percentile,,oi_percentile_full_history,4W,gold_return_4w,70-80,88,0.016585897952070442,0.0182518058419866,0.625,0.12471478775865297,-0.13647792390513236,-0.13647792390513236
total_open_interest,Total Open Interest,Full History percentile,percentile,,oi_percentile_full_history,4W,gold_return_4w,80-90,87,0.008495116179289788,0.0024670728421993804,0.5172413793103449,0.1520099174022118,-0.07030730860202183,-0.07030730860202183
total_open_interest,Total Open Interest,Full History percentile,percentile,,oi_percentile_full_history,4W,gold_return_4w,90-100,88,0.004885339213914223,0.0036740216367147083,0.5795454545454546,0.08521493590944273,-0.06763285024154586,-0.0808871997749745
total_open_interest,Total Open Interest,Full History percentile,percentile,,oi_percentile_full_history,8W,gold_return_8w,0-10,79,0.0033596141795159086,-0.01031608525519112,0.43037974683544306,0.16258290711985013,-0.10414806770093099,-0.10987044784366473
total_open_interest,Total Open Interest,Full History percentile,percentile,,oi_percentile_full_history,8W,gold_return_8w,10-20,87,0.005212357333848236,-0.007066663169219112,0.47126436781609193,0.21337118039709324,-0.13660859338868192,-0.15878546754349454
total_open_interest,Total Open Interest,Full History percentile,percentile,,oi_percentile_full_history,8W,gold_return_8w,20-30,88,0.015182842617006953,0.014160533239883644,0.5909090909090909,0.16568806134001735,-0.14175294990618525,-0.14175294990618525
total_open_interest,Total Open Interest,Full History percentile,percentile,,oi_percentile_full_history,8W,gold_return_8w,30-40,87,0.022745450187221995,0.01825053031256041,0.6206896551724138,0.24907959114291334,-0.13519576581347614,-0.14140658076298185
total_open_interest,Total Open Interest,Full History percentile,percentile,,oi_percentile_full_history,8W,gold_return_8w,40-50,88,0.026404657634741938,0.02595677633972049,0.6363636363636364,0.16708462597447316,-0.11048713887052242,-0.11354541285035735
total_open_interest,Total Open Interest,Full History percentile,percentile,,oi_percentile_full_history,8W,gold_return_8w,50-60,87,0.020821472281267274,0.011712580097732905,0.5747126436781609,0.20789518759017245,-0.1339790371346169,-0.15878546754349454
total_open_interest,Total Open Interest,Full History percentile,percentile,,oi_percentile_full_history,8W,gold_return_8w,60-70,87,0.016441948854450113,0.009929357951645512,0.5517241379310345,0.2391145624670039,-0.11038605371419963,-0.13647792390513236
total_open_interest,Total Open Interest,Full History percentile,percentile,,oi_percentile_full_history,8W,gold_return_8w,70-80,88,0.026773263954469308,0.017175107755869612,0.6477272727272727,0.19719572007532582,-0.11590482956796466,-0.13647792390513236
total_open_interest,Total Open Interest,Full History percentile,percentile,,oi_percentile_full_history,8W,gold_return_8w,80-90,87,0.006676528979589834,-0.00917777873555381,0.4367816091954023,0.14110813977702508,-0.11245966153384135,-0.11245966153384135
total_open_interest,Total Open Interest,Full History percentile,percentile,,oi_percentile_full_history,8W,gold_return_8w,90-100,88,0.014492558842580492,0.01468824522678569,0.5340909090909091,0.1103411065952582,-0.08665813583104709,-0.08665813583104709
