Market_and_Exchange_Names,As_of_Date_In_Form_YYMMDD,Report_Date_as_YYYY-MM-DD,CFTC_Contract_Market_Code,CFTC_Market_Code,CFTC_Region_Code,CFTC_Commodity_Code,Open_Interest_All,Prod_Merc_Positions_Long_All,Prod_Merc_Positions_Short_All,Swap_Positions_Long_All,Swap__Positions_Short_All,Swap__Positions_Spread_All,M_Money_Positions_Long_All,M_Money_Positions_Short_All,M_Money_Positions_Spread_All,Other_Rept_Positions_Long_All,Other_Rept_Positions_Short_All,Other_Rept_Positions_Spread_All,Tot_Rept_Positions_Long_All,Tot_Rept_Positions_Short_All,NonRept_Positions_Long_All,NonRept_Positions_Short_All,Open_Interest_Old,Prod_Merc_Positions_Long_Old,Prod_Merc_Positions_Short_Old,Swap_Positions_Long_Old,Swap__Positions_Short_Old,Swap__Positions_Spread_Old,M_Money_Positions_Long_Old,M_Money_Positions_Short_Old,M_Money_Positions_Spread_Old,Other_Rept_Positions_Long_Old,Other_Rept_Positions_Short_Old,Other_Rept_Positions_Spread_Old,Tot_Rept_Positions_Long_Old,Tot_Rept_Positions_Short_Old,NonRept_Positions_Long_Old,NonRept_Positions_Short_Old,Open_Interest_Other,Prod_Merc_Positions_Long_Other,Prod_Merc_Positions_Short_Other,Swap_Positions_Long_Other,Swap__Positions_Short_Other,Swap__Positions_Spread_Other,M_Money_Positions_Long_Other,M_Money_Positions_Short_Other,M_Money_Positions_Spread_Other,Other_Rept_Positions_Long_Other,Other_Rept_Positions_Short_Other,Other_Rept_Positions_Spread_Other,Tot_Rept_Positions_Long_Other,Tot_Rept_Positions_Short_Other,NonRept_Positions_Long_Other,NonRept_Positions_Short_Other,Change_in_Open_Interest_All,Change_in_Prod_Merc_Long_All,Change_in_Prod_Merc_Short_All,Change_in_Swap_Long_All,Change_in_Swap_Short_All,Change_in_Swap_Spread_All,Change_in_M_Money_Long_All,Change_in_M_Money_Short_All,Change_in_M_Money_Spread_All,Change_in_Other_Rept_Long_All,Change_in_Other_Rept_Short_All,Change_in_Other_Rept_Spread_All,Change_in_Tot_Rept_Long_All,Change_in_Tot_Rept_Short_All,Change_in_NonRept_Long_All,Change_in_NonRept_Short_All,Pct_of_Open_Interest_All,Pct_of_OI_Prod_Merc_Long_All,Pct_of_OI_Prod_Merc_Short_All,Pct_of_OI_Swap_Long_All,Pct_of_OI_Swap_Short_All,Pct_of_OI_Swap_Spread_All,Pct_of_OI_M_Money_Long_All,Pct_of_OI_M_Money_Short_All,Pct_of_OI_M_Money_Spread_All,Pct_of_OI_Other_Rept_Long_All,Pct_of_OI_Other_Rept_Short_All,Pct_of_OI_Other_Rept_Spread_All,Pct_of_OI_Tot_Rept_Long_All,Pct_of_OI_Tot_Rept_Short_All,Pct_of_OI_NonRept_Long_All,Pct_of_OI_NonRept_Short_All,Pct_of_Open_Interest_Old,Pct_of_OI_Prod_Merc_Long_Old,Pct_of_OI_Prod_Merc_Short_Old,Pct_of_OI_Swap_Long_Old,Pct_of_OI_Swap_Short_Old,Pct_of_OI_Swap_Spread_Old,Pct_of_OI_M_Money_Long_Old,Pct_of_OI_M_Money_Short_Old,Pct_of_OI_M_Money_Spread_Old,Pct_of_OI_Other_Rept_Long_Old,Pct_of_OI_Other_Rept_Short_Old,Pct_of_OI_Other_Rept_Spread_Old,Pct_of_OI_Tot_Rept_Long_Old,Pct_of_OI_Tot_Rept_Short_Old,Pct_of_OI_NonRept_Long_Old,Pct_of_OI_NonRept_Short_Old,Pct_of_Open_Interest_Other,Pct_of_OI_Prod_Merc_Long_Other,Pct_of_OI_Prod_Merc_Short_Other,Pct_of_OI_Swap_Long_Other,Pct_of_OI_Swap_Short_Other,Pct_of_OI_Swap_Spread_Other,Pct_of_OI_M_Money_Long_Other,Pct_of_OI_M_Money_Short_Other,Pct_of_OI_M_Money_Spread_Other,Pct_of_OI_Other_Rept_Long_Other,Pct_of_OI_Other_Rept_Short_Other,Pct_of_OI_Other_Rept_Spread_Other,Pct_of_OI_Tot_Rept_Long_Other,Pct_of_OI_Tot_Rept_Short_Other,Pct_of_OI_NonRept_Long_Other,Pct_of_OI_NonRept_Short_Other,Traders_Tot_All,Traders_Prod_Merc_Long_All,Traders_Prod_Merc_Short_All,Traders_Swap_Long_All,Traders_Swap_Short_All,Traders_Swap_Spread_All,Traders_M_Money_Long_All,Traders_M_Money_Short_All,Traders_M_Money_Spread_All,Traders_Other_Rept_Long_All,Traders_Other_Rept_Short_All,Traders_Other_Rept_Spread_All,Traders_Tot_Rept_Long_All,Traders_Tot_Rept_Short_All,Traders_Tot_Old,Traders_Prod_Merc_Long_Old,Traders_Prod_Merc_Short_Old,Traders_Swap_Long_Old,Traders_Swap_Short_Old,Traders_Swap_Spread_Old,Traders_M_Money_Long_Old,Traders_M_Money_Short_Old,Traders_M_Money_Spread_Old,Traders_Other_Rept_Long_Old,Traders_Other_Rept_Short_Old,Traders_Other_Rept_Spread_Old,Traders_Tot_Rept_Long_Old,Traders_Tot_Rept_Short_Old,Traders_Tot_Other,Traders_Prod_Merc_Long_Other,Traders_Prod_Merc_Short_Other,Traders_Swap_Long_Other,Traders_Swap_Short_Other,Traders_Swap_Spread_Other,Traders_M_Money_Long_Other,Traders_M_Money_Short_Other,Traders_M_Money_Spread_Other,Traders_Other_Rept_Long_Other,Traders_Other_Rept_Short_Other,Traders_Other_Rept_Spread_Other,Traders_Tot_Rept_Long_Other,Traders_Tot_Rept_Short_Other,Conc_Gross_LE_4_TDR_Long_All,Conc_Gross_LE_4_TDR_Short_All,Conc_Gross_LE_8_TDR_Long_All,Conc_Gross_LE_8_TDR_Short_All,Conc_Net_LE_4_TDR_Long_All,Conc_Net_LE_4_TDR_Short_All,Conc_Net_LE_8_TDR_Long_All,Conc_Net_LE_8_TDR_Short_All,Conc_Gross_LE_4_TDR_Long_Old,Conc_Gross_LE_4_TDR_Short_Old,Conc_Gross_LE_8_TDR_Long_Old,Conc_Gross_LE_8_TDR_Short_Old,Conc_Net_LE_4_TDR_Long_Old,Conc_Net_LE_4_TDR_Short_Old,Conc_Net_LE_8_TDR_Long_Old,Conc_Net_LE_8_TDR_Short_Old,Conc_Gross_LE_4_TDR_Long_Other,Conc_Gross_LE_4_TDR_Short_Other,Conc_Gross_LE_8_TDR_Long_Other,Conc_Gross_LE_8_TDR_Short_Other,Conc_Net_LE_4_TDR_Long_Other,Conc_Net_LE_4_TDR_Short_Other,Conc_Net_LE_8_TDR_Long_Other,Conc_Net_LE_8_TDR_Short_Other,Contract_Units,CFTC_Contract_Market_Code_Quotes,CFTC_Market_Code_Quotes,CFTC_Commodity_Code_Quotes,CFTC_SubGroup_Code,FutOnly_or_Combined
"WHEAT-SRW - CHICAGO BOARD OF TRADE",260929,2026-09-29,001602,CBT ,00,001 ,  483142,   67686,  124881,   88757,   18111,   19735,   82747,  104856,  125527,   32413,   26766,   31415,  448280,  451291,   34862,   31851,  402136,   50164,   94443,   85140,   13987,   10708,   73151,  119413,   95569,   38584,   26430,   17941,  371257,  378491,   30879,   23645,   81006,   17522,   30438,   12249,   12756,     395,   32756,    8603,    6798,    4037,   10544,    3266,   77023,   72800,    3983,    8206,    -137,    5675,   -5984,   -2008,    -822,    -554,   -6054,    4039,   -3404,    1087,      96,    6999,    1741,     370,   -1878,    -507,  100.0,   14.0,   25.8,   18.4,    3.7,    4.1,   17.1,   21.7,   26.0,    6.7,    5.5,    6.5,   92.8,   93.4,    7.2,    6.6,  100.0,   12.5,   23.5,   21.2,    3.5,    2.7,   18.2,   29.7,   23.8,    9.6,    6.6,    4.5,   92.3,   94.1,    7.7,    5.9,  100.0,   21.6,   37.6,   15.1,   15.7,    0.5,   40.4,   10.6,    8.4,    5.0,   13.0,    4.0,   95.1,   89.9,    4.9,   10.1,    424,     66,    102,     26,      8,     15,     76,     60,     73,     67,     54,     64,    315,    310,    420,     58,     97,     27,      8,     11,     68,     67,     67,     75,     50,     50,    296,    289,    221,     27,     81,     15,      8,      4,     39,     15,     19,     12,     41,     18,    115,    166,    12.5,    12.6,    20.1,    22.1,     8.2,     8.0,    14.7,    12.9,    11.5,    14.9,    18.8,    26.4,     8.1,     9.9,    14.7,    16.7,    30.0,    23.9,    43.8,    36.5,    29.6,    21.4,    43.3,    33.1,"(CONTRACTS OF 5,000 BUSHELS)","001602","CBT ","001 ","A10","FutOnly"
"WHEAT-HRW - CHICAGO BOARD OF TRADE",260929,2026-09-29,001612,CBT ,00,001 ,  306523,   18373,  117250,   81210,    2608,    9344,   71011,   40334,   77946,   10630,   20343,   17192,  285706,  285017,   20817,   21506,  262622,   12998,   99547,   76193,    2885,    6652,   67598,   45601,   59728,   10967,   21415,   11049,  245185,  246877,   17437,   15745,   43901,    5375,   17703,    7620,    2326,      89,   20183,   11503,    1448,    4316,    3581,    1490,   40521,   38140,    3380,    5761,   -5413,    2175,   -6936,   -1359,    -376,     630,   -5728,    4230,    1271,    2270,   -2162,   -4462,   -5203,   -7805,    -210,    2392,  100.0,    6.0,   38.3,   26.5,    0.9,    3.0,   23.2,   13.2,   25.4,    3.5,    6.6,    5.6,   93.2,   93.0,    6.8,    7.0,  100.0,    4.9,   37.9,   29.0,    1.1,    2.5,   25.7,   17.4,   22.7,    4.2,    8.2,    4.2,   93.4,   94.0,    6.6,    6.0,  100.0,   12.2,   40.3,   17.4,    5.3,    0.2,   46.0,   26.2,    3.3,    9.8,    8.2,    3.4,   92.3,   86.9,    7.7,   13.1,    273,     48,     81,     19,      7,     13,     54,     34,     50,     32,     33,     29,    200,    203,    271,     41,     79,     20,      6,     10,     49,     39,     46,     31,     36,     26,    187,    196,    158,     16,     67,     13,      6,.,     26,     11,      9,     12,     20,     12,     78,    118,    13.8,    13.7,    23.8,    23.2,    11.2,    10.2,    19.6,    16.3,    15.7,    15.8,    26.5,    26.0,    12.4,    11.7,    21.8,    18.7,    30.4,    23.9,    43.8,    34.7,    30.2,    21.2,    42.1,    31.0,"(CONTRACTS OF 5,000 BUSHELS)","001612","CBT ","001 ","A10","FutOnly"
"WHEAT-HRSpring - MIAX FUTURES EXCHANGE",260929,2026-09-29,001626,MGE ,00,001 ,   80509,   34975,   60477,    7644,     410,     122,   21075,    4869,    1459,    1847,    1429,    3196,   70318,   71962,   10191,    8547,   78454,   34450,   58732,    7478,     410,     122,   20705,    4880,    1448,    1803,    1881,    2694,   68700,   70167,    9754,    8287,    2055,     525,    1745,     166,       0,       0,     381,       0,       0,     521,      25,      25,    1618,    1795,     437,     260,     -51,    2861,   -3600,     670,     410,      -4,   -3487,    1704,    -170,     242,     271,     275,     387,   -1114,    -438,    1063,  100.0,   43.4,   75.1,    9.5,    0.5,    0.2,   26.2,    6.0,    1.8,    2.3,    1.8,    4.0,   87.3,   89.4,   12.7,   10.6,  100.0,   43.9,   74.9,    9.5,    0.5,    0.2,   26.4,    6.2,    1.8,    2.3,    2.4,    3.4,   87.6,   89.4,   12.4,   10.6,  100.0,   25.5,   84.9,    8.1,    0.0,    0.0,   18.5,    0.0,    0.0,   25.4,    1.2,    1.2,   78.7,   87.3,   21.3,   12.7,    125,     57,     47,      7,.,      4,     17,      9,      8,     11,      7,      8,     99,     78,    125,     57,     46,      7,.,      4,     17,      9,      7,      8,     10,      8,     98,     77,     44,      9,     30,.,      0,      0,.,      0,      0,.,.,.,     17,     32,    22.6,    31.6,    34.5,    49.8,    22.6,    31.2,    34.1,    48.6,    23.2,    31.7,    35.3,    50.2,    23.2,    31.3,    34.9,    49.1,    45.6,    43.9,    67.9,    61.1,    44.4,    43.9,    65.1,    61.1,"(CONTRACTS OF 5,000 BUSHELS)","001626","MGE ","001 ","A10","FutOnly"
"CORN - CHICAGO BOARD OF TRADE",260929,2026-09-29,002602,CBT ,00,002 , 1857317,  349329, 1082314,  321474,   36997,   46831,  439843,   58623,  290375,  193009,   64728,   83405, 1724266, 1663273,  133051,  194044, 1728082,  315533, 1005542,  311604,   32921,   46018,  416993,   86932,  252221,  200100,   66313,   63125, 1605594, 1553072,  122488,  175010,  129235,   33796,   76772,   10510,    4716,     173,   60685,    9526,     319,    8885,   14391,    4304,  118672,  110201,   10563,   19034,    2812,   34006,   -6492,  -13408,     787,    7062,  -31623,   -8746,   24895,    -816,    2607,  -19466,     650,     647,    2162,    2165,  100.0,   18.8,   58.3,   17.3,    2.0,    2.5,   23.7,    3.2,   15.6,   10.4,    3.5,    4.5,   92.8,   89.6,    7.2,   10.4,  100.0,   18.3,   58.2,   18.0,    1.9,    2.7,   24.1,    5.0,   14.6,   11.6,    3.8,    3.7,   92.9,   89.9,    7.1,   10.1,  100.0,   26.2,   59.4,    8.1,    3.6,    0.1,   47.0,    7.4,    0.2,    6.9,   11.1,    3.3,   91.8,   85.3,    8.2,   14.7,    866,    272,    367,     29,     12,     15,    110,     45,     86,    112,     91,     94,    612,    643,    861,    263,    363,     28,     13,     13,    107,     49,     80,    106,     98,     87,    591,    632,    433,     63,    251,     13,      6,.,     28,     12,      4,     34,     49,     25,    149,    339,     9.4,    11.7,    16.7,    19.2,     8.8,     9.6,    15.0,    16.0,    10.0,    10.7,    17.6,    18.7,     9.5,     8.9,    16.0,    15.2,    31.9,    29.4,    45.4,    39.9,    31.9,    29.1,    45.3,    39.5,"(CONTRACTS OF 5,000 BUSHELS)","002602","CBT ","002 ","A10","FutOnly"
"SOYBEANS - CHICAGO BOARD OF TRADE",260929,2026-09-29,005602,CBT ,00,005 , 1090227,  341596,  632741,  123984,   65814,   21282,  280875,   34317,  132706,   64508,   54194,   75363, 1040314, 1016417,   49913,   73810, 1033299,  323141,  599137,  122966,   67138,   18692,  270468,   39501,  122834,   64674,   52191,   65181,  987956,  964674,   45343,   68625,   56928,   18455,   33604,    3330,     988,     278,   18356,    2765,    1923,    3436,    5605,    6580,   52358,   51743,    4570,    5185,  -24101,   13555,  -17540,   -6679,    -153,   -2897,  -19867,   -1266,   -5107,   -5275,     833,    2437,  -23833,  -23693,    -268,    -408,  100.0,   31.3,   58.0,   11.4,    6.0,    2.0,   25.8,    3.1,   12.2,    5.9,    5.0,    6.9,   95.4,   93.2,    4.6,    6.8,  100.0,   31.3,   58.0,   11.9,    6.5,    1.8,   26.2,    3.8,   11.9,    6.3,    5.1,    6.3,   95.6,   93.4,    4.4,    6.6,  100.0,   32.4,   59.0,    5.8,    1.7,    0.5,   32.2,    4.9,    3.4,    6.0,    9.8,   11.6,   92.0,   90.9,    8.0,    9.1,    625,    169,    254,     21,     21,     22,    109,     35,     73,     63,     75,     94,    465,    496,    623,    168,    254,     21,     21,     19,    107,     39,     72,     63,     77,     88,    457,    491,    289,     35,    165,      9,      8,      6,     27,      7,      7,     15,     32,     17,    100,    233,    11.1,    15.8,    19.1,    25.0,     8.2,    12.8,    14.9,    19.2,    11.7,    15.3,    20.1,    24.4,     8.6,    13.3,    15.7,    19.2,    29.6,    38.5,    44.7,    52.2,    29.0,    38.5,    40.2,    48.9,"(CONTRACTS OF 5,000 BUSHELS)","005602","CBT ","005 ","A30","FutOnly"
"MINI SOYBEANS - CHICAGO BOARD OF TRADE",260929,2026-09-29,005603,CBT ,00,005 ,   29795,       8,    9345,       0,       0,       0,       0,     140,      20,   26519,    1117,     861,   27408,   11483,    2387,   18312,   27303,       8,    7802,       0,       0,       0,       0,       0,       0,   25166,    1103,     861,   26035,    9766,    1268,   17537,    2492,       0,    1543,       0,       0,       0,       0,     140,      20,    1353,      14,       0,    1373,    1717,    1119,     775,     210,       2,    -511,       0,       0,       0,       0,     140,      20,     268,    -366,     106,     396,    -611,    -186,     821,  100.0,    0.0,   31.4,    0.0,    0.0,    0.0,    0.0,    0.5,    0.1,   89.0,    3.7,    2.9,   92.0,   38.5,    8.0,   61.5,  100.0,    0.0,   28.6,    0.0,    0.0,    0.0,    0.0,    0.0,    0.0,   92.2,    4.0,    3.2,   95.4,   35.8,    4.6,   64.2,  100.0,    0.0,   61.9,    0.0,    0.0,    0.0,    0.0,    5.6,    0.8,   54.3,    0.6,    0.0,   55.1,   68.9,   44.9,   31.1,     24,.,     12,      0,      0,      0,      0,.,.,      6,      5,      4,     11,     20,     23,.,     12,      0,      0,      0,      0,      0,      0,      6,      5,      4,     10,     19,     15,      0,      9,      0,      0,      0,      0,.,.,.,.,      0,      4,     12,    84.9,    25.6,    91.9,    30.6,    83.9,    25.3,    89.0,    29.3,    88.6,    22.5,    95.3,    27.8,    87.5,    22.1,    92.2,    26.4,    55.1,    66.0,    55.1,    68.2,    54.3,    65.2,    54.3,    67.4,"(Contracts of 1,000 Bushels)","005603","CBT ","005 ","A30","FutOnly"
"NJ SRECS - ICE FUTURES ENERGY DIV",260929,2026-09-29,0063CC,IFED,01,006 ,  140678,   99705,   88498,    7000,    2670,     200,       0,    1167,       0,   30593,   44940,    3180,  140678,  140655,       0,      23,  140678,   99705,   88498,    7000,    2670,     200,       0,    1167,       0,   30593,   44940,    3180,  140678,  140655,       0,      23,       0,       0,       0,       0,       0,       0,       0,       0,       0,       0,       0,       0,       0,       0,       0,       0,   -1800,   -1900,    -400,    -200,       0,       0,       0,       0,       0,     100,   -1600,     200,   -1800,   -1800,       0,       0,  100.0,   70.9,   62.9,    5.0,    1.9,    0.1,    0.0,    0.8,    0.0,   21.7,   31.9,    2.3,  100.0,  100.0,    0.0,    0.0,  100.0,   70.9,   62.9,    5.0,    1.9,    0.1,    0.0,    0.8,    0.0,   21.7,   31.9,    2.3,  100.0,  100.0,    0.0,    0.0,  100.0,    0.0,    0.0,    0.0,    0.0,    0.0,    0.0,    0.0,    0.0,    0.0,    0.0,    0.0,    0.0,    0.0,    0.0,    0.0,     37,     17,      8,.,.,.,      0,.,      0,      6,      4,      5,     27,     20,     37,     17,      8,.,.,.,      0,.,      0,      6,      4,      5,     27,     20,      0,      0,      0,      0,      0,      0,      0,      0,      0,      0,      0,      0,      0,      0,    51.3,    87.5,    75.9,    95.5,    51.3,    86.8,    75.9,    93.3,    51.3,    87.5,    75.9,    95.5,    51.3,    86.8,    75.9,    93.3,     0.0,     0.0,     0.0,     0.0,     0.0,     0.0,     0.0,     0.0,"(10 SRECs)","0063CC","IFED","006 ","N60","FutOnly"
"PJM TRI-RECs CLASS 1  - ICE FUTURES ENERGY DIV",260929,2026-09-29,0063CH,IFED,01,006 ,  243382,  177083,  160741,    7965,     245,       0,     688,    5456,     144,   31071,   50365,   26431,  243382,  243382,       0,       0,  243382,  177083,  160741,    7965,     245,       0,     688,    5456,     144,   31071,   50365,   26431,  243382,  243382,       0,       0,       0,       0,       0,       0,       0,       0,       0,       0,       0,       0,       0,       0,       0,       0,       0,       0,     890,    -355,     965,       0,       0,       0,     -50,       0,       0,    1870,     500,    -575,     890,     890,       0,       0,  100.0,   72.8,   66.0,    3.3,    0.1,    0.0,    0.3,    2.2,    0.1,   12.8,   20.7,   10.9,  100.0,  100.0,    0.0,    0.0,  100.0,   72.8,   66.0,    3.3,    0.1,    0.0,    0.3,    2.2,    0.1,   12.8,   20.7,   10.9,  100.0,  100.0,    0.0,    0.0,  100.0,    0.0,    0.0,    0.0,    0.0,    0.0,    0.0,    0.0,    0.0,    0.0,    0.0,    0.0,    0.0,    0.0,    0.0,    0.0,     46,     20,     15,.,.,      0,.,.,.,      7,      7,      8,     36,     29,     46,     20,     15,.,.,      0,.,.,.,      7,      7,      8,     36,     29,      0,      0,      0,      0,      0,      0,      0,      0,      0,      0,      0,      0,      0,      0,    48.2,    58.1,    71.1,    75.0,    41.3,    58.1,    63.3,    71.8,    48.2,    58.1,    71.1,    75.0,    41.3,    58.1,    63.3,    71.8,     0.0,     0.0,     0.0,     0.0,     0.0,     0.0,     0.0,     0.0,"(100 MWh of renewable energy certificates)","0063CH","IFED","006 ","N60","FutOnly"
"CALIF LOW CARBON FSC-OPIS  - ICE FUTURES ENERGY DIV",260929,2026-09-29,0063CU,IFED,01,006 ,  121898,    5877,   88648,   44204,    2022,       0,   65065,       0,    2501,    3493,   27994,     732,  121872,  121897,      26,       1,  121898,    5877,   88648,   44204,    2022,       0,   65065,       0,    2501,    3493,   27994,     732,  121872,  121897,      26,       1,       0,       0,       0,       0,       0,       0,       0,       0,       0,       0,       0,       0,       0,       0,       0,       0,    1855,     -60,     425,     -70,    -346,       0,    1020,       0,     500,     290,    1105,     170,    1850,    1854,       5,       1,  100.0,    4.8,   72.7,   36.3,    1.7,    0.0,   53.4,    0.0,    2.1,    2.9,   23.0,    0.6,  100.0,  100.0,    0.0,    0.0,  100.0,    4.8,   72.7,   36.3,    1.7,    0.0,   53.4,    0.0,    2.1,    2.9,   23.0,    0.6,  100.0,  100.0,    0.0,    0.0,  100.0,    0.0,    0.0,    0.0,    0.0,    0.0,    0.0,    0.0,    0.0,    0.0,    0.0,    0.0,    0.0,    0.0,    0.0,    0.0,     56,      9,     10,.,.,      0,     18,      0,.,     12,      5,.,     44,     21,     56,      9,     10,.,.,      0,     18,      0,.,     12,      5,.,     44,     21,      0,      0,      0,      0,      0,      0,      0,      0,      0,      0,      0,      0,      0,      0,    64.8,    80.3,    78.9,    94.9,    64.8,    79.4,    77.9,    94.0,    64.8,    80.3,    78.9,    94.9,    64.8,    79.4,    77.9,    94.0,     0.0,     0.0,     0.0,     0.0,     0.0,     0.0,     0.0,     0.0,"(100 LCFS Credits- each of 1 MT)","0063CU","IFED","006 ","N60","FutOnly"
"D6 RINs OPIS CURRENT YEAR - ICE FUTURES ENERGY DIV",260929,2026-09-29,0063CW,IFED,01,006 ,   29825,    4944,    8020,    1293,    1432,     206,    3115,    1319,    3242,    9852,    8381,    6992,   29644,   29592,     181,     233,   29825,    4944,    8020,    1293,    1432,     206,    3115,    1319,    3242,    9852,    8381,    6992,   29644,   29592,     181,     233,       0,       0,       0,       0,       0,       0,       0,       0,       0,       0,       0,       0,       0,       0,       0,       0,     488,     594,      41,    -158,     423,    -265,     298,    -233,     326,     306,     722,    -637,     464,     377,      24,     111,  100.0,   16.6,   26.9,    4.3,    4.8,    0.7,   10.4,    4.4,   10.9,   33.0,   28.1,   23.4,   99.4,   99.2,    0.6,    0.8,  100.0,   16.6,   26.9,    4.3,    4.8,    0.7,   10.4,    4.4,   10.9,   33.0,   28.1,   23.4,   99.4,   99.2,    0.6,    0.8,  100.0,    0.0,    0.0,    0.0,    0.0,    0.0,    0.0,    0.0,    0.0,    0.0,    0.0,    0.0,    0.0,    0.0,    0.0,    0.0,     76,     10,     13,.,.,.,      6,      7,      7,     14,     24,     11,     44,     57,     76,     10,     13,.,.,.,      6,      7,      7,     14,     24,     11,     44,     57,      0,      0,      0,      0,      0,      0,      0,      0,      0,      0,      0,      0,      0,      0,    61.6,    43.0,    79.2,    61.5,    41.6,    29.2,    53.5,    40.1,    61.6,    43.0,    79.2,    61.5,    41.6,    29.2,    53.5,    40.1,     0.0,     0.0,     0.0,     0.0,     0.0,     0.0,     0.0,     0.0,"(50,000 RINs)","0063CW","IFED","006 ","N60","FutOnly"
"PA SOLAR ALTER ENERGY CREDIT - ICE FUTURES ENERGY DIV",260929,2026-09-29,0063DA,IFED,01,006 ,   25170,    9495,   24050,     675,       0,       0,       0,       0,       0,   15000,    1120,       0,   25170,   25170,       0,       0,   25170,    9495,   24050,     675,       0,       0,       0,       0,       0,   15000,    1120,       0,   25170,   25170,       0,       0,       0,       0,       0,       0,       0,       0,       0,       0,       0,       0,       0,       0,       0,       0,       0,       0,     960,       0,     640,     460,       0,       0,       0,       0,       0,     500,     320,       0,     960,     960,       0,       0,  100.0,   37.7,   95.6,    2.7,    0.0,    0.0,    0.0,    0.0,    0.0,   59.6,    4.4,    0.0,  100.0,  100.0,    0.0,    0.0,  100.0,   37.7,   95.6,    2.7,    0.0,    0.0,    0.0,    0.0,    0.0,   59.6,    4.4,    0.0,  100.0,  100.0,    0.0,    0.0,  100.0,    0.0,    0.0,    0.0,    0.0,    0.0,    0.0,    0.0,    0.0,    0.0,    0.0,    0.0,    0.0,    0.0,    0.0,    0.0,     23,     10,      4,.,      0,      0,      0,      0,      0,      5,.,      0,     17,      7,     23,     10,      4,.,      0,      0,      0,      0,      0,      5,.,      0,     17,      7,      0,      0,      0,      0,      0,      0,      0,      0,      0,      0,      0,      0,      0,      0,    66.9,    96.3,    85.8,   100.0,    66.9,    93.6,    84.0,    96.0,    66.9,    96.3,    85.8,   100.0,    66.9,    93.6,    84.0,    96.0,     0.0,     0.0,     0.0,     0.0,     0.0,     0.0,     0.0,     0.0,"(10 PA SRECs)","0063DA","IFED","006 ","N60","FutOnly"
"CALIF CARBON CURRENT AUCTION - ICE FUTURES ENERGY DIV",260929,2026-09-29,0063DB,IFED,01,006 ,   54918,   13761,    3721,   18615,   16342,       0,    3290,   11875,    1555,   11177,   14911,    6514,   54912,   54918,       6,       0,   54918,   13761,    3721,   18615,   16342,       0,    3290,   11875,    1555,   11177,   14911,    6514,   54912,   54918,       6,       0,       0,       0,       0,       0,       0,       0,       0,       0,       0,       0,       0,       0,       0,       0,       0,       0,    1900,     -75,     -49,    3530,    -275,       0,   -1025,     854,      95,    -375,    1525,    -250,    1900,    1900,       0,       0,  100.0,   25.1,    6.8,   33.9,   29.8,    0.0,    6.0,   21.6,    2.8,   20.4,   27.2,   11.9,  100.0,  100.0,    0.0,    0.0,  100.0,   25.1,    6.8,   33.9,   29.8,    0.0,    6.0,   21.6,    2.8,   20.4,   27.2,   11.9,  100.0,  100.0,    0.0,    0.0,  100.0,    0.0,    0.0,    0.0,    0.0,    0.0,    0.0,    0.0,    0.0,    0.0,    0.0,    0.0,    0.0,    0.0,    0.0,    0.0,     50,     11,      6,      5,.,      0,      4,      5,.,     13,      5,.,     38,     19,     50,     11,      6,      5,.,      0,      4,      5,.,     13,      5,.,     38,     19,      0,      0,      0,      0,      0,      0,      0,      0,      0,      0,      0,      0,      0,      0,    52.1,    85.2,    70.0,    95.0,    46.2,    71.5,    62.5,    80.5,    52.1,    85.2,    70.0,    95.0,    46.2,    71.5,    62.5,    80.5,     0.0,     0.0,     0.0,     0.0,     0.0,     0.0,     0.0,     0.0,"(1,000 California carbon allowances)","0063DB","IFED","006 ","N60","FutOnly"
"D4 BIODIESEL RINs OPIS CURR YR - ICE FUTURES ENERGY DIV",260929,2026-09-29,0063DG,IFED,01,006 ,   18845,    3146,    7211,    1461,     817,     279,    2381,     360,    2020,    4744,    3492,    4572,   18603,   18751,     242,      94,   18845,    3146,    7211,    1461,     817,     279,    2381,     360,    2020,    4744,    3492,    4572,   18603,   18751,     242,      94,       0,       0,       0,       0,       0,       0,       0,       0,       0,       0,       0,       0,       0,       0,       0,       0,     300,    -363,     121,      44,    -136,       0,     233,      48,     -41,     345,     263,      46,     264,     301,      36,      -1,  100.0,   16.7,   38.3,    7.8,    4.3,    1.5,   12.6,    1.9,   10.7,   25.2,   18.5,   24.3,   98.7,   99.5,    1.3,    0.5,  100.0,   16.7,   38.3,    7.8,    4.3,    1.5,   12.6,    1.9,   10.7,   25.2,   18.5,   24.3,   98.7,   99.5,    1.3,    0.5,  100.0,    0.0,    0.0,    0.0,    0.0,    0.0,    0.0,    0.0,    0.0,    0.0,    0.0,    0.0,    0.0,    0.0,    0.0,    0.0,     63,     11,     12,.,.,.,      8,.,      6,     18,     13,      8,     45,     40,     63,     11,     12,.,.,.,      8,.,      6,     18,     13,      8,     45,     40,      0,      0,      0,      0,      0,      0,      0,      0,      0,      0,      0,      0,      0,      0,    46.3,    53.7,    64.5,    70.0,    26.6,    39.9,    39.8,    50.4,    46.3,    53.7,    64.5,    70.0,    26.6,    39.9,    39.8,    50.4,     0.0,     0.0,     0.0,     0.0,     0.0,     0.0,     0.0,     0.0,"(50,000 RINs)","0063DG","IFED","006 ","N60","FutOnly"
"CT RECs CLASS 1  - ICE FUTURES ENERGY DIV",260929,2026-09-29,0063DK,IFED,01,006 ,    9285,    5725,    6681,     610,     750,       0,       0,     100,       0,    2950,    1754,       0,    9285,    9285,       0,       0,    9285,    5725,    6681,     610,     750,       0,       0,     100,       0,    2950,    1754,       0,    9285,    9285,       0,       0,       0,       0,       0,       0,       0,       0,       0,       0,       0,       0,       0,       0,       0,       0,       0,       0,       0,       0,       0,       0,       0,       0,       0,       0,       0,       0,       0,       0,       0,       0,       0,       0,  100.0,   61.7,   72.0,    6.6,    8.1,    0.0,    0.0,    1.1,    0.0,   31.8,   18.9,    0.0,  100.0,  100.0,    0.0,    0.0,  100.0,   61.7,   72.0,    6.6,    8.1,    0.0,    0.0,    1.1,    0.0,   31.8,   18.9,    0.0,  100.0,  100.0,    0.0,    0.0,  100.0,    0.0,    0.0,    0.0,    0.0,    0.0,    0.0,    0.0,    0.0,    0.0,    0.0,    0.0,    0.0,    0.0,    0.0,    0.0,     21,      7,      9,.,.,      0,      0,.,      0,.,.,      0,      9,     14,     21,      7,      9,.,.,      0,      0,.,      0,.,.,      0,      9,     14,      0,      0,      0,      0,      0,      0,      0,      0,      0,      0,      0,      0,      0,      0,    74.9,    59.3,    97.8,    87.0,    70.6,    59.3,    92.7,    86.3,    74.9,    59.3,    97.8,    87.0,    70.6,    59.3,    92.7,    86.3,     0.0,     0.0,     0.0,     0.0,     0.0,     0.0,     0.0,     0.0,"(100 MWh of Class 1 Renewable Energy Certificates)","0063DK","IFED","006 ","N60","FutOnly"
"MASS COMPLIANCE RECs CLASS 1  - ICE FUTURES ENERGY DIV",260929,2026-09-29,0063DL,IFED,01,006 ,   21179,   20879,   10289,       0,       0,       0,       0,       0,       0,       0,   10590,     300,   21179,   21179,       0,       0,   21179,   20879,   10289,       0,       0,       0,       0,       0,       0,       0,   10590,     300,   21179,   21179,       0,       0,       0,       0,       0,       0,       0,       0,       0,       0,       0,       0,       0,       0,       0,       0,       0,       0,       0,       0,       0,       0,       0,       0,       0,       0,       0,       0,       0,       0,       0,       0,       0,       0,  100.0,   98.6,   48.6,    0.0,    0.0,    0.0,    0.0,    0.0,    0.0,    0.0,   50.0,    1.4,  100.0,  100.0,    0.0,    0.0,  100.0,   98.6,   48.6,    0.0,    0.0,    0.0,    0.0,    0.0,    0.0,    0.0,   50.0,    1.4,  100.0,  100.0,    0.0,    0.0,  100.0,    0.0,    0.0,    0.0,    0.0,    0.0,    0.0,    0.0,    0.0,    0.0,    0.0,    0.0,    0.0,    0.0,    0.0,    0.0,     24,     10,     13,      0,      0,      0,      0,      0,      0,      0,      6,.,     11,     19,     24,     10,     13,      0,      0,      0,      0,      0,      0,      0,      6,.,     11,     19,      0,      0,      0,      0,      0,      0,      0,      0,      0,      0,      0,      0,      0,      0,    89.0,    62.1,    97.5,    81.8,    89.0,    62.1,    94.1,    78.3,    89.0,    62.1,    97.5,    81.8,    89.0,    62.1,    94.1,    78.3,     0.0,     0.0,     0.0,     0.0,     0.0,     0.0,     0.0,     0.0,"100 MWh of Class 1 Renewable Energy Certificates","0063DL","IFED","006 ","N60","FutOnly"
"MARYLAND COMPLIANCE REC TIER1 - ICE FUTURES ENERGY DIV",260929,2026-09-29,0063DM,IFED,01,006 ,   11641,    9496,    6188,    1775,    1541,       0,       0,       0,       0,     250,    3792,     120,   11641,   11641,       0,       0,   11641,    9496,    6188,    1775,    1541,       0,       0,       0,       0,     250,    3792,     120,   11641,   11641,       0,       0,       0,       0,       0,       0,       0,       0,       0,       0,       0,       0,       0,       0,       0,       0,       0,       0,       0,       0,       0,       0,       0,       0,       0,       0,       0,       0,       0,       0,       0,       0,       0,       0,  100.0,   81.6,   53.2,   15.2,   13.2,    0.0,    0.0,    0.0,    0.0,    2.1,   32.6,    1.0,  100.0,  100.0,    0.0,    0.0,  100.0,   81.6,   53.2,   15.2,   13.2,    0.0,    0.0,    0.0,    0.0,    2.1,   32.6,    1.0,  100.0,  100.0,    0.0,    0.0,  100.0,    0.0,    0.0,    0.0,    0.0,    0.0,    0.0,    0.0,    0.0,    0.0,    0.0,    0.0,    0.0,    0.0,    0.0,    0.0,     23,     10,      7,.,.,      0,      0,      0,      0,.,      5,.,     14,     13,     23,     10,      7,.,.,      0,      0,      0,      0,.,      5,.,     14,     13,      0,      0,      0,      0,      0,      0,      0,      0,      0,      0,      0,      0,      0,      0,    61.6,    63.2,    86.1,    91.4,    61.6,    57.6,    83.1,    85.8,    61.6,    63.2,    86.1,    91.4,    61.6,    57.6,    83.1,    85.8,     0.0,     0.0,     0.0,     0.0,     0.0,     0.0,     0.0,     0.0,"(100 Tier 1 RECs)","0063DM","IFED","006 ","N60","FutOnly"
"MARYLAND SOLAR REC - ICE FUTURES ENERGY DIV",260929,2026-09-29,0063DN,IFED,01,006 ,   76931,   48431,   32800,   17750,   40981,       0,       0,       0,       0,   10750,    3150,       0,   76931,   76931,       0,       0,   76931,   48431,   32800,   17750,   40981,       0,       0,       0,       0,   10750,    3150,       0,   76931,   76931,       0,       0,       0,       0,       0,       0,       0,       0,       0,       0,       0,       0,       0,       0,       0,       0,       0,       0,       0,       0,       0,       0,       0,       0,       0,       0,       0,       0,       0,       0,       0,       0,       0,       0,  100.0,   63.0,   42.6,   23.1,   53.3,    0.0,    0.0,    0.0,    0.0,   14.0,    4.1,    0.0,  100.0,  100.0,    0.0,    0.0,  100.0,   63.0,   42.6,   23.1,   53.3,    0.0,    0.0,    0.0,    0.0,   14.0,    4.1,    0.0,  100.0,  100.0,    0.0,    0.0,  100.0,    0.0,    0.0,    0.0,    0.0,    0.0,    0.0,    0.0,    0.0,    0.0,    0.0,    0.0,    0.0,    0.0,    0.0,    0.0,     23,     10,      6,.,.,      0,      0,      0,      0,.,.,      0,     15,     11,     23,     10,      6,.,.,      0,      0,      0,      0,.,.,      0,     15,     11,      0,      0,      0,      0,      0,      0,      0,      0,      0,      0,      0,      0,      0,      0,    69.9,    88.3,    90.4,    97.9,    56.0,    69.7,    70.9,    76.7,    69.9,    88.3,    90.4,    97.9,    56.0,    69.7,    70.9,    76.7,     0.0,     0.0,     0.0,     0.0,     0.0,     0.0,     0.0,     0.0,"(10 SRECs)","0063DN","IFED","006 ","N60","FutOnly"
"NEPOOL DUAL RECs CLASS 1  - ICE FUTURES ENERGY DIV",260929,2026-09-29,0063DQ,IFED,01,006 ,   12760,    9910,    4234,     880,       0,       0,       0,       0,       0,    1065,    7546,     905,   12760,   12685,       0,      75,   12760,    9910,    4234,     880,       0,       0,       0,       0,       0,    1065,    7546,     905,   12760,   12685,       0,      75,       0,       0,       0,       0,       0,       0,       0,       0,       0,       0,       0,       0,       0,       0,       0,       0,       0,       0,       0,       0,       0,       0,       0,       0,       0,       0,       0,       0,       0,       0,       0,       0,  100.0,   77.7,   33.2,    6.9,    0.0,    0.0,    0.0,    0.0,    0.0,    8.3,   59.1,    7.1,  100.0,   99.4,    0.0,    0.6,  100.0,   77.7,   33.2,    6.9,    0.0,    0.0,    0.0,    0.0,    0.0,    8.3,   59.1,    7.1,  100.0,   99.4,    0.0,    0.6,  100.0,    0.0,    0.0,    0.0,    0.0,    0.0,    0.0,    0.0,    0.0,    0.0,    0.0,    0.0,    0.0,    0.0,    0.0,    0.0,     22,     11,      8,.,      0,      0,      0,      0,      0,.,.,.,     14,     12,     22,     11,      8,.,      0,      0,      0,      0,      0,.,.,.,     14,     12,      0,      0,      0,      0,      0,      0,      0,      0,      0,      0,      0,      0,      0,      0,    51.1,    67.0,    79.5,    92.0,    44.0,    67.0,    70.5,    85.0,    51.1,    67.0,    79.5,    92.0,    44.0,    67.0,    70.5,    85.0,     0.0,     0.0,     0.0,     0.0,     0.0,     0.0,     0.0,     0.0,"100 MWh of Class 1 Renewable Energy Certificates","0063DQ","IFED","006 ","N60","FutOnly"
"NJ COMPLIANCE RECs CLASS 1 - ICE FUTURES ENERGY DIV",260929,2026-09-29,0063DR,IFED,01,006 ,   28188,   15902,   19741,      50,       0,       0,       0,     750,       0,   12235,    7697,       0,   28187,   28188,       1,       0,   28188,   15902,   19741,      50,       0,       0,       0,     750,       0,   12235,    7697,       0,   28187,   28188,       1,       0,       0,       0,       0,       0,       0,       0,       0,       0,       0,       0,       0,       0,       0,       0,       0,       0,       0,       0,       0,       0,       0,       0,       0,       0,       0,       0,       0,       0,       0,       0,       0,       0,  100.0,   56.4,   70.0,    0.2,    0.0,    0.0,    0.0,    2.7,    0.0,   43.4,   27.3,    0.0,  100.0,  100.0,    0.0,    0.0,  100.0,   56.4,   70.0,    0.2,    0.0,    0.0,    0.0,    2.7,    0.0,   43.4,   27.3,    0.0,  100.0,  100.0,    0.0,    0.0,  100.0,    0.0,    0.0,    0.0,    0.0,    0.0,    0.0,    0.0,    0.0,    0.0,    0.0,    0.0,    0.0,    0.0,    0.0,    0.0,     23,     10,      5,.,      0,      0,      0,.,      0,      4,.,      0,     15,     10,     23,     10,      5,.,      0,      0,      0,.,      0,      4,.,      0,     15,     10,      0,      0,      0,      0,      0,      0,      0,      0,      0,      0,      0,      0,      0,      0,    73.6,    92.2,    91.5,    99.3,    73.6,    92.2,    91.5,    99.3,    73.6,    92.2,    91.5,    99.3,    73.6,    92.2,    91.5,    99.3,     0.0,     0.0,     0.0,     0.0,     0.0,     0.0,     0.0,     0.0,"100 MWh of Class 1 Renewable Energy Certificates","0063DR","IFED","006 ","N60","FutOnly"
"PA COMPLIANCE AECs TIER1 - ICE FUTURES ENERGY DIV",260929,2026-09-29,0063DT,IFED,01,006 ,   51670,   37402,   31091,    1630,    3920,       0,    1100,       0,       0,    9963,   15064,    1575,   51670,   51650,       0,      20,   51670,   37402,   31091,    1630,    3920,       0,    1100,       0,       0,    9963,   15064,    1575,   51670,   51650,       0,      20,       0,       0,       0,       0,       0,       0,       0,       0,       0,       0,       0,       0,       0,       0,       0,       0,     630,    -810,    -360,     630,       0,       0,       0,       0,       0,     370,     550,     440,     630,     630,       0,       0,  100.0,   72.4,   60.2,    3.2,    7.6,    0.0,    2.1,    0.0,    0.0,   19.3,   29.2,    3.0,  100.0,  100.0,    0.0,    0.0,  100.0,   72.4,   60.2,    3.2,    7.6,    0.0,    2.1,    0.0,    0.0,   19.3,   29.2,    3.0,  100.0,  100.0,    0.0,    0.0,  100.0,    0.0,    0.0,    0.0,    0.0,    0.0,    0.0,    0.0,    0.0,    0.0,    0.0,    0.0,    0.0,    0.0,    0.0,    0.0,     36,     17,      6,.,.,      0,.,      0,      0,      7,      5,.,     27,     15,     36,     17,      6,.,.,      0,.,      0,      0,      7,      5,.,     27,     15,      0,      0,      0,      0,      0,      0,      0,      0,      0,      0,      0,      0,      0,      0,    48.2,    73.0,    67.3,    95.0,    48.2,    73.0,    67.3,    93.7,    48.2,    73.0,    67.3,    95.0,    48.2,    73.0,    67.3,    93.7,     0.0,     0.0,     0.0,     0.0,     0.0,     0.0,     0.0,     0.0,"(100 AECs)","0063DT","IFED","006 ","N60","FutOnly"
"WASHINGTON CARBON ALL V2026 - ICE FUTURES ENERGY DIV",260929,2026-09-29,0063EA,IFED,01,006 ,    6305,    1552,    1364,     204,    1178,     339,     311,    1648,     290,    3520,    1346,      81,    6297,    6246,       8,      59,    6305,    1552,    1364,     204,    1178,     339,     311,    1648,     290,    3520,    1346,      81,    6297,    6246,       8,      59,       0,       0,       0,       0,       0,       0,       0,       0,       0,       0,       0,       0,       0,       0,       0,       0,    -383,     -26,     -37,      -5,     213,    -237,      10,      45,    -103,     233,      -1,    -228,    -356,    -348,     -27,     -35,  100.0,   24.6,   21.6,    3.2,   18.7,    5.4,    4.9,   26.1,    4.6,   55.8,   21.3,    1.3,   99.9,   99.1,    0.1,    0.9,  100.0,   24.6,   21.6,    3.2,   18.7,    5.4,    4.9,   26.1,    4.6,   55.8,   21.3,    1.3,   99.9,   99.1,    0.1,    0.9,  100.0,    0.0,    0.0,    0.0,    0.0,    0.0,    0.0,    0.0,    0.0,    0.0,    0.0,    0.0,    0.0,    0.0,    0.0,    0.0,     35,      6,      6,.,.,.,.,      6,.,.,      8,.,     17,     25,     35,      6,      6,.,.,.,.,      6,.,.,      8,.,     17,     25,      0,      0,      0,      0,      0,      0,      0,      0,      0,      0,      0,      0,      0,      0,    73.9,    46.0,    88.7,    69.9,    72.2,    39.3,    83.1,    61.3,    73.9,    46.0,    88.7,    69.9,    72.2,    39.3,    83.1,    61.3,     0.0,     0.0,     0.0,     0.0,     0.0,     0.0,     0.0,     0.0,"1,000 Washington carbon allowances","0063EA","IFED","006 ","N60","FutOnly"
"CALIF CARBON ALL VINTAGE 2026 - ICE FUTURES ENERGY DIV",260929,2026-09-29,0063EE,IFED,01,006 ,  179372,   22171,   42385,   16031,   88971,     790,  104573,   12720,    3672,   31105,   29866,     897,  179239,  179301,     133,      71,  179372,   22171,   42385,   16031,   88971,     790,  104573,   12720,    3672,   31105,   29866,     897,  179239,  179301,     133,      71,       0,       0,       0,       0,       0,       0,       0,       0,       0,       0,       0,       0,       0,       0,       0,       0,  -16455,   -7920,   -7153,   -1995,    2380,   -1844,    3880,   -1857,   -5495,    -135,     376,   -2931,  -16440,  -16524,     -15,      69,  100.0,   12.4,   23.6,    8.9,   49.6,    0.4,   58.3,    7.1,    2.0,   17.3,   16.7,    0.5,   99.9,  100.0,    0.1,    0.0,  100.0,   12.4,   23.6,    8.9,   49.6,    0.4,   58.3,    7.1,    2.0,   17.3,   16.7,    0.5,   99.9,  100.0,    0.1,    0.0,  100.0,    0.0,    0.0,    0.0,    0.0,    0.0,    0.0,    0.0,    0.0,    0.0,    0.0,    0.0,    0.0,    0.0,    0.0,    0.0,    135,     18,     17,      6,     12,.,     40,      9,      5,     28,      9,.,     93,     55,    135,     18,     17,      6,     12,.,     40,      9,      5,     28,      9,.,     93,     55,      0,      0,      0,      0,      0,      0,      0,      0,      0,      0,      0,      0,      0,      0,    44.5,    23.8,    58.0,    44.4,    43.7,    23.8,    56.1,    44.4,    44.5,    23.8,    58.0,    44.4,    43.7,    23.8,    56.1,    44.4,     0.0,     0.0,     0.0,     0.0,     0.0,     0.0,     0.0,     0.0,"1,000 California carbon allowances","0063EE","IFED","006 ","N60","FutOnly"
"CALIF CARBON ALL VINTAGE 2027 - ICE FUTURES ENERGY DIV",260929,2026-09-29,0063EI,IFED,01,006 ,   46505,   14130,    6588,    2283,   25255,     561,   10705,    1468,     405,   16463,   10266,    1950,   46497,   46493,       8,      12,   46505,   14130,    6588,    2283,   25255,     561,   10705,    1468,     405,   16463,   10266,    1950,   46497,   46493,       8,      12,       0,       0,       0,       0,       0,       0,       0,       0,       0,       0,       0,       0,       0,       0,       0,       0,    3017,    -163,    3250,     108,   -2480,     492,    -332,    -703,       0,    1312,     857,    1600,    3017,    3016,       0,       1,  100.0,   30.4,   14.2,    4.9,   54.3,    1.2,   23.0,    3.2,    0.9,   35.4,   22.1,    4.2,  100.0,  100.0,    0.0,    0.0,  100.0,   30.4,   14.2,    4.9,   54.3,    1.2,   23.0,    3.2,    0.9,   35.4,   22.1,    4.2,  100.0,  100.0,    0.0,    0.0,  100.0,    0.0,    0.0,    0.0,    0.0,    0.0,    0.0,    0.0,    0.0,    0.0,    0.0,    0.0,    0.0,    0.0,    0.0,    0.0,     51,      9,      5,.,      8,.,      8,.,.,     13,.,.,     35,     21,     51,      9,      5,.,      8,.,      8,.,.,     13,.,.,     35,     21,      0,      0,      0,      0,      0,      0,      0,      0,      0,      0,      0,      0,      0,      0,    52.4,    72.5,    73.6,    87.2,    50.2,    72.3,    69.4,    84.9,    52.4,    72.5,    73.6,    87.2,    50.2,    72.3,    69.4,    84.9,     0.0,     0.0,     0.0,     0.0,     0.0,     0.0,     0.0,     0.0,"1,000 California carbon allowances","0063EI","IFED","006 ","N60","FutOnly"
"CALIF CARBON ALLOWANCE V2026 - NODAL EXCHANGE",260929,2026-09-29,0063EL,NODX,01,006 ,    5767,    2767,     605,     230,     712,      70,     960,    1282,       0,    1643,    2998,      25,    5695,    5692,      72,      75,    5767,    2767,     605,     230,     712,      70,     960,    1282,       0,    1643,    2998,      25,    5695,    5692,      72,      75,       0,       0,       0,       0,       0,       0,       0,       0,       0,       0,       0,       0,       0,       0,       0,       0,    -935,      20,    -213,     220,     -20,    -180,       0,     753,    -800,     -20,    -300,      25,    -735,    -735,    -200,    -200,  100.0,   48.0,   10.5,    4.0,   12.3,    1.2,   16.6,   22.2,    0.0,   28.5,   52.0,    0.4,   98.8,   98.7,    1.2,    1.3,  100.0,   48.0,   10.5,    4.0,   12.3,    1.2,   16.6,   22.2,    0.0,   28.5,   52.0,    0.4,   98.8,   98.7,    1.2,    1.3,  100.0,    0.0,    0.0,    0.0,    0.0,    0.0,    0.0,    0.0,    0.0,    0.0,    0.0,    0.0,    0.0,    0.0,    0.0,    0.0,     28,      8,      4,.,      4,.,.,.,      0,      4,      4,.,     16,     16,     28,      8,      4,.,      4,.,.,.,      0,      4,      4,.,     16,     16,      0,      0,      0,      0,      0,      0,      0,      0,      0,      0,      0,      0,      0,      0,    67.5,    75.7,    88.6,    91.0,    67.1,    75.7,    86.9,    91.0,    67.5,    75.7,    88.6,    91.0,    67.1,    75.7,    86.9,    91.0,     0.0,     0.0,     0.0,     0.0,     0.0,     0.0,     0.0,     0.0,"(1,000 California carbon allowances)","0063EL","NODX","006 ","N60","FutOnly"
"RGGI V2026 - ICE FUTURES ENERGY DIV",260929,2026-09-29,0063EM,IFED,01,006 ,   59350,   22176,   42501,   16160,    8643,      70,   14003,     552,    1167,    3296,    3998,    2406,   59278,   59337,      72,      13,   59350,   22176,   42501,   16160,    8643,      70,   14003,     552,    1167,    3296,    3998,    2406,   59278,   59337,      72,      13,       0,       0,       0,       0,       0,       0,       0,       0,       0,       0,       0,       0,       0,       0,       0,       0,   -9019,   -1234,   -2640,    -393,    3731,   -3637,    2214,      13,   -3173,   -2493,   -3060,    -255,   -8971,   -9021,     -48,       2,  100.0,   37.4,   71.6,   27.2,   14.6,    0.1,   23.6,    0.9,    2.0,    5.6,    6.7,    4.1,   99.9,  100.0,    0.1,    0.0,  100.0,   37.4,   71.6,   27.2,   14.6,    0.1,   23.6,    0.9,    2.0,    5.6,    6.7,    4.1,   99.9,  100.0,    0.1,    0.0,  100.0,    0.0,    0.0,    0.0,    0.0,    0.0,    0.0,    0.0,    0.0,    0.0,    0.0,    0.0,    0.0,    0.0,    0.0,    0.0,     65,     15,      6,      4,      4,.,     17,      4,.,     12,      5,      5,     53,     22,     65,     15,      6,      4,      4,.,     17,      4,.,     12,      5,      5,     53,     22,      0,      0,      0,      0,      0,      0,      0,      0,      0,      0,      0,      0,      0,      0,    51.5,    85.8,    70.8,    95.0,    51.5,    85.3,    68.9,    89.6,    51.5,    85.8,    70.8,    95.0,    51.5,    85.3,    68.9,    89.6,     0.0,     0.0,     0.0,     0.0,     0.0,     0.0,     0.0,     0.0,"1,000 RGGI CO2 Allowances","0063EM","IFED","006 ","N60","FutOnly"
"RGGI V2027 - ICE FUTURES ENERGY DIV",260929,2026-09-29,0063F6,IFED,01,006 ,   24922,   15561,    4392,    4298,    3826,     325,       0,   11543,    2361,    1970,    1989,     392,   24907,   24828,      15,      94,   24922,   15561,    4392,    4298,    3826,     325,       0,   11543,    2361,    1970,    1989,     392,   24907,   24828,      15,      94,       0,       0,       0,       0,       0,       0,       0,       0,       0,       0,       0,       0,       0,       0,       0,       0,      93,     115,     823,     445,     918,    -175,       0,   -1549,     226,    -288,      26,    -230,      93,      39,       0,      54,  100.0,   62.4,   17.6,   17.2,   15.4,    1.3,    0.0,   46.3,    9.5,    7.9,    8.0,    1.6,   99.9,   99.6,    0.1,    0.4,  100.0,   62.4,   17.6,   17.2,   15.4,    1.3,    0.0,   46.3,    9.5,    7.9,    8.0,    1.6,   99.9,   99.6,    0.1,    0.4,  100.0,    0.0,    0.0,    0.0,    0.0,    0.0,    0.0,    0.0,    0.0,    0.0,    0.0,    0.0,    0.0,    0.0,    0.0,    0.0,     37,      7,      9,      4,.,.,      0,      9,.,      4,      5,.,     20,     29,     37,      7,      9,      4,.,.,      0,      9,.,      4,      5,.,     20,     29,      0,      0,      0,      0,      0,      0,      0,      0,      0,      0,      0,      0,      0,      0,    63.6,    53.5,    86.7,    75.0,    60.0,    44.3,    75.7,    64.7,    63.6,    53.5,    86.7,    75.0,    60.0,    44.3,    75.7,    64.7,     0.0,     0.0,     0.0,     0.0,     0.0,     0.0,     0.0,     0.0,"(1,000 RGGI CO2 Allowances)","0063F6","IFED","006 ","N60","FutOnly"
"TX REC CRS V26 BACK HALF - NODAL EXCHANGE",260929,2026-09-29,006NHT,NODX,01,006 ,    8505,    8271,    2434,       0,     435,       0,       0,       0,       0,      75,    5465,       0,    8346,    8334,     159,     171,    8505,    8271,    2434,       0,     435,       0,       0,       0,       0,      75,    5465,       0,    8346,    8334,     159,     171,       0,       0,       0,       0,       0,       0,       0,       0,       0,       0,       0,       0,       0,       0,       0,       0,       0,       0,       0,       0,       0,       0,       0,       0,       0,       0,       0,       0,       0,       0,       0,       0,  100.0,   97.2,   28.6,    0.0,    5.1,    0.0,    0.0,    0.0,    0.0,    0.9,   64.3,    0.0,   98.1,   98.0,    1.9,    2.0,  100.0,   97.2,   28.6,    0.0,    5.1,    0.0,    0.0,    0.0,    0.0,    0.9,   64.3,    0.0,   98.1,   98.0,    1.9,    2.0,  100.0,    0.0,    0.0,    0.0,    0.0,    0.0,    0.0,    0.0,    0.0,    0.0,    0.0,    0.0,    0.0,    0.0,    0.0,    0.0,     28,     14,      6,      0,.,      0,      0,      0,      0,.,      6,      0,     15,     13,     28,     14,      6,      0,.,      0,      0,      0,      0,.,      6,      0,     15,     13,      0,      0,      0,      0,      0,      0,      0,      0,      0,      0,      0,      0,      0,      0,    61.0,    66.9,    90.2,    89.6,    61.0,    66.9,    90.2,    89.6,    61.0,    66.9,    90.2,    89.6,    61.0,    66.9,    90.2,    89.6,     0.0,     0.0,     0.0,     0.0,     0.0,     0.0,     0.0,     0.0,"1000 Texas RECs","006NHT","NODX","006 ","N60","FutOnly"
"TX REC CRS V27 BACK HALF - NODAL EXCHANGE",260929,2026-09-29,006NHU,NODX,01,006 ,    7115,    5919,    1826,       0,     400,       0,       0,       0,       0,     896,    4589,       0,    6815,    6815,     300,     300,    7115,    5919,    1826,       0,     400,       0,       0,       0,       0,     896,    4589,       0,    6815,    6815,     300,     300,       0,       0,       0,       0,       0,       0,       0,       0,       0,       0,       0,       0,       0,       0,       0,       0,     450,     250,     -51,       0,       0,       0,       0,       0,       0,     200,     501,       0,     450,     450,       0,       0,  100.0,   83.2,   25.7,    0.0,    5.6,    0.0,    0.0,    0.0,    0.0,   12.6,   64.5,    0.0,   95.8,   95.8,    4.2,    4.2,  100.0,   83.2,   25.7,    0.0,    5.6,    0.0,    0.0,    0.0,    0.0,   12.6,   64.5,    0.0,   95.8,   95.8,    4.2,    4.2,  100.0,    0.0,    0.0,    0.0,    0.0,    0.0,    0.0,    0.0,    0.0,    0.0,    0.0,    0.0,    0.0,    0.0,    0.0,    0.0,     32,     13,      6,      0,.,      0,      0,      0,      0,      6,      5,      0,     19,     13,     32,     13,      6,      0,.,      0,      0,      0,      0,      6,      5,      0,     19,     13,      0,      0,      0,      0,      0,      0,      0,      0,      0,      0,      0,      0,      0,      0,    59.3,    75.7,    84.3,    92.3,    59.3,    75.7,    84.3,    92.3,    59.3,    75.7,    84.3,    92.3,    59.3,    75.7,    84.3,    92.3,     0.0,     0.0,     0.0,     0.0,     0.0,     0.0,     0.0,     0.0,"1000 Texas RECs","006NHU","NODX","006 ","N60","FutOnly"
"TX REC CRS V28 BACK HALF - NODAL EXCHANGE",260929,2026-09-29,006NHV,NODX,01,006 ,    5096,    3182,    1704,      25,     412,       0,     164,       0,       0,     977,    2217,     441,    4789,    4774,     307,     322,    5096,    3182,    1704,      25,     412,       0,     164,       0,       0,     977,    2217,     441,    4789,    4774,     307,     322,       0,       0,       0,       0,       0,       0,       0,       0,       0,       0,       0,       0,       0,       0,       0,       0,     160,    -240,     219,       0,       0,       0,       0,       0,       0,     400,     -48,       0,     160,     171,       0,     -11,  100.0,   62.4,   33.4,    0.5,    8.1,    0.0,    3.2,    0.0,    0.0,   19.2,   43.5,    8.7,   94.0,   93.7,    6.0,    6.3,  100.0,   62.4,   33.4,    0.5,    8.1,    0.0,    3.2,    0.0,    0.0,   19.2,   43.5,    8.7,   94.0,   93.7,    6.0,    6.3,  100.0,    0.0,    0.0,    0.0,    0.0,    0.0,    0.0,    0.0,    0.0,    0.0,    0.0,    0.0,    0.0,    0.0,    0.0,    0.0,     30,     12,      7,.,.,      0,.,      0,      0,      5,.,.,     19,     12,     30,     12,      7,.,.,      0,.,      0,      0,      5,.,.,     19,     12,      0,      0,      0,      0,      0,      0,      0,      0,      0,      0,      0,      0,      0,      0,    57.1,    69.4,    77.7,    84.3,    48.4,    65.4,    69.1,    78.3,    57.1,    69.4,    77.7,    84.3,    48.4,    65.4,    69.1,    78.3,     0.0,     0.0,     0.0,     0.0,     0.0,     0.0,     0.0,     0.0,"1000 Texas RECs","006NHV","NODX","006 ","N60","FutOnly"
"TX REC CRS V29 BACK HALF - NODAL EXCHANGE",260929,2026-09-29,006NHW,NODX,01,006 ,    4580,    3852,    1856,       0,     587,       0,       0,       0,       0,     526,    1935,     100,    4478,    4478,     102,     102,    4580,    3852,    1856,       0,     587,       0,       0,       0,       0,     526,    1935,     100,    4478,    4478,     102,     102,       0,       0,       0,       0,       0,       0,       0,       0,       0,       0,       0,       0,       0,       0,       0,       0,     175,      50,     425,       0,       0,       0,       0,       0,       0,      25,    -350,     100,     175,     175,       0,       0,  100.0,   84.1,   40.5,    0.0,   12.8,    0.0,    0.0,    0.0,    0.0,   11.5,   42.2,    2.2,   97.8,   97.8,    2.2,    2.2,  100.0,   84.1,   40.5,    0.0,   12.8,    0.0,    0.0,    0.0,    0.0,   11.5,   42.2,    2.2,   97.8,   97.8,    2.2,    2.2,  100.0,    0.0,    0.0,    0.0,    0.0,    0.0,    0.0,    0.0,    0.0,    0.0,    0.0,    0.0,    0.0,    0.0,    0.0,    0.0,     30,     14,      5,      0,.,      0,      0,      0,      0,      6,.,.,     20,     11,     30,     14,      5,      0,.,      0,      0,      0,      0,      6,.,.,     20,     11,      0,      0,      0,      0,      0,      0,      0,      0,      0,      0,      0,      0,      0,      0,    61.1,    81.7,    79.4,    94.5,    61.1,    81.7,    79.4,    94.0,    61.1,    81.7,    79.4,    94.5,    61.1,    81.7,    79.4,    94.0,     0.0,     0.0,     0.0,     0.0,     0.0,     0.0,     0.0,     0.0,"1000 Texas RECs","006NHW","NODX","006 ","N60","FutOnly"
"TX REC CRS V30 BACK HALF - NODAL EXCHANGE",260929,2026-09-29,006NHX,NODX,01,006 ,    4163,    3582,    1368,       0,     275,       0,       0,       0,       0,     440,    2367,       0,    4022,    4010,     141,     153,    4163,    3582,    1368,       0,     275,       0,       0,       0,       0,     440,    2367,       0,    4022,    4010,     141,     153,       0,       0,       0,       0,       0,       0,       0,       0,       0,       0,       0,       0,       0,       0,       0,       0,       0,       0,       0,       0,       0,       0,       0,       0,       0,       0,       0,       0,       0,       0,       0,       0,  100.0,   86.0,   32.9,    0.0,    6.6,    0.0,    0.0,    0.0,    0.0,   10.6,   56.9,    0.0,   96.6,   96.3,    3.4,    3.7,  100.0,   86.0,   32.9,    0.0,    6.6,    0.0,    0.0,    0.0,    0.0,   10.6,   56.9,    0.0,   96.6,   96.3,    3.4,    3.7,  100.0,    0.0,    0.0,    0.0,    0.0,    0.0,    0.0,    0.0,    0.0,    0.0,    0.0,    0.0,    0.0,    0.0,    0.0,    0.0,     28,     11,      8,      0,.,      0,      0,      0,      0,      4,      5,      0,     15,     15,     28,     11,      8,      0,.,      0,      0,      0,      0,      4,      5,      0,     15,     15,      0,      0,      0,      0,      0,      0,      0,      0,      0,      0,      0,      0,      0,      0,    74.3,    74.3,    88.2,    90.2,    73.7,    74.3,    87.5,    90.2,    74.3,    74.3,    88.2,    90.2,    73.7,    74.3,    87.5,    90.2,     0.0,     0.0,     0.0,     0.0,     0.0,     0.0,     0.0,     0.0,"(1,000 MWh representing 1,000 Texas RECs)","006NHX","NODX","006 ","N60","FutOnly"
"TX REC CRS V27 FRONT HALF - NODAL EXCHANGE",260929,2026-09-29,006NHZ,NODX,01,006 ,    7452,    5789,    3274,       0,     703,       0,       0,       0,       0,    1460,    3231,       0,    7249,    7208,     203,     244,    7452,    5789,    3274,       0,     703,       0,       0,       0,       0,    1460,    3231,       0,    7249,    7208,     203,     244,       0,       0,       0,       0,       0,       0,       0,       0,       0,       0,       0,       0,       0,       0,       0,       0,    -150,    -224,    -174,       0,       0,       0,       0,       0,       0,      50,       0,       0,    -174,    -174,      24,      24,  100.0,   77.7,   43.9,    0.0,    9.4,    0.0,    0.0,    0.0,    0.0,   19.6,   43.4,    0.0,   97.3,   96.7,    2.7,    3.3,  100.0,   77.7,   43.9,    0.0,    9.4,    0.0,    0.0,    0.0,    0.0,   19.6,   43.4,    0.0,   97.3,   96.7,    2.7,    3.3,  100.0,    0.0,    0.0,    0.0,    0.0,    0.0,    0.0,    0.0,    0.0,    0.0,    0.0,    0.0,    0.0,    0.0,    0.0,    0.0,     31,     15,      7,      0,.,      0,      0,      0,      0,      6,.,      0,     21,     12,     31,     15,      7,      0,.,      0,      0,      0,      0,      6,.,      0,     21,     12,      0,      0,      0,      0,      0,      0,      0,      0,      0,      0,      0,      0,      0,      0,    55.8,    71.0,    76.6,    91.0,    52.1,    70.7,    72.9,    89.6,    55.8,    71.0,    76.6,    91.0,    52.1,    70.7,    72.9,    89.6,     0.0,     0.0,     0.0,     0.0,     0.0,     0.0,     0.0,     0.0,"1000 Texas RECs","006NHZ","NODX","006 ","N60","FutOnly"
"TX REC CRS V28 FRONT HALF - NODAL EXCHANGE",260929,2026-09-29,006NJ1,NODX,01,006 ,    6044,    5015,    2137,       0,     538,       0,       0,       0,       0,     754,    3065,       0,    5769,    5740,     275,     304,    6044,    5015,    2137,       0,     538,       0,       0,       0,       0,     754,    3065,       0,    5769,    5740,     275,     304,       0,       0,       0,       0,       0,       0,       0,       0,       0,       0,       0,       0,       0,       0,       0,       0,       0,     -50,       0,       0,       0,       0,       0,       0,       0,      50,       0,       0,       0,       0,       0,       0,  100.0,   83.0,   35.4,    0.0,    8.9,    0.0,    0.0,    0.0,    0.0,   12.5,   50.7,    0.0,   95.5,   95.0,    4.5,    5.0,  100.0,   83.0,   35.4,    0.0,    8.9,    0.0,    0.0,    0.0,    0.0,   12.5,   50.7,    0.0,   95.5,   95.0,    4.5,    5.0,  100.0,    0.0,    0.0,    0.0,    0.0,    0.0,    0.0,    0.0,    0.0,    0.0,    0.0,    0.0,    0.0,    0.0,    0.0,    0.0,     25,     11,      7,      0,.,      0,      0,      0,      0,.,      4,      0,     14,     12,     25,     11,      7,      0,.,      0,      0,      0,      0,.,      4,      0,     14,     12,      0,      0,      0,      0,      0,      0,      0,      0,      0,      0,      0,      0,      0,      0,    66.4,    71.5,    84.2,    90.5,    65.6,    71.5,    83.4,    90.5,    66.4,    71.5,    84.2,    90.5,    65.6,    71.5,    83.4,    90.5,     0.0,     0.0,     0.0,     0.0,     0.0,     0.0,     0.0,     0.0,"1000 Texas RECs","006NJ1","NODX","006 ","N60","FutOnly"
"TX REC CRS V29 FRONT HALF - NODAL EXCHANGE",260929,2026-09-29,006NJ2,NODX,01,006 ,    6046,    4720,    2916,       0,     713,       0,       0,       0,       0,    1175,    2260,      33,    5928,    5922,     118,     124,    6046,    4720,    2916,       0,     713,       0,       0,       0,       0,    1175,    2260,      33,    5928,    5922,     118,     124,       0,       0,       0,       0,       0,       0,       0,       0,       0,       0,       0,       0,       0,       0,       0,       0,     -47,     -47,       0,       0,       0,       0,       0,       0,       0,       0,     -47,       0,     -47,     -47,       0,       0,  100.0,   78.1,   48.2,    0.0,   11.8,    0.0,    0.0,    0.0,    0.0,   19.4,   37.4,    0.5,   98.0,   97.9,    2.0,    2.1,  100.0,   78.1,   48.2,    0.0,   11.8,    0.0,    0.0,    0.0,    0.0,   19.4,   37.4,    0.5,   98.0,   97.9,    2.0,    2.1,  100.0,    0.0,    0.0,    0.0,    0.0,    0.0,    0.0,    0.0,    0.0,    0.0,    0.0,    0.0,    0.0,    0.0,    0.0,    0.0,     30,     12,      7,      0,.,      0,      0,      0,      0,      6,.,.,     18,     13,     30,     12,      7,      0,.,      0,      0,      0,      0,      6,.,.,     18,     13,      0,      0,      0,      0,      0,      0,      0,      0,      0,      0,      0,      0,      0,      0,    69.8,    85.2,    87.2,    94.1,    69.8,    85.2,    87.2,    94.1,    69.8,    85.2,    87.2,    94.1,    69.8,    85.2,    87.2,    94.1,     0.0,     0.0,     0.0,     0.0,     0.0,     0.0,     0.0,     0.0,"1000 Texas RECs","006NJ2","NODX","006 ","N60","FutOnly"
"TX REC CRS V30 FRONT HALF - NODAL EXCHANGE",260929,2026-09-29,006NJ3,NODX,01,006 ,    3588,    2931,    1132,       0,     400,       0,       0,       0,       0,     503,    1876,       0,    3434,    3408,     154,     180,    3588,    2931,    1132,       0,     400,       0,       0,       0,       0,     503,    1876,       0,    3434,    3408,     154,     180,       0,       0,       0,       0,       0,       0,       0,       0,       0,       0,       0,       0,       0,       0,       0,       0,       0,       0,       0,       0,       0,       0,       0,       0,       0,       0,       0,       0,       0,       0,       0,       0,  100.0,   81.7,   31.5,    0.0,   11.1,    0.0,    0.0,    0.0,    0.0,   14.0,   52.3,    0.0,   95.7,   95.0,    4.3,    5.0,  100.0,   81.7,   31.5,    0.0,   11.1,    0.0,    0.0,    0.0,    0.0,   14.0,   52.3,    0.0,   95.7,   95.0,    4.3,    5.0,  100.0,    0.0,    0.0,    0.0,    0.0,    0.0,    0.0,    0.0,    0.0,    0.0,    0.0,    0.0,    0.0,    0.0,    0.0,    0.0,     26,     10,      7,      0,.,      0,      0,      0,      0,.,      6,      0,     13,     15,     26,     10,      7,      0,.,      0,      0,      0,      0,.,      6,      0,     13,     15,      0,      0,      0,      0,      0,      0,      0,      0,      0,      0,      0,      0,      0,      0,    70.2,    70.3,    86.0,    87.0,    68.0,    70.3,    83.8,    87.0,    70.2,    70.3,    86.0,    87.0,    68.0,    70.3,    83.8,    87.0,     0.0,     0.0,     0.0,     0.0,     0.0,     0.0,     0.0,     0.0,"1000 Texas RECs","006NJ3","NODX","006 ","N60","FutOnly"
"TX REC CRS V31 BACK HALF - NODAL EXCHANGE",260929,2026-09-29,006NKH,NODX,01,006 ,    2247,    1666,     908,     262,      50,       0,       0,       0,       0,     219,    1174,       0,    2147,    2132,     100,     115,    2247,    1666,     908,     262,      50,       0,       0,       0,       0,     219,    1174,       0,    2147,    2132,     100,     115,       0,       0,       0,       0,       0,       0,       0,       0,       0,       0,       0,       0,       0,       0,       0,       0,       0,       0,       0,       0,       0,       0,       0,       0,       0,       0,       0,       0,       0,       0,       0,       0,  100.0,   74.1,   40.4,   11.7,    2.2,    0.0,    0.0,    0.0,    0.0,    9.7,   52.2,    0.0,   95.5,   94.9,    4.5,    5.1,  100.0,   74.1,   40.4,   11.7,    2.2,    0.0,    0.0,    0.0,    0.0,    9.7,   52.2,    0.0,   95.5,   94.9,    4.5,    5.1,  100.0,    0.0,    0.0,    0.0,    0.0,    0.0,    0.0,    0.0,    0.0,    0.0,    0.0,    0.0,    0.0,    0.0,    0.0,    0.0,     20,      7,      7,.,.,      0,      0,      0,      0,.,.,      0,     11,     11,     20,      7,      7,.,.,      0,      0,      0,      0,.,.,      0,     11,     11,      0,      0,      0,      0,      0,      0,      0,      0,      0,      0,      0,      0,      0,      0,    70.6,    78.1,    89.2,    91.4,    68.2,    78.1,    86.9,    91.4,    70.6,    78.1,    89.2,    91.4,    68.2,    78.1,    86.9,    91.4,     0.0,     0.0,     0.0,     0.0,     0.0,     0.0,     0.0,     0.0,"1000 Texas RECs","006NKH","NODX","006 ","N60","FutOnly"
"TX REC CRS V31 FRONT HALF - NODAL EXCHANGE",260929,2026-09-29,006NKJ,NODX,01,006 ,    2296,    1441,     822,     200,     222,      63,       0,       0,       0,     468,    1089,       0,    2172,    2196,     124,     100,    2296,    1441,     822,     200,     222,      63,       0,       0,       0,     468,    1089,       0,    2172,    2196,     124,     100,       0,       0,       0,       0,       0,       0,       0,       0,       0,       0,       0,       0,       0,       0,       0,       0,       0,       0,       0,       0,       0,       0,       0,       0,       0,       0,       0,       0,       0,       0,       0,       0,  100.0,   62.8,   35.8,    8.7,    9.7,    2.7,    0.0,    0.0,    0.0,   20.4,   47.4,    0.0,   94.6,   95.6,    5.4,    4.4,  100.0,   62.8,   35.8,    8.7,    9.7,    2.7,    0.0,    0.0,    0.0,   20.4,   47.4,    0.0,   94.6,   95.6,    5.4,    4.4,  100.0,    0.0,    0.0,    0.0,    0.0,    0.0,    0.0,    0.0,    0.0,    0.0,    0.0,    0.0,    0.0,    0.0,    0.0,    0.0,     20,      8,      5,.,.,.,      0,      0,      0,.,.,      0,     13,      9,     20,      8,      5,.,.,.,      0,      0,      0,.,.,      0,     13,      9,      0,      0,      0,      0,      0,      0,      0,      0,      0,      0,      0,      0,      0,      0,    57.8,    78.1,    81.7,    94.5,    56.6,    78.1,    80.5,    91.7,    57.8,    78.1,    81.7,    94.5,    56.6,    78.1,    80.5,    91.7,     0.0,     0.0,     0.0,     0.0,     0.0,     0.0,     0.0,     0.0,"1000 Texas RECs","006NKJ","NODX","006 ","N60","FutOnly"
"NEW JERSEY RECs CLASS 2 V2027 - NODAL EXCHANGE",260929,2026-09-29,006NMM,NODX,01,006 ,   10806,    5990,    1800,     321,    7086,       0,    1150,       0,       0,    3345,    1920,       0,   10806,   10806,       0,       0,   10806,    5990,    1800,     321,    7086,       0,    1150,       0,       0,    3345,    1920,       0,   10806,   10806,       0,       0,       0,       0,       0,       0,       0,       0,       0,       0,       0,       0,       0,       0,       0,       0,       0,       0,       0,       0,       0,       0,       0,       0,       0,       0,       0,       0,       0,       0,       0,       0,       0,       0,  100.0,   55.4,   16.7,    3.0,   65.6,    0.0,   10.6,    0.0,    0.0,   31.0,   17.8,    0.0,  100.0,  100.0,    0.0,    0.0,  100.0,   55.4,   16.7,    3.0,   65.6,    0.0,   10.6,    0.0,    0.0,   31.0,   17.8,    0.0,  100.0,  100.0,    0.0,    0.0,  100.0,    0.0,    0.0,    0.0,    0.0,    0.0,    0.0,    0.0,    0.0,    0.0,    0.0,    0.0,    0.0,    0.0,    0.0,    0.0,     25,     12,.,.,.,      0,.,      0,      0,      5,.,      0,     19,      6,     25,     12,.,.,.,      0,.,      0,      0,      5,.,      0,     19,      6,      0,      0,      0,      0,      0,      0,      0,      0,      0,      0,      0,      0,      0,      0,    54.8,    96.3,    81.7,   100.0,    54.8,    96.3,    81.7,   100.0,    54.8,    96.3,    81.7,   100.0,    54.8,    96.3,    81.7,   100.0,     0.0,     0.0,     0.0,     0.0,     0.0,     0.0,     0.0,     0.0,"(100 MWh representing 100 NJ Class 2 RECs)","006NMM","NODX","006 ","N60","FutOnly"
"PENNSYLVANIA AEC TIER 2-V2027 - NODAL EXCHANGE",260929,2026-09-29,006NMT,NODX,01,006 ,   29068,   20025,   17579,    1710,     500,       0,    2500,       0,       0,    4833,   10989,       0,   29068,   29068,       0,       0,   29068,   20025,   17579,    1710,     500,       0,    2500,       0,       0,    4833,   10989,       0,   29068,   29068,       0,       0,       0,       0,       0,       0,       0,       0,       0,       0,       0,       0,       0,       0,       0,       0,       0,       0,     690,       0,     740,     690,       0,       0,       0,       0,       0,       0,     -50,       0,     690,     690,       0,       0,  100.0,   68.9,   60.5,    5.9,    1.7,    0.0,    8.6,    0.0,    0.0,   16.6,   37.8,    0.0,  100.0,  100.0,    0.0,    0.0,  100.0,   68.9,   60.5,    5.9,    1.7,    0.0,    8.6,    0.0,    0.0,   16.6,   37.8,    0.0,  100.0,  100.0,    0.0,    0.0,  100.0,    0.0,    0.0,    0.0,    0.0,    0.0,    0.0,    0.0,    0.0,    0.0,    0.0,    0.0,    0.0,    0.0,    0.0,    0.0,     33,     13,      7,.,.,      0,.,      0,      0,      4,      4,      0,     21,     12,     33,     13,      7,.,.,      0,.,      0,      0,      4,      4,      0,     21,     12,      0,      0,      0,      0,      0,      0,      0,      0,      0,      0,      0,      0,      0,      0,    49.0,    73.1,    73.4,    97.2,    49.0,    73.1,    73.4,    97.2,    49.0,    73.1,    73.4,    97.2,    49.0,    73.1,    73.4,    97.2,     0.0,     0.0,     0.0,     0.0,     0.0,     0.0,     0.0,     0.0,"(100 MWh = 100 Tier 2  AECs)","006NMT","NODX","006 ","N60","FutOnly"
"NEW JERSEY RECs CLASS 2 V2028 - NODAL EXCHANGE",260929,2026-09-29,006NMW,NODX,01,006 ,    4611,    2300,    2695,     201,       0,       0,     900,       0,       0,    1210,    1916,       0,    4611,    4611,       0,       0,    4611,    2300,    2695,     201,       0,       0,     900,       0,       0,    1210,    1916,       0,    4611,    4611,       0,       0,       0,       0,       0,       0,       0,       0,       0,       0,       0,       0,       0,       0,       0,       0,       0,       0,       0,       0,       0,       0,       0,       0,       0,       0,       0,       0,       0,       0,       0,       0,       0,       0,  100.0,   49.9,   58.4,    4.4,    0.0,    0.0,   19.5,    0.0,    0.0,   26.2,   41.6,    0.0,  100.0,  100.0,    0.0,    0.0,  100.0,   49.9,   58.4,    4.4,    0.0,    0.0,   19.5,    0.0,    0.0,   26.2,   41.6,    0.0,  100.0,  100.0,    0.0,    0.0,  100.0,    0.0,    0.0,    0.0,    0.0,    0.0,    0.0,    0.0,    0.0,    0.0,    0.0,    0.0,    0.0,    0.0,    0.0,    0.0,     22,      9,      5,.,      0,      0,.,      0,      0,      4,.,      0,     15,      7,     22,      9,      5,.,      0,      0,.,      0,      0,      4,.,      0,     15,      7,      0,      0,      0,      0,      0,      0,      0,      0,      0,      0,      0,      0,      0,      0,    58.6,    89.2,    84.6,   100.0,    58.6,    89.2,    84.6,   100.0,    58.6,    89.2,    84.6,   100.0,    58.6,    89.2,    84.6,   100.0,     0.0,     0.0,     0.0,     0.0,     0.0,     0.0,     0.0,     0.0,"100 MWh representing 100 NJ Class 2 RECs","006NMW","NODX","006 ","N60","FutOnly"
"PENNSYLVANIA AEC TIER 2-V2028 - NODAL EXCHANGE",260929,2026-09-29,006NMX,NODX,01,006 ,   23550,   18915,   13806,     900,       0,       0,     800,       0,       0,    2935,    9744,       0,   23550,   23550,       0,       0,   23550,   18915,   13806,     900,       0,       0,     800,       0,       0,    2935,    9744,       0,   23550,   23550,       0,       0,       0,       0,       0,       0,       0,       0,       0,       0,       0,       0,       0,       0,       0,       0,       0,       0,     350,     150,     100,     350,       0,       0,       0,       0,       0,    -150,     250,       0,     350,     350,       0,       0,  100.0,   80.3,   58.6,    3.8,    0.0,    0.0,    3.4,    0.0,    0.0,   12.5,   41.4,    0.0,  100.0,  100.0,    0.0,    0.0,  100.0,   80.3,   58.6,    3.8,    0.0,    0.0,    3.4,    0.0,    0.0,   12.5,   41.4,    0.0,  100.0,  100.0,    0.0,    0.0,  100.0,    0.0,    0.0,    0.0,    0.0,    0.0,    0.0,    0.0,    0.0,    0.0,    0.0,    0.0,    0.0,    0.0,    0.0,    0.0,     29,     14,.,.,      0,      0,.,      0,      0,      5,.,      0,     23,      6,     29,     14,.,.,      0,      0,.,      0,      0,      5,.,      0,     23,      6,      0,      0,      0,      0,      0,      0,      0,      0,      0,      0,      0,      0,      0,      0,    55.8,    98.2,    77.1,   100.0,    55.8,    98.2,    77.1,   100.0,    55.8,    98.2,    77.1,   100.0,    55.8,    98.2,    77.1,   100.0,     0.0,     0.0,     0.0,     0.0,     0.0,     0.0,     0.0,     0.0,"(100 MWh = 100 Tier 2  AECs)","006NMX","NODX","006 ","N60","FutOnly"
"PENNSYLVANIA AEC TIER 2-V2029 - NODAL EXCHANGE",260929,2026-09-29,006NNO,NODX,01,006 ,   10475,    9425,    6165,       0,       0,       0,       0,       0,       0,    1030,    4310,       0,   10455,   10475,      20,       0,   10475,    9425,    6165,       0,       0,       0,       0,       0,       0,    1030,    4310,       0,   10455,   10475,      20,       0,       0,       0,       0,       0,       0,       0,       0,       0,       0,       0,       0,       0,       0,       0,       0,       0,     200,      50,     200,       0,       0,       0,       0,       0,       0,     130,       0,       0,     180,     200,      20,       0,  100.0,   90.0,   58.9,    0.0,    0.0,    0.0,    0.0,    0.0,    0.0,    9.8,   41.1,    0.0,   99.8,  100.0,    0.2,    0.0,  100.0,   90.0,   58.9,    0.0,    0.0,    0.0,    0.0,    0.0,    0.0,    9.8,   41.1,    0.0,   99.8,  100.0,    0.2,    0.0,  100.0,    0.0,    0.0,    0.0,    0.0,    0.0,    0.0,    0.0,    0.0,    0.0,    0.0,    0.0,    0.0,    0.0,    0.0,    0.0,     20,     12,      4,      0,      0,      0,      0,      0,      0,.,.,      0,     14,      6,     20,     12,      4,      0,      0,      0,      0,      0,      0,.,.,      0,     14,      6,      0,      0,      0,      0,      0,      0,      0,      0,      0,      0,      0,      0,      0,      0,    58.2,    95.2,    88.1,   100.0,    58.2,    95.2,    88.1,   100.0,    58.2,    95.2,    88.1,   100.0,    58.2,    95.2,    88.1,   100.0,     0.0,     0.0,     0.0,     0.0,     0.0,     0.0,     0.0,     0.0,"(100 MWh = 100 Tier 2  AECs)","006NNO","NODX","006 ","N60","FutOnly"
"DC SOLAR RECS V2026 - NODAL EXCHANGE",260929,2026-09-29,006NP1,NODX,01,006 ,    6219,    3219,    5719,    1250,       0,       0,     750,       0,       0,     900,     400,       0,    6119,    6119,     100,     100,    6219,    3219,    5719,    1250,       0,       0,     750,       0,       0,     900,     400,       0,    6119,    6119,     100,     100,       0,       0,       0,       0,       0,       0,       0,       0,       0,       0,       0,       0,       0,       0,       0,       0,.,.,.,.,.,.,.,.,.,.,.,.,.,.,.,.,  100.0,   51.8,   92.0,   20.1,    0.0,    0.0,   12.1,    0.0,    0.0,   14.5,    6.4,    0.0,   98.4,   98.4,    1.6,    1.6,  100.0,   51.8,   92.0,   20.1,    0.0,    0.0,   12.1,    0.0,    0.0,   14.5,    6.4,    0.0,   98.4,   98.4,    1.6,    1.6,  100.0,    0.0,    0.0,    0.0,    0.0,    0.0,    0.0,    0.0,    0.0,    0.0,    0.0,    0.0,    0.0,    0.0,    0.0,    0.0,     20,      8,      5,.,      0,      0,.,      0,      0,.,.,      0,     13,      7,     20,      8,      5,.,      0,      0,.,      0,      0,.,.,      0,     13,      7,      0,      0,      0,      0,      0,      0,      0,      0,      0,      0,      0,      0,      0,      0,    67.5,    92.4,    88.4,    98.4,    67.5,    92.4,    88.4,    98.4,    67.5,    92.4,    88.4,    98.4,    67.5,    92.4,    88.4,    98.4,     0.0,     0.0,     0.0,     0.0,     0.0,     0.0,     0.0,     0.0,"(10 Solar RECs)","006NP1","NODX","006 ","N60","FutOnly"
"SOYBEAN OIL - CHICAGO BOARD OF TRADE",260929,2026-09-29,007601,CBT ,00,007 ,  549820,  129363,  334660,   96477,    6094,   22059,  110278,   26714,   80754,   32145,   13843,   46115,  517191,  530239,   32629,   19581,  537890,  126414,  326511,   96715,    6293,   20863,  108651,   28467,   78690,   32167,   15874,   42354,  505854,  519052,   32036,   18838,   11930,    2949,    8149,     950,     989,       8,    3684,     304,       7,    2606,     597,    1133,   11337,   11187,     593,     743,  -55638,  -29785,  -35064,    1187,   -1206,    1294,   -9486,    -913,   -5219,      84,    -155,  -11279,  -53204,  -52542,   -2434,   -3096,  100.0,   23.5,   60.9,   17.5,    1.1,    4.0,   20.1,    4.9,   14.7,    5.8,    2.5,    8.4,   94.1,   96.4,    5.9,    3.6,  100.0,   23.5,   60.7,   18.0,    1.2,    3.9,   20.2,    5.3,   14.6,    6.0,    3.0,    7.9,   94.0,   96.5,    6.0,    3.5,  100.0,   24.7,   68.3,    8.0,    8.3,    0.1,   30.9,    2.5,    0.1,   21.8,    5.0,    9.5,   95.0,   93.8,    5.0,    6.2,    320,     73,     83,     23,      8,     15,     77,     27,     54,     46,     26,     47,    264,    222,    320,     73,     83,     23,      8,     15,     77,     28,     52,     46,     26,     45,    260,    222,     79,     20,     20,      9,.,.,     10,      4,.,     11,      9,     10,     58,     41,    12.0,    25.7,    18.9,    37.2,     8.8,    22.9,    14.0,    33.3,    12.2,    25.9,    19.1,    37.2,     9.0,    23.1,    14.3,    33.3,    40.8,    36.4,    59.9,    60.8,    40.8,    36.0,    56.3,    55.2,"(CONTRACTS OF 60,000 POUNDS)","007601","CBT ","007 ","A30","FutOnly"
"USGC HSFO (PLATTS) - ICE FUTURES ENERGY DIV",260929,2026-09-29,02141B,IFED,01,021 ,   30681,   13565,   25949,    2364,     399,     165,       0,       0,     123,   10919,     421,    3517,   30653,   30574,      28,     107,   30681,   13565,   25949,    2364,     399,     165,       0,       0,     123,   10919,     421,    3517,   30653,   30574,      28,     107,       0,       0,       0,       0,       0,       0,       0,       0,       0,       0,       0,       0,       0,       0,       0,       0,    1315,     432,     823,     262,      10,     -26,       0,       0,     -24,     117,      -5,     538,    1299,    1316,      16,      -1,  100.0,   44.2,   84.6,    7.7,    1.3,    0.5,    0.0,    0.0,    0.4,   35.6,    1.4,   11.5,   99.9,   99.7,    0.1,    0.3,  100.0,   44.2,   84.6,    7.7,    1.3,    0.5,    0.0,    0.0,    0.4,   35.6,    1.4,   11.5,   99.9,   99.7,    0.1,    0.3,  100.0,    0.0,    0.0,    0.0,    0.0,    0.0,    0.0,    0.0,    0.0,    0.0,    0.0,    0.0,    0.0,    0.0,    0.0,    0.0,     58,     30,     37,.,      4,      4,      0,      0,.,      9,.,      8,     48,     51,     58,     30,     37,.,      4,      4,      0,      0,.,      9,.,      8,     48,     51,      0,      0,      0,      0,      0,      0,      0,      0,      0,      0,      0,      0,      0,      0,    50.5,    38.4,    69.5,    57.3,    35.4,    25.6,    48.0,    36.5,    50.5,    38.4,    69.5,    57.3,    35.4,    25.6,    48.0,    36.5,     0.0,     0.0,     0.0,     0.0,     0.0,     0.0,     0.0,     0.0,"(1000 barrels)","02141B","IFED","021 ","N10","FutOnly"
"FUEL OIL-3% USGC/3.5% FOB RDAM - ICE FUTURES ENERGY DIV",260929,2026-09-29,02141C,IFED,01,021 ,   20165,   13237,    7872,    3743,    1241,     210,       0,    2760,       0,     587,    5712,    2361,   20138,   20156,      27,       9,   20165,   13237,    7872,    3743,    1241,     210,       0,    2760,       0,     587,    5712,    2361,   20138,   20156,      27,       9,       0,       0,       0,       0,       0,       0,       0,       0,       0,       0,       0,       0,       0,       0,       0,       0,     469,     684,       2,       0,      50,       0,       0,       0,       0,    -200,     452,     -35,     449,     469,      20,       0,  100.0,   65.6,   39.0,   18.6,    6.2,    1.0,    0.0,   13.7,    0.0,    2.9,   28.3,   11.7,   99.9,  100.0,    0.1,    0.0,  100.0,   65.6,   39.0,   18.6,    6.2,    1.0,    0.0,   13.7,    0.0,    2.9,   28.3,   11.7,   99.9,  100.0,    0.1,    0.0,  100.0,    0.0,    0.0,    0.0,    0.0,    0.0,    0.0,    0.0,    0.0,    0.0,    0.0,    0.0,    0.0,    0.0,    0.0,    0.0,     41,     22,     18,      4,.,.,      0,.,      0,.,      6,      6,     33,     30,     41,     22,     18,      4,.,.,      0,.,      0,.,      6,      6,     33,     30,      0,      0,      0,      0,      0,      0,      0,      0,      0,      0,      0,      0,      0,      0,    40.3,    60.0,    65.7,    81.4,    39.6,    50.4,    56.1,    67.6,    40.3,    60.0,    65.7,    81.4,    39.6,    50.4,    56.1,    67.6,     0.0,     0.0,     0.0,     0.0,     0.0,     0.0,     0.0,     0.0,"(1000 barrels)","02141C","IFED","021 ","N10","FutOnly"
"USGC HSFO-PLATTS/BRENT 1ST LN  - ICE FUTURES ENERGY DIV",260929,2026-09-29,02141R,IFED,01,021 ,   14505,   12368,    5116,     355,    2104,       0,       0,       0,       0,     344,    5818,    1374,   14441,   14412,      64,      93,   14505,   12368,    5116,     355,    2104,       0,       0,       0,       0,     344,    5818,    1374,   14441,   14412,      64,      93,       0,       0,       0,       0,       0,       0,       0,       0,       0,       0,       0,       0,       0,       0,       0,       0,    1063,    1048,     379,      40,     192,       0,       0,       0,       0,    -167,     325,     167,    1088,    1063,     -25,       0,  100.0,   85.3,   35.3,    2.4,   14.5,    0.0,    0.0,    0.0,    0.0,    2.4,   40.1,    9.5,   99.6,   99.4,    0.4,    0.6,  100.0,   85.3,   35.3,    2.4,   14.5,    0.0,    0.0,    0.0,    0.0,    2.4,   40.1,    9.5,   99.6,   99.4,    0.4,    0.6,  100.0,    0.0,    0.0,    0.0,    0.0,    0.0,    0.0,    0.0,    0.0,    0.0,    0.0,    0.0,    0.0,    0.0,    0.0,    0.0,     39,     24,     17,.,.,      0,      0,      0,      0,.,      5,.,     30,     25,     39,     24,     17,.,.,      0,      0,      0,      0,.,      5,.,     30,     25,      0,      0,      0,      0,      0,      0,      0,      0,      0,      0,      0,      0,      0,      0,    63.7,    53.9,    79.5,    76.7,    59.8,    53.2,    68.6,    67.4,    63.7,    53.9,    79.5,    76.7,    59.8,    53.2,    68.6,    67.4,     0.0,     0.0,     0.0,     0.0,     0.0,     0.0,     0.0,     0.0,"(1000 Barrels)","02141R","IFED","021 ","N10","FutOnly"
"NY HARBOR ULSD - NEW YORK MERCANTILE EXCHANGE",260929,2026-09-29,022651,NYME,01,022 ,  238533,   38508,  119697,   58691,    7805,    8554,   35805,   22860,   19861,    7889,    8743,   21453,  190761,  208973,   47772,   29560,  238533,   38508,  119697,   58691,    7805,    8554,   35805,   22860,   19861,    7889,    8743,   21453,  190761,  208973,   47772,   29560,       0,       0,       0,       0,       0,       0,       0,       0,       0,       0,       0,       0,       0,       0,       0,       0,  -36278,  -23270,  -25212,    1240,    1728,   -1030,     663,   -2845,     -87,   -1837,     211,   -8488,  -32809,  -35723,   -3469,    -555,  100.0,   16.1,   50.2,   24.6,    3.3,    3.6,   15.0,    9.6,    8.3,    3.3,    3.7,    9.0,   80.0,   87.6,   20.0,   12.4,  100.0,   16.1,   50.2,   24.6,    3.3,    3.6,   15.0,    9.6,    8.3,    3.3,    3.7,    9.0,   80.0,   87.6,   20.0,   12.4,  100.0,    0.0,    0.0,    0.0,    0.0,    0.0,    0.0,    0.0,    0.0,    0.0,    0.0,    0.0,    0.0,    0.0,    0.0,    0.0,    168,     46,     61,     17,      7,     13,     32,     17,     27,     12,     17,     25,    141,    135,    168,     46,     61,     17,      7,     13,     32,     17,     27,     12,     17,     25,    141,    135,      0,      0,      0,      0,      0,      0,      0,      0,      0,      0,      0,      0,      0,      0,    14.8,    19.4,    22.6,    29.4,    13.6,    16.5,    20.4,    24.1,    14.8,    19.4,    22.6,    29.4,    13.6,    16.5,    20.4,    24.1,     0.0,     0.0,     0.0,     0.0,     0.0,     0.0,     0.0,     0.0,"(CONTRACTS OF 42,000 U.S. GALLONS)","022651","NYME","022 ","N10","FutOnly"
"NAT GAS ICE LD1 - ICE FUTURES ENERGY DIV",260929,2026-09-29,023391,IFED,01,023 , 7686828, 4313688, 2309448,  850036, 2940647,  322151,  635736,  418764,  829171,  157378,  315078,  533623, 7641783, 7668882,   45045,   17946, 7686828, 4313688, 2309448,  850036, 2940647,  322151,  635736,  418764,  829171,  157378,  315078,  533623, 7641783, 7668882,   45045,   17946,       0,       0,       0,       0,       0,       0,       0,       0,       0,       0,       0,       0,       0,       0,       0,       0, -328113, -184743, -108778,  -15110, -114492,  -10011,   57009,     805,  -88419,  -27182,   59345,  -63413, -331869, -324963,    3756,   -3150,  100.0,   56.1,   30.0,   11.1,   38.3,    4.2,    8.3,    5.4,   10.8,    2.0,    4.1,    6.9,   99.4,   99.8,    0.6,    0.2,  100.0,   56.1,   30.0,   11.1,   38.3,    4.2,    8.3,    5.4,   10.8,    2.0,    4.1,    6.9,   99.4,   99.8,    0.6,    0.2,  100.0,    0.0,    0.0,    0.0,    0.0,    0.0,    0.0,    0.0,    0.0,    0.0,    0.0,    0.0,    0.0,    0.0,    0.0,    0.0,    270,    142,    108,     22,     21,     25,     15,     13,     24,     17,     33,     39,    247,    213,    270,    142,    108,     22,     21,     25,     15,     13,     24,     17,     33,     39,    247,    213,      0,      0,      0,      0,      0,      0,      0,      0,      0,      0,      0,      0,      0,      0,    22.0,    33.5,    34.6,    48.3,    17.3,    30.8,    28.7,    44.0,    22.0,    33.5,    34.6,    48.3,    17.3,    30.8,    28.7,    44.0,     0.0,     0.0,     0.0,     0.0,     0.0,     0.0,     0.0,     0.0,"(Contracts of 2,500  MMBTU'S)","023391","IFED","023 ","N13","FutOnly"
"NAT GAS ICE PEN - ICE FUTURES ENERGY DIV",260929,2026-09-29,023392,IFED,01,023 ,  644517,   65434,  105935,  197126,   54235,  122098,   27949,  139069,   97170,   69649,   60938,   64964,  644390,  644409,     127,     108,  644517,   65434,  105935,  197126,   54235,  122098,   27949,  139069,   97170,   69649,   60938,   64964,  644390,  644409,     127,     108,       0,       0,       0,       0,       0,       0,       0,       0,       0,       0,       0,       0,       0,       0,       0,       0,  -81324,  -15073,   -2133,  -13019,    2482,   -9249,  -26825,  -48272,    -551,    2381,   -4414,  -18583,  -80919,  -80720,    -405,    -604,  100.0,   10.2,   16.4,   30.6,    8.4,   18.9,    4.3,   21.6,   15.1,   10.8,    9.5,   10.1,  100.0,  100.0,    0.0,    0.0,  100.0,   10.2,   16.4,   30.6,    8.4,   18.9,    4.3,   21.6,   15.1,   10.8,    9.5,   10.1,  100.0,  100.0,    0.0,    0.0,  100.0,    0.0,    0.0,    0.0,    0.0,    0.0,    0.0,    0.0,    0.0,    0.0,    0.0,    0.0,    0.0,    0.0,    0.0,    0.0,     71,     14,     17,      9,      8,     16,      6,      7,     10,     11,     11,     17,     62,     64,     71,     14,     17,      9,      8,     16,      6,      7,     10,     11,     11,     17,     62,     64,      0,      0,      0,      0,      0,      0,      0,      0,      0,      0,      0,      0,      0,      0,    41.3,    47.1,    61.3,    68.2,    26.4,    29.9,    35.0,    35.9,    41.3,    47.1,    61.3,    68.2,    26.4,    29.9,    35.0,    35.9,     0.0,     0.0,     0.0,     0.0,     0.0,     0.0,     0.0,     0.0,"(Contracts of 2,500  MMBTU'S)","023392","IFED","023 ","N13","FutOnly"
"SOCAL BORDER FIN BASIS - ICE FUTURES ENERGY DIV",260929,2026-09-29,023393,IFED,01,023 ,  272726,  153940,  210145,   61259,   15787,   13141,   18386,   15142,    4454,    3573,    2009,    3671,  258424,  264349,   14302,    8377,  272726,  153940,  210145,   61259,   15787,   13141,   18386,   15142,    4454,    3573,    2009,    3671,  258424,  264349,   14302,    8377,       0,       0,       0,       0,       0,       0,       0,       0,       0,       0,       0,       0,       0,       0,       0,       0,    2172,      96,    1457,    1180,    1758,    -803,     765,    1737,    -186,     -70,       0,     271,    1253,    4234,     919,   -2062,  100.0,   56.4,   77.1,   22.5,    5.8,    4.8,    6.7,    5.6,    1.6,    1.3,    0.7,    1.3,   94.8,   96.9,    5.2,    3.1,  100.0,   56.4,   77.1,   22.5,    5.8,    4.8,    6.7,    5.6,    1.6,    1.3,    0.7,    1.3,   94.8,   96.9,    5.2,    3.1,  100.0,    0.0,    0.0,    0.0,    0.0,    0.0,    0.0,    0.0,    0.0,    0.0,    0.0,    0.0,    0.0,    0.0,    0.0,    0.0,     54,     26,     28,      5,.,      5,.,      4,      5,.,.,.,     44,     44,     54,     26,     28,      5,.,      5,.,      4,      5,.,.,.,     44,     44,      0,      0,      0,      0,      0,      0,      0,      0,      0,      0,      0,      0,      0,      0,    41.7,    55.5,    58.2,    67.7,    40.4,    52.9,    55.7,    63.8,    41.7,    55.5,    58.2,    67.7,    40.4,    52.9,    55.7,    63.8,     0.0,     0.0,     0.0,     0.0,     0.0,     0.0,     0.0,     0.0,"(Contracts of 2,500  MMBTU'S)","023393","IFED","023 ","N13","FutOnly"
"PG&E CITYGATE FIN BASIS - ICE FUTURES ENERGY DIV",260929,2026-09-29,023394,IFED,01,023 ,  191458,  150249,  139774,   15998,   28556,    6009,     419,    4835,    6600,    2494,     673,     985,  182754,  187432,    8704,    4026,  191458,  150249,  139774,   15998,   28556,    6009,     419,    4835,    6600,    2494,     673,     985,  182754,  187432,    8704,    4026,       0,       0,       0,       0,       0,       0,       0,       0,       0,       0,       0,       0,       0,       0,       0,       0,    2645,    3475,    1347,     555,      53,     -73,      89,     803,    -448,    -629,       0,     399,    3368,    2081,    -723,     564,  100.0,   78.5,   73.0,    8.4,   14.9,    3.1,    0.2,    2.5,    3.4,    1.3,    0.4,    0.5,   95.5,   97.9,    4.5,    2.1,  100.0,   78.5,   73.0,    8.4,   14.9,    3.1,    0.2,    2.5,    3.4,    1.3,    0.4,    0.5,   95.5,   97.9,    4.5,    2.1,  100.0,    0.0,    0.0,    0.0,    0.0,    0.0,    0.0,    0.0,    0.0,    0.0,    0.0,    0.0,    0.0,    0.0,    0.0,    0.0,     49,     28,     23,      6,.,      9,.,      6,      6,.,.,.,     46,     42,     49,     28,     23,      6,.,      9,.,      6,      6,.,.,.,     46,     42,      0,      0,      0,      0,      0,      0,      0,      0,      0,      0,      0,      0,      0,      0,    49.9,    62.7,    62.5,    77.9,    49.9,    57.5,    61.8,    70.0,    49.9,    62.7,    62.5,    77.9,    49.9,    57.5,    61.8,    70.0,     0.0,     0.0,     0.0,     0.0,     0.0,     0.0,     0.0,     0.0,"(Contracts of 2,500  MMBTU'S)","023394","IFED","023 ","N13","FutOnly"
"NWP ROCKIES FIN BASIS - ICE FUTURES ENERGY DIV",260929,2026-09-29,023395,IFED,01,023 ,  414963,  274210,  237280,   70605,  122823,   19437,   29509,    4735,    4454,    1949,   14186,    3488,  403652,  406403,   11311,    8560,  414963,  274210,  237280,   70605,  122823,   19437,   29509,    4735,    4454,    1949,   14186,    3488,  403652,  406403,   11311,    8560,       0,       0,       0,       0,       0,       0,       0,       0,       0,       0,       0,       0,       0,       0,       0,       0,   17619,   10366,   15955,    1030,    -170,    1941,    3363,     829,    -610,    1276,    1406,     199,   17565,   19550,      54,   -1931,  100.0,   66.1,   57.2,   17.0,   29.6,    4.7,    7.1,    1.1,    1.1,    0.5,    3.4,    0.8,   97.3,   97.9,    2.7,    2.1,  100.0,   66.1,   57.2,   17.0,   29.6,    4.7,    7.1,    1.1,    1.1,    0.5,    3.4,    0.8,   97.3,   97.9,    2.7,    2.1,  100.0,    0.0,    0.0,    0.0,    0.0,    0.0,    0.0,    0.0,    0.0,    0.0,    0.0,    0.0,    0.0,    0.0,    0.0,    0.0,     76,     32,     31,      9,      8,     11,      7,      4,      4,.,.,.,     58,     56,     76,     32,     31,      9,      8,     11,      7,      4,      4,.,.,.,     58,     56,      0,      0,      0,      0,      0,      0,      0,      0,      0,      0,      0,      0,      0,      0,    48.1,    40.6,    64.0,    59.8,    37.7,    36.7,    50.8,    49.3,    48.1,    40.6,    64.0,    59.8,    37.7,    36.7,    50.8,    49.3,     0.0,     0.0,     0.0,     0.0,     0.0,     0.0,     0.0,     0.0,"(Contracts of 2,500  MMBTU'S)","023395","IFED","023 ","N13","FutOnly"
"AECO FIN BASIS - ICE FUTURES ENERGY DIV",260929,2026-09-29,023396,IFED,01,023 ,  963867,  820437,  216750,   59485,  695185,   24277,    9853,    4207,   10194,   18544,    3666,    3702,  946492,  957981,   17375,    5886,  963867,  820437,  216750,   59485,  695185,   24277,    9853,    4207,   10194,   18544,    3666,    3702,  946492,  957981,   17375,    5886,       0,       0,       0,       0,       0,       0,       0,       0,       0,       0,       0,       0,       0,       0,       0,       0,    8107,    4725,   -2131,    2117,    7868,    -479,   -1494,   -1591,    1310,     453,     696,    1326,    7958,    6999,     149,    1108,  100.0,   85.1,   22.5,    6.2,   72.1,    2.5,    1.0,    0.4,    1.1,    1.9,    0.4,    0.4,   98.2,   99.4,    1.8,    0.6,  100.0,   85.1,   22.5,    6.2,   72.1,    2.5,    1.0,    0.4,    1.1,    1.9,    0.4,    0.4,   98.2,   99.4,    1.8,    0.6,  100.0,    0.0,    0.0,    0.0,    0.0,    0.0,    0.0,    0.0,    0.0,    0.0,    0.0,    0.0,    0.0,    0.0,    0.0,    0.0,     61,     35,     21,      5,      8,      6,      4,      4,      6,.,.,.,     55,     39,     61,     35,     21,      5,      8,      6,      4,      4,      6,.,.,.,     55,     39,      0,      0,      0,      0,      0,      0,      0,      0,      0,      0,      0,      0,      0,      0,    44.0,    53.9,    58.7,    78.4,    39.2,    53.8,    52.2,    73.9,    44.0,    53.9,    58.7,    78.4,    39.2,    53.8,    52.2,    73.9,     0.0,     0.0,     0.0,     0.0,     0.0,     0.0,     0.0,     0.0,"(Contracts of 2,500  MMBTU'S)","023396","IFED","023 ","N13","FutOnly"
"CHICAGO FIN BASIS - ICE FUTURES ENERGY DIV",260929,2026-09-29,023397,IFED,01,023 ,  383900,  283600,  313663,   57588,   35470,    7249,   15957,   11975,    3546,    7108,     553,    1752,  376800,  374208,    7100,    9692,  383900,  283600,  313663,   57588,   35470,    7249,   15957,   11975,    3546,    7108,     553,    1752,  376800,  374208,    7100,    9692,       0,       0,       0,       0,       0,       0,       0,       0,       0,       0,       0,       0,       0,       0,       0,       0,    8628,    5822,     753,    3091,    8289,    -206,   -1278,    3061,     608,    3163,    -800,   -2157,    9043,    9548,    -415,    -920,  100.0,   73.9,   81.7,   15.0,    9.2,    1.9,    4.2,    3.1,    0.9,    1.9,    0.1,    0.5,   98.2,   97.5,    1.8,    2.5,  100.0,   73.9,   81.7,   15.0,    9.2,    1.9,    4.2,    3.1,    0.9,    1.9,    0.1,    0.5,   98.2,   97.5,    1.8,    2.5,  100.0,    0.0,    0.0,    0.0,    0.0,    0.0,    0.0,    0.0,    0.0,    0.0,    0.0,    0.0,    0.0,    0.0,    0.0,    0.0,     66,     33,     29,      9,.,      6,      5,      6,      5,      4,.,.,     55,     49,     66,     33,     29,      9,.,      6,      5,      6,      5,      4,.,.,     55,     49,      0,      0,      0,      0,      0,      0,      0,      0,      0,      0,      0,      0,      0,      0,    41.4,    34.8,    58.0,    57.7,    32.4,    29.4,    43.2,    42.9,    41.4,    34.8,    58.0,    57.7,    32.4,    29.4,    43.2,    42.9,     0.0,     0.0,     0.0,     0.0,     0.0,     0.0,     0.0,     0.0,"(Contracts of 2,500  MMBTU'S)","023397","IFED","023 ","N13","FutOnly"
"HSC FIN BASIS - ICE FUTURES ENERGY DIV",260929,2026-09-29,023398,IFED,01,023 ,  898405,  571923,  528718,  230817,  128436,   43549,    8512,  134781,   26282,    6300,   25080,    4183,  891566,  891029,    6839,    7376,  898405,  571923,  528718,  230817,  128436,   43549,    8512,  134781,   26282,    6300,   25080,    4183,  891566,  891029,    6839,    7376,       0,       0,       0,       0,       0,       0,       0,       0,       0,       0,       0,       0,       0,       0,       0,       0,   20378,    8955,   10285,   -2211,   -2066,    5764,    3130,    3013,    5388,    -419,   -2205,   -1203,   19404,   18976,     974,    1402,  100.0,   63.7,   58.9,   25.7,   14.3,    4.8,    0.9,   15.0,    2.9,    0.7,    2.8,    0.5,   99.2,   99.2,    0.8,    0.8,  100.0,   63.7,   58.9,   25.7,   14.3,    4.8,    0.9,   15.0,    2.9,    0.7,    2.8,    0.5,   99.2,   99.2,    0.8,    0.8,  100.0,    0.0,    0.0,    0.0,    0.0,    0.0,    0.0,    0.0,    0.0,    0.0,    0.0,    0.0,    0.0,    0.0,    0.0,    0.0,     99,     46,     41,     10,     11,     11,      4,     13,      7,      5,.,.,     74,     80,     99,     46,     41,     10,     11,     11,      4,     13,      7,      5,.,.,     74,     80,      0,      0,      0,      0,      0,      0,      0,      0,      0,      0,      0,      0,      0,      0,    29.2,    26.1,    49.6,    41.4,    28.5,    25.8,    46.6,    40.0,    29.2,    26.1,    49.6,    41.4,    28.5,    25.8,    46.6,    40.0,     0.0,     0.0,     0.0,     0.0,     0.0,     0.0,     0.0,     0.0,"(Contracts of 2,500  MMBTU'S)","023398","IFED","023 ","N13","FutOnly"
"WAHA FIN BASIS - ICE FUTURES ENERGY DIV",260929,2026-09-29,023399,IFED,01,023 ,  751252,  648835,  282283,   28146,  359624,   13108,   14306,   20982,   30761,       0,   26464,   12038,  747194,  745260,    4058,    5992,  751252,  648835,  282283,   28146,  359624,   13108,   14306,   20982,   30761,       0,   26464,   12038,  747194,  745260,    4058,    5992,       0,       0,       0,       0,       0,       0,       0,       0,       0,       0,       0,       0,       0,       0,       0,       0,    3847,   11725,    6056,    4082,   -4708,   -1124,  -10693,     538,     378,    -248,    3054,    -770,    3350,    3424,     497,     423,  100.0,   86.4,   37.6,    3.7,   47.9,    1.7,    1.9,    2.8,    4.1,    0.0,    3.5,    1.6,   99.5,   99.2,    0.5,    0.8,  100.0,   86.4,   37.6,    3.7,   47.9,    1.7,    1.9,    2.8,    4.1,    0.0,    3.5,    1.6,   99.5,   99.2,    0.5,    0.8,  100.0,    0.0,    0.0,    0.0,    0.0,    0.0,    0.0,    0.0,    0.0,    0.0,    0.0,    0.0,    0.0,    0.0,    0.0,    0.0,     84,     45,     28,      5,     16,     13,      5,      6,      7,      0,      6,.,     71,     63,     84,     45,     28,      5,     16,     13,      5,      6,      7,      0,      6,.,     71,     63,      0,      0,      0,      0,      0,      0,      0,      0,      0,      0,      0,      0,      0,      0,    31.8,    40.1,    50.6,    58.0,    26.0,    32.8,    41.9,    49.5,    31.8,    40.1,    50.6,    58.0,    26.0,    32.8,    41.9,    49.5,     0.0,     0.0,     0.0,     0.0,     0.0,     0.0,     0.0,     0.0,"(Contracts of 2,500  MMBTU'S)","023399","IFED","023 ","N13","FutOnly"
"ALGONQUIN CITYGATES BASIS - ICE FUTURES ENERGY DIV",260929,2026-09-29,02339E,IFED,01,023 ,  110787,   84327,   93121,   15185,       0,      93,    3686,    3247,      93,    1388,    5922,    1110,  105882,  103586,    4905,    7201,  110787,   84327,   93121,   15185,       0,      93,    3686,    3247,      93,    1388,    5922,    1110,  105882,  103586,    4905,    7201,       0,       0,       0,       0,       0,       0,       0,       0,       0,       0,       0,       0,       0,       0,       0,       0,     193,    -305,    -114,    -734,       0,     -60,     341,      -1,      93,    -183,     130,     525,    -323,     573,     516,    -380,  100.0,   76.1,   84.1,   13.7,    0.0,    0.1,    3.3,    2.9,    0.1,    1.3,    5.3,    1.0,   95.6,   93.5,    4.4,    6.5,  100.0,   76.1,   84.1,   13.7,    0.0,    0.1,    3.3,    2.9,    0.1,    1.3,    5.3,    1.0,   95.6,   93.5,    4.4,    6.5,  100.0,    0.0,    0.0,    0.0,    0.0,    0.0,    0.0,    0.0,    0.0,    0.0,    0.0,    0.0,    0.0,    0.0,    0.0,    0.0,     35,     10,     14,      4,      0,.,.,.,.,.,.,      4,     21,     25,     35,     10,     14,      4,      0,.,.,.,.,.,.,      4,     21,     25,      0,      0,      0,      0,      0,      0,      0,      0,      0,      0,      0,      0,      0,      0,    67.0,    56.3,    83.5,    77.4,    65.7,    54.5,    76.3,    71.9,    67.0,    56.3,    83.5,    77.4,    65.7,    54.5,    76.3,    71.9,     0.0,     0.0,     0.0,     0.0,     0.0,     0.0,     0.0,     0.0,"(Contracts of 2,500  MMBTU'S)","02339E","IFED","023 ","N13","FutOnly"
"CG-MAINLINE FINANCIAL INDEX - ICE FUTURES ENERGY DIV",260929,2026-09-29,02339P,IFED,01,023 ,   43669,   34036,   31646,    2936,    1580,       0,    2492,    7949,     886,    1828,       0,       0,   42178,   42061,    1491,    1608,   43669,   34036,   31646,    2936,    1580,       0,    2492,    7949,     886,    1828,       0,       0,   42178,   42061,    1491,    1608,       0,       0,       0,       0,       0,       0,       0,       0,       0,       0,       0,       0,       0,       0,       0,       0,    3627,    2362,    3100,     186,       0,       0,     310,      29,     248,       0,       0,       0,    3106,    3377,     521,     250,  100.0,   77.9,   72.5,    6.7,    3.6,    0.0,    5.7,   18.2,    2.0,    4.2,    0.0,    0.0,   96.6,   96.3,    3.4,    3.7,  100.0,   77.9,   72.5,    6.7,    3.6,    0.0,    5.7,   18.2,    2.0,    4.2,    0.0,    0.0,   96.6,   96.3,    3.4,    3.7,  100.0,    0.0,    0.0,    0.0,    0.0,    0.0,    0.0,    0.0,    0.0,    0.0,    0.0,    0.0,    0.0,    0.0,    0.0,    0.0,     32,     10,     15,.,.,      0,.,.,.,.,      0,      0,     17,     20,     32,     10,     15,.,.,      0,.,.,.,.,      0,      0,     17,     20,      0,      0,      0,      0,      0,      0,      0,      0,      0,      0,      0,      0,      0,      0,    64.8,    46.0,    82.3,    74.6,    64.0,    46.0,    81.2,    74.0,    64.8,    46.0,    82.3,    74.6,    64.0,    46.0,    81.2,    74.0,     0.0,     0.0,     0.0,     0.0,     0.0,     0.0,     0.0,     0.0,"(Contracts of 2,500  MMBTU'S)","02339P","IFED","023 ","N13","FutOnly"
"CHICAGO CITYGATE (INDEX) - ICE FUTURES ENERGY DIV",260929,2026-09-29,02339Q,IFED,01,023 ,  108870,   62637,   93539,   40703,    2910,    1370,     632,    6767,    1298,     310,       0,       0,  106950,  105884,    1920,    2986,  108870,   62637,   93539,   40703,    2910,    1370,     632,    6767,    1298,     310,       0,       0,  106950,  105884,    1920,    2986,       0,       0,       0,       0,       0,       0,       0,       0,       0,       0,       0,       0,       0,       0,       0,       0,    7636,    3164,    5265,    5377,     115,    -115,    -155,    1882,      93,       0,    -589,       0,    8364,    6651,    -728,     985,  100.0,   57.5,   85.9,   37.4,    2.7,    1.3,    0.6,    6.2,    1.2,    0.3,    0.0,    0.0,   98.2,   97.3,    1.8,    2.7,  100.0,   57.5,   85.9,   37.4,    2.7,    1.3,    0.6,    6.2,    1.2,    0.3,    0.0,    0.0,   98.2,   97.3,    1.8,    2.7,  100.0,    0.0,    0.0,    0.0,    0.0,    0.0,    0.0,    0.0,    0.0,    0.0,    0.0,    0.0,    0.0,    0.0,    0.0,    0.0,     42,     18,     18,      7,.,.,.,      4,.,.,      0,      0,     31,     24,     42,     18,     18,      7,.,.,.,      4,.,.,      0,      0,     31,     24,      0,      0,      0,      0,      0,      0,      0,      0,      0,      0,      0,      0,      0,      0,    49.5,    60.5,    69.2,    79.5,    49.5,    53.0,    65.9,    67.4,    49.5,    60.5,    69.2,    79.5,    49.5,    53.0,    65.9,    67.4,     0.0,     0.0,     0.0,     0.0,     0.0,     0.0,     0.0,     0.0,"(Contracts of 2,500  MMBTU'S)","02339Q","IFED","023 ","N13","FutOnly"
"CIG ROCKIES FINANCIAL INDEX - ICE FUTURES ENERGY DIV",260929,2026-09-29,02339S,IFED,01,023 ,   37696,   29841,   15110,       0,    3531,     270,    4390,   17578,       0,     458,       0,       0,   34959,   36489,    2737,    1207,   37696,   29841,   15110,       0,    3531,     270,    4390,   17578,       0,     458,       0,       0,   34959,   36489,    2737,    1207,       0,       0,       0,       0,       0,       0,       0,       0,       0,       0,       0,       0,       0,       0,       0,       0,    1704,     449,    1249,       0,    -899,       0,     713,    1232,       0,       0,       0,       0,    1162,    1582,     542,     122,  100.0,   79.2,   40.1,    0.0,    9.4,    0.7,   11.6,   46.6,    0.0,    1.2,    0.0,    0.0,   92.7,   96.8,    7.3,    3.2,  100.0,   79.2,   40.1,    0.0,    9.4,    0.7,   11.6,   46.6,    0.0,    1.2,    0.0,    0.0,   92.7,   96.8,    7.3,    3.2,  100.0,    0.0,    0.0,    0.0,    0.0,    0.0,    0.0,    0.0,    0.0,    0.0,    0.0,    0.0,    0.0,    0.0,    0.0,    0.0,     32,     18,     15,      0,.,.,.,.,      0,.,      0,      0,     22,     20,     32,     18,     15,      0,.,.,.,.,      0,.,      0,      0,     22,     20,      0,      0,      0,      0,      0,      0,      0,      0,      0,      0,      0,      0,      0,      0,    41.5,    60.6,    63.9,    76.6,    32.3,    55.1,    50.9,    67.3,    41.5,    60.6,    63.9,    76.6,    32.3,    55.1,    50.9,    67.3,     0.0,     0.0,     0.0,     0.0,     0.0,     0.0,     0.0,     0.0,"(Contracts of 2,500 MMBTU'S)","02339S","IFED","023 ","N13","FutOnly"
"CIG ROCKIES BASIS - ICE FUTURES ENERGY DIV",260929,2026-09-29,02339U,IFED,01,023 ,  486590,  432378,  132873,     513,  215062,   11519,   16725,  108296,    6086,    5979,    2416,    4017,  477217,  480269,    9373,    6321,  486590,  432378,  132873,     513,  215062,   11519,   16725,  108296,    6086,    5979,    2416,    4017,  477217,  480269,    9373,    6321,       0,       0,       0,       0,       0,       0,       0,       0,       0,       0,       0,       0,       0,       0,       0,       0,   18596,   18258,     -14,   -2491,    5594,    -126,   -2767,    9825,    1788,     274,     745,     910,   15846,   18722,    2750,    -126,  100.0,   88.9,   27.3,    0.1,   44.2,    2.4,    3.4,   22.3,    1.3,    1.2,    0.5,    0.8,   98.1,   98.7,    1.9,    1.3,  100.0,   88.9,   27.3,    0.1,   44.2,    2.4,    3.4,   22.3,    1.3,    1.2,    0.5,    0.8,   98.1,   98.7,    1.9,    1.3,  100.0,    0.0,    0.0,    0.0,    0.0,    0.0,    0.0,    0.0,    0.0,    0.0,    0.0,    0.0,    0.0,    0.0,    0.0,    0.0,     70,     35,     21,.,     12,      6,.,     11,      5,      4,.,      4,     52,     51,     70,     35,     21,.,     12,      6,.,     11,      5,      4,.,      4,     52,     51,      0,      0,      0,      0,      0,      0,      0,      0,      0,      0,      0,      0,      0,      0,    45.9,    60.6,    61.9,    77.8,    33.3,    55.6,    46.8,    60.7,    45.9,    60.6,    61.9,    77.8,    33.3,    55.6,    46.8,    60.7,     0.0,     0.0,     0.0,     0.0,     0.0,     0.0,     0.0,     0.0,"2500 mmbtu","02339U","IFED","023 ","N13","FutOnly"
"TCO Basis  - ICE FUTURES ENERGY DIV",260929,2026-09-29,02339W,IFED,01,023 ,  227125,  197118,   31079,   13120,  175118,    8415,       0,    2156,     579,    1088,     619,       0,  220320,  217966,    6805,    9159,  227125,  197118,   31079,   13120,  175118,    8415,       0,    2156,     579,    1088,     619,       0,  220320,  217966,    6805,    9159,       0,       0,       0,       0,       0,       0,       0,       0,       0,       0,       0,       0,       0,       0,       0,       0,    -312,      73,   -1049,   -1617,      95,     313,       0,    -112,    -273,     151,     619,       0,   -1353,    -407,    1041,      95,  100.0,   86.8,   13.7,    5.8,   77.1,    3.7,    0.0,    0.9,    0.3,    0.5,    0.3,    0.0,   97.0,   96.0,    3.0,    4.0,  100.0,   86.8,   13.7,    5.8,   77.1,    3.7,    0.0,    0.9,    0.3,    0.5,    0.3,    0.0,   97.0,   96.0,    3.0,    4.0,  100.0,    0.0,    0.0,    0.0,    0.0,    0.0,    0.0,    0.0,    0.0,    0.0,    0.0,    0.0,    0.0,    0.0,    0.0,    0.0,     43,     20,     10,.,     12,      4,      0,.,.,.,.,      0,     26,     28,     43,     20,     10,.,     12,      4,      0,.,.,.,.,      0,     26,     28,      0,      0,      0,      0,      0,      0,      0,      0,      0,      0,      0,      0,      0,      0,    52.4,    54.3,    72.7,    77.2,    52.4,    53.8,    70.8,    76.2,    52.4,    54.3,    72.7,    77.2,    52.4,    53.8,    70.8,    76.2,     0.0,     0.0,     0.0,     0.0,     0.0,     0.0,     0.0,     0.0,"2500 mm btu","02339W","IFED","023 ","N13","FutOnly"
"CG Mainline Basis - ICE FUTURES ENERGY DIV",260929,2026-09-29,02339Y,IFED,01,023 ,  338534,  320847,  216894,    1613,   97494,    3389,       0,   15692,    2178,    4306,       0,       0,  332333,  335647,    6201,    2887,  338534,  320847,  216894,    1613,   97494,    3389,       0,   15692,    2178,    4306,       0,       0,  332333,  335647,    6201,    2887,       0,       0,       0,       0,       0,       0,       0,       0,       0,       0,       0,       0,       0,       0,       0,       0,     -95,     588,     552,      65,     626,    -690,       0,    -807,       0,       0,       0,       0,     -37,    -319,     -58,     224,  100.0,   94.8,   64.1,    0.5,   28.8,    1.0,    0.0,    4.6,    0.6,    1.3,    0.0,    0.0,   98.2,   99.1,    1.8,    0.9,  100.0,   94.8,   64.1,    0.5,   28.8,    1.0,    0.0,    4.6,    0.6,    1.3,    0.0,    0.0,   98.2,   99.1,    1.8,    0.9,  100.0,    0.0,    0.0,    0.0,    0.0,    0.0,    0.0,    0.0,    0.0,    0.0,    0.0,    0.0,    0.0,    0.0,    0.0,    0.0,     48,     21,     16,.,     10,      4,      0,      8,.,.,      0,      0,     30,     35,     48,     21,     16,.,     10,      4,      0,      8,.,.,      0,      0,     30,     35,      0,      0,      0,      0,      0,      0,      0,      0,      0,      0,      0,      0,      0,      0,    76.5,    64.6,    88.5,    78.3,    76.2,    64.1,    87.8,    77.7,    76.5,    64.6,    88.5,    78.3,    76.2,    64.1,    87.8,    77.7,     0.0,     0.0,     0.0,     0.0,     0.0,     0.0,     0.0,     0.0,"2500 mmbtu","02339Y","IFED","023 ","N13","FutOnly"
"DOMINION - SOUTH POINT - ICE FUTURES ENERGY DIV",260929,2026-09-29,0233A2,IFED,01,023 ,   50189,   21424,   34592,    9766,    5252,    1050,    7898,    1141,    3576,    4001,    1023,     465,   48180,   47099,    2009,    3090,   50189,   21424,   34592,    9766,    5252,    1050,    7898,    1141,    3576,    4001,    1023,     465,   48180,   47099,    2009,    3090,       0,       0,       0,       0,       0,       0,       0,       0,       0,       0,       0,       0,       0,       0,       0,       0,    4770,    1783,    3282,    -155,     372,       0,     837,     -25,     186,    1952,     248,     434,    5037,    4497,    -267,     273,  100.0,   42.7,   68.9,   19.5,   10.5,    2.1,   15.7,    2.3,    7.1,    8.0,    2.0,    0.9,   96.0,   93.8,    4.0,    6.2,  100.0,   42.7,   68.9,   19.5,   10.5,    2.1,   15.7,    2.3,    7.1,    8.0,    2.0,    0.9,   96.0,   93.8,    4.0,    6.2,  100.0,    0.0,    0.0,    0.0,    0.0,    0.0,    0.0,    0.0,    0.0,    0.0,    0.0,    0.0,    0.0,    0.0,    0.0,    0.0,     43,     17,     21,.,.,.,.,.,.,      4,.,.,     26,     30,     43,     17,     21,.,.,.,.,.,.,      4,.,.,     26,     30,      0,      0,      0,      0,      0,      0,      0,      0,      0,      0,      0,      0,      0,      0,    54.9,    42.2,    71.4,    63.3,    47.0,    36.3,    60.9,    50.8,    54.9,    42.2,    71.4,    63.3,    47.0,    36.3,    60.9,    50.8,     0.0,     0.0,     0.0,     0.0,     0.0,     0.0,     0.0,     0.0,"2500 mmbtu","0233A2","IFED","023 ","N13","FutOnly"
"DOMINION - SOUTH POINT (BASIS) - ICE FUTURES ENERGY DIV",260929,2026-09-29,0233A3,IFED,01,023 ,  767255,  634876,  199395,   11278,  449694,   33940,   36102,   38299,   12868,   17247,   13519,    9793,  756104,  757508,   11151,    9747,  767255,  634876,  199395,   11278,  449694,   33940,   36102,   38299,   12868,   17247,   13519,    9793,  756104,  757508,   11151,    9747,       0,       0,       0,       0,       0,       0,       0,       0,       0,       0,       0,       0,       0,       0,       0,       0,   16679,   12062,    2848,     155,    9002,    1312,    2035,    2368,    -753,    1498,    2641,      72,   16381,   17490,     298,    -811,  100.0,   82.7,   26.0,    1.5,   58.6,    4.4,    4.7,    5.0,    1.7,    2.2,    1.8,    1.3,   98.5,   98.7,    1.5,    1.3,  100.0,   82.7,   26.0,    1.5,   58.6,    4.4,    4.7,    5.0,    1.7,    2.2,    1.8,    1.3,   98.5,   98.7,    1.5,    1.3,  100.0,    0.0,    0.0,    0.0,    0.0,    0.0,    0.0,    0.0,    0.0,    0.0,    0.0,    0.0,    0.0,    0.0,    0.0,    0.0,     99,     46,     36,.,     17,     11,.,     15,      8,      5,      8,      7,     75,     81,     99,     46,     36,.,     17,     11,.,     15,      8,      5,      8,      7,     75,     81,      0,      0,      0,      0,      0,      0,      0,      0,      0,      0,      0,      0,      0,      0,    34.6,    37.1,    50.3,    53.2,    34.2,    33.1,    47.1,    48.4,    34.6,    37.1,    50.3,    53.2,    34.2,    33.1,    47.1,    48.4,     0.0,     0.0,     0.0,     0.0,     0.0,     0.0,     0.0,     0.0,"2500 mmbtu","0233A3","IFED","023 ","N13","FutOnly"
"EP SAN JUAN BASIS - ICE FUTURES ENERGY DIV",260929,2026-09-29,0233A8,IFED,01,023 ,  259196,  152020,  188143,   71806,   39728,   16913,    3718,       0,    1224,     485,    6024,    1779,  247945,  253811,   11251,    5385,  259196,  152020,  188143,   71806,   39728,   16913,    3718,       0,    1224,     485,    6024,    1779,  247945,  253811,   11251,    5385,       0,       0,       0,       0,       0,       0,       0,       0,       0,       0,       0,       0,       0,       0,       0,       0,     807,    1892,     178,    -735,     407,      65,       0,       0,       0,     485,     194,    -300,    1407,     544,    -600,     263,  100.0,   58.7,   72.6,   27.7,   15.3,    6.5,    1.4,    0.0,    0.5,    0.2,    2.3,    0.7,   95.7,   97.9,    4.3,    2.1,  100.0,   58.7,   72.6,   27.7,   15.3,    6.5,    1.4,    0.0,    0.5,    0.2,    2.3,    0.7,   95.7,   97.9,    4.3,    2.1,  100.0,    0.0,    0.0,    0.0,    0.0,    0.0,    0.0,    0.0,    0.0,    0.0,    0.0,    0.0,    0.0,    0.0,    0.0,    0.0,     38,     16,     14,      7,      4,      7,.,      0,.,.,.,.,     29,     27,     38,     16,     14,      7,      4,      7,.,      0,.,.,.,.,     29,     27,      0,      0,      0,      0,      0,      0,      0,      0,      0,      0,      0,      0,      0,      0,    53.4,    69.8,    73.8,    84.2,    42.1,    52.1,    54.4,    61.7,    53.4,    69.8,    73.8,    84.2,    42.1,    52.1,    54.4,    61.7,     0.0,     0.0,     0.0,     0.0,     0.0,     0.0,     0.0,     0.0,"2500 mmbtu","0233A8","IFED","023 ","N13","FutOnly"
"FLORIDA GAS-ZONE 3 BASIS - ICE FUTURES ENERGY DIV",260929,2026-09-29,0233A9,IFED,01,023 ,   20420,    8502,    9396,    4445,    5781,    1381,    1550,       0,       0,     838,     986,     149,   16865,   17693,    3555,    2727,   20420,    8502,    9396,    4445,    5781,    1381,    1550,       0,       0,     838,     986,     149,   16865,   17693,    3555,    2727,       0,       0,       0,       0,       0,       0,       0,       0,       0,       0,       0,       0,       0,       0,       0,       0,     621,     118,      74,     -89,       0,      34,     248,       0,       0,      64,       0,      60,     435,     168,     186,     453,  100.0,   41.6,   46.0,   21.8,   28.3,    6.8,    7.6,    0.0,    0.0,    4.1,    4.8,    0.7,   82.6,   86.6,   17.4,   13.4,  100.0,   41.6,   46.0,   21.8,   28.3,    6.8,    7.6,    0.0,    0.0,    4.1,    4.8,    0.7,   82.6,   86.6,   17.4,   13.4,  100.0,    0.0,    0.0,    0.0,    0.0,    0.0,    0.0,    0.0,    0.0,    0.0,    0.0,    0.0,    0.0,    0.0,    0.0,    0.0,     20,      7,     10,.,.,.,.,      0,      0,.,.,.,     14,     16,     20,      7,     10,.,.,.,.,      0,      0,.,.,.,     14,     16,      0,      0,      0,      0,      0,      0,      0,      0,      0,      0,      0,      0,      0,      0,    51.9,    50.9,    75.2,    70.7,    48.4,    46.5,    60.9,    60.3,    51.9,    50.9,    75.2,    70.7,    48.4,    46.5,    60.9,    60.3,     0.0,     0.0,     0.0,     0.0,     0.0,     0.0,     0.0,     0.0,"2500 mmbtu","0233A9","IFED","023 ","N13","FutOnly"
"HENRY HUB BASIS - ICE FUTURES ENERGY DIV",260929,2026-09-29,0233AG,IFED,01,023 ,  177636,   54925,  130107,   53361,    1080,    1758,   58343,   26720,    2480,    2760,   12307,    1704,  175331,  176156,    2305,    1480,  177636,   54925,  130107,   53361,    1080,    1758,   58343,   26720,    2480,    2760,   12307,    1704,  175331,  176156,    2305,    1480,       0,       0,       0,       0,       0,       0,       0,       0,       0,       0,       0,       0,       0,       0,       0,       0,   50700,   24477,   35665,    1905,       0,     713,   21156,    6572,    1550,   -1053,    4123,    1183,   49931,   49806,     769,     894,  100.0,   30.9,   73.2,   30.0,    0.6,    1.0,   32.8,   15.0,    1.4,    1.6,    6.9,    1.0,   98.7,   99.2,    1.3,    0.8,  100.0,   30.9,   73.2,   30.0,    0.6,    1.0,   32.8,   15.0,    1.4,    1.6,    6.9,    1.0,   98.7,   99.2,    1.3,    0.8,  100.0,    0.0,    0.0,    0.0,    0.0,    0.0,    0.0,    0.0,    0.0,    0.0,    0.0,    0.0,    0.0,    0.0,    0.0,    0.0,     78,     25,     33,     10,.,      5,      6,      5,.,.,      8,.,     44,     55,     78,     25,     33,     10,.,      5,      6,      5,.,.,      8,.,     44,     55,      0,      0,      0,      0,      0,      0,      0,      0,      0,      0,      0,      0,      0,      0,    42.3,    52.0,    61.2,    69.0,    42.2,    51.1,    60.3,    67.5,    42.3,    52.0,    61.2,    69.0,    42.2,    51.1,    60.3,    67.5,     0.0,     0.0,     0.0,     0.0,     0.0,     0.0,     0.0,     0.0,"2500 mmbtu","0233AG","IFED","023 ","N13","FutOnly"
"HENRY HUB INDEX - ICE FUTURES ENERGY DIV",260929,2026-09-29,0233AH,IFED,01,023 ,  210502,   82763,  139583,   50902,       0,    4102,   51431,   39866,    6249,   10980,   17322,    1914,  208341,  209036,    2161,    1466,  210502,   82763,  139583,   50902,       0,    4102,   51431,   39866,    6249,   10980,   17322,    1914,  208341,  209036,    2161,    1466,       0,       0,       0,       0,       0,       0,       0,       0,       0,       0,       0,       0,       0,       0,       0,       0,   49608,   22133,   34994,    2959,       0,     589,   20781,    5918,    2669,     552,    5573,    -301,   49382,   49442,     226,     166,  100.0,   39.3,   66.3,   24.2,    0.0,    1.9,   24.4,   18.9,    3.0,    5.2,    8.2,    0.9,   99.0,   99.3,    1.0,    0.7,  100.0,   39.3,   66.3,   24.2,    0.0,    1.9,   24.4,   18.9,    3.0,    5.2,    8.2,    0.9,   99.0,   99.3,    1.0,    0.7,  100.0,    0.0,    0.0,    0.0,    0.0,    0.0,    0.0,    0.0,    0.0,    0.0,    0.0,    0.0,    0.0,    0.0,    0.0,    0.0,     91,     37,     41,     10,      0,      5,      5,      6,      7,      4,      9,.,     61,     65,     91,     37,     41,     10,      0,      5,      5,      6,      7,      4,      9,.,     61,     65,      0,      0,      0,      0,      0,      0,      0,      0,      0,      0,      0,      0,      0,      0,    44.1,    43.6,    60.6,    60.0,    43.2,    42.7,    57.7,    58.2,    44.1,    43.6,    60.6,    60.0,    43.2,    42.7,    57.7,    58.2,     0.0,     0.0,     0.0,     0.0,     0.0,     0.0,     0.0,     0.0,"2500 mmbtu","0233AH","IFED","023 ","N13","FutOnly"
"HOUSTON SHIP CHANNEL (INDEX) - ICE FUTURES ENERGY DIV",260929,2026-09-29,0233AM,IFED,01,023 ,  496612,  221783,  259309,  258184,   21472,    7841,    2405,  149399,     707,     992,   54245,     334,  492246,  493307,    4366,    3305,  496612,  221783,  259309,  258184,   21472,    7841,    2405,  149399,     707,     992,   54245,     334,  492246,  493307,    4366,    3305,       0,       0,       0,       0,       0,       0,       0,       0,       0,       0,       0,       0,       0,       0,       0,       0,   25120,   13843,   16605,   12973,    3443,   -2440,       0,    6342,       0,     279,     557,       0,   24655,   24507,     465,     613,  100.0,   44.7,   52.2,   52.0,    4.3,    1.6,    0.5,   30.1,    0.1,    0.2,   10.9,    0.1,   99.1,   99.3,    0.9,    0.7,  100.0,   44.7,   52.2,   52.0,    4.3,    1.6,    0.5,   30.1,    0.1,    0.2,   10.9,    0.1,   99.1,   99.3,    0.9,    0.7,  100.0,    0.0,    0.0,    0.0,    0.0,    0.0,    0.0,    0.0,    0.0,    0.0,    0.0,    0.0,    0.0,    0.0,    0.0,    0.0,     75,     32,     36,     10,.,      5,.,      7,.,.,      6,.,     46,     57,     75,     32,     36,     10,.,      5,.,      7,.,.,      6,.,     46,     57,      0,      0,      0,      0,      0,      0,      0,      0,      0,      0,      0,      0,      0,      0,    56.4,    42.5,    79.3,    57.2,    56.1,    42.2,    79.0,    56.6,    56.4,    42.5,    79.3,    57.2,    56.1,    42.2,    79.0,    56.6,     0.0,     0.0,     0.0,     0.0,     0.0,     0.0,     0.0,     0.0,"2500 mmbtu","0233AM","IFED","023 ","N13","FutOnly"
"MICHCON FINANCIAL INDEX - ICE FUTURES ENERGY DIV",260929,2026-09-29,0233AN,IFED,01,023 ,   19695,   14756,   15505,    2899,       0,     341,       0,    2950,       0,     480,       0,       0,   18476,   18796,    1219,     899,   19695,   14756,   15505,    2899,       0,     341,       0,    2950,       0,     480,       0,       0,   18476,   18796,    1219,     899,       0,       0,       0,       0,       0,       0,       0,       0,       0,       0,       0,       0,       0,       0,       0,       0,    3706,    4143,    3431,    -558,       0,     341,       0,     523,    -403,       0,       0,       0,    3523,    3892,     183,    -186,  100.0,   74.9,   78.7,   14.7,    0.0,    1.7,    0.0,   15.0,    0.0,    2.4,    0.0,    0.0,   93.8,   95.4,    6.2,    4.6,  100.0,   74.9,   78.7,   14.7,    0.0,    1.7,    0.0,   15.0,    0.0,    2.4,    0.0,    0.0,   93.8,   95.4,    6.2,    4.6,  100.0,    0.0,    0.0,    0.0,    0.0,    0.0,    0.0,    0.0,    0.0,    0.0,    0.0,    0.0,    0.0,    0.0,    0.0,    0.0,     25,     15,      9,      4,      0,.,      0,.,      0,.,      0,      0,     20,     12,     25,     15,      9,      4,      0,.,      0,.,      0,.,      0,      0,     20,     12,      0,      0,      0,      0,      0,      0,      0,      0,      0,      0,      0,      0,      0,      0,    48.3,    62.0,    67.6,    83.9,    46.6,    58.6,    62.3,    79.6,    48.3,    62.0,    67.6,    83.9,    46.6,    58.6,    62.3,    79.6,     0.0,     0.0,     0.0,     0.0,     0.0,     0.0,     0.0,     0.0,"(Contracts of 2,500  MMBTU'S)","0233AN","IFED","023 ","N13","FutOnly"
"MICHCON BASIS - ICE FUTURES ENERGY DIV",260929,2026-09-29,0233AQ,IFED,01,023 ,  200278,  180886,  111434,       0,   54565,     917,    2000,   18310,    4330,     900,     364,    2574,  191607,  192494,    8671,    7784,  200278,  180886,  111434,       0,   54565,     917,    2000,   18310,    4330,     900,     364,    2574,  191607,  192494,    8671,    7784,       0,       0,       0,       0,       0,       0,       0,       0,       0,       0,       0,       0,       0,       0,       0,       0,    2891,    3898,    -981,       0,    2791,    -349,       0,      98,     432,   -1145,      19,     299,    3135,    2309,    -244,     582,  100.0,   90.3,   55.6,    0.0,   27.2,    0.5,    1.0,    9.1,    2.2,    0.4,    0.2,    1.3,   95.7,   96.1,    4.3,    3.9,  100.0,   90.3,   55.6,    0.0,   27.2,    0.5,    1.0,    9.1,    2.2,    0.4,    0.2,    1.3,   95.7,   96.1,    4.3,    3.9,  100.0,    0.0,    0.0,    0.0,    0.0,    0.0,    0.0,    0.0,    0.0,    0.0,    0.0,    0.0,    0.0,    0.0,    0.0,    0.0,     54,     31,     32,      0,      8,.,.,      7,.,.,.,.,     38,     50,     54,     31,     32,      0,      8,.,.,      7,.,.,.,.,     38,     50,      0,      0,      0,      0,      0,      0,      0,      0,      0,      0,      0,      0,      0,      0,    45.0,    28.9,    59.6,    45.9,    40.0,    26.1,    49.7,    40.1,    45.0,    28.9,    59.6,    45.9,    40.0,    26.1,    49.7,    40.1,     0.0,     0.0,     0.0,     0.0,     0.0,     0.0,     0.0,     0.0,"2500 mmbtu","0233AQ","IFED","023 ","N13","FutOnly"
"NAT GAS LD1 for GDD -TEXOK - ICE FUTURES ENERGY DIV",260929,2026-09-29,0233AT,IFED,01,023 ,  157283,  142999,  127659,    4296,       0,    1936,    5551,   22389,     420,     582,    1038,       0,  155784,  153442,    1499,    3841,  157283,  142999,  127659,    4296,       0,    1936,    5551,   22389,     420,     582,    1038,       0,  155784,  153442,    1499,    3841,       0,       0,       0,       0,       0,       0,       0,       0,       0,       0,       0,       0,       0,       0,       0,       0,   10541,    8712,    4463,     930,       0,     124,      93,    6152,       0,     372,     558,       0,   10231,   11297,     310,    -756,  100.0,   90.9,   81.2,    2.7,    0.0,    1.2,    3.5,   14.2,    0.3,    0.4,    0.7,    0.0,   99.0,   97.6,    1.0,    2.4,  100.0,   90.9,   81.2,    2.7,    0.0,    1.2,    3.5,   14.2,    0.3,    0.4,    0.7,    0.0,   99.0,   97.6,    1.0,    2.4,  100.0,    0.0,    0.0,    0.0,    0.0,    0.0,    0.0,    0.0,    0.0,    0.0,    0.0,    0.0,    0.0,    0.0,    0.0,    0.0,     47,     28,     20,.,      0,.,      4,      4,.,.,.,      0,     36,     27,     47,     28,     20,.,      0,.,      4,      4,.,.,.,      0,     36,     27,      0,      0,      0,      0,      0,      0,      0,      0,      0,      0,      0,      0,      0,      0,    74.1,    43.3,    86.6,    71.6,    72.7,    42.1,    84.0,    69.0,    74.1,    43.3,    86.6,    71.6,    72.7,    42.1,    84.0,    69.0,     0.0,     0.0,     0.0,     0.0,     0.0,     0.0,     0.0,     0.0,"2500 mmbtu","0233AT","IFED","023 ","N13","FutOnly"
"NATURAL GAS INDEX: EP SAN JUAN - ICE FUTURES ENERGY DIV",260929,2026-09-29,0233AX,IFED,01,023 ,   17293,   12729,   14101,    1097,    1413,    1052,     868,       0,       0,       0,       0,       0,   15746,   16566,    1547,     727,   17293,   12729,   14101,    1097,    1413,    1052,     868,       0,       0,       0,       0,       0,   15746,   16566,    1547,     727,       0,       0,       0,       0,       0,       0,       0,       0,       0,       0,       0,       0,       0,       0,       0,       0,    1135,    1166,     856,       0,     490,       0,     -31,       0,       0,       0,       0,       0,    1135,    1346,       0,    -211,  100.0,   73.6,   81.5,    6.3,    8.2,    6.1,    5.0,    0.0,    0.0,    0.0,    0.0,    0.0,   91.1,   95.8,    8.9,    4.2,  100.0,   73.6,   81.5,    6.3,    8.2,    6.1,    5.0,    0.0,    0.0,    0.0,    0.0,    0.0,   91.1,   95.8,    8.9,    4.2,  100.0,    0.0,    0.0,    0.0,    0.0,    0.0,    0.0,    0.0,    0.0,    0.0,    0.0,    0.0,    0.0,    0.0,    0.0,    0.0,     24,     12,     12,.,.,.,.,      0,      0,      0,      0,      0,     16,     15,     24,     12,     12,.,.,.,.,      0,      0,      0,      0,      0,     16,     15,      0,      0,      0,      0,      0,      0,      0,      0,      0,      0,      0,      0,      0,      0,    46.3,    45.0,    68.3,    71.8,    38.6,    44.1,    60.1,    63.8,    46.3,    45.0,    68.3,    71.8,    38.6,    44.1,    60.1,    63.8,     0.0,     0.0,     0.0,     0.0,     0.0,     0.0,     0.0,     0.0,"2500 MMBtu","0233AX","IFED","023 ","N13","FutOnly"
"NGPL MIDCONT BASIS - ICE FUTURES ENERGY DIV",260929,2026-09-29,0233AY,IFED,01,023 ,   97486,   86227,   67327,     380,   12688,    2888,       0,     930,       0,     368,       0,       0,   89863,   83833,    7623,   13653,   97486,   86227,   67327,     380,   12688,    2888,       0,     930,       0,     368,       0,       0,   89863,   83833,    7623,   13653,       0,       0,       0,       0,       0,       0,       0,       0,       0,       0,       0,       0,       0,       0,       0,       0,     827,     732,     643,     124,       0,     -93,       0,       0,       0,     368,       0,       0,    1131,     550,    -304,     277,  100.0,   88.5,   69.1,    0.4,   13.0,    3.0,    0.0,    1.0,    0.0,    0.4,    0.0,    0.0,   92.2,   86.0,    7.8,   14.0,  100.0,   88.5,   69.1,    0.4,   13.0,    3.0,    0.0,    1.0,    0.0,    0.4,    0.0,    0.0,   92.2,   86.0,    7.8,   14.0,  100.0,    0.0,    0.0,    0.0,    0.0,    0.0,    0.0,    0.0,    0.0,    0.0,    0.0,    0.0,    0.0,    0.0,    0.0,    0.0,     26,     16,     14,.,.,.,      0,.,      0,.,      0,      0,     20,     19,     26,     16,     14,.,.,.,      0,.,      0,.,      0,      0,     20,     19,      0,      0,      0,      0,      0,      0,      0,      0,      0,      0,      0,      0,      0,      0,    66.3,    48.5,    81.9,    71.4,    64.7,    46.4,    74.3,    65.2,    66.3,    48.5,    81.9,    71.4,    64.7,    46.4,    74.3,    65.2,     0.0,     0.0,     0.0,     0.0,     0.0,     0.0,     0.0,     0.0,"2500 mmbtu","0233AY","IFED","023 ","N13","FutOnly"
"NGPL TXOK BASIS - ICE FUTURES ENERGY DIV",260929,2026-09-29,0233B1,IFED,01,023 ,  653153,  597675,  355003,   13699,  161436,   13982,   18403,  101134,    3443,       0,    7877,    1185,  648387,  644060,    4766,    9093,  653153,  597675,  355003,   13699,  161436,   13982,   18403,  101134,    3443,       0,    7877,    1185,  648387,  644060,    4766,    9093,       0,       0,       0,       0,       0,       0,       0,       0,       0,       0,       0,       0,       0,       0,       0,       0,   12146,   14262,    1455,       0,     867,    -205,    -668,    9276,     632,   -1262,    1895,    -946,   11813,   12974,     333,    -828,  100.0,   91.5,   54.4,    2.1,   24.7,    2.1,    2.8,   15.5,    0.5,    0.0,    1.2,    0.2,   99.3,   98.6,    0.7,    1.4,  100.0,   91.5,   54.4,    2.1,   24.7,    2.1,    2.8,   15.5,    0.5,    0.0,    1.2,    0.2,   99.3,   98.6,    0.7,    1.4,  100.0,    0.0,    0.0,    0.0,    0.0,    0.0,    0.0,    0.0,    0.0,    0.0,    0.0,    0.0,    0.0,    0.0,    0.0,    0.0,     73,     43,     31,.,     10,      7,      4,      4,.,      0,      5,.,     57,     55,     73,     43,     31,.,     10,      7,      4,      4,.,      0,      5,.,     57,     55,      0,      0,      0,      0,      0,      0,      0,      0,      0,      0,      0,      0,      0,      0,    44.8,    57.8,    61.7,    72.0,    44.7,    57.4,    61.0,    70.6,    44.8,    57.8,    61.7,    72.0,    44.7,    57.4,    61.0,    70.6,     0.0,     0.0,     0.0,     0.0,     0.0,     0.0,     0.0,     0.0,"2500 mmbtu","0233B1","IFED","023 ","N13","FutOnly"
"NNG VENTURA BASIS - ICE FUTURES ENERGY DIV",260929,2026-09-29,0233BB,IFED,01,023 ,  159889,   97913,  150009,   41940,    1387,    1105,       0,    3782,       0,       0,     248,       0,  140958,  156531,   18931,    3358,  159889,   97913,  150009,   41940,    1387,    1105,       0,    3782,       0,       0,     248,       0,  140958,  156531,   18931,    3358,       0,       0,       0,       0,       0,       0,       0,       0,       0,       0,       0,       0,       0,       0,       0,       0,    2372,    -249,    1418,    1977,       0,       0,       0,     310,       0,       0,     248,       0,    1728,    1976,     644,     396,  100.0,   61.2,   93.8,   26.2,    0.9,    0.7,    0.0,    2.4,    0.0,    0.0,    0.2,    0.0,   88.2,   97.9,   11.8,    2.1,  100.0,   61.2,   93.8,   26.2,    0.9,    0.7,    0.0,    2.4,    0.0,    0.0,    0.2,    0.0,   88.2,   97.9,   11.8,    2.1,  100.0,    0.0,    0.0,    0.0,    0.0,    0.0,    0.0,    0.0,    0.0,    0.0,    0.0,    0.0,    0.0,    0.0,    0.0,    0.0,     35,     21,     17,      6,.,.,      0,.,      0,      0,.,      0,     28,     22,     35,     21,     17,      6,.,.,      0,.,      0,      0,.,      0,     28,     22,      0,      0,      0,      0,      0,      0,      0,      0,      0,      0,      0,      0,      0,      0,    42.5,    66.9,    65.3,    82.0,    37.9,    63.0,    55.0,    73.5,    42.5,    66.9,    65.3,    82.0,    37.9,    63.0,    55.0,    73.5,     0.0,     0.0,     0.0,     0.0,     0.0,     0.0,     0.0,     0.0,"2500 mmbtu","0233BB","IFED","023 ","N13","FutOnly"
"NWP Rockies Index - ICE FUTURES ENERGY DIV",260929,2026-09-29,0233BD,IFED,01,023 ,   31494,   26488,   25520,    1705,    1098,     120,     720,    1464,     750,     403,     268,      62,   30248,   29282,    1246,    2212,   31494,   26488,   25520,    1705,    1098,     120,     720,    1464,     750,     403,     268,      62,   30248,   29282,    1246,    2212,       0,       0,       0,       0,       0,       0,       0,       0,       0,       0,       0,       0,       0,       0,       0,       0,    1147,     496,     682,     403,       0,       0,       0,     465,       0,     403,     -31,      31,    1333,    1147,    -186,       0,  100.0,   84.1,   81.0,    5.4,    3.5,    0.4,    2.3,    4.6,    2.4,    1.3,    0.9,    0.2,   96.0,   93.0,    4.0,    7.0,  100.0,   84.1,   81.0,    5.4,    3.5,    0.4,    2.3,    4.6,    2.4,    1.3,    0.9,    0.2,   96.0,   93.0,    4.0,    7.0,  100.0,    0.0,    0.0,    0.0,    0.0,    0.0,    0.0,    0.0,    0.0,    0.0,    0.0,    0.0,    0.0,    0.0,    0.0,    0.0,     33,     18,     13,.,.,.,.,.,.,.,.,.,     25,     19,     33,     18,     13,.,.,.,.,.,.,.,.,.,     25,     19,      0,      0,      0,      0,      0,      0,      0,      0,      0,      0,      0,      0,      0,      0,    50.6,    57.2,    71.2,    74.3,    46.6,    55.8,    64.6,    69.7,    50.6,    57.2,    71.2,    74.3,    46.6,    55.8,    64.6,    69.7,     0.0,     0.0,     0.0,     0.0,     0.0,     0.0,     0.0,     0.0,"2500 mmbtu","0233BD","IFED","023 ","N13","FutOnly"
"ONEOK GAS TRANSPORTATION BASIS - ICE FUTURES ENERGY DIV",260929,2026-09-29,0233BF,IFED,01,023 ,   70243,   59260,    8616,    6081,   54388,    1282,       0,       0,       0,       0,     372,       0,   66623,   64658,    3620,    5585,   70243,   59260,    8616,    6081,   54388,    1282,       0,       0,       0,       0,     372,       0,   66623,   64658,    3620,    5585,       0,       0,       0,       0,       0,       0,       0,       0,       0,       0,       0,       0,       0,       0,       0,       0,    1186,    1065,     235,      60,     608,       0,       0,       0,       0,       0,     372,       0,    1125,    1215,      61,     -29,  100.0,   84.4,   12.3,    8.7,   77.4,    1.8,    0.0,    0.0,    0.0,    0.0,    0.5,    0.0,   94.8,   92.0,    5.2,    8.0,  100.0,   84.4,   12.3,    8.7,   77.4,    1.8,    0.0,    0.0,    0.0,    0.0,    0.5,    0.0,   94.8,   92.0,    5.2,    8.0,  100.0,    0.0,    0.0,    0.0,    0.0,    0.0,    0.0,    0.0,    0.0,    0.0,    0.0,    0.0,    0.0,    0.0,    0.0,    0.0,     22,      9,     10,      4,      6,.,      0,      0,      0,      0,.,      0,     13,     19,     22,      9,     10,      4,      6,.,      0,      0,      0,      0,.,      0,     13,     19,      0,      0,      0,      0,      0,      0,      0,      0,      0,      0,      0,      0,      0,      0,    72.7,    68.5,    87.5,    85.6,    70.7,    68.5,    84.4,    84.4,    72.7,    68.5,    87.5,    85.6,    70.7,    68.5,    84.4,    84.4,     0.0,     0.0,     0.0,     0.0,     0.0,     0.0,     0.0,     0.0,"2500 mmbtu","0233BF","IFED","023 ","N13","FutOnly"
"MALIN (BASIS) - ICE FUTURES ENERGY DIV",260929,2026-09-29,0233BH,IFED,01,023 ,  132623,  101086,   99296,   15508,   14733,    4973,     651,   10606,     248,       0,     217,       0,  122466,  130073,   10157,    2550,  132623,  101086,   99296,   15508,   14733,    4973,     651,   10606,     248,       0,     217,       0,  122466,  130073,   10157,    2550,       0,       0,       0,       0,       0,       0,       0,       0,       0,       0,       0,       0,       0,       0,       0,       0,    1160,     519,     919,     275,       0,     -31,       0,       0,       0,       0,     217,       0,     763,    1105,     397,      55,  100.0,   76.2,   74.9,   11.7,   11.1,    3.7,    0.5,    8.0,    0.2,    0.0,    0.2,    0.0,   92.3,   98.1,    7.7,    1.9,  100.0,   76.2,   74.9,   11.7,   11.1,    3.7,    0.5,    8.0,    0.2,    0.0,    0.2,    0.0,   92.3,   98.1,    7.7,    1.9,  100.0,    0.0,    0.0,    0.0,    0.0,    0.0,    0.0,    0.0,    0.0,    0.0,    0.0,    0.0,    0.0,    0.0,    0.0,    0.0,     30,     11,     15,      6,.,      6,.,.,.,      0,.,      0,     22,     25,     30,     11,     15,      6,.,      6,.,.,.,      0,.,      0,     22,     25,      0,      0,      0,      0,      0,      0,      0,      0,      0,      0,      0,      0,      0,      0,    67.4,    61.1,    81.0,    82.2,    60.2,    54.7,    68.3,    71.1,    67.4,    61.1,    81.0,    82.2,    60.2,    54.7,    68.3,    71.1,     0.0,     0.0,     0.0,     0.0,     0.0,     0.0,     0.0,     0.0,"2500 mmbtu","0233BH","IFED","023 ","N13","FutOnly"
"PANHANDLE BASIS - ICE FUTURES ENERGY DIV",260929,2026-09-29,0233BL,IFED,01,023 ,  188777,  137375,   59367,    9055,  107101,   10197,   13044,       0,    2082,    1725,     633,    1816,  175294,  181196,   13483,    7581,  188777,  137375,   59367,    9055,  107101,   10197,   13044,       0,    2082,    1725,     633,    1816,  175294,  181196,   13483,    7581,       0,       0,       0,       0,       0,       0,       0,       0,       0,       0,       0,       0,       0,       0,       0,       0,   -1754,   -2532,    -613,     180,     385,    -123,     709,       0,     -62,     283,     633,     465,   -1080,     685,    -674,   -2439,  100.0,   72.8,   31.4,    4.8,   56.7,    5.4,    6.9,    0.0,    1.1,    0.9,    0.3,    1.0,   92.9,   96.0,    7.1,    4.0,  100.0,   72.8,   31.4,    4.8,   56.7,    5.4,    6.9,    0.0,    1.1,    0.9,    0.3,    1.0,   92.9,   96.0,    7.1,    4.0,  100.0,    0.0,    0.0,    0.0,    0.0,    0.0,    0.0,    0.0,    0.0,    0.0,    0.0,    0.0,    0.0,    0.0,    0.0,    0.0,     51,     26,     24,.,      9,      9,      4,      0,.,.,.,.,     43,     42,     51,     26,     24,.,      9,      9,      4,      0,.,.,.,.,     43,     42,      0,      0,      0,      0,      0,      0,      0,      0,      0,      0,      0,      0,      0,      0,    41.6,    45.4,    55.8,    66.3,    38.0,    43.4,    49.3,    58.5,    41.6,    45.4,    55.8,    66.3,    38.0,    43.4,    49.3,    58.5,     0.0,     0.0,     0.0,     0.0,     0.0,     0.0,     0.0,     0.0,"2500 mmbtu","0233BL","IFED","023 ","N13","FutOnly"
"PG&E - CITYGATE (INDEX) - ICE FUTURES ENERGY DIV",260929,2026-09-29,0233BQ,IFED,01,023 ,   35779,   29197,   30478,     241,       0,       0,     631,    1039,    1080,       0,    2030,       0,   31149,   34627,    4630,    1152,   35779,   29197,   30478,     241,       0,       0,     631,    1039,    1080,       0,    2030,       0,   31149,   34627,    4630,    1152,       0,       0,       0,       0,       0,       0,       0,       0,       0,       0,       0,       0,       0,       0,       0,       0,    4261,    4230,    3114,      31,       0,       0,       0,     961,       0,       0,     186,       0,    4261,    4261,       0,       0,  100.0,   81.6,   85.2,    0.7,    0.0,    0.0,    1.8,    2.9,    3.0,    0.0,    5.7,    0.0,   87.1,   96.8,   12.9,    3.2,  100.0,   81.6,   85.2,    0.7,    0.0,    0.0,    1.8,    2.9,    3.0,    0.0,    5.7,    0.0,   87.1,   96.8,   12.9,    3.2,  100.0,    0.0,    0.0,    0.0,    0.0,    0.0,    0.0,    0.0,    0.0,    0.0,    0.0,    0.0,    0.0,    0.0,    0.0,    0.0,     25,     12,      7,.,      0,      0,.,.,.,      0,.,      0,     16,     14,     25,     12,      7,.,      0,      0,.,.,.,      0,.,      0,     16,     14,      0,      0,      0,      0,      0,      0,      0,      0,      0,      0,      0,      0,      0,      0,    65.5,    74.1,    77.3,    91.0,    63.2,    72.4,    72.3,    84.9,    65.5,    74.1,    77.3,    91.0,    63.2,    72.4,    72.3,    84.9,     0.0,     0.0,     0.0,     0.0,     0.0,     0.0,     0.0,     0.0,"2500 mmbtu","0233BQ","IFED","023 ","N13","FutOnly"
"SOCAL (INDEX) - ICE FUTURES ENERGY DIV",260929,2026-09-29,0233BW,IFED,01,023 ,   16967,   10358,   12616,    1210,     277,    1600,     613,     790,     990,     692,       0,      31,   15494,   16304,    1473,     663,   16967,   10358,   12616,    1210,     277,    1600,     613,     790,     990,     692,       0,      31,   15494,   16304,    1473,     663,       0,       0,       0,       0,       0,       0,       0,       0,       0,       0,       0,       0,       0,       0,       0,       0,     209,    -412,     530,    -643,     -31,     643,     403,   -1054,       0,     -62,       0,      31,     -40,     119,     249,      90,  100.0,   61.0,   74.4,    7.1,    1.6,    9.4,    3.6,    4.7,    5.8,    4.1,    0.0,    0.2,   91.3,   96.1,    8.7,    3.9,  100.0,   61.0,   74.4,    7.1,    1.6,    9.4,    3.6,    4.7,    5.8,    4.1,    0.0,    0.2,   91.3,   96.1,    8.7,    3.9,  100.0,    0.0,    0.0,    0.0,    0.0,    0.0,    0.0,    0.0,    0.0,    0.0,    0.0,    0.0,    0.0,    0.0,    0.0,    0.0,     27,     13,     10,.,.,.,.,.,.,.,      0,.,     20,     16,     27,     13,     10,.,.,.,.,.,.,.,      0,.,     20,     16,      0,      0,      0,      0,      0,      0,      0,      0,      0,      0,      0,      0,      0,      0,    44.7,    66.1,    67.7,    81.6,    38.8,    53.1,    50.9,    63.0,    44.7,    66.1,    67.7,    81.6,    38.8,    53.1,    50.9,    63.0,     0.0,     0.0,     0.0,     0.0,     0.0,     0.0,     0.0,     0.0,"2500 mmbtu","0233BW","IFED","023 ","N13","FutOnly"
"SONAT - TIER 1 POOL (ZONE 0) - ICE FUTURES ENERGY DIV",260929,2026-09-29,0233C1,IFED,01,023 ,   82904,   60130,   66580,     884,    4282,    5776,    5703,       0,     459,       0,       0,       0,   72952,   77097,    9952,    5807,   82904,   60130,   66580,     884,    4282,    5776,    5703,       0,     459,       0,       0,       0,   72952,   77097,    9952,    5807,       0,       0,       0,       0,       0,       0,       0,       0,       0,       0,       0,       0,       0,       0,       0,       0,     662,     419,     507,      10,      72,      83,       0,       0,       0,       0,       0,       0,     512,     662,     150,       0,  100.0,   72.5,   80.3,    1.1,    5.2,    7.0,    6.9,    0.0,    0.6,    0.0,    0.0,    0.0,   88.0,   93.0,   12.0,    7.0,  100.0,   72.5,   80.3,    1.1,    5.2,    7.0,    6.9,    0.0,    0.6,    0.0,    0.0,    0.0,   88.0,   93.0,   12.0,    7.0,  100.0,    0.0,    0.0,    0.0,    0.0,    0.0,    0.0,    0.0,    0.0,    0.0,    0.0,    0.0,    0.0,    0.0,    0.0,    0.0,     30,     13,     18,.,.,.,.,      0,.,      0,      0,      0,     19,     23,     30,     13,     18,.,.,.,.,      0,.,      0,      0,      0,     19,     23,      0,      0,      0,      0,      0,      0,      0,      0,      0,      0,      0,      0,      0,      0,    56.1,    55.1,    74.2,    70.3,    46.4,    48.9,    63.9,    61.1,    56.1,    55.1,    74.2,    70.3,    46.4,    48.9,    63.9,    61.1,     0.0,     0.0,     0.0,     0.0,     0.0,     0.0,     0.0,     0.0,"2500 mmbtu","0233C1","IFED","023 ","N13","FutOnly"
"TETCO WLA BASIS - ICE FUTURES ENERGY DIV",260929,2026-09-29,0233CC,IFED,01,023 ,  119445,   97721,   74512,   14744,   10544,    3403,       0,   27841,       0,       0,       0,       0,  115868,  116300,    3577,    3145,  119445,   97721,   74512,   14744,   10544,    3403,       0,   27841,       0,       0,       0,       0,  115868,  116300,    3577,    3145,       0,       0,       0,       0,       0,       0,       0,       0,       0,       0,       0,       0,       0,       0,       0,       0,     159,    1564,    2314,     389,     710,   -1794,       0,   -1071,       0,       0,       0,       0,     159,     159,       0,       0,  100.0,   81.8,   62.4,   12.3,    8.8,    2.8,    0.0,   23.3,    0.0,    0.0,    0.0,    0.0,   97.0,   97.4,    3.0,    2.6,  100.0,   81.8,   62.4,   12.3,    8.8,    2.8,    0.0,   23.3,    0.0,    0.0,    0.0,    0.0,   97.0,   97.4,    3.0,    2.6,  100.0,    0.0,    0.0,    0.0,    0.0,    0.0,    0.0,    0.0,    0.0,    0.0,    0.0,    0.0,    0.0,    0.0,    0.0,    0.0,     38,     19,     17,      4,.,      4,      0,.,      0,      0,      0,      0,     25,     25,     38,     19,     17,      4,.,      4,      0,.,      0,      0,      0,      0,     25,     25,      0,      0,      0,      0,      0,      0,      0,      0,      0,      0,      0,      0,      0,      0,    50.6,    60.1,    72.7,    79.6,    50.6,    56.3,    72.1,    74.2,    50.6,    60.1,    72.7,    79.6,    50.6,    56.3,    72.1,    74.2,     0.0,     0.0,     0.0,     0.0,     0.0,     0.0,     0.0,     0.0,"mmbtu","0233CC","IFED","023 ","N13","FutOnly"
"TETCO M3 INDEX - ICE FUTURES ENERGY DIV",260929,2026-09-29,0233CG,IFED,01,023 ,   67839,   36894,   57127,   23600,       0,    5312,    1048,    1698,       0,     585,    2308,       0,   67439,   66445,     400,    1394,   67839,   36894,   57127,   23600,       0,    5312,    1048,    1698,       0,     585,    2308,       0,   67439,   66445,     400,    1394,       0,       0,       0,       0,       0,       0,       0,       0,       0,       0,       0,       0,       0,       0,       0,       0,    2232,    1798,    1421,     579,       0,       0,     403,    1023,       0,      62,       0,       0,    2842,    2444,    -610,    -212,  100.0,   54.4,   84.2,   34.8,    0.0,    7.8,    1.5,    2.5,    0.0,    0.9,    3.4,    0.0,   99.4,   97.9,    0.6,    2.1,  100.0,   54.4,   84.2,   34.8,    0.0,    7.8,    1.5,    2.5,    0.0,    0.9,    3.4,    0.0,   99.4,   97.9,    0.6,    2.1,  100.0,    0.0,    0.0,    0.0,    0.0,    0.0,    0.0,    0.0,    0.0,    0.0,    0.0,    0.0,    0.0,    0.0,    0.0,    0.0,     32,      9,     15,      5,      0,.,.,.,      0,.,.,      0,     18,     20,     32,      9,     15,      5,      0,.,.,.,      0,.,.,      0,     18,     20,      0,      0,      0,      0,      0,      0,      0,      0,      0,      0,      0,      0,      0,      0,    64.5,    61.5,    90.4,    79.3,    64.5,    50.5,    75.0,    67.2,    64.5,    61.5,    90.4,    79.3,    64.5,    50.5,    75.0,    67.2,     0.0,     0.0,     0.0,     0.0,     0.0,     0.0,     0.0,     0.0,"2500 mmbtu","0233CG","IFED","023 ","N13","FutOnly"
"TETCO M3 BASIS - ICE FUTURES ENERGY DIV",260929,2026-09-29,0233CH,IFED,01,023 ,  175103,  102320,  126322,   38135,   18772,    9115,    3744,    7981,    5189,    7160,    2682,     283,  165946,  170344,    9157,    4759,  175103,  102320,  126322,   38135,   18772,    9115,    3744,    7981,    5189,    7160,    2682,     283,  165946,  170344,    9157,    4759,       0,       0,       0,       0,       0,       0,       0,       0,       0,       0,       0,       0,       0,       0,       0,       0,    1261,     173,    -688,     559,     -50,     295,     278,    -121,     -39,    -362,    1394,     175,    1079,     966,     182,     295,  100.0,   58.4,   72.1,   21.8,   10.7,    5.2,    2.1,    4.6,    3.0,    4.1,    1.5,    0.2,   94.8,   97.3,    5.2,    2.7,  100.0,   58.4,   72.1,   21.8,   10.7,    5.2,    2.1,    4.6,    3.0,    4.1,    1.5,    0.2,   94.8,   97.3,    5.2,    2.7,  100.0,    0.0,    0.0,    0.0,    0.0,    0.0,    0.0,    0.0,    0.0,    0.0,    0.0,    0.0,    0.0,    0.0,    0.0,    0.0,     52,     20,     21,      6,      6,      8,.,      5,      5,.,.,.,     37,     42,     52,     20,     21,      6,      6,      8,.,      5,      5,.,.,.,     37,     42,      0,      0,      0,      0,      0,      0,      0,      0,      0,      0,      0,      0,      0,      0,    41.3,    37.6,    64.0,    54.1,    38.9,    37.6,    59.5,    52.0,    41.3,    37.6,    64.0,    54.1,    38.9,    37.6,    59.5,    52.0,     0.0,     0.0,     0.0,     0.0,     0.0,     0.0,     0.0,     0.0,"2500 mm btu","0233CH","IFED","023 ","N13","FutOnly"
"TGT ZONE 1 BASIS - ICE FUTURES ENERGY DIV",260929,2026-09-29,0233CM,IFED,01,023 ,  231832,  198635,  140380,   14331,   66751,   11576,    2953,       0,     217,       0,       0,       0,  227712,  218924,    4120,   12908,  231832,  198635,  140380,   14331,   66751,   11576,    2953,       0,     217,       0,       0,       0,  227712,  218924,    4120,   12908,       0,       0,       0,       0,       0,       0,       0,       0,       0,       0,       0,       0,       0,       0,       0,       0,    1056,    1772,    1477,    1280,     426,    -882,   -1023,       0,      93,       0,       0,       0,    1240,    1114,    -184,     -58,  100.0,   85.7,   60.6,    6.2,   28.8,    5.0,    1.3,    0.0,    0.1,    0.0,    0.0,    0.0,   98.2,   94.4,    1.8,    5.6,  100.0,   85.7,   60.6,    6.2,   28.8,    5.0,    1.3,    0.0,    0.1,    0.0,    0.0,    0.0,   98.2,   94.4,    1.8,    5.6,  100.0,    0.0,    0.0,    0.0,    0.0,    0.0,    0.0,    0.0,    0.0,    0.0,    0.0,    0.0,    0.0,    0.0,    0.0,    0.0,     41,     27,     20,.,      5,      6,.,      0,.,      0,      0,      0,     34,     29,     41,     27,     20,.,      5,      6,.,      0,.,      0,      0,      0,     34,     29,      0,      0,      0,      0,      0,      0,      0,      0,      0,      0,      0,      0,      0,      0,    42.2,    57.5,    71.8,    78.0,    41.7,    56.5,    66.8,    74.1,    42.2,    57.5,    71.8,    78.0,    41.7,    56.5,    66.8,    74.1,     0.0,     0.0,     0.0,     0.0,     0.0,     0.0,     0.0,     0.0,"2500 MMBtus","0233CM","IFED","023 ","N13","FutOnly"
"TRANSCO STN 85 MONTHLY INDEX - ICE FUTURES ENERGY DIV",260929,2026-09-29,0233CS,IFED,01,023 ,   66119,   37067,   48554,    5558,    3425,     690,   20603,    4616,     248,     210,    6944,     151,   64527,   64628,    1592,    1491,   66119,   37067,   48554,    5558,    3425,     690,   20603,    4616,     248,     210,    6944,     151,   64527,   64628,    1592,    1491,       0,       0,       0,       0,       0,       0,       0,       0,       0,       0,       0,       0,       0,       0,       0,       0,    3100,     587,    3348,     450,    -949,     480,    1392,    -248,     248,    -310,     -93,      31,    2878,    2817,     222,     283,  100.0,   56.1,   73.4,    8.4,    5.2,    1.0,   31.2,    7.0,    0.4,    0.3,   10.5,    0.2,   97.6,   97.7,    2.4,    2.3,  100.0,   56.1,   73.4,    8.4,    5.2,    1.0,   31.2,    7.0,    0.4,    0.3,   10.5,    0.2,   97.6,   97.7,    2.4,    2.3,  100.0,    0.0,    0.0,    0.0,    0.0,    0.0,    0.0,    0.0,    0.0,    0.0,    0.0,    0.0,    0.0,    0.0,    0.0,    0.0,     48,     17,     22,.,.,.,      5,      4,.,.,.,.,     30,     33,     48,     17,     22,.,.,.,      5,      4,.,.,.,.,     30,     33,      0,      0,      0,      0,      0,      0,      0,      0,      0,      0,      0,      0,      0,      0,    47.9,    55.3,    72.3,    72.6,    47.0,    47.0,    67.5,    62.5,    47.9,    55.3,    72.3,    72.6,    47.0,    47.0,    67.5,    62.5,     0.0,     0.0,     0.0,     0.0,     0.0,     0.0,     0.0,     0.0,"mmbtu","0233CS","IFED","023 ","N13","FutOnly"
"TRANSCO ZONE 6 BASIS - ICE FUTURES ENERGY DIV",260929,2026-09-29,0233CU,IFED,01,023 ,  263641,  145356,  182740,   89371,   41778,    8256,    7103,   12778,    3494,     310,    8270,    1614,  255504,  258930,    8137,    4711,  263641,  145356,  182740,   89371,   41778,    8256,    7103,   12778,    3494,     310,    8270,    1614,  255504,  258930,    8137,    4711,       0,       0,       0,       0,       0,       0,       0,       0,       0,       0,       0,       0,       0,       0,       0,       0,    1236,     594,    1069,    -699,      97,     -31,     897,     643,    -397,     310,    -560,     206,     880,    1027,     356,     209,  100.0,   55.1,   69.3,   33.9,   15.8,    3.1,    2.7,    4.8,    1.3,    0.1,    3.1,    0.6,   96.9,   98.2,    3.1,    1.8,  100.0,   55.1,   69.3,   33.9,   15.8,    3.1,    2.7,    4.8,    1.3,    0.1,    3.1,    0.6,   96.9,   98.2,    3.1,    1.8,  100.0,    0.0,    0.0,    0.0,    0.0,    0.0,    0.0,    0.0,    0.0,    0.0,    0.0,    0.0,    0.0,    0.0,    0.0,    0.0,     56,     27,     25,      5,      6,      6,.,      4,      4,.,.,.,     43,     44,     56,     27,     25,      5,      6,      6,.,      4,      4,.,.,.,     43,     44,      0,      0,      0,      0,      0,      0,      0,      0,      0,      0,      0,      0,      0,      0,    40.4,    51.4,    61.4,    66.5,    38.9,    50.8,    58.6,    64.0,    40.4,    51.4,    61.4,    66.5,    38.9,    50.8,    58.6,    64.0,     0.0,     0.0,     0.0,     0.0,     0.0,     0.0,     0.0,     0.0,"mmbtu","0233CU","IFED","023 ","N13","FutOnly"
"TRANSCO ZONE 6 MONTHLY INDEX - ICE FUTURES ENERGY DIV",260929,2026-09-29,0233CV,IFED,01,023 ,  123502,   38063,  108333,   76967,     588,    3415,       0,    1299,       0,     465,    3700,       0,  118910,  117335,    4592,    6167,  123502,   38063,  108333,   76967,     588,    3415,       0,    1299,       0,     465,    3700,       0,  118910,  117335,    4592,    6167,       0,       0,       0,       0,       0,       0,       0,       0,       0,       0,       0,       0,       0,       0,       0,       0,    2748,     429,    2252,    2002,     217,       0,       0,     279,       0,     465,       0,       0,    2896,    2748,    -148,       0,  100.0,   30.8,   87.7,   62.3,    0.5,    2.8,    0.0,    1.1,    0.0,    0.4,    3.0,    0.0,   96.3,   95.0,    3.7,    5.0,  100.0,   30.8,   87.7,   62.3,    0.5,    2.8,    0.0,    1.1,    0.0,    0.4,    3.0,    0.0,   96.3,   95.0,    3.7,    5.0,  100.0,    0.0,    0.0,    0.0,    0.0,    0.0,    0.0,    0.0,    0.0,    0.0,    0.0,    0.0,    0.0,    0.0,    0.0,    0.0,     31,      9,     15,      6,.,.,      0,.,      0,.,.,      0,     17,     19,     31,      9,     15,      6,.,.,      0,.,      0,.,.,      0,     17,     19,      0,      0,      0,      0,      0,      0,      0,      0,      0,      0,      0,      0,      0,      0,    78.7,    66.5,    91.8,    82.9,    78.1,    66.5,    89.2,    82.3,    78.7,    66.5,    91.8,    82.9,    78.1,    66.5,    89.2,    82.3,     0.0,     0.0,     0.0,     0.0,     0.0,     0.0,     0.0,     0.0,"mmbtu","0233CV","IFED","023 ","N13","FutOnly"
"TRANSCO STATION 85-ZONE 4 BASI - ICE FUTURES ENERGY DIV",260929,2026-09-29,0233CW,IFED,01,023 ,  310933,  178235,  242680,   29502,   19261,   18483,   60961,    9796,   12656,    1457,    4784,    1842,  303136,  309502,    7797,    1431,  310933,  178235,  242680,   29502,   19261,   18483,   60961,    9796,   12656,    1457,    4784,    1842,  303136,  309502,    7797,    1431,       0,       0,       0,       0,       0,       0,       0,       0,       0,       0,       0,       0,       0,       0,       0,       0,   12768,    2612,   11225,   -1939,    1509,     255,   10406,     539,    1188,    1330,    -148,    -866,   12986,   13702,    -218,    -934,  100.0,   57.3,   78.0,    9.5,    6.2,    5.9,   19.6,    3.2,    4.1,    0.5,    1.5,    0.6,   97.5,   99.5,    2.5,    0.5,  100.0,   57.3,   78.0,    9.5,    6.2,    5.9,   19.6,    3.2,    4.1,    0.5,    1.5,    0.6,   97.5,   99.5,    2.5,    0.5,  100.0,    0.0,    0.0,    0.0,    0.0,    0.0,    0.0,    0.0,    0.0,    0.0,    0.0,    0.0,    0.0,    0.0,    0.0,    0.0,     74,     31,     38,      7,      4,      7,      9,.,      7,.,.,      4,     56,     59,     74,     31,     38,      7,      4,      7,      9,.,      7,.,.,      4,     56,     59,      0,      0,      0,      0,      0,      0,      0,      0,      0,      0,      0,      0,      0,      0,    38.1,    37.9,    54.5,    53.8,    32.9,    29.2,    44.5,    43.8,    38.1,    37.9,    54.5,    53.8,    32.9,    29.2,    44.5,    43.8,     0.0,     0.0,     0.0,     0.0,     0.0,     0.0,     0.0,     0.0,"2500 mm btu","0233CW","IFED","023 ","N13","FutOnly"
"WAHA INDEX  - ICE FUTURES ENERGY DIV",260929,2026-09-29,0233D4,IFED,01,023 ,  110173,  101499,   78339,    2943,   18929,     894,    1716,       0,    2220,       0,    7234,     210,  109482,  107826,     691,    2347,  110173,  101499,   78339,    2943,   18929,     894,    1716,       0,    2220,       0,    7234,     210,  109482,  107826,     691,    2347,       0,       0,       0,       0,       0,       0,       0,       0,       0,       0,       0,       0,       0,       0,       0,       0,   12562,   11721,    8787,      93,    1142,     801,   -1767,       0,    1860,    -210,    1301,     210,   12708,   14101,    -146,   -1539,  100.0,   92.1,   71.1,    2.7,   17.2,    0.8,    1.6,    0.0,    2.0,    0.0,    6.6,    0.2,   99.4,   97.9,    0.6,    2.1,  100.0,   92.1,   71.1,    2.7,   17.2,    0.8,    1.6,    0.0,    2.0,    0.0,    6.6,    0.2,   99.4,   97.9,    0.6,    2.1,  100.0,    0.0,    0.0,    0.0,    0.0,    0.0,    0.0,    0.0,    0.0,    0.0,    0.0,    0.0,    0.0,    0.0,    0.0,    0.0,     52,     26,     20,      4,      7,.,.,      0,.,      0,      4,.,     36,     33,     52,     26,     20,      4,      7,.,.,      0,.,      0,      4,.,     36,     33,      0,      0,      0,      0,      0,      0,      0,      0,      0,      0,      0,      0,      0,      0,    54.7,    51.2,    74.2,    69.8,    52.9,    48.3,    69.0,    63.4,    54.7,    51.2,    74.2,    69.8,    52.9,    48.3,    69.0,    63.4,     0.0,     0.0,     0.0,     0.0,     0.0,     0.0,     0.0,     0.0,"2500 mm btu","0233D4","IFED","023 ","N13","FutOnly"
"TGT ZONE 1 INDEX DIFF - ICE FUTURES ENERGY DIV",260929,2026-09-29,0233DC,IFED,01,023 ,   15192,   10017,   13370,     280,       0,      30,    4287,       0,       0,       0,       0,       0,   14614,   13400,     578,    1792,   15192,   10017,   13370,     280,       0,      30,    4287,       0,       0,       0,       0,       0,   14614,   13400,     578,    1792,       0,       0,       0,       0,       0,       0,       0,       0,       0,       0,       0,       0,       0,       0,       0,       0,      62,     310,     118,     280,    -247,      30,    -806,       0,       0,       0,       0,       0,    -186,     -99,     248,     161,  100.0,   65.9,   88.0,    1.8,    0.0,    0.2,   28.2,    0.0,    0.0,    0.0,    0.0,    0.0,   96.2,   88.2,    3.8,   11.8,  100.0,   65.9,   88.0,    1.8,    0.0,    0.2,   28.2,    0.0,    0.0,    0.0,    0.0,    0.0,   96.2,   88.2,    3.8,   11.8,  100.0,    0.0,    0.0,    0.0,    0.0,    0.0,    0.0,    0.0,    0.0,    0.0,    0.0,    0.0,    0.0,    0.0,    0.0,    0.0,     21,      9,     12,.,      0,.,.,      0,      0,      0,      0,      0,     11,     13,     21,      9,     12,.,      0,.,.,      0,      0,      0,      0,      0,     11,     13,      0,      0,      0,      0,      0,      0,      0,      0,      0,      0,      0,      0,      0,      0,    72.8,    64.5,    91.8,    80.2,    72.8,    60.6,    89.9,    76.3,    72.8,    64.5,    91.8,    80.2,    72.8,    60.6,    89.9,    76.3,     0.0,     0.0,     0.0,     0.0,     0.0,     0.0,     0.0,     0.0,"Any Multiple of 2,500","0233DC","IFED","023 ","N13","FutOnly"
"TETCO M2 Basis (Receipts) - ICE FUTURES ENERGY DIV",260929,2026-09-29,0233DR,IFED,01,023 ,  579787,  507789,   25681,    9674,  530250,   13448,   35949,    2443,    1339,    2449,     729,    2541,  573189,  576431,    6598,    3356,  579787,  507789,   25681,    9674,  530250,   13448,   35949,    2443,    1339,    2449,     729,    2541,  573189,  576431,    6598,    3356,       0,       0,       0,       0,       0,       0,       0,       0,       0,       0,       0,       0,       0,       0,       0,       0,    6815,    6306,    2108,      76,    4688,     219,    1434,     124,    -549,    -973,     312,     430,    6943,    7332,    -128,    -517,  100.0,   87.6,    4.4,    1.7,   91.5,    2.3,    6.2,    0.4,    0.2,    0.4,    0.1,    0.4,   98.9,   99.4,    1.1,    0.6,  100.0,   87.6,    4.4,    1.7,   91.5,    2.3,    6.2,    0.4,    0.2,    0.4,    0.1,    0.4,   98.9,   99.4,    1.1,    0.6,  100.0,    0.0,    0.0,    0.0,    0.0,    0.0,    0.0,    0.0,    0.0,    0.0,    0.0,    0.0,    0.0,    0.0,    0.0,    0.0,     63,     37,     12,.,     16,      6,.,.,.,.,.,.,     47,     34,     63,     37,     12,.,     16,      6,.,.,.,.,.,.,     47,     34,      0,      0,      0,      0,      0,      0,      0,      0,      0,      0,      0,      0,      0,      0,    43.8,    48.5,    61.9,    72.4,    43.8,    48.2,    61.3,    71.5,    43.8,    48.5,    61.9,    72.4,    43.8,    48.2,    61.3,    71.5,     0.0,     0.0,     0.0,     0.0,     0.0,     0.0,     0.0,     0.0,"2500 MM Btus","0233DR","IFED","023 ","N13","FutOnly"
"TRANSCO LEIDY BASIS - ICE FUTURES ENERGY DIV",260929,2026-09-29,0233DT,IFED,01,023 ,  135014,   84085,   63861,   18264,   52645,   12412,    9475,       0,       0,    5396,    2385,     490,  130122,  131793,    4892,    3221,  135014,   84085,   63861,   18264,   52645,   12412,    9475,       0,       0,    5396,    2385,     490,  130122,  131793,    4892,    3221,       0,       0,       0,       0,       0,       0,       0,       0,       0,       0,       0,       0,       0,       0,       0,       0,     876,     965,    1378,       1,      62,       0,     -90,       0,       0,       0,    -564,       0,     876,     876,       0,       0,  100.0,   62.3,   47.3,   13.5,   39.0,    9.2,    7.0,    0.0,    0.0,    4.0,    1.8,    0.4,   96.4,   97.6,    3.6,    2.4,  100.0,   62.3,   47.3,   13.5,   39.0,    9.2,    7.0,    0.0,    0.0,    4.0,    1.8,    0.4,   96.4,   97.6,    3.6,    2.4,  100.0,    0.0,    0.0,    0.0,    0.0,    0.0,    0.0,    0.0,    0.0,    0.0,    0.0,    0.0,    0.0,    0.0,    0.0,    0.0,     41,     20,     11,.,     10,      8,.,      0,      0,.,.,.,     33,     26,     41,     20,     11,.,     10,      8,.,      0,      0,.,.,.,     33,     26,      0,      0,      0,      0,      0,      0,      0,      0,      0,      0,      0,      0,      0,      0,    42.3,    39.0,    61.1,    64.7,    42.1,    37.6,    60.2,    61.0,    42.3,    39.0,    61.1,    64.7,    42.1,    37.6,    60.2,    61.0,     0.0,     0.0,     0.0,     0.0,     0.0,     0.0,     0.0,     0.0,"(Contracts of 2,500  MMBTU'S)","0233DT","IFED","023 ","N13","FutOnly"
"TETCO M2 Index (Receipts) - ICE FUTURES ENERGY DIV",260929,2026-09-29,0233DW,IFED,01,023 ,   35326,   27522,   28744,    4280,    3986,       0,    1244,       0,     120,    1239,    1510,       0,   34405,   34360,     921,     966,   35326,   27522,   28744,    4280,    3986,       0,    1244,       0,     120,    1239,    1510,       0,   34405,   34360,     921,     966,       0,       0,       0,       0,       0,       0,       0,       0,       0,       0,       0,       0,       0,       0,       0,       0,     124,    -341,     469,       0,      31,       0,       0,       0,       0,     341,       0,    -310,    -310,     190,     434,     -66,  100.0,   77.9,   81.4,   12.1,   11.3,    0.0,    3.5,    0.0,    0.3,    3.5,    4.3,    0.0,   97.4,   97.3,    2.6,    2.7,  100.0,   77.9,   81.4,   12.1,   11.3,    0.0,    3.5,    0.0,    0.3,    3.5,    4.3,    0.0,   97.4,   97.3,    2.6,    2.7,  100.0,    0.0,    0.0,    0.0,    0.0,    0.0,    0.0,    0.0,    0.0,    0.0,    0.0,    0.0,    0.0,    0.0,    0.0,    0.0,     32,     13,     18,.,.,      0,.,      0,.,.,.,      0,     17,     22,     32,     13,     18,.,.,      0,.,      0,.,.,.,      0,     17,     22,      0,      0,      0,      0,      0,      0,      0,      0,      0,      0,      0,      0,      0,      0,    60.6,    47.4,    81.3,    74.3,    60.6,    47.4,    80.4,    74.3,    60.6,    47.4,    81.3,    74.3,    60.6,    47.4,    80.4,    74.3,     0.0,     0.0,     0.0,     0.0,     0.0,     0.0,     0.0,     0.0,"2500 MM Btus","0233DW","IFED","023 ","N13","FutOnly"
"REX ZONE 3 BASIS - ICE FUTURES ENERGY DIV",260929,2026-09-29,0233EB,IFED,01,023 ,  317246,  217970,  150016,   22162,  110308,    7295,   54159,   20787,    6543,       0,   11829,    3738,  311867,  310516,    5379,    6730,  317246,  217970,  150016,   22162,  110308,    7295,   54159,   20787,    6543,       0,   11829,    3738,  311867,  310516,    5379,    6730,       0,       0,       0,       0,       0,       0,       0,       0,       0,       0,       0,       0,       0,       0,       0,       0,    4840,    2856,    3074,     916,    -998,     615,     259,     847,     369,       0,     921,    -133,    4882,    4695,     -42,     145,  100.0,   68.7,   47.3,    7.0,   34.8,    2.3,   17.1,    6.6,    2.1,    0.0,    3.7,    1.2,   98.3,   97.9,    1.7,    2.1,  100.0,   68.7,   47.3,    7.0,   34.8,    2.3,   17.1,    6.6,    2.1,    0.0,    3.7,    1.2,   98.3,   97.9,    1.7,    2.1,  100.0,    0.0,    0.0,    0.0,    0.0,    0.0,    0.0,    0.0,    0.0,    0.0,    0.0,    0.0,    0.0,    0.0,    0.0,    0.0,     71,     33,     28,.,     13,.,.,      5,      4,      0,      5,.,     44,     55,     71,     33,     28,.,     13,.,.,      5,      4,      0,      5,.,     44,     55,      0,      0,      0,      0,      0,      0,      0,      0,      0,      0,      0,      0,      0,      0,    38.9,    28.1,    57.0,    45.3,    35.2,    26.3,    51.7,    43.3,    38.9,    28.1,    57.0,    45.3,    35.2,    26.3,    51.7,    43.3,     0.0,     0.0,     0.0,     0.0,     0.0,     0.0,     0.0,     0.0,"2500 MMBtus","0233EB","IFED","023 ","N13","FutOnly"
"REX ZONE 3 INDEX - ICE FUTURES ENERGY DIV",260929,2026-09-29,0233ED,IFED,01,023 ,   75883,   36090,   66916,   29039,    1586,     420,    8111,    2695,     868,     600,    2495,       0,   75128,   74980,     755,     903,   75883,   36090,   66916,   29039,    1586,     420,    8111,    2695,     868,     600,    2495,       0,   75128,   74980,     755,     903,       0,       0,       0,       0,       0,       0,       0,       0,       0,       0,       0,       0,       0,       0,       0,       0,    5911,    3429,    3912,    1863,       0,       0,     335,    1873,     465,       0,    -264,       0,    6092,    5986,    -181,     -75,  100.0,   47.6,   88.2,   38.3,    2.1,    0.6,   10.7,    3.6,    1.1,    0.8,    3.3,    0.0,   99.0,   98.8,    1.0,    1.2,  100.0,   47.6,   88.2,   38.3,    2.1,    0.6,   10.7,    3.6,    1.1,    0.8,    3.3,    0.0,   99.0,   98.8,    1.0,    1.2,  100.0,    0.0,    0.0,    0.0,    0.0,    0.0,    0.0,    0.0,    0.0,    0.0,    0.0,    0.0,    0.0,    0.0,    0.0,    0.0,     37,     18,     19,.,.,.,.,.,.,.,.,      0,     23,     25,     37,     18,     19,.,.,.,.,.,.,.,.,      0,     23,     25,      0,      0,      0,      0,      0,      0,      0,      0,      0,      0,      0,      0,      0,      0,    60.3,    51.1,    81.6,    74.6,    59.7,    38.2,    70.1,    59.7,    60.3,    51.1,    81.6,    74.6,    59.7,    38.2,    70.1,    59.7,     0.0,     0.0,     0.0,     0.0,     0.0,     0.0,     0.0,     0.0,"2500 MMBtus","0233ED","IFED","023 ","N13","FutOnly"
"NAT GAS TETCO-WLA INDEX - ICE FUTURES ENERGY DIV",260929,2026-09-29,0233EP,IFED,01,023 ,   21282,   18689,    4725,    1564,       0,       0,       0,   15680,       0,     390,       0,       0,   20643,   20405,     639,     877,   21282,   18689,    4725,    1564,       0,       0,       0,   15680,       0,     390,       0,       0,   20643,   20405,     639,     877,       0,       0,       0,       0,       0,       0,       0,       0,       0,       0,       0,       0,       0,       0,       0,       0,    -527,    -682,    -356,       0,       0,       0,       0,    -868,       0,       0,       0,       0,    -682,   -1224,     155,     697,  100.0,   87.8,   22.2,    7.3,    0.0,    0.0,    0.0,   73.7,    0.0,    1.8,    0.0,    0.0,   97.0,   95.9,    3.0,    4.1,  100.0,   87.8,   22.2,    7.3,    0.0,    0.0,    0.0,   73.7,    0.0,    1.8,    0.0,    0.0,   97.0,   95.9,    3.0,    4.1,  100.0,    0.0,    0.0,    0.0,    0.0,    0.0,    0.0,    0.0,    0.0,    0.0,    0.0,    0.0,    0.0,    0.0,    0.0,    0.0,     23,     12,      6,.,      0,      0,      0,.,      0,.,      0,      0,     15,      9,     23,     12,      6,.,      0,      0,      0,.,      0,.,      0,      0,     15,      9,      0,      0,      0,      0,      0,      0,      0,      0,      0,      0,      0,      0,      0,      0,    56.8,    84.8,    78.4,    94.8,    55.1,    82.0,    74.6,    90.2,    56.8,    84.8,    78.4,    94.8,    55.1,    82.0,    74.6,    90.2,     0.0,     0.0,     0.0,     0.0,     0.0,     0.0,     0.0,     0.0,"2500 MMBtus","0233EP","IFED","023 ","N13","FutOnly"
"Transco Zone 5 South Basis - ICE FUTURES ENERGY DIV",260929,2026-09-29,0233FJ,IFED,01,023 ,  141006,   78606,  118720,   27468,    7415,    7022,   17184,    1991,     827,    1232,    1033,     456,  132795,  137464,    8211,    3542,  141006,   78606,  118720,   27468,    7415,    7022,   17184,    1991,     827,    1232,    1033,     456,  132795,  137464,    8211,    3542,       0,       0,       0,       0,       0,       0,       0,       0,       0,       0,       0,       0,       0,       0,       0,       0,     907,     628,    1002,     210,       0,       0,    -214,     -62,       0,     375,       0,      28,    1027,     968,    -120,     -61,  100.0,   55.7,   84.2,   19.5,    5.3,    5.0,   12.2,    1.4,    0.6,    0.9,    0.7,    0.3,   94.2,   97.5,    5.8,    2.5,  100.0,   55.7,   84.2,   19.5,    5.3,    5.0,   12.2,    1.4,    0.6,    0.9,    0.7,    0.3,   94.2,   97.5,    5.8,    2.5,  100.0,    0.0,    0.0,    0.0,    0.0,    0.0,    0.0,    0.0,    0.0,    0.0,    0.0,    0.0,    0.0,    0.0,    0.0,    0.0,     46,     20,     28,      5,.,      4,      4,.,.,.,.,.,     33,     38,     46,     20,     28,      5,.,      4,      4,.,.,.,.,.,     33,     38,      0,      0,      0,      0,      0,      0,      0,      0,      0,      0,      0,      0,      0,      0,    54.0,    47.9,    72.1,    65.9,    51.0,    44.8,    67.5,    60.8,    54.0,    47.9,    72.1,    65.9,    51.0,    44.8,    67.5,    60.8,     0.0,     0.0,     0.0,     0.0,     0.0,     0.0,     0.0,     0.0,"2500 MMBtus","0233FJ","IFED","023 ","N13","FutOnly"
"NAT GAS NYME - NEW YORK MERCANTILE EXCHANGE",260929,2026-09-29,023651,NYME,01,023 , 1782129,  242058,  256142,  250787,   23200,  116787,  220522,  353321,  620952,   55670,  153891,  219981, 1726757, 1744274,   55372,   37855, 1782129,  242058,  256142,  250787,   23200,  116787,  220522,  353321,  620952,   55670,  153891,  219981, 1726757, 1744274,   55372,   37855,       0,       0,       0,       0,       0,       0,       0,       0,       0,       0,       0,       0,       0,       0,       0,       0,  -55017,    2148,   -7488,    2462,    2119,    -812,  -46041,   21211,  -32297,   15871,  -36891,    4655,  -54014,  -49503,   -1003,   -5514,  100.0,   13.6,   14.4,   14.1,    1.3,    6.6,   12.4,   19.8,   34.8,    3.1,    8.6,   12.3,   96.9,   97.9,    3.1,    2.1,  100.0,   13.6,   14.4,   14.1,    1.3,    6.6,   12.4,   19.8,   34.8,    3.1,    8.6,   12.3,   96.9,   97.9,    3.1,    2.1,  100.0,    0.0,    0.0,    0.0,    0.0,    0.0,    0.0,    0.0,    0.0,    0.0,    0.0,    0.0,    0.0,    0.0,    0.0,    0.0,    324,     43,     37,     26,     11,     26,     65,     55,     85,     65,     41,     81,    301,    248,    324,     43,     37,     26,     11,     26,     65,     55,     85,     65,     41,     81,    301,    248,      0,      0,      0,      0,      0,      0,      0,      0,      0,      0,      0,      0,      0,      0,    18.4,    24.2,    29.0,    35.3,     8.8,    10.7,    12.8,    15.6,    18.4,    24.2,    29.0,    35.3,     8.8,    10.7,    12.8,    15.6,     0.0,     0.0,     0.0,     0.0,     0.0,     0.0,     0.0,     0.0,"(Contracts of 10,000 MMBTU'S)","023651","NYME","023 ","N13","FutOnly"
"HENRY HUB LAST DAY FIN - NEW YORK MERCANTILE EXCHANGE",260929,2026-09-29,023A55,NYME,01,023 ,  370904,  127530,   50151,   24263,  132109,   22859,   24437,    6877,   15024,   75202,   79468,   56000,  345315,  362488,   25589,    8416,  370904,  127530,   50151,   24263,  132109,   22859,   24437,    6877,   15024,   75202,   79468,   56000,  345315,  362488,   25589,    8416,       0,       0,       0,       0,       0,       0,       0,       0,       0,       0,       0,       0,       0,       0,       0,       0,  -32332,  -13267,   -2854,   -1310,  -14461,   -2555,   -6854,     607,   -9217,   -2365,   -7183,    2406,  -33162,  -33257,     830,     925,  100.0,   34.4,   13.5,    6.5,   35.6,    6.2,    6.6,    1.9,    4.1,   20.3,   21.4,   15.1,   93.1,   97.7,    6.9,    2.3,  100.0,   34.4,   13.5,    6.5,   35.6,    6.2,    6.6,    1.9,    4.1,   20.3,   21.4,   15.1,   93.1,   97.7,    6.9,    2.3,  100.0,    0.0,    0.0,    0.0,    0.0,    0.0,    0.0,    0.0,    0.0,    0.0,    0.0,    0.0,    0.0,    0.0,    0.0,    0.0,     91,     27,     22,     14,     10,     18,      5,      5,      9,     14,     13,     21,     87,     71,     91,     27,     22,     14,     10,     18,      5,      5,      9,     14,     13,     21,     87,     71,      0,      0,      0,      0,      0,      0,      0,      0,      0,      0,      0,      0,      0,      0,    17.1,    39.3,    30.8,    54.4,    15.5,    37.9,    25.9,    49.4,    17.1,    39.3,    30.8,    54.4,    15.5,    37.9,    25.9,    49.4,     0.0,     0.0,     0.0,     0.0,     0.0,     0.0,     0.0,     0.0,"(Contracts of 10,000 MMBTU'S)","023A55","NYME","023 ","N13","FutOnly"
"HENRY HUB PENULTIMATE FIN - NEW YORK MERCANTILE EXCHANGE",260929,2026-09-29,023A56,NYME,01,023 ,  187930,   17968,   37009,   68576,   39920,   30258,   10692,   18343,   13859,   18325,   20483,   20446,  180124,  180318,    7806,    7612,  187930,   17968,   37009,   68576,   39920,   30258,   10692,   18343,   13859,   18325,   20483,   20446,  180124,  180318,    7806,    7612,       0,       0,       0,       0,       0,       0,       0,       0,       0,       0,       0,       0,       0,       0,       0,       0,  -41939,   -3383,   -6663,   -7579,   -3765,   -3336,    2631,  -16198,   -1403,  -27328,  -10899,   -2837,  -43235,  -45101,    1296,    3162,  100.0,    9.6,   19.7,   36.5,   21.2,   16.1,    5.7,    9.8,    7.4,    9.8,   10.9,   10.9,   95.8,   95.9,    4.2,    4.1,  100.0,    9.6,   19.7,   36.5,   21.2,   16.1,    5.7,    9.8,    7.4,    9.8,   10.9,   10.9,   95.8,   95.9,    4.2,    4.1,  100.0,    0.0,    0.0,    0.0,    0.0,    0.0,    0.0,    0.0,    0.0,    0.0,    0.0,    0.0,    0.0,    0.0,    0.0,    0.0,     72,     13,     14,     11,      6,     15,     10,      9,     12,      8,     14,     20,     68,     64,     72,     13,     14,     11,      6,     15,     10,      9,     12,      8,     14,     20,     68,     64,      0,      0,      0,      0,      0,      0,      0,      0,      0,      0,      0,      0,      0,      0,    26.8,    33.1,    45.2,    47.1,    24.2,    23.1,    36.6,    32.1,    26.8,    33.1,    45.2,    47.1,    24.2,    23.1,    36.6,    32.1,     0.0,     0.0,     0.0,     0.0,     0.0,     0.0,     0.0,     0.0,"(Contracts of 10,000 MMBTU'S)","023A56","NYME","023 ","N13","FutOnly"
"ETHANOL T2 FOB INCL DUTY - NEW YORK MERCANTILE EXCHANGE",260929,2026-09-29,025608,NYME,01,025 ,    3826,    3406,    3611,       0,       0,       0,       0,       0,       0,     100,       0,      11,    3517,    3622,     309,     204,    3826,    3406,    3611,       0,       0,       0,       0,       0,       0,     100,       0,      11,    3517,    3622,     309,     204,       0,       0,       0,       0,       0,       0,       0,       0,       0,       0,       0,       0,       0,       0,       0,       0,      60,      -2,      45,       0,       0,       0,       0,       0,       0,       0,       0,       0,      -2,      45,      62,      15,  100.0,   89.0,   94.4,    0.0,    0.0,    0.0,    0.0,    0.0,    0.0,    2.6,    0.0,    0.3,   91.9,   94.7,    8.1,    5.3,  100.0,   89.0,   94.4,    0.0,    0.0,    0.0,    0.0,    0.0,    0.0,    2.6,    0.0,    0.3,   91.9,   94.7,    8.1,    5.3,  100.0,    0.0,    0.0,    0.0,    0.0,    0.0,    0.0,    0.0,    0.0,    0.0,    0.0,    0.0,    0.0,    0.0,    0.0,    0.0,     25,     20,     20,      0,      0,      0,      0,      0,      0,.,      0,.,     21,     21,     25,     20,     20,      0,      0,      0,      0,      0,      0,.,      0,.,     21,     21,      0,      0,      0,      0,      0,      0,      0,      0,      0,      0,      0,      0,      0,      0,    48.8,    55.8,    70.6,    74.9,    37.7,    46.1,    52.1,    57.2,    48.8,    55.8,    70.6,    74.9,    37.7,    46.1,    52.1,    57.2,     0.0,     0.0,     0.0,     0.0,     0.0,     0.0,     0.0,     0.0,"(100 CUBIC METERS)","025608","NYME","025 ","N10","FutOnly"
"ETHANOL - NEW YORK MERCANTILE EXCHANGE",260929,2026-09-29,025651,NYME,01,025 ,   47828,   34236,   39607,     972,    3854,     445,    8139,     306,     211,    1303,     952,    1778,   47084,   47153,     744,     675,   47828,   34236,   39607,     972,    3854,     445,    8139,     306,     211,    1303,     952,    1778,   47084,   47153,     744,     675,       0,       0,       0,       0,       0,       0,       0,       0,       0,       0,       0,       0,       0,       0,       0,       0,    3335,    2579,    2988,      27,     -57,     -22,     657,    -109,      -2,      15,     536,      22,    3276,    3356,      59,     -21,  100.0,   71.6,   82.8,    2.0,    8.1,    0.9,   17.0,    0.6,    0.4,    2.7,    2.0,    3.7,   98.4,   98.6,    1.6,    1.4,  100.0,   71.6,   82.8,    2.0,    8.1,    0.9,   17.0,    0.6,    0.4,    2.7,    2.0,    3.7,   98.4,   98.6,    1.6,    1.4,  100.0,    0.0,    0.0,    0.0,    0.0,    0.0,    0.0,    0.0,    0.0,    0.0,    0.0,    0.0,    0.0,    0.0,    0.0,    0.0,    123,     44,     65,      5,.,      5,     21,      4,      4,      7,      7,      8,     85,     91,    123,     44,     65,      5,.,      5,     21,      4,      4,      7,      7,      8,     85,     91,      0,      0,      0,      0,      0,      0,      0,      0,      0,      0,      0,      0,      0,      0,    33.8,    20.2,    49.8,    36.6,    21.7,    15.4,    32.7,    25.1,    33.8,    20.2,    49.8,    36.6,    21.7,    15.4,    32.7,    25.1,     0.0,     0.0,     0.0,     0.0,     0.0,     0.0,     0.0,     0.0,"(CONTRACTS OF 42,000 U.S. GALLONS)","025651","NYME","025 ","N10","FutOnly"
"SOYBEAN MEAL - CHICAGO BOARD OF TRADE",260929,2026-09-29,026603,CBT ,00,026 ,  629109,   71113,  427152,  133645,   13982,    3969,  215318,    7740,   96205,   33112,   24209,   30243,  583605,  603500,   45504,   25609,  616320,   68303,  419471,  133021,   13268,    3865,  213157,    8657,   95037,   32012,   25077,   26390,  571785,  591765,   44535,   24555,   12789,    2810,    7681,     728,     818,       0,    3267,     189,      62,    2731,     763,    2222,   11820,   11735,     969,    1054,  -28528,  -10313,   -4633,    1342,      69,   -4130,   12596,   -3895,   -5764,   -2795,    5576,  -16907,  -25971,  -29684,   -2557,    1156,  100.0,   11.3,   67.9,   21.2,    2.2,    0.6,   34.2,    1.2,   15.3,    5.3,    3.8,    4.8,   92.8,   95.9,    7.2,    4.1,  100.0,   11.1,   68.1,   21.6,    2.2,    0.6,   34.6,    1.4,   15.4,    5.2,    4.1,    4.3,   92.8,   96.0,    7.2,    4.0,  100.0,   22.0,   60.1,    5.7,    6.4,    0.0,   25.5,    1.5,    0.5,   21.4,    6.0,   17.4,   92.4,   91.8,    7.6,    8.2,    364,     90,    102,     23,      7,     12,    102,     16,     53,     48,     30,     38,    299,    234,    364,     90,    102,     23,      7,     12,    101,     19,     53,     46,     33,     38,    299,    234,     74,     20,     16,      7,      4,      0,     11,.,.,      9,      8,      8,     52,     36,    11.2,    36.7,    19.8,    46.4,     9.2,    35.9,    17.0,    44.1,    11.4,    36.9,    20.1,    46.8,     9.3,    36.2,    17.3,    44.3,    43.9,    37.2,    60.8,    59.7,    34.8,    36.8,    47.6,    51.7,"(CONTRACTS OF 100 TONS)","026603","CBT ","026 ","A30","FutOnly"
"COTTON NO. 2 - ICE FUTURES U.S.",260929,2026-09-29,033661,ICUS,01,033 ,  389494,   78815,  226929,   67599,   23926,   18522,   84353,   16516,   46823,   48286,   19510,   28350,  372748,  380576,   16746,    8918,  354968,   61046,  207513,   71089,   20092,   13038,   80831,   17875,   44395,   42302,   16551,   26726,  339427,  346190,   15541,    8778,   34526,   17769,   19416,    1994,    9318,       0,    5822,     941,     128,    6941,    3916,     667,   33321,   34386,    1205,     140,    5478,   13074,    6577,    -496,   -2368,    1398,   -4532,    3813,    1762,   -1127,   -3057,   -3646,    6433,    4479,    -955,     999,  100.0,   20.2,   58.3,   17.4,    6.1,    4.8,   21.7,    4.2,   12.0,   12.4,    5.0,    7.3,   95.7,   97.7,    4.3,    2.3,  100.0,   17.2,   58.5,   20.0,    5.7,    3.7,   22.8,    5.0,   12.5,   11.9,    4.7,    7.5,   95.6,   97.5,    4.4,    2.5,  100.0,   51.5,   56.2,    5.8,   27.0,    0.0,   16.9,    2.7,    0.4,   20.1,   11.3,    1.9,   96.5,   99.6,    3.5,    0.4,    357,     45,     52,     22,     17,     18,     86,     35,     67,     84,     41,     54,    295,    235,    353,     39,     50,     24,     15,     17,     83,     40,     64,     80,     44,     51,    285,    228,    106,     20,     23,      7,     12,      0,     13,      6,.,     18,     13,      6,     64,     56,    11.2,    28.7,    18.8,    41.1,     8.5,    23.4,    14.2,    30.9,    11.2,    30.2,    19.2,    41.4,     8.8,    24.5,    14.9,    32.9,    37.6,    39.3,    53.8,    57.6,    35.4,    39.3,    51.6,    57.6,"(CONTRACTS OF 50,000 POUNDS)","033661","ICUS","033 ","A40","FutOnly"
"HENRY HUB - NEW YORK MERCANTILE EXCHANGE",260929,2026-09-29,03565B,NYME,01,023 ,  395231,   32354,   31365,   23217,  290412,   43903,       0,    5576,       0,  283812,   12880,    2312,  385598,  386448,    9633,    8783,  395231,   32354,   31365,   23217,  290412,   43903,       0,    5576,       0,  283812,   12880,    2312,  385598,  386448,    9633,    8783,       0,       0,       0,       0,       0,       0,       0,       0,       0,       0,       0,       0,       0,       0,       0,       0,  -14230,   -2516,    4368,   -1627,  -13052,     187,       0,    -388,       0,   -9612,   -3208,      55,  -13513,  -12038,    -717,   -2192,  100.0,    8.2,    7.9,    5.9,   73.5,   11.1,    0.0,    1.4,    0.0,   71.8,    3.3,    0.6,   97.6,   97.8,    2.4,    2.2,  100.0,    8.2,    7.9,    5.9,   73.5,   11.1,    0.0,    1.4,    0.0,   71.8,    3.3,    0.6,   97.6,   97.8,    2.4,    2.2,  100.0,    0.0,    0.0,    0.0,    0.0,    0.0,    0.0,    0.0,    0.0,    0.0,    0.0,    0.0,    0.0,    0.0,    0.0,    0.0,     36,      8,      7,      7,      8,     12,      0,.,      0,      6,.,.,     28,     27,     36,      8,      7,      7,      8,     12,      0,.,      0,      6,.,.,     28,     27,      0,      0,      0,      0,      0,      0,      0,      0,      0,      0,      0,      0,      0,      0,    70.7,    59.8,    83.2,    83.2,    70.1,    56.7,    80.0,    78.2,    70.7,    59.8,    83.2,    83.2,    70.1,    56.7,    80.0,    78.2,     0.0,     0.0,     0.0,     0.0,     0.0,     0.0,     0.0,     0.0,"(Contracts of 2,500  MMBTU'S)","03565B","NYME","023 ","N13","FutOnly"
"HENRY HUB PENULTIMATE NAT GAS - NEW YORK MERCANTILE EXCHANGE",260929,2026-09-29,03565C,NYME,01,023 ,   94281,   11357,   10486,   18899,   23434,   24887,    2144,    6766,    3956,    6756,    4946,   12388,   80387,   86863,   13894,    7418,   94281,   11357,   10486,   18899,   23434,   24887,    2144,    6766,    3956,    6756,    4946,   12388,   80387,   86863,   13894,    7418,       0,       0,       0,       0,       0,       0,       0,       0,       0,       0,       0,       0,       0,       0,       0,       0,  -11015,    1222,   -3347,   -2898,     947,   -3953,   -4272,    -559,     113,     137,   -2176,   -2454,  -12105,  -11429,    1090,     414,  100.0,   12.0,   11.1,   20.0,   24.9,   26.4,    2.3,    7.2,    4.2,    7.2,    5.2,   13.1,   85.3,   92.1,   14.7,    7.9,  100.0,   12.0,   11.1,   20.0,   24.9,   26.4,    2.3,    7.2,    4.2,    7.2,    5.2,   13.1,   85.3,   92.1,   14.7,    7.9,  100.0,    0.0,    0.0,    0.0,    0.0,    0.0,    0.0,    0.0,    0.0,    0.0,    0.0,    0.0,    0.0,    0.0,    0.0,    0.0,     34,      7,      8,      5,      6,     10,.,      4,      5,      5,      4,      9,     32,     33,     34,      7,      8,      5,      6,     10,.,      4,      5,      5,      4,      9,     32,     33,      0,      0,      0,      0,      0,      0,      0,      0,      0,      0,      0,      0,      0,      0,    36.1,    36.7,    52.5,    62.7,    20.2,    23.1,    28.0,    35.2,    36.1,    36.7,    52.5,    62.7,    20.2,    23.1,    28.0,    35.2,     0.0,     0.0,     0.0,     0.0,     0.0,     0.0,     0.0,     0.0,"(Contracts of 2,500  MMBTU'S)","03565C","NYME","023 ","N13","FutOnly"
"USD Malaysian Crude Palm Oil C - CHICAGO MERCANTILE EXCHANGE",260929,2026-09-29,037021,CME ,00,037 ,   45713,   38019,   35766,    1526,     250,    3581,     520,    5036,     120,    1027,     120,     840,   45633,   45713,      80,       0,   45713,   38019,   35766,    1526,     250,    3581,     520,    5036,     120,    1027,     120,     840,   45633,   45713,      80,       0,       0,       0,       0,       0,       0,       0,       0,       0,       0,       0,       0,       0,       0,       0,       0,       0,    2936,    2831,    2316,     -20,       0,     420,       0,     580,    -200,      45,       0,    -120,    2956,    2996,     -20,     -60,  100.0,   83.2,   78.2,    3.3,    0.5,    7.8,    1.1,   11.0,    0.3,    2.2,    0.3,    1.8,   99.8,  100.0,    0.2,    0.0,  100.0,   83.2,   78.2,    3.3,    0.5,    7.8,    1.1,   11.0,    0.3,    2.2,    0.3,    1.8,   99.8,  100.0,    0.2,    0.0,  100.0,    0.0,    0.0,    0.0,    0.0,    0.0,    0.0,    0.0,    0.0,    0.0,    0.0,    0.0,    0.0,    0.0,    0.0,    0.0,     27,     10,      9,      5,.,      4,.,.,.,      5,.,.,     23,     18,     27,     10,      9,      5,.,      4,.,.,.,      5,.,.,     23,     18,      0,      0,      0,      0,      0,      0,      0,      0,      0,      0,      0,      0,      0,      0,    76.8,    66.5,    90.1,    93.5,    36.4,    40.8,    39.9,    42.9,    76.8,    66.5,    90.1,    93.5,    36.4,    40.8,    39.9,    42.9,     0.0,     0.0,     0.0,     0.0,     0.0,     0.0,     0.0,     0.0,"(CONTRACTS OF 25 METRIC TONS)","037021","CME ","037 ","A30","FutOnly"
"ROUGH RICE - CHICAGO BOARD OF TRADE",260929,2026-09-29,039601,CBT ,00,039 ,   13869,    4516,    9132,     259,     137,       0,    3616,    1497,       0,    1990,    1374,     673,   11054,   12813,    2815,    1056,   13856,    4516,    9120,     259,     137,       0,    3616,    1497,       0,    1990,    1382,     665,   11046,   12801,    2810,    1055,      13,       0,      12,       0,       0,       0,       0,       0,       0,       8,       0,       0,       8,      12,       5,       1,     581,     138,     372,       0,     137,       0,       4,    -275,      -2,     287,      76,     161,     588,     469,      -7,     112,  100.0,   32.6,   65.8,    1.9,    1.0,    0.0,   26.1,   10.8,    0.0,   14.3,    9.9,    4.9,   79.7,   92.4,   20.3,    7.6,  100.0,   32.6,   65.8,    1.9,    1.0,    0.0,   26.1,   10.8,    0.0,   14.4,   10.0,    4.8,   79.7,   92.4,   20.3,    7.6,  100.0,    0.0,   92.3,    0.0,    0.0,    0.0,    0.0,    0.0,    0.0,   61.5,    0.0,    0.0,   61.5,   92.3,   38.5,    7.7,     79,     18,     19,.,.,      0,     15,      6,      0,     13,     10,      5,     52,     37,     79,     18,     19,.,.,      0,     15,      6,      0,     13,     11,      4,     51,     37,      5,      0,.,      0,      0,      0,      0,      0,      0,      4,      0,      0,      4,.,    25.9,    40.5,    38.1,    57.2,    25.9,    40.5,    38.1,    57.2,    25.9,    40.6,    38.2,    57.2,    25.9,    40.6,    38.2,    57.2,    61.5,    92.3,    61.5,    92.3,    61.5,    92.3,    61.5,    92.3,"(CONTRACTS OF 200,000 POUNDS)","039601","CBT ","039 ","A10","FutOnly"
"FRZN CONCENTRATED ORANGE JUICE - ICE FUTURES U.S.",260929,2026-09-29,040701,ICUS,01,040 ,    9471,    1550,    2961,     915,     374,      68,    2206,    3483,      46,    2132,     225,     473,    7390,    7630,    2081,    1841,    7418,     674,    2189,     915,     310,       0,    2097,    3333,      46,    2143,     211,       0,    5875,    6089,    1543,    1329,    2053,     876,     772,       0,      64,      68,     109,     150,       0,     426,     451,      36,    1515,    1541,     538,     512,    -100,     142,     -22,     -24,     140,     -20,    -129,    -213,     -18,    -103,      51,     -28,    -180,    -110,      80,      10,  100.0,   16.4,   31.3,    9.7,    3.9,    0.7,   23.3,   36.8,    0.5,   22.5,    2.4,    5.0,   78.0,   80.6,   22.0,   19.4,  100.0,    9.1,   29.5,   12.3,    4.2,    0.0,   28.3,   44.9,    0.6,   28.9,    2.8,    0.0,   79.2,   82.1,   20.8,   17.9,  100.0,   42.7,   37.6,    0.0,    3.1,    3.3,    5.3,    7.3,    0.0,   20.8,   22.0,    1.8,   73.8,   75.1,   26.2,   24.9,     55,      9,      6,.,.,.,      6,     15,.,     14,      4,      5,     38,     29,     53,      7,      6,.,.,      0,      6,     14,.,     14,.,      0,     33,     24,     23,      8,.,      0,.,.,.,.,      0,      7,.,.,     18,     11,    25.4,    41.0,    39.5,    57.0,    25.4,    39.4,    39.5,    54.6,    32.1,    41.1,    47.8,    59.9,    32.1,    40.7,    47.8,    59.4,    35.3,    59.1,    54.4,    74.1,    33.5,    55.6,    50.8,    64.2,"(CONTRACTS OF 15,000 POUNDS)","040701","ICUS","040 ","A50","FutOnly"
"BUTTER (CASH SETTLED) - CHICAGO MERCANTILE EXCHANGE",260929,2026-09-29,050642,CME ,00,050 ,   21060,   12287,    9187,    5984,     946,    1757,       0,     662,     130,      85,    7996,     119,   20362,   20797,     698,     263,   21060,   12287,    9187,    5984,     946,    1757,       0,     662,     130,      85,    7996,     119,   20362,   20797,     698,     263,       0,       0,       0,       0,       0,       0,       0,       0,       0,       0,       0,       0,       0,       0,       0,       0,     842,     699,     368,     171,     -73,     -56,       0,      44,      62,       0,     556,      -8,     868,     893,     -26,     -51,  100.0,   58.3,   43.6,   28.4,    4.5,    8.3,    0.0,    3.1,    0.6,    0.4,   38.0,    0.6,   96.7,   98.8,    3.3,    1.2,  100.0,   58.3,   43.6,   28.4,    4.5,    8.3,    0.0,    3.1,    0.6,    0.4,   38.0,    0.6,   96.7,   98.8,    3.3,    1.2,  100.0,    0.0,    0.0,    0.0,    0.0,    0.0,    0.0,    0.0,    0.0,    0.0,    0.0,    0.0,    0.0,    0.0,    0.0,    0.0,     58,     33,     22,.,.,      5,      0,      4,.,.,      7,      4,     45,     38,     58,     33,     22,.,.,      5,      0,      4,.,.,      7,      4,     45,     38,      0,      0,      0,      0,      0,      0,      0,      0,      0,      0,      0,      0,      0,      0,    37.6,    44.7,    56.4,    65.7,    36.4,    42.8,    53.4,    58.6,    37.6,    44.7,    56.4,    65.7,    36.4,    42.8,    53.4,    58.6,     0.0,     0.0,     0.0,     0.0,     0.0,     0.0,     0.0,     0.0,"(CONTRACTS OF 20,000 POUNDS)","050642","CME ","050 ","A25","FutOnly"
"MILK, Class III - CHICAGO MERCANTILE EXCHANGE",260929,2026-09-29,052641,CME ,00,052 ,   36020,   20028,    9599,    7850,    3257,     186,     109,    7060,    1218,    2418,    7454,    2175,   33984,   30949,    2036,    5071,   36020,   20028,    9599,    7850,    3257,     186,     109,    7060,    1218,    2418,    7454,    2175,   33984,   30949,    2036,    5071,       0,       0,       0,       0,       0,       0,       0,       0,       0,       0,       0,       0,       0,       0,       0,       0,    1760,    2051,     -27,    -376,     281,     -31,       6,     126,     175,     -63,    1002,     -31,    1731,    1495,      29,     265,  100.0,   55.6,   26.6,   21.8,    9.0,    0.5,    0.3,   19.6,    3.4,    6.7,   20.7,    6.0,   94.3,   85.9,    5.7,   14.1,  100.0,   55.6,   26.6,   21.8,    9.0,    0.5,    0.3,   19.6,    3.4,    6.7,   20.7,    6.0,   94.3,   85.9,    5.7,   14.1,  100.0,    0.0,    0.0,    0.0,    0.0,    0.0,    0.0,    0.0,    0.0,    0.0,    0.0,    0.0,    0.0,    0.0,    0.0,    0.0,    106,     33,     20,      5,.,.,.,     25,.,      8,     22,     16,     63,     76,    106,     33,     20,      5,.,.,.,     25,.,      8,     22,     16,     63,     76,      0,      0,      0,      0,      0,      0,      0,      0,      0,      0,      0,      0,      0,      0,    46.7,    21.5,    63.3,    38.2,    46.7,    20.4,    62.4,    34.1,    46.7,    21.5,    63.3,    38.2,    46.7,    20.4,    62.4,    34.1,     0.0,     0.0,     0.0,     0.0,     0.0,     0.0,     0.0,     0.0,"(CONTRACTS OF 200,000 POUNDS)","052641","CME ","052 ","A25","FutOnly"
"NON FAT DRY MILK - CHICAGO MERCANTILE EXCHANGE",260929,2026-09-29,052642,CME ,00,052 ,   12702,    8021,    4450,    2109,     642,     488,      97,    1095,      34,     618,    5402,     442,   11809,   12553,     893,     149,   12702,    8021,    4450,    2109,     642,     488,      97,    1095,      34,     618,    5402,     442,   11809,   12553,     893,     149,       0,       0,       0,       0,       0,       0,       0,       0,       0,       0,       0,       0,       0,       0,       0,       0,    1128,     466,     317,    -117,      45,      87,       5,     151,     -16,     464,     224,     313,    1202,    1121,     -74,       7,  100.0,   63.1,   35.0,   16.6,    5.1,    3.8,    0.8,    8.6,    0.3,    4.9,   42.5,    3.5,   93.0,   98.8,    7.0,    1.2,  100.0,   63.1,   35.0,   16.6,    5.1,    3.8,    0.8,    8.6,    0.3,    4.9,   42.5,    3.5,   93.0,   98.8,    7.0,    1.2,  100.0,    0.0,    0.0,    0.0,    0.0,    0.0,    0.0,    0.0,    0.0,    0.0,    0.0,    0.0,    0.0,    0.0,    0.0,    0.0,     52,     30,     18,      5,.,      5,.,.,.,.,      7,      4,     44,     32,     52,     30,     18,      5,.,      5,.,.,.,.,      7,      4,     44,     32,      0,      0,      0,      0,      0,      0,      0,      0,      0,      0,      0,      0,      0,      0,    32.7,    46.2,    51.0,    69.5,    30.7,    45.9,    46.3,    69.0,    32.7,    46.2,    51.0,    69.5,    30.7,    45.9,    46.3,    69.0,     0.0,     0.0,     0.0,     0.0,     0.0,     0.0,     0.0,     0.0,"(CONTRACTS OF 44,000 LBS.)","052642","CME ","052 ","A25","FutOnly"
"CME MILK IV - CHICAGO MERCANTILE EXCHANGE",260929,2026-09-29,052644,CME ,00,052 ,   14616,    3418,   10564,    2779,    1045,      12,     653,       0,     181,    7181,    1562,     209,   14433,   13573,     183,    1043,   14616,    3418,   10564,    2779,    1045,      12,     653,       0,     181,    7181,    1562,     209,   14433,   13573,     183,    1043,       0,       0,       0,       0,       0,       0,       0,       0,       0,       0,       0,       0,       0,       0,       0,       0,    2292,      32,    2133,    1025,      85,      -5,     299,       0,      -4,     827,    -136,     112,    2286,    2185,       6,     107,  100.0,   23.4,   72.3,   19.0,    7.1,    0.1,    4.5,    0.0,    1.2,   49.1,   10.7,    1.4,   98.7,   92.9,    1.3,    7.1,  100.0,   23.4,   72.3,   19.0,    7.1,    0.1,    4.5,    0.0,    1.2,   49.1,   10.7,    1.4,   98.7,   92.9,    1.3,    7.1,  100.0,    0.0,    0.0,    0.0,    0.0,    0.0,    0.0,    0.0,    0.0,    0.0,    0.0,    0.0,    0.0,    0.0,    0.0,    0.0,     34,      8,     15,.,.,.,.,      0,.,.,      5,.,     17,     25,     34,      8,     15,.,.,.,.,      0,.,.,      5,.,     17,     25,      0,      0,      0,      0,      0,      0,      0,      0,      0,      0,      0,      0,      0,      0,    79.8,    61.7,    94.5,    78.0,    79.8,    61.2,    93.2,    76.1,    79.8,    61.7,    94.5,    78.0,    79.8,    61.2,    93.2,    76.1,     0.0,     0.0,     0.0,     0.0,     0.0,     0.0,     0.0,     0.0,"(CONTRACTS OF 200,000 POUNDS)","052644","CME ","052 ","A25","FutOnly"
"DRY WHEY - CHICAGO MERCANTILE EXCHANGE",260929,2026-09-29,052645,CME ,00,063 ,    3792,    2487,     640,     750,     875,       0,       0,     171,      12,       9,    1724,      33,    3291,    3455,     501,     337,    3792,    2487,     640,     750,     875,       0,       0,     171,      12,       9,    1724,      33,    3291,    3455,     501,     337,       0,       0,       0,       0,       0,       0,       0,       0,       0,       0,       0,       0,       0,       0,       0,       0,     105,      99,      47,       0,      17,       0,       0,      -1,       0,      -9,      21,       0,      90,      84,      15,      21,  100.0,   65.6,   16.9,   19.8,   23.1,    0.0,    0.0,    4.5,    0.3,    0.2,   45.5,    0.9,   86.8,   91.1,   13.2,    8.9,  100.0,   65.6,   16.9,   19.8,   23.1,    0.0,    0.0,    4.5,    0.3,    0.2,   45.5,    0.9,   86.8,   91.1,   13.2,    8.9,  100.0,    0.0,    0.0,    0.0,    0.0,    0.0,    0.0,    0.0,    0.0,    0.0,    0.0,    0.0,    0.0,    0.0,    0.0,    0.0,     20,      9,      5,.,.,      0,      0,.,.,.,      5,.,     13,     13,     20,      9,      5,.,.,      0,      0,.,.,.,      5,.,     13,     13,      0,      0,      0,      0,      0,      0,      0,      0,      0,      0,      0,      0,      0,      0,    62.4,    60.7,    80.3,    81.5,    62.4,    60.7,    78.4,    78.7,    62.4,    60.7,    80.3,    81.5,    62.4,    60.7,    78.4,    78.7,     0.0,     0.0,     0.0,     0.0,     0.0,     0.0,     0.0,     0.0,"(CONTRACTS OF 44,000 LBS.)","052645","CME ","063 ","A25","FutOnly"
"LEAN HOGS - CHICAGO MERCANTILE EXCHANGE",260929,2026-09-29,054642,CME ,00,054 ,  289843,   31540,   34559,   77936,    2945,    4145,   61870,  112505,   52319,   16228,   41824,   22261,  266299,  270558,   23544,   19285,   28948,    9145,    4018,    1205,    1806,       0,    9838,   12129,      63,    4333,    9030,       0,   24584,   27046,    4364,    1902,  260895,   22395,   30541,   77268,    1676,    3608,   62641,  110985,   41647,   15874,   36773,   18282,  241715,  243512,   19180,   17383,    2130,    1456,   -2522,      97,   -1153,    1305,    -874,    7621,    -606,      -7,    -566,   -1228,     143,    2851,    1987,    -721,  100.0,   10.9,   11.9,   26.9,    1.0,    1.4,   21.3,   38.8,   18.1,    5.6,   14.4,    7.7,   91.9,   93.3,    8.1,    6.7,  100.0,   31.6,   13.9,    4.2,    6.2,    0.0,   34.0,   41.9,    0.2,   15.0,   31.2,    0.0,   84.9,   93.4,   15.1,    6.6,  100.0,    8.6,   11.7,   29.6,    0.6,    1.4,   24.0,   42.5,   16.0,    6.1,   14.1,    7.0,   92.6,   93.3,    7.4,    6.7,    354,     73,     62,     19,      6,     11,     52,     79,     63,     41,     49,     50,    258,    265,    174,     51,     17,      7,      9,      0,     21,     25,      4,     19,     26,      0,     99,     81,    331,     51,     58,     19,      6,      9,     55,     74,     56,     38,     49,     45,    227,    245,    16.7,    13.3,    27.4,    22.7,    15.2,    12.7,    24.0,    21.3,    29.7,    25.9,    47.9,    44.9,    29.7,    25.9,    47.9,    44.9,    18.5,    14.7,    29.3,    24.1,    16.9,    13.7,    25.3,    22.2,"(CONTRACTS OF 40,000 POUNDS)","054642","CME ","054 ","A20","FutOnly"
"LIVE CATTLE - CHICAGO MERCANTILE EXCHANGE",260929,2026-09-29,057642,CME ,00,057 ,  293639,   42153,  137427,   69039,    3758,    1397,   81722,   28529,   45318,   14347,   32372,   14015,  267991,  262816,   25648,   30823,  293639,   42153,  137427,   69039,    3758,    1397,   81722,   28529,   45318,   14347,   32372,   14015,  267991,  262816,   25648,   30823,       0,       0,       0,       0,       0,       0,       0,       0,       0,       0,       0,       0,       0,       0,       0,       0,    8750,     -61,    7670,    1001,      36,    -171,    1452,   -2651,    3153,    1445,   -1308,    1330,    8149,    8059,     601,     691,  100.0,   14.4,   46.8,   23.5,    1.3,    0.5,   27.8,    9.7,   15.4,    4.9,   11.0,    4.8,   91.3,   89.5,    8.7,   10.5,  100.0,   14.4,   46.8,   23.5,    1.3,    0.5,   27.8,    9.7,   15.4,    4.9,   11.0,    4.8,   91.3,   89.5,    8.7,   10.5,  100.0,    0.0,    0.0,    0.0,    0.0,    0.0,    0.0,    0.0,    0.0,    0.0,    0.0,    0.0,    0.0,    0.0,    0.0,    0.0,    386,     93,    137,     20,      4,     10,     72,     35,     67,     44,     35,     49,    286,    302,    386,     93,    137,     20,      4,     10,     72,     35,     67,     44,     35,     49,    286,    302,      0,      0,      0,      0,      0,      0,      0,      0,      0,      0,      0,      0,      0,      0,    13.9,    15.8,    22.9,    25.3,    13.3,    15.3,    21.0,    24.0,    13.9,    15.8,    22.9,    25.3,    13.3,    15.3,    21.0,    24.0,     0.0,     0.0,     0.0,     0.0,     0.0,     0.0,     0.0,     0.0,"(CONTRACTS OF 40,000 POUNDS)","057642","CME ","057 ","A20","FutOnly"
"LUMBER - CHICAGO MERCANTILE EXCHANGE",260929,2026-09-29,058644,CME ,00,058 ,    9724,    5622,     472,     775,     738,       0,     307,    6209,       0,    1952,    1487,     110,    8766,    9016,     958,     708,    9724,    5622,     472,     775,     738,       0,     307,    6209,       0,    1952,    1487,     110,    8766,    9016,     958,     708,       0,       0,       0,       0,       0,       0,       0,       0,       0,       0,       0,       0,       0,       0,       0,       0,     283,     245,      18,       7,       6,       0,    -108,     144,       0,      22,      -8,      83,     249,     243,      34,      40,  100.0,   57.8,    4.9,    8.0,    7.6,    0.0,    3.2,   63.9,    0.0,   20.1,   15.3,    1.1,   90.1,   92.7,    9.9,    7.3,  100.0,   57.8,    4.9,    8.0,    7.6,    0.0,    3.2,   63.9,    0.0,   20.1,   15.3,    1.1,   90.1,   92.7,    9.9,    7.3,  100.0,    0.0,    0.0,    0.0,    0.0,    0.0,    0.0,    0.0,    0.0,    0.0,    0.0,    0.0,    0.0,    0.0,    0.0,    0.0,     99,     27,      9,.,.,      0,.,     31,      0,     19,     14,      4,     53,     58,     99,     27,      9,.,.,      0,.,     31,      0,     19,     14,      4,     53,     58,      0,      0,      0,      0,      0,      0,      0,      0,      0,      0,      0,      0,      0,      0,    29.8,    26.7,    48.4,    43.3,    29.3,    26.7,    46.5,    43.3,    29.8,    26.7,    48.4,    43.3,    29.3,    26.7,    46.5,    43.3,     0.0,     0.0,     0.0,     0.0,     0.0,     0.0,     0.0,     0.0,"(CONTRACTS OF 27,500 BOARD FEET)","058644","CME ","058 ","N30","FutOnly"
"FEEDER CATTLE - CHICAGO MERCANTILE EXCHANGE",260929,2026-09-29,061641,CME ,00,061 ,   62168,    7111,   10020,    7204,     244,    1719,   17364,    9198,   10252,    2408,   12655,    6514,   52572,   50602,    9596,   11566,   62168,    7111,   10020,    7204,     244,    1719,   17364,    9198,   10252,    2408,   12655,    6514,   52572,   50602,    9596,   11566,       0,       0,       0,       0,       0,       0,       0,       0,       0,       0,       0,       0,       0,       0,       0,       0,     185,    -709,     373,     530,    -377,    -252,    1122,     961,   -1276,     725,   -1492,    1009,    1149,   -1054,    -964,    1239,  100.0,   11.4,   16.1,   11.6,    0.4,    2.8,   27.9,   14.8,   16.5,    3.9,   20.4,   10.5,   84.6,   81.4,   15.4,   18.6,  100.0,   11.4,   16.1,   11.6,    0.4,    2.8,   27.9,   14.8,   16.5,    3.9,   20.4,   10.5,   84.6,   81.4,   15.4,   18.6,  100.0,    0.0,    0.0,    0.0,    0.0,    0.0,    0.0,    0.0,    0.0,    0.0,    0.0,    0.0,    0.0,    0.0,    0.0,    0.0,    214,     38,     49,     14,.,      9,     40,     22,     35,     23,     29,     32,    159,    152,    214,     38,     49,     14,.,      9,     40,     22,     35,     23,     29,     32,    159,    152,      0,      0,      0,      0,      0,      0,      0,      0,      0,      0,      0,      0,      0,      0,    14.8,    19.0,    24.7,    28.1,    12.2,    17.9,    19.1,    24.5,    14.8,    19.0,    24.7,    28.1,    12.2,    17.9,    19.1,    24.5,     0.0,     0.0,     0.0,     0.0,     0.0,     0.0,     0.0,     0.0,"(CONTRACTS OF 50,000 POUNDS)","061641","CME ","061 ","A20","FutOnly"
"CHEESE (CASH-SETTLED) - CHICAGO MERCANTILE EXCHANGE",260929,2026-09-29,063642,CME ,00,063 ,   34139,   20812,   17718,    7896,    1025,    1854,     350,    3227,     968,      91,    7648,    1146,   33117,   33586,    1022,     553,   34139,   20812,   17718,    7896,    1025,    1854,     350,    3227,     968,      91,    7648,    1146,   33117,   33586,    1022,     553,       0,       0,       0,       0,       0,       0,       0,       0,       0,       0,       0,       0,       0,       0,       0,       0,    1163,     801,     788,     279,    -322,     134,     -63,     -15,      21,      -6,     634,     -10,    1156,    1230,       7,     -67,  100.0,   61.0,   51.9,   23.1,    3.0,    5.4,    1.0,    9.5,    2.8,    0.3,   22.4,    3.4,   97.0,   98.4,    3.0,    1.6,  100.0,   61.0,   51.9,   23.1,    3.0,    5.4,    1.0,    9.5,    2.8,    0.3,   22.4,    3.4,   97.0,   98.4,    3.0,    1.6,  100.0,    0.0,    0.0,    0.0,    0.0,    0.0,    0.0,    0.0,    0.0,    0.0,    0.0,    0.0,    0.0,    0.0,    0.0,    0.0,     76,     27,     26,.,.,      4,.,     16,.,.,     12,      8,     45,     61,     76,     27,     26,.,.,      4,.,     16,.,.,     12,      8,     45,     61,      0,      0,      0,      0,      0,      0,      0,      0,      0,      0,      0,      0,      0,      0,    50.9,    29.6,    70.1,    48.2,    50.5,    27.1,    68.6,    44.4,    50.9,    29.6,    70.1,    48.2,    50.5,    27.1,    68.6,    44.4,     0.0,     0.0,     0.0,     0.0,     0.0,     0.0,     0.0,     0.0,"(CONTRACTS OF 20,000 POUNDS)","063642","CME ","063 ","A25","FutOnly"
"MID-C DAY-AHEAD PEAK - ICE FUTURES ENERGY DIV",260929,2026-09-29,064391,IFED,01,064 ,   41912,   25245,   27678,    6571,    1234,    2382,     843,    3964,    2421,    1731,    2031,    2082,   41275,   41792,     637,     120,   41912,   25245,   27678,    6571,    1234,    2382,     843,    3964,    2421,    1731,    2031,    2082,   41275,   41792,     637,     120,       0,       0,       0,       0,       0,       0,       0,       0,       0,       0,       0,       0,       0,       0,       0,       0,    -432,    -535,    -957,     -10,     165,     -44,    -293,      95,     298,      93,     -29,      40,    -451,    -432,      19,       0,  100.0,   60.2,   66.0,   15.7,    2.9,    5.7,    2.0,    9.5,    5.8,    4.1,    4.8,    5.0,   98.5,   99.7,    1.5,    0.3,  100.0,   60.2,   66.0,   15.7,    2.9,    5.7,    2.0,    9.5,    5.8,    4.1,    4.8,    5.0,   98.5,   99.7,    1.5,    0.3,  100.0,    0.0,    0.0,    0.0,    0.0,    0.0,    0.0,    0.0,    0.0,    0.0,    0.0,    0.0,    0.0,    0.0,    0.0,    0.0,     58,     24,     29,      4,.,.,.,     11,      4,      4,      4,      5,     40,     53,     58,     24,     29,      4,.,.,.,     11,      4,      4,      4,      5,     40,     53,      0,      0,      0,      0,      0,      0,      0,      0,      0,      0,      0,      0,      0,      0,    39.6,    35.7,    58.1,    58.1,    33.7,    33.2,    46.5,    46.6,    39.6,    35.7,    58.1,    58.1,    33.7,    33.2,    46.5,    46.6,     0.0,     0.0,     0.0,     0.0,     0.0,     0.0,     0.0,     0.0,"(Contracts of about 400 MWh)","064391","IFED","064 ","N16","FutOnly"
"MID-C DAY-AHEAD OFF-PEAK - ICE FUTURES ENERGY DIV",260929,2026-09-29,064392,IFED,01,064 ,   27479,   15446,   19847,    4432,     320,    2302,    1007,    2417,     535,    2648,    1430,     422,   26792,   27273,     687,     206,   27479,   15446,   19847,    4432,     320,    2302,    1007,    2417,     535,    2648,    1430,     422,   26792,   27273,     687,     206,       0,       0,       0,       0,       0,       0,       0,       0,       0,       0,       0,       0,       0,       0,       0,       0,      22,      52,      32,    -125,       5,     225,      25,       5,       0,     -75,    -165,     -80,      22,      22,       0,       0,  100.0,   56.2,   72.2,   16.1,    1.2,    8.4,    3.7,    8.8,    1.9,    9.6,    5.2,    1.5,   97.5,   99.3,    2.5,    0.7,  100.0,   56.2,   72.2,   16.1,    1.2,    8.4,    3.7,    8.8,    1.9,    9.6,    5.2,    1.5,   97.5,   99.3,    2.5,    0.7,  100.0,    0.0,    0.0,    0.0,    0.0,    0.0,    0.0,    0.0,    0.0,    0.0,    0.0,    0.0,    0.0,    0.0,    0.0,    0.0,     41,     24,     23,      4,.,.,.,.,.,      4,.,.,     36,     32,     41,     24,     23,      4,.,.,.,.,.,      4,.,.,     36,     32,      0,      0,      0,      0,      0,      0,      0,      0,      0,      0,      0,      0,      0,      0,    40.0,    44.5,    58.0,    73.7,    28.3,    40.9,    42.8,    56.0,    40.0,    44.5,    58.0,    73.7,    28.3,    40.9,    42.8,    56.0,     0.0,     0.0,     0.0,     0.0,     0.0,     0.0,     0.0,     0.0,"(Contracts of about 352 MWh)","064392","IFED","064 ","N16","FutOnly"
"PJM WESTERN HUB RT OFF - ICE FUTURES ENERGY DIV",260929,2026-09-29,064394,IFED,01,064 ,  253200,  112642,  146523,    4436,   43774,   14499,   81245,    4975,   17003,    7661,   11547,   14511,  251997,  252832,    1203,     368,  253200,  112642,  146523,    4436,   43774,   14499,   81245,    4975,   17003,    7661,   11547,   14511,  251997,  252832,    1203,     368,       0,       0,       0,       0,       0,       0,       0,       0,       0,       0,       0,       0,       0,       0,       0,       0,   -4662,    4234,   -4383,     184,   -1100,    -407,   -8794,     354,    2091,   -1667,     168,    -599,   -4958,   -3876,     296,    -786,  100.0,   44.5,   57.9,    1.8,   17.3,    5.7,   32.1,    2.0,    6.7,    3.0,    4.6,    5.7,   99.5,   99.9,    0.5,    0.1,  100.0,   44.5,   57.9,    1.8,   17.3,    5.7,   32.1,    2.0,    6.7,    3.0,    4.6,    5.7,   99.5,   99.9,    0.5,    0.1,  100.0,    0.0,    0.0,    0.0,    0.0,    0.0,    0.0,    0.0,    0.0,    0.0,    0.0,    0.0,    0.0,    0.0,    0.0,    0.0,     92,     36,     33,.,      8,     10,     21,.,     10,      9,     11,     15,     86,     71,     92,     36,     33,.,      8,     10,     21,.,     10,      9,     11,     15,     86,     71,      0,      0,      0,      0,      0,      0,      0,      0,      0,      0,      0,      0,      0,      0,    37.1,    42.7,    51.3,    59.8,    32.3,    33.6,    39.8,    45.3,    37.1,    42.7,    51.3,    59.8,    32.3,    33.6,    39.8,    45.3,     0.0,     0.0,     0.0,     0.0,     0.0,     0.0,     0.0,     0.0,"(Contracts of about 352 MWh)","064394","IFED","064 ","N16","FutOnly"
"SP15 FIN DA PEAK FIXED - ICE FUTURES ENERGY DIV",260929,2026-09-29,064395,IFED,01,064 ,  103363,   73549,   49941,    7689,   15045,    3510,     593,   15803,    8978,    2732,    4041,    5827,  102878,  103145,     485,     218,  103363,   73549,   49941,    7689,   15045,    3510,     593,   15803,    8978,    2732,    4041,    5827,  102878,  103145,     485,     218,       0,       0,       0,       0,       0,       0,       0,       0,       0,       0,       0,       0,       0,       0,       0,       0,    1254,    2459,    -352,    -726,     691,     104,    -105,     857,     -54,    -391,       7,      -4,    1283,    1249,     -29,       5,  100.0,   71.2,   48.3,    7.4,   14.6,    3.4,    0.6,   15.3,    8.7,    2.6,    3.9,    5.6,   99.5,   99.8,    0.5,    0.2,  100.0,   71.2,   48.3,    7.4,   14.6,    3.4,    0.6,   15.3,    8.7,    2.6,    3.9,    5.6,   99.5,   99.8,    0.5,    0.2,  100.0,    0.0,    0.0,    0.0,    0.0,    0.0,    0.0,    0.0,    0.0,    0.0,    0.0,    0.0,    0.0,    0.0,    0.0,    0.0,     72,     31,     27,      4,.,      6,.,     11,      6,     10,      5,      9,     59,     56,     72,     31,     27,      4,.,      6,.,     11,      6,     10,      5,      9,     59,     56,      0,      0,      0,      0,      0,      0,      0,      0,      0,      0,      0,      0,      0,      0,    43.0,    38.8,    68.1,    60.0,    41.4,    30.4,    54.8,    46.8,    43.0,    38.8,    68.1,    60.0,    41.4,    30.4,    54.8,    46.8,     0.0,     0.0,     0.0,     0.0,     0.0,     0.0,     0.0,     0.0,"(Contracts of about 400 MWh)","064395","IFED","064 ","N16","FutOnly"
"CAISO SP-15 DA OFF-PK FIXED - ICE FUTURES ENERGY DIV",260929,2026-09-29,064396,IFED,01,064 ,   78306,   56298,   35684,    3576,   11033,    5089,    2790,    5051,    5239,     215,   11162,    4887,   78094,   78145,     212,     161,   78306,   56298,   35684,    3576,   11033,    5089,    2790,    5051,    5239,     215,   11162,    4887,   78094,   78145,     212,     161,       0,       0,       0,       0,       0,       0,       0,       0,       0,       0,       0,       0,       0,       0,       0,       0,    1146,     188,     643,     267,     633,    -494,     514,     -69,    -113,    -140,    -427,     916,    1138,    1089,       8,      57,  100.0,   71.9,   45.6,    4.6,   14.1,    6.5,    3.6,    6.5,    6.7,    0.3,   14.3,    6.2,   99.7,   99.8,    0.3,    0.2,  100.0,   71.9,   45.6,    4.6,   14.1,    6.5,    3.6,    6.5,    6.7,    0.3,   14.3,    6.2,   99.7,   99.8,    0.3,    0.2,  100.0,    0.0,    0.0,    0.0,    0.0,    0.0,    0.0,    0.0,    0.0,    0.0,    0.0,    0.0,    0.0,    0.0,    0.0,    0.0,     47,     22,     20,      5,.,      6,.,.,.,.,      6,      4,     40,     35,     47,     22,     20,      5,.,      6,.,.,.,.,      6,      4,     40,     35,      0,      0,      0,      0,      0,      0,      0,      0,      0,      0,      0,      0,      0,      0,    46.7,    51.7,    71.5,    76.1,    44.1,    42.2,    58.5,    62.5,    46.7,    51.7,    71.5,    76.1,    44.1,    42.2,    58.5,    62.5,     0.0,     0.0,     0.0,     0.0,     0.0,     0.0,     0.0,     0.0,"(Contracts of about 352 MWh)","064396","IFED","064 ","N16","FutOnly"
"PJM AEP DAYTON RT OFF-PK FIXED - ICE FUTURES ENERGY DIV",260929,2026-09-29,06439A,IFED,01,064 ,   60862,   25688,   30273,     663,   10709,    3640,    7017,    8809,    2758,   19535,    2654,    1290,   60591,   60133,     271,     729,   60862,   25688,   30273,     663,   10709,    3640,    7017,    8809,    2758,   19535,    2654,    1290,   60591,   60133,     271,     729,       0,       0,       0,       0,       0,       0,       0,       0,       0,       0,       0,       0,       0,       0,       0,       0,    1775,   -1440,     701,     -33,     389,     605,    2851,     115,     -46,     296,     398,    -115,    2118,    2047,    -343,    -272,  100.0,   42.2,   49.7,    1.1,   17.6,    6.0,   11.5,   14.5,    4.5,   32.1,    4.4,    2.1,   99.6,   98.8,    0.4,    1.2,  100.0,   42.2,   49.7,    1.1,   17.6,    6.0,   11.5,   14.5,    4.5,   32.1,    4.4,    2.1,   99.6,   98.8,    0.4,    1.2,  100.0,    0.0,    0.0,    0.0,    0.0,    0.0,    0.0,    0.0,    0.0,    0.0,    0.0,    0.0,    0.0,    0.0,    0.0,    0.0,     50,     24,     22,.,      6,      7,.,      4,.,      6,      5,      7,     44,     44,     50,     24,     22,.,      6,      7,.,      4,.,      6,      5,      7,     44,     44,      0,      0,      0,      0,      0,      0,      0,      0,      0,      0,      0,      0,      0,      0,    55.7,    31.4,    67.0,    52.2,    49.7,    25.3,    53.7,    41.0,    55.7,    31.4,    67.0,    52.2,    49.7,    25.3,    53.7,    41.0,     0.0,     0.0,     0.0,     0.0,     0.0,     0.0,     0.0,     0.0,"(Contracts of about 352 MWh)","06439A","IFED","064 ","N16","FutOnly"
"PJM AEP DAYTON RT PEAK FIXED - ICE FUTURES ENERGY DIV",260929,2026-09-29,06439B,IFED,01,064 ,   78025,   36486,   45108,    1798,    9756,    5163,    8902,    8901,    4113,   19265,    2872,    1349,   77076,   77262,     949,     763,   78025,   36486,   45108,    1798,    9756,    5163,    8902,    8901,    4113,   19265,    2872,    1349,   77076,   77262,     949,     763,       0,       0,       0,       0,       0,       0,       0,       0,       0,       0,       0,       0,       0,       0,       0,       0,    3052,    2701,    1485,    -490,    1148,     489,    -255,    -208,     158,     459,     228,     -14,    3048,    3286,       4,    -234,  100.0,   46.8,   57.8,    2.3,   12.5,    6.6,   11.4,   11.4,    5.3,   24.7,    3.7,    1.7,   98.8,   99.0,    1.2,    1.0,  100.0,   46.8,   57.8,    2.3,   12.5,    6.6,   11.4,   11.4,    5.3,   24.7,    3.7,    1.7,   98.8,   99.0,    1.2,    1.0,  100.0,    0.0,    0.0,    0.0,    0.0,    0.0,    0.0,    0.0,    0.0,    0.0,    0.0,    0.0,    0.0,    0.0,    0.0,    0.0,     64,     28,     27,.,      5,      7,      7,      4,.,      8,      7,     10,     57,     52,     64,     28,     27,.,      5,      7,      7,      4,.,      8,      7,     10,     57,     52,      0,      0,      0,      0,      0,      0,      0,      0,      0,      0,      0,      0,      0,      0,    43.4,    39.7,    60.5,    55.5,    38.4,    35.4,    49.0,    46.8,    43.4,    39.7,    60.5,    55.5,    38.4,    35.4,    49.0,    46.8,     0.0,     0.0,     0.0,     0.0,     0.0,     0.0,     0.0,     0.0,"(Contracts of 800 MWh)","06439B","IFED","064 ","N16","FutOnly"
"PJM AEP DAYTON HUB DA OFF-PK  - ICE FUTURES ENERGY DIV",260929,2026-09-29,06439C,IFED,01,064 ,   54570,   25959,   11008,    3739,   26030,     773,       0,    1528,    2394,   19420,   11250,    1081,   53366,   54064,    1204,     506,   54570,   25959,   11008,    3739,   26030,     773,       0,    1528,    2394,   19420,   11250,    1081,   53366,   54064,    1204,     506,       0,       0,       0,       0,       0,       0,       0,       0,       0,       0,       0,       0,       0,       0,       0,       0,     388,      32,     160,      33,     244,      -2,       0,      33,     -33,     238,    -142,     108,     376,     368,      12,      20,  100.0,   47.6,   20.2,    6.9,   47.7,    1.4,    0.0,    2.8,    4.4,   35.6,   20.6,    2.0,   97.8,   99.1,    2.2,    0.9,  100.0,   47.6,   20.2,    6.9,   47.7,    1.4,    0.0,    2.8,    4.4,   35.6,   20.6,    2.0,   97.8,   99.1,    2.2,    0.9,  100.0,    0.0,    0.0,    0.0,    0.0,    0.0,    0.0,    0.0,    0.0,    0.0,    0.0,    0.0,    0.0,    0.0,    0.0,    0.0,     56,     25,     24,      4,      5,      5,      0,.,.,      9,      7,      7,     43,     46,     56,     25,     24,      4,      5,      5,      0,.,.,      9,      7,      7,     43,     46,      0,      0,      0,      0,      0,      0,      0,      0,      0,      0,      0,      0,      0,      0,    46.2,    67.0,    63.4,    80.0,    45.8,    63.1,    59.4,    72.2,    46.2,    67.0,    63.4,    80.0,    45.8,    63.1,    59.4,    72.2,     0.0,     0.0,     0.0,     0.0,     0.0,     0.0,     0.0,     0.0,"(Contracts of about 352 MWh)","06439C","IFED","064 ","N16","FutOnly"
"AEP DAYTON HUB DA PEAK DAILY - ICE FUTURES ENERGY DIV",260929,2026-09-29,06439E,IFED,01,064 ,    6700,    5950,    5850,       0,     450,       0,     200,     150,      50,     350,       0,     100,    6650,    6600,      50,     100,    6700,    5950,    5850,       0,     450,       0,     200,     150,      50,     350,       0,     100,    6650,    6600,      50,     100,       0,       0,       0,       0,       0,       0,       0,       0,       0,       0,       0,       0,       0,       0,       0,       0,.,.,.,.,.,.,.,.,.,.,.,.,.,.,.,.,  100.0,   88.8,   87.3,    0.0,    6.7,    0.0,    3.0,    2.2,    0.7,    5.2,    0.0,    1.5,   99.3,   98.5,    0.7,    1.5,  100.0,   88.8,   87.3,    0.0,    6.7,    0.0,    3.0,    2.2,    0.7,    5.2,    0.0,    1.5,   99.3,   98.5,    0.7,    1.5,  100.0,    0.0,    0.0,    0.0,    0.0,    0.0,    0.0,    0.0,    0.0,    0.0,    0.0,    0.0,    0.0,    0.0,    0.0,    0.0,     24,     10,      9,      0,.,      0,.,.,.,.,      0,.,     16,     14,     24,     10,      9,      0,.,      0,.,.,.,.,      0,.,     16,     14,      0,      0,      0,      0,      0,      0,      0,      0,      0,      0,      0,      0,      0,      0,    83.6,    76.1,    92.5,    91.8,    81.3,    73.9,    89.6,    88.8,    83.6,    76.1,    92.5,    91.8,    81.3,    73.9,    89.6,    88.8,     0.0,     0.0,     0.0,     0.0,     0.0,     0.0,     0.0,     0.0,"(Contracts of about 16 MWh)","06439E","IFED","064 ","N16","FutOnly"
"PJM AEP DAYTON DA PEAK - ICE FUTURES ENERGY DIV",260929,2026-09-29,06439F,IFED,01,064 ,   63213,   32134,   19181,    5059,   25172,    1539,       0,    1024,    2997,   18998,   11733,    1079,   61806,   62725,    1407,     488,   63213,   32134,   19181,    5059,   25172,    1539,       0,    1024,    2997,   18998,   11733,    1079,   61806,   62725,    1407,     488,       0,       0,       0,       0,       0,       0,       0,       0,       0,       0,       0,       0,       0,       0,       0,       0,     290,     110,     123,      22,      73,     -23,       0,     186,    -146,     174,     -79,     136,     273,     270,      17,      20,  100.0,   50.8,   30.3,    8.0,   39.8,    2.4,    0.0,    1.6,    4.7,   30.1,   18.6,    1.7,   97.8,   99.2,    2.2,    0.8,  100.0,   50.8,   30.3,    8.0,   39.8,    2.4,    0.0,    1.6,    4.7,   30.1,   18.6,    1.7,   97.8,   99.2,    2.2,    0.8,  100.0,    0.0,    0.0,    0.0,    0.0,    0.0,    0.0,    0.0,    0.0,    0.0,    0.0,    0.0,    0.0,    0.0,    0.0,    0.0,     66,     29,     27,      5,      4,      4,      0,.,.,      8,     12,      9,     46,     56,     66,     29,     27,      5,      4,      4,      0,.,.,      8,     12,      9,     46,     56,      0,      0,      0,      0,      0,      0,      0,      0,      0,      0,      0,      0,      0,      0,    40.8,    61.9,    57.4,    78.5,    39.7,    59.3,    54.0,    70.6,    40.8,    61.9,    57.4,    78.5,    39.7,    59.3,    54.0,    70.6,     0.0,     0.0,     0.0,     0.0,     0.0,     0.0,     0.0,     0.0,"(Contracts of about 352 MWh)","06439F","IFED","064 ","N16","FutOnly"
"MISO INDIANA  OFF-PEAK - ICE FUTURES ENERGY DIV",260929,2026-09-29,06439K,IFED,01,064 ,   41369,   38003,   21956,     100,    6772,    2441,       0,     415,      85,       0,    9355,     210,   40839,   41234,     530,     135,   41369,   38003,   21956,     100,    6772,    2441,       0,     415,      85,       0,    9355,     210,   40839,   41234,     530,     135,       0,       0,       0,       0,       0,       0,       0,       0,       0,       0,       0,       0,       0,       0,       0,       0,     337,     245,      87,       0,     -27,      92,       0,       0,       0,       0,     -20,     210,     547,     342,    -210,      -5,  100.0,   91.9,   53.1,    0.2,   16.4,    5.9,    0.0,    1.0,    0.2,    0.0,   22.6,    0.5,   98.7,   99.7,    1.3,    0.3,  100.0,   91.9,   53.1,    0.2,   16.4,    5.9,    0.0,    1.0,    0.2,    0.0,   22.6,    0.5,   98.7,   99.7,    1.3,    0.3,  100.0,    0.0,    0.0,    0.0,    0.0,    0.0,    0.0,    0.0,    0.0,    0.0,    0.0,    0.0,    0.0,    0.0,    0.0,    0.0,     30,     19,     14,.,      4,.,      0,.,.,      0,.,.,     26,     23,     30,     19,     14,.,      4,.,      0,.,.,      0,.,.,     26,     23,      0,      0,      0,      0,      0,      0,      0,      0,      0,      0,      0,      0,      0,      0,    81.4,    56.3,    91.0,    80.8,    70.5,    49.6,    73.9,    69.0,    81.4,    56.3,    91.0,    80.8,    70.5,    49.6,    73.9,    69.0,     0.0,     0.0,     0.0,     0.0,     0.0,     0.0,     0.0,     0.0,"(Contracts of about 352 MWh)","06439K","IFED","064 ","N16","FutOnly"
"MISO IN. REAL-TIME OFF-PEAK - ICE FUTURES ENERGY DIV",260929,2026-09-29,06439L,IFED,01,064 ,   31908,   20953,   19307,    2468,    1770,    3119,    3974,    2314,       0,       0,    3783,    1090,   31604,   31383,     304,     525,   31908,   20953,   19307,    2468,    1770,    3119,    3974,    2314,       0,       0,    3783,    1090,   31604,   31383,     304,     525,       0,       0,       0,       0,       0,       0,       0,       0,       0,       0,       0,       0,       0,       0,       0,       0,    1359,     187,    1278,    1146,     274,    -199,      94,       5,       0,       0,    -150,     150,    1378,    1358,     -19,       1,  100.0,   65.7,   60.5,    7.7,    5.5,    9.8,   12.5,    7.3,    0.0,    0.0,   11.9,    3.4,   99.0,   98.4,    1.0,    1.6,  100.0,   65.7,   60.5,    7.7,    5.5,    9.8,   12.5,    7.3,    0.0,    0.0,   11.9,    3.4,   99.0,   98.4,    1.0,    1.6,  100.0,    0.0,    0.0,    0.0,    0.0,    0.0,    0.0,    0.0,    0.0,    0.0,    0.0,    0.0,    0.0,    0.0,    0.0,    0.0,     31,     18,     15,.,.,.,.,.,      0,      0,.,.,     24,     25,     31,     18,     15,.,.,.,.,.,      0,      0,.,.,     24,     25,      0,      0,      0,      0,      0,      0,      0,      0,      0,      0,      0,      0,      0,      0,    56.3,    48.8,    75.8,    77.6,    40.9,    40.9,    55.5,    58.8,    56.3,    48.8,    75.8,    77.6,    40.9,    40.9,    55.5,    58.8,     0.0,     0.0,     0.0,     0.0,     0.0,     0.0,     0.0,     0.0,"(Contracts of about 352 MWh)","06439L","IFED","064 ","N16","FutOnly"
"ERCOT HOUSTON 345KV RT PK FIX - ICE FUTURES ENERGY DIV",260929,2026-09-29,06439N,IFED,01,064 ,   41553,   23930,   32849,    1550,    3849,    3305,    3951,      50,     200,    7105,     320,     980,   41021,   41553,     532,       0,   41553,   23930,   32849,    1550,    3849,    3305,    3951,      50,     200,    7105,     320,     980,   41021,   41553,     532,       0,       0,       0,       0,       0,       0,       0,       0,       0,       0,       0,       0,       0,       0,       0,       0,       0,    -600,    -600,    -600,       0,       0,       0,       0,       0,       0,       0,       0,       0,    -600,    -600,       0,       0,  100.0,   57.6,   79.1,    3.7,    9.3,    8.0,    9.5,    0.1,    0.5,   17.1,    0.8,    2.4,   98.7,  100.0,    1.3,    0.0,  100.0,   57.6,   79.1,    3.7,    9.3,    8.0,    9.5,    0.1,    0.5,   17.1,    0.8,    2.4,   98.7,  100.0,    1.3,    0.0,  100.0,    0.0,    0.0,    0.0,    0.0,    0.0,    0.0,    0.0,    0.0,    0.0,    0.0,    0.0,    0.0,    0.0,    0.0,    0.0,     35,     17,     14,.,.,      4,.,.,.,.,.,      4,     28,     25,     35,     17,     14,.,.,      4,.,.,.,.,.,      4,     28,     25,      0,      0,      0,      0,      0,      0,      0,      0,      0,      0,      0,      0,      0,      0,    35.7,    69.8,    55.9,    84.8,    34.0,    69.7,    51.2,    75.9,    35.7,    69.8,    55.9,    84.8,    34.0,    69.7,    51.2,    75.9,     0.0,     0.0,     0.0,     0.0,     0.0,     0.0,     0.0,     0.0,"(Contracts of about 352 MWh)","06439N","IFED","064 ","N16","FutOnly"
"ERCOT Houston 345KV RT OFF FIX - ICE FUTURES ENERGY DIV",260929,2026-09-29,06439Q,IFED,01,064 ,   40483,   22710,   31724,    1075,    4029,    3620,    3951,      50,     200,    7595,       0,     860,   40011,   40483,     472,       0,   40483,   22710,   31724,    1075,    4029,    3620,    3951,      50,     200,    7595,       0,     860,   40011,   40483,     472,       0,       0,       0,       0,       0,       0,       0,       0,       0,       0,       0,       0,       0,       0,       0,       0,       0,    -600,    -600,    -600,       0,       0,       0,       0,       0,       0,       0,       0,       0,    -600,    -600,       0,       0,  100.0,   56.1,   78.4,    2.7,   10.0,    8.9,    9.8,    0.1,    0.5,   18.8,    0.0,    2.1,   98.8,  100.0,    1.2,    0.0,  100.0,   56.1,   78.4,    2.7,   10.0,    8.9,    9.8,    0.1,    0.5,   18.8,    0.0,    2.1,   98.8,  100.0,    1.2,    0.0,  100.0,    0.0,    0.0,    0.0,    0.0,    0.0,    0.0,    0.0,    0.0,    0.0,    0.0,    0.0,    0.0,    0.0,    0.0,    0.0,     34,     16,     13,.,.,      4,.,.,.,      4,      0,.,     26,     23,     34,     16,     13,.,.,      4,.,.,.,      4,      0,.,     26,     23,      0,      0,      0,      0,      0,      0,      0,      0,      0,      0,      0,      0,      0,      0,    36.4,    70.2,    56.6,    85.6,    35.2,    69.9,    52.5,    76.1,    36.4,    70.2,    56.6,    85.6,    35.2,    69.9,    52.5,    76.1,     0.0,     0.0,     0.0,     0.0,     0.0,     0.0,     0.0,     0.0,"(Contracts of about 352 MWh)","06439Q","IFED","064 ","N16","FutOnly"
"ERCOT NORTH 345KV RT PK FIX - ICE FUTURES ENERGY DIV",260929,2026-09-29,06439R,IFED,01,064 ,  267856,  117449,  180111,   14232,   22677,   13884,   69904,    6433,   20620,   22803,   15916,    7635,  266527,  267276,    1329,     580,  267856,  117449,  180111,   14232,   22677,   13884,   69904,    6433,   20620,   22803,   15916,    7635,  266527,  267276,    1329,     580,       0,       0,       0,       0,       0,       0,       0,       0,       0,       0,       0,       0,       0,       0,       0,       0,     565,     394,    1730,    -103,    -860,     306,      -7,     -34,     -21,      16,    -557,       6,     591,     570,     -26,      -5,  100.0,   43.8,   67.2,    5.3,    8.5,    5.2,   26.1,    2.4,    7.7,    8.5,    5.9,    2.9,   99.5,   99.8,    0.5,    0.2,  100.0,   43.8,   67.2,    5.3,    8.5,    5.2,   26.1,    2.4,    7.7,    8.5,    5.9,    2.9,   99.5,   99.8,    0.5,    0.2,  100.0,    0.0,    0.0,    0.0,    0.0,    0.0,    0.0,    0.0,    0.0,    0.0,    0.0,    0.0,    0.0,    0.0,    0.0,    0.0,    117,     43,     41,.,      7,      8,     13,     16,     12,     15,     13,     18,     93,     97,    117,     43,     41,.,      7,      8,     13,     16,     12,     15,     13,     18,     93,     97,      0,      0,      0,      0,      0,      0,      0,      0,      0,      0,      0,      0,      0,      0,    33.6,    37.6,    53.3,    53.6,    25.0,    32.1,    39.5,    41.0,    33.6,    37.6,    53.3,    53.6,    25.0,    32.1,    39.5,    41.0,     0.0,     0.0,     0.0,     0.0,     0.0,     0.0,     0.0,     0.0,"(1 Mw per Peak Hour)","06439R","IFED","064 ","N16","FutOnly"
"ERCOT SOUTH 345 KV RT PEAK FIX - ICE FUTURES ENERGY DIV",260929,2026-09-29,06439S,IFED,01,064 ,   28544,   22520,   15800,    4405,    8132,     548,       0,    3300,       0,     450,      10,     350,   28273,   28140,     271,     404,   28544,   22520,   15800,    4405,    8132,     548,       0,    3300,       0,     450,      10,     350,   28273,   28140,     271,     404,       0,       0,       0,       0,       0,       0,       0,       0,       0,       0,       0,       0,       0,       0,       0,       0,     265,     265,     115,       0,     150,       0,       0,       0,       0,       0,       0,       0,     265,     265,       0,       0,  100.0,   78.9,   55.4,   15.4,   28.5,    1.9,    0.0,   11.6,    0.0,    1.6,    0.0,    1.2,   99.1,   98.6,    0.9,    1.4,  100.0,   78.9,   55.4,   15.4,   28.5,    1.9,    0.0,   11.6,    0.0,    1.6,    0.0,    1.2,   99.1,   98.6,    0.9,    1.4,  100.0,    0.0,    0.0,    0.0,    0.0,    0.0,    0.0,    0.0,    0.0,    0.0,    0.0,    0.0,    0.0,    0.0,    0.0,    0.0,     26,     13,      9,.,.,.,      0,.,      0,.,.,.,     19,     15,     26,     13,      9,.,.,.,      0,.,      0,.,.,.,     19,     15,      0,      0,      0,      0,      0,      0,      0,      0,      0,      0,      0,      0,      0,      0,    52.1,    52.4,    77.0,    87.8,    52.1,    52.4,    74.1,    85.4,    52.1,    52.4,    77.0,    87.8,    52.1,    52.4,    74.1,    85.4,     0.0,     0.0,     0.0,     0.0,     0.0,     0.0,     0.0,     0.0,"(1 Mw per Peak Hour)","06439S","IFED","064 ","N16","FutOnly"
"ERCOT-SOUTH MONTHLY OFFPEAK - ICE FUTURES ENERGY DIV",260929,2026-09-29,06439U,IFED,01,064 ,   27854,   21578,   15742,    4405,    7248,     800,       0,    3300,       0,     450,      10,     350,   27583,   27450,     271,     404,   27854,   21578,   15742,    4405,    7248,     800,       0,    3300,       0,     450,      10,     350,   27583,   27450,     271,     404,       0,       0,       0,       0,       0,       0,       0,       0,       0,       0,       0,       0,       0,       0,       0,       0,     326,     326,     176,       0,     150,       0,       0,       0,       0,       0,       0,       0,     326,     326,       0,       0,  100.0,   77.5,   56.5,   15.8,   26.0,    2.9,    0.0,   11.8,    0.0,    1.6,    0.0,    1.3,   99.0,   98.5,    1.0,    1.5,  100.0,   77.5,   56.5,   15.8,   26.0,    2.9,    0.0,   11.8,    0.0,    1.6,    0.0,    1.3,   99.0,   98.5,    1.0,    1.5,  100.0,    0.0,    0.0,    0.0,    0.0,    0.0,    0.0,    0.0,    0.0,    0.0,    0.0,    0.0,    0.0,    0.0,    0.0,    0.0,     26,     13,     10,.,.,.,      0,.,      0,.,.,.,     19,     16,     26,     13,     10,.,.,.,      0,.,      0,.,.,.,     19,     16,      0,      0,      0,      0,      0,      0,      0,      0,      0,      0,      0,      0,      0,      0,    53.4,    53.7,    75.6,    87.5,    53.4,    53.7,    71.6,    84.2,    53.4,    53.7,    75.6,    87.5,    53.4,    53.7,    71.6,    84.2,     0.0,     0.0,     0.0,     0.0,     0.0,     0.0,     0.0,     0.0,"(1 MW per off-peak hour)","06439U","IFED","064 ","N16","FutOnly"
"ERCOT WEST 345KV RT PEAK - ICE FUTURES ENERGY DIV",260929,2026-09-29,06439V,IFED,01,064 ,   33410,   17294,   26666,   12926,       0,    1495,       0,    1822,     400,     600,    2068,     521,   33236,   32972,     174,     438,   33410,   17294,   26666,   12926,       0,    1495,       0,    1822,     400,     600,    2068,     521,   33236,   32972,     174,     438,       0,       0,       0,       0,       0,       0,       0,       0,       0,       0,       0,       0,       0,       0,       0,       0,     160,      10,      90,     150,       0,       0,       0,     150,       0,       0,     -80,       0,     160,     160,       0,       0,  100.0,   51.8,   79.8,   38.7,    0.0,    4.5,    0.0,    5.5,    1.2,    1.8,    6.2,    1.6,   99.5,   98.7,    0.5,    1.3,  100.0,   51.8,   79.8,   38.7,    0.0,    4.5,    0.0,    5.5,    1.2,    1.8,    6.2,    1.6,   99.5,   98.7,    0.5,    1.3,  100.0,    0.0,    0.0,    0.0,    0.0,    0.0,    0.0,    0.0,    0.0,    0.0,    0.0,    0.0,    0.0,    0.0,    0.0,    0.0,     28,     15,     11,      5,      0,      4,      0,.,.,.,.,.,     24,     20,     28,     15,     11,      5,      0,      4,      0,.,.,.,.,.,     24,     20,      0,      0,      0,      0,      0,      0,      0,      0,      0,      0,      0,      0,      0,      0,    58.1,    62.2,    74.7,    85.6,    56.8,    56.5,    69.0,    77.4,    58.1,    62.2,    74.7,    85.6,    56.8,    56.5,    69.0,    77.4,     0.0,     0.0,     0.0,     0.0,     0.0,     0.0,     0.0,     0.0,"(1 MW per peak hour)","06439V","IFED","064 ","N16","FutOnly"
"ERCOT WEST 345K RT OFF-PEAK - ICE FUTURES ENERGY DIV",260929,2026-09-29,06439W,IFED,01,064 ,   33184,   17222,   26680,   12832,       0,    1435,       0,    1672,     400,     600,    2068,     521,   33010,   32776,     174,     408,   33184,   17222,   26680,   12832,       0,    1435,       0,    1672,     400,     600,    2068,     521,   33010,   32776,     174,     408,       0,       0,       0,       0,       0,       0,       0,       0,       0,       0,       0,       0,       0,       0,       0,       0,      10,      10,      90,       0,       0,       0,       0,       0,       0,       0,     -80,       0,      10,      10,       0,       0,  100.0,   51.9,   80.4,   38.7,    0.0,    4.3,    0.0,    5.0,    1.2,    1.8,    6.2,    1.6,   99.5,   98.8,    0.5,    1.2,  100.0,   51.9,   80.4,   38.7,    0.0,    4.3,    0.0,    5.0,    1.2,    1.8,    6.2,    1.6,   99.5,   98.8,    0.5,    1.2,  100.0,    0.0,    0.0,    0.0,    0.0,    0.0,    0.0,    0.0,    0.0,    0.0,    0.0,    0.0,    0.0,    0.0,    0.0,    0.0,     27,     15,     11,      5,      0,      4,      0,.,.,.,.,.,     24,     19,     27,     15,     11,      5,      0,      4,      0,.,.,.,.,.,     24,     19,      0,      0,      0,      0,      0,      0,      0,      0,      0,      0,      0,      0,      0,      0,    57.8,    62.7,    74.5,    86.2,    56.7,    56.9,    69.0,    78.0,    57.8,    62.7,    74.5,    86.2,    56.7,    56.9,    69.0,    78.0,     0.0,     0.0,     0.0,     0.0,     0.0,     0.0,     0.0,     0.0,"(1 MW per Off-Peak Hour)","06439W","IFED","064 ","N16","FutOnly"
"ERCOT NORTH 345KV DA PK DLY FI - ICE FUTURES ENERGY DIV",260929,2026-09-29,0643A5,IFED,01,064 ,    9450,    3700,    2150,    3600,       0,     150,     100,    2050,     500,    1250,    4500,     100,    9400,    9450,      50,       0,    9450,    3700,    2150,    3600,       0,     150,     100,    2050,     500,    1250,    4500,     100,    9400,    9450,      50,       0,       0,       0,       0,       0,       0,       0,       0,       0,       0,       0,       0,       0,       0,       0,       0,       0,    3200,    1200,   -1550,    2000,       0,     150,    -550,    1650,     100,     400,    3000,    -100,    3200,    3250,       0,     -50,  100.0,   39.2,   22.8,   38.1,    0.0,    1.6,    1.1,   21.7,    5.3,   13.2,   47.6,    1.1,   99.5,  100.0,    0.5,    0.0,  100.0,   39.2,   22.8,   38.1,    0.0,    1.6,    1.1,   21.7,    5.3,   13.2,   47.6,    1.1,   99.5,  100.0,    0.5,    0.0,  100.0,    0.0,    0.0,    0.0,    0.0,    0.0,    0.0,    0.0,    0.0,    0.0,    0.0,    0.0,    0.0,    0.0,    0.0,    0.0,     22,      9,      8,.,      0,.,.,.,.,.,      5,.,     15,     16,     22,      9,      8,.,      0,.,.,.,.,.,      5,.,     15,     16,      0,      0,      0,      0,      0,      0,      0,      0,      0,      0,      0,      0,      0,      0,    82.5,    73.5,    94.2,    89.9,    77.2,    67.7,    83.6,    80.4,    82.5,    73.5,    94.2,    89.9,    77.2,    67.7,    83.6,    80.4,     0.0,     0.0,     0.0,     0.0,     0.0,     0.0,     0.0,     0.0,"Megawatt Hours (MWh)","0643A5","IFED","064 ","N16","FutOnly"
"ERCOT NORTH 345K RT OFFPK DLY  - ICE FUTURES ENERGY DIV",260929,2026-09-29,0643A7,IFED,01,064 ,    6728,    1640,    3496,      56,       0,      80,    4024,       0,      32,      96,    2128,       0,    5928,    5736,     800,     992,    6728,    1640,    3496,      56,       0,      80,    4024,       0,      32,      96,    2128,       0,    5928,    5736,     800,     992,       0,       0,       0,       0,       0,       0,       0,       0,       0,       0,       0,       0,       0,       0,       0,       0,.,.,.,.,.,.,.,.,.,.,.,.,.,.,.,.,  100.0,   24.4,   52.0,    0.8,    0.0,    1.2,   59.8,    0.0,    0.5,    1.4,   31.6,    0.0,   88.1,   85.3,   11.9,   14.7,  100.0,   24.4,   52.0,    0.8,    0.0,    1.2,   59.8,    0.0,    0.5,    1.4,   31.6,    0.0,   88.1,   85.3,   11.9,   14.7,  100.0,    0.0,    0.0,    0.0,    0.0,    0.0,    0.0,    0.0,    0.0,    0.0,    0.0,    0.0,    0.0,    0.0,    0.0,    0.0,     23,      6,     15,.,      0,.,.,      0,.,.,.,      0,     11,     19,     23,      6,     15,.,      0,.,.,      0,.,.,.,      0,     11,     19,      0,      0,      0,      0,      0,      0,      0,      0,      0,      0,      0,      0,      0,      0,    76.7,    53.4,    86.0,    69.4,    72.4,    47.4,    76.8,    62.7,    76.7,    53.4,    86.0,    69.4,    72.4,    47.4,    76.8,    62.7,     0.0,     0.0,     0.0,     0.0,     0.0,     0.0,     0.0,     0.0,"50MWh","0643A7","IFED","064 ","N16","FutOnly"
"ERCOT - NORTH MONTHLY OFF-PEAK - ICE FUTURES ENERGY DIV",260929,2026-09-29,0643A8,IFED,01,064 ,  118633,   85828,   81808,   11875,    6261,   10200,    3715,    3711,    4570,     300,   10039,    1341,  117829,  117930,     804,     703,  118633,   85828,   81808,   11875,    6261,   10200,    3715,    3711,    4570,     300,   10039,    1341,  117829,  117930,     804,     703,       0,       0,       0,       0,       0,       0,       0,       0,       0,       0,       0,       0,       0,       0,       0,       0,    1195,     775,    1165,      30,    -350,     350,       0,      30,       0,       0,     -40,      40,    1195,    1195,       0,       0,  100.0,   72.3,   69.0,   10.0,    5.3,    8.6,    3.1,    3.1,    3.9,    0.3,    8.5,    1.1,   99.3,   99.4,    0.7,    0.6,  100.0,   72.3,   69.0,   10.0,    5.3,    8.6,    3.1,    3.1,    3.9,    0.3,    8.5,    1.1,   99.3,   99.4,    0.7,    0.6,  100.0,    0.0,    0.0,    0.0,    0.0,    0.0,    0.0,    0.0,    0.0,    0.0,    0.0,    0.0,    0.0,    0.0,    0.0,    0.0,     48,     25,     22,.,      4,      5,.,.,.,.,      8,      5,     38,     41,     48,     25,     22,.,      4,      5,.,.,.,.,      8,      5,     38,     41,      0,      0,      0,      0,      0,      0,      0,      0,      0,      0,      0,      0,      0,      0,    42.8,    43.7,    69.2,    62.3,    38.7,    40.1,    61.1,    54.4,    42.8,    43.7,    69.2,    62.3,    38.7,    40.1,    61.1,    54.4,     0.0,     0.0,     0.0,     0.0,     0.0,     0.0,     0.0,     0.0,"1 Mw per Off-Peak Hour","0643A8","IFED","064 ","N16","FutOnly"
"MISO IN. DAY-AHEAD PEAK - ICE FUTURES ENERGY DIV",260929,2026-09-29,0643AZ,IFED,01,064 ,   24526,   20536,   10430,     200,    7624,    2115,       0,    1067,     125,     700,    2625,     365,   24041,   24351,     485,     175,   24526,   20536,   10430,     200,    7624,    2115,       0,    1067,     125,     700,    2625,     365,   24041,   24351,     485,     175,       0,       0,       0,       0,       0,       0,       0,       0,       0,       0,       0,       0,       0,       0,       0,       0,    1647,    1669,    1352,       5,      92,     -72,       0,     100,       0,      75,     184,       0,    1677,    1656,     -30,      -9,  100.0,   83.7,   42.5,    0.8,   31.1,    8.6,    0.0,    4.4,    0.5,    2.9,   10.7,    1.5,   98.0,   99.3,    2.0,    0.7,  100.0,   83.7,   42.5,    0.8,   31.1,    8.6,    0.0,    4.4,    0.5,    2.9,   10.7,    1.5,   98.0,   99.3,    2.0,    0.7,  100.0,    0.0,    0.0,    0.0,    0.0,    0.0,    0.0,    0.0,    0.0,    0.0,    0.0,    0.0,    0.0,    0.0,    0.0,    0.0,     39,     25,     14,.,      4,      4,      0,.,.,.,.,.,     35,     24,     39,     25,     14,.,      4,      4,      0,.,.,.,.,.,     35,     24,      0,      0,      0,      0,      0,      0,      0,      0,      0,      0,      0,      0,      0,      0,    57.9,    71.4,    74.6,    90.3,    48.8,    61.0,    63.7,    73.1,    57.9,    71.4,    74.6,    90.3,    48.8,    61.0,    63.7,    73.1,     0.0,     0.0,     0.0,     0.0,     0.0,     0.0,     0.0,     0.0,"(1 MW per peak hour)","0643AZ","IFED","064 ","N16","FutOnly"
"MISO INDIANA HUB RT PEAK - ICE FUTURES ENERGY DIV",260929,2026-09-29,0643B3,IFED,01,064 ,   40442,   22552,   23866,    8037,    1808,    1987,    4032,    3844,      35,      25,    5060,    3143,   39811,   39743,     631,     699,   40442,   22552,   23866,    8037,    1808,    1987,    4032,    3844,      35,      25,    5060,    3143,   39811,   39743,     631,     699,       0,       0,       0,       0,       0,       0,       0,       0,       0,       0,       0,       0,       0,       0,       0,       0,    1326,      35,    2358,    2243,    -130,   -1082,      30,     -50,      35,       0,     156,      55,    1316,    1342,      10,     -16,  100.0,   55.8,   59.0,   19.9,    4.5,    4.9,   10.0,    9.5,    0.1,    0.1,   12.5,    7.8,   98.4,   98.3,    1.6,    1.7,  100.0,   55.8,   59.0,   19.9,    4.5,    4.9,   10.0,    9.5,    0.1,    0.1,   12.5,    7.8,   98.4,   98.3,    1.6,    1.7,  100.0,    0.0,    0.0,    0.0,    0.0,    0.0,    0.0,    0.0,    0.0,    0.0,    0.0,    0.0,    0.0,    0.0,    0.0,    0.0,     37,     18,     18,.,.,.,      4,.,.,.,      4,.,     29,     29,     37,     18,     18,.,.,.,      4,.,.,.,      4,.,     29,     29,      0,      0,      0,      0,      0,      0,      0,      0,      0,      0,      0,      0,      0,      0,    54.4,    53.0,    77.2,    73.9,    46.2,    42.0,    59.6,    58.7,    54.4,    53.0,    77.2,    73.9,    46.2,    42.0,    59.6,    58.7,     0.0,     0.0,     0.0,     0.0,     0.0,     0.0,     0.0,     0.0,"(Contracts of 800 MWh)","0643B3","IFED","064 ","N16","FutOnly"
"PJM N. IL HUB DA OFF-PK  - ICE FUTURES ENERGY DIV",260929,2026-09-29,0643BC,IFED,01,064 ,   23944,   16868,   15359,    2832,    6440,     202,     600,     537,     718,    2290,     184,      25,   23535,   23465,     409,     479,   23944,   16868,   15359,    2832,    6440,     202,     600,     537,     718,    2290,     184,      25,   23535,   23465,     409,     479,       0,       0,       0,       0,       0,       0,       0,       0,       0,       0,       0,       0,       0,       0,       0,       0,     977,    1150,     373,       0,     749,     -50,       0,      12,     -12,     -20,     -13,     -12,    1056,    1047,     -79,     -70,  100.0,   70.4,   64.1,   11.8,   26.9,    0.8,    2.5,    2.2,    3.0,    9.6,    0.8,    0.1,   98.3,   98.0,    1.7,    2.0,  100.0,   70.4,   64.1,   11.8,   26.9,    0.8,    2.5,    2.2,    3.0,    9.6,    0.8,    0.1,   98.3,   98.0,    1.7,    2.0,  100.0,    0.0,    0.0,    0.0,    0.0,    0.0,    0.0,    0.0,    0.0,    0.0,    0.0,    0.0,    0.0,    0.0,    0.0,    0.0,     36,     18,     13,.,      6,.,.,.,.,.,.,.,     25,     25,     36,     18,     13,.,      6,.,.,.,.,.,.,.,     25,     25,      0,      0,      0,      0,      0,      0,      0,      0,      0,      0,      0,      0,      0,      0,    48.4,    70.1,    70.9,    85.0,    47.9,    69.2,    67.8,    80.3,    48.4,    70.1,    70.9,    85.0,    47.9,    69.2,    67.8,    80.3,     0.0,     0.0,     0.0,     0.0,     0.0,     0.0,     0.0,     0.0,"(1 MW per off-peak hour)","0643BC","IFED","064 ","N16","FutOnly"
"PJM N. IL HUB DA PEAK - ICE FUTURES ENERGY DIV",260929,2026-09-29,0643BE,IFED,01,064 ,   23098,   16453,   16319,    2596,    5186,     254,     600,      30,     495,    2232,     266,      65,   22695,   22615,     403,     483,   23098,   16453,   16319,    2596,    5186,     254,     600,      30,     495,    2232,     266,      65,   22695,   22615,     403,     483,       0,       0,       0,       0,       0,       0,       0,       0,       0,       0,       0,       0,       0,       0,       0,       0,     889,    1009,     234,       0,     679,     -67,       0,       0,       0,     -18,      46,     -18,     906,     874,     -17,      15,  100.0,   71.2,   70.7,   11.2,   22.5,    1.1,    2.6,    0.1,    2.1,    9.7,    1.2,    0.3,   98.3,   97.9,    1.7,    2.1,  100.0,   71.2,   70.7,   11.2,   22.5,    1.1,    2.6,    0.1,    2.1,    9.7,    1.2,    0.3,   98.3,   97.9,    1.7,    2.1,  100.0,    0.0,    0.0,    0.0,    0.0,    0.0,    0.0,    0.0,    0.0,    0.0,    0.0,    0.0,    0.0,    0.0,    0.0,    0.0,     37,     20,     14,.,      6,.,.,.,.,.,      4,.,     28,     27,     37,     20,     14,.,      6,.,.,.,.,.,      4,.,     28,     27,      0,      0,      0,      0,      0,      0,      0,      0,      0,      0,      0,      0,      0,      0,    47.4,    67.8,    67.9,    83.6,    46.4,    67.4,    66.2,    78.7,    47.4,    67.8,    67.9,    83.6,    46.4,    67.4,    66.2,    78.7,     0.0,     0.0,     0.0,     0.0,     0.0,     0.0,     0.0,     0.0,"(1 MW per peak hour)","0643BE","IFED","064 ","N16","FutOnly"
"ISO NE MASS HUB DA OFF-PK FIXD - ICE FUTURES ENERGY DIV",260929,2026-09-29,0643BF,IFED,01,064 ,   63317,   45279,   47624,    6443,    4819,    2187,       9,    5776,     500,    7906,    1630,     574,   62898,   63110,     419,     207,   63317,   45279,   47624,    6443,    4819,    2187,       9,    5776,     500,    7906,    1630,     574,   62898,   63110,     419,     207,       0,       0,       0,       0,       0,       0,       0,       0,       0,       0,       0,       0,       0,       0,       0,       0,      59,    1267,      52,     240,    -495,    -218,   -1017,     376,     225,    -606,     -69,     165,      56,      36,       3,      23,  100.0,   71.5,   75.2,   10.2,    7.6,    3.5,    0.0,    9.1,    0.8,   12.5,    2.6,    0.9,   99.3,   99.7,    0.7,    0.3,  100.0,   71.5,   75.2,   10.2,    7.6,    3.5,    0.0,    9.1,    0.8,   12.5,    2.6,    0.9,   99.3,   99.7,    0.7,    0.3,  100.0,    0.0,    0.0,    0.0,    0.0,    0.0,    0.0,    0.0,    0.0,    0.0,    0.0,    0.0,    0.0,    0.0,    0.0,    0.0,     49,     19,     18,      5,.,      5,.,      5,      4,      4,      6,      5,     37,     38,     49,     19,     18,      5,.,      5,.,      5,      4,      4,      6,      5,     37,     38,      0,      0,      0,      0,      0,      0,      0,      0,      0,      0,      0,      0,      0,      0,    46.7,    66.3,    68.1,    80.7,    46.5,    65.2,    66.8,    77.1,    46.7,    66.3,    68.1,    80.7,    46.5,    65.2,    66.8,    77.1,     0.0,     0.0,     0.0,     0.0,     0.0,     0.0,     0.0,     0.0,"(1 MW per Hour for about 368 Hours)","0643BF","IFED","064 ","N16","FutOnly"
"ISO NE MASS HUB DA PEAK - ICE FUTURES ENERGY DIV",260929,2026-09-29,0643BG,IFED,01,064 ,   84347,   61872,   58236,    7792,    5007,    1641,     900,   11024,    3072,    6198,    2654,    2374,   83849,   84008,     498,     339,   84347,   61872,   58236,    7792,    5007,    1641,     900,   11024,    3072,    6198,    2654,    2374,   83849,   84008,     498,     339,       0,       0,       0,       0,       0,       0,       0,       0,       0,       0,       0,       0,       0,       0,       0,       0,    -100,    -537,     233,     369,      37,     -79,      27,    -960,     201,    -415,     143,     293,    -141,    -132,      41,      32,  100.0,   73.4,   69.0,    9.2,    5.9,    1.9,    1.1,   13.1,    3.6,    7.3,    3.1,    2.8,   99.4,   99.6,    0.6,    0.4,  100.0,   73.4,   69.0,    9.2,    5.9,    1.9,    1.1,   13.1,    3.6,    7.3,    3.1,    2.8,   99.4,   99.6,    0.6,    0.4,  100.0,    0.0,    0.0,    0.0,    0.0,    0.0,    0.0,    0.0,    0.0,    0.0,    0.0,    0.0,    0.0,    0.0,    0.0,    0.0,     67,     20,     21,      6,      4,      5,      4,     10,      6,      5,     11,     11,     49,     54,     67,     20,     21,      6,      4,      5,      4,     10,      6,      5,     11,     11,     49,     54,      0,      0,      0,      0,      0,      0,      0,      0,      0,      0,      0,      0,      0,      0,    46.9,    59.4,    66.9,    73.6,    46.6,    56.8,    63.8,    69.2,    46.9,    59.4,    66.9,    73.6,    46.6,    56.8,    63.8,    69.2,     0.0,     0.0,     0.0,     0.0,     0.0,     0.0,     0.0,     0.0,"(Contracts of 800MWh)","0643BG","IFED","064 ","N16","FutOnly"
"CAISO NP-15 PEAK - ICE FUTURES ENERGY DIV",260929,2026-09-29,0643BM,IFED,01,064 ,   45221,   25184,   29726,   10994,       0,    1931,     427,    2727,    2835,    2137,    6464,    1389,   44897,   45072,     324,     149,   45221,   25184,   29726,   10994,       0,    1931,     427,    2727,    2835,    2137,    6464,    1389,   44897,   45072,     324,     149,       0,       0,       0,       0,       0,       0,       0,       0,       0,       0,       0,       0,       0,       0,       0,       0,     427,     350,     462,      -8,       0,       3,     -72,    -222,     159,      81,     101,     -72,     441,     431,     -14,      -4,  100.0,   55.7,   65.7,   24.3,    0.0,    4.3,    0.9,    6.0,    6.3,    4.7,   14.3,    3.1,   99.3,   99.7,    0.7,    0.3,  100.0,   55.7,   65.7,   24.3,    0.0,    4.3,    0.9,    6.0,    6.3,    4.7,   14.3,    3.1,   99.3,   99.7,    0.7,    0.3,  100.0,    0.0,    0.0,    0.0,    0.0,    0.0,    0.0,    0.0,    0.0,    0.0,    0.0,    0.0,    0.0,    0.0,    0.0,    0.0,     44,     21,     16,      6,      0,.,.,.,.,      4,.,      4,     38,     26,     44,     21,     16,      6,      0,.,.,.,.,      4,.,      4,     38,     26,      0,      0,      0,      0,      0,      0,      0,      0,      0,      0,      0,      0,      0,      0,    49.1,    69.3,    71.7,    88.0,    48.1,    67.2,    65.9,    77.4,    49.1,    69.3,    71.7,    88.0,    48.1,    67.2,    65.9,    77.4,     0.0,     0.0,     0.0,     0.0,     0.0,     0.0,     0.0,     0.0,"(Contracts of 400MWh)","0643BM","IFED","064 ","N16","FutOnly"
"CAISO NP-15 DA OFF-PK FIXED - ICE FUTURES ENERGY DIV",260929,2026-09-29,0643BR,IFED,01,064 ,   47046,   20634,   31007,   16580,     425,     129,     399,    8099,     934,    7528,    5823,     564,   46768,   46981,     278,      65,   47046,   20634,   31007,   16580,     425,     129,     399,    8099,     934,    7528,    5823,     564,   46768,   46981,     278,      65,       0,       0,       0,       0,       0,       0,       0,       0,       0,       0,       0,       0,       0,       0,       0,       0,     136,      60,     180,    -180,       0,       0,      35,     -84,      15,     151,       0,      40,     121,     151,      15,     -15,  100.0,   43.9,   65.9,   35.2,    0.9,    0.3,    0.8,   17.2,    2.0,   16.0,   12.4,    1.2,   99.4,   99.9,    0.6,    0.1,  100.0,   43.9,   65.9,   35.2,    0.9,    0.3,    0.8,   17.2,    2.0,   16.0,   12.4,    1.2,   99.4,   99.9,    0.6,    0.1,  100.0,    0.0,    0.0,    0.0,    0.0,    0.0,    0.0,    0.0,    0.0,    0.0,    0.0,    0.0,    0.0,    0.0,    0.0,    0.0,     36,     16,     15,      5,.,.,.,.,.,      5,.,.,     29,     23,     36,     16,     15,      5,.,.,.,.,.,      5,.,.,     29,     23,      0,      0,      0,      0,      0,      0,      0,      0,      0,      0,      0,      0,      0,      0,    55.3,    83.0,    75.9,    93.7,    54.9,    81.0,    72.8,    89.5,    55.3,    83.0,    75.9,    93.7,    54.9,    81.0,    72.8,    89.5,     0.0,     0.0,     0.0,     0.0,     0.0,     0.0,     0.0,     0.0,"(1 MW per Hour for about 386 Hours)","0643BR","IFED","064 ","N16","FutOnly"
"PJM NI HUB RT OFF-PK FIXED - ICE FUTURES ENERGY DIV",260929,2026-09-29,0643BS,IFED,01,064 ,   83900,   21453,   66737,    2217,   10954,    1252,   54084,       0,    3961,     200,      33,     267,   83434,   83204,     466,     696,   83900,   21453,   66737,    2217,   10954,    1252,   54084,       0,    3961,     200,      33,     267,   83434,   83204,     466,     696,       0,       0,       0,       0,       0,       0,       0,       0,       0,       0,       0,       0,       0,       0,       0,       0,    -105,     718,     193,     892,     -34,    -224,   -1124,       0,     -16,     -22,      33,     -33,     191,     -81,    -296,     -24,  100.0,   25.6,   79.5,    2.6,   13.1,    1.5,   64.5,    0.0,    4.7,    0.2,    0.0,    0.3,   99.4,   99.2,    0.6,    0.8,  100.0,   25.6,   79.5,    2.6,   13.1,    1.5,   64.5,    0.0,    4.7,    0.2,    0.0,    0.3,   99.4,   99.2,    0.6,    0.8,  100.0,    0.0,    0.0,    0.0,    0.0,    0.0,    0.0,    0.0,    0.0,    0.0,    0.0,    0.0,    0.0,    0.0,    0.0,    0.0,     36,     18,     17,.,      4,      5,      4,      0,.,.,.,.,     31,     26,     36,     18,     17,.,      4,      5,      4,      0,.,.,.,.,     31,     26,      0,      0,      0,      0,      0,      0,      0,      0,      0,      0,      0,      0,      0,      0,    74.7,    73.9,    86.8,    84.1,    69.9,    73.2,    78.9,    80.0,    74.7,    73.9,    86.8,    84.1,    69.9,    73.2,    78.9,    80.0,     0.0,     0.0,     0.0,     0.0,     0.0,     0.0,     0.0,     0.0,"(1 MW per Hour for about 386 Hours)","0643BS","IFED","064 ","N16","FutOnly"
"PJM N. IL HUB RT PEAK - ICE FUTURES ENERGY DIV",260929,2026-09-29,0643BT,IFED,01,064 ,   69979,   36430,   57720,    4093,    9949,    1064,   26318,       0,     967,     452,       0,      65,   69389,   69765,     590,     214,   69979,   36430,   57720,    4093,    9949,    1064,   26318,       0,     967,     452,       0,      65,   69389,   69765,     590,     214,       0,       0,       0,       0,       0,       0,       0,       0,       0,       0,       0,       0,       0,       0,       0,       0,    2097,     978,    2375,     646,    -115,    -205,     637,       0,      23,      43,       0,      31,    2153,    2109,     -56,     -12,  100.0,   52.1,   82.5,    5.8,   14.2,    1.5,   37.6,    0.0,    1.4,    0.6,    0.0,    0.1,   99.2,   99.7,    0.8,    0.3,  100.0,   52.1,   82.5,    5.8,   14.2,    1.5,   37.6,    0.0,    1.4,    0.6,    0.0,    0.1,   99.2,   99.7,    0.8,    0.3,  100.0,    0.0,    0.0,    0.0,    0.0,    0.0,    0.0,    0.0,    0.0,    0.0,    0.0,    0.0,    0.0,    0.0,    0.0,    0.0,     37,     20,     18,      4,.,      6,.,      0,.,      5,      0,.,     34,     29,     37,     20,     18,      4,.,      6,.,      0,.,      5,      0,.,     34,     29,      0,      0,      0,      0,      0,      0,      0,      0,      0,      0,      0,      0,      0,      0,    63.7,    71.5,    79.2,    86.2,    57.9,    70.3,    71.4,    75.9,    63.7,    71.5,    79.2,    86.2,    57.9,    70.3,    71.4,    75.9,     0.0,     0.0,     0.0,     0.0,     0.0,     0.0,     0.0,     0.0,"(Contracts of 800 MWh)","0643BT","IFED","064 ","N16","FutOnly"
"NYISO ZONE J DA PEAK - ICE FUTURES ENERGY DIV",260929,2026-09-29,0643BW,IFED,01,064 ,   11256,    5752,    6672,    1296,    1167,     612,       0,    2621,      40,    3142,       0,      20,   10862,   11132,     394,     124,   11256,    5752,    6672,    1296,    1167,     612,       0,    2621,      40,    3142,       0,      20,   10862,   11132,     394,     124,       0,       0,       0,       0,       0,       0,       0,       0,       0,       0,       0,       0,       0,       0,       0,       0,      90,      50,       0,      10,     125,     -45,       0,      10,       0,       0,       0,       0,      15,      90,      75,       0,  100.0,   51.1,   59.3,   11.5,   10.4,    5.4,    0.0,   23.3,    0.4,   27.9,    0.0,    0.2,   96.5,   98.9,    3.5,    1.1,  100.0,   51.1,   59.3,   11.5,   10.4,    5.4,    0.0,   23.3,    0.4,   27.9,    0.0,    0.2,   96.5,   98.9,    3.5,    1.1,  100.0,    0.0,    0.0,    0.0,    0.0,    0.0,    0.0,    0.0,    0.0,    0.0,    0.0,    0.0,    0.0,    0.0,    0.0,    0.0,     25,     10,      8,.,.,      4,      0,.,.,      4,      0,.,     20,     15,     25,     10,      8,.,.,      4,      0,.,.,      4,      0,.,     20,     15,      0,      0,      0,      0,      0,      0,      0,      0,      0,      0,      0,      0,      0,      0,    52.2,    66.3,    73.0,    87.4,    50.9,    63.7,    69.3,    81.9,    52.2,    66.3,    73.0,    87.4,    50.9,    63.7,    69.3,    81.9,     0.0,     0.0,     0.0,     0.0,     0.0,     0.0,     0.0,     0.0,"(Contracts of 800MWh)","0643BW","IFED","064 ","N16","FutOnly"
"NYISO ZONE J DA OFF-PK FIXED - ICE FUTURES ENERGY DIV",260929,2026-09-29,0643BX,IFED,01,064 ,    9636,    4653,    5876,    1091,    1005,     365,     100,    2245,      10,    2860,       0,      15,    9094,    9516,     542,     120,    9636,    4653,    5876,    1091,    1005,     365,     100,    2245,      10,    2860,       0,      15,    9094,    9516,     542,     120,       0,       0,       0,       0,       0,       0,       0,       0,       0,       0,       0,       0,       0,       0,       0,       0,      45,       0,       0,       0,      75,     -30,       0,       0,       0,       0,       0,       0,     -30,      45,      75,       0,  100.0,   48.3,   61.0,   11.3,   10.4,    3.8,    1.0,   23.3,    0.1,   29.7,    0.0,    0.2,   94.4,   98.8,    5.6,    1.2,  100.0,   48.3,   61.0,   11.3,   10.4,    3.8,    1.0,   23.3,    0.1,   29.7,    0.0,    0.2,   94.4,   98.8,    5.6,    1.2,  100.0,    0.0,    0.0,    0.0,    0.0,    0.0,    0.0,    0.0,    0.0,    0.0,    0.0,    0.0,    0.0,    0.0,    0.0,    0.0,     22,      8,      8,.,.,      4,.,.,.,.,      0,.,     17,     15,     22,      8,      8,.,.,      4,.,.,.,.,      0,.,     17,     15,      0,      0,      0,      0,      0,      0,      0,      0,      0,      0,      0,      0,      0,      0,    55.2,    67.3,    75.6,    87.5,    55.2,    64.2,    73.1,    82.9,    55.2,    67.3,    75.6,    87.5,    55.2,    64.2,    73.1,    82.9,     0.0,     0.0,     0.0,     0.0,     0.0,     0.0,     0.0,     0.0,"(1 MW for about 368 Hours)","0643BX","IFED","064 ","N16","FutOnly"
"NYISO ZONE A DA PEAK - ICE FUTURES ENERGY DIV",260929,2026-09-29,0643BY,IFED,01,064 ,   34156,   29818,   25558,     347,    3343,    1845,     333,    1229,     323,     155,     908,     436,   33257,   33642,     899,     514,   34156,   29818,   25558,     347,    3343,    1845,     333,    1229,     323,     155,     908,     436,   33257,   33642,     899,     514,       0,       0,       0,       0,       0,       0,       0,       0,       0,       0,       0,       0,       0,       0,       0,       0,     743,     593,     743,       8,     638,      -5,      10,    -240,      20,       0,    -165,     100,     726,    1091,      17,    -348,  100.0,   87.3,   74.8,    1.0,    9.8,    5.4,    1.0,    3.6,    0.9,    0.5,    2.7,    1.3,   97.4,   98.5,    2.6,    1.5,  100.0,   87.3,   74.8,    1.0,    9.8,    5.4,    1.0,    3.6,    0.9,    0.5,    2.7,    1.3,   97.4,   98.5,    2.6,    1.5,  100.0,    0.0,    0.0,    0.0,    0.0,    0.0,    0.0,    0.0,    0.0,    0.0,    0.0,    0.0,    0.0,    0.0,    0.0,    0.0,     36,     16,     15,.,      5,      6,.,      4,.,.,.,.,     30,     27,     36,     16,     15,.,      5,      6,.,      4,.,.,.,.,     30,     27,      0,      0,      0,      0,      0,      0,      0,      0,      0,      0,      0,      0,      0,      0,    68.7,    65.9,    82.3,    81.5,    67.2,    59.1,    74.7,    71.5,    68.7,    65.9,    82.3,    81.5,    67.2,    59.1,    74.7,    71.5,     0.0,     0.0,     0.0,     0.0,     0.0,     0.0,     0.0,     0.0,"(Contracts of 800MWh)","0643BY","IFED","064 ","N16","FutOnly"
"NYISO ZONE A DA OFF-PK FIX PR - ICE FUTURES ENERGY DIV",260929,2026-09-29,0643BZ,IFED,01,064 ,   34049,   28655,   25955,     731,    4485,    1387,    1248,     481,     589,      75,     319,     465,   33150,   33681,     899,     368,   34049,   28655,   25955,     731,    4485,    1387,    1248,     481,     589,      75,     319,     465,   33150,   33681,     899,     368,       0,       0,       0,       0,       0,       0,       0,       0,       0,       0,       0,       0,       0,       0,       0,       0,     479,     290,     440,       0,     100,     -14,       5,     -12,      10,      75,    -180,     120,     486,     464,      -7,      15,  100.0,   84.2,   76.2,    2.1,   13.2,    4.1,    3.7,    1.4,    1.7,    0.2,    0.9,    1.4,   97.4,   98.9,    2.6,    1.1,  100.0,   84.2,   76.2,    2.1,   13.2,    4.1,    3.7,    1.4,    1.7,    0.2,    0.9,    1.4,   97.4,   98.9,    2.6,    1.1,  100.0,    0.0,    0.0,    0.0,    0.0,    0.0,    0.0,    0.0,    0.0,    0.0,    0.0,    0.0,    0.0,    0.0,    0.0,    0.0,     36,     16,     14,.,      4,      4,.,.,.,.,.,.,     28,     24,     36,     16,     14,.,      4,      4,.,.,.,.,.,.,     28,     24,      0,      0,      0,      0,      0,      0,      0,      0,      0,      0,      0,      0,      0,      0,    66.2,    68.3,    78.3,    82.3,    61.2,    66.0,    69.2,    71.8,    66.2,    68.3,    78.3,    82.3,    61.2,    66.0,    69.2,    71.8,     0.0,     0.0,     0.0,     0.0,     0.0,     0.0,     0.0,     0.0,"(1MW for about 368 Hours)","0643BZ","IFED","064 ","N16","FutOnly"
"NYISO ZONE G DA PEAK - ICE FUTURES ENERGY DIV",260929,2026-09-29,0643C3,IFED,01,064 ,   26585,   19991,   12552,     741,    4479,    1962,     581,    2774,    1497,     365,    2406,     734,   25871,   26404,     714,     181,   26585,   19991,   12552,     741,    4479,    1962,     581,    2774,    1497,     365,    2406,     734,   25871,   26404,     714,     181,       0,       0,       0,       0,       0,       0,       0,       0,       0,       0,       0,       0,       0,       0,       0,       0,     475,     544,     444,     -14,     286,    -339,     230,     149,    -108,      99,     -14,      27,     439,     445,      36,      30,  100.0,   75.2,   47.2,    2.8,   16.8,    7.4,    2.2,   10.4,    5.6,    1.4,    9.1,    2.8,   97.3,   99.3,    2.7,    0.7,  100.0,   75.2,   47.2,    2.8,   16.8,    7.4,    2.2,   10.4,    5.6,    1.4,    9.1,    2.8,   97.3,   99.3,    2.7,    0.7,  100.0,    0.0,    0.0,    0.0,    0.0,    0.0,    0.0,    0.0,    0.0,    0.0,    0.0,    0.0,    0.0,    0.0,    0.0,    0.0,     46,     19,     16,.,      6,      7,.,      4,      4,.,      7,      4,     37,     37,     46,     19,     16,.,      6,      7,.,      4,      4,.,      7,      4,     37,     37,      0,      0,      0,      0,      0,      0,      0,      0,      0,      0,      0,      0,      0,      0,    45.4,    49.5,    65.3,    67.2,    42.6,    40.9,    56.8,    56.5,    45.4,    49.5,    65.3,    67.2,    42.6,    40.9,    56.8,    56.5,     0.0,     0.0,     0.0,     0.0,     0.0,     0.0,     0.0,     0.0,"(Contracts of 800MWh)","0643C3","IFED","064 ","N16","FutOnly"
"NYISO ZONE G DA OFF-PK - ICE FUTURES ENERGY DIV",260929,2026-09-29,0643C4,IFED,01,064 ,   23546,   17870,   11750,     820,    2993,    2160,     120,    2471,    1343,      50,    1778,     530,   22893,   23025,     653,     521,   23546,   17870,   11750,     820,    2993,    2160,     120,    2471,    1343,      50,    1778,     530,   22893,   23025,     653,     521,       0,       0,       0,       0,       0,       0,       0,       0,       0,       0,       0,       0,       0,       0,       0,       0,     536,     821,     397,    -407,     173,     -69,       0,    -424,     293,      50,     149,      17,     705,     536,    -169,       0,  100.0,   75.9,   49.9,    3.5,   12.7,    9.2,    0.5,   10.5,    5.7,    0.2,    7.6,    2.3,   97.2,   97.8,    2.8,    2.2,  100.0,   75.9,   49.9,    3.5,   12.7,    9.2,    0.5,   10.5,    5.7,    0.2,    7.6,    2.3,   97.2,   97.8,    2.8,    2.2,  100.0,    0.0,    0.0,    0.0,    0.0,    0.0,    0.0,    0.0,    0.0,    0.0,    0.0,    0.0,    0.0,    0.0,    0.0,    0.0,     38,     17,     16,.,      6,      7,.,.,.,.,      5,.,     30,     32,     38,     17,     16,.,      6,      7,.,.,.,.,      5,.,     30,     32,      0,      0,      0,      0,      0,      0,      0,      0,      0,      0,      0,      0,      0,      0,    45.2,    49.9,    66.0,    66.9,    42.3,    38.4,    57.5,    52.1,    45.2,    49.9,    66.0,    66.9,    42.3,    38.4,    57.5,    52.1,     0.0,     0.0,     0.0,     0.0,     0.0,     0.0,     0.0,     0.0,"(1MW for about 368 Hours)","0643C4","IFED","064 ","N16","FutOnly"
"PALO VERDE DA PEAK - ICE FUTURES ENERGY DIV",260929,2026-09-29,0643CB,IFED,01,064 ,   22997,   10204,   14620,    7038,    3549,    3299,       0,      67,    1180,    1090,     145,      79,   22890,   22939,     107,      58,   22997,   10204,   14620,    7038,    3549,    3299,       0,      67,    1180,    1090,     145,      79,   22890,   22939,     107,      58,       0,       0,       0,       0,       0,       0,       0,       0,       0,       0,       0,       0,       0,       0,       0,       0,    -136,    -146,    -276,      89,     394,    -239,       0,       0,       0,     150,       0,       0,    -146,    -121,      10,     -15,  100.0,   44.4,   63.6,   30.6,   15.4,   14.3,    0.0,    0.3,    5.1,    4.7,    0.6,    0.3,   99.5,   99.7,    0.5,    0.3,  100.0,   44.4,   63.6,   30.6,   15.4,   14.3,    0.0,    0.3,    5.1,    4.7,    0.6,    0.3,   99.5,   99.7,    0.5,    0.3,  100.0,    0.0,    0.0,    0.0,    0.0,    0.0,    0.0,    0.0,    0.0,    0.0,    0.0,    0.0,    0.0,    0.0,    0.0,    0.0,     39,     18,     18,      4,.,.,      0,.,.,      5,.,.,     31,     27,     39,     18,     18,      4,.,.,      0,.,.,      5,.,.,     31,     27,      0,      0,      0,      0,      0,      0,      0,      0,      0,      0,      0,      0,      0,      0,    51.2,    63.0,    70.4,    79.2,    39.4,    47.6,    52.1,    57.8,    51.2,    63.0,    70.4,    79.2,    39.4,    47.6,    52.1,    57.8,     0.0,     0.0,     0.0,     0.0,     0.0,     0.0,     0.0,     0.0,"(Contracts of 400MWh)","0643CB","IFED","064 ","N16","FutOnly"
"PALO VERDE DA OFF-PK FiXED PR - ICE FUTURES ENERGY DIV",260929,2026-09-29,0643CC,IFED,01,064 ,   18784,    5418,   12083,    7000,    4192,     601,    4026,     307,     940,     465,     284,     230,   18680,   18637,     104,     147,   18784,    5418,   12083,    7000,    4192,     601,    4026,     307,     940,     465,     284,     230,   18680,   18637,     104,     147,       0,       0,       0,       0,       0,       0,       0,       0,       0,       0,       0,       0,       0,       0,       0,       0,     306,     -45,     396,     185,       0,       0,      21,       0,       0,     254,     104,    -104,     311,     396,      -5,     -90,  100.0,   28.8,   64.3,   37.3,   22.3,    3.2,   21.4,    1.6,    5.0,    2.5,    1.5,    1.2,   99.4,   99.2,    0.6,    0.8,  100.0,   28.8,   64.3,   37.3,   22.3,    3.2,   21.4,    1.6,    5.0,    2.5,    1.5,    1.2,   99.4,   99.2,    0.6,    0.8,  100.0,    0.0,    0.0,    0.0,    0.0,    0.0,    0.0,    0.0,    0.0,    0.0,    0.0,    0.0,    0.0,    0.0,    0.0,    0.0,     35,     15,     18,.,.,      5,.,.,.,.,.,.,     26,     29,     35,     15,     18,.,.,      5,.,.,.,.,.,.,     26,     29,      0,      0,      0,      0,      0,      0,      0,      0,      0,      0,      0,      0,      0,      0,    64.2,    56.0,    81.6,    70.1,    58.7,    52.4,    72.4,    63.8,    64.2,    56.0,    81.6,    70.1,    58.7,    52.4,    72.4,    63.8,     0.0,     0.0,     0.0,     0.0,     0.0,     0.0,     0.0,     0.0,"(1 MW for about 368 Hours)","0643CC","IFED","064 ","N16","FutOnly"
"PJM WESTERN HUB DA OFF-PK - ICE FUTURES ENERGY DIV",260929,2026-09-29,0643DB,IFED,01,064 ,  120206,   87146,   99515,    6764,    7005,    4643,    4724,    1044,     384,   13930,    4773,    1881,  119472,  119245,     734,     961,  120206,   87146,   99515,    6764,    7005,    4643,    4724,    1044,     384,   13930,    4773,    1881,  119472,  119245,     734,     961,       0,       0,       0,       0,       0,       0,       0,       0,       0,       0,       0,       0,       0,       0,       0,       0,    2126,   -1652,    2367,    3781,     -25,    -254,     455,      25,    -300,      89,     258,     -36,    2083,    2035,      43,      91,  100.0,   72.5,   82.8,    5.6,    5.8,    3.9,    3.9,    0.9,    0.3,   11.6,    4.0,    1.6,   99.4,   99.2,    0.6,    0.8,  100.0,   72.5,   82.8,    5.6,    5.8,    3.9,    3.9,    0.9,    0.3,   11.6,    4.0,    1.6,   99.4,   99.2,    0.6,    0.8,  100.0,    0.0,    0.0,    0.0,    0.0,    0.0,    0.0,    0.0,    0.0,    0.0,    0.0,    0.0,    0.0,    0.0,    0.0,    0.0,     70,     32,     25,      6,      5,     10,      5,      4,.,      7,      7,      5,     59,     49,     70,     32,     25,      6,      5,     10,      5,      4,.,      7,      7,      5,     59,     49,      0,      0,      0,      0,      0,      0,      0,      0,      0,      0,      0,      0,      0,      0,    41.7,    64.6,    60.0,    79.1,    37.1,    64.0,    54.5,    72.2,    41.7,    64.6,    60.0,    79.1,    37.1,    64.0,    54.5,    72.2,     0.0,     0.0,     0.0,     0.0,     0.0,     0.0,     0.0,     0.0,"(1 MW per off-peak hour)","0643DB","IFED","064 ","N16","FutOnly"
"PJM WESTERN HUB DA PEAK - ICE FUTURES ENERGY DIV",260929,2026-09-29,0643DC,IFED,01,064 ,  129105,   89833,  105500,    7673,    4732,    5764,    3494,     987,    1297,   18466,    8102,    2174,  128701,  128556,     404,     549,  129105,   89833,  105500,    7673,    4732,    5764,    3494,     987,    1297,   18466,    8102,    2174,  128701,  128556,     404,     549,       0,       0,       0,       0,       0,       0,       0,       0,       0,       0,       0,       0,       0,       0,       0,       0,    2428,   -1211,    2333,    3591,      97,    -350,      58,     141,     -68,      21,     -79,     341,    2382,    2415,      46,      13,  100.0,   69.6,   81.7,    5.9,    3.7,    4.5,    2.7,    0.8,    1.0,   14.3,    6.3,    1.7,   99.7,   99.6,    0.3,    0.4,  100.0,   69.6,   81.7,    5.9,    3.7,    4.5,    2.7,    0.8,    1.0,   14.3,    6.3,    1.7,   99.7,   99.6,    0.3,    0.4,  100.0,    0.0,    0.0,    0.0,    0.0,    0.0,    0.0,    0.0,    0.0,    0.0,    0.0,    0.0,    0.0,    0.0,    0.0,    0.0,     84,     32,     27,      7,      6,     11,      6,      4,.,     14,      7,      7,     69,     55,     84,     32,     27,      7,      6,     11,      6,      4,.,     14,      7,      7,     69,     55,      0,      0,      0,      0,      0,      0,      0,      0,      0,      0,      0,      0,      0,      0,    38.4,    63.5,    57.6,    77.5,    35.4,    62.5,    53.4,    72.7,    38.4,    63.5,    57.6,    77.5,    35.4,    62.5,    53.4,    72.7,     0.0,     0.0,     0.0,     0.0,     0.0,     0.0,     0.0,     0.0,"(Contracts of about 352 MWh)","0643DC","IFED","064 ","N16","FutOnly"
"PJM WESTERN HUB RT PEAK MINI - ICE FUTURES ENERGY DIV",260929,2026-09-29,0643DF,IFED,01,064 ,  398360,  206027,  157635,   16190,   53158,   16454,   69653,   15892,   41793,   19969,   85003,   27141,  397227,  397076,    1133,    1284,  398360,  206027,  157635,   16190,   53158,   16454,   69653,   15892,   41793,   19969,   85003,   27141,  397227,  397076,    1133,    1284,       0,       0,       0,       0,       0,       0,       0,       0,       0,       0,       0,       0,       0,       0,       0,       0,    9613,    8549,    3383,     417,    5773,   -2521,    5033,    -350,     440,   -5175,    -137,    2922,    9665,    9510,     -52,     103,  100.0,   51.7,   39.6,    4.1,   13.3,    4.1,   17.5,    4.0,   10.5,    5.0,   21.3,    6.8,   99.7,   99.7,    0.3,    0.3,  100.0,   51.7,   39.6,    4.1,   13.3,    4.1,   17.5,    4.0,   10.5,    5.0,   21.3,    6.8,   99.7,   99.7,    0.3,    0.3,  100.0,    0.0,    0.0,    0.0,    0.0,    0.0,    0.0,    0.0,    0.0,    0.0,    0.0,    0.0,    0.0,    0.0,    0.0,    0.0,    132,     43,     39,.,      9,     10,     36,      6,     22,     15,     16,     23,    125,     98,    132,     43,     39,.,      9,     10,     36,      6,     22,     15,     16,     23,    125,     98,      0,      0,      0,      0,      0,      0,      0,      0,      0,      0,      0,      0,      0,      0,    21.3,    35.0,    36.8,    51.4,    19.2,    30.2,    29.4,    41.2,    21.3,    35.0,    36.8,    51.4,    19.2,    30.2,    29.4,    41.2,     0.0,     0.0,     0.0,     0.0,     0.0,     0.0,     0.0,     0.0,"(1 MW per peak hour)","0643DF","IFED","064 ","N16","FutOnly"
"MISO ARKANSAS DA PEAK FIXED - ICE FUTURES ENERGY DIV",260929,2026-09-29,0643F9,IFED,01,064 ,    7159,    6686,    2840,      50,    4079,      20,     250,       0,      25,     100,     160,       0,    7131,    7124,      28,      35,    7159,    6686,    2840,      50,    4079,      20,     250,       0,      25,     100,     160,       0,    7131,    7124,      28,      35,       0,       0,       0,       0,       0,       0,       0,       0,       0,       0,       0,       0,       0,       0,       0,       0,     195,     150,     217,       0,     -52,      20,      50,       0,     -25,       0,       0,       0,     195,     160,       0,      35,  100.0,   93.4,   39.7,    0.7,   57.0,    0.3,    3.5,    0.0,    0.3,    1.4,    2.2,    0.0,   99.6,   99.5,    0.4,    0.5,  100.0,   93.4,   39.7,    0.7,   57.0,    0.3,    3.5,    0.0,    0.3,    1.4,    2.2,    0.0,   99.6,   99.5,    0.4,    0.5,  100.0,    0.0,    0.0,    0.0,    0.0,    0.0,    0.0,    0.0,    0.0,    0.0,    0.0,    0.0,    0.0,    0.0,    0.0,    0.0,     20,     12,     10,.,.,.,.,      0,.,.,.,      0,     16,     15,     20,     12,     10,.,.,.,.,      0,.,.,.,      0,     16,     15,      0,      0,      0,      0,      0,      0,      0,      0,      0,      0,      0,      0,      0,      0,    75.4,    85.7,    89.9,    94.7,    67.6,    74.3,    77.0,    79.2,    75.4,    85.7,    89.9,    94.7,    67.6,    74.3,    77.0,    79.2,     0.0,     0.0,     0.0,     0.0,     0.0,     0.0,     0.0,     0.0,"1 MW","0643F9","IFED","064 ","N16","FutOnly"
"CAISO SP-15 PEAK 0900-1600 HE - ICE FUTURES ENERGY DIV",260929,2026-09-29,0643HS,IFED,01,064 ,   21316,    9501,   20016,    7013,       0,       0,    3522,       0,     735,     405,     365,     110,   21286,   21226,      30,      90,   21316,    9501,   20016,    7013,       0,       0,    3522,       0,     735,     405,     365,     110,   21286,   21226,      30,      90,       0,       0,       0,       0,       0,       0,       0,       0,       0,       0,       0,       0,       0,       0,       0,       0,     210,     470,      20,      50,       0,       0,    -305,       0,     -25,       0,     215,       0,     190,     210,      20,       0,  100.0,   44.6,   93.9,   32.9,    0.0,    0.0,   16.5,    0.0,    3.4,    1.9,    1.7,    0.5,   99.9,   99.6,    0.1,    0.4,  100.0,   44.6,   93.9,   32.9,    0.0,    0.0,   16.5,    0.0,    3.4,    1.9,    1.7,    0.5,   99.9,   99.6,    0.1,    0.4,  100.0,    0.0,    0.0,    0.0,    0.0,    0.0,    0.0,    0.0,    0.0,    0.0,    0.0,    0.0,    0.0,    0.0,    0.0,    0.0,     21,      9,      9,.,      0,      0,.,      0,.,.,.,.,     15,     13,     21,      9,      9,.,      0,      0,.,      0,.,.,.,.,     15,     13,      0,      0,      0,      0,      0,      0,      0,      0,      0,      0,      0,      0,      0,      0,    62.8,    88.3,    92.6,    97.0,    62.4,    88.1,    88.1,    92.5,    62.8,    88.3,    92.6,    97.0,    62.4,    88.1,    88.1,    92.5,     0.0,     0.0,     0.0,     0.0,     0.0,     0.0,     0.0,     0.0,"368 MWh","0643HS","IFED","064 ","N16","FutOnly"
"ERCOT N 345KV REAL T PK DALY M - ICE FUTURES ENERGY DIV",260929,2026-09-29,0643IB,IFED,01,064 ,   10660,    3760,    4870,    1875,     250,       0,    3060,     320,     165,     575,    3970,     635,   10070,   10210,     590,     450,   10660,    3760,    4870,    1875,     250,       0,    3060,     320,     165,     575,    3970,     635,   10070,   10210,     590,     450,       0,       0,       0,       0,       0,       0,       0,       0,       0,       0,       0,       0,       0,       0,       0,       0,   -1150,    -770,     -65,    -370,     100,    -100,     955,       5,    -540,      24,    -385,    -261,   -1062,   -1246,     -88,      96,  100.0,   35.3,   45.7,   17.6,    2.3,    0.0,   28.7,    3.0,    1.5,    5.4,   37.2,    6.0,   94.5,   95.8,    5.5,    4.2,  100.0,   35.3,   45.7,   17.6,    2.3,    0.0,   28.7,    3.0,    1.5,    5.4,   37.2,    6.0,   94.5,   95.8,    5.5,    4.2,  100.0,    0.0,    0.0,    0.0,    0.0,    0.0,    0.0,    0.0,    0.0,    0.0,    0.0,    0.0,    0.0,    0.0,    0.0,    0.0,     57,     19,     22,      4,.,      0,      6,.,.,.,     13,      8,     40,     42,     57,     19,     22,      4,.,      0,      6,.,.,.,     13,      8,     40,     42,      0,      0,      0,      0,      0,      0,      0,      0,      0,      0,      0,      0,      0,      0,    36.4,    37.4,    55.6,    53.9,    35.8,    36.9,    48.2,    53.4,    36.4,    37.4,    55.6,    53.9,    35.8,    36.9,    48.2,    53.4,     0.0,     0.0,     0.0,     0.0,     0.0,     0.0,     0.0,     0.0,"(240 MW = 15 Hours X 16 MWh)","0643IB","IFED","064 ","N16","FutOnly"
"ERCOT N 345KV REAL T PK 2x16 - ICE FUTURES ENERGY DIV",260929,2026-09-29,0643ID,IFED,01,064 ,  135354,   97103,  101017,    8012,   11684,    8320,    8580,    3201,     420,   10659,    8807,    1728,  134822,  135177,     532,     177,  135354,   97103,  101017,    8012,   11684,    8320,    8580,    3201,     420,   10659,    8807,    1728,  134822,  135177,     532,     177,       0,       0,       0,       0,       0,       0,       0,       0,       0,       0,       0,       0,       0,       0,       0,       0,     691,     451,     522,      -5,       4,     -70,     285,      50,       0,      70,     220,     -40,     691,     686,       0,       5,  100.0,   71.7,   74.6,    5.9,    8.6,    6.1,    6.3,    2.4,    0.3,    7.9,    6.5,    1.3,   99.6,   99.9,    0.4,    0.1,  100.0,   71.7,   74.6,    5.9,    8.6,    6.1,    6.3,    2.4,    0.3,    7.9,    6.5,    1.3,   99.6,   99.9,    0.4,    0.1,  100.0,    0.0,    0.0,    0.0,    0.0,    0.0,    0.0,    0.0,    0.0,    0.0,    0.0,    0.0,    0.0,    0.0,    0.0,    0.0,     67,     33,     30,.,      4,      6,      5,      4,      5,      7,      5,      8,     56,     54,     67,     33,     30,.,      4,      6,      5,      4,      5,      7,      5,      8,     56,     54,      0,      0,      0,      0,      0,      0,      0,      0,      0,      0,      0,      0,      0,      0,    43.7,    36.6,    64.3,    61.0,    37.7,    27.8,    54.3,    45.0,    43.7,    36.6,    64.3,    61.0,    37.7,    27.8,    54.3,    45.0,     0.0,     0.0,     0.0,     0.0,     0.0,     0.0,     0.0,     0.0,"(1MW for about 352 Hours)","0643ID","IFED","064 ","N16","FutOnly"
"ERCOT North 345KV Hub RT 7x8 - ICE FUTURES ENERGY DIV",260929,2026-09-29,0643IK,IFED,01,064 ,  279094,  108126,  215352,    4600,   34058,    9466,  126203,    2618,    9065,   15782,    3258,    4966,  278208,  278783,     886,     311,  279094,  108126,  215352,    4600,   34058,    9466,  126203,    2618,    9065,   15782,    3258,    4966,  278208,  278783,     886,     311,       0,       0,       0,       0,       0,       0,       0,       0,       0,       0,       0,       0,       0,       0,       0,       0,    8523,    7206,    7852,     175,     702,    -175,    1436,     578,    -657,    1122,     622,    -404,    8703,    8518,    -180,       5,  100.0,   38.7,   77.2,    1.6,   12.2,    3.4,   45.2,    0.9,    3.2,    5.7,    1.2,    1.8,   99.7,   99.9,    0.3,    0.1,  100.0,   38.7,   77.2,    1.6,   12.2,    3.4,   45.2,    0.9,    3.2,    5.7,    1.2,    1.8,   99.7,   99.9,    0.3,    0.1,  100.0,    0.0,    0.0,    0.0,    0.0,    0.0,    0.0,    0.0,    0.0,    0.0,    0.0,    0.0,    0.0,    0.0,    0.0,    0.0,     67,     26,     29,.,      5,      5,      7,      5,      6,     11,.,     10,     54,     54,     67,     26,     29,.,      5,      5,      7,      5,      6,     11,.,     10,     54,     54,      0,      0,      0,      0,      0,      0,      0,      0,      0,      0,      0,      0,      0,      0,    60.2,    49.9,    72.1,    69.5,    51.8,    48.1,    60.5,    62.3,    60.2,    49.9,    72.1,    69.5,    51.8,    48.1,    60.5,    62.3,     0.0,     0.0,     0.0,     0.0,     0.0,     0.0,     0.0,     0.0,"(1MW for about 352 Hours)","0643IK","IFED","064 ","N16","FutOnly"
"ERCOT Houston 345KV Hub RT 7x8 - ICE FUTURES ENERGY DIV",260929,2026-09-29,0643IL,IFED,01,064 ,   14695,   12775,   10195,    1820,    4380,       0,       0,       0,       0,     100,       0,       0,   14695,   14575,       0,     120,   14695,   12775,   10195,    1820,    4380,       0,       0,       0,       0,     100,       0,       0,   14695,   14575,       0,     120,       0,       0,       0,       0,       0,       0,       0,       0,       0,       0,       0,       0,       0,       0,       0,       0,       0,       0,       0,       0,       0,       0,       0,       0,       0,       0,       0,       0,       0,       0,       0,       0,  100.0,   86.9,   69.4,   12.4,   29.8,    0.0,    0.0,    0.0,    0.0,    0.7,    0.0,    0.0,  100.0,   99.2,    0.0,    0.8,  100.0,   86.9,   69.4,   12.4,   29.8,    0.0,    0.0,    0.0,    0.0,    0.7,    0.0,    0.0,  100.0,   99.2,    0.0,    0.8,  100.0,    0.0,    0.0,    0.0,    0.0,    0.0,    0.0,    0.0,    0.0,    0.0,    0.0,    0.0,    0.0,    0.0,    0.0,    0.0,     21,     10,      8,.,.,      0,      0,      0,      0,.,      0,      0,     14,     10,     21,     10,      8,.,.,      0,      0,      0,      0,.,      0,      0,     14,     10,      0,      0,      0,      0,      0,      0,      0,      0,      0,      0,      0,      0,      0,      0,    81.0,    57.7,    95.8,    92.2,    76.9,    57.7,    91.7,    91.8,    81.0,    57.7,    95.8,    92.2,    76.9,    57.7,    91.7,    91.8,     0.0,     0.0,     0.0,     0.0,     0.0,     0.0,     0.0,     0.0,"(1MW for about 352 Hours)","0643IL","IFED","064 ","N16","FutOnly"
"ISONE.H.INTERNAL_HUB_mo_on_dap - NODAL EXCHANGE",260929,2026-09-29,064AAA,NODX,01,064 ,   81374,   55888,   55671,       0,   11332,     358,     950,    1580,     120,   12538,     705,     215,   70069,   69981,   11305,   11393,   81374,   55888,   55671,       0,   11332,     358,     950,    1580,     120,   12538,     705,     215,   70069,   69981,   11305,   11393,       0,       0,       0,       0,       0,       0,       0,       0,       0,       0,       0,       0,       0,       0,       0,       0,    -271,    -792,    -532,       0,     -15,     -15,       0,       0,       0,     245,       0,       0,    -562,    -562,     291,     291,  100.0,   68.7,   68.4,    0.0,   13.9,    0.4,    1.2,    1.9,    0.1,   15.4,    0.9,    0.3,   86.1,   86.0,   13.9,   14.0,  100.0,   68.7,   68.4,    0.0,   13.9,    0.4,    1.2,    1.9,    0.1,   15.4,    0.9,    0.3,   86.1,   86.0,   13.9,   14.0,  100.0,    0.0,    0.0,    0.0,    0.0,    0.0,    0.0,    0.0,    0.0,    0.0,    0.0,    0.0,    0.0,    0.0,    0.0,    0.0,     32,     17,     18,      0,      6,      4,.,.,.,.,.,.,     26,     27,     32,     17,     18,      0,      6,      4,.,.,.,.,.,.,     26,     27,      0,      0,      0,      0,      0,      0,      0,      0,      0,      0,      0,      0,      0,      0,    65.8,    48.5,    78.1,    64.1,    64.3,    43.4,    72.1,    56.9,    65.8,    48.5,    78.1,    64.1,    64.3,    43.4,    72.1,    56.9,     0.0,     0.0,     0.0,     0.0,     0.0,     0.0,     0.0,     0.0,"(Contracts of 400 MWh)","064AAA","NODX","064 ","N16","FutOnly"
"ISONE.H.INTERNAL_HB_mo_off_dap - NODAL EXCHANGE",260929,2026-09-29,064AAB,NODX,01,064 ,   76513,   52358,   51285,       0,   11189,     907,     835,    1975,     170,   12476,     923,     120,   66866,   66569,    9647,    9944,   76513,   52358,   51285,       0,   11189,     907,     835,    1975,     170,   12476,     923,     120,   66866,   66569,    9647,    9944,       0,       0,       0,       0,       0,       0,       0,       0,       0,       0,       0,       0,       0,       0,       0,       0,    -243,    -720,    -485,       0,      85,      -5,       0,       0,       0,     320,       0,       0,    -405,    -405,     162,     162,  100.0,   68.4,   67.0,    0.0,   14.6,    1.2,    1.1,    2.6,    0.2,   16.3,    1.2,    0.2,   87.4,   87.0,   12.6,   13.0,  100.0,   68.4,   67.0,    0.0,   14.6,    1.2,    1.1,    2.6,    0.2,   16.3,    1.2,    0.2,   87.4,   87.0,   12.6,   13.0,  100.0,    0.0,    0.0,    0.0,    0.0,    0.0,    0.0,    0.0,    0.0,    0.0,    0.0,    0.0,    0.0,    0.0,    0.0,    0.0,     32,     17,     18,      0,      6,      4,.,.,.,.,.,.,     26,     27,     32,     17,     18,      0,      6,      4,.,.,.,.,.,.,     26,     27,      0,      0,      0,      0,      0,      0,      0,      0,      0,      0,      0,      0,      0,      0,    65.4,    46.1,    78.7,    62.6,    63.4,    42.9,    72.4,    55.2,    65.4,    46.1,    78.7,    62.6,    63.4,    42.9,    72.4,    55.2,     0.0,     0.0,     0.0,     0.0,     0.0,     0.0,     0.0,     0.0,"(Contracts of 400 MWh)","064AAB","NODX","064 ","N16","FutOnly"
"MISO.INDIANA.HUB_month_on_dap - NODAL EXCHANGE",260929,2026-09-29,064BFI,NODX,01,064 ,   22854,   13604,   13853,    2485,     701,    1055,     100,     488,     180,       0,     890,    1075,   18499,   18242,    4355,    4612,   22854,   13604,   13853,    2485,     701,    1055,     100,     488,     180,       0,     890,    1075,   18499,   18242,    4355,    4612,       0,       0,       0,       0,       0,       0,       0,       0,       0,       0,       0,       0,       0,       0,       0,       0,    1995,    1690,    -365,   -1845,    -270,     685,       0,       0,       0,       0,     300,     120,     650,     470,    1345,    1525,  100.0,   59.5,   60.6,   10.9,    3.1,    4.6,    0.4,    2.1,    0.8,    0.0,    3.9,    4.7,   80.9,   79.8,   19.1,   20.2,  100.0,   59.5,   60.6,   10.9,    3.1,    4.6,    0.4,    2.1,    0.8,    0.0,    3.9,    4.7,   80.9,   79.8,   19.1,   20.2,  100.0,    0.0,    0.0,    0.0,    0.0,    0.0,    0.0,    0.0,    0.0,    0.0,    0.0,    0.0,    0.0,    0.0,    0.0,    0.0,     25,     12,     14,.,.,      4,.,.,.,      0,.,.,     19,     21,     25,     12,     14,.,.,      4,.,.,.,      0,.,.,     19,     21,      0,      0,      0,      0,      0,      0,      0,      0,      0,      0,      0,      0,      0,      0,    47.5,    54.5,    68.7,    67.6,    44.3,    45.4,    55.7,    53.4,    47.5,    54.5,    68.7,    67.6,    44.3,    45.4,    55.7,    53.4,     0.0,     0.0,     0.0,     0.0,     0.0,     0.0,     0.0,     0.0,"Megawatt Hours (MWh)","064BFI","NODX","064 ","N16","FutOnly"
"MISO.INDIANA.HUB_month_off_dap - NODAL EXCHANGE",260929,2026-09-29,064BFJ,NODX,01,064 ,   22907,   13862,   14352,    1481,     275,    1629,     100,     687,     180,       0,     292,    1215,   18467,   18630,    4440,    4277,   22907,   13862,   14352,    1481,     275,    1629,     100,     687,     180,       0,     292,    1215,   18467,   18630,    4440,    4277,       0,       0,       0,       0,       0,       0,       0,       0,       0,       0,       0,       0,       0,       0,       0,       0,    1520,    1050,    -250,   -1845,    -125,     660,       0,       0,       0,       0,    -300,     120,     -15,     105,    1535,    1415,  100.0,   60.5,   62.7,    6.5,    1.2,    7.1,    0.4,    3.0,    0.8,    0.0,    1.3,    5.3,   80.6,   81.3,   19.4,   18.7,  100.0,   60.5,   62.7,    6.5,    1.2,    7.1,    0.4,    3.0,    0.8,    0.0,    1.3,    5.3,   80.6,   81.3,   19.4,   18.7,  100.0,    0.0,    0.0,    0.0,    0.0,    0.0,    0.0,    0.0,    0.0,    0.0,    0.0,    0.0,    0.0,    0.0,    0.0,    0.0,     26,     12,     14,.,      4,      4,.,.,.,      0,.,.,     19,     22,     26,     12,     14,.,      4,      4,.,.,.,      0,.,.,     19,     22,      0,      0,      0,      0,      0,      0,      0,      0,      0,      0,      0,      0,      0,      0,    47.1,    51.7,    67.8,    66.7,    42.7,    44.9,    51.4,    52.6,    47.1,    51.7,    67.8,    66.7,    42.7,    44.9,    51.4,    52.6,     0.0,     0.0,     0.0,     0.0,     0.0,     0.0,     0.0,     0.0,"Megawatt Hours (MWh)","064BFJ","NODX","064 ","N16","FutOnly"
"NYISO.CENTRL_month_on_dap - NODAL EXCHANGE",260929,2026-09-29,064CTQ,NODX,01,064 ,   35803,   15674,   32413,    5974,    1810,     775,      50,      20,     100,   11757,       0,       0,   34330,   35118,    1473,     685,   35803,   15674,   32413,    5974,    1810,     775,      50,      20,     100,   11757,       0,       0,   34330,   35118,    1473,     685,       0,       0,       0,       0,       0,       0,       0,       0,       0,       0,       0,       0,       0,       0,       0,       0,     590,     300,    -120,      -5,     715,      -5,       0,       0,       0,     300,       0,       0,     590,     590,       0,       0,  100.0,   43.8,   90.5,   16.7,    5.1,    2.2,    0.1,    0.1,    0.3,   32.8,    0.0,    0.0,   95.9,   98.1,    4.1,    1.9,  100.0,   43.8,   90.5,   16.7,    5.1,    2.2,    0.1,    0.1,    0.3,   32.8,    0.0,    0.0,   95.9,   98.1,    4.1,    1.9,  100.0,    0.0,    0.0,    0.0,    0.0,    0.0,    0.0,    0.0,    0.0,    0.0,    0.0,    0.0,    0.0,    0.0,    0.0,    0.0,     23,     12,      4,.,.,      4,.,.,.,.,      0,      0,     20,     10,     23,     12,      4,.,.,      4,.,.,.,.,      0,      0,     20,     10,      0,      0,      0,      0,      0,      0,      0,      0,      0,      0,      0,      0,      0,      0,    68.9,    96.7,    82.6,    98.0,    68.4,    95.2,    82.0,    95.5,    68.9,    96.7,    82.6,    98.0,    68.4,    95.2,    82.0,    95.5,     0.0,     0.0,     0.0,     0.0,     0.0,     0.0,     0.0,     0.0,"Megawatt Hours (MWh)","064CTQ","NODX","064 ","N16","FutOnly"
"NYISO.CENTRL_month_off_dap - NODAL EXCHANGE",260929,2026-09-29,064CTR,NODX,01,064 ,   32709,   13965,   31099,    6059,     455,     510,      50,      20,     100,   10475,       0,       0,   31159,   32184,    1550,     525,   32709,   13965,   31099,    6059,     455,     510,      50,      20,     100,   10475,       0,       0,   31159,   32184,    1550,     525,       0,       0,       0,       0,       0,       0,       0,       0,       0,       0,       0,       0,       0,       0,       0,       0,     275,     300,    -120,    -600,     120,     215,       0,       0,       0,     300,       0,       0,     215,     215,      60,      60,  100.0,   42.7,   95.1,   18.5,    1.4,    1.6,    0.2,    0.1,    0.3,   32.0,    0.0,    0.0,   95.3,   98.4,    4.7,    1.6,  100.0,   42.7,   95.1,   18.5,    1.4,    1.6,    0.2,    0.1,    0.3,   32.0,    0.0,    0.0,   95.3,   98.4,    4.7,    1.6,  100.0,    0.0,    0.0,    0.0,    0.0,    0.0,    0.0,    0.0,    0.0,    0.0,    0.0,    0.0,    0.0,    0.0,    0.0,    0.0,     23,     12,      4,      4,.,      4,.,.,.,.,      0,      0,     20,     10,     23,     12,      4,      4,.,      4,.,.,.,.,      0,      0,     20,     10,      0,      0,      0,      0,      0,      0,      0,      0,      0,      0,      0,      0,      0,      0,    70.4,    96.1,    84.6,    98.2,    69.8,    95.6,    84.0,    95.7,    70.4,    96.1,    84.6,    98.2,    69.8,    95.6,    84.0,    95.7,     0.0,     0.0,     0.0,     0.0,     0.0,     0.0,     0.0,     0.0,"Megawatt Hours (MWh)","064CTR","NODX","064 ","N16","FutOnly"
"NYISO.HUD VL_month_on_dap - NODAL EXCHANGE",260929,2026-09-29,064CXO,NODX,01,064 ,   39995,   26692,   13489,    1530,    9642,    2725,     840,    1020,    1440,     300,    5296,     270,   33797,   33882,    6198,    6113,   39995,   26692,   13489,    1530,    9642,    2725,     840,    1020,    1440,     300,    5296,     270,   33797,   33882,    6198,    6113,       0,       0,       0,       0,       0,       0,       0,       0,       0,       0,       0,       0,       0,       0,       0,       0,    1216,     461,     471,     -60,       5,     170,     100,    -260,     560,       0,     285,       0,    1231,    1231,     -15,     -15,  100.0,   66.7,   33.7,    3.8,   24.1,    6.8,    2.1,    2.6,    3.6,    0.8,   13.2,    0.7,   84.5,   84.7,   15.5,   15.3,  100.0,   66.7,   33.7,    3.8,   24.1,    6.8,    2.1,    2.6,    3.6,    0.8,   13.2,    0.7,   84.5,   84.7,   15.5,   15.3,  100.0,    0.0,    0.0,    0.0,    0.0,    0.0,    0.0,    0.0,    0.0,    0.0,    0.0,    0.0,    0.0,    0.0,    0.0,    0.0,     32,     17,     11,.,      4,      6,.,.,.,.,.,.,     28,     23,     32,     17,     11,.,      4,      6,.,.,.,.,.,.,     28,     23,      0,      0,      0,      0,      0,      0,      0,      0,      0,      0,      0,      0,      0,      0,    35.8,    43.2,    55.4,    61.7,    34.8,    39.6,    51.6,    54.8,    35.8,    43.2,    55.4,    61.7,    34.8,    39.6,    51.6,    54.8,     0.0,     0.0,     0.0,     0.0,     0.0,     0.0,     0.0,     0.0,"Megawatt Hours (MWh)","064CXO","NODX","064 ","N16","FutOnly"
"NYISO.HUD VL_month_off_dap - NODAL EXCHANGE",260929,2026-09-29,064CXP,NODX,01,064 ,   38480,   26094,   13171,    1458,    9141,    2418,     740,     955,    1180,     300,    5515,     299,   32489,   32679,    5991,    5801,   38480,   26094,   13171,    1458,    9141,    2418,     740,     955,    1180,     300,    5515,     299,   32489,   32679,    5991,    5801,       0,       0,       0,       0,       0,       0,       0,       0,       0,       0,       0,       0,       0,       0,       0,       0,     730,     471,     201,     -87,    -132,     237,    -160,     140,     160,       0,      60,       0,     621,     666,     109,      64,  100.0,   67.8,   34.2,    3.8,   23.8,    6.3,    1.9,    2.5,    3.1,    0.8,   14.3,    0.8,   84.4,   84.9,   15.6,   15.1,  100.0,   67.8,   34.2,    3.8,   23.8,    6.3,    1.9,    2.5,    3.1,    0.8,   14.3,    0.8,   84.4,   84.9,   15.6,   15.1,  100.0,    0.0,    0.0,    0.0,    0.0,    0.0,    0.0,    0.0,    0.0,    0.0,    0.0,    0.0,    0.0,    0.0,    0.0,    0.0,     32,     17,     13,      4,.,      6,.,.,.,.,.,.,     27,     25,     32,     17,     13,      4,.,      6,.,.,.,.,.,.,     27,     25,      0,      0,      0,      0,      0,      0,      0,      0,      0,      0,      0,      0,      0,      0,    36.5,    45.1,    54.4,    64.1,    36.1,    41.1,    50.4,    55.6,    36.5,    45.1,    54.4,    64.1,    36.1,    41.1,    50.4,    55.6,     0.0,     0.0,     0.0,     0.0,     0.0,     0.0,     0.0,     0.0,"Megawatt Hours (MWh)","064CXP","NODX","064 ","N16","FutOnly"
"NYISO.N.Y.C._month_on_dap - NODAL EXCHANGE",260929,2026-09-29,064CZS,NODX,01,064 ,   29513,   16458,   24454,    6751,       0,    1065,       0,     300,       0,    1376,     300,     189,   25839,   26308,    3674,    3205,   29513,   16458,   24454,    6751,       0,    1065,       0,     300,       0,    1376,     300,     189,   25839,   26308,    3674,    3205,       0,       0,       0,       0,       0,       0,       0,       0,       0,       0,       0,       0,       0,       0,       0,       0,      85,      20,     100,      50,       0,       0,       0,       0,       0,      30,       0,     -15,      85,      85,       0,       0,  100.0,   55.8,   82.9,   22.9,    0.0,    3.6,    0.0,    1.0,    0.0,    4.7,    1.0,    0.6,   87.6,   89.1,   12.4,   10.9,  100.0,   55.8,   82.9,   22.9,    0.0,    3.6,    0.0,    1.0,    0.0,    4.7,    1.0,    0.6,   87.6,   89.1,   12.4,   10.9,  100.0,    0.0,    0.0,    0.0,    0.0,    0.0,    0.0,    0.0,    0.0,    0.0,    0.0,    0.0,    0.0,    0.0,    0.0,    0.0,     28,     12,     14,      6,      0,.,      0,.,      0,.,.,.,     20,     20,     28,     12,     14,      6,      0,.,      0,.,      0,.,.,.,     20,     20,      0,      0,      0,      0,      0,      0,      0,      0,      0,      0,      0,      0,      0,      0,    56.1,    56.5,    73.4,    80.6,    56.1,    56.5,    70.4,    78.3,    56.1,    56.5,    73.4,    80.6,    56.1,    56.5,    70.4,    78.3,     0.0,     0.0,     0.0,     0.0,     0.0,     0.0,     0.0,     0.0,"Megawatt Hours (MWh)","064CZS","NODX","064 ","N16","FutOnly"
"NYISO.N.Y.C._month_off_dap - NODAL EXCHANGE",260929,2026-09-29,064CZT,NODX,01,064 ,   29188,   15770,   24279,    7196,       0,     940,       0,     300,       0,    1256,     300,     179,   25341,   25998,    3847,    3190,   29188,   15770,   24279,    7196,       0,     940,       0,     300,       0,    1256,     300,     179,   25341,   25998,    3847,    3190,       0,       0,       0,       0,       0,       0,       0,       0,       0,       0,       0,       0,       0,       0,       0,       0,      90,      20,     100,      50,       0,       0,       0,       0,       0,      30,       0,     -10,      90,      90,       0,       0,  100.0,   54.0,   83.2,   24.7,    0.0,    3.2,    0.0,    1.0,    0.0,    4.3,    1.0,    0.6,   86.8,   89.1,   13.2,   10.9,  100.0,   54.0,   83.2,   24.7,    0.0,    3.2,    0.0,    1.0,    0.0,    4.3,    1.0,    0.6,   86.8,   89.1,   13.2,   10.9,  100.0,    0.0,    0.0,    0.0,    0.0,    0.0,    0.0,    0.0,    0.0,    0.0,    0.0,    0.0,    0.0,    0.0,    0.0,    0.0,     27,     10,     13,      6,      0,.,      0,.,      0,.,.,.,     18,     19,     27,     10,     13,      6,      0,.,      0,.,      0,.,.,.,     18,     19,      0,      0,      0,      0,      0,      0,      0,      0,      0,      0,      0,      0,      0,      0,    56.0,    55.8,    73.9,    80.9,    56.0,    55.3,    70.3,    78.9,    56.0,    55.8,    73.9,    80.9,    56.0,    55.3,    70.3,    78.9,     0.0,     0.0,     0.0,     0.0,     0.0,     0.0,     0.0,     0.0,"Megawatt Hours (MWh)","064CZT","NODX","064 ","N16","FutOnly"
"NYISO.WEST_month_on_dap - NODAL EXCHANGE",260929,2026-09-29,064DEU,NODX,01,064 ,   37862,   30885,   23696,    3383,    6359,     813,       0,     285,       0,       0,    4362,     523,   35604,   36038,    2258,    1824,   37862,   30885,   23696,    3383,    6359,     813,       0,     285,       0,       0,    4362,     523,   35604,   36038,    2258,    1824,       0,       0,       0,       0,       0,       0,       0,       0,       0,       0,       0,       0,       0,       0,       0,       0,     481,     555,     435,     150,     270,     -10,       0,       0,       0,       0,       0,       0,     695,     695,    -214,    -214,  100.0,   81.6,   62.6,    8.9,   16.8,    2.1,    0.0,    0.8,    0.0,    0.0,   11.5,    1.4,   94.0,   95.2,    6.0,    4.8,  100.0,   81.6,   62.6,    8.9,   16.8,    2.1,    0.0,    0.8,    0.0,    0.0,   11.5,    1.4,   94.0,   95.2,    6.0,    4.8,  100.0,    0.0,    0.0,    0.0,    0.0,    0.0,    0.0,    0.0,    0.0,    0.0,    0.0,    0.0,    0.0,    0.0,    0.0,    0.0,     30,     12,     14,      4,.,      5,      0,.,      0,      0,.,.,     20,     23,     30,     12,     14,      4,.,      5,      0,.,      0,      0,.,.,     20,     23,      0,      0,      0,      0,      0,      0,      0,      0,      0,      0,      0,      0,      0,      0,    72.9,    51.7,    83.2,    76.0,    66.3,    47.5,    75.1,    70.5,    72.9,    51.7,    83.2,    76.0,    66.3,    47.5,    75.1,    70.5,     0.0,     0.0,     0.0,     0.0,     0.0,     0.0,     0.0,     0.0,"Megawatt Hours (MWh)","064DEU","NODX","064 ","N16","FutOnly"
"NYISO.WEST_month_off_dap - NODAL EXCHANGE",260929,2026-09-29,064DEV,NODX,01,064 ,   37134,   29646,   23056,    3662,    7044,     557,       0,     325,       0,       0,    3341,     844,   34709,   35167,    2425,    1967,   37134,   29646,   23056,    3662,    7044,     557,       0,     325,       0,       0,    3341,     844,   34709,   35167,    2425,    1967,       0,       0,       0,       0,       0,       0,       0,       0,       0,       0,       0,       0,       0,       0,       0,       0,      -4,     243,      45,     -78,     120,      35,       0,       0,       0,       0,       0,       0,     200,     200,    -204,    -204,  100.0,   79.8,   62.1,    9.9,   19.0,    1.5,    0.0,    0.9,    0.0,    0.0,    9.0,    2.3,   93.5,   94.7,    6.5,    5.3,  100.0,   79.8,   62.1,    9.9,   19.0,    1.5,    0.0,    0.9,    0.0,    0.0,    9.0,    2.3,   93.5,   94.7,    6.5,    5.3,  100.0,    0.0,    0.0,    0.0,    0.0,    0.0,    0.0,    0.0,    0.0,    0.0,    0.0,    0.0,    0.0,    0.0,    0.0,    0.0,     26,     10,     13,.,.,      5,      0,.,      0,      0,.,.,     17,     23,     26,     10,     13,.,.,      5,      0,.,      0,      0,.,.,     17,     23,      0,      0,      0,      0,      0,      0,      0,      0,      0,      0,      0,      0,      0,      0,    76.9,    52.3,    88.7,    77.2,    71.9,    49.1,    79.9,    71.7,    76.9,    52.3,    88.7,    77.2,    71.9,    49.1,    79.9,    71.7,     0.0,     0.0,     0.0,     0.0,     0.0,     0.0,     0.0,     0.0,"Megawatt Hours (MWh)","064DEV","NODX","064 ","N16","FutOnly"
"PJM.AEP_month_on_dap - NODAL EXCHANGE",260929,2026-09-29,064DLQ,NODX,01,064 ,   27848,   17125,   21177,    6582,     330,     420,    1485,       0,       0,     471,    4646,     330,   26413,   26903,    1435,     945,   27848,   17125,   21177,    6582,     330,     420,    1485,       0,       0,     471,    4646,     330,   26413,   26903,    1435,     945,       0,       0,       0,       0,       0,       0,       0,       0,       0,       0,       0,       0,       0,       0,       0,       0,       0,       0,       0,       0,       0,       0,       0,       0,       0,       0,       0,       0,       0,       0,       0,       0,  100.0,   61.5,   76.0,   23.6,    1.2,    1.5,    5.3,    0.0,    0.0,    1.7,   16.7,    1.2,   94.8,   96.6,    5.2,    3.4,  100.0,   61.5,   76.0,   23.6,    1.2,    1.5,    5.3,    0.0,    0.0,    1.7,   16.7,    1.2,   94.8,   96.6,    5.2,    3.4,  100.0,    0.0,    0.0,    0.0,    0.0,    0.0,    0.0,    0.0,    0.0,    0.0,    0.0,    0.0,    0.0,    0.0,    0.0,    0.0,     22,     10,.,      4,.,.,.,      0,      0,.,.,.,     18,      7,     22,     10,.,      4,.,.,.,      0,      0,.,.,.,     18,      7,      0,      0,      0,      0,      0,      0,      0,      0,      0,      0,      0,      0,      0,      0,    62.4,    93.7,    78.4,    96.6,    62.4,    92.5,    78.4,    93.9,    62.4,    93.7,    78.4,    96.6,    62.4,    92.5,    78.4,    93.9,     0.0,     0.0,     0.0,     0.0,     0.0,     0.0,     0.0,     0.0,"Megawatt Hours (MWh)","064DLQ","NODX","064 ","N16","FutOnly"
"PJM.AEP_month_off_dap - NODAL EXCHANGE",260929,2026-09-29,064DLR,NODX,01,064 ,   27788,   17125,   21117,    6542,     330,     420,    1485,       0,       0,     471,    4646,     330,   26373,   26843,    1415,     945,   27788,   17125,   21117,    6542,     330,     420,    1485,       0,       0,     471,    4646,     330,   26373,   26843,    1415,     945,       0,       0,       0,       0,       0,       0,       0,       0,       0,       0,       0,       0,       0,       0,       0,       0,       0,       0,       0,       0,       0,       0,       0,       0,       0,       0,       0,       0,       0,       0,       0,       0,  100.0,   61.6,   76.0,   23.5,    1.2,    1.5,    5.3,    0.0,    0.0,    1.7,   16.7,    1.2,   94.9,   96.6,    5.1,    3.4,  100.0,   61.6,   76.0,   23.5,    1.2,    1.5,    5.3,    0.0,    0.0,    1.7,   16.7,    1.2,   94.9,   96.6,    5.1,    3.4,  100.0,    0.0,    0.0,    0.0,    0.0,    0.0,    0.0,    0.0,    0.0,    0.0,    0.0,    0.0,    0.0,    0.0,    0.0,    0.0,     22,     10,.,      4,.,.,.,      0,      0,.,.,.,     18,      7,     22,     10,.,      4,.,.,.,      0,      0,.,.,.,     18,      7,      0,      0,      0,      0,      0,      0,      0,      0,      0,      0,      0,      0,      0,      0,    62.5,    93.7,    78.4,    96.6,    62.5,    92.5,    78.4,    93.9,    62.5,    93.7,    78.4,    96.6,    62.5,    92.5,    78.4,    93.9,     0.0,     0.0,     0.0,     0.0,     0.0,     0.0,     0.0,     0.0,"Megawatt Hours (MWh)","064DLR","NODX","064 ","N16","FutOnly"
"PJM.AEP-DAYTON HUB_mo_on_dap - NODAL EXCHANGE",260929,2026-09-29,064DLW,NODX,01,064 ,  102567,   43945,   44116,    5416,   24982,    3151,    5594,    5280,     105,   22841,    2761,     741,   81793,   81136,   20774,   21431,  102567,   43945,   44116,    5416,   24982,    3151,    5594,    5280,     105,   22841,    2761,     741,   81793,   81136,   20774,   21431,       0,       0,       0,       0,       0,       0,       0,       0,       0,       0,       0,       0,       0,       0,       0,       0,     730,     891,     -44,     -90,     530,     260,     105,      50,    -145,    -235,     135,    -460,     326,     326,     404,     404,  100.0,   42.8,   43.0,    5.3,   24.4,    3.1,    5.5,    5.1,    0.1,   22.3,    2.7,    0.7,   79.7,   79.1,   20.3,   20.9,  100.0,   42.8,   43.0,    5.3,   24.4,    3.1,    5.5,    5.1,    0.1,   22.3,    2.7,    0.7,   79.7,   79.1,   20.3,   20.9,  100.0,    0.0,    0.0,    0.0,    0.0,    0.0,    0.0,    0.0,    0.0,    0.0,    0.0,    0.0,    0.0,    0.0,    0.0,    0.0,     45,     17,     21,.,      6,      5,.,.,.,      6,      4,      4,     33,     36,     45,     17,     21,.,      6,      5,.,.,.,      6,      4,      4,     33,     36,      0,      0,      0,      0,      0,      0,      0,      0,      0,      0,      0,      0,      0,      0,    45.0,    35.5,    62.8,    55.5,    43.3,    33.6,    56.3,    50.3,    45.0,    35.5,    62.8,    55.5,    43.3,    33.6,    56.3,    50.3,     0.0,     0.0,     0.0,     0.0,     0.0,     0.0,     0.0,     0.0,"Megawatt Hours (MWh)","064DLW","NODX","064 ","N16","FutOnly"
"PJM.AEP-DAYTON HUB_mo_off_dap - NODAL EXCHANGE",260929,2026-09-29,064DLX,NODX,01,064 ,   99747,   42091,   47512,    5133,   22089,    3339,    5054,    2630,     240,   23115,    2550,     837,   79809,   79197,   19938,   20550,   99747,   42091,   47512,    5133,   22089,    3339,    5054,    2630,     240,   23115,    2550,     837,   79809,   79197,   19938,   20550,       0,       0,       0,       0,       0,       0,       0,       0,       0,       0,       0,       0,       0,       0,       0,       0,     840,     924,     -16,    -115,     510,     335,     105,      50,     -50,    -370,       0,    -415,     414,     414,     426,     426,  100.0,   42.2,   47.6,    5.1,   22.1,    3.3,    5.1,    2.6,    0.2,   23.2,    2.6,    0.8,   80.0,   79.4,   20.0,   20.6,  100.0,   42.2,   47.6,    5.1,   22.1,    3.3,    5.1,    2.6,    0.2,   23.2,    2.6,    0.8,   80.0,   79.4,   20.0,   20.6,  100.0,    0.0,    0.0,    0.0,    0.0,    0.0,    0.0,    0.0,    0.0,    0.0,    0.0,    0.0,    0.0,    0.0,    0.0,    0.0,     43,     15,     22,.,      5,      5,.,.,.,      5,      4,      4,     30,     37,     43,     15,     22,.,      5,      5,.,.,.,      5,      4,      4,     30,     37,      0,      0,      0,      0,      0,      0,      0,      0,      0,      0,      0,      0,      0,      0,    46.3,    35.2,    64.1,    54.7,    42.0,    33.9,    54.4,    49.3,    46.3,    35.2,    64.1,    54.7,    42.0,    33.9,    54.4,    49.3,     0.0,     0.0,     0.0,     0.0,     0.0,     0.0,     0.0,     0.0,"Megawatt Hours (MWh)","064DLX","NODX","064 ","N16","FutOnly"
"PJM.APS_month_on_dap - NODAL EXCHANGE",260929,2026-09-29,064DMY,NODX,01,064 ,   12662,    6969,   10850,     965,     712,     156,    1875,       0,       0,     938,     365,       0,   10903,   12083,    1759,     579,   12662,    6969,   10850,     965,     712,     156,    1875,       0,       0,     938,     365,       0,   10903,   12083,    1759,     579,       0,       0,       0,       0,       0,       0,       0,       0,       0,       0,       0,       0,       0,       0,       0,       0,       0,       0,       0,       0,       0,       0,       0,       0,       0,       0,       0,       0,       0,       0,       0,       0,  100.0,   55.0,   85.7,    7.6,    5.6,    1.2,   14.8,    0.0,    0.0,    7.4,    2.9,    0.0,   86.1,   95.4,   13.9,    4.6,  100.0,   55.0,   85.7,    7.6,    5.6,    1.2,   14.8,    0.0,    0.0,    7.4,    2.9,    0.0,   86.1,   95.4,   13.9,    4.6,  100.0,    0.0,    0.0,    0.0,    0.0,    0.0,    0.0,    0.0,    0.0,    0.0,    0.0,    0.0,    0.0,    0.0,    0.0,    0.0,     20,     11,      6,.,.,.,.,      0,      0,.,.,      0,     16,      8,     20,     11,      6,.,.,.,.,      0,      0,.,.,      0,     16,      8,      0,      0,      0,      0,      0,      0,      0,      0,      0,      0,      0,      0,      0,      0,    42.6,    82.5,    67.5,    95.4,    42.6,    81.3,    67.5,    88.9,    42.6,    82.5,    67.5,    95.4,    42.6,    81.3,    67.5,    88.9,     0.0,     0.0,     0.0,     0.0,     0.0,     0.0,     0.0,     0.0,"Megawatt Hours (MWh)","064DMY","NODX","064 ","N16","FutOnly"
"PJM.APS_month_off_dap - NODAL EXCHANGE",260929,2026-09-29,064DMZ,NODX,01,064 ,   12134,    6696,   10322,     965,     712,     156,    1875,       0,       0,     698,     365,       0,   10390,   11555,    1744,     579,   12134,    6696,   10322,     965,     712,     156,    1875,       0,       0,     698,     365,       0,   10390,   11555,    1744,     579,       0,       0,       0,       0,       0,       0,       0,       0,       0,       0,       0,       0,       0,       0,       0,       0,       0,       0,       0,       0,       0,       0,       0,       0,       0,       0,       0,       0,       0,       0,       0,       0,  100.0,   55.2,   85.1,    8.0,    5.9,    1.3,   15.5,    0.0,    0.0,    5.8,    3.0,    0.0,   85.6,   95.2,   14.4,    4.8,  100.0,   55.2,   85.1,    8.0,    5.9,    1.3,   15.5,    0.0,    0.0,    5.8,    3.0,    0.0,   85.6,   95.2,   14.4,    4.8,  100.0,    0.0,    0.0,    0.0,    0.0,    0.0,    0.0,    0.0,    0.0,    0.0,    0.0,    0.0,    0.0,    0.0,    0.0,    0.0,     20,     11,      6,.,.,.,.,      0,      0,.,.,      0,     16,      8,     20,     11,      6,.,.,.,.,      0,      0,.,.,      0,     16,      8,      0,      0,      0,      0,      0,      0,      0,      0,      0,      0,      0,      0,      0,      0,    43.8,    82.6,    67.8,    95.2,    43.8,    81.3,    67.8,    90.0,    43.8,    82.6,    67.8,    95.2,    43.8,    81.3,    67.8,    90.0,     0.0,     0.0,     0.0,     0.0,     0.0,     0.0,     0.0,     0.0,"Megawatt Hours (MWh)","064DMZ","NODX","064 ","N16","FutOnly"
"PJM.BGE_month_on_dap - NODAL EXCHANGE",260929,2026-09-29,064DPQ,NODX,01,064 ,   26505,   18775,   21550,    2335,     905,     440,    2805,       0,       0,    1240,    2565,     215,   25810,   25675,     695,     830,   26505,   18775,   21550,    2335,     905,     440,    2805,       0,       0,    1240,    2565,     215,   25810,   25675,     695,     830,       0,       0,       0,       0,       0,       0,       0,       0,       0,       0,       0,       0,       0,       0,       0,       0,     155,     -20,      40,     -50,       0,       0,     115,       0,       0,     -20,      55,       0,      25,      95,     130,      60,  100.0,   70.8,   81.3,    8.8,    3.4,    1.7,   10.6,    0.0,    0.0,    4.7,    9.7,    0.8,   97.4,   96.9,    2.6,    3.1,  100.0,   70.8,   81.3,    8.8,    3.4,    1.7,   10.6,    0.0,    0.0,    4.7,    9.7,    0.8,   97.4,   96.9,    2.6,    3.1,  100.0,    0.0,    0.0,    0.0,    0.0,    0.0,    0.0,    0.0,    0.0,    0.0,    0.0,    0.0,    0.0,    0.0,    0.0,    0.0,     27,     13,      5,.,.,.,.,      0,      0,.,.,.,     23,     12,     27,     13,      5,.,.,.,.,      0,      0,.,.,.,     23,     12,      0,      0,      0,      0,      0,      0,      0,      0,      0,      0,      0,      0,      0,      0,    56.8,    87.9,    76.1,    93.9,    56.0,    86.4,    74.3,    90.3,    56.8,    87.9,    76.1,    93.9,    56.0,    86.4,    74.3,    90.3,     0.0,     0.0,     0.0,     0.0,     0.0,     0.0,     0.0,     0.0,"Megawatt Hours (MWh)","064DPQ","NODX","064 ","N16","FutOnly"
"PJM.BGE_month_off_dap - NODAL EXCHANGE",260929,2026-09-29,064DPR,NODX,01,064 ,   26415,   18570,   21320,    2020,     625,     490,    2805,       0,       0,    1255,    2590,     215,   25355,   25240,    1060,    1175,   26415,   18570,   21320,    2020,     625,     490,    2805,       0,       0,    1255,    2590,     215,   25355,   25240,    1060,    1175,       0,       0,       0,       0,       0,       0,       0,       0,       0,       0,       0,       0,       0,       0,       0,       0,     165,     -35,      25,     -50,       0,       0,     115,       0,       0,     -20,      55,       0,      10,      80,     155,      85,  100.0,   70.3,   80.7,    7.6,    2.4,    1.9,   10.6,    0.0,    0.0,    4.8,    9.8,    0.8,   96.0,   95.6,    4.0,    4.4,  100.0,   70.3,   80.7,    7.6,    2.4,    1.9,   10.6,    0.0,    0.0,    4.8,    9.8,    0.8,   96.0,   95.6,    4.0,    4.4,  100.0,    0.0,    0.0,    0.0,    0.0,    0.0,    0.0,    0.0,    0.0,    0.0,    0.0,    0.0,    0.0,    0.0,    0.0,    0.0,     27,     13,      5,.,.,.,.,      0,      0,.,.,.,     23,     12,     27,     13,      5,.,.,.,.,      0,      0,.,.,.,     23,     12,      0,      0,      0,      0,      0,      0,      0,      0,      0,      0,      0,      0,      0,      0,    56.3,    87.5,    74.2,    93.1,    55.4,    85.9,    72.3,    88.8,    56.3,    87.5,    74.2,    93.1,    55.4,    85.9,    72.3,    88.8,     0.0,     0.0,     0.0,     0.0,     0.0,     0.0,     0.0,     0.0,"Megawatt Hours (MWh)","064DPR","NODX","064 ","N16","FutOnly"
"PJM.DOM_month_on_dap - NODAL EXCHANGE",260929,2026-09-29,064DZS,NODX,01,064 ,   11879,    6970,    6560,    2114,    1269,     725,     935,     710,       0,     425,    1875,      25,   11194,   11164,     685,     715,   11879,    6970,    6560,    2114,    1269,     725,     935,     710,       0,     425,    1875,      25,   11194,   11164,     685,     715,       0,       0,       0,       0,       0,       0,       0,       0,       0,       0,       0,       0,       0,       0,       0,       0,     530,    -195,    1210,     620,   -1150,     470,     -65,       0,       0,    -300,       0,       0,     530,     530,       0,       0,  100.0,   58.7,   55.2,   17.8,   10.7,    6.1,    7.9,    6.0,    0.0,    3.6,   15.8,    0.2,   94.2,   94.0,    5.8,    6.0,  100.0,   58.7,   55.2,   17.8,   10.7,    6.1,    7.9,    6.0,    0.0,    3.6,   15.8,    0.2,   94.2,   94.0,    5.8,    6.0,  100.0,    0.0,    0.0,    0.0,    0.0,    0.0,    0.0,    0.0,    0.0,    0.0,    0.0,    0.0,    0.0,    0.0,    0.0,    0.0,     24,      9,      6,.,.,.,.,.,      0,.,.,.,     16,     15,     24,      9,      6,.,.,.,.,.,      0,.,.,.,     16,     15,      0,      0,      0,      0,      0,      0,      0,      0,      0,      0,      0,      0,      0,      0,    60.2,    73.2,    81.0,    88.3,    57.6,    67.1,    74.6,    79.6,    60.2,    73.2,    81.0,    88.3,    57.6,    67.1,    74.6,    79.6,     0.0,     0.0,     0.0,     0.0,     0.0,     0.0,     0.0,     0.0,"Megawatt Hours (MWh)","064DZS","NODX","064 ","N16","FutOnly"
"PJM.DOM_month_off_dap - NODAL EXCHANGE",260929,2026-09-29,064DZT,NODX,01,064 ,   12369,    7415,    7000,    2295,    1510,     639,     935,     710,       0,     425,    1875,      25,   11734,   11759,     635,     610,   12369,    7415,    7000,    2295,    1510,     639,     935,     710,       0,     425,    1875,      25,   11734,   11759,     635,     610,       0,       0,       0,       0,       0,       0,       0,       0,       0,       0,       0,       0,       0,       0,       0,       0,     530,    -195,    1210,     620,   -1150,     470,     -65,       0,       0,    -300,       0,       0,     530,     530,       0,       0,  100.0,   59.9,   56.6,   18.6,   12.2,    5.2,    7.6,    5.7,    0.0,    3.4,   15.2,    0.2,   94.9,   95.1,    5.1,    4.9,  100.0,   59.9,   56.6,   18.6,   12.2,    5.2,    7.6,    5.7,    0.0,    3.4,   15.2,    0.2,   94.9,   95.1,    5.1,    4.9,  100.0,    0.0,    0.0,    0.0,    0.0,    0.0,    0.0,    0.0,    0.0,    0.0,    0.0,    0.0,    0.0,    0.0,    0.0,    0.0,     26,     10,      7,.,      4,.,.,.,      0,.,.,.,     18,     16,     26,     10,      7,.,      4,.,.,.,      0,.,.,.,     18,     16,      0,      0,      0,      0,      0,      0,      0,      0,      0,      0,      0,      0,      0,      0,    58.6,    73.4,    81.7,    88.7,    56.3,    67.6,    75.9,    80.3,    58.6,    73.4,    81.7,    88.7,    56.3,    67.6,    75.9,    80.3,     0.0,     0.0,     0.0,     0.0,     0.0,     0.0,     0.0,     0.0,"Megawatt Hours (MWh)","064DZT","NODX","064 ","N16","FutOnly"
"PJM.JCPL_month_on_dap - NODAL EXCHANGE",260929,2026-09-29,064EJI,NODX,01,064 ,   47992,   33217,   35065,    2515,    2132,     635,    2890,    4945,       0,    3720,    1570,     975,   43952,   45322,    4040,    2670,   47992,   33217,   35065,    2515,    2132,     635,    2890,    4945,       0,    3720,    1570,     975,   43952,   45322,    4040,    2670,       0,       0,       0,       0,       0,       0,       0,       0,       0,       0,       0,       0,       0,       0,       0,       0,    -705,       0,   -1200,       0,       0,       0,       0,       0,       0,       0,    1260,       0,       0,      60,    -705,    -765,  100.0,   69.2,   73.1,    5.2,    4.4,    1.3,    6.0,   10.3,    0.0,    7.8,    3.3,    2.0,   91.6,   94.4,    8.4,    5.6,  100.0,   69.2,   73.1,    5.2,    4.4,    1.3,    6.0,   10.3,    0.0,    7.8,    3.3,    2.0,   91.6,   94.4,    8.4,    5.6,  100.0,    0.0,    0.0,    0.0,    0.0,    0.0,    0.0,    0.0,    0.0,    0.0,    0.0,    0.0,    0.0,    0.0,    0.0,    0.0,     30,     14,      8,.,.,      4,.,.,      0,.,.,.,     24,     17,     30,     14,      8,.,.,      4,.,.,      0,.,.,.,     24,     17,      0,      0,      0,      0,      0,      0,      0,      0,      0,      0,      0,      0,      0,      0,    55.6,    80.3,    72.3,    90.6,    52.2,    78.4,    68.9,    86.6,    55.6,    80.3,    72.3,    90.6,    52.2,    78.4,    68.9,    86.6,     0.0,     0.0,     0.0,     0.0,     0.0,     0.0,     0.0,     0.0,"Megawatt Hours (MWh)","064EJI","NODX","064 ","N16","FutOnly"
"PJM.JCPL_month_off_dap - NODAL EXCHANGE",260929,2026-09-29,064EJJ,NODX,01,064 ,   45007,   30807,   32995,    1675,    2202,     945,    2890,    4270,       0,    3750,     965,     900,   40967,   42277,    4040,    2730,   45007,   30807,   32995,    1675,    2202,     945,    2890,    4270,       0,    3750,     965,     900,   40967,   42277,    4040,    2730,       0,       0,       0,       0,       0,       0,       0,       0,       0,       0,       0,       0,       0,       0,       0,       0,    -930,       0,   -1200,       0,       0,       0,       0,       0,       0,    -295,     965,     295,       0,      60,    -930,    -990,  100.0,   68.4,   73.3,    3.7,    4.9,    2.1,    6.4,    9.5,    0.0,    8.3,    2.1,    2.0,   91.0,   93.9,    9.0,    6.1,  100.0,   68.4,   73.3,    3.7,    4.9,    2.1,    6.4,    9.5,    0.0,    8.3,    2.1,    2.0,   91.0,   93.9,    9.0,    6.1,  100.0,    0.0,    0.0,    0.0,    0.0,    0.0,    0.0,    0.0,    0.0,    0.0,    0.0,    0.0,    0.0,    0.0,    0.0,    0.0,     30,     15,      8,.,.,      4,.,.,      0,.,.,.,     25,     17,     30,     15,      8,.,.,      4,.,.,      0,.,.,.,     25,     17,      0,      0,      0,      0,      0,      0,      0,      0,      0,      0,      0,      0,      0,      0,    53.9,    79.8,    71.9,    89.7,    51.9,    79.2,    69.9,    86.7,    53.9,    79.8,    71.9,    89.7,    51.9,    79.2,    69.9,    86.7,     0.0,     0.0,     0.0,     0.0,     0.0,     0.0,     0.0,     0.0,"Megawatt Hours (MWh)","064EJJ","NODX","064 ","N16","FutOnly"
"PJM.METED_month_on_dap - NODAL EXCHANGE",260929,2026-09-29,064EOW,NODX,01,064 ,   11839,    9045,    8239,      25,    1537,     361,      15,     470,     135,     150,     105,     120,    9851,   10967,    1988,     872,   11839,    9045,    8239,      25,    1537,     361,      15,     470,     135,     150,     105,     120,    9851,   10967,    1988,     872,       0,       0,       0,       0,       0,       0,       0,       0,       0,       0,       0,       0,       0,       0,       0,       0,    -160,    -245,    -160,      25,       0,       0,       0,       0,       0,       0,       0,       0,    -220,    -160,      60,       0,  100.0,   76.4,   69.6,    0.2,   13.0,    3.0,    0.1,    4.0,    1.1,    1.3,    0.9,    1.0,   83.2,   92.6,   16.8,    7.4,  100.0,   76.4,   69.6,    0.2,   13.0,    3.0,    0.1,    4.0,    1.1,    1.3,    0.9,    1.0,   83.2,   92.6,   16.8,    7.4,  100.0,    0.0,    0.0,    0.0,    0.0,    0.0,    0.0,    0.0,    0.0,    0.0,    0.0,    0.0,    0.0,    0.0,    0.0,    0.0,     22,     11,      4,.,.,.,.,.,.,.,.,.,     18,     10,     22,     11,      4,.,.,.,.,.,.,.,.,.,     18,     10,      0,      0,      0,      0,      0,      0,      0,      0,      0,      0,      0,      0,      0,      0,    55.2,    76.3,    71.8,    89.8,    55.2,    73.8,    71.8,    85.0,    55.2,    76.3,    71.8,    89.8,    55.2,    73.8,    71.8,    85.0,     0.0,     0.0,     0.0,     0.0,     0.0,     0.0,     0.0,     0.0,"Megawatt Hours (MWh)","064EOW","NODX","064 ","N16","FutOnly"
"PJM.METED_month_off_dap - NODAL EXCHANGE",260929,2026-09-29,064EOX,NODX,01,064 ,   11961,    9175,    8389,      25,    1557,     356,      15,     470,     135,     150,     105,     120,    9976,   11132,    1985,     829,   11961,    9175,    8389,      25,    1557,     356,      15,     470,     135,     150,     105,     120,    9976,   11132,    1985,     829,       0,       0,       0,       0,       0,       0,       0,       0,       0,       0,       0,       0,       0,       0,       0,       0,    -285,    -370,    -285,      25,       0,       0,       0,       0,       0,       0,       0,       0,    -345,    -285,      60,       0,  100.0,   76.7,   70.1,    0.2,   13.0,    3.0,    0.1,    3.9,    1.1,    1.3,    0.9,    1.0,   83.4,   93.1,   16.6,    6.9,  100.0,   76.7,   70.1,    0.2,   13.0,    3.0,    0.1,    3.9,    1.1,    1.3,    0.9,    1.0,   83.4,   93.1,   16.6,    6.9,  100.0,    0.0,    0.0,    0.0,    0.0,    0.0,    0.0,    0.0,    0.0,    0.0,    0.0,    0.0,    0.0,    0.0,    0.0,    0.0,     22,     11,      5,.,.,.,.,.,.,.,.,.,     18,     11,     22,     11,      5,.,.,.,.,.,.,.,.,.,     18,     11,      0,      0,      0,      0,      0,      0,      0,      0,      0,      0,      0,      0,      0,      0,    53.6,    75.6,    72.1,    89.0,    52.5,    73.8,    69.1,    82.3,    53.6,    75.6,    72.1,    89.0,    52.5,    73.8,    69.1,    82.3,     0.0,     0.0,     0.0,     0.0,     0.0,     0.0,     0.0,     0.0,"Megawatt Hours (MWh)","064EOX","NODX","064 ","N16","FutOnly"
"PJM.N ILLINOIS HUB_mo_on_dap - NODAL EXCHANGE",260929,2026-09-29,064ERM,NODX,01,064 ,   93792,   67352,   76630,   12317,    5685,    3199,     850,     335,       0,    2235,      50,       0,   85953,   85899,    7839,    7893,   93792,   67352,   76630,   12317,    5685,    3199,     850,     335,       0,    2235,      50,       0,   85953,   85899,    7839,    7893,       0,       0,       0,       0,       0,       0,       0,       0,       0,       0,       0,       0,       0,       0,       0,       0,     100,     150,    -225,     -75,     300,       0,       0,     -25,       0,     -25,       0,       0,      50,      50,      50,      50,  100.0,   71.8,   81.7,   13.1,    6.1,    3.4,    0.9,    0.4,    0.0,    2.4,    0.1,    0.0,   91.6,   91.6,    8.4,    8.4,  100.0,   71.8,   81.7,   13.1,    6.1,    3.4,    0.9,    0.4,    0.0,    2.4,    0.1,    0.0,   91.6,   91.6,    8.4,    8.4,  100.0,    0.0,    0.0,    0.0,    0.0,    0.0,    0.0,    0.0,    0.0,    0.0,    0.0,    0.0,    0.0,    0.0,    0.0,    0.0,     31,     14,     14,      5,.,      5,.,.,      0,.,.,      0,     23,     22,     31,     14,     14,      5,.,      5,.,.,      0,.,.,      0,     23,     22,      0,      0,      0,      0,      0,      0,      0,      0,      0,      0,      0,      0,      0,      0,    58.9,    74.2,    82.6,    84.0,    56.1,    74.2,    77.4,    82.3,    58.9,    74.2,    82.6,    84.0,    56.1,    74.2,    77.4,    82.3,     0.0,     0.0,     0.0,     0.0,     0.0,     0.0,     0.0,     0.0,"Megawatt Hours (MWh)","064ERM","NODX","064 ","N16","FutOnly"
"PJM.N ILLINOIS HUB_mo_off_dap - NODAL EXCHANGE",260929,2026-09-29,064ERN,NODX,01,064 ,   92620,   64385,   76278,   14502,    5195,    2979,     850,     335,       0,    2175,      50,       0,   84891,   84837,    7729,    7783,   92620,   64385,   76278,   14502,    5195,    2979,     850,     335,       0,    2175,      50,       0,   84891,   84837,    7729,    7783,       0,       0,       0,       0,       0,       0,       0,       0,       0,       0,       0,       0,       0,       0,       0,       0,     375,     225,     225,     300,     300,    -175,       0,     -25,       0,     -25,       0,       0,     325,     325,      50,      50,  100.0,   69.5,   82.4,   15.7,    5.6,    3.2,    0.9,    0.4,    0.0,    2.3,    0.1,    0.0,   91.7,   91.6,    8.3,    8.4,  100.0,   69.5,   82.4,   15.7,    5.6,    3.2,    0.9,    0.4,    0.0,    2.3,    0.1,    0.0,   91.7,   91.6,    8.3,    8.4,  100.0,    0.0,    0.0,    0.0,    0.0,    0.0,    0.0,    0.0,    0.0,    0.0,    0.0,    0.0,    0.0,    0.0,    0.0,    0.0,     31,     14,     15,      5,.,      5,.,.,      0,.,.,      0,     23,     23,     31,     14,     15,      5,.,      5,.,.,      0,.,.,      0,     23,     23,      0,      0,      0,      0,      0,      0,      0,      0,      0,      0,      0,      0,      0,      0,    58.5,    75.0,    81.3,    84.5,    55.7,    74.7,    76.5,    82.8,    58.5,    75.0,    81.3,    84.5,    55.7,    74.7,    76.5,    82.8,     0.0,     0.0,     0.0,     0.0,     0.0,     0.0,     0.0,     0.0,"Megawatt Hours (MWh)","064ERN","NODX","064 ","N16","FutOnly"
"PJM.PECO_month_on_dap - NODAL EXCHANGE",260929,2026-09-29,064EUY,NODX,01,064 ,  103440,   69171,   78482,    4284,   13453,    1270,    1825,     985,       0,   17489,     226,     334,   94373,   94750,    9067,    8690,  103440,   69171,   78482,    4284,   13453,    1270,    1825,     985,       0,   17489,     226,     334,   94373,   94750,    9067,    8690,       0,       0,       0,       0,       0,       0,       0,       0,       0,       0,       0,       0,       0,       0,       0,       0,    1453,     686,     675,    1920,    -475,    -330,      30,     100,       0,   -2361,     -25,       0,     -55,     -55,    1508,    1508,  100.0,   66.9,   75.9,    4.1,   13.0,    1.2,    1.8,    1.0,    0.0,   16.9,    0.2,    0.3,   91.2,   91.6,    8.8,    8.4,  100.0,   66.9,   75.9,    4.1,   13.0,    1.2,    1.8,    1.0,    0.0,   16.9,    0.2,    0.3,   91.2,   91.6,    8.8,    8.4,  100.0,    0.0,    0.0,    0.0,    0.0,    0.0,    0.0,    0.0,    0.0,    0.0,    0.0,    0.0,    0.0,    0.0,    0.0,    0.0,     37,     21,     11,.,.,.,.,.,      0,.,.,.,     29,     22,     37,     21,     11,.,.,.,.,.,      0,.,.,.,     29,     22,      0,      0,      0,      0,      0,      0,      0,      0,      0,      0,      0,      0,      0,      0,    48.1,    75.8,    70.7,    87.8,    44.6,    74.1,    58.4,    76.4,    48.1,    75.8,    70.7,    87.8,    44.6,    74.1,    58.4,    76.4,     0.0,     0.0,     0.0,     0.0,     0.0,     0.0,     0.0,     0.0,"Megawatt Hours (MWh)","064EUY","NODX","064 ","N16","FutOnly"
"PJM.PECO_month_off_dap - NODAL EXCHANGE",260929,2026-09-29,064EUZ,NODX,01,064 ,  102893,   66626,   77787,    4954,   12233,    1270,    1825,     685,     175,   17264,     251,     309,   92423,   92710,   10470,   10183,  102893,   66626,   77787,    4954,   12233,    1270,    1825,     685,     175,   17264,     251,     309,   92423,   92710,   10470,   10183,       0,       0,       0,       0,       0,       0,       0,       0,       0,       0,       0,       0,       0,       0,       0,       0,    1796,     286,     225,    1920,    -425,    -310,      30,     100,       0,   -2361,     -25,       0,    -435,    -435,    2231,    2231,  100.0,   64.8,   75.6,    4.8,   11.9,    1.2,    1.8,    0.7,    0.2,   16.8,    0.2,    0.3,   89.8,   90.1,   10.2,    9.9,  100.0,   64.8,   75.6,    4.8,   11.9,    1.2,    1.8,    0.7,    0.2,   16.8,    0.2,    0.3,   89.8,   90.1,   10.2,    9.9,  100.0,    0.0,    0.0,    0.0,    0.0,    0.0,    0.0,    0.0,    0.0,    0.0,    0.0,    0.0,    0.0,    0.0,    0.0,    0.0,     37,     21,     11,.,.,.,.,.,.,.,.,.,     30,     22,     37,     21,     11,.,.,.,.,.,.,.,.,.,     30,     22,      0,      0,      0,      0,      0,      0,      0,      0,      0,      0,      0,      0,      0,      0,    46.3,    74.4,    69.7,    86.4,    41.7,    72.9,    57.8,    75.3,    46.3,    74.4,    69.7,    86.4,    41.7,    72.9,    57.8,    75.3,     0.0,     0.0,     0.0,     0.0,     0.0,     0.0,     0.0,     0.0,"Megawatt Hours (MWh)","064EUZ","NODX","064 ","N16","FutOnly"
"PJM.PENELEC_month_on_dap - NODAL EXCHANGE",260929,2026-09-29,064EVA,NODX,01,064 ,   12296,    2868,    8800,    1598,    2300,     111,     375,       0,       0,    5701,       0,      40,   10693,   11251,    1603,    1045,   12296,    2868,    8800,    1598,    2300,     111,     375,       0,       0,    5701,       0,      40,   10693,   11251,    1603,    1045,       0,       0,       0,       0,       0,       0,       0,       0,       0,       0,       0,       0,       0,       0,       0,       0,   -1287,     120,   -1175,     -25,    -105,      18,       0,       0,       0,   -1435,       0,       0,   -1322,   -1262,      35,     -25,  100.0,   23.3,   71.6,   13.0,   18.7,    0.9,    3.0,    0.0,    0.0,   46.4,    0.0,    0.3,   87.0,   91.5,   13.0,    8.5,  100.0,   23.3,   71.6,   13.0,   18.7,    0.9,    3.0,    0.0,    0.0,   46.4,    0.0,    0.3,   87.0,   91.5,   13.0,    8.5,  100.0,    0.0,    0.0,    0.0,    0.0,    0.0,    0.0,    0.0,    0.0,    0.0,    0.0,    0.0,    0.0,    0.0,    0.0,    0.0,     20,      7,      6,.,.,.,.,      0,      0,      4,      0,.,     15,      9,     20,      7,      6,.,.,.,.,      0,      0,      4,      0,.,     15,      9,      0,      0,      0,      0,      0,      0,      0,      0,      0,      0,      0,      0,      0,      0,    60.9,    81.1,    75.7,    91.2,    60.6,    81.1,    74.6,    88.4,    60.9,    81.1,    75.7,    91.2,    60.6,    81.1,    74.6,    88.4,     0.0,     0.0,     0.0,     0.0,     0.0,     0.0,     0.0,     0.0,"Megawatt Hours (MWh)","064EVA","NODX","064 ","N16","FutOnly"
"PJM.PEPCO_month_on_dap - NODAL EXCHANGE",260929,2026-09-29,064EVG,NODX,01,064 ,   28881,   22012,   15933,    1162,    1810,    1249,     660,    2580,       0,     190,    4102,     585,   25858,   26259,    3023,    2622,   28881,   22012,   15933,    1162,    1810,    1249,     660,    2580,       0,     190,    4102,     585,   25858,   26259,    3023,    2622,       0,       0,       0,       0,       0,       0,       0,       0,       0,       0,       0,       0,       0,       0,       0,       0,    2709,    2885,    2765,    -240,       0,     154,       0,       0,       0,       0,    -180,    -120,    2679,    2619,      30,      90,  100.0,   76.2,   55.2,    4.0,    6.3,    4.3,    2.3,    8.9,    0.0,    0.7,   14.2,    2.0,   89.5,   90.9,   10.5,    9.1,  100.0,   76.2,   55.2,    4.0,    6.3,    4.3,    2.3,    8.9,    0.0,    0.7,   14.2,    2.0,   89.5,   90.9,   10.5,    9.1,  100.0,    0.0,    0.0,    0.0,    0.0,    0.0,    0.0,    0.0,    0.0,    0.0,    0.0,    0.0,    0.0,    0.0,    0.0,    0.0,     31,     17,      7,.,.,      4,.,.,      0,.,.,.,     25,     17,     31,     17,      7,.,.,      4,.,.,      0,.,.,.,     25,     17,      0,      0,      0,      0,      0,      0,      0,      0,      0,      0,      0,      0,      0,      0,    45.9,    70.3,    67.1,    83.9,    45.9,    65.3,    65.9,    77.7,    45.9,    70.3,    67.1,    83.9,    45.9,    65.3,    65.9,    77.7,     0.0,     0.0,     0.0,     0.0,     0.0,     0.0,     0.0,     0.0,"Megawatt Hours (MWh)","064EVG","NODX","064 ","N16","FutOnly"
"PJM.PEPCO_month_off_dap - NODAL EXCHANGE",260929,2026-09-29,064EVH,NODX,01,064 ,   28881,   22012,   15933,    1162,    1810,    1249,     660,    2580,       0,     190,    4102,     585,   25858,   26259,    3023,    2622,   28881,   22012,   15933,    1162,    1810,    1249,     660,    2580,       0,     190,    4102,     585,   25858,   26259,    3023,    2622,       0,       0,       0,       0,       0,       0,       0,       0,       0,       0,       0,       0,       0,       0,       0,       0,    2709,    2885,    2765,    -240,       0,     154,       0,       0,       0,       0,    -180,    -120,    2679,    2619,      30,      90,  100.0,   76.2,   55.2,    4.0,    6.3,    4.3,    2.3,    8.9,    0.0,    0.7,   14.2,    2.0,   89.5,   90.9,   10.5,    9.1,  100.0,   76.2,   55.2,    4.0,    6.3,    4.3,    2.3,    8.9,    0.0,    0.7,   14.2,    2.0,   89.5,   90.9,   10.5,    9.1,  100.0,    0.0,    0.0,    0.0,    0.0,    0.0,    0.0,    0.0,    0.0,    0.0,    0.0,    0.0,    0.0,    0.0,    0.0,    0.0,     31,     17,      7,.,.,      4,.,.,      0,.,.,.,     25,     17,     31,     17,      7,.,.,      4,.,.,      0,.,.,.,     25,     17,      0,      0,      0,      0,      0,      0,      0,      0,      0,      0,      0,      0,      0,      0,    45.9,    70.3,    67.1,    83.9,    45.9,    65.3,    65.9,    77.7,    45.9,    70.3,    67.1,    83.9,    45.9,    65.3,    65.9,    77.7,     0.0,     0.0,     0.0,     0.0,     0.0,     0.0,     0.0,     0.0,"Megawatt Hours (MWh)","064EVH","NODX","064 ","N16","FutOnly"
"PJM.PPL_month_on_dap - NODAL EXCHANGE",260929,2026-09-29,064EWU,NODX,01,064 ,   74460,   61143,   54830,    4575,   10784,    1956,    2105,       0,      90,     800,    3530,    1630,   72299,   72820,    2161,    1640,   74460,   61143,   54830,    4575,   10784,    1956,    2105,       0,      90,     800,    3530,    1630,   72299,   72820,    2161,    1640,       0,       0,       0,       0,       0,       0,       0,       0,       0,       0,       0,       0,       0,       0,       0,       0,    4599,    4005,    5294,    -225,   -1580,     530,       0,       0,       0,    -185,      35,     475,    4600,    4754,      -1,    -155,  100.0,   82.1,   73.6,    6.1,   14.5,    2.6,    2.8,    0.0,    0.1,    1.1,    4.7,    2.2,   97.1,   97.8,    2.9,    2.2,  100.0,   82.1,   73.6,    6.1,   14.5,    2.6,    2.8,    0.0,    0.1,    1.1,    4.7,    2.2,   97.1,   97.8,    2.9,    2.2,  100.0,    0.0,    0.0,    0.0,    0.0,    0.0,    0.0,    0.0,    0.0,    0.0,    0.0,    0.0,    0.0,    0.0,    0.0,    0.0,     40,     23,     18,.,      6,      6,.,      0,.,.,.,.,     36,     29,     40,     23,     18,.,      6,      6,.,      0,.,.,.,.,     36,     29,      0,      0,      0,      0,      0,      0,      0,      0,      0,      0,      0,      0,      0,      0,    67.8,    54.5,    79.4,    72.9,    66.4,    53.4,    74.3,    69.7,    67.8,    54.5,    79.4,    72.9,    66.4,    53.4,    74.3,    69.7,     0.0,     0.0,     0.0,     0.0,     0.0,     0.0,     0.0,     0.0,"Megawatt Hours (MWh)","064EWU","NODX","064 ","N16","FutOnly"
"PJM.PPL_month_off_dap - NODAL EXCHANGE",260929,2026-09-29,064EWV,NODX,01,064 ,   74468,   61104,   55288,    4710,   10539,    1886,    2105,       0,      90,     800,    3395,    1630,   72325,   72828,    2143,    1640,   74468,   61104,   55288,    4710,   10539,    1886,    2105,       0,      90,     800,    3395,    1630,   72325,   72828,    2143,    1640,       0,       0,       0,       0,       0,       0,       0,       0,       0,       0,       0,       0,       0,       0,       0,       0,    4599,    4005,    5294,    -225,   -1580,     530,       0,       0,       0,    -185,      35,     475,    4600,    4754,      -1,    -155,  100.0,   82.1,   74.2,    6.3,   14.2,    2.5,    2.8,    0.0,    0.1,    1.1,    4.6,    2.2,   97.1,   97.8,    2.9,    2.2,  100.0,   82.1,   74.2,    6.3,   14.2,    2.5,    2.8,    0.0,    0.1,    1.1,    4.6,    2.2,   97.1,   97.8,    2.9,    2.2,  100.0,    0.0,    0.0,    0.0,    0.0,    0.0,    0.0,    0.0,    0.0,    0.0,    0.0,    0.0,    0.0,    0.0,    0.0,    0.0,     40,     22,     18,.,      6,      6,.,      0,.,.,.,.,     35,     29,     40,     22,     18,.,      6,      6,.,      0,.,.,.,.,     35,     29,      0,      0,      0,      0,      0,      0,      0,      0,      0,      0,      0,      0,      0,      0,    68.7,    55.1,    80.1,    73.3,    67.2,    54.6,    75.2,    70.7,    68.7,    55.1,    80.1,    73.3,    67.2,    54.6,    75.2,    70.7,     0.0,     0.0,     0.0,     0.0,     0.0,     0.0,     0.0,     0.0,"Megawatt Hours (MWh)","064EWV","NODX","064 ","N16","FutOnly"
"PJM PSEG DAP - NODAL EXCHANGE",260929,2026-09-29,064EXE,NODX,01,064 ,   85782,   50647,   48733,   10628,   10320,    1405,    3030,    1260,     300,    3780,    8074,    1300,   71090,   71392,   14692,   14390,   85782,   50647,   48733,   10628,   10320,    1405,    3030,    1260,     300,    3780,    8074,    1300,   71090,   71392,   14692,   14390,       0,       0,       0,       0,       0,       0,       0,       0,       0,       0,       0,       0,       0,       0,       0,       0,   -1112,   -1321,    -504,     -85,   -1050,      90,    -660,       0,       0,       0,    -320,   -1110,   -3086,   -2894,    1974,    1782,  100.0,   59.0,   56.8,   12.4,   12.0,    1.6,    3.5,    1.5,    0.3,    4.4,    9.4,    1.5,   82.9,   83.2,   17.1,   16.8,  100.0,   59.0,   56.8,   12.4,   12.0,    1.6,    3.5,    1.5,    0.3,    4.4,    9.4,    1.5,   82.9,   83.2,   17.1,   16.8,  100.0,    0.0,    0.0,    0.0,    0.0,    0.0,    0.0,    0.0,    0.0,    0.0,    0.0,    0.0,    0.0,    0.0,    0.0,    0.0,     40,     25,     15,.,      4,      5,.,.,.,.,      4,.,     36,     27,     40,     25,     15,.,      4,      5,.,.,.,.,      4,.,     36,     27,      0,      0,      0,      0,      0,      0,      0,      0,      0,      0,      0,      0,      0,      0,    33.8,    44.6,    50.6,    64.0,    30.0,    33.7,    40.4,    48.8,    33.8,    44.6,    50.6,    64.0,    30.0,    33.7,    40.4,    48.8,     0.0,     0.0,     0.0,     0.0,     0.0,     0.0,     0.0,     0.0,"Megawatt Hours (MWh)","064EXE","NODX","064 ","N16","FutOnly"
"PJM.PSEG_month_off_dap - NODAL EXCHANGE",260929,2026-09-29,064EXF,NODX,01,064 ,   83371,   48114,   46975,   10543,   10820,    1145,    3230,       0,     485,    3585,    8529,    1250,   68352,   69204,   15019,   14167,   83371,   48114,   46975,   10543,   10820,    1145,    3230,       0,     485,    3585,    8529,    1250,   68352,   69204,   15019,   14167,       0,       0,       0,       0,       0,       0,       0,       0,       0,       0,       0,       0,       0,       0,       0,       0,    -477,   -1234,    -102,     -85,   -1050,      90,       0,       0,       0,       0,     -50,   -1110,   -2339,   -2222,    1862,    1745,  100.0,   57.7,   56.3,   12.6,   13.0,    1.4,    3.9,    0.0,    0.6,    4.3,   10.2,    1.5,   82.0,   83.0,   18.0,   17.0,  100.0,   57.7,   56.3,   12.6,   13.0,    1.4,    3.9,    0.0,    0.6,    4.3,   10.2,    1.5,   82.0,   83.0,   18.0,   17.0,  100.0,    0.0,    0.0,    0.0,    0.0,    0.0,    0.0,    0.0,    0.0,    0.0,    0.0,    0.0,    0.0,    0.0,    0.0,    0.0,     39,     24,     15,.,      4,      5,.,      0,.,.,.,      4,     36,     27,     39,     24,     15,.,      4,      5,.,      0,.,.,.,      4,     36,     27,      0,      0,      0,      0,      0,      0,      0,      0,      0,      0,      0,      0,      0,      0,    34.6,    44.2,    50.0,    64.1,    30.3,    35.3,    40.8,    50.2,    34.6,    44.2,    50.0,    64.1,    30.3,    35.3,    40.8,    50.2,     0.0,     0.0,     0.0,     0.0,     0.0,     0.0,     0.0,     0.0,"Megawatt Hours (MWh)","064EXF","NODX","064 ","N16","FutOnly"
"PJM.WESTERN HUB DAP - NODAL EXCHANGE",260929,2026-09-29,064FHK,NODX,01,064 ,  247773,  164970,  129065,    5885,   30388,    4731,    9265,     735,    1965,    2428,   22233,    2304,  191548,  191421,   56225,   56352,  247773,  164970,  129065,    5885,   30388,    4731,    9265,     735,    1965,    2428,   22233,    2304,  191548,  191421,   56225,   56352,       0,       0,       0,       0,       0,       0,       0,       0,       0,       0,       0,       0,       0,       0,       0,       0,    3379,    -532,    1282,    -210,    3515,     195,    -160,    -100,     -55,      35,   -5636,     380,    -347,    -419,    3726,    3798,  100.0,   66.6,   52.1,    2.4,   12.3,    1.9,    3.7,    0.3,    0.8,    1.0,    9.0,    0.9,   77.3,   77.3,   22.7,   22.7,  100.0,   66.6,   52.1,    2.4,   12.3,    1.9,    3.7,    0.3,    0.8,    1.0,    9.0,    0.9,   77.3,   77.3,   22.7,   22.7,  100.0,    0.0,    0.0,    0.0,    0.0,    0.0,    0.0,    0.0,    0.0,    0.0,    0.0,    0.0,    0.0,    0.0,    0.0,    0.0,     56,     26,     29,      4,      5,      8,.,.,.,      5,      5,      5,     45,     48,     56,     26,     29,      4,      5,      8,.,.,.,      5,      5,      5,     45,     48,      0,      0,      0,      0,      0,      0,      0,      0,      0,      0,      0,      0,      0,      0,    45.2,    32.2,    56.2,    49.4,    36.8,    27.7,    46.3,    41.7,    45.2,    32.2,    56.2,    49.4,    36.8,    27.7,    46.3,    41.7,     0.0,     0.0,     0.0,     0.0,     0.0,     0.0,     0.0,     0.0,"Megawatt Hours (MWh)","064FHK","NODX","064 ","N16","FutOnly"
"PJM.WESTERN HUB_month_off_dap - NODAL EXCHANGE",260929,2026-09-29,064FHL,NODX,01,064 ,  243022,  161791,  120006,    8062,   30717,    4218,    3185,    1455,    3515,    2187,   22780,    2486,  185444,  185177,   57578,   57845,  243022,  161791,  120006,    8062,   30717,    4218,    3185,    1455,    3515,    2187,   22780,    2486,  185444,  185177,   57578,   57845,       0,       0,       0,       0,       0,       0,       0,       0,       0,       0,       0,       0,       0,       0,       0,       0,    4532,    1058,    2468,    -114,    4000,     127,    -160,    -100,      20,      85,   -5556,     200,    1216,    1159,    3316,    3373,  100.0,   66.6,   49.4,    3.3,   12.6,    1.7,    1.3,    0.6,    1.4,    0.9,    9.4,    1.0,   76.3,   76.2,   23.7,   23.8,  100.0,   66.6,   49.4,    3.3,   12.6,    1.7,    1.3,    0.6,    1.4,    0.9,    9.4,    1.0,   76.3,   76.2,   23.7,   23.8,  100.0,    0.0,    0.0,    0.0,    0.0,    0.0,    0.0,    0.0,    0.0,    0.0,    0.0,    0.0,    0.0,    0.0,    0.0,    0.0,     56,     25,     29,      5,      4,      8,.,.,.,      4,      6,      6,     44,     49,     56,     25,     29,      5,      4,      8,.,.,.,      4,      6,      6,     44,     49,      0,      0,      0,      0,      0,      0,      0,      0,      0,      0,      0,      0,      0,      0,    44.2,    30.1,    55.4,    47.8,    37.3,    26.6,    46.4,    41.2,    44.2,    30.1,    55.4,    47.8,    37.3,    26.6,    46.4,    41.2,     0.0,     0.0,     0.0,     0.0,     0.0,     0.0,     0.0,     0.0,"Megawatt Hours (MWh)","064FHL","NODX","064 ","N16","FutOnly"
"MISO.INDIANA.HUB_month_on_rtp - NODAL EXCHANGE",260929,2026-09-29,064FJY,NODX,01,064 ,   28430,   19119,   13450,     686,    3635,    3695,     500,       0,       0,      20,    3680,      90,   24110,   24550,    4320,    3880,   28430,   19119,   13450,     686,    3635,    3695,     500,       0,       0,      20,    3680,      90,   24110,   24550,    4320,    3880,       0,       0,       0,       0,       0,       0,       0,       0,       0,       0,       0,       0,       0,       0,       0,       0,    -185,   -1105,    1810,     100,   -3310,      65,       0,       0,       0,       0,     495,      10,    -930,    -930,     745,     745,  100.0,   67.2,   47.3,    2.4,   12.8,   13.0,    1.8,    0.0,    0.0,    0.1,   12.9,    0.3,   84.8,   86.4,   15.2,   13.6,  100.0,   67.2,   47.3,    2.4,   12.8,   13.0,    1.8,    0.0,    0.0,    0.1,   12.9,    0.3,   84.8,   86.4,   15.2,   13.6,  100.0,    0.0,    0.0,    0.0,    0.0,    0.0,    0.0,    0.0,    0.0,    0.0,    0.0,    0.0,    0.0,    0.0,    0.0,    0.0,     22,     12,     14,.,.,      4,.,      0,      0,.,.,.,     20,     20,     22,     12,     14,.,.,      4,.,      0,      0,.,.,.,     20,     20,      0,      0,      0,      0,      0,      0,      0,      0,      0,      0,      0,      0,      0,      0,    55.8,    57.5,    70.4,    69.4,    44.0,    45.4,    49.7,    50.9,    55.8,    57.5,    70.4,    69.4,    44.0,    45.4,    49.7,    50.9,     0.0,     0.0,     0.0,     0.0,     0.0,     0.0,     0.0,     0.0,"Megawatt Hours (MWh)","064FJY","NODX","064 ","N16","FutOnly"
"MISO.INDIANA.HUB_month_off_rtp - NODAL EXCHANGE",260929,2026-09-29,064FJZ,NODX,01,064 ,   27120,   19754,   13230,     515,    4326,    3420,     845,       0,       0,      20,    3763,      77,   24631,   24816,    2489,    2304,   27120,   19754,   13230,     515,    4326,    3420,     845,       0,       0,      20,    3763,      77,   24631,   24816,    2489,    2304,       0,       0,       0,       0,       0,       0,       0,       0,       0,       0,       0,       0,       0,       0,       0,       0,    -450,    -830,    1560,      75,   -2830,     185,       0,       0,       0,       0,     525,       0,    -570,    -560,     120,     110,  100.0,   72.8,   48.8,    1.9,   16.0,   12.6,    3.1,    0.0,    0.0,    0.1,   13.9,    0.3,   90.8,   91.5,    9.2,    8.5,  100.0,   72.8,   48.8,    1.9,   16.0,   12.6,    3.1,    0.0,    0.0,    0.1,   13.9,    0.3,   90.8,   91.5,    9.2,    8.5,  100.0,    0.0,    0.0,    0.0,    0.0,    0.0,    0.0,    0.0,    0.0,    0.0,    0.0,    0.0,    0.0,    0.0,    0.0,    0.0,     23,     11,     14,.,.,      4,.,      0,      0,.,.,.,     19,     20,     23,     11,     14,.,.,      4,.,      0,      0,.,.,.,     19,     20,      0,      0,      0,      0,      0,      0,      0,      0,      0,      0,      0,      0,      0,      0,    64.8,    59.3,    77.7,    74.0,    53.8,    50.5,    59.4,    58.3,    64.8,    59.3,    77.7,    74.0,    53.8,    50.5,    59.4,    58.3,     0.0,     0.0,     0.0,     0.0,     0.0,     0.0,     0.0,     0.0,"Megawatt Hours (MWh)","064FJZ","NODX","064 ","N16","FutOnly"
"PJM.AEP-DAYTON HUB_mo_on_rtp - NODAL EXCHANGE",260929,2026-09-29,064FKA,NODX,01,064 ,   74678,   41976,   49389,    6248,    1349,    4880,    1925,    6060,    1430,    6784,     400,    2111,   65354,   65619,    9324,    9059,   74678,   41976,   49389,    6248,    1349,    4880,    1925,    6060,    1430,    6784,     400,    2111,   65354,   65619,    9324,    9059,       0,       0,       0,       0,       0,       0,       0,       0,       0,       0,       0,       0,       0,       0,       0,       0,    2568,     666,    1795,    1290,     100,     580,    -300,    -150,       0,      89,       0,     360,    2685,    2685,    -117,    -117,  100.0,   56.2,   66.1,    8.4,    1.8,    6.5,    2.6,    8.1,    1.9,    9.1,    0.5,    2.8,   87.5,   87.9,   12.5,   12.1,  100.0,   56.2,   66.1,    8.4,    1.8,    6.5,    2.6,    8.1,    1.9,    9.1,    0.5,    2.8,   87.5,   87.9,   12.5,   12.1,  100.0,    0.0,    0.0,    0.0,    0.0,    0.0,    0.0,    0.0,    0.0,    0.0,    0.0,    0.0,    0.0,    0.0,    0.0,    0.0,     42,     21,     21,      5,.,      7,.,.,.,      7,.,      5,     38,     38,     42,     21,     21,      5,.,      7,.,.,.,      7,.,      5,     38,     38,      0,      0,      0,      0,      0,      0,      0,      0,      0,      0,      0,      0,      0,      0,    33.9,    43.4,    54.1,    59.9,    25.7,    33.9,    39.2,    45.7,    33.9,    43.4,    54.1,    59.9,    25.7,    33.9,    39.2,    45.7,     0.0,     0.0,     0.0,     0.0,     0.0,     0.0,     0.0,     0.0,"Megawatt Hours (MWh)","064FKA","NODX","064 ","N16","FutOnly"
"PJM.AEP-DAYTON HUB_mo_off_rtp - NODAL EXCHANGE",260929,2026-09-29,064FKB,NODX,01,064 ,   74546,   48415,   48249,    4758,     299,    5070,       0,    6505,    1315,    2705,    1425,    2347,   64610,   65210,    9936,    9336,   74546,   48415,   48249,    4758,     299,    5070,       0,    6505,    1315,    2705,    1425,    2347,   64610,   65210,    9936,    9336,       0,       0,       0,       0,       0,       0,       0,       0,       0,       0,       0,       0,       0,       0,       0,       0,     726,     692,    1046,     795,       0,    -592,       0,    -150,       0,    -666,     -75,     387,     616,     616,     110,     110,  100.0,   64.9,   64.7,    6.4,    0.4,    6.8,    0.0,    8.7,    1.8,    3.6,    1.9,    3.1,   86.7,   87.5,   13.3,   12.5,  100.0,   64.9,   64.7,    6.4,    0.4,    6.8,    0.0,    8.7,    1.8,    3.6,    1.9,    3.1,   86.7,   87.5,   13.3,   12.5,  100.0,    0.0,    0.0,    0.0,    0.0,    0.0,    0.0,    0.0,    0.0,    0.0,    0.0,    0.0,    0.0,    0.0,    0.0,    0.0,     41,     19,     20,      5,.,      7,      0,      4,.,      5,.,      5,     36,     37,     41,     19,     20,      5,.,      7,      0,      4,.,      5,.,      5,     36,     37,      0,      0,      0,      0,      0,      0,      0,      0,      0,      0,      0,      0,      0,      0,    40.0,    41.6,    55.1,    58.0,    30.2,    32.3,    40.5,    44.4,    40.0,    41.6,    55.1,    58.0,    30.2,    32.3,    40.5,    44.4,     0.0,     0.0,     0.0,     0.0,     0.0,     0.0,     0.0,     0.0,"Megawatt Hours (MWh)","064FKB","NODX","064 ","N16","FutOnly"
"PJM.N ILLINOIS HUB_mo_on_rtp - NODAL EXCHANGE",260929,2026-09-29,064FKC,NODX,01,064 ,   66843,   49560,   52853,    7265,    5056,    2225,     745,       0,     455,     125,      10,     150,   60525,   60749,    6318,    6094,   66843,   49560,   52853,    7265,    5056,    2225,     745,       0,     455,     125,      10,     150,   60525,   60749,    6318,    6094,       0,       0,       0,       0,       0,       0,       0,       0,       0,       0,       0,       0,       0,       0,       0,       0,    -330,    -455,    -140,      75,    -300,       0,       0,       0,       0,     -50,      10,      90,    -340,    -340,      10,      10,  100.0,   74.1,   79.1,   10.9,    7.6,    3.3,    1.1,    0.0,    0.7,    0.2,    0.0,    0.2,   90.5,   90.9,    9.5,    9.1,  100.0,   74.1,   79.1,   10.9,    7.6,    3.3,    1.1,    0.0,    0.7,    0.2,    0.0,    0.2,   90.5,   90.9,    9.5,    9.1,  100.0,    0.0,    0.0,    0.0,    0.0,    0.0,    0.0,    0.0,    0.0,    0.0,    0.0,    0.0,    0.0,    0.0,    0.0,    0.0,     26,     13,     11,.,      4,      4,.,      0,.,.,.,.,     21,     20,     26,     13,     11,.,      4,      4,.,      0,.,.,.,.,     21,     20,      0,      0,      0,      0,      0,      0,      0,      0,      0,      0,      0,      0,      0,      0,    56.6,    60.8,    77.5,    78.4,    37.7,    49.5,    53.5,    57.4,    56.6,    60.8,    77.5,    78.4,    37.7,    49.5,    53.5,    57.4,     0.0,     0.0,     0.0,     0.0,     0.0,     0.0,     0.0,     0.0,"Megawatt Hours (MWh)","064FKC","NODX","064 ","N16","FutOnly"
"PJM.N ILLINOIS HUB_mo_off_rtp - NODAL EXCHANGE",260929,2026-09-29,064FKD,NODX,01,064 ,   64563,   44179,   50281,    7995,    5336,    1580,    2889,       0,     415,     270,      40,      60,   57388,   57712,    7175,    6851,   64563,   44179,   50281,    7995,    5336,    1580,    2889,       0,     415,     270,      40,      60,   57388,   57712,    7175,    6851,       0,       0,       0,       0,       0,       0,       0,       0,       0,       0,       0,       0,       0,       0,       0,       0,    -150,    -405,      35,     120,    -300,      75,       0,       0,       0,     120,      40,      60,     -30,     -90,    -120,     -60,  100.0,   68.4,   77.9,   12.4,    8.3,    2.4,    4.5,    0.0,    0.6,    0.4,    0.1,    0.1,   88.9,   89.4,   11.1,   10.6,  100.0,   68.4,   77.9,   12.4,    8.3,    2.4,    4.5,    0.0,    0.6,    0.4,    0.1,    0.1,   88.9,   89.4,   11.1,   10.6,  100.0,    0.0,    0.0,    0.0,    0.0,    0.0,    0.0,    0.0,    0.0,    0.0,    0.0,    0.0,    0.0,    0.0,    0.0,    0.0,     27,     13,     13,.,      4,      5,.,      0,.,.,.,.,     22,     23,     27,     13,     13,.,      4,      5,.,      0,.,.,.,.,     22,     23,      0,      0,      0,      0,      0,      0,      0,      0,      0,      0,      0,      0,      0,      0,    55.2,    60.0,    72.2,    75.4,    31.2,    43.9,    43.6,    49.8,    55.2,    60.0,    72.2,    75.4,    31.2,    43.9,    43.6,    49.8,     0.0,     0.0,     0.0,     0.0,     0.0,     0.0,     0.0,     0.0,"Megawatt Hours (MWh)","064FKD","NODX","064 ","N16","FutOnly"
"PJM.WESTERN HUB_month_on_rtp - NODAL EXCHANGE",260929,2026-09-29,064FKE,NODX,01,064 ,  235467,  127182,  169087,   54441,    4222,   10359,    6435,    5275,    3245,    3942,   13287,    2124,  207728,  207599,   27739,   27868,  235467,  127182,  169087,   54441,    4222,   10359,    6435,    5275,    3245,    3942,   13287,    2124,  207728,  207599,   27739,   27868,       0,       0,       0,       0,       0,       0,       0,       0,       0,       0,       0,       0,       0,       0,       0,       0,    1128,    1847,    -382,   -1905,       0,     986,     345,       0,    -345,     431,    1100,     140,    1499,    1499,    -371,    -371,  100.0,   54.0,   71.8,   23.1,    1.8,    4.4,    2.7,    2.2,    1.4,    1.7,    5.6,    0.9,   88.2,   88.2,   11.8,   11.8,  100.0,   54.0,   71.8,   23.1,    1.8,    4.4,    2.7,    2.2,    1.4,    1.7,    5.6,    0.9,   88.2,   88.2,   11.8,   11.8,  100.0,    0.0,    0.0,    0.0,    0.0,    0.0,    0.0,    0.0,    0.0,    0.0,    0.0,    0.0,    0.0,    0.0,    0.0,    0.0,     51,     25,     27,      6,.,      6,.,.,.,      6,      4,      8,     43,     46,     51,     25,     27,      6,.,      6,.,.,.,      6,      4,      8,     43,     46,      0,      0,      0,      0,      0,      0,      0,      0,      0,      0,      0,      0,      0,      0,    34.7,    46.5,    57.8,    61.8,    31.1,    41.0,    49.4,    52.8,    34.7,    46.5,    57.8,    61.8,    31.1,    41.0,    49.4,    52.8,     0.0,     0.0,     0.0,     0.0,     0.0,     0.0,     0.0,     0.0,"Megawatt Hours (MWh)","064FKE","NODX","064 ","N16","FutOnly"
"PJM.WESTERN HUB_month_off_rtp - NODAL EXCHANGE",260929,2026-09-29,064FKF,NODX,01,064 ,  196113,  101863,  127071,   33711,    6585,    9437,    7600,    4170,    3535,    2541,    7985,    3863,  162550,  162646,   33563,   33467,  196113,  101863,  127071,   33711,    6585,    9437,    7600,    4170,    3535,    2541,    7985,    3863,  162550,  162646,   33563,   33467,       0,       0,       0,       0,       0,       0,       0,       0,       0,       0,       0,       0,       0,       0,       0,       0,   -1379,     669,    -951,      67,     143,    -119,    -450,       0,      50,    -889,     205,     -30,    -702,    -702,    -677,    -677,  100.0,   51.9,   64.8,   17.2,    3.4,    4.8,    3.9,    2.1,    1.8,    1.3,    4.1,    2.0,   82.9,   82.9,   17.1,   17.1,  100.0,   51.9,   64.8,   17.2,    3.4,    4.8,    3.9,    2.1,    1.8,    1.3,    4.1,    2.0,   82.9,   82.9,   17.1,   17.1,  100.0,    0.0,    0.0,    0.0,    0.0,    0.0,    0.0,    0.0,    0.0,    0.0,    0.0,    0.0,    0.0,    0.0,    0.0,    0.0,     48,     27,     26,      4,.,      6,.,.,.,      4,      4,      6,     42,     44,     48,     27,     26,      4,.,      6,.,.,.,      4,      4,      6,     42,     44,      0,      0,      0,      0,      0,      0,      0,      0,      0,      0,      0,      0,      0,      0,    36.7,    45.8,    53.6,    58.6,    32.0,    40.7,    45.1,    49.7,    36.7,    45.8,    53.6,    58.6,    32.0,    40.7,    45.1,    49.7,     0.0,     0.0,     0.0,     0.0,     0.0,     0.0,     0.0,     0.0,"Megawatt Hours (MWh)","064FKF","NODX","064 ","N16","FutOnly"
"ERCOT.HB_NORTH_month_on_rtp - NODAL EXCHANGE",260929,2026-09-29,064FOK,NODX,01,064 ,   79963,   64637,   49053,    3566,   18810,    1130,       0,    1200,       0,    1900,    1040,       0,   71233,   71233,    8730,    8730,   79963,   64637,   49053,    3566,   18810,    1130,       0,    1200,       0,    1900,    1040,       0,   71233,   71233,    8730,    8730,       0,       0,       0,       0,       0,       0,       0,       0,       0,       0,       0,       0,       0,       0,       0,       0,     480,     480,     180,       0,       0,       0,       0,     300,       0,       0,       0,       0,     480,     480,       0,       0,  100.0,   80.8,   61.3,    4.5,   23.5,    1.4,    0.0,    1.5,    0.0,    2.4,    1.3,    0.0,   89.1,   89.1,   10.9,   10.9,  100.0,   80.8,   61.3,    4.5,   23.5,    1.4,    0.0,    1.5,    0.0,    2.4,    1.3,    0.0,   89.1,   89.1,   10.9,   10.9,  100.0,    0.0,    0.0,    0.0,    0.0,    0.0,    0.0,    0.0,    0.0,    0.0,    0.0,    0.0,    0.0,    0.0,    0.0,    0.0,     27,     15,     16,.,      4,.,      0,.,      0,.,.,      0,     20,     23,     27,     15,     16,.,      4,.,      0,.,      0,.,.,      0,     20,     23,      0,      0,      0,      0,      0,      0,      0,      0,      0,      0,      0,      0,      0,      0,    66.4,    48.6,    79.5,    69.9,    60.9,    46.5,    72.4,    63.6,    66.4,    48.6,    79.5,    69.9,    60.9,    46.5,    72.4,    63.6,     0.0,     0.0,     0.0,     0.0,     0.0,     0.0,     0.0,     0.0,"Megawatt Hours (MWh)","064FOK","NODX","064 ","N16","FutOnly"
"ERCOT.HB_NORTH_month_off_rtp - NODAL EXCHANGE",260929,2026-09-29,064FOL,NODX,01,064 ,   77228,   64678,   50040,    3316,   16570,    1430,       0,     300,       0,       0,    1040,       0,   69424,   69380,    7804,    7848,   77228,   64678,   50040,    3316,   16570,    1430,       0,     300,       0,       0,    1040,       0,   69424,   69380,    7804,    7848,       0,       0,       0,       0,       0,       0,       0,       0,       0,       0,       0,       0,       0,       0,       0,       0,     480,     480,     180,       0,       0,       0,       0,     300,       0,       0,       0,       0,     480,     480,       0,       0,  100.0,   83.7,   64.8,    4.3,   21.5,    1.9,    0.0,    0.4,    0.0,    0.0,    1.3,    0.0,   89.9,   89.8,   10.1,   10.2,  100.0,   83.7,   64.8,    4.3,   21.5,    1.9,    0.0,    0.4,    0.0,    0.0,    1.3,    0.0,   89.9,   89.8,   10.1,   10.2,  100.0,    0.0,    0.0,    0.0,    0.0,    0.0,    0.0,    0.0,    0.0,    0.0,    0.0,    0.0,    0.0,    0.0,    0.0,    0.0,     24,     12,     15,.,      4,      4,      0,.,      0,      0,.,      0,     17,     22,     24,     12,     15,.,      4,      4,      0,.,      0,      0,.,      0,     17,     22,      0,      0,      0,      0,      0,      0,      0,      0,      0,      0,      0,      0,      0,      0,    70.8,    50.5,    84.9,    71.6,    64.3,    48.4,    75.3,    65.6,    70.8,    50.5,    84.9,    71.6,    64.3,    48.4,    75.3,    65.6,     0.0,     0.0,     0.0,     0.0,     0.0,     0.0,     0.0,     0.0,"Megawatt Hours (MWh)","064FOL","NODX","064 ","N16","FutOnly"
"PJM.ATSI_month_on_dap - NODAL EXCHANGE",260929,2026-09-29,064FZA,NODX,01,064 ,   31610,   18940,   19840,    1098,    6622,    1437,       0,      50,       0,    7952,    1405,     225,   29652,   29579,    1958,    2031,   31610,   18940,   19840,    1098,    6622,    1437,       0,      50,       0,    7952,    1405,     225,   29652,   29579,    1958,    2031,       0,       0,       0,       0,       0,       0,       0,       0,       0,       0,       0,       0,       0,       0,       0,       0,     325,     -55,     325,       0,    -195,     195,       0,       0,       0,     150,       0,       0,     290,     325,      35,       0,  100.0,   59.9,   62.8,    3.5,   20.9,    4.5,    0.0,    0.2,    0.0,   25.2,    4.4,    0.7,   93.8,   93.6,    6.2,    6.4,  100.0,   59.9,   62.8,    3.5,   20.9,    4.5,    0.0,    0.2,    0.0,   25.2,    4.4,    0.7,   93.8,   93.6,    6.2,    6.4,  100.0,    0.0,    0.0,    0.0,    0.0,    0.0,    0.0,    0.0,    0.0,    0.0,    0.0,    0.0,    0.0,    0.0,    0.0,    0.0,     22,     10,      4,.,.,.,      0,.,      0,.,.,.,     16,     11,     22,     10,      4,.,.,.,      0,.,      0,.,.,.,     16,     11,      0,      0,      0,      0,      0,      0,      0,      0,      0,      0,      0,      0,      0,      0,    66.8,    76.5,    83.8,    90.0,    62.7,    75.4,    77.2,    84.6,    66.8,    76.5,    83.8,    90.0,    62.7,    75.4,    77.2,    84.6,     0.0,     0.0,     0.0,     0.0,     0.0,     0.0,     0.0,     0.0,"Megawatt Hours (MWh)","064FZA","NODX","064 ","N16","FutOnly"
"PJM.ATSI_month_off_dap - NODAL EXCHANGE",260929,2026-09-29,064FZB,NODX,01,064 ,   31610,   18940,   19840,    1098,    6622,    1437,       0,      50,       0,    7952,    1405,     225,   29652,   29579,    1958,    2031,   31610,   18940,   19840,    1098,    6622,    1437,       0,      50,       0,    7952,    1405,     225,   29652,   29579,    1958,    2031,       0,       0,       0,       0,       0,       0,       0,       0,       0,       0,       0,       0,       0,       0,       0,       0,     325,     -55,     325,       0,    -195,     195,       0,       0,       0,     150,       0,       0,     290,     325,      35,       0,  100.0,   59.9,   62.8,    3.5,   20.9,    4.5,    0.0,    0.2,    0.0,   25.2,    4.4,    0.7,   93.8,   93.6,    6.2,    6.4,  100.0,   59.9,   62.8,    3.5,   20.9,    4.5,    0.0,    0.2,    0.0,   25.2,    4.4,    0.7,   93.8,   93.6,    6.2,    6.4,  100.0,    0.0,    0.0,    0.0,    0.0,    0.0,    0.0,    0.0,    0.0,    0.0,    0.0,    0.0,    0.0,    0.0,    0.0,    0.0,     22,     10,      4,.,.,.,      0,.,      0,.,.,.,     16,     11,     22,     10,      4,.,.,.,      0,.,      0,.,.,.,     16,     11,      0,      0,      0,      0,      0,      0,      0,      0,      0,      0,      0,      0,      0,      0,    66.8,    76.5,    83.8,    90.0,    62.7,    75.4,    77.2,    84.6,    66.8,    76.5,    83.8,    90.0,    62.7,    75.4,    77.2,    84.6,     0.0,     0.0,     0.0,     0.0,     0.0,     0.0,     0.0,     0.0,"Megawatt Hours (MWh)","064FZB","NODX","064 ","N16","FutOnly"
"ERCOT.HB_NORTH_month_2x16_rtp - NODAL EXCHANGE",260929,2026-09-29,064GBC,NODX,01,064 ,   16204,   11104,   12604,     100,    1500,     800,       0,       0,       0,    2900,       0,       0,   14904,   14904,    1300,    1300,   16204,   11104,   12604,     100,    1500,     800,       0,       0,       0,    2900,       0,       0,   14904,   14904,    1300,    1300,       0,       0,       0,       0,       0,       0,       0,       0,       0,       0,       0,       0,       0,       0,       0,       0,       0,       0,       0,       0,       0,       0,       0,       0,       0,       0,       0,       0,       0,       0,       0,       0,  100.0,   68.5,   77.8,    0.6,    9.3,    4.9,    0.0,    0.0,    0.0,   17.9,    0.0,    0.0,   92.0,   92.0,    8.0,    8.0,  100.0,   68.5,   77.8,    0.6,    9.3,    4.9,    0.0,    0.0,    0.0,   17.9,    0.0,    0.0,   92.0,   92.0,    8.0,    8.0,  100.0,    0.0,    0.0,    0.0,    0.0,    0.0,    0.0,    0.0,    0.0,    0.0,    0.0,    0.0,    0.0,    0.0,    0.0,    0.0,     20,     10,     11,.,.,.,      0,      0,      0,.,      0,      0,     14,     14,     20,     10,     11,.,.,.,      0,      0,      0,.,      0,      0,     14,     14,      0,      0,      0,      0,      0,      0,      0,      0,      0,      0,      0,      0,      0,      0,    55.6,    57.4,    77.8,    79.3,    33.3,    26.2,    40.7,    39.2,    55.6,    57.4,    77.8,    79.3,    33.3,    26.2,    40.7,    39.2,     0.0,     0.0,     0.0,     0.0,     0.0,     0.0,     0.0,     0.0,"Megawatt Hours (MWh)","064GBC","NODX","064 ","N16","FutOnly"
"ERCOT.HB_NORTH_month_7x8_rtp - NODAL EXCHANGE",260929,2026-09-29,064GBD,NODX,01,064 ,   37765,   22565,   30395,    3000,    1400,     900,       0,    1150,    2350,    7200,       0,       0,   36015,   36195,    1750,    1570,   37765,   22565,   30395,    3000,    1400,     900,       0,    1150,    2350,    7200,       0,       0,   36015,   36195,    1750,    1570,       0,       0,       0,       0,       0,       0,       0,       0,       0,       0,       0,       0,       0,       0,       0,       0,       0,       0,       0,       0,       0,       0,       0,       0,       0,       0,       0,       0,       0,       0,       0,       0,  100.0,   59.8,   80.5,    7.9,    3.7,    2.4,    0.0,    3.0,    6.2,   19.1,    0.0,    0.0,   95.4,   95.8,    4.6,    4.2,  100.0,   59.8,   80.5,    7.9,    3.7,    2.4,    0.0,    3.0,    6.2,   19.1,    0.0,    0.0,   95.4,   95.8,    4.6,    4.2,  100.0,    0.0,    0.0,    0.0,    0.0,    0.0,    0.0,    0.0,    0.0,    0.0,    0.0,    0.0,    0.0,    0.0,    0.0,    0.0,     21,     14,     11,.,.,.,      0,.,.,.,      0,      0,     19,     15,     21,     14,     11,.,.,.,      0,.,.,.,      0,      0,     19,     15,      0,      0,      0,      0,      0,      0,      0,      0,      0,      0,      0,      0,      0,      0,    56.3,    62.6,    77.6,    85.8,    48.4,    48.4,    56.5,    59.2,    56.3,    62.6,    77.6,    85.8,    48.4,    48.4,    56.5,    59.2,     0.0,     0.0,     0.0,     0.0,     0.0,     0.0,     0.0,     0.0,"Megawatt Hours (MWh)","064GBD","NODX","064 ","N16","FutOnly"
"ERCOT North 345KV Hub RT 7x16 - ICE FUTURES ENERGY DIV",260929,2026-09-29,064IBM,IFED,01,064 ,   16661,   12786,   10910,    1494,    1335,    1276,       0,    2080,       0,     425,     625,     300,   16281,   16526,     380,     135,   16661,   12786,   10910,    1494,    1335,    1276,       0,    2080,       0,     425,     625,     300,   16281,   16526,     380,     135,       0,       0,       0,       0,       0,       0,       0,       0,       0,       0,       0,       0,       0,       0,       0,       0,     450,     450,     370,       0,       0,       0,       0,     200,       0,       0,       0,       0,     450,     570,       0,    -120,  100.0,   76.7,   65.5,    9.0,    8.0,    7.7,    0.0,   12.5,    0.0,    2.6,    3.8,    1.8,   97.7,   99.2,    2.3,    0.8,  100.0,   76.7,   65.5,    9.0,    8.0,    7.7,    0.0,   12.5,    0.0,    2.6,    3.8,    1.8,   97.7,   99.2,    2.3,    0.8,  100.0,    0.0,    0.0,    0.0,    0.0,    0.0,    0.0,    0.0,    0.0,    0.0,    0.0,    0.0,    0.0,    0.0,    0.0,    0.0,     28,     15,     14,.,.,.,      0,.,      0,.,.,.,     23,     23,     28,     15,     14,.,.,.,      0,.,      0,.,.,.,     23,     23,      0,      0,      0,      0,      0,      0,      0,      0,      0,      0,      0,      0,      0,      0,    44.8,    50.1,    70.0,    71.1,    24.4,    32.8,    35.6,    42.5,    44.8,    50.1,    70.0,    71.1,    24.4,    32.8,    35.6,    42.5,     0.0,     0.0,     0.0,     0.0,     0.0,     0.0,     0.0,     0.0,"(1MW for about 352 Hours)","064IBM","IFED","064 ","N16","FutOnly"
"PROPANE ARGUS CIF ARA MINI - ICE FUTURES ENERGY DIV",260929,2026-09-29,066391,IFED,01,066 ,    7180,    4499,    1721,    1370,      42,     344,       0,       0,       0,     243,    4392,     149,    6605,    6648,     575,     532,    7180,    4499,    1721,    1370,      42,     344,       0,       0,       0,     243,    4392,     149,    6605,    6648,     575,     532,       0,       0,       0,       0,       0,       0,       0,       0,       0,       0,       0,       0,       0,       0,       0,       0,     114,      23,      54,      21,     -25,       2,       0,       0,       0,      10,      67,      18,      74,     116,      40,      -2,  100.0,   62.7,   24.0,   19.1,    0.6,    4.8,    0.0,    0.0,    0.0,    3.4,   61.2,    2.1,   92.0,   92.6,    8.0,    7.4,  100.0,   62.7,   24.0,   19.1,    0.6,    4.8,    0.0,    0.0,    0.0,    3.4,   61.2,    2.1,   92.0,   92.6,    8.0,    7.4,  100.0,    0.0,    0.0,    0.0,    0.0,    0.0,    0.0,    0.0,    0.0,    0.0,    0.0,    0.0,    0.0,    0.0,    0.0,    0.0,     36,     17,     17,      4,.,.,      0,      0,      0,.,      7,      6,     30,     28,     36,     17,     17,      4,.,.,      0,      0,      0,.,      7,      6,     30,     28,      0,      0,      0,      0,      0,      0,      0,      0,      0,      0,      0,      0,      0,      0,    35.7,    61.2,    60.8,    80.0,    35.4,    60.3,    58.7,    75.6,    35.7,    61.2,    60.8,    80.0,    35.4,    60.3,    58.7,    75.6,     0.0,     0.0,     0.0,     0.0,     0.0,     0.0,     0.0,     0.0,"100 metric tonnes","066391","IFED","066 ","N13","FutOnly"
"PROPANE ARGUS FAR EAST MINI - ICE FUTURES ENERGY DIV",260929,2026-09-29,066393,IFED,01,066 ,   10742,    6231,    3177,     586,    2522,     243,      50,       0,       0,    1876,    3350,     672,    9658,    9964,    1084,     778,   10742,    6231,    3177,     586,    2522,     243,      50,       0,       0,    1876,    3350,     672,    9658,    9964,    1084,     778,       0,       0,       0,       0,       0,       0,       0,       0,       0,       0,       0,       0,       0,       0,       0,       0,     326,     445,     318,     -70,       0,     110,      50,       0,       0,    -215,    -138,      76,     396,     366,     -70,     -40,  100.0,   58.0,   29.6,    5.5,   23.5,    2.3,    0.5,    0.0,    0.0,   17.5,   31.2,    6.3,   89.9,   92.8,   10.1,    7.2,  100.0,   58.0,   29.6,    5.5,   23.5,    2.3,    0.5,    0.0,    0.0,   17.5,   31.2,    6.3,   89.9,   92.8,   10.1,    7.2,  100.0,    0.0,    0.0,    0.0,    0.0,    0.0,    0.0,    0.0,    0.0,    0.0,    0.0,    0.0,    0.0,    0.0,    0.0,    0.0,     72,     35,     27,      4,      4,      6,.,      0,      0,     11,     11,     13,     59,     53,     72,     35,     27,      4,      4,      6,.,      0,      0,     11,     11,     13,     59,     53,      0,      0,      0,      0,      0,      0,      0,      0,      0,      0,      0,      0,      0,      0,    17.0,    52.6,    30.6,    63.2,    16.6,    51.2,    29.4,    58.6,    17.0,    52.6,    30.6,    63.2,    16.6,    51.2,    29.4,    58.6,     0.0,     0.0,     0.0,     0.0,     0.0,     0.0,     0.0,     0.0,"100  metric tonnes","066393","IFED","066 ","N13","FutOnly"
"BUTANE,OPIS MT B, NONTET FIX - ICE FUTURES ENERGY DIV",260929,2026-09-29,066397,IFED,01,066 ,    1388,     887,     991,       0,      87,       8,       0,       0,       0,     162,       0,     239,    1296,    1325,      92,      63,    1388,     887,     991,       0,      87,       8,       0,       0,       0,     162,       0,     239,    1296,    1325,      92,      63,       0,       0,       0,       0,       0,       0,       0,       0,       0,       0,       0,       0,       0,       0,       0,       0,       0,       0,       0,       0,       0,       0,       0,       0,       0,       0,       0,       0,       0,       0,       0,       0,  100.0,   63.9,   71.4,    0.0,    6.3,    0.6,    0.0,    0.0,    0.0,   11.7,    0.0,   17.2,   93.4,   95.5,    6.6,    4.5,  100.0,   63.9,   71.4,    0.0,    6.3,    0.6,    0.0,    0.0,    0.0,   11.7,    0.0,   17.2,   93.4,   95.5,    6.6,    4.5,  100.0,    0.0,    0.0,    0.0,    0.0,    0.0,    0.0,    0.0,    0.0,    0.0,    0.0,    0.0,    0.0,    0.0,    0.0,    0.0,     20,     10,      9,      0,.,.,      0,      0,      0,      4,      0,.,     15,     13,     20,     10,      9,      0,.,.,      0,      0,      0,      4,      0,.,     15,     13,      0,      0,      0,      0,      0,      0,      0,      0,      0,      0,      0,      0,      0,      0,    52.1,    67.6,    76.6,    86.8,    39.5,    58.9,    55.3,    65.4,    52.1,    67.6,    76.6,    86.8,    39.5,    58.9,    55.3,    65.4,     0.0,     0.0,     0.0,     0.0,     0.0,     0.0,     0.0,     0.0,"42000 gallons(1000 barrels)","066397","IFED","066 ","N13","FutOnly"
"PROPANE ARGUS SAUDI CP MINI - ICE FUTURES ENERGY DIV",260929,2026-09-29,06639H,IFED,01,066 ,    2936,     949,     230,     495,     298,     120,       0,       0,       0,     420,    1202,     191,    2175,    2041,     761,     895,    2936,     949,     230,     495,     298,     120,       0,       0,       0,     420,    1202,     191,    2175,    2041,     761,     895,       0,       0,       0,       0,       0,       0,       0,       0,       0,       0,       0,       0,       0,       0,       0,       0,     148,     106,      10,      40,      10,      15,       0,       0,       0,     -60,     -60,      48,     149,      23,      -1,     125,  100.0,   32.3,    7.8,   16.9,   10.1,    4.1,    0.0,    0.0,    0.0,   14.3,   40.9,    6.5,   74.1,   69.5,   25.9,   30.5,  100.0,   32.3,    7.8,   16.9,   10.1,    4.1,    0.0,    0.0,    0.0,   14.3,   40.9,    6.5,   74.1,   69.5,   25.9,   30.5,  100.0,    0.0,    0.0,    0.0,    0.0,    0.0,    0.0,    0.0,    0.0,    0.0,    0.0,    0.0,    0.0,    0.0,    0.0,    0.0,     26,     10,.,.,.,.,      0,      0,      0,      5,      6,      5,     24,     12,     26,     10,.,.,.,.,      0,      0,      0,      5,      6,      5,     24,     12,      0,      0,      0,      0,      0,      0,      0,      0,      0,      0,      0,      0,      0,      0,    40.0,    49.5,    51.0,    64.9,    35.2,    43.1,    43.9,    51.4,    40.0,    49.5,    51.0,    64.9,    35.2,    43.1,    43.9,    51.4,     0.0,     0.0,     0.0,     0.0,     0.0,     0.0,     0.0,     0.0,"100 Metric  Tonnes","06639H","IFED","066 ","N13","FutOnly"
"PROPANE,OPIS MT B TET/AFEI - ICE FUTURES ENERGY DIV",260929,2026-09-29,06639W,IFED,01,066 ,    4907,    2348,     370,     630,    1489,      39,       0,       0,       0,     484,    1661,     427,    3928,    3986,     979,     921,    4907,    2348,     370,     630,    1489,      39,       0,       0,       0,     484,    1661,     427,    3928,    3986,     979,     921,       0,       0,       0,       0,       0,       0,       0,       0,       0,       0,       0,       0,       0,       0,       0,       0,     290,     197,     100,      -3,      91,      14,       0,     -50,     -47,      21,      71,      -5,     177,     174,     113,     116,  100.0,   47.9,    7.5,   12.8,   30.3,    0.8,    0.0,    0.0,    0.0,    9.9,   33.8,    8.7,   80.0,   81.2,   20.0,   18.8,  100.0,   47.9,    7.5,   12.8,   30.3,    0.8,    0.0,    0.0,    0.0,    9.9,   33.8,    8.7,   80.0,   81.2,   20.0,   18.8,  100.0,    0.0,    0.0,    0.0,    0.0,    0.0,    0.0,    0.0,    0.0,    0.0,    0.0,    0.0,    0.0,    0.0,    0.0,    0.0,     25,     11,      9,.,.,.,      0,      0,      0,      5,      4,      7,     22,     18,     25,     11,      9,.,.,.,      0,      0,      0,      5,      4,      7,     22,     18,      0,      0,      0,      0,      0,      0,      0,      0,      0,      0,      0,      0,      0,      0,    43.4,    67.7,    59.9,    77.5,    43.2,    63.9,    56.9,    68.8,    43.4,    67.7,    59.9,    77.5,    43.2,    63.9,    56.9,    68.8,     0.0,     0.0,     0.0,     0.0,     0.0,     0.0,     0.0,     0.0,"1000 Metric Tonnes","06639W","IFED","066 ","N13","FutOnly"
"PROPANE,OPIS MT BELV TET BALMO - ICE FUTURES ENERGY DIV",260929,2026-09-29,06639Z,IFED,01,066 ,    2469,    1127,     601,     149,       4,     108,       0,       0,       0,     118,     809,     911,    2413,    2433,      56,      36,    2469,    1127,     601,     149,       4,     108,       0,       0,       0,     118,     809,     911,    2413,    2433,      56,      36,       0,       0,       0,       0,       0,       0,       0,       0,       0,       0,       0,       0,       0,       0,       0,       0,     150,       0,      25,       0,       0,       0,       0,       0,       0,       0,     -25,     150,     150,     150,       0,       0,  100.0,   45.6,   24.3,    6.0,    0.2,    4.4,    0.0,    0.0,    0.0,    4.8,   32.8,   36.9,   97.7,   98.5,    2.3,    1.5,  100.0,   45.6,   24.3,    6.0,    0.2,    4.4,    0.0,    0.0,    0.0,    4.8,   32.8,   36.9,   97.7,   98.5,    2.3,    1.5,  100.0,    0.0,    0.0,    0.0,    0.0,    0.0,    0.0,    0.0,    0.0,    0.0,    0.0,    0.0,    0.0,    0.0,    0.0,    0.0,     20,     11,      5,.,.,.,      0,      0,      0,.,      4,.,     18,     10,     20,     11,      5,.,.,.,      0,      0,      0,.,      4,.,     18,     10,      0,      0,      0,      0,      0,      0,      0,      0,      0,      0,      0,      0,      0,      0,    49.3,    73.4,    72.6,    96.9,    31.3,    46.3,    44.1,    51.9,    49.3,    73.4,    72.6,    96.9,    31.3,    46.3,    44.1,    51.9,     0.0,     0.0,     0.0,     0.0,     0.0,     0.0,     0.0,     0.0,"42000 gallons(1000 barrels)","06639Z","IFED","066 ","N13","FutOnly"
"ARGUS CIF ARA Lg Finl Propane - ICE FUTURES ENERGY DIV",260929,2026-09-29,066411,IFED,01,066 ,    4297,    1386,    2276,     351,      68,     504,       0,       0,       0,     864,     180,     455,    3560,    3483,     737,     814,    4297,    1386,    2276,     351,      68,     504,       0,       0,       0,     864,     180,     455,    3560,    3483,     737,     814,       0,       0,       0,       0,       0,       0,       0,       0,       0,       0,       0,       0,       0,       0,       0,       0,     125,     -35,      11,      15,     -61,     111,       0,       0,       0,     -19,     -18,      -5,      67,      38,      58,      87,  100.0,   32.3,   53.0,    8.2,    1.6,   11.7,    0.0,    0.0,    0.0,   20.1,    4.2,   10.6,   82.8,   81.1,   17.2,   18.9,  100.0,   32.3,   53.0,    8.2,    1.6,   11.7,    0.0,    0.0,    0.0,   20.1,    4.2,   10.6,   82.8,   81.1,   17.2,   18.9,  100.0,    0.0,    0.0,    0.0,    0.0,    0.0,    0.0,    0.0,    0.0,    0.0,    0.0,    0.0,    0.0,    0.0,    0.0,    0.0,     21,     11,     13,.,.,.,      0,      0,      0,.,.,      4,     18,     21,     21,     11,     13,.,.,.,      0,      0,      0,.,.,      4,     18,     21,      0,      0,      0,      0,      0,      0,      0,      0,      0,      0,      0,      0,      0,      0,    43.9,    39.4,    66.5,    58.9,    32.0,    28.1,    39.3,    35.5,    43.9,    39.4,    66.5,    58.9,    32.0,    28.1,    39.3,    35.5,     0.0,     0.0,     0.0,     0.0,     0.0,     0.0,     0.0,     0.0,"1000 metric tonnes","066411","IFED","066 ","N13","FutOnly"
"ARGUS FAR EAST PROPANE - ICE FUTURES ENERGY DIV",260929,2026-09-29,066413,IFED,01,066 ,   17291,    9941,   11009,     527,    1103,     694,      53,       0,       0,    2221,    1204,    2239,   15675,   16249,    1616,    1042,   17291,    9941,   11009,     527,    1103,     694,      53,       0,       0,    2221,    1204,    2239,   15675,   16249,    1616,    1042,       0,       0,       0,       0,       0,       0,       0,       0,       0,       0,       0,       0,       0,       0,       0,       0,     540,     182,     115,     -35,      16,      95,      53,       0,       0,      72,      60,     140,     507,     426,      33,     114,  100.0,   57.5,   63.7,    3.0,    6.4,    4.0,    0.3,    0.0,    0.0,   12.8,    7.0,   12.9,   90.7,   94.0,    9.3,    6.0,  100.0,   57.5,   63.7,    3.0,    6.4,    4.0,    0.3,    0.0,    0.0,   12.8,    7.0,   12.9,   90.7,   94.0,    9.3,    6.0,  100.0,    0.0,    0.0,    0.0,    0.0,    0.0,    0.0,    0.0,    0.0,    0.0,    0.0,    0.0,    0.0,    0.0,    0.0,    0.0,     73,     42,     43,.,      4,      6,.,      0,      0,     10,      8,     18,     69,     68,     73,     42,     43,.,      4,      6,.,      0,      0,     10,      8,     18,     69,     68,      0,      0,      0,      0,      0,      0,      0,      0,      0,      0,      0,      0,      0,      0,    30.8,    28.6,    43.8,    43.9,    27.0,    27.1,    35.8,    38.9,    30.8,    28.6,    43.8,    43.9,    27.0,    27.1,    35.8,    38.9,     0.0,     0.0,     0.0,     0.0,     0.0,     0.0,     0.0,     0.0,"1000  metric tonnes","066413","IFED","066 ","N13","FutOnly"
"ETHANE, MT. BELV-ENTERPRISE - ICE FUTURES ENERGY DIV",260929,2026-09-29,066416,IFED,01,066 ,   93000,   56176,   60732,    2700,   10827,    6693,    1431,     170,      78,   13130,    2192,   12117,   92325,   92809,     675,     191,   93000,   56176,   60732,    2700,   10827,    6693,    1431,     170,      78,   13130,    2192,   12117,   92325,   92809,     675,     191,       0,       0,       0,       0,       0,       0,       0,       0,       0,       0,       0,       0,       0,       0,       0,       0,    -885,    -610,   -1231,      15,     346,    -741,    -499,       0,       0,     -71,     -55,     796,   -1110,    -885,     225,       0,  100.0,   60.4,   65.3,    2.9,   11.6,    7.2,    1.5,    0.2,    0.1,   14.1,    2.4,   13.0,   99.3,   99.8,    0.7,    0.2,  100.0,   60.4,   65.3,    2.9,   11.6,    7.2,    1.5,    0.2,    0.1,   14.1,    2.4,   13.0,   99.3,   99.8,    0.7,    0.2,  100.0,    0.0,    0.0,    0.0,    0.0,    0.0,    0.0,    0.0,    0.0,    0.0,    0.0,    0.0,    0.0,    0.0,    0.0,    0.0,     58,     31,     33,      4,      4,      7,.,.,.,      7,      4,      8,     52,     52,     58,     31,     33,      4,      4,      7,.,.,.,      7,      4,      8,     52,     52,      0,      0,      0,      0,      0,      0,      0,      0,      0,      0,      0,      0,      0,      0,    44.1,    36.7,    63.6,    57.0,    25.3,    24.0,    33.0,    33.7,    44.1,    36.7,    63.6,    57.0,    25.3,    24.0,    33.0,    33.7,     0.0,     0.0,     0.0,     0.0,     0.0,     0.0,     0.0,     0.0,"42000 gallons(1000 barrels)","066416","IFED","066 ","N13","FutOnly"
"ISOBUTANE OPIS MT BELV NONTET - ICE FUTURES ENERGY DIV",260929,2026-09-29,066418,IFED,01,066 ,    9027,    4259,    2002,    3396,    4471,     667,       0,       0,       0,     500,    1379,      30,    8852,    8549,     175,     478,    9027,    4259,    2002,    3396,    4471,     667,       0,       0,       0,     500,    1379,      30,    8852,    8549,     175,     478,       0,       0,       0,       0,       0,       0,       0,       0,       0,       0,       0,       0,       0,       0,       0,       0,     129,      63,       0,      48,     111,      18,       0,       0,       0,       0,       0,       0,     129,     129,       0,       0,  100.0,   47.2,   22.2,   37.6,   49.5,    7.4,    0.0,    0.0,    0.0,    5.5,   15.3,    0.3,   98.1,   94.7,    1.9,    5.3,  100.0,   47.2,   22.2,   37.6,   49.5,    7.4,    0.0,    0.0,    0.0,    5.5,   15.3,    0.3,   98.1,   94.7,    1.9,    5.3,  100.0,    0.0,    0.0,    0.0,    0.0,    0.0,    0.0,    0.0,    0.0,    0.0,    0.0,    0.0,    0.0,    0.0,    0.0,    0.0,     34,     15,      7,      4,      5,.,      0,      0,      0,.,.,.,     24,     18,     34,     15,      7,      4,      5,.,      0,      0,      0,.,.,.,     24,     18,      0,      0,      0,      0,      0,      0,      0,      0,      0,      0,      0,      0,      0,      0,    48.9,    56.1,    70.5,    82.4,    42.5,    56.0,    63.1,    78.0,    48.9,    56.1,    70.5,    82.4,    42.5,    56.0,    63.1,    78.0,     0.0,     0.0,     0.0,     0.0,     0.0,     0.0,     0.0,     0.0,"42000 gallons(1000 barrels)","066418","IFED","066 ","N13","FutOnly"
"NAT GASLNE OPIS MT B NONTET FP - ICE FUTURES ENERGY DIV",260929,2026-09-29,06641A,IFED,01,066 ,   18053,   15611,    9511,     978,    1534,     562,       0,       0,       0,     177,    4882,     687,   18015,   17176,      38,     877,   18053,   15611,    9511,     978,    1534,     562,       0,       0,       0,     177,    4882,     687,   18015,   17176,      38,     877,       0,       0,       0,       0,       0,       0,       0,       0,       0,       0,       0,       0,       0,       0,       0,       0,     496,     508,     123,     -10,     -36,       7,       0,       0,       0,       0,     411,      -9,     496,     496,       0,       0,  100.0,   86.5,   52.7,    5.4,    8.5,    3.1,    0.0,    0.0,    0.0,    1.0,   27.0,    3.8,   99.8,   95.1,    0.2,    4.9,  100.0,   86.5,   52.7,    5.4,    8.5,    3.1,    0.0,    0.0,    0.0,    1.0,   27.0,    3.8,   99.8,   95.1,    0.2,    4.9,  100.0,    0.0,    0.0,    0.0,    0.0,    0.0,    0.0,    0.0,    0.0,    0.0,    0.0,    0.0,    0.0,    0.0,    0.0,    0.0,     34,     16,     18,.,      5,      6,      0,      0,      0,.,      4,      4,     26,     31,     34,     16,     18,.,      5,      6,      0,      0,      0,.,      4,      4,     26,     31,      0,      0,      0,      0,      0,      0,      0,      0,      0,      0,      0,      0,      0,      0,    64.2,    59.1,    83.4,    72.8,    51.3,    45.7,    63.5,    55.1,    64.2,    59.1,    83.4,    72.8,    51.3,    45.7,    63.5,    55.1,     0.0,     0.0,     0.0,     0.0,     0.0,     0.0,     0.0,     0.0,"42000 gallons(1000 barrels)","06641A","IFED","066 ","N13","FutOnly"
"BUTANE OPIS MT BELV NONTET FP  - ICE FUTURES ENERGY DIV",260929,2026-09-29,06641D,IFED,01,066 ,   70304,   40790,   36601,    1879,   10917,    7198,    3283,       0,     450,    8268,    6475,    8188,   70056,   69829,     248,     475,   70304,   40790,   36601,    1879,   10917,    7198,    3283,       0,     450,    8268,    6475,    8188,   70056,   69829,     248,     475,       0,       0,       0,       0,       0,       0,       0,       0,       0,       0,       0,       0,       0,       0,       0,       0,    1406,     755,     470,    -124,     331,    -139,      30,       0,       0,     685,     573,     174,    1381,    1409,      25,      -3,  100.0,   58.0,   52.1,    2.7,   15.5,   10.2,    4.7,    0.0,    0.6,   11.8,    9.2,   11.6,   99.6,   99.3,    0.4,    0.7,  100.0,   58.0,   52.1,    2.7,   15.5,   10.2,    4.7,    0.0,    0.6,   11.8,    9.2,   11.6,   99.6,   99.3,    0.4,    0.7,  100.0,    0.0,    0.0,    0.0,    0.0,    0.0,    0.0,    0.0,    0.0,    0.0,    0.0,    0.0,    0.0,    0.0,    0.0,    0.0,     99,     50,     47,.,      9,     10,.,      0,.,     18,.,     18,     84,     79,     99,     50,     47,.,      9,     10,.,      0,.,     18,.,     18,     84,     79,      0,      0,      0,      0,      0,      0,      0,      0,      0,      0,      0,      0,      0,      0,    26.4,    29.0,    42.6,    45.0,    22.6,    18.6,    34.3,    30.2,    26.4,    29.0,    42.6,    45.0,    22.6,    18.6,    34.3,    30.2,     0.0,     0.0,     0.0,     0.0,     0.0,     0.0,     0.0,     0.0,"42000 gallons(1000 barrels)","06641D","IFED","066 ","N13","FutOnly"
"PROPANE OPIS CONWAY INWELL FP - ICE FUTURES ENERGY DIV",260929,2026-09-29,06641E,IFED,01,066 ,   11804,    5793,    7762,    1773,    1449,     620,       0,       0,       0,    2445,     827,     891,   11522,   11549,     282,     255,   11804,    5793,    7762,    1773,    1449,     620,       0,       0,       0,    2445,     827,     891,   11522,   11549,     282,     255,       0,       0,       0,       0,       0,       0,       0,       0,       0,       0,       0,       0,       0,       0,       0,       0,     773,     335,     330,     -82,     320,     126,       0,       0,       0,     239,       2,     190,     808,     968,     -35,    -195,  100.0,   49.1,   65.8,   15.0,   12.3,    5.3,    0.0,    0.0,    0.0,   20.7,    7.0,    7.5,   97.6,   97.8,    2.4,    2.2,  100.0,   49.1,   65.8,   15.0,   12.3,    5.3,    0.0,    0.0,    0.0,   20.7,    7.0,    7.5,   97.6,   97.8,    2.4,    2.2,  100.0,    0.0,    0.0,    0.0,    0.0,    0.0,    0.0,    0.0,    0.0,    0.0,    0.0,    0.0,    0.0,    0.0,    0.0,    0.0,     39,     17,     17,      6,      5,      6,      0,      0,      0,      5,.,      7,     33,     33,     39,     17,     17,      6,      5,      6,      0,      0,      0,      5,.,      7,     33,     33,      0,      0,      0,      0,      0,      0,      0,      0,      0,      0,      0,      0,      0,      0,    58.3,    53.2,    71.6,    74.3,    52.1,    46.3,    60.1,    59.8,    58.3,    53.2,    71.6,    74.3,    52.1,    46.3,    60.1,    59.8,     0.0,     0.0,     0.0,     0.0,     0.0,     0.0,     0.0,     0.0,"42000 gallons(1000 barrels)","06641E","IFED","066 ","N13","FutOnly"
"PROPANE OPIS MT BELV NONTET FP - ICE FUTURES ENERGY DIV",260929,2026-09-29,06641F,IFED,01,066 ,  108412,   68224,   59248,   11214,   31250,    1162,       0,       0,       0,   17613,    6291,    9820,  108033,  107771,     379,     641,  108412,   68224,   59248,   11214,   31250,    1162,       0,       0,       0,   17613,    6291,    9820,  108033,  107771,     379,     641,       0,       0,       0,       0,       0,       0,       0,       0,       0,       0,       0,       0,       0,       0,       0,       0,     636,    -589,    1717,     448,    -106,      47,       0,       0,       0,    2294,     562,   -1574,     626,     646,      10,     -10,  100.0,   62.9,   54.7,   10.3,   28.8,    1.1,    0.0,    0.0,    0.0,   16.2,    5.8,    9.1,   99.7,   99.4,    0.3,    0.6,  100.0,   62.9,   54.7,   10.3,   28.8,    1.1,    0.0,    0.0,    0.0,   16.2,    5.8,    9.1,   99.7,   99.4,    0.3,    0.6,  100.0,    0.0,    0.0,    0.0,    0.0,    0.0,    0.0,    0.0,    0.0,    0.0,    0.0,    0.0,    0.0,    0.0,    0.0,    0.0,     82,     34,     31,      6,     11,      7,      0,      0,      0,      7,      9,      7,     56,     56,     82,     34,     31,      6,     11,      7,      0,      0,      0,      7,      9,      7,     56,     56,      0,      0,      0,      0,      0,      0,      0,      0,      0,      0,      0,      0,      0,      0,    54.9,    34.0,    72.0,    56.8,    49.2,    27.9,    63.2,    50.0,    54.9,    34.0,    72.0,    56.8,    49.2,    27.9,    63.2,    50.0,     0.0,     0.0,     0.0,     0.0,     0.0,     0.0,     0.0,     0.0,"42000 gallons(1000 barrels)","06641F","IFED","066 ","N13","FutOnly"
"PROPANE OPIS MT BELVIEU TET FP - ICE FUTURES ENERGY DIV",260929,2026-09-29,06641G,IFED,01,066 ,  189093,   95054,  103670,   27529,   10808,   10860,    2285,    5709,     167,   31074,   35845,   21464,  188433,  188523,     660,     570,  189093,   95054,  103670,   27529,   10808,   10860,    2285,    5709,     167,   31074,   35845,   21464,  188433,  188523,     660,     570,       0,       0,       0,       0,       0,       0,       0,       0,       0,       0,       0,       0,       0,       0,       0,       0,    3138,    -403,     410,    1353,     389,     293,     235,     -35,       0,    3387,    3887,   -1721,    3144,    3223,      -6,     -85,  100.0,   50.3,   54.8,   14.6,    5.7,    5.7,    1.2,    3.0,    0.1,   16.4,   19.0,   11.4,   99.7,   99.7,    0.3,    0.3,  100.0,   50.3,   54.8,   14.6,    5.7,    5.7,    1.2,    3.0,    0.1,   16.4,   19.0,   11.4,   99.7,   99.7,    0.3,    0.3,  100.0,    0.0,    0.0,    0.0,    0.0,    0.0,    0.0,    0.0,    0.0,    0.0,    0.0,    0.0,    0.0,    0.0,    0.0,    0.0,    142,     66,     72,      9,     11,     18,.,      4,.,     13,     20,     26,    119,    124,    142,     66,     72,      9,     11,     18,.,      4,.,     13,     20,     26,    119,    124,      0,      0,      0,      0,      0,      0,      0,      0,      0,      0,      0,      0,      0,      0,    30.0,    29.2,    45.5,    43.0,    29.5,    24.5,    42.8,    35.7,    30.0,    29.2,    45.5,    43.0,    29.5,    24.5,    42.8,    35.7,     0.0,     0.0,     0.0,     0.0,     0.0,     0.0,     0.0,     0.0,"42000 gallons(1000 barrels)","06641G","IFED","066 ","N13","FutOnly"
"PROPANE ARGUS SAUDI CP FP - ICE FUTURES ENERGY DIV",260929,2026-09-29,06641H,IFED,01,066 ,    3922,    1260,    2891,     242,       0,      64,      70,       0,       0,     640,     274,     234,    2510,    3463,    1412,     459,    3922,    1260,    2891,     242,       0,      64,      70,       0,       0,     640,     274,     234,    2510,    3463,    1412,     459,       0,       0,       0,       0,       0,       0,       0,       0,       0,       0,       0,       0,       0,       0,       0,       0,     263,     233,     165,      77,       0,      28,      34,       0,       0,     -49,      22,      20,     343,     235,     -80,      28,  100.0,   32.1,   73.7,    6.2,    0.0,    1.6,    1.8,    0.0,    0.0,   16.3,    7.0,    6.0,   64.0,   88.3,   36.0,   11.7,  100.0,   32.1,   73.7,    6.2,    0.0,    1.6,    1.8,    0.0,    0.0,   16.3,    7.0,    6.0,   64.0,   88.3,   36.0,   11.7,  100.0,    0.0,    0.0,    0.0,    0.0,    0.0,    0.0,    0.0,    0.0,    0.0,    0.0,    0.0,    0.0,    0.0,    0.0,    0.0,     36,     16,     18,.,      0,.,.,      0,      0,      7,.,.,     28,     25,     36,     16,     18,.,      0,.,.,      0,      0,      7,.,.,     28,     25,      0,      0,      0,      0,      0,      0,      0,      0,      0,      0,      0,      0,      0,      0,    29.6,    43.9,    44.3,    64.8,    25.5,    43.4,    36.1,    60.1,    29.6,    43.9,    44.3,    64.8,    25.5,    43.4,    36.1,    60.1,     0.0,     0.0,     0.0,     0.0,     0.0,     0.0,     0.0,     0.0,"1000 Metric  Tonnes","06641H","IFED","066 ","N13","FutOnly"
"ARGUS PROPANE FAR EAST INDEX - NEW YORK MERCANTILE EXCHANGE",260929,2026-09-29,06665B,NYME,01,066 ,    4601,    2054,    3520,     287,     143,     240,      36,       0,       0,     969,      36,      99,    3685,    4038,     916,     563,    4601,    2054,    3520,     287,     143,     240,      36,       0,       0,     969,      36,      99,    3685,    4038,     916,     563,       0,       0,       0,       0,       0,       0,       0,       0,       0,       0,       0,       0,       0,       0,       0,       0,     168,      80,      48,     -13,      21,       9,       2,       0,       0,       5,       1,      33,     116,     112,      52,      56,  100.0,   44.6,   76.5,    6.2,    3.1,    5.2,    0.8,    0.0,    0.0,   21.1,    0.8,    2.2,   80.1,   87.8,   19.9,   12.2,  100.0,   44.6,   76.5,    6.2,    3.1,    5.2,    0.8,    0.0,    0.0,   21.1,    0.8,    2.2,   80.1,   87.8,   19.9,   12.2,  100.0,    0.0,    0.0,    0.0,    0.0,    0.0,    0.0,    0.0,    0.0,    0.0,    0.0,    0.0,    0.0,    0.0,    0.0,    0.0,     26,     15,     13,.,.,.,.,      0,      0,.,.,      4,     23,     21,     26,     15,     13,.,.,.,.,      0,      0,.,.,      4,     23,     21,      0,      0,      0,      0,      0,      0,      0,      0,      0,      0,      0,      0,      0,      0,    46.4,    65.4,    59.7,    76.2,    43.4,    61.9,    52.8,    65.2,    46.4,    65.4,    59.7,    76.2,    43.4,    61.9,    52.8,    65.2,     0.0,     0.0,     0.0,     0.0,     0.0,     0.0,     0.0,     0.0,"(CONTRACTS OF 1,000 METRIC TONS)","06665B","NYME","066 ","N13","FutOnly"
"PROPANE NON-LDH MT BEL - NEW YORK MERCANTILE EXCHANGE",260929,2026-09-29,06665G,NYME,01,066 ,   32170,   24263,   17496,     764,    9466,    1352,       0,       0,       0,    3263,    1085,    2072,   31714,   31471,     456,     699,   32170,   24263,   17496,     764,    9466,    1352,       0,       0,       0,    3263,    1085,    2072,   31714,   31471,     456,     699,       0,       0,       0,       0,       0,       0,       0,       0,       0,       0,       0,       0,       0,       0,       0,       0,    1922,    1136,    1360,    -271,     418,     141,       0,       0,       0,     861,     -62,      55,    1922,    1912,       0,      10,  100.0,   75.4,   54.4,    2.4,   29.4,    4.2,    0.0,    0.0,    0.0,   10.1,    3.4,    6.4,   98.6,   97.8,    1.4,    2.2,  100.0,   75.4,   54.4,    2.4,   29.4,    4.2,    0.0,    0.0,    0.0,   10.1,    3.4,    6.4,   98.6,   97.8,    1.4,    2.2,  100.0,    0.0,    0.0,    0.0,    0.0,    0.0,    0.0,    0.0,    0.0,    0.0,    0.0,    0.0,    0.0,    0.0,    0.0,    0.0,     59,     33,     26,.,      7,      5,      0,      0,      0,.,      4,.,     45,     39,     59,     33,     26,.,      7,      5,      0,      0,      0,.,      4,.,     45,     39,      0,      0,      0,      0,      0,      0,      0,      0,      0,      0,      0,      0,      0,      0,    33.4,    42.2,    53.9,    60.3,    33.4,    38.0,    49.8,    52.8,    33.4,    42.2,    53.9,    60.3,    33.4,    38.0,    49.8,    52.8,     0.0,     0.0,     0.0,     0.0,     0.0,     0.0,     0.0,     0.0,"(CONTRACTS OF 42,000 GALLONS)","06665G","NYME","066 ","N13","FutOnly"
"PROPANE - NEW YORK MERCANTILE EXCHANGE",260929,2026-09-29,06665O,NYME,01,066 ,  112054,   76572,   65981,    6312,   10218,    8165,    3269,    1336,     842,    3315,   12226,   12524,  110999,  111292,    1055,     762,  112054,   76572,   65981,    6312,   10218,    8165,    3269,    1336,     842,    3315,   12226,   12524,  110999,  111292,    1055,     762,       0,       0,       0,       0,       0,       0,       0,       0,       0,       0,       0,       0,       0,       0,       0,       0,    2535,    2045,    1313,     267,     478,    -165,     270,      71,    -359,     451,    1381,    -133,    2376,    2586,     159,     -51,  100.0,   68.3,   58.9,    5.6,    9.1,    7.3,    2.9,    1.2,    0.8,    3.0,   10.9,   11.2,   99.1,   99.3,    0.9,    0.7,  100.0,   68.3,   58.9,    5.6,    9.1,    7.3,    2.9,    1.2,    0.8,    3.0,   10.9,   11.2,   99.1,   99.3,    0.9,    0.7,  100.0,    0.0,    0.0,    0.0,    0.0,    0.0,    0.0,    0.0,    0.0,    0.0,    0.0,    0.0,    0.0,    0.0,    0.0,    0.0,    135,     66,     63,     12,      7,     15,     12,      5,      5,      9,     11,     18,    119,    106,    135,     66,     63,     12,      7,     15,     12,      5,      5,      9,     11,     18,    119,    106,      0,      0,      0,      0,      0,      0,      0,      0,      0,      0,      0,      0,      0,      0,    34.7,    23.9,    49.1,    40.3,    28.5,    22.6,    34.0,    33.7,    34.7,    23.9,    49.1,    40.3,    28.5,    22.6,    34.0,    33.7,     0.0,     0.0,     0.0,     0.0,     0.0,     0.0,     0.0,     0.0,"(CONTRACTS OF 42,000 GALLONS)","06665O","NYME","066 ","N13","FutOnly"
"MT BELVIEU ETHANE OPIS - NEW YORK MERCANTILE EXCHANGE",260929,2026-09-29,06665P,NYME,01,066 ,   48892,   41985,   28523,     103,   15844,    2895,    2155,     190,      65,     599,      50,     665,   48467,   48232,     425,     660,   48892,   41985,   28523,     103,   15844,    2895,    2155,     190,      65,     599,      50,     665,   48467,   48232,     425,     660,       0,       0,       0,       0,       0,       0,       0,       0,       0,       0,       0,       0,       0,       0,       0,       0,    1011,     694,     624,       0,     405,      92,     145,    -110,       0,      60,     -40,      40,    1031,    1011,     -20,       0,  100.0,   85.9,   58.3,    0.2,   32.4,    5.9,    4.4,    0.4,    0.1,    1.2,    0.1,    1.4,   99.1,   98.7,    0.9,    1.3,  100.0,   85.9,   58.3,    0.2,   32.4,    5.9,    4.4,    0.4,    0.1,    1.2,    0.1,    1.4,   99.1,   98.7,    0.9,    1.3,  100.0,    0.0,    0.0,    0.0,    0.0,    0.0,    0.0,    0.0,    0.0,    0.0,    0.0,    0.0,    0.0,    0.0,    0.0,    0.0,     54,     22,     24,.,      7,      7,     10,.,.,      4,.,      5,     45,     41,     54,     22,     24,.,      7,      7,     10,.,.,      4,.,      5,     45,     41,      0,      0,      0,      0,      0,      0,      0,      0,      0,      0,      0,      0,      0,      0,    60.3,    37.3,    75.7,    58.6,    39.4,    29.2,    44.9,    37.5,    60.3,    37.3,    75.7,    58.6,    39.4,    29.2,    44.9,    37.5,     0.0,     0.0,     0.0,     0.0,     0.0,     0.0,     0.0,     0.0,"(CONTRACTS OF 42,000 GALLONS)","06665P","NYME","066 ","N13","FutOnly"
"MT BELV NORM BUTANE OPIS - NEW YORK MERCANTILE EXCHANGE",260929,2026-09-29,06665Q,NYME,01,066 ,   49976,   34972,   29842,    1571,    7482,    3951,    2096,     270,     150,    1996,    2662,    4396,   49132,   48753,     844,    1223,   49976,   34972,   29842,    1571,    7482,    3951,    2096,     270,     150,    1996,    2662,    4396,   49132,   48753,     844,    1223,       0,       0,       0,       0,       0,       0,       0,       0,       0,       0,       0,       0,       0,       0,       0,       0,     883,    -172,     346,     -50,    -322,     310,      25,      30,      50,     197,     -22,     476,     836,     868,      47,      15,  100.0,   70.0,   59.7,    3.1,   15.0,    7.9,    4.2,    0.5,    0.3,    4.0,    5.3,    8.8,   98.3,   97.6,    1.7,    2.4,  100.0,   70.0,   59.7,    3.1,   15.0,    7.9,    4.2,    0.5,    0.3,    4.0,    5.3,    8.8,   98.3,   97.6,    1.7,    2.4,  100.0,    0.0,    0.0,    0.0,    0.0,    0.0,    0.0,    0.0,    0.0,    0.0,    0.0,    0.0,    0.0,    0.0,    0.0,    0.0,    107,     53,     50,      4,      9,     10,      9,.,.,      9,      9,     16,     93,     83,    107,     53,     50,      4,      9,     10,      9,.,.,      9,      9,     16,     93,     83,      0,      0,      0,      0,      0,      0,      0,      0,      0,      0,      0,      0,      0,      0,    25.2,    22.6,    40.8,    36.7,    18.5,    16.8,    30.2,    28.3,    25.2,    22.6,    40.8,    36.7,    18.5,    16.8,    30.2,    28.3,     0.0,     0.0,     0.0,     0.0,     0.0,     0.0,     0.0,     0.0,"(CONTRACTS OF 42,000 GALLONS)","06665Q","NYME","066 ","N13","FutOnly"
"MT BELV NAT GASOLINE OPIS - NEW YORK MERCANTILE EXCHANGE",260929,2026-09-29,06665R,NYME,01,066 ,   53804,   50205,   34770,     523,   15848,     338,      35,       0,      80,    2387,    1482,     103,   53671,   52621,     133,    1183,   53804,   50205,   34770,     523,   15848,     338,      35,       0,      80,    2387,    1482,     103,   53671,   52621,     133,    1183,       0,       0,       0,       0,       0,       0,       0,       0,       0,       0,       0,       0,       0,       0,       0,       0,     850,     728,     738,       0,      25,       0,       0,       0,       0,     130,     100,      -8,     850,     855,       0,      -5,  100.0,   93.3,   64.6,    1.0,   29.5,    0.6,    0.1,    0.0,    0.1,    4.4,    2.8,    0.2,   99.8,   97.8,    0.2,    2.2,  100.0,   93.3,   64.6,    1.0,   29.5,    0.6,    0.1,    0.0,    0.1,    4.4,    2.8,    0.2,   99.8,   97.8,    0.2,    2.2,  100.0,    0.0,    0.0,    0.0,    0.0,    0.0,    0.0,    0.0,    0.0,    0.0,    0.0,    0.0,    0.0,    0.0,    0.0,    0.0,     51,     27,     27,.,      7,.,.,      0,.,      4,.,.,     37,     39,     51,     27,     27,.,      7,.,.,      0,.,      4,.,.,     37,     39,      0,      0,      0,      0,      0,      0,      0,      0,      0,      0,      0,      0,      0,      0,    80.8,    44.4,    89.1,    67.8,    75.9,    43.6,    81.2,    65.6,    80.8,    44.4,    89.1,    67.8,    75.9,    43.6,    81.2,    65.6,     0.0,     0.0,     0.0,     0.0,     0.0,     0.0,     0.0,     0.0,"(CONTRACTS OF 42,000 GALLONS)","06665R","NYME","066 ","N13","FutOnly"
"CONWAY PROPANE (OPIS) - NEW YORK MERCANTILE EXCHANGE",260929,2026-09-29,06665T,NYME,01,066 ,   20536,   14957,   12480,    2656,    4564,     554,       0,     235,       0,     367,    1314,    1068,   19602,   20215,     934,     321,   20536,   14957,   12480,    2656,    4564,     554,       0,     235,       0,     367,    1314,    1068,   19602,   20215,     934,     321,       0,       0,       0,       0,       0,       0,       0,       0,       0,       0,       0,       0,       0,       0,       0,       0,     618,     595,     473,     102,      -2,      -4,       0,     -35,       0,    -100,     220,     -66,     527,     586,      91,      32,  100.0,   72.8,   60.8,   12.9,   22.2,    2.7,    0.0,    1.1,    0.0,    1.8,    6.4,    5.2,   95.5,   98.4,    4.5,    1.6,  100.0,   72.8,   60.8,   12.9,   22.2,    2.7,    0.0,    1.1,    0.0,    1.8,    6.4,    5.2,   95.5,   98.4,    4.5,    1.6,  100.0,    0.0,    0.0,    0.0,    0.0,    0.0,    0.0,    0.0,    0.0,    0.0,    0.0,    0.0,    0.0,    0.0,    0.0,    0.0,     52,     26,     21,      8,      5,      6,      0,.,      0,.,      4,      6,     44,     36,     52,     26,     21,      8,      5,      6,      0,.,      0,.,      4,      6,     44,     36,      0,      0,      0,      0,      0,      0,      0,      0,      0,      0,      0,      0,      0,      0,    46.3,    45.7,    62.4,    70.2,    44.1,    40.3,    56.6,    58.1,    46.3,    45.7,    62.4,    70.2,    44.1,    40.3,    56.6,    58.1,     0.0,     0.0,     0.0,     0.0,     0.0,     0.0,     0.0,     0.0,"(CONTRACTS OF 42,000 GALLONS)","06665T","NYME","066 ","N13","FutOnly"
"CRUDE DIFF-WCS HOUSTON/WTI 1ST - ICE FUTURES ENERGY DIV",260929,2026-09-29,06739C,IFED,01,067 ,   59870,   41744,   59015,    4470,       0,      40,   12486,     251,     444,     576,       0,     110,   59870,   59860,       0,      10,   59870,   41744,   59015,    4470,       0,      40,   12486,     251,     444,     576,       0,     110,   59870,   59860,       0,      10,       0,       0,       0,       0,       0,       0,       0,       0,       0,       0,       0,       0,       0,       0,       0,       0,  -13452,  -13190,  -13148,    -250,       0,      30,    -208,    -145,     -15,     126,    -224,      55,  -13452,  -13447,       0,      -5,  100.0,   69.7,   98.6,    7.5,    0.0,    0.1,   20.9,    0.4,    0.7,    1.0,    0.0,    0.2,  100.0,  100.0,    0.0,    0.0,  100.0,   69.7,   98.6,    7.5,    0.0,    0.1,   20.9,    0.4,    0.7,    1.0,    0.0,    0.2,  100.0,  100.0,    0.0,    0.0,  100.0,    0.0,    0.0,    0.0,    0.0,    0.0,    0.0,    0.0,    0.0,    0.0,    0.0,    0.0,    0.0,    0.0,    0.0,    0.0,     41,     26,     21,.,      0,.,.,.,.,.,      0,.,     35,     27,     41,     26,     21,.,      0,.,.,.,.,.,      0,.,     35,     27,      0,      0,      0,      0,      0,      0,      0,      0,      0,      0,      0,      0,      0,      0,    47.2,    77.1,    66.8,    90.9,    38.1,    68.2,    54.1,    72.3,    47.2,    77.1,    66.8,    90.9,    38.1,    68.2,    54.1,    72.3,     0.0,     0.0,     0.0,     0.0,     0.0,     0.0,     0.0,     0.0,"(1000 Barrels)","06739C","IFED","067 ","N10","FutOnly"
"CRUDE OIL, LIGHT SWEET-WTI - ICE FUTURES EUROPE",260929,2026-09-29,067411,ICEU,01,067 ,  742626,  400351,  325420,   12357,   85620,   60499,   19556,   22254,   23164,   57451,   60493,  152419,  725797,  729869,   16829,   12757,  742626,  400351,  325420,   12357,   85620,   60499,   19556,   22254,   23164,   57451,   60493,  152419,  725797,  729869,   16829,   12757,       0,       0,       0,       0,       0,       0,       0,       0,       0,       0,       0,       0,       0,       0,       0,       0,    8324,    7121,   10547,     744,     188,    1027,    -641,   -2777,   -1091,    5128,    6456,   -6468,    5820,    7882,    2504,     442,  100.0,   53.9,   43.8,    1.7,   11.5,    8.1,    2.6,    3.0,    3.1,    7.7,    8.1,   20.5,   97.7,   98.3,    2.3,    1.7,  100.0,   53.9,   43.8,    1.7,   11.5,    8.1,    2.6,    3.0,    3.1,    7.7,    8.1,   20.5,   97.7,   98.3,    2.3,    1.7,  100.0,    0.0,    0.0,    0.0,    0.0,    0.0,    0.0,    0.0,    0.0,    0.0,    0.0,    0.0,    0.0,    0.0,    0.0,    0.0,    113,     37,     35,      4,     10,     12,      5,     10,     10,     12,     24,     33,     94,    100,    113,     37,     35,      4,     10,     12,      5,     10,     10,     12,     24,     33,     94,    100,      0,      0,      0,      0,      0,      0,      0,      0,      0,      0,      0,      0,      0,      0,    34.3,    33.2,    51.5,    46.2,    26.5,    20.6,    34.4,    27.6,    34.3,    33.2,    51.5,    46.2,    26.5,    20.6,    34.4,    27.6,     0.0,     0.0,     0.0,     0.0,     0.0,     0.0,     0.0,     0.0,"(CONTRACTS OF 1,000 BARRELS)","067411","ICEU","067 ","N10","FutOnly"
"WTI CRUDE OIL 1ST LINE - ICE FUTURES ENERGY DIV",260929,2026-09-29,06741Q,IFED,01,067 ,   28892,   20324,    2956,    1246,    8632,    1775,       0,       0,       0,    1717,   12074,    1112,   26174,   26549,    2718,    2343,   28892,   20324,    2956,    1246,    8632,    1775,       0,       0,       0,    1717,   12074,    1112,   26174,   26549,    2718,    2343,       0,       0,       0,       0,       0,       0,       0,       0,       0,       0,       0,       0,       0,       0,       0,       0,     550,     435,     398,       0,       0,       0,       0,       0,       0,       0,      88,       0,     435,     486,     115,      64,  100.0,   70.3,   10.2,    4.3,   29.9,    6.1,    0.0,    0.0,    0.0,    5.9,   41.8,    3.8,   90.6,   91.9,    9.4,    8.1,  100.0,   70.3,   10.2,    4.3,   29.9,    6.1,    0.0,    0.0,    0.0,    5.9,   41.8,    3.8,   90.6,   91.9,    9.4,    8.1,  100.0,    0.0,    0.0,    0.0,    0.0,    0.0,    0.0,    0.0,    0.0,    0.0,    0.0,    0.0,    0.0,    0.0,    0.0,    0.0,     22,      7,.,.,      7,      6,      0,      0,      0,.,.,      5,     19,     16,     22,      7,.,.,      7,      6,      0,      0,      0,.,.,      5,     19,     16,      0,      0,      0,      0,      0,      0,      0,      0,      0,      0,      0,      0,      0,      0,    68.9,    63.0,    82.5,    80.3,    62.4,    58.6,    72.8,    73.8,    68.9,    63.0,    82.5,    80.3,    62.4,    58.6,    72.8,    73.8,     0.0,     0.0,     0.0,     0.0,     0.0,     0.0,     0.0,     0.0,"1000 US barrels per lot","06741Q","IFED","067 ","N10","FutOnly"
"CRUDE DIFF-TMX WCS 1A INDEX - ICE FUTURES ENERGY DIV",260929,2026-09-29,06742G,IFED,01,067 ,   68525,   67525,   36102,       0,   14903,      70,       0,   16830,     570,     330,       0,       0,   68495,   68475,      30,      50,   68525,   67525,   36102,       0,   14903,      70,       0,   16830,     570,     330,       0,       0,   68495,   68475,      30,      50,       0,       0,       0,       0,       0,       0,       0,       0,       0,       0,       0,       0,       0,       0,       0,       0,    -754,   -1099,    1716,       0,     110,       0,       0,   -2905,     375,     -30,     -70,       0,    -754,    -774,       0,      20,  100.0,   98.5,   52.7,    0.0,   21.7,    0.1,    0.0,   24.6,    0.8,    0.5,    0.0,    0.0,  100.0,   99.9,    0.0,    0.1,  100.0,   98.5,   52.7,    0.0,   21.7,    0.1,    0.0,   24.6,    0.8,    0.5,    0.0,    0.0,  100.0,   99.9,    0.0,    0.1,  100.0,    0.0,    0.0,    0.0,    0.0,    0.0,    0.0,    0.0,    0.0,    0.0,    0.0,    0.0,    0.0,    0.0,    0.0,    0.0,     43,     26,     19,      0,      9,.,      0,.,.,.,      0,      0,     30,     31,     43,     26,     19,      0,      9,.,      0,.,.,.,      0,      0,     30,     31,      0,      0,      0,      0,      0,      0,      0,      0,      0,      0,      0,      0,      0,      0,    71.8,    56.0,    87.8,    73.6,    55.2,    51.0,    67.6,    64.3,    71.8,    56.0,    87.8,    73.6,    55.2,    51.0,    67.6,    64.3,     0.0,     0.0,     0.0,     0.0,     0.0,     0.0,     0.0,     0.0,"1000 BARRELS","06742G","IFED","067 ","N10","FutOnly"
"CRUDE DIFF-TMX SW 1A INDEX - ICE FUTURES ENERGY DIV",260929,2026-09-29,06742T,IFED,01,067 ,   10276,   10021,    3430,       0,    6091,       0,     170,     220,      85,       0,     450,       0,   10276,   10276,       0,       0,   10276,   10021,    3430,       0,    6091,       0,     170,     220,      85,       0,     450,       0,   10276,   10276,       0,       0,       0,       0,       0,       0,       0,       0,       0,       0,       0,       0,       0,       0,       0,       0,       0,       0,      60,      60,      70,       0,     110,       0,       0,    -120,       0,       0,       0,       0,      60,      60,       0,       0,  100.0,   97.5,   33.4,    0.0,   59.3,    0.0,    1.7,    2.1,    0.8,    0.0,    4.4,    0.0,  100.0,  100.0,    0.0,    0.0,  100.0,   97.5,   33.4,    0.0,   59.3,    0.0,    1.7,    2.1,    0.8,    0.0,    4.4,    0.0,  100.0,  100.0,    0.0,    0.0,  100.0,    0.0,    0.0,    0.0,    0.0,    0.0,    0.0,    0.0,    0.0,    0.0,    0.0,    0.0,    0.0,    0.0,    0.0,    0.0,     29,     11,     15,      0,      6,      0,.,.,.,      0,.,      0,     12,     25,     29,     11,     15,      0,      6,      0,.,.,.,      0,.,      0,     12,     25,      0,      0,      0,      0,      0,      0,      0,      0,      0,      0,      0,      0,      0,      0,    79.7,    52.4,    93.7,    73.2,    70.8,    51.6,    79.3,    67.1,    79.7,    52.4,    93.7,    73.2,    70.8,    51.6,    79.3,    67.1,     0.0,     0.0,     0.0,     0.0,     0.0,     0.0,     0.0,     0.0,"1000 BARRELS","06742T","IFED","067 ","N10","FutOnly"
"CONDENSATE DIF-TMX C5 1A INDEX - ICE FUTURES ENERGY DIV",260929,2026-09-29,06743A,IFED,01,067 ,   13650,   12885,   13485,     720,      60,       0,       0,       0,       0,       0,       0,       0,   13605,   13545,      45,     105,   13650,   12885,   13485,     720,      60,       0,       0,       0,       0,       0,       0,       0,   13605,   13545,      45,     105,       0,       0,       0,       0,       0,       0,       0,       0,       0,       0,       0,       0,       0,       0,       0,       0,     350,     410,     350,     -60,       0,       0,       0,       0,       0,       0,       0,       0,     350,     350,       0,       0,  100.0,   94.4,   98.8,    5.3,    0.4,    0.0,    0.0,    0.0,    0.0,    0.0,    0.0,    0.0,   99.7,   99.2,    0.3,    0.8,  100.0,   94.4,   98.8,    5.3,    0.4,    0.0,    0.0,    0.0,    0.0,    0.0,    0.0,    0.0,   99.7,   99.2,    0.3,    0.8,  100.0,    0.0,    0.0,    0.0,    0.0,    0.0,    0.0,    0.0,    0.0,    0.0,    0.0,    0.0,    0.0,    0.0,    0.0,    0.0,     25,     14,     16,.,.,      0,      0,      0,      0,      0,      0,      0,     16,     17,     25,     14,     16,.,.,      0,      0,      0,      0,      0,      0,      0,     16,     17,      0,      0,      0,      0,      0,      0,      0,      0,      0,      0,      0,      0,      0,      0,    71.0,    74.9,    88.2,    90.6,    66.2,    72.4,    78.6,    80.9,    71.0,    74.9,    88.2,    90.6,    66.2,    72.4,    78.6,    80.9,     0.0,     0.0,     0.0,     0.0,     0.0,     0.0,     0.0,     0.0,"1000 BARRELS","06743A","IFED","067 ","N10","FutOnly"
"WTI-PHYSICAL - NEW YORK MERCANTILE EXCHANGE",260929,2026-09-29,067651,NYME,01,067 , 1878576,  615887,  296348,  113558,  575715,  144192,  209028,  129436,  302987,  152323,  122452,  260751, 1798726, 1831881,   79850,   46695, 1878576,  615887,  296348,  113558,  575715,  144192,  209028,  129436,  302987,  152323,  122452,  260751, 1798726, 1831881,   79850,   46695,       0,       0,       0,       0,       0,       0,       0,       0,       0,       0,       0,       0,       0,       0,       0,       0,   36765,    8429,   -8210,    1634,   -8998,   16185,  -14162,    8074,   26718,   14703,   24110,  -20246,   33261,   37633,    3504,    -868,  100.0,   32.8,   15.8,    6.0,   30.6,    7.7,   11.1,    6.9,   16.1,    8.1,    6.5,   13.9,   95.7,   97.5,    4.3,    2.5,  100.0,   32.8,   15.8,    6.0,   30.6,    7.7,   11.1,    6.9,   16.1,    8.1,    6.5,   13.9,   95.7,   97.5,    4.3,    2.5,  100.0,    0.0,    0.0,    0.0,    0.0,    0.0,    0.0,    0.0,    0.0,    0.0,    0.0,    0.0,    0.0,    0.0,    0.0,    0.0,    304,     61,     59,     10,     28,     29,     65,     25,     55,     65,     40,     60,    274,    227,    304,     61,     59,     10,     28,     29,     65,     25,     55,     65,     40,     60,    274,    227,      0,      0,      0,      0,      0,      0,      0,      0,      0,      0,      0,      0,      0,      0,    17.7,    21.7,    30.8,    32.1,     9.6,    13.8,    16.5,    20.6,    17.7,    21.7,    30.8,    32.1,     9.6,    13.8,    16.5,    20.6,     0.0,     0.0,     0.0,     0.0,     0.0,     0.0,     0.0,     0.0,"(CONTRACTS OF 1,000 BARRELS)","067651","NYME","067 ","N10","FutOnly"
"WTI FINANCIAL CRUDE OIL - NEW YORK MERCANTILE EXCHANGE",260929,2026-09-29,06765A,NYME,01,067 ,  219675,   41650,   54962,   51972,   54077,   20781,       0,       0,       0,   66787,   24738,   11444,  192634,  166002,   27041,   53673,  219675,   41650,   54962,   51972,   54077,   20781,       0,       0,       0,   66787,   24738,   11444,  192634,  166002,   27041,   53673,       0,       0,       0,       0,       0,       0,       0,       0,       0,       0,       0,       0,       0,       0,       0,       0,   10213,     888,    4027,     166,     938,    2393,       0,       0,       0,    6357,    1657,    1327,   11131,   10342,    -918,    -129,  100.0,   19.0,   25.0,   23.7,   24.6,    9.5,    0.0,    0.0,    0.0,   30.4,   11.3,    5.2,   87.7,   75.6,   12.3,   24.4,  100.0,   19.0,   25.0,   23.7,   24.6,    9.5,    0.0,    0.0,    0.0,   30.4,   11.3,    5.2,   87.7,   75.6,   12.3,   24.4,  100.0,    0.0,    0.0,    0.0,    0.0,    0.0,    0.0,    0.0,    0.0,    0.0,    0.0,    0.0,    0.0,    0.0,    0.0,    0.0,     53,     20,     19,      9,      8,     13,      0,      0,      0,      6,      5,      8,     44,     44,     53,     20,     19,      9,      8,     13,      0,      0,      0,      6,      5,      8,     44,     44,      0,      0,      0,      0,      0,      0,      0,      0,      0,      0,      0,      0,      0,      0,    34.3,    32.9,    52.5,    46.0,    31.0,    32.9,    47.4,    45.4,    34.3,    32.9,    52.5,    46.0,    31.0,    32.9,    47.4,    45.4,     0.0,     0.0,     0.0,     0.0,     0.0,     0.0,     0.0,     0.0,"(CONTRACTS OF 1,000 BARRELS)","06765A","NYME","067 ","N10","FutOnly"
"BRENT LAST DAY - NEW YORK MERCANTILE EXCHANGE",260929,2026-09-29,06765T,NYME,01,067 ,  243324,   21795,   53279,   70288,    6185,    4926,    6246,    2060,    3345,   34893,   74742,   90704,  232197,  235241,   11127,    8083,  243324,   21795,   53279,   70288,    6185,    4926,    6246,    2060,    3345,   34893,   74742,   90704,  232197,  235241,   11127,    8083,       0,       0,       0,       0,       0,       0,       0,       0,       0,       0,       0,       0,       0,       0,       0,       0,   -8194,    1289,    1080,   -3632,    6141,     382,    -605,     217,     653,    1222,   -8122,   -9643,  -10334,   -9292,    2140,    1098,  100.0,    9.0,   21.9,   28.9,    2.5,    2.0,    2.6,    0.8,    1.4,   14.3,   30.7,   37.3,   95.4,   96.7,    4.6,    3.3,  100.0,    9.0,   21.9,   28.9,    2.5,    2.0,    2.6,    0.8,    1.4,   14.3,   30.7,   37.3,   95.4,   96.7,    4.6,    3.3,  100.0,    0.0,    0.0,    0.0,    0.0,    0.0,    0.0,    0.0,    0.0,    0.0,    0.0,    0.0,    0.0,    0.0,    0.0,    0.0,     56,     11,     13,      8,.,      8,.,.,      4,     14,     12,     21,     48,     49,     56,     11,     13,      8,.,      8,.,.,      4,     14,     12,     21,     48,     49,      0,      0,      0,      0,      0,      0,      0,      0,      0,      0,      0,      0,      0,      0,    38.5,    51.6,    60.2,    72.1,    26.1,    33.9,    37.7,    44.1,    38.5,    51.6,    60.2,    72.1,    26.1,    33.9,    37.7,    44.1,     0.0,     0.0,     0.0,     0.0,     0.0,     0.0,     0.0,     0.0,"(CONTRACTS OF 1,000 BARRELS)","06765T","NYME","067 ","N10","FutOnly"
"WTI  HOUSTON ARGUS/WTI TR MO - NEW YORK MERCANTILE EXCHANGE",260929,2026-09-29,0676A5,NYME,01,067 ,  520237,  483715,  355949,       0,   50957,    9131,    1810,   27818,   10285,    2657,   41681,    8687,  516285,  504508,    3952,   15729,  520237,  483715,  355949,       0,   50957,    9131,    1810,   27818,   10285,    2657,   41681,    8687,  516285,  504508,    3952,   15729,       0,       0,       0,       0,       0,       0,       0,       0,       0,       0,       0,       0,       0,       0,       0,       0,   15397,   12329,   10038,       0,    2384,    1204,     160,      48,    -640,      -2,   -1790,    2838,   15889,   14082,    -492,    1315,  100.0,   93.0,   68.4,    0.0,    9.8,    1.8,    0.3,    5.3,    2.0,    0.5,    8.0,    1.7,   99.2,   97.0,    0.8,    3.0,  100.0,   93.0,   68.4,    0.0,    9.8,    1.8,    0.3,    5.3,    2.0,    0.5,    8.0,    1.7,   99.2,   97.0,    0.8,    3.0,  100.0,    0.0,    0.0,    0.0,    0.0,    0.0,    0.0,    0.0,    0.0,    0.0,    0.0,    0.0,    0.0,    0.0,    0.0,    0.0,     48,     25,     25,      0,      7,.,.,.,.,.,.,.,     35,     38,     48,     25,     25,      0,      7,.,.,.,.,.,.,.,     35,     38,      0,      0,      0,      0,      0,      0,      0,      0,      0,      0,      0,      0,      0,      0,    60.4,    43.9,    82.4,    67.7,    59.4,    41.9,    71.3,    58.8,    60.4,    43.9,    82.4,    67.7,    59.4,    41.9,    71.3,    58.8,     0.0,     0.0,     0.0,     0.0,     0.0,     0.0,     0.0,     0.0,"(CONTRACTS OF 1,000 BARRELS)","0676A5","NYME","067 ","N10","FutOnly"
"WTI MIDLAND ARGUS VS WTI TRADE - NEW YORK MERCANTILE EXCHANGE",260929,2026-09-29,067A71,NYME,01,067 ,  448310,  409480,  272813,    3179,  147998,    4851,       0,    5460,       0,   22125,       0,       0,  439635,  431122,    8675,   17188,  448310,  409480,  272813,    3179,  147998,    4851,       0,    5460,       0,   22125,       0,       0,  439635,  431122,    8675,   17188,       0,       0,       0,       0,       0,       0,       0,       0,       0,       0,       0,       0,       0,       0,       0,       0,   26132,   25737,   19190,    2187,    7720,   -1776,       0,       0,       0,       0,       0,       0,   26148,   25134,     -16,     998,  100.0,   91.3,   60.9,    0.7,   33.0,    1.1,    0.0,    1.2,    0.0,    4.9,    0.0,    0.0,   98.1,   96.2,    1.9,    3.8,  100.0,   91.3,   60.9,    0.7,   33.0,    1.1,    0.0,    1.2,    0.0,    4.9,    0.0,    0.0,   98.1,   96.2,    1.9,    3.8,  100.0,    0.0,    0.0,    0.0,    0.0,    0.0,    0.0,    0.0,    0.0,    0.0,    0.0,    0.0,    0.0,    0.0,    0.0,    0.0,     36,     18,     12,.,     10,.,      0,.,      0,.,      0,      0,     21,     24,     36,     18,     12,.,     10,.,      0,.,      0,.,      0,      0,     21,     24,      0,      0,      0,      0,      0,      0,      0,      0,      0,      0,      0,      0,      0,      0,    63.9,    63.9,    88.8,    82.5,    63.9,    63.9,    88.8,    82.3,    63.9,    63.9,    88.8,    82.5,    63.9,    63.9,    88.8,    82.3,     0.0,     0.0,     0.0,     0.0,     0.0,     0.0,     0.0,     0.0,"(CONTRACTS OF 1,000 BARRELS)","067A71","NYME","067 ","N10","FutOnly"
"COCOA - ICE FUTURES U.S.",260929,2026-09-29,073732,ICUS,01,073 ,  183888,   51466,   64949,   35968,    9679,   11449,   18590,   34612,   29155,   11870,    9967,   14957,  173455,  174768,   10433,    9120,  175383,   47484,   61195,   36732,    9913,    9853,   19041,   36017,   26804,   12600,    9609,   12953,  165467,  166344,    9916,    9039,    8505,    3982,    3754,     547,    1077,     285,    1408,     454,     492,     495,    1583,     779,    7988,    8424,     517,      81,    4924,     -67,   -1065,    -749,     718,    -322,    1075,     691,    5887,     861,     314,    -919,    5766,    5304,    -842,    -380,  100.0,   28.0,   35.3,   19.6,    5.3,    6.2,   10.1,   18.8,   15.9,    6.5,    5.4,    8.1,   94.3,   95.0,    5.7,    5.0,  100.0,   27.1,   34.9,   20.9,    5.7,    5.6,   10.9,   20.5,   15.3,    7.2,    5.5,    7.4,   94.3,   94.8,    5.7,    5.2,  100.0,   46.8,   44.1,    6.4,   12.7,    3.4,   16.6,    5.3,    5.8,    5.8,   18.6,    9.2,   93.9,   99.0,    6.1,    1.0,    204,     33,     26,     19,      9,     16,     41,     46,     50,     16,     30,     36,    171,    160,    204,     32,     26,     19,      9,     15,     41,     46,     47,     16,     31,     36,    168,    158,     53,     13,     12,      6,.,.,      6,.,.,      9,      8,      7,     39,     32,    19.9,    13.0,    30.3,    24.0,    17.3,    11.1,    26.6,    19.9,    20.6,    13.6,    31.4,    24.4,    18.5,    12.1,    28.3,    20.9,    49.3,    34.5,    65.0,    61.3,    34.3,    28.7,    44.5,    46.5,"(CONTRACTS OF 10 METRIC TONS)","073732","ICUS","073 ","A50","FutOnly"
"PALLADIUM - NEW YORK MERCANTILE EXCHANGE",260929,2026-09-29,075651,NYME,01,075 ,   18602,    1244,    1341,    7054,    2260,      85,    3740,   11702,     851,    2658,     521,     210,   15842,   16970,    2760,    1632,   18602,    1244,    1341,    7054,    2260,      85,    3740,   11702,     851,    2658,     521,     210,   15842,   16970,    2760,    1632,       0,       0,       0,       0,       0,       0,       0,       0,       0,       0,       0,       0,       0,       0,       0,       0,    1872,     353,    -219,     875,     -19,      -1,    -288,    1668,     126,     747,      83,      25,    1837,    1663,      35,     209,  100.0,    6.7,    7.2,   37.9,   12.1,    0.5,   20.1,   62.9,    4.6,   14.3,    2.8,    1.1,   85.2,   91.2,   14.8,    8.8,  100.0,    6.7,    7.2,   37.9,   12.1,    0.5,   20.1,   62.9,    4.6,   14.3,    2.8,    1.1,   85.2,   91.2,   14.8,    8.8,  100.0,    0.0,    0.0,    0.0,    0.0,    0.0,    0.0,    0.0,    0.0,    0.0,    0.0,    0.0,    0.0,    0.0,    0.0,    0.0,    172,     12,     11,     20,      8,      6,     33,     40,     20,     37,     10,      8,    116,     90,    172,     12,     11,     20,      8,      6,     33,     40,     20,     37,     10,      8,    116,     90,      0,      0,      0,      0,      0,      0,      0,      0,      0,      0,      0,      0,      0,      0,    27.0,    29.5,    38.6,    44.9,    26.7,    28.0,    38.3,    43.4,    27.0,    29.5,    38.6,    44.9,    26.7,    28.0,    38.3,    43.4,     0.0,     0.0,     0.0,     0.0,     0.0,     0.0,     0.0,     0.0,"(CONTRACTS OF 100 TROY OUNCES)","075651","NYME","075 ","N20","FutOnly"
"PLATINUM - NEW YORK MERCANTILE EXCHANGE",260929,2026-09-29,076651,NYME,01,076 ,   64046,    3114,   12337,   15095,   22920,     429,   19126,   10870,    3790,    8064,    2831,    7213,   56831,   60390,    7215,    3656,   64046,    3114,   12337,   15095,   22920,     429,   19126,   10870,    3790,    8064,    2831,    7213,   56831,   60390,    7215,    3656,       0,       0,       0,       0,       0,       0,       0,       0,       0,       0,       0,       0,       0,       0,       0,       0,   -1327,    -233,   -2769,    -495,    -672,   -1519,     -64,    1608,   -1574,     248,     453,    2918,    -719,   -1555,    -608,     228,  100.0,    4.9,   19.3,   23.6,   35.8,    0.7,   29.9,   17.0,    5.9,   12.6,    4.4,   11.3,   88.7,   94.3,   11.3,    5.7,  100.0,    4.9,   19.3,   23.6,   35.8,    0.7,   29.9,   17.0,    5.9,   12.6,    4.4,   11.3,   88.7,   94.3,   11.3,    5.7,  100.0,    0.0,    0.0,    0.0,    0.0,    0.0,    0.0,    0.0,    0.0,    0.0,    0.0,    0.0,    0.0,    0.0,    0.0,    0.0,    209,     13,     22,     14,     15,      7,     45,     34,     25,     48,     18,     14,    144,    113,    209,     13,     22,     14,     15,      7,     45,     34,     25,     48,     18,     14,    144,    113,      0,      0,      0,      0,      0,      0,      0,      0,      0,      0,      0,      0,      0,      0,    21.3,    34.7,    32.9,    51.9,    16.0,    32.5,    25.3,    45.0,    21.3,    34.7,    32.9,    51.9,    16.0,    32.5,    25.3,    45.0,     0.0,     0.0,     0.0,     0.0,     0.0,     0.0,     0.0,     0.0,"(CONTRACTS OF 50 TROY OUNCES)","076651","NYME","076 ","N20","FutOnly"
"SUGAR NO. 11 - ICE FUTURES U.S.",260929,2026-09-29,080732,ICUS,01,080 , 1099176,  192378,  537736,  248782,  126345,   17134,  314903,   96567,  121853,   46023,   95917,   57505,  998578, 1053057,  100598,   46119, 1099176,  192378,  537736,  248782,  126345,   17134,  314903,   96567,  121853,   46023,   95917,   57505,  998578, 1053057,  100598,   46119,       0,       0,       0,       0,       0,       0,       0,       0,       0,       0,       0,       0,       0,       0,       0,       0,  -48591,  -28629,  -23412,   -2241,   -1634,    -546,     979,    -728,     261,   -3009,   -5340,  -10931,  -44116,  -42330,   -4475,   -6261,  100.0,   17.5,   48.9,   22.6,   11.5,    1.6,   28.6,    8.8,   11.1,    4.2,    8.7,    5.2,   90.8,   95.8,    9.2,    4.2,  100.0,   17.5,   48.9,   22.6,   11.5,    1.6,   28.6,    8.8,   11.1,    4.2,    8.7,    5.2,   90.8,   95.8,    9.2,    4.2,  100.0,    0.0,    0.0,    0.0,    0.0,    0.0,    0.0,    0.0,    0.0,    0.0,    0.0,    0.0,    0.0,    0.0,    0.0,    0.0,    283,     47,     53,     21,     15,     16,     76,     33,     61,     39,     31,     28,    238,    185,    283,     47,     53,     21,     15,     16,     76,     33,     61,     39,     31,     28,    238,    185,      0,      0,      0,      0,      0,      0,      0,      0,      0,      0,      0,      0,      0,      0,    15.1,    27.1,    24.1,    40.6,    12.4,    20.8,    20.3,    32.4,    15.1,    27.1,    24.1,    40.6,    12.4,    20.8,    20.3,    32.4,     0.0,     0.0,     0.0,     0.0,     0.0,     0.0,     0.0,     0.0,"(CONTRACTS OF 112,000 POUNDS)","080732","ICUS","080 ","A50","FutOnly"
"COFFEE C - ICE FUTURES U.S.",260929,2026-09-29,083731,ICUS,01,083 ,  154908,   41972,   57999,   24329,   22834,    4507,   34571,   18365,   18379,    9534,   12248,   14235,  147527,  148567,    7381,    6341,  146763,   39239,   54827,   24452,   20370,    3810,   34701,   18655,   17314,    7807,   13321,   12302,  139625,  140599,    7138,    6164,    8145,    2733,    3172,     574,    3161,       0,     900,     740,      35,    3509,     709,     151,    7902,    7968,     243,     177,    1873,    -592,    2901,     -69,    -405,      52,    1435,    1035,     218,     790,   -2029,     228,    2062,    2000,    -189,    -127,  100.0,   27.1,   37.4,   15.7,   14.7,    2.9,   22.3,   11.9,   11.9,    6.2,    7.9,    9.2,   95.2,   95.9,    4.8,    4.1,  100.0,   26.7,   37.4,   16.7,   13.9,    2.6,   23.6,   12.7,   11.8,    5.3,    9.1,    8.4,   95.1,   95.8,    4.9,    4.2,  100.0,   33.6,   38.9,    7.0,   38.8,    0.0,   11.0,    9.1,    0.4,   43.1,    8.7,    1.9,   97.0,   97.8,    3.0,    2.2,    337,     78,     80,     18,     23,     22,     61,     48,     57,     32,     48,     42,    262,    260,    336,     77,     77,     18,     22,     21,     62,     49,     56,     35,     46,     41,    260,    254,    104,     28,     25,     11,     12,      0,      4,      9,.,      9,     11,      5,     56,     59,    17.3,    13.7,    26.0,    23.2,    13.6,    12.0,    19.7,    18.4,    17.2,    13.3,    25.8,    23.1,    14.6,    11.4,    20.7,    18.3,    48.3,    39.4,    64.9,    57.9,    46.4,    39.3,    61.8,    56.4,"(CONTRACTS OF 37,500 POUNDS)","083731","ICUS","083 ","A50","FutOnly"
"SILVER - COMMODITY EXCHANGE INC.",260929,2026-09-29,084691,CMX ,01,084 ,  107047,    5032,   21544,   23671,   47169,    5392,   16886,    9272,    7295,   16596,    2127,    5040,   79912,   97839,   27135,    9208,  107047,    5032,   21544,   23671,   47169,    5392,   16886,    9272,    7295,   16596,    2127,    5040,   79912,   97839,   27135,    9208,       0,       0,       0,       0,       0,       0,       0,       0,       0,       0,       0,       0,       0,       0,       0,       0,     573,     985,   -1015,     926,   -1818,    1008,   -2417,    3278,    -846,    1198,   -1136,     314,    1168,    -215,    -595,     788,  100.0,    4.7,   20.1,   22.1,   44.1,    5.0,   15.8,    8.7,    6.8,   15.5,    2.0,    4.7,   74.7,   91.4,   25.3,    8.6,  100.0,    4.7,   20.1,   22.1,   44.1,    5.0,   15.8,    8.7,    6.8,   15.5,    2.0,    4.7,   74.7,   91.4,   25.3,    8.6,  100.0,    0.0,    0.0,    0.0,    0.0,    0.0,    0.0,    0.0,    0.0,    0.0,    0.0,    0.0,    0.0,    0.0,    0.0,    0.0,    149,      9,     15,     17,     14,     15,     31,     16,     21,     41,     11,     15,    120,     85,    149,      9,     15,     17,     14,     15,     31,     16,     21,     41,     11,     15,    120,     85,      0,      0,      0,      0,      0,      0,      0,      0,      0,      0,      0,      0,      0,      0,    14.1,    33.4,    22.5,    49.2,    14.0,    30.1,    21.3,    44.5,    14.1,    33.4,    22.5,    49.2,    14.0,    30.1,    21.3,    44.5,     0.0,     0.0,     0.0,     0.0,     0.0,     0.0,     0.0,     0.0,"(CONTRACTS OF 5,000 TROY OUNCES)","084691","CMX ","084 ","N20","FutOnly"
"COPPER- #1 - COMMODITY EXCHANGE INC.",260929,2026-09-29,085692,CMX ,01,085 ,  301201,   30385,  134725,   54675,   45176,    8072,   92094,   14036,   35026,   31211,   23858,   31908,  283371,  292801,   17830,    8400,  301201,   30385,  134725,   54675,   45176,    8072,   92094,   14036,   35026,   31211,   23858,   31908,  283371,  292801,   17830,    8400,       0,       0,       0,       0,       0,       0,       0,       0,       0,       0,       0,       0,       0,       0,       0,       0,    -456,    1293,   -6942,    -526,    2115,    -546,   -4327,     137,    5824,   -1766,   -1119,    1161,    1113,     630,   -1569,   -1086,  100.0,   10.1,   44.7,   18.2,   15.0,    2.7,   30.6,    4.7,   11.6,   10.4,    7.9,   10.6,   94.1,   97.2,    5.9,    2.8,  100.0,   10.1,   44.7,   18.2,   15.0,    2.7,   30.6,    4.7,   11.6,   10.4,    7.9,   10.6,   94.1,   97.2,    5.9,    2.8,  100.0,    0.0,    0.0,    0.0,    0.0,    0.0,    0.0,    0.0,    0.0,    0.0,    0.0,    0.0,    0.0,    0.0,    0.0,    0.0,    285,     29,     33,     16,     16,     21,     83,     18,     41,     66,     37,     39,    244,    165,    285,     29,     33,     16,     16,     21,     83,     18,     41,     66,     37,     39,    244,    165,      0,      0,      0,      0,      0,      0,      0,      0,      0,      0,      0,      0,      0,      0,    16.5,    32.1,    26.6,    45.9,    16.3,    31.2,    24.3,    43.1,    16.5,    32.1,    26.6,    45.9,    16.3,    31.2,    24.3,    43.1,     0.0,     0.0,     0.0,     0.0,     0.0,     0.0,     0.0,     0.0,"(CONTRACTS OF 25,000 POUNDS)","085692","CMX ","085 ","N25","FutOnly"
"GOLD - COMMODITY EXCHANGE INC.",260929,2026-09-29,088691,CMX ,01,088 ,  406456,   18200,   39463,   14835,  244539,   25796,  131711,   11393,   36294,  118025,   19711,   12811,  357672,  390007,   48784,   16449,  406456,   18200,   39463,   14835,  244539,   25796,  131711,   11393,   36294,  118025,   19711,   12811,  357672,  390007,   48784,   16449,       0,       0,       0,       0,       0,       0,       0,       0,       0,       0,       0,       0,       0,       0,       0,       0,   -6344,     481,   -5033,     209,   -6213,     683,   -3988,    3083,    3418,    -258,    -108,   -3236,   -2691,   -7406,   -3653,    1062,  100.0,    4.5,    9.7,    3.6,   60.2,    6.3,   32.4,    2.8,    8.9,   29.0,    4.8,    3.2,   88.0,   96.0,   12.0,    4.0,  100.0,    4.5,    9.7,    3.6,   60.2,    6.3,   32.4,    2.8,    8.9,   29.0,    4.8,    3.2,   88.0,   96.0,   12.0,    4.0,  100.0,    0.0,    0.0,    0.0,    0.0,    0.0,    0.0,    0.0,    0.0,    0.0,    0.0,    0.0,    0.0,    0.0,    0.0,    0.0,    286,     16,     14,     19,     24,     22,     80,     17,     39,     82,     36,     24,    234,    142,    286,     16,     14,     19,     24,     22,     80,     17,     39,     82,     36,     24,    234,    142,      0,      0,      0,      0,      0,      0,      0,      0,      0,      0,      0,      0,      0,      0,    21.2,    39.4,    30.6,    58.3,    20.6,    37.6,    28.1,    54.9,    21.2,    39.4,    30.6,    58.3,    20.6,    37.6,    28.1,    54.9,     0.0,     0.0,     0.0,     0.0,     0.0,     0.0,     0.0,     0.0,"(CONTRACTS OF 100 TROY OUNCES)","088691","CMX ","088 ","N20","FutOnly"
"MICRO GOLD - COMMODITY EXCHANGE INC.",260929,2026-09-29,088695,CMX ,01,088 ,  101490,     242,       0,    7791,       0,       0,     234,     816,     249,   42336,   66510,    6280,   57132,   73855,   44358,   27635,  101490,     242,       0,    7791,       0,       0,     234,     816,     249,   42336,   66510,    6280,   57132,   73855,   44358,   27635,       0,       0,       0,       0,       0,       0,       0,       0,       0,       0,       0,       0,       0,       0,       0,       0,    3062,       0,       0,     -17,       0,       0,       0,     241,     249,    1356,    1958,    1127,    2715,    3575,     347,    -513,  100.0,    0.2,    0.0,    7.7,    0.0,    0.0,    0.2,    0.8,    0.2,   41.7,   65.5,    6.2,   56.3,   72.8,   43.7,   27.2,  100.0,    0.2,    0.0,    7.7,    0.0,    0.0,    0.2,    0.8,    0.2,   41.7,   65.5,    6.2,   56.3,   72.8,   43.7,   27.2,  100.0,    0.0,    0.0,    0.0,    0.0,    0.0,    0.0,    0.0,    0.0,    0.0,    0.0,    0.0,    0.0,    0.0,    0.0,    0.0,     56,.,      0,.,      0,      0,.,.,.,     30,     17,     14,     43,     28,     56,.,      0,.,      0,      0,.,.,.,     30,     17,     14,     43,     28,      0,      0,      0,      0,      0,      0,      0,      0,      0,      0,      0,      0,      0,      0,    30.4,    59.8,    37.6,    66.1,    30.1,    58.9,    36.1,    63.5,    30.4,    59.8,    37.6,    66.1,    30.1,    58.9,    36.1,    63.5,     0.0,     0.0,     0.0,     0.0,     0.0,     0.0,     0.0,     0.0,"(CONTRACTS OF 10 TROY OUNCES)","088695","CMX ","088 ","N20","FutOnly"
"GASOLINE RBOB - NEW YORK MERCANTILE EXCHANGE",260929,2026-09-29,111659,NYME,01,111 ,  342854,   82029,  172288,   53392,   41322,   10854,  104795,   10609,   37254,    8491,   37446,   20355,  317170,  330128,   25684,   12726,  342854,   82029,  172288,   53392,   41322,   10854,  104795,   10609,   37254,    8491,   37446,   20355,  317170,  330128,   25684,   12726,       0,       0,       0,       0,       0,       0,       0,       0,       0,       0,       0,       0,       0,       0,       0,       0,  -18245,   -5991,   -8544,    1060,   -2747,   -2374,   -3529,   -1677,    -972,   -1859,     183,   -2751,  -16416,  -18882,   -1829,     637,  100.0,   23.9,   50.3,   15.6,   12.1,    3.2,   30.6,    3.1,   10.9,    2.5,   10.9,    5.9,   92.5,   96.3,    7.5,    3.7,  100.0,   23.9,   50.3,   15.6,   12.1,    3.2,   30.6,    3.1,   10.9,    2.5,   10.9,    5.9,   92.5,   96.3,    7.5,    3.7,  100.0,    0.0,    0.0,    0.0,    0.0,    0.0,    0.0,    0.0,    0.0,    0.0,    0.0,    0.0,    0.0,    0.0,    0.0,    0.0,    226,     56,     73,     16,      8,     16,     67,     12,     40,     22,     19,     22,    190,    164,    226,     56,     73,     16,      8,     16,     67,     12,     40,     22,     19,     22,    190,    164,      0,      0,      0,      0,      0,      0,      0,      0,      0,      0,      0,      0,      0,      0,    13.9,    21.4,    24.6,    34.5,     9.1,    18.7,    16.8,    26.5,    13.9,    21.4,    24.6,    34.5,     9.1,    18.7,    16.8,    26.5,     0.0,     0.0,     0.0,     0.0,     0.0,     0.0,     0.0,     0.0,"(CONTRACTS OF 42,000 U.S. GALLONS)","111659","NYME","111 ","N10","FutOnly"
"GULF COAST CBOB GAS A2 PL RBOB - NEW YORK MERCANTILE EXCHANGE",260929,2026-09-29,111A34,NYME,01,111 ,   23007,   20505,   15807,       0,    3620,       0,    1210,       0,     315,       0,       0,       0,   22030,   19742,     977,    3265,   23007,   20505,   15807,       0,    3620,       0,    1210,       0,     315,       0,       0,       0,   22030,   19742,     977,    3265,       0,       0,       0,       0,       0,       0,       0,       0,       0,       0,       0,       0,       0,       0,       0,       0,      12,      30,    -138,       0,       0,       0,     -50,       0,      50,       0,       0,       0,      30,     -88,     -18,     100,  100.0,   89.1,   68.7,    0.0,   15.7,    0.0,    5.3,    0.0,    1.4,    0.0,    0.0,    0.0,   95.8,   85.8,    4.2,   14.2,  100.0,   89.1,   68.7,    0.0,   15.7,    0.0,    5.3,    0.0,    1.4,    0.0,    0.0,    0.0,   95.8,   85.8,    4.2,   14.2,  100.0,    0.0,    0.0,    0.0,    0.0,    0.0,    0.0,    0.0,    0.0,    0.0,    0.0,    0.0,    0.0,    0.0,    0.0,    0.0,     27,     19,     20,      0,.,      0,.,      0,.,      0,      0,      0,     21,     22,     27,     19,     20,      0,.,      0,.,      0,.,      0,      0,      0,     21,     22,      0,      0,      0,      0,      0,      0,      0,      0,      0,      0,      0,      0,      0,      0,    41.2,    45.0,    68.0,    63.1,    32.8,    36.4,    47.7,    45.2,    41.2,    45.0,    68.0,    63.1,    32.8,    36.4,    47.7,    45.2,     0.0,     0.0,     0.0,     0.0,     0.0,     0.0,     0.0,     0.0,"(CONTRACTS OF 42,000 GALLONS)","111A34","NYME","111 ","N10","FutOnly"
"CANOLA - ICE FUTURES U.S.",260929,2026-09-29,135731,ICUS,01,135 ,  345602,  132014,  215264,    6140,   20217,    3171,  135118,   23032,   27769,   19152,   33177,   19367,  342731,  341997,    2871,    3605,  338282,  125933,  213227,    6140,   16046,    3171,  134991,   23638,   27158,   19171,   32615,   18874,  335438,  334729,    2844,    3553,    7320,    6081,    2037,       0,    4171,       0,     738,       5,       0,     460,    1041,      14,    7293,    7268,      27,      52,  -20895,  -17908,  -29488,    -725,   -1709,     119,   -6062,    1095,    2543,   -1387,    3635,    1720,  -21700,  -22085,     805,    1190,  100.0,   38.2,   62.3,    1.8,    5.8,    0.9,   39.1,    6.7,    8.0,    5.5,    9.6,    5.6,   99.2,   99.0,    0.8,    1.0,  100.0,   37.2,   63.0,    1.8,    4.7,    0.9,   39.9,    7.0,    8.0,    5.7,    9.6,    5.6,   99.2,   98.9,    0.8,    1.1,  100.0,   83.1,   27.8,    0.0,   57.0,    0.0,   10.1,    0.1,    0.0,    6.3,   14.2,    0.2,   99.6,   99.3,    0.4,    0.7,    357,     36,     76,      5,     11,      6,     77,     26,     23,     52,     89,     36,    207,    239,    353,     34,     75,      5,     11,      6,     76,     27,     23,     53,     91,     32,    201,    235,     54,     10,     12,      0,.,      0,      4,.,      0,     12,     12,.,     26,     30,    28.0,    37.4,    42.4,    49.7,    23.3,    32.4,    35.7,    43.1,    28.1,    38.2,    42.8,    49.5,    23.5,    33.4,    36.2,    43.7,    79.7,    78.3,    91.7,    90.4,    79.7,    78.3,    91.7,    90.4,"(20 Metric Tonnes)","135731","ICUS","135 ","A30","FutOnly"
"COBALT - COMMODITY EXCHANGE INC.",260929,2026-09-29,188691,CMX ,01,188 ,   15920,    2863,    4766,    4524,    2152,     274,    2242,    2507,    2955,    2409,    2243,     199,   15466,   15096,     454,     824,   15920,    2863,    4766,    4524,    2152,     274,    2242,    2507,    2955,    2409,    2243,     199,   15466,   15096,     454,     824,       0,       0,       0,       0,       0,       0,       0,       0,       0,       0,       0,       0,       0,       0,       0,       0,     516,     335,     297,      30,     -25,      10,     -80,       0,      51,     125,      44,       0,     471,     377,      45,     139,  100.0,   18.0,   29.9,   28.4,   13.5,    1.7,   14.1,   15.7,   18.6,   15.1,   14.1,    1.3,   97.1,   94.8,    2.9,    5.2,  100.0,   18.0,   29.9,   28.4,   13.5,    1.7,   14.1,   15.7,   18.6,   15.1,   14.1,    1.3,   97.1,   94.8,    2.9,    5.2,  100.0,    0.0,    0.0,    0.0,    0.0,    0.0,    0.0,    0.0,    0.0,    0.0,    0.0,    0.0,    0.0,    0.0,    0.0,    0.0,     40,     10,     13,      5,.,      6,      4,      6,      7,.,      5,.,     31,     34,     40,     10,     13,      5,.,      6,      4,      6,      7,.,      5,.,     31,     34,      0,      0,      0,      0,      0,      0,      0,      0,      0,      0,      0,      0,      0,      0,    40.2,    45.3,    69.1,    69.8,    37.2,    39.9,    58.5,    57.2,    40.2,    45.3,    69.1,    69.8,    37.2,    39.9,    58.5,    57.2,     0.0,     0.0,     0.0,     0.0,     0.0,     0.0,     0.0,     0.0,"2,204.62 pounds (1 Metric Ton)","188691","CMX ","188 ","N25","FutOnly"
"LITHIUM HYDROXIDE  - COMMODITY EXCHANGE INC.",260929,2026-09-29,189691,CMX ,01,189 ,   20993,    1399,    3756,   12929,    4181,     252,    2747,    1065,     507,     388,    8337,    2404,   20626,   20502,     367,     491,   20993,    1399,    3756,   12929,    4181,     252,    2747,    1065,     507,     388,    8337,    2404,   20626,   20502,     367,     491,       0,       0,       0,       0,       0,       0,       0,       0,       0,       0,       0,       0,       0,       0,       0,       0,    1806,     370,     205,     954,     975,     -86,     180,     -89,     188,      45,     464,      80,    1731,    1737,      75,      69,  100.0,    6.7,   17.9,   61.6,   19.9,    1.2,   13.1,    5.1,    2.4,    1.8,   39.7,   11.5,   98.3,   97.7,    1.7,    2.3,  100.0,    6.7,   17.9,   61.6,   19.9,    1.2,   13.1,    5.1,    2.4,    1.8,   39.7,   11.5,   98.3,   97.7,    1.7,    2.3,  100.0,    0.0,    0.0,    0.0,    0.0,    0.0,    0.0,    0.0,    0.0,    0.0,    0.0,    0.0,    0.0,    0.0,    0.0,    0.0,     40,      5,      5,      8,.,      4,      4,      6,      5,.,     14,      6,     27,     33,     40,      5,      5,      8,.,      4,      4,      6,      5,.,     14,      6,     27,     33,      0,      0,      0,      0,      0,      0,      0,      0,      0,      0,      0,      0,      0,      0,    56.8,    53.3,    77.9,    71.1,    55.5,    47.9,    72.5,    63.2,    56.8,    53.3,    77.9,    71.1,    55.5,    47.9,    72.5,    63.2,     0.0,     0.0,     0.0,     0.0,     0.0,     0.0,     0.0,     0.0,"(1000) Kilograms","189691","CMX ","189 ","N25","FutOnly"
"ALUMINUM MWP - COMMODITY EXCHANGE INC.",260929,2026-09-29,191693,CMX ,01,191 ,   31455,    8191,   21847,   17919,    3027,    1222,      85,     128,     190,    2950,    3766,     727,   31284,   30907,     171,     548,   31455,    8191,   21847,   17919,    3027,    1222,      85,     128,     190,    2950,    3766,     727,   31284,   30907,     171,     548,       0,       0,       0,       0,       0,       0,       0,       0,       0,       0,       0,       0,       0,       0,       0,       0,     775,     233,     482,     481,     -88,      72,      50,     -50,     -49,      35,     205,     -64,     758,     508,      17,     267,  100.0,   26.0,   69.5,   57.0,    9.6,    3.9,    0.3,    0.4,    0.6,    9.4,   12.0,    2.3,   99.5,   98.3,    0.5,    1.7,  100.0,   26.0,   69.5,   57.0,    9.6,    3.9,    0.3,    0.4,    0.6,    9.4,   12.0,    2.3,   99.5,   98.3,    0.5,    1.7,  100.0,    0.0,    0.0,    0.0,    0.0,    0.0,    0.0,    0.0,    0.0,    0.0,    0.0,    0.0,    0.0,    0.0,    0.0,    0.0,     60,     11,     23,     12,      4,      9,.,.,.,.,     13,      6,     35,     52,     60,     11,     23,     12,      4,      9,.,.,.,.,     13,      6,     35,     52,      0,      0,      0,      0,      0,      0,      0,      0,      0,      0,      0,      0,      0,      0,    46.1,    49.6,    70.1,    69.7,    45.8,    49.1,    69.9,    68.5,    46.1,    49.6,    70.1,    69.7,    45.8,    49.1,    69.9,    68.5,     0.0,     0.0,     0.0,     0.0,     0.0,     0.0,     0.0,     0.0,"(55,116 US Pounds-25 MT)","191693","CMX ","191 ","N25","FutOnly"
"ALUMINIUM EURO PREM DUTY-PAID - COMMODITY EXCHANGE INC.",260929,2026-09-29,191696,CMX ,01,191 ,   14713,    3970,    8689,    7282,    1807,     411,       0,     826,     124,    2740,    2796,       0,   14527,   14653,     186,      60,   14713,    3970,    8689,    7282,    1807,     411,       0,     826,     124,    2740,    2796,       0,   14527,   14653,     186,      60,       0,       0,       0,       0,       0,       0,       0,       0,       0,       0,       0,       0,       0,       0,       0,       0,    1161,     329,     846,     335,    -138,     102,       0,    -135,       0,     375,     486,       0,    1141,    1161,      20,       0,  100.0,   27.0,   59.1,   49.5,   12.3,    2.8,    0.0,    5.6,    0.8,   18.6,   19.0,    0.0,   98.7,   99.6,    1.3,    0.4,  100.0,   27.0,   59.1,   49.5,   12.3,    2.8,    0.0,    5.6,    0.8,   18.6,   19.0,    0.0,   98.7,   99.6,    1.3,    0.4,  100.0,    0.0,    0.0,    0.0,    0.0,    0.0,    0.0,    0.0,    0.0,    0.0,    0.0,    0.0,    0.0,    0.0,    0.0,    0.0,     31,     10,     11,      5,      5,.,      0,.,.,      5,.,      0,     23,     19,     31,     10,     11,      5,      5,.,      0,.,.,      5,.,      0,     23,     19,      0,      0,      0,      0,      0,      0,      0,      0,      0,      0,      0,      0,      0,      0,    54.9,    51.2,    78.7,    73.7,    54.9,    50.2,    72.9,    70.0,    54.9,    51.2,    78.7,    73.7,    54.9,    50.2,    72.9,    70.0,     0.0,     0.0,     0.0,     0.0,     0.0,     0.0,     0.0,     0.0,"(25 METRIC TONS)","191696","CMX ","191 ","N25","FutOnly"
"STEEL-HRC - COMMODITY EXCHANGE INC.",260929,2026-09-29,192651,CMX ,01,192 ,   42389,   12216,   37586,   15863,      50,     728,    8937,    1359,     204,    2728,    1078,    1255,   41931,   42260,     458,     129,   42389,   12216,   37586,   15863,      50,     728,    8937,    1359,     204,    2728,    1078,    1255,   41931,   42260,     458,     129,       0,       0,       0,       0,       0,       0,       0,       0,       0,       0,       0,       0,       0,       0,       0,       0,    -418,     333,     287,     -60,       0,    -150,      96,    -101,    -289,     334,      10,    -100,     164,    -343,    -582,     -75,  100.0,   28.8,   88.7,   37.4,    0.1,    1.7,   21.1,    3.2,    0.5,    6.4,    2.5,    3.0,   98.9,   99.7,    1.1,    0.3,  100.0,   28.8,   88.7,   37.4,    0.1,    1.7,   21.1,    3.2,    0.5,    6.4,    2.5,    3.0,   98.9,   99.7,    1.1,    0.3,  100.0,    0.0,    0.0,    0.0,    0.0,    0.0,    0.0,    0.0,    0.0,    0.0,    0.0,    0.0,    0.0,    0.0,    0.0,    0.0,     75,     24,     16,      7,.,.,     17,.,      4,     13,      7,      8,     67,     35,     75,     24,     16,      7,.,.,     17,.,      4,     13,      7,      8,     67,     35,      0,      0,      0,      0,      0,      0,      0,      0,      0,      0,      0,      0,      0,      0,    40.5,    77.9,    62.9,    86.5,    39.2,    76.3,    61.1,    81.5,    40.5,    77.9,    62.9,    86.5,    39.2,    76.3,    61.1,    81.5,     0.0,     0.0,     0.0,     0.0,     0.0,     0.0,     0.0,     0.0,"(CONTRACTS OF 20 SHORT TONS)","192651","CMX ","192 ","N25","FutOnly"
"NORTH EURO HOT-ROLL COIL STEEL - COMMODITY EXCHANGE INC.",260929,2026-09-29,192691,CMX ,01,192 ,   10396,    5949,    8282,    1195,     175,     400,     585,       0,     731,    1350,     710,      39,   10249,   10337,     147,      59,   10396,    5949,    8282,    1195,     175,     400,     585,       0,     731,    1350,     710,      39,   10249,   10337,     147,      59,       0,       0,       0,       0,       0,       0,       0,       0,       0,       0,       0,       0,       0,       0,       0,       0,     266,      99,       4,      61,       0,       0,    -313,       0,     426,     164,      10,     -11,     426,     429,    -160,    -163,  100.0,   57.2,   79.7,   11.5,    1.7,    3.8,    5.6,    0.0,    7.0,   13.0,    6.8,    0.4,   98.6,   99.4,    1.4,    0.6,  100.0,   57.2,   79.7,   11.5,    1.7,    3.8,    5.6,    0.0,    7.0,   13.0,    6.8,    0.4,   98.6,   99.4,    1.4,    0.6,  100.0,    0.0,    0.0,    0.0,    0.0,    0.0,    0.0,    0.0,    0.0,    0.0,    0.0,    0.0,    0.0,    0.0,    0.0,    0.0,     26,      9,      5,      4,.,.,.,      0,.,      5,.,.,     23,      9,     26,      9,      5,      4,.,.,.,      0,.,      5,.,.,     23,      9,      0,      0,      0,      0,      0,      0,      0,      0,      0,      0,      0,      0,      0,      0,    64.0,    89.6,    82.1,    99.0,    57.3,    82.4,    71.3,    82.9,    64.0,    89.6,    82.1,    99.0,    57.3,    82.4,    71.3,    82.9,     0.0,     0.0,     0.0,     0.0,     0.0,     0.0,     0.0,     0.0,"(20 Metric Tons)","192691","CMX ","192 ","N25","FutOnly"
"UREA (GRANULAR) FOB US GULF - CHICAGO BOARD OF TRADE",260929,2026-09-29,251607,CBT ,00,251 ,    1981,    1140,     985,     130,     196,      60,       0,       0,       0,     200,     343,     254,    1784,    1838,     197,     143,    1981,    1140,     985,     130,     196,      60,       0,       0,       0,     200,     343,     254,    1784,    1838,     197,     143,       0,       0,       0,       0,       0,       0,       0,       0,       0,       0,       0,       0,       0,       0,       0,       0,.,.,.,.,.,.,.,.,.,.,.,.,.,.,.,.,  100.0,   57.5,   49.7,    6.6,    9.9,    3.0,    0.0,    0.0,    0.0,   10.1,   17.3,   12.8,   90.1,   92.8,    9.9,    7.2,  100.0,   57.5,   49.7,    6.6,    9.9,    3.0,    0.0,    0.0,    0.0,   10.1,   17.3,   12.8,   90.1,   92.8,    9.9,    7.2,  100.0,    0.0,    0.0,    0.0,    0.0,    0.0,    0.0,    0.0,    0.0,    0.0,    0.0,    0.0,    0.0,    0.0,    0.0,    0.0,     20,      9,      7,.,.,.,      0,      0,      0,.,      5,      5,     19,     14,     20,      9,      7,.,.,.,      0,      0,      0,.,      5,      5,     19,     14,      0,      0,      0,      0,      0,      0,      0,      0,      0,      0,      0,      0,      0,      0,    56.8,    53.0,    75.5,    76.7,    53.5,    44.0,    64.7,    60.3,    56.8,    53.0,    75.5,    76.7,    53.5,    44.0,    64.7,    60.3,     0.0,     0.0,     0.0,     0.0,     0.0,     0.0,     0.0,     0.0,"(CONTRACTS OF 100 METRIC TONS)","251607","CBT ","251 ","A70","FutOnly"
"PGP PROPYLENE (PCW) CAL - NEW YORK MERCANTILE EXCHANGE",260929,2026-09-29,406651,NYME,01,406 ,    8611,    1575,    1116,    2837,      79,      71,     613,       0,       0,    1909,    5841,    1474,    8479,    8581,     132,      30,    8611,    1575,    1116,    2837,      79,      71,     613,       0,       0,    1909,    5841,    1474,    8479,    8581,     132,      30,       0,       0,       0,       0,       0,       0,       0,       0,       0,       0,       0,       0,       0,       0,       0,       0,     117,       0,     117,      60,       0,       0,       0,       0,       0,      57,       0,       0,     117,     117,       0,       0,  100.0,   18.3,   13.0,   32.9,    0.9,    0.8,    7.1,    0.0,    0.0,   22.2,   67.8,   17.1,   98.5,   99.7,    1.5,    0.3,  100.0,   18.3,   13.0,   32.9,    0.9,    0.8,    7.1,    0.0,    0.0,   22.2,   67.8,   17.1,   98.5,   99.7,    1.5,    0.3,  100.0,    0.0,    0.0,    0.0,    0.0,    0.0,    0.0,    0.0,    0.0,    0.0,    0.0,    0.0,    0.0,    0.0,    0.0,    0.0,     24,      6,      7,.,.,.,.,      0,      0,      5,      6,      8,     21,     17,     24,      6,      7,.,.,.,.,      0,      0,      5,      6,      8,     21,     17,      0,      0,      0,      0,      0,      0,      0,      0,      0,      0,      0,      0,      0,      0,    53.7,    81.5,    76.3,    92.5,    51.2,    73.9,    68.2,    76.6,    53.7,    81.5,    76.3,    92.5,    51.2,    73.9,    68.2,    76.6,     0.0,     0.0,     0.0,     0.0,     0.0,     0.0,     0.0,     0.0,"(CONTRACTS OF 100,000 POUNDS)","406651","NYME","406 ","N40","FutOnly"
"GULF JET NY HEAT OIL SPR - NEW YORK MERCANTILE EXCHANGE",260929,2026-09-29,86465A,NYME,01,864 ,   12379,    8899,   12236,    3014,       0,     143,       0,       0,       0,      50,       0,       0,   12106,   12379,     273,       0,   12379,    8899,   12236,    3014,       0,     143,       0,       0,       0,      50,       0,       0,   12106,   12379,     273,       0,       0,       0,       0,       0,       0,       0,       0,       0,       0,       0,       0,       0,       0,       0,       0,       0,     608,     268,     608,     340,       0,       0,       0,       0,       0,       0,       0,       0,     608,     608,       0,       0,  100.0,   71.9,   98.8,   24.3,    0.0,    1.2,    0.0,    0.0,    0.0,    0.4,    0.0,    0.0,   97.8,  100.0,    2.2,    0.0,  100.0,   71.9,   98.8,   24.3,    0.0,    1.2,    0.0,    0.0,    0.0,    0.4,    0.0,    0.0,   97.8,  100.0,    2.2,    0.0,  100.0,    0.0,    0.0,    0.0,    0.0,    0.0,    0.0,    0.0,    0.0,    0.0,    0.0,    0.0,    0.0,    0.0,    0.0,    0.0,     35,     21,     22,      6,      0,.,      0,      0,      0,.,      0,      0,     28,     24,     35,     21,     22,      6,      0,.,      0,      0,      0,.,      0,      0,     28,     24,      0,      0,      0,      0,      0,      0,      0,      0,      0,      0,      0,      0,      0,      0,    42.5,    64.5,    66.8,    82.1,    33.1,    47.5,    46.1,    58.0,    42.5,    64.5,    66.8,    82.1,    33.1,    47.5,    46.1,    58.0,     0.0,     0.0,     0.0,     0.0,     0.0,     0.0,     0.0,     0.0,"(CONTRACTS OF 42,000 GALLONS)","86465A","NYME","864 ","N10","FutOnly"
"GULF # 6 FUEL OIL CRACK - NEW YORK MERCANTILE EXCHANGE",260929,2026-09-29,86565A,NYME,01,865 ,   10785,    4140,    7769,    1870,       0,     915,     385,     100,     660,    2140,     666,     675,   10785,   10785,       0,       0,   10785,    4140,    7769,    1870,       0,     915,     385,     100,     660,    2140,     666,     675,   10785,   10785,       0,       0,       0,       0,       0,       0,       0,       0,       0,       0,       0,       0,       0,       0,       0,       0,       0,       0,     127,    -195,     591,       0,       0,     -95,      25,     -50,     -25,     750,      39,    -333,     127,     127,       0,       0,  100.0,   38.4,   72.0,   17.3,    0.0,    8.5,    3.6,    0.9,    6.1,   19.8,    6.2,    6.3,  100.0,  100.0,    0.0,    0.0,  100.0,   38.4,   72.0,   17.3,    0.0,    8.5,    3.6,    0.9,    6.1,   19.8,    6.2,    6.3,  100.0,  100.0,    0.0,    0.0,  100.0,    0.0,    0.0,    0.0,    0.0,    0.0,    0.0,    0.0,    0.0,    0.0,    0.0,    0.0,    0.0,    0.0,    0.0,    0.0,     32,     15,     12,      4,      0,.,.,.,.,.,      4,      6,     28,     22,     32,     15,     12,      4,      0,.,.,.,.,.,      4,      6,     28,     22,      0,      0,      0,      0,      0,      0,      0,      0,      0,      0,      0,      0,      0,      0,    57.2,    49.5,    80.9,    72.2,    41.4,    42.7,    54.7,    56.3,    57.2,    49.5,    80.9,    72.2,    41.4,    42.7,    54.7,    56.3,     0.0,     0.0,     0.0,     0.0,     0.0,     0.0,     0.0,     0.0,"(CONTRACTS OF 1,000 BARRELS)","86565A","NYME","865 ","N10","FutOnly"
